sep=,
ID,Text,Translation,VoiceActor,Context
150305559142,500 7.62x54 LPS cartridges,,,ModItemBanterDef Stall_762x54LPS_500 Text
625711628464,50 9x18 cartridges,,,ModItemBanterDef Stall_9x18 Text
851058546860,Handful of 7.62x39 cartridges,,,ModItemBanterDef Stall_Random_762WPrandom_Parts Text
328039583231,Handful of 12 gauge cartridges,,,ModItemBanterDef Stall_Random_12Gauge Text
803201721899,Type 56 with bayonet,,,ModItemBanterDef Stall_Type56_2k Text
886718945352,Stechkin Automatic Pistol,,,ModItemBanterDef Stall_APS_Tiny_Diamond Text
968254389377,7.62x25mm cartridges,,,ModItemBanterDef Stall_Barter_762x25_Knife Text
619128627841,7.62x39 PS cartridges (Army),,,ModItemBanterDef Stall_Barter_762x39PS Text
620219516865,Landsbach,,,
442516764606,Drachenberg Mine,,,
323466597390,"Diesel Clinic",,,
854571918784,Metro Station A,,,
308950187945,Camp on the hill,,,
425893484624,Military outpost - Mountain,,,
351600997529,Mountains,,,
851646053486,Mountains,,,
495513640483,Diamond Red,,,
111536912824,Eagle's Nest,,,
263718848685,Nowhere,,,
468290459033,Cave in the savanna,,,
535901703196,Wastelands,,,
982737667772,Mountains,,,
826339210077,Clifftop,,,
620660665480,Crossroads of Dead Beasts,,,
760941588357,Wastelands,,,
641955441671,Wastelands,,,
468361198430,Old gas station,,,
849469414167,Mountains,,,
278429472343,Pit stop,,,
105841267978,Savanna coast,,,
776271330418,Gull Island,,,
743091327405,Sturmwasser Island,,,
685901275490,Rift,,,
861144476559,Sturmwasser Canyon,,,
367207549789,Freebie Seeker's Cave,,,
299254523561,Stone steps,,,
282257107633,Oasis,,,
929083374712,Cam Grand Prix,,,
722143668182,Mountains,,,
510202168289,Mountains,,,
870033354295,Mountains,,,
816330931329,Fosse-Noire,,,
394862111109,Savanna,,,
563315434102,Poachers' camp,,,
547505775524,Savanna,,,
851181592647,Savanna,,,
722597607076,Wherewherewhere,,,
160548808448,Hut in the forest,,,
362300472642,Riverbank in the savanna,,,
797984509022,Center of Pantagruel,,,
580447225647,Pantagruel slums,,,
149503142162,Pantagruel outskirts,,,
958129071008,Savanna,,,
535826827958,Savanna,,,
561867464607,Cam-Savanna,,,
869149352694,Savanna,,,
179638259190,Brokenhill Cemetery,,,
588901431087,Île-Mora,,,
663273681789,Swamps,,,
542953130301,Riverbank in the jungle,,,
256134986000,Cursed forest,,,
464798113837,Hyenas' hideout,,,
514212765118,Cursed forest,,,
421444477169,Jungle shore,,,
697092134355,Riverbank in the jungle,,,
954736904055,Refugee camp,,,
750412214505,Savanna,,,
755793762628,Savanna,,,
746831907861,Savanna coast,,,
544596907986,Marshes,,,
251099843489,El Mora,,,
794687208333,Chalet de la Paix,,,
433703198777,Cursed forest,,,
612776379237,Cam-Chien-Sauvage,,,
278065061283,Riverbank in the jungle,,,
493913960829,Great forest,,,
884980086575,Savanna,,,
300355091122,Savanna,,,
541857328963,Savanna,,,
242442320813,La Palisade,,,
191576416065,Côte d'Azur,,,
260390996640,Gloomy village,,,
402575772484,Wassergrab deposit,,,
441551571400,Bianc-Chien Island,,,
297761234111,Marshes,,,
130230429232,Riverbank in the jungle,,,
651098705600,Great forest,,,
272495633070,Metro Station B,,,
932397913085,Old fortifications,,,
798900424828,Bunker,,,
614227246678,Riverbank,,,
647441593762,Fleetown flea market,,,
473242751429,Fleetown district La-Boué,,,
584766347441,Burial grounds,,,
404334134277,Jungle,,,
182607269744,Mfumu Mine,,,
705677396519,Savanna,,,
741191269749,Crossroads,,,
221818809422,Savanna,,,
504394602813,Savanna coast,,,
299323377959,Archaeological dig,,,
788677023307,Muddywater Bridge,,,
317461696416,Great forest,,,
458949895555,Great forest,,,
460717026135,Underground laboratory,,,
280630965085,Great forest,,,
665104084642,Secret tunnel,,,
626691460597,Marshy shore,,,
303504379957,Great forest,,,
524504567636,Road bridge,,,
761775516206,Abandoned mansion,,,
978845165648,Mansion basement,,,
234271709521,Jungle,,,
642649418249,Savanna,,,
812039020425,Savanna coast,,,
844521108189,Fort Lo-Bleu,,,
386088113625,Army bunker,,,
549697085851,Bunker FB45-68,,,
141041612699,Tin can,,,
173542934345,Ernie Village,,,
608872900457,Road to the lighthouse,,,
701345923840,Road to the lighthouse,,,
909162954508,Lighthouse infirmary,,,
293068634640,Camp of Hope,,,
613098814399,Marshes,,,
816855262914,Metro Station C,,,
798506381727,Riverbank in the jungle,,,
641120547141,Minefield,,,
425685949746,Marshes,,,
958825928490,Swamp bogs,,,
240546278957,Lands of the Dead,,,
904326907181,Riverbank in the jungle,,,
737138748415,Great forest,,,
697926662034,Riverbank in the savanna,,,
279103202332,Underground laboratory,,,
683335127705,Rimville,,,
997744145858,Treasure hunters' settlement,,,
504402203656,Savanna coast,,,
149201225676,Emerald Coast,,,
679436731928,Smugglers' outpost,,,
336479618775,Ernie Farms,,,
348743958741,Road to Ernie,,,
555133792190,Wild place,,,
463695279475,Twin estates,,,
575031690071,Filer,,,
954201546673,Sanatorium basement,,,
254047887407,Sanatorium,,,

933477819234,Time to leave the perimeter,,,
316148597610,Riverbank,,,
234932279754,Bianc-Chien Island,,,
549994988586,Bianc-Chien Island,,,
837364987352,Cam-Bianc-Chien,,,
881042435123,Factory ruins,,,
801967378182,Jungle shore,,,
124799308713,Abandoned rocky shore,,,
484479696515,Smugglers' reserve camp,,,
828240037474,Legion field camp,,,
185948484340,Flag Hill,,,
839602336017,Legion field camp,,,
849503984001,Farms,,,
368904407254,No location,,,
210475281605,Bandit fort,,,
995951843740,Underground Tunnel,,,
739270215925,Great forest,,,
721531935723,Metro Station D,,,
209909493905,Cam-La-Barrière,,,
308732960633,Faceless,,,
896730749332,"Fort ""Central""",,,
672915928785,Fishing village,,,
767934028449,Abandoned bunker entrance,,,
362916261613,Partisan bunker,,,
760738486642,Legion Field Camp,,,
193876396815,Legion field camp,,,
890190423953,Legion field camp,,,
733530482848,Impassable terrain,,,
380204237490,Partisan base on Ernie Island,,,
540072216084,Farms,,,
283125335704,Farms,,,
553366291840,Great forest,,,
913920875470,Great forest,,,
649552238374,Old port,,,
912355717873,Coastline,,,
444373326278,Lookout point,,,
962183556645,Waterfall,,,
691002711206,Rocky shore,,,
671411170358,LZ,,,
733323401700,Farms,,,
522760622153,Farms,,,
164902617534,Somewhere there,,,
693132416723,Farm,,,
108512072925,Farms,,,
564176759847,Farms,,,
204825610373,Old cemetery,,,
603757752539,Wetlands,,,
451163287007,Port-Cacao Docks,,,
708524428129,Port-Cacao,,,
549508021001,Cacao district fortification,,,
465814356471,Filer,,,
429313128588,Filer,,,
218370018046,Great forest,,,
704031123646,Filer,,,
816624650190,Old Diamond,,,
890849254213,Have you seen Sector O15? same thing,,,
147018837237,Dump,,,
308781253074,Cacao suburbs,,,
685863743391,Military base SOUTH,,,
294371204656,Abandoned airfield,,,
250419918305,Camp de Crocodile,,,
940784784728,WhereWhereEverywhere,,,
357935931244,Forest,,,
813545991003,Underground laboratory,,,
305225889431,Great forest,,,
788666771457,Riverbank in the jungle,,,
958946630257,"Good place",,,
100373069792,"Good place" (dungeon),,,
888882045986,Exit the Area,,,
845823474288,<DisplayName>,,,ModItemXTemplate SatelliteConflictSquadsAndEnemies RolloverText
229449529062,<color 61 122 153>,,,ModItemXTemplate SatelliteConflictSquadsAndMercs Text
900985004543,<DisplayName>,,,ModItemXTemplate SatelliteConflictSquadsAndMercs RolloverText
214056593531,Morale,,,ModItemXTemplate SquadsAndMercs_old RolloverTitle
405072605817,Morale,,,ModItemXTemplate SquadsAndMercs_old RolloverTitle
965623560296,placeholder,,,ModItemXTemplate SquadsAndMercs_old RolloverText
299219879155,Bandaging in progress.,,,ModItemXTemplate SquadsAndMercs_old RolloverText
304252861693,<Description>,,,
733545694003,<DisplayName>,,,
346949314253,Deployment not complete,,,ModItemXTemplate SquadsAndMercs_old RolloverText
224986453949,SQUAD MANAGEMENT,,,ModItemXTemplate PDASquadManagement Text
952760179338,<placeholder>,,,
122343863763,NEW SQUAD,,,ModItemXTemplate PDASquadManagement Text
259468933010, ,,,ModItemXTemplate PDASquadManagement Text
178664289716,DRAG MERCENARY,,,ModItemXTemplate PDASquadManagement Text
483378573996,<style AimCopyrightTextC>©</style> A.I.M. 2001,,,ModItemXTemplate PDASquadManagement Text
454997674460,View,,,ModItemXTemplate PDASquadManagement ActionName
544583683405,Close,,,ModItemXTemplate PDASquadManagement ActionName
540628623881,"<em>My father</em> was a fool, but he was my father. He died because of you, foreigners, and now I hate you even more. You bring pain and destruction wherever you go! Enough. <em>The Legion</em> will crush you like lice - you and everyone who cooperates with you!",,Pierre,ModItemConversation Pierre_1 Text section:Pierre_1 keyword:Greeting3
244461347527,"I don't see our flag on <em>Flag Hill</em>. Then again, you weren't planning to raise it there, were you? You just wanted to make a fool of me. You think I'm a fool, don't you?",,Pierre,ModItemConversation Pierre_1 Text section:Pierre_1 keyword:Greeting4
655186393434,"I see our flag is raised on <em>Flag Hill</em>. I almost want to let you in - just to see what you'll do. But I know you're not Legion recruits. You tried to fool me! You think I'm a fool, don't you?",,Pierre,ModItemConversation Pierre_1 Text section:Pierre_1 keyword:Greeting7
742235156980,RedirectFlag,,,ModItemConversation Pierre_1 KeywordT
556648424716,Yes,,,ModItemConversation Pierre_1 KeywordT
839081096190,"The only fool here is the one who lies to himself about what a blessed and magnificent soul he has. You wouldn't happen to know who that might be, would you?",,Thor,ModItemConversation Pierre_1 Text section:Pierre_1 keyword:Yes
307998988209,I don't know. You're the one terrorizing your own village and killing neighbors... you tell me.,,Raven,ModItemConversation Pierre_1 Text section:Pierre_1 keyword:Yes
875451970681,"I sense a trick question, but I'll risk answering 'yes'.",,Barry,ModItemConversation Pierre_1 Text section:Pierre_1 keyword:Yes
662560113846,"That's right, I'm no fool. Foreign mercenaries are barred from the Legion. I won't let you in. Prepare to die!",,Pierre,ModItemConversation Pierre_1 Text section:Pierre_1 keyword:Yes
144212800631,"Of course not. We're just exploring the option space.",,Buns,ModItemConversation Pierre_1 Text section:Pierre_1 keyword:No
628460176862,"Calm down, sir. We're just sounding things out.",,Raider,ModItemConversation Pierre_1 Text section:Pierre_1 keyword:No
310688238588,"God forbid, young man!",,Sidney,ModItemConversation Pierre_1 Text section:Pierre_1 keyword:No
650531923318,"Oh really? You'll tell me you were just strolling around and enjoying the view?",,Pierre,ModItemConversation Pierre_1 Text section:Pierre_1 keyword:No
430002284053,No,,,ModItemConversation Pierre_1 KeywordT
927795438681,Pierre respects you a little less,,,ModItemConversation Pierre_1 PhraseConditionRolloverText
487871387258,"I can't say you're a fool, but I can say you're definitely wound up.",,Grunty,ModItemConversation Pierre_1 Text section:Pierre_1 keyword:No
257615784595,"Babusya always said: either speak well of people, or not at all. So... uh... there you go...",,Kalyna,ModItemConversation Pierre_1 Text section:Pierre_1 keyword:No
855718746402,What's wrong? Lost your sense of humor?,,Grizzly,ModItemConversation Pierre_1 Text section:Pierre_1 keyword:No
104759547084,"So that means YOU are the fools! And you always were! And I'm a Legion soldier, and this is no game to me.",,Pierre,ModItemConversation Pierre_1 Text section:Pierre_1 keyword:No
326258162507,We had to try,,,ModItemConversation Pierre_1 KeywordT
115433413866,Pierre respects you a little more,,,ModItemConversation Pierre_1 PhraseConditionRolloverText
398301950977,"I thought the con might work, but I guess we should've lied more.",,Livewire,ModItemConversation Pierre_1 Text section:Pierre_1 keyword:We had to try
921366285292,"Well, at least the girl tried.",,Fox,ModItemConversation Pierre_1 Text section:Pierre_1 keyword:We had to try
457690966404,"It was worth it. As they say, trying isn't a crime.",,Magic,ModItemConversation Pierre_1 Text section:Pierre_1 keyword:We had to try
426702400312,"So <em>presidential money</em> only stretched to you? Ha! And you've got the nerve to come to me, to my fortress? Well, you've got guts, can't take that away.",,Pierre,ModItemConversation Pierre_1 Text section:Pierre_1 keyword:Greeting10
740040046583,"This is your fortress, man? Looks more like a dump to me.",,Vicki,ModItemConversation Pierre_1 Text section:Pierre_1 keyword:Greeting10
409010208973,"Guts, guns, ammo, explosives... we've got plenty.",,Wolf,ModItemConversation Pierre_1 Text section:Pierre_1 keyword:Greeting10
505682863026,I also got muscles. Lots of muscles!,,Steroid,ModItemConversation Pierre_1 Text section:Pierre_1 keyword:Greeting10
755168160891,RedirectMajor,,,ModItemConversation Pierre_1 KeywordT
250462096604,"I want to kill you right here, but I'll spare you this once. Why isn't your business. Run while your legs still work, and never come back.",,Pierre,ModItemConversation Pierre_1 Text section:Pierre_1 keyword:RedirectMajor
960399101663,"So you're the mercenaries <em>Bastien</em> was yelling about. You don't look nearly as tough as he made you sound. Then again, we all know he's a coward and a fool. Unlike me.",,Pierre,ModItemConversation Pierre_1 Text section:Pierre_1 keyword:Greeting8
249046682190,"Looking tough isn't required. Looking good is, and you should probably work on yourself a bit.",,Fox,ModItemConversation Pierre_1 Text section:Pierre_1 keyword:Greeting8
722714431739,"Forgive us if we don't take your word for it.",,Raven,ModItemConversation Pierre_1 Text section:Pierre_1 keyword:Greeting8
256312461888,You're quick to pass judgment. You haven't seen us in action.,,Grizzly,ModItemConversation Pierre_1 Text section:Pierre_1 keyword:Greeting8
383984896904,"So you're the mercenaries Bastien told me about. I'm not impressed. And neither was he, coward that he is! But fine, let's pretend you really have something to you.",,Pierre,ModItemConversation Pierre_1 Text section:Pierre_1 keyword:Greeting9
395385273175,"Truth be told, there's nothing there.",,MD,ModItemConversation Pierre_1 Text section:Pierre_1 keyword:Greeting9
512836316734,"Oh, I love 'pretending'! Wait, let me just get my magic wand and little shoes.",,Kalyna,ModItemConversation Pierre_1 Text section:Pierre_1 keyword:Greeting9
141034429526,"I hear that a lot, but no. Sorry. I'm just a gray mouse.",,Mouse,ModItemConversation Pierre_1 Text section:Pierre_1 keyword:Greeting9
296924389629,"So it was because of you that <em>Bastien's</em> squad didn't come back from Flag Hill. We'll honor their memory later. Right now we need to deal with the main thing.",,Pierre,ModItemConversation Pierre_1 Text section:Pierre_1 keyword:Greeting11
782389216479,There wasn't any squad left. We finished off the remnants.,,Grizzly,ModItemConversation Pierre_1 Text section:Pierre_1 keyword:Greeting11
603334130262,Bastien doesn't deserve a medal. Unlike the Dolviches!,,Igor,ModItemConversation Pierre_1 Text section:Pierre_1 keyword:Greeting11
166147681163,"There's nothing to 'honor', believe me. I've seen plenty of pretty boys like that.",,Wolf,ModItemConversation Pierre_1 Text section:Pierre_1 keyword:Greeting11
182525001377,RedirectDefault,,,ModItemConversation Pierre_1 KeywordT
731171771382,"<em>Le Major</em> teaches us: know your enemy. So before we start shooting at each other, I have one question: why did you come to <em>Grand Chien</em>?",,Pierre,ModItemConversation Pierre_1 Text section:Pierre_1 keyword:RedirectDefault
160784594836,Where is the President?,,,ModItemConversation Pierre_1 KeywordT
145367702026,"If you're looking for him, you're in the wrong place. <em>Le Major</em> is keeping him in his camp - why don't you go there and ask?",,Pierre,ModItemConversation Pierre_1 Text section:Pierre_1 keyword:Where is the President?
726224228762,"In Russia, you don't kidnap the president - the president kidnaps you!",,Igor,ModItemConversation Pierre_1 Text section:Pierre_1 keyword:Where is the President?
819958441690,"Don't worry, that's next on our list.",,Raider,ModItemConversation Pierre_1 Text section:Pierre_1 keyword:Where is the President?
316923892545,Too much work. Asking you is easier anyway.,,Omryn,ModItemConversation Pierre_1 Text section:Pierre_1 keyword:Where is the President?
612208610322,So this is the Legion?,,,ModItemConversation Pierre_1 KeywordT
881120290314,"Yes! We are the Legion of Grand Chien patriots, the new defenders of this country against foreigners like you.",,Pierre,ModItemConversation Pierre_1 Text section:Pierre_1 keyword:So this is the Legion?
302347888608,"Cool name for your gang, huh.",,Ice,ModItemConversation Pierre_1 Text section:Pierre_1 keyword:So this is the Legion?
514911998297,Do you have uniforms? I'd advise staying away from brown shirts and red armbands.,,Grunty,ModItemConversation Pierre_1 Text section:Pierre_1 keyword:So this is the Legion?
498157476249,"Good idea, but I'm afraid some of your neighbors are strongly against these 'defense' methods.",,Blood,ModItemConversation Pierre_1 Text section:Pierre_1 keyword:So this is the Legion?
256399752415,Your father is concerned about you,,,ModItemConversation Pierre_1 KeywordT
922199398125,Pierre respects you a little more,,,ModItemConversation Pierre_1 PhraseConditionRolloverText
308298242231,My father's concerns are none of your business!.. He... is he okay?,,Pierre,ModItemConversation Pierre_1 Text section:Pierre_1 keyword:Your father is concerned about you
600525276387,"He's just very worried about you. There are fathers like that in the world, you know.",,Livewire,ModItemConversation Pierre_1 Text section:Pierre_1 keyword:Your father is concerned about you
467191978974,"He's fine, but he's worried about his son. You should give him a call at least.",,Barry,ModItemConversation Pierre_1 Text section:Pierre_1 keyword:Your father is concerned about you
333166141128,"Everything's fine. But try being a better son. For example, don't kill his friends.",,Buns,ModItemConversation Pierre_1 Text section:Pierre_1 keyword:Your father is concerned about you
476162344074,"He's fine, but he's old now, and time isn't on his side. Be around more often.",,DrQ,ModItemConversation Pierre_1 Text section:Pierre_1 keyword:Your father is concerned about you
129659756011,"I suppose he's a lot more okay than you are.",,Gus,ModItemConversation Pierre_1 Text section:Pierre_1 keyword:Your father is concerned about you
396095040471,"Well, his stats are broadly normal. Blood pressure is a bit high... Ah! But yes, he's fine.",,MD,ModItemConversation Pierre_1 Text section:Pierre_1 keyword:Your father is concerned about you
644784902435,Fine - as much as that's possible. You should visit him more. You're his only son!,,Scully,ModItemConversation Pierre_1 Text section:Pierre_1 keyword:Your father is concerned about you
321196383231,"He's fine, but his soul longs for healing. I think you could help him with that.",,Thor,ModItemConversation Pierre_1 Text section:Pierre_1 keyword:Your father is concerned about you
251150765605,"Yeah, he's fine, really. And he'd be better off if you dropped that gun and helped him fix Ernie.",,Vicki,ModItemConversation Pierre_1 Text section:Pierre_1 keyword:Your father is concerned about you
352716076155,Your father asked us to spare you,,,ModItemConversation Pierre_1 KeywordT
733836516293,Pierre respects you a little less,,,ModItemConversation Pierre_1 PhraseConditionRolloverText
628214674331,Seriously? How noble of you! I should save you the trouble.,,Pierre,ModItemConversation Pierre_1 Text section:Pierre_1 keyword:Your father asked us to spare you
747092917456,It's no trouble. Beating you up is just a warm-up before the real workout.,,Steroid,ModItemConversation Pierre_1 Text section:Pierre_1 keyword:Your father asked us to spare you
391009890359,"Don't panic, runt. Your old man didn't ask us to save your knees.",,Meltdown,ModItemConversation Pierre_1 Text section:Pierre_1 keyword:Your father asked us to spare you
870476474836,Thanks. I don't like trouble. It tires me out.,,Omryn,ModItemConversation Pierre_1 Text section:Pierre_1 keyword:Your father asked us to spare you
334425014198,Legion! Attention! Prepare for battle!,,Pierre,ModItemConversation Pierre_1 Text section:Pierre_1 keyword:Your father asked us to spare you
483930736806,Pierre respects you more,,,ModItemConversation Pierre_1 PhraseConditionRolloverText
109484208245,"Really? Hm. I see you believe what you're saying. And that means something to me.",,Pierre,ModItemConversation Pierre_1 Text section:Pierre_1 keyword:We are here to set things right
891483169319,"We're only here to set things right and help a young lady find her father.",,Raider,ModItemConversation Pierre_1 Text section:Pierre_1 keyword:We are here to set things right
962839695195,"We're here to return a lady to her father.",,Buns,ModItemConversation Pierre_1 Text section:Pierre_1 keyword:We are here to set things right
653496487522,Glad to hear it! We won't trouble you. We just want to find the lost father of a sweet young lady.,,Sidney,ModItemConversation Pierre_1 Text section:Pierre_1 keyword:We are here to set things right
335625125781,"Your intentions may be noble, but this is my island. I didn't invite you. This is your last chance to leave peacefully.",,Pierre,ModItemConversation Pierre_1 Text section:Pierre_1 keyword:We are here to set things right
887826897144,We are here to set things right,,,ModItemConversation Pierre_1 KeywordT
313931959615,Pierre respects you a little less,,,ModItemConversation Pierre_1 PhraseConditionRolloverText
115395963374,"Oh really? Just what my country needed - a band of uninvited mercenaries trying to solve our problems. Get out of here. Before I solve YOUR problems - in the most ultimate way possible.",,Pierre,ModItemConversation Pierre_1 Text section:Pierre_1 keyword:We are here to set things right
629539762589,"Nice words you learned. Let's see if you can back them up.",,Grizzly,ModItemConversation Pierre_1 Text section:Pierre_1 keyword:We are here to set things right
803620173547,For the record: I don't give a damn about 'restoring justice'.,,Wolf,ModItemConversation Pierre_1 Text section:Pierre_1 keyword:We are here to set things right
921498755537,"You speak smoothly. I even dozed off halfway through.",,Omryn,ModItemConversation Pierre_1 Text section:Pierre_1 keyword:We are here to set things right
258963698238,We are here to kick your ass,,,ModItemConversation Pierre_1 KeywordT
208081198112,Pierre respects you a little more,,,ModItemConversation Pierre_1 PhraseConditionRolloverText
591072391496,"Well then, let's begin! We'll see what you dogs are capable of.",,Pierre,ModItemConversation Pierre_1 Text section:Pierre_1 keyword:We are here to kick your ass
925081064899,"I like your positive attitude, but perhaps you should focus on CONstructive thoughts instead of DEStructive ones?",,Thor,ModItemConversation Pierre_1 Text section:Pierre_1 keyword:We are here to kick your ass
565486457373,"What, sorry?! I'm not a dog!",,Fox,ModItemConversation Pierre_1 Text section:Pierre_1 keyword:We are here to kick your ass
300914905417,"There you go, first thing you do is start calling names. Kids these days, no respect for elders.",,Barry,ModItemConversation Pierre_1 Text section:Pierre_1 keyword:We are here to kick your ass
898257817748,We are here to join the Legion,,,ModItemConversation Pierre_1 KeywordT
945615564921,Not true,,,ModItemConversation Pierre_1 PhraseRolloverText
679158968797,"You? You want to become... legionnaires? Ha. Well, looks like you can tell which way the wind is blowing.",,Pierre,ModItemConversation Pierre_1 Text section:Pierre_1 keyword:We are here to join the Legion
772317832426,"Exactly! You haven't lost if you managed to switch sides in time, right?",,Livewire,ModItemConversation Pierre_1 Text section:Pierre_1 keyword:We are here to join the Legion
173040026698,So. Fidel didn't get it. Now we kill Emma or... or what?,,Fidel,ModItemConversation Pierre_1 Text section:Pierre_1 keyword:We are here to join the Legion
526034776799,"Well, I'd prefer to see the benefits package first, but I'm flexible on pay. Very flexible.",,Fox,ModItemConversation Pierre_1 Text section:Pierre_1 keyword:We are here to join the Legion
157953865870,"Fine. Want to prove you're worthy? Do what my soldiers couldn't. Raise the Legion <em>flag</em> on <em>Flag Hill</em>, and I'll let you into the fortress.",,Pierre,ModItemConversation Pierre_1 Text section:Pierre_1 keyword:We are here to join the Legion
532557680534,"How's it going, kid? Like it in the camp?",,Spike,ModItemConversation Pierre_2 Text section:Pierre_2 keyword:Greeting5
687840174146,Major! You... the mercenaries were working for you all along?!,,Pierre,ModItemConversation Pierre_2 Text section:Pierre_2 keyword:Greeting5
919552159436,Nope. We came to an agreement. Let's just say we help each other tie up loose ends.,,Spike,ModItemConversation Pierre_2 Text section:Pierre_2 keyword:Greeting5
729390699599,"I... I don't understand. Did you come here to mock me?",,Pierre,ModItemConversation Pierre_2 Text section:Pierre_2 keyword:Greeting5
212706256484,"What are you doing here? Did you come to mock me for being wrong about the <em>Legion</em>? Then mock away. But you're no better than they are.",,Pierre,ModItemConversation Pierre_2 Text section:Pierre_2 keyword:Greeting1
204661593180,"What are you doing here? Did you come to mock me because I was wrong about the <em>Legion</em>?",,Pierre,ModItemConversation Pierre_2 Text section:Pierre_2 keyword:Greeting2
551938073766,"You... here too? I've heard about what you've done, but I didn't expect you'd come to this godforsaken hole. I... must admit you were right, and I was wrong about the <em>Legion</em>.",,Pierre,ModItemConversation Pierre_2 Text section:Pierre_2 keyword:Greeting3
556880007853,Pierre respects you more,,,ModItemConversation Pierre_2 PhraseConditionRolloverText
935542863031,"Do you remember what I told you about honor, valor, and nobility?",,Spike,ModItemConversation Pierre_2 Text section:Pierre_2 keyword:Actually not
483345115217,"Yes, I remember. Too well.",,Pierre,ModItemConversation Pierre_2 Text section:Pierre_2 keyword:Actually not
584135058994,"Spike, think carefully about what you want to say right now.",,Raider,ModItemConversation Pierre_2 Text section:Pierre_2 keyword:Actually not
910007453979,"Major Scullyon, now is not the time for your trademark 'jokes'.",,Buns,ModItemConversation Pierre_2 Text section:Pierre_2 keyword:Actually not
209444188142,"Major Scullyon, if I may: I'd suggest you phrase your next line in a conciliatory tone.",,Sidney,ModItemConversation Pierre_2 Text section:Pierre_2 keyword:Actually not
489933714043,"What can I say... I fed you a line. I used you and the other Legion guys for my own purposes. Most of the Legion were thieves and murderers anyway, so I don't feel too sorry for them. But you... you're an exception. You deserve a better life.",,Spike,ModItemConversation Pierre_2 Text section:Pierre_2 keyword:Actually not
328051068689,Then why did you send me to the diggings? Why send me here?,,Pierre,ModItemConversation Pierre_2 Text section:Pierre_2 keyword:Actually not
559653792460,"Because I couldn't bring myself to kill you, but you had to be punished so the others would think twice. And I knew you were strong enough to survive. That's all. Listen, I don't expect you to forgive me, but... I'm sorry. I truly am.",,Spike,ModItemConversation Pierre_2 Text section:Pierre_2 keyword:Actually not
922392073809,"I'm not sure I believe you, but... I'll think about what you said.",,Pierre,ModItemConversation Pierre_2 Text section:Pierre_2 keyword:Actually not
368917462272,Actually not,,,ModItemConversation Pierre_2 KeywordT
844073640067,"And now you want to use me. I'd rather rot in this hole than ever let anyone ride my neck 'for a great cause' again. Leave me alone.",,Pierre,ModItemConversation Pierre_2 Text section:Pierre_2 keyword:They just used you
228510617600,"Have it your way, you thickheaded oaf!",,Red,ModItemConversation Pierre_2 Text section:Pierre_2 keyword:They just used you
289264459421,Then sit and rot. Not my problem.,,Mouse,ModItemConversation Pierre_2 Text section:Pierre_2 keyword:They just used you
623408036196,"Don't know about 'great causes', but you're definitely missing some big fun!",,Wolf,ModItemConversation Pierre_2 Text section:Pierre_2 keyword:They just used you
576212148587,They just used you,,,ModItemConversation Pierre_2 KeywordT
366785024531,Pierre respects you a little more,,,ModItemConversation Pierre_2 PhraseConditionRolloverText
370925631429,"Yes, exactly. How did I not see the truth behind all those empty words and promises of a great future? I was such a fool.",,Pierre,ModItemConversation Pierre_2 Text section:Pierre_2 keyword:They just used you
704795156285,"That's true, you're very naive. But not hopeless.",,Livewire,ModItemConversation Pierre_2 Text section:Pierre_2 keyword:They just used you
382427878561,"Don't be upset. You're young and very sweet, it's easy for people to use you. Trust me, I know.",,Fox,ModItemConversation Pierre_2 Text section:Pierre_2 keyword:They just used you
424980254154,"Don't sweat it. Anyone can end up a sucker, even me. You get it?",,Magic,ModItemConversation Pierre_2 Text section:Pierre_2 keyword:They just used you
738430546132,Karma is a bitch!,,,ModItemConversation Pierre_2 KeywordT
884386300243,Pierre respects you less,,,ModItemConversation Pierre_2 PhraseConditionRolloverText
725076407162,"Do you remember what I told you about honor, valor, and nobility?",,Spike,ModItemConversation Pierre_2 Text section:Pierre_2 keyword:Karma is a bitch!
444904794822,"Yes, I remember. Too well.",,Pierre,ModItemConversation Pierre_2 Text section:Pierre_2 keyword:Karma is a bitch!
576786024509,"And everything I said about sacred duty to the motherland?",,Spike,ModItemConversation Pierre_2 Text section:Pierre_2 keyword:Karma is a bitch!
254526675594,Yes?,,Pierre,ModItemConversation Pierre_2 Text section:Pierre_2 keyword:Karma is a bitch!
745173921514,And about the virtues of the Legion?,,Spike,ModItemConversation Pierre_2 Text section:Pierre_2 keyword:Karma is a bitch!
687287190028,"Yes, I remember!",,Pierre,ModItemConversation Pierre_2 Text section:Pierre_2 keyword:Karma is a bitch!
690879477618,"So, kid, all that was bullshit.",,Spike,ModItemConversation Pierre_2 Text section:Pierre_2 keyword:Karma is a bitch!
673944996024,...,,Pierre,ModItemConversation Pierre_2 Text section:Pierre_2 keyword:Karma is a bitch!
574518737993,"You want me to sign off that I was a fool? Yes, I was. Go on, laugh all you want.",,Pierre,ModItemConversation Pierre_2 Text section:Pierre_2 keyword:Karma is a bitch!
777897245896,Oaf.,,Meltdown,ModItemConversation Pierre_2 Text section:Pierre_2 keyword:Karma is a bitch!
878988524489,"Fate is a water wheel under a waterfall, but a person can choose who to be - the wheel or the water.",,DrQ,ModItemConversation Pierre_2 Text section:Pierre_2 keyword:Karma is a bitch!
560633958361,"To learn karma's lessons, you must calm your soul and align your chakras.",,Thor,ModItemConversation Pierre_2 Text section:Pierre_2 keyword:Karma is a bitch!
506157627423,What do you want from me?,,Pierre,ModItemConversation Pierre_2 Text section:Pierre_2 keyword:Greeting
159196371816,Yes?,,Pierre,ModItemConversation Pierre_2 Text section:Pierre_2 keyword:Greeting4
670913960132,"YOU happened to me. Le Major doesn't tolerate mistakes, and I took my due punishment. I deserved it...",,Pierre,ModItemConversation Pierre_2 Text section:Pierre_2 keyword:What happened to you?
998829496570,"No way, Drovyshkin. A good commander doesn't throw his soldiers in prison for defeat. Only communists do that.",,Gus,ModItemConversation Pierre_2 Text section:Pierre_2 keyword:What happened to you?
242932209142,I don't think so. Only dictators throw their soldiers in prison for defeat.,,Len,ModItemConversation Pierre_2 Text section:Pierre_2 keyword:What happened to you?
174265082140,"You're welcome, you oaf.",,Meltdown,ModItemConversation Pierre_2 Text section:Pierre_2 keyword:What happened to you?
157415276217,"Anytime, man. Whenever.",,Ice,ModItemConversation Pierre_2 Text section:Pierre_2 keyword:What happened to you?
381470023913,"But in <em>'Diamond Red'</em> I saw... I saw how they treat our people in the name of the <em>Legion</em>. I learned about slavery and violence, I heard stories and saw what kind of people Le Major favors. People like <em>overseer Graaf</em>.",,Pierre,ModItemConversation Pierre_2 Text section:Pierre_2 keyword:What happened to you?
647698836002,What happened to you?,,,ModItemConversation Pierre_2 KeywordT
223774274822,Pierre respects you a little less,,,ModItemConversation Pierre_2 PhraseConditionRolloverText
526603521696,"YOU happened to me. And you, <em>Major</em>, punished me for failing to defeat those you later defected to. Some irony, don't you think? I accepted my punishment. And you?",,Pierre,ModItemConversation Pierre_2 Text section:Pierre_2 keyword:What happened to you?
733431113016,"Don't worry about me, kid. When the time comes, I'll get mine in full. And I doubt I'll get off with something as small as exile to <em>'Diamond Red'</em>.",,Spike,ModItemConversation Pierre_2 Text section:Pierre_2 keyword:What happened to you?
983505512925,"But in 'Diamond Red' I saw... I saw how you treated our people in the name of the <em>Legion</em>. I learned about slavery and violence, I heard stories and saw what kind of people you favor. People like <em>overseer Graaf</em>.",,Pierre,ModItemConversation Pierre_2 Text section:Pierre_2 keyword:What happened to you?
138287654015,"He played his part. I couldn't let you escape and come kill me. You, I think, were the only one in the whole Legion who could have done it.",,Spike,ModItemConversation Pierre_2 Text section:Pierre_2 keyword:What happened to you?
305140808694,"I... how do you do that? Your words make me feel both anger and pride at the same time.",,Pierre,ModItemConversation Pierre_2 Text section:Pierre_2 keyword:What happened to you?
621126904860,What can I say? I have talent.,,Spike,ModItemConversation Pierre_2 Text section:Pierre_2 keyword:What happened to you?
480173606773,"More like a curse, friend.",,Len,ModItemConversation Pierre_2 Text section:Pierre_2 keyword:What happened to you?
571053977097,"Oh yes, you've got talent. Talent for getting into trouble.",,Gus,ModItemConversation Pierre_2 Text section:Pierre_2 keyword:What happened to you?
308239521331,"That's called 'demagoguery', and no one needs that talent.",,Grunty,ModItemConversation Pierre_2 Text section:Pierre_2 keyword:What happened to you?
828660889164,"That's called manipulation. Like camouflage, but for words.",,Shadow,ModItemConversation Pierre_2 Text section:Pierre_2 keyword:What happened to you?
268770720051,So the Legion isn't what you expected?,,,ModItemConversation Pierre_2 KeywordT
667694528109,"We needed a common cause, a chance to serve our country for a better future... at least some of us did. The rest just needed an excuse.",,Pierre,ModItemConversation Pierre_2 Text section:Pierre_2 keyword:So the Legion isn't what you expected?
421787582824,"Exactly! Always knew you were smart, kid.",,Spike,ModItemConversation Pierre_2 Text section:Pierre_2 keyword:So the Legion isn't what you expected?
351035044624,"It's always like that. People flock to war like flies to shit.",,Len,ModItemConversation Pierre_2 Text section:Pierre_2 keyword:So the Legion isn't what you expected?
780198116497,"One man's war is another man's mother.",,Fauda,ModItemConversation Pierre_2 Text section:Pierre_2 keyword:So the Legion isn't what you expected?
478525738078,"It's always easier to multiply evil than good.",,DrQ,ModItemConversation Pierre_2 Text section:Pierre_2 keyword:So the Legion isn't what you expected?
355192996073,In the end, the <em>Legion</em> became just a cover for greed and cruelty. And for <em>Le Major</em>'s madness.,,Pierre,ModItemConversation Pierre_2 Text section:Pierre_2 keyword:So the Legion isn't what you expected?
185786517265,I'm not mad. I'm alternatively sane.,,Spike,ModItemConversation Pierre_2 Text section:Pierre_2 keyword:So the Legion isn't what you expected?
906224439372,We killed Graaf,,,ModItemConversation Pierre_2 KeywordT
638847357261,"Yes, I heard and I'm glad. Shame some people can't be killed twice.",,Pierre,ModItemConversation Pierre_2 Text section:Pierre_2 keyword:We killed Graaf
829455518738,You're right!,,Meltdown,ModItemConversation Pierre_2 Text section:Pierre_2 keyword:We killed Graaf
857561951511,Some people? Why only some?,,Fidel,ModItemConversation Pierre_2 Text section:Pierre_2 keyword:We killed Graaf
826635085918,Yes. A fascist must die.,,Ivan,ModItemConversation Pierre_2 Text section:Pierre_2 keyword:We killed Graaf
191634186969,"Don't look at me! Rumor has it I died at least three times.",,Spike,ModItemConversation Pierre_2 Text section:Pierre_2 keyword:We killed Graaf
306271458975,"The only thing I regret is that I couldn't kill him myself. I tried. Seriously... and almost succeeded. That's why they transferred me here.",,Pierre,ModItemConversation Pierre_2 Text section:Pierre_2 keyword:We killed Graaf
403833907579,"Bullshit. I sent you here so I wouldn't have to execute you when you finally kill him. People wouldn't understand. Truth is, I even hoped you'd escape and come for my soul.",,Spike,ModItemConversation Pierre_2 Text section:Pierre_2 keyword:We killed Graaf
217628264504,But why would you do that?!,,Pierre,ModItemConversation Pierre_2 Text section:Pierre_2 keyword:We killed Graaf
200014328549,"No-no, I'm not tired of living. On the contrary, that would've been a perfect out for me. You and I would've staged my death, you'd take over the Legion and do whatever you wanted with it, and I'd just disappear. But these brave A.I.M. lads got to me first. And what a plan it was, huh.",,Spike,ModItemConversation Pierre_2 Text section:Pierre_2 keyword:We killed Graaf
431005492312,We hired Graaf to keep him in check,,,ModItemConversation Pierre_2 KeywordT
927395308953,Not true,,,ModItemConversation Pierre_2 PhraseRolloverText
275301358227,Pierre respects you more,,,ModItemConversation Pierre_2 PhraseConditionRolloverText
700606619707,"Oh, we found an original solution to the problem of that scumbag Graaf. We hired him! That way we can keep an eye on him constantly. Brilliant, right?",,Livewire,ModItemConversation Pierre_2 Text section:Pierre_2 keyword:We hired Graaf to keep him in check
343731086561,We didn't trust Graaf either! So we hired him - to watch him. Can't let him misbehave, right?,,Fox,ModItemConversation Pierre_2 Text section:Pierre_2 keyword:We hired Graaf to keep him in check
507529579794,Graaf works for us now. We made a deal. He doesn't pull any tricks - we let him live.,,Magic,ModItemConversation Pierre_2 Text section:Pierre_2 keyword:We hired Graaf to keep him in check
392401217872,Yeah. Same with me. Our friends are practically lost-soul catchers. When will you become one of us?,,Spike,ModItemConversation Pierre_2 Text section:Pierre_2 keyword:We hired Graaf to keep him in check
272983003543,Don't even think about it!,,Pierre,ModItemConversation Pierre_2 Text section:Pierre_2 keyword:We hired Graaf to keep him in check
925067743087,You could have just killed Graaf!,,Pierre,ModItemConversation Pierre_2 Text section:Pierre_2 keyword:We hired Graaf to keep him in check
750799056907,"And become like him? No thanks.",,Fox,ModItemConversation Pierre_2 Text section:Pierre_2 keyword:We hired Graaf to keep him in check
796826177202,"True, but then we'd have to hire someone else, which means a string of long, exhausting interviews... Ugh! Who needs that?",,Livewire,ModItemConversation Pierre_2 Text section:Pierre_2 keyword:We hired Graaf to keep him in check
954260307510,"We still can. We'll see how he behaves.",,Magic,ModItemConversation Pierre_2 Text section:Pierre_2 keyword:We hired Graaf to keep him in check
100102020065,"In any case, I hope you make him atone for his sins.",,Pierre,ModItemConversation Pierre_2 Text section:Pierre_2 keyword:We hired Graaf to keep him in check
958476395550,We killed the Major,,,ModItemConversation Pierre_2 KeywordT
809763418118,That's for the best. You should've seen him before... He was a great leader and a decent man.,,Pierre,ModItemConversation Pierre_2 Text section:Pierre_2 keyword:We killed the Major
911941841332,"Some of us knew him long ago, Derevyashkin. You're right, he was a good man.",,Gus,ModItemConversation Pierre_2 Text section:Pierre_2 keyword:We killed the Major
346287104546,I had the honor of knowing him... before all this. He was a good soldier and friend.,,Len,ModItemConversation Pierre_2 Text section:Pierre_2 keyword:We killed the Major
642689657672,"But it seems he began to rot from within, and that rot gradually turned him into a madman. Yes, I think at some point he himself realized he needed to be stopped.",,Pierre,ModItemConversation Pierre_2 Text section:Pierre_2 keyword:We killed the Major
499133323428,Are you serious?,,Pierre,ModItemConversation Pierre_2 Text (angry) section:Pierre_2 keyword:You can help us make things right
154956675907,"You and me, like the good old days. What could possibly go wrong?",,Spike,ModItemConversation Pierre_2 Text section:Pierre_2 keyword:You can help us make things right
927450701284,"You let them hang <em>my father</em>, and now you claim you'll fix everything?",,Pierre,ModItemConversation Pierre_2 Text section:Pierre_2 keyword:You can help us make things right
892834283965,"You hired <em>Le Major</em>, the bastard who filled my head with lies...",,Pierre,ModItemConversation Pierre_2 Text section:Pierre_2 keyword:You can help us make things right
151208596759,"You hired the bloodsucker <em>Graaf</em> and let him torment the workers just to squeeze a bit more diamonds out of the pipe...",,Pierre,ModItemConversation Pierre_2 Text section:Pierre_2 keyword:You can help us make things right
134367460530,...You seized my country's wealth and handed it to <em>greedy foreigners</em>...,,Pierre,ModItemConversation Pierre_2 Text section:Pierre_2 keyword:You can help us make things right
986227696858,"...And now you want me to believe you'll fix everything? No, I don't believe you. I'd rather rot in this hole than help you.",,Pierre,ModItemConversation Pierre_2 Text section:Pierre_2 keyword:You can help us make things right
171126126307,"Look at that, found ourselves a judge. To hell with you then!",,Red,ModItemConversation Pierre_2 Text section:Pierre_2 keyword:You can help us make things right
856860570415,"Frontier justice is harsh, kemosabe.",,Tex,ModItemConversation Pierre_2 Text section:Pierre_2 keyword:You can help us make things right
209777807778,"Well, we never said we were perfect.",,Shadow,ModItemConversation Pierre_2 Text section:Pierre_2 keyword:You can help us make things right
507500331619,You can help us make things right,,,ModItemConversation Pierre_2 KeywordT
751467055605,You passed the <em>respect</em> check,,,,ModItemConversation Pierre_2 PhraseConditionRolloverText
387607330222,It's not too late to make up for the damage the Legion caused.,,Buns,ModItemConversation Pierre_2 Text section:Pierre_2 keyword:You can help us make things right
462598276375,"I don't want to seem overly optimistic, but I think we still have a chance to make up for the damage the Legion caused.",,Sidney,ModItemConversation Pierre_2 Text section:Pierre_2 keyword:You can help us make things right
452536334743,We still have a chance to restore law and order in this country.,,Raider,ModItemConversation Pierre_2 Text section:Pierre_2 keyword:You can help us make things right
125142740845,"It's strange, but... from what I've heard about you, I feel I can trust you.",,Pierre,ModItemConversation Pierre_2 Text section:Pierre_2 keyword:You can help us make things right
891774866972,"Even though you spared that madman...",,Pierre,ModItemConversation Pierre_2 Text section:Pierre_2 keyword:You can help us make things right
348946284732,"They gave me a second chance. Just look at me: full of remorse, reborn, and all in white like a lamb of God!",,Spike,ModItemConversation Pierre_2 Text section:Pierre_2 keyword:You can help us make things right
129782519903,"Silence. I'm speaking with les mercenaires. As I said, even though you didn't kill him, you did good things too.",,Pierre,ModItemConversation Pierre_2 Text section:Pierre_2 keyword:You can help us make things right
179409844417,You toppled <em>Le Major</em>'s bloody regime...,,Pierre,ModItemConversation Pierre_2 Text section:Pierre_2 keyword:You can help us make things right
519412989064,You killed the slaver and murderer <em>Graaf</em>...,,Pierre,ModItemConversation Pierre_2 Text section:Pierre_2 keyword:You can help us make things right
455149236934,"You made sure that snitch <em>Herman</em> got what he deserved...",,Pierre,ModItemConversation Pierre_2 Text section:Pierre_2 keyword:You can help us make things right
744484459850,You looked after my father's friends in <em>Ernie</em>...,,Pierre,ModItemConversation Pierre_2 Text section:Pierre_2 keyword:You can help us make things right
318083800791,"You achieved the unheard-of - you made that snake <em>Bastien</em> help people instead of using them...",,Pierre,ModItemConversation Pierre_2 Text section:Pierre_2 keyword:You can help us make things right
243554787031,"...And most importantly, you seem to truly care about our country's fate. So... what do you want me to do for you?",,Pierre,ModItemConversation Pierre_2 Text section:Pierre_2 keyword:You can help us make things right
258733750188,Join us,,,ModItemConversation Pierre_2 KeywordT
340229163981,"And you want to... take me with you? Let me become one of you? It's a great honor for me. I hope I won't disappoint you.",,Pierre,ModItemConversation Pierre_2 Text section:Pierre_2 keyword:Join us
381797875732,Don't know about honor... but we'll have plenty of fun together.,,Spike,ModItemConversation Pierre_2 Text section:Pierre_2 keyword:Join us
753356430598,"I'm watching you, bandit.",,Nails,ModItemConversation Pierre_2 Text section:Pierre_2 keyword:Join us
983603319960,We'll see. Fall in.,,Len,ModItemConversation Pierre_2 Text section:Pierre_2 keyword:Join us
752786285986,"Sure you won't disappoint, as long as you sincerely want to change.",,Raider,ModItemConversation Pierre_2 Text section:Pierre_2 keyword:Join us
817742945459,"Yeah, we'll see. Now let's find you some gear, Woody.",,Gus,ModItemConversation Pierre_2 Text section:Pierre_2 keyword:Join us
229564125495,"Excellent! I'm sure you'll be fine. Just, if you ever feel like killing civilians, ask us first, okay?",,Scope,ModItemConversation Pierre_2 Text section:Pierre_2 keyword:Join us
842029966234,"Fight with honor, and we'll take you in as one of our own.",,Fauda,ModItemConversation Pierre_2 Text section:Pierre_2 keyword:Join us
805940946938,"Sure you won't disappoint. I only have one rule: don't touch my foot powder.",,Grunty,ModItemConversation Pierre_2 Text section:Pierre_2 keyword:Join us
955896518299,"I'll be watching you. You won't see me, but I'll see you.",,Shadow,ModItemConversation Pierre_2 Text section:Pierre_2 keyword:Join us
503295640395,"And I have one request too: please don't disappoint me either. Be noble to the end.",,Pierre,ModItemConversation Pierre_2 Text section:Pierre_2 keyword:Join us
314516261496,"I'll try not to disappoint you, kid. I guess that's the least I can do to repay you. And I'll leave all that 'nobility' talk to you.",,Spike,ModItemConversation Pierre_2 Text section:Pierre_2 keyword:Join us
717548727795,Go home,,,ModItemConversation Pierre_2 KeywordT
258536304207,"Yes... I can do that. I'll return to <em>Ernie</em> and do everything I can to make up for the damage I caused. I'll protect my people from fools like I once was.",,Pierre,ModItemConversation Pierre_2 Text section:Pierre_2 keyword:Go home
551703472366,He's looking at me again!,,Spike,ModItemConversation Pierre_2 Text section:Pierre_2 keyword:Go home
800484809741,"That might be the best news in a long time.",,Blood,ModItemConversation Pierre_2 Text section:Pierre_2 keyword:Go home
623470915074,Say hi to your cutie dad!,,Fox,ModItemConversation Pierre_2 Text section:Pierre_2 keyword:Go home
327362892653,I feel inspired.,,Barry,ModItemConversation Pierre_2 Text section:Pierre_2 keyword:Go home
496308930670,Behave! And don't kill any more of your dad's friends!,,Raven,ModItemConversation Pierre_2 Text section:Pierre_2 keyword:Go home
209539095292,"Your path won't get easier, but it will bring you riches you couldn't even imagine.",,DrQ,ModItemConversation Pierre_2 Text section:Pierre_2 keyword:Go home
877107765188,Live clean, bro. Don't make us come looking for you.,,Ice,ModItemConversation Pierre_2 Text section:Pierre_2 keyword:Go home
170949785343,sent <em>Pierre</em> to defend Ernie,,,ModItemConversation Pierre_2 SpecialConversationMessage
441695769517,Leave me alone.,,Pierre,ModItemConversation Pierre_2 Text section:Pierre_2 keyword:Goodbye
663715701872,Farewell.,,Pierre,ModItemConversation Pierre_2 Text section:Pierre_2 keyword:Goodbye
870357128665,"Well, mercenaries, you did it. You won, and I... I lost everything... forgive me, father...",,Pierre,ModItemConversation Pierre_Defeated Text section:Pierre_Defeated keyword:Greeting
365175135291,Cease fire! You won. It's no shame to lose to strong warriors. My life is in your hands.,,Pierre,ModItemConversation Pierre_Defeated Text section:Pierre_Defeated keyword:Greeting4
155315053597,Cease fire! You won. It's no shame to lose to noble opponents. My life is in your hands.,,Pierre,ModItemConversation Pierre_Defeated Text section:Pierre_Defeated keyword:Greeting2
986014151108,Where is the President being kept?,,,ModItemConversation Pierre_Defeated KeywordT
161189169106,<em>Le Major</em> keeps him in his camp. Don't even think of rescuing him: on the mainland there is no other power but the Legion and no God but the Major.,,Pierre,ModItemConversation Pierre_Defeated Text section:Pierre_Defeated keyword:Where is the President being kept?
854991139197,"The Lord's light shines everywhere, even in that stinking hole where the Major is hiding.",,Barry,ModItemConversation Pierre_Defeated Text section:Pierre_Defeated keyword:Where is the President being kept?
162814770959,"Oh, sounds like cursed lands! When do we march?",,Kalyna,ModItemConversation Pierre_Defeated Text section:Pierre_Defeated keyword:Where is the President being kept?
887860763831,Then I'll take a rifle for a bear.,,Grizzly,ModItemConversation Pierre_Defeated Text section:Pierre_Defeated keyword:Where is the President being kept?
683298590649,"I'll leave this cursed island. I must report to the <em>Major</em>, and what happens after... I don't know. My life belongs to the <em>Legion</em>.",,Pierre,ModItemConversation Pierre_Defeated Text section:Pierre_Defeated keyword:What will you do if we let you go?
473032573507,"No, your life belongs to you. Unleash your potential! Don't fear success!",,Thor,ModItemConversation Pierre_Defeated Text section:Pierre_Defeated keyword:What will you do if we let you go?
882728187539,"Honestly? I think you've got talent. I can see it — you start a tour agency, guide people around.",,Mouse,ModItemConversation Pierre_Defeated Text section:Pierre_Defeated keyword:What will you do if we let you go?
655018451953,"Honestly, I think your Legion has run its course. Time to forget it and move on.",,Livewire,ModItemConversation Pierre_Defeated Text section:Pierre_Defeated keyword:What will you do if we let you go?
622656618097,What will you do if we let you go?,,,ModItemConversation Pierre_Defeated KeywordT
602965250217,"Even though you beat me, my life belongs to the <em>Legion</em>. I won't lie: I'll report you to the <em>Major</em>, and he'll probably order me to track you down and destroy you. If you don't want that... you know what to do.",,Pierre,ModItemConversation Pierre_Defeated Text section:Pierre_Defeated keyword:What will you do if we let you go?
190817616609,"So some punk is going to teach me how to do my job! I can kill you whenever I want.",,Meltdown,ModItemConversation Pierre_Defeated Text section:Pierre_Defeated keyword:What will you do if we let you go?
498520092366,"You're not hunting the Wolf, kid. The Wolf is hunting you. When the wolf looks at you, it means he sees you. You get it, I think.",,Wolf,ModItemConversation Pierre_Defeated Text section:Pierre_Defeated keyword:What will you do if we let you go?
836554835931,"Better for hare or little deer, though. Stew from them tastes better.",,Omryn,ModItemConversation Pierre_Defeated Text section:Pierre_Defeated keyword:What will you do if we let you go?
184964133779,"It's not exactly a big secret, but you won't learn it from me. Kill me if you want... But I'm not a traitor like <em>Herman</em>.",,Pierre,ModItemConversation Pierre_Defeated Text section:Pierre_Defeated keyword:Where do we find the Major?
512207376993,"I don't want to sound like a bore, but... actually you handed your native village over to the Legion, so you're very much like him.",,MD,ModItemConversation Pierre_Defeated Text section:Pierre_Defeated keyword:Where do we find the Major?
433066313053,Yeah. You just brought a gang of armed militants to your home. Totally different thing.,,Raven,ModItemConversation Pierre_Defeated Text section:Pierre_Defeated keyword:Where do we find the Major?
650786714079,"Nah, dude, you're not like Herman. You came into your own neighborhood with guns and bandits. You're MUCH worse than Herman.",,Ice,ModItemConversation Pierre_Defeated Text section:Pierre_Defeated keyword:Where do we find the Major?
611312162675,"It's not exactly a big secret, but you won't learn it from me. Kill me if you want... But I'm not a traitor.",,Pierre,ModItemConversation Pierre_Defeated Text section:Pierre_Defeated keyword:Where do we find the Major?
271750334678,What if I kick you in the teeth? A couple times? Or maybe a couple dozen times.,,Meltdown,ModItemConversation Pierre_Defeated Text section:Pierre_Defeated keyword:Where do we find the Major?
438497055015,"Fidel likes it. Fidel can kill him, yeah? Hm?",,Fidel,ModItemConversation Pierre_Defeated Text section:Pierre_Defeated keyword:Where do we find the Major?
440134473128,No problem.,,Igor,ModItemConversation Pierre_Defeated Text section:Pierre_Defeated keyword:Where do we find the Major?
993367435241,Where do we find the Major?,,,ModItemConversation Pierre_Defeated KeywordT
925624949011,You passed the <em>respect</em> test,,,\nModItemConversation Pierre_Defeated PhraseConditionRolloverText
116550078766,"It's not a special secret, and besides, you are worthy opponents. Le Major will be glad to meet you in battle. His fort is in the <em>Eagle's Nest</em>, in the mountains.",,Pierre,ModItemConversation Pierre_Defeated Text section:Pierre_Defeated keyword:Where do we find the Major?
703590059364,His mug will be glad to meet my fist. Just like yours.,,Meltdown,ModItemConversation Pierre_Defeated Text section:Pierre_Defeated keyword:Where do we find the Major?
453710864793,"Ooh, that's far. Better take more food with us.",,Omryn,ModItemConversation Pierre_Defeated Text section:Pierre_Defeated keyword:Where do we find the Major?
410425596923,Great! That's exactly how I spent my youth—blowing up forts in the mountains.,,Red,ModItemConversation Pierre_Defeated Text section:Pierre_Defeated keyword:Where do we find the Major?
968781949182,This could have major consequences!,,,ModItemConversation Pierre_Defeated PhraseRolloverText
553424692545,"Yes. I'll go to my parents. And you? I hope you kill all the rotten, lying, worthless inhabitants of this godforsaken country.",,Pierre,ModItemConversation Pierre_Defeated Text section:Pierre_Defeated keyword:Time to die
181019949298,Thanks! Fidel will try!,,Fidel,ModItemConversation Pierre_Defeated Text section:Pierre_Defeated keyword:Time to die
856797015118,"Of course. Too bad you won't see it, you oaf.",,Meltdown,ModItemConversation Pierre_Defeated Text section:Pierre_Defeated keyword:Time to die
664431506531,"You are a disgrace to your people, damn you, shaitan!",,Fauda,ModItemConversation Pierre_Defeated Text section:Pierre_Defeated keyword:Time to die
149721213565,Time to die,,,ModItemConversation Pierre_Defeated KeywordT
445294838707,"I understand. <em>Le Major</em> teaches that you must not show mercy to a defeated enemy. Go ahead. I'm ready!",,Pierre,ModItemConversation Pierre_Defeated Text section:Pierre_Defeated keyword:Time to die
591434759042,Fidel is even more ready!,,Fidel,ModItemConversation Pierre_Defeated Text section:Pierre_Defeated keyword:Time to die
236155514048,So much drama. Just die.,,Meltdown,ModItemConversation Pierre_Defeated Text section:Pierre_Defeated keyword:Time to die
443219304486,May the Lord have mercy on your soul.,,Barry,ModItemConversation Pierre_Defeated Text section:Pierre_Defeated keyword:Time to die
871788700271,executed <em>Pierre</em>,,,ModItemConversation Pierre_Defeated SpecialConversationMessage
972303600884,This could have major consequences!,,,ModItemConversation Pierre_Defeated PhraseRolloverText
710759065186,What? Mercy? For a defeated enemy?.. I... thank you... I guess.,,Pierre,ModItemConversation Pierre_Defeated Text section:Pierre_Defeated keyword:You may go
608283380098,Who is “mercy”? Why let him go? He said we could take his life!,,Fidel,ModItemConversation Pierre_Defeated Text section:Pierre_Defeated keyword:You may go
732243758274,Remember: we're not your stupid Legion.,,Raven,ModItemConversation Pierre_Defeated Text section:Pierre_Defeated keyword:You may go
968013272003,"Go on, run outta here, or you'll get more.",,Steroid,ModItemConversation Pierre_Defeated Text section:Pierre_Defeated keyword:You may go
918566160071,Everyone deserves a second chance. Go. And let today be the first day of your new life!,,Thor,ModItemConversation Pierre_Defeated Text section:Pierre_Defeated keyword:You may go
170287929525,"Perhaps we'll meet again. But I can't promise I won't fight you when that time comes.",,Pierre,ModItemConversation Pierre_Defeated Text section:Pierre_Defeated keyword:You may go
238564867788,"Anytime, you oaf.",,Meltdown,ModItemConversation Pierre_Defeated Text section:Pierre_Defeated keyword:You may go
395878046670,"We surpassed you, and we will surpass you again.",,Buns,ModItemConversation Pierre_Defeated Text section:Pierre_Defeated keyword:You may go
186400032612,"Next time try a little better, yeah? I barely even broke a sweat. If you want to live—learn how to live.",,Wolf,ModItemConversation Pierre_Defeated Text section:Pierre_Defeated keyword:You may go
177981455531,"Oh la la! Don't shoot! I'm just an innocent passerby, a civilian! Heard shots on the hill, went to look and saw the <em>Legion</em> get their asses kicked.",,LegionRaider_Jose,ModItemConversation Jose_1 Text section:Jose_1 keyword:Greeting
934603064041,"Yeah, because an innocent civilian would totally do that.",,Raven,ModItemConversation Jose_1 Text section:Jose_1 keyword:Greeting
981381740319,"Well, that's clear. Better to watch a fight than take part in it.",,Omryn,ModItemConversation Jose_1 Text section:Jose_1 keyword:Greeting
564648221278,"I want to tell you that I believe you one hundred percent, but honestly, I doubt anyone else will.",,Livewire,ModItemConversation Jose_1 Text section:Jose_1 keyword:Greeting
214036121306,"But I'm not with them! I just... um... was looking for lost valuables on the beach. Yeah, that's how I provide for my <em>family</em>!",,LegionRaider_Jose,ModItemConversation Jose_1 Text section:Jose_1 keyword:Greeting
148546070726,Don't worry,,,ModItemConversation Jose_1 KeywordT
635727490710,"Easy, mister. We don't shoot civilians... as a rule.",,Raven,ModItemConversation Jose_1 Text section:Jose_1 keyword:Don't worry
126318722694,It's fine. We don't shoot civilians... as a rule.,,Buns,ModItemConversation Jose_1 Text section:Jose_1 keyword:Don't worry
774211252033,"Oh, well, we don't shoot civilians! I mean, sometimes we do. I do. But only by accident. On purpose—never!",,MD,ModItemConversation Jose_1 Text section:Jose_1 keyword:Don't worry
720507828662,"Thank you so much! Maybe... then I'll just be on my way, yeah?",,LegionRaider_Jose,ModItemConversation Jose_1 Text section:Jose_1 keyword:Don't worry
240336019316,Civilian? Oh really?,,,ModItemConversation Jose_1 KeywordT
227943237719,"Yeah, and I'm the fucking tooth fairy.",,Meltdown,ModItemConversation Jose_1 Text section:Jose_1 keyword:Civilian? Oh really?
294244076370,"Quite a well-armed civilian, I see.",,Raider,ModItemConversation Jose_1 Text section:Jose_1 keyword:Civilian? Oh really?
588034929881,"And that gun of yours is for shooting squirrels, right?",,Grizzly,ModItemConversation Jose_1 Text section:Jose_1 keyword:Civilian? Oh really?
755919150765,"Oh, you mean my weapon? It's just... he-he-he... it's just for self-defense, boss. Dangerous times have come to the island.",,LegionRaider_Jose,ModItemConversation Jose_1 Text section:Jose_1 keyword:Civilian? Oh really?
534366002207,Why not just shoot you,,,ModItemConversation Jose_1 KeywordT
594818594730,"Like Fidel always says: there are no accidental passersby. When there's shooting, you either pass by—hide—or you shoot here. Ay-ya!",,Fidel,ModItemConversation Jose_1 Text section:Jose_1 keyword:Why not just shoot you
112995705878,"Don't bullshit me, kid. The last idiot who tried that, I shot him in the knees.",,Meltdown,ModItemConversation Jose_1 Text section:Jose_1 keyword:Why not just shoot you
631597366042,"Innocent passersby are just the ones who haven't had time to take a shot at me yet.",,Nails,ModItemConversation Jose_1 Text section:Jose_1 keyword:Why not just shoot you
837926788822,"Please, boss, I... I don't want trouble! I have a <em>family</em>. You wouldn't kill a family man, would you?",,LegionRaider_Jose,ModItemConversation Jose_1 Text section:Jose_1 keyword:Why not just shoot you
301882344056,"Actually, that's true! We should call the family—let them watch, huh.",,Fidel,ModItemConversation Jose_1 Text section:Jose_1 keyword:Why not just shoot you
717490531891,"Depends on how irritated I am. And FYI, I've been constipated since morning.",,Meltdown,ModItemConversation Jose_1 Text section:Jose_1 keyword:Why not just shoot you
197496099895,"Damn, everyone has a family. Why should I care.",,Nails,ModItemConversation Jose_1 Text section:Jose_1 keyword:Why not just shoot you
428534945433,"Tell us about that ""Legion""",,,ModItemConversation Jose_1 KeywordT
964208183887,"Well, it's the Legion of Gran Chien Patriots! Real bandits. I think some of them decided to kidnap that <em>Emma</em>, the president's daughter, but looks like it didn't work out.",,LegionRaider_Jose,"ModItemConversation Jose_1 Text section:Jose_1 keyword:Tell us about that ""Legion"""
323700809045,What do you know about Emma?,,,ModItemConversation Jose_1 KeywordT
140695646710,"I don't know anything, boss! Just heard the girl was needed by the <em>Major</em>. Probably as a set with her <em>old man</em>, he-he-he.",,LegionRaider_Jose,ModItemConversation Jose_1 Text section:Jose_1 keyword:What do you know about Emma?
206424046193,"A guy got kidnapped and you're talking about his daughter. Show a little more respect.",,Ice,ModItemConversation Jose_1 Text section:Jose_1 keyword:What do you know about Emma?
865713424221,"It's really obvious how upset you are about it.",,Raven,ModItemConversation Jose_1 Text section:Jose_1 keyword:What do you know about Emma?
628310807167,What is wrong with you?! Where's your compassion?,,Barry,ModItemConversation Jose_1 Text section:Jose_1 keyword:What do you know about Emma?
861880871058,"Sorry, boss. Guess I dropped it somewhere.",,LegionRaider_Jose,ModItemConversation Jose_1 Text section:Jose_1 keyword:What do you know about Emma?
107928525214,"Well, he's the <em>Legion</em> commander, of course. Seems nobody really knows him. They say he commands from some secret base somewhere in the <em>mountains</em>...",,LegionRaider_Jose,ModItemConversation Jose_1 Text section:Jose_1 keyword:Who's the Major?
803956718064,"Yeah, looks like he holed up with his gang so deep you can't smoke him out. How are we gonna get there?",,Tex,ModItemConversation Jose_1 Text section:Jose_1 keyword:Who's the Major?
397572941722,"Can you explain in more detail? I'm a mountain man myself, so I know mountains can be different.",,Red,ModItemConversation Jose_1 Text section:Jose_1 keyword:Who's the Major?
935266069317,Oooh! I love secrets! Will you tell me? I'm a mime. You know what that means—I won't make a sound.,,Mouse,ModItemConversation Jose_1 Text section:Jose_1 keyword:Who's the Major?
961613359310,"I don't know exactly where that place is... If I did, it wouldn't be a secret, right?",,LegionRaider_Jose,ModItemConversation Jose_1 Text section:Jose_1 keyword:Who's the Major?
134661127794,Who's the Major?,,,ModItemConversation Jose_1 KeywordT
374686359258,"Well, he's the <em>Legion</em> commander, of course. Seems nobody really knows him. A very mysterious man. And very dangerous. Can I go? Please.",,LegionRaider_Jose,ModItemConversation Jose_1 Text section:Jose_1 keyword:Who's the Major?
786851655348,Emma's father - you mean the President?,,,ModItemConversation Jose_1 KeywordT
252734673052,"Sure looks like it. I think I heard something about that. But I don't know anything! I don't want to get mixed up in all this, okay? Can I just get back to my <em>family?</em>",,LegionRaider_Jose,ModItemConversation Jose_1 Text section:Jose_1 keyword:Emma's father - you mean the President?
974953304222,"You know an awful lot for someone who doesn't want to get mixed up in this, don't you think?",,Raider,ModItemConversation Jose_1 Text section:Jose_1 keyword:Emma's father - you mean the President?
343605753409,"I don't know what you're talking about, boss.",,LegionRaider_Jose,ModItemConversation Jose_1 Text section:Jose_1 keyword:Emma's father - you mean the President?
627309243002,"Man, you're slippery as a finger up an ass.",,Meltdown,ModItemConversation Jose_1 Text section:Jose_1 keyword:Emma's father - you mean the President?
335222742303,"Something stinks here, and I'm not talking about my armpits.",,Grizzly,ModItemConversation Jose_1 Text section:Jose_1 keyword:Emma's father - you mean the President?
713820738802,So you have a family?,,,ModItemConversation Jose_1 KeywordT
294739172012,"Yeah-yeah, boss. A big family in <em>Tin Can</em>! That's what we call the area east of the village. Not a very good place. My kids can't even play <em>soccer</em> without stumbling over old military gear, he-he.",,LegionRaider_Jose,ModItemConversation Jose_1 Text section:Jose_1 keyword:So you have a family?
809212341827,Family is more important than anything. The Dolviches understand that.,,Igor,ModItemConversation Jose_1 Text section:Jose_1 keyword:So you have a family?
428450856055,Old military gear? Worth checking out.,,Wolf,ModItemConversation Jose_1 Text section:Jose_1 keyword:So you have a family?
375929023599,"They depend on me, you understand? If I don't bring food, they won't have anything to eat! My poor family...",,LegionRaider_Jose,ModItemConversation Jose_1 Text section:Jose_1 keyword:So you have a family?
699951652390,Is this a soccer shirt?,,,ModItemConversation Jose_1 KeywordT
350524679233,"Oui! The “Chien Savages” are the best team in Gran Chien! But their merch is crap. I asked for number 13, and they printed 31...",,LegionRaider_Jose,ModItemConversation Jose_1 Text section:Jose_1 keyword:Is this a soccer shirt?
560655426421,You're with the Legion!,,,ModItemConversation Jose_1 KeywordT
539590466353,"No-no-no! That's not true! Don't shoot, boss! I mean... maybe in the past I had some dealings with the Legion, but who hasn't? It's a small island.",,LegionRaider_Jose,ModItemConversation Jose_1 Text section:Jose_1 keyword:You’re with the Legion!
621057787057,"Still, for some reason I'm pretty sure you're... uh... “in the family” with the Legion.",,Buns,ModItemConversation Jose_1 Text section:Jose_1 keyword:You’re with the Legion!
505683499593,On such a small island it's hard to hide your true identity.,,DrQ,ModItemConversation Jose_1 Text section:Jose_1 keyword:You’re with the Legion!
565765933356,"You're hiding from yourself, my friend. Let the truth set you free.",,Thor,ModItemConversation Jose_1 Text section:Jose_1 keyword:You’re with the Legion!
268494219542,"Listen, just let me go to my family and I... I'll give you the <em>diamonds</em> from a secret stash, I swear!",,LegionRaider_Jose,ModItemConversation Jose_1 Text section:Jose_1 keyword:You’re with the Legion!
421463678968,Ooh! Haven't killed anyone in a long time! My hand's itching.,,Fidel,ModItemConversation Jose_1 Text section:Jose_1 keyword:Hands up!
737188717279,I've got the hammer cocked and my finger is itching like hell. You get it?,,Meltdown,ModItemConversation Jose_1 Text section:Jose_1 keyword:Hands up!
163893585175,"I'm terribly curious what you'll look like dead.",,Nails,ModItemConversation Jose_1 Text section:Jose_1 keyword:Hands up!
126193699971,"No, boss! Don't shoot, please! Listen, just let me go to my family and I... I'll give you the <em>diamonds</em> from a secret stash, I swear!",,LegionRaider_Jose,ModItemConversation Jose_1 Text section:Jose_1 keyword:Hands up!
904309806327,"No-no, no violence, boss! I didn't do anything wrong! Look, I'm cooperating!",,LegionRaider_Jose,ModItemConversation Jose_1 Text section:Jose_1 keyword:Hands up!
967728070126,Hand over the diamonds,,,ModItemConversation Jose_1 KeywordT
773771104694,This could have major consequences!,,,ModItemConversation Jose_1 PhraseRolloverText
938617713641,"Bien sur! Here, please take them. I found them on the beach, I swear... Take them, they're yours. I... I can go, right? You won't shoot me in the back, will you?",,LegionRaider_Jose,ModItemConversation Jose_1 Text section:Jose_1 keyword:Hand over the diamonds
507624499391,No. Fidel likes aiming at the belly. More screaming that way. Hm?,,Fidel,ModItemConversation Jose_1 Text section:Jose_1 keyword:Hand over the diamonds
617019210759,I shoot people only for money... and for food.,,Omryn,ModItemConversation Jose_1 Text section:Jose_1 keyword:Hand over the diamonds
364026078742,"Hand over your pocket money and run, runt!",,Steroid,ModItemConversation Jose_1 Text section:Jose_1 keyword:Hand over the diamonds
358543447833,"Life is full of mysteries, dude. There's only one way to find out.",,Vicki,ModItemConversation Jose_1 Text section:Jose_1 keyword:Hand over the diamonds
230534807131,This could have major consequences!,,,ModItemConversation Jose_1 PhraseRolloverText
462195193817,Merde!,,LegionRaider_Jose,ModItemConversation Jose_1 Text section:Jose_1 keyword:Die!
219498159041,He-he-he... Bad news for you. Good news for Fidel!,,Fidel,ModItemConversation Jose_1 Text Laughing as if he just figured it's a great idea section:Jose_1 keyword:Die!
257855744152,"Well, now the fur will fly in clumps!",,Meltdown,ModItemConversation Jose_1 Text section:Jose_1 keyword:Die!
725537503858,You may go,,,ModItemConversation Pierre_Defeated KeywordT
945969342573,This could have major consequences!,,,ModItemConversation Jose_1 PhraseRolloverText
696618160649,"Thank you, boss! I knew you were kind and polite people! I'm leaving. Please... please don't shoot me in the back.",,LegionRaider_Jose,ModItemConversation Jose_1 Text section:Jose_1 keyword:You may go
233577286338,No. Fidel likes aiming at the belly. More screaming that way.,,Fidel,ModItemConversation Jose_1 Text section:Jose_1 keyword:You may go
867384693378,I'll think about it.,,Meltdown,ModItemConversation Jose_1 Text section:Jose_1 keyword:You may go
325030565636,This could have major consequences!,,,ModItemConversation Jose_1 PhraseRolloverText
430373932141,"Thank you for the kind permission to continue on my way. Thank you! If during your travels you happen to find yourselves in <em>Tin Can</em>, I invite you to visit our family. We'll give you the reception you deserve. You'll remember it forever, I promise!",,LegionRaider_Jose,ModItemConversation Jose_1 Text section:Jose_1 keyword:Goodbye
735500021250,"Um… was it just me or, hic-hic, did that sound like a threat?",,Mouse,ModItemConversation Jose_1 Text section:Jose_1 keyword:Goodbye
714964496630,Could've phrased that better.,,Wolf,ModItemConversation Jose_1 Text section:Jose_1 keyword:Goodbye
641272850679,"If I got a coin for promises like that, I'd buy an island.",,Fox,ModItemConversation Jose_1 Text section:Jose_1 keyword:Goodbye
226307279156,This could have major consequences!,,,ModItemConversation Jose_1 PhraseRolloverText
408447178916,"Thank you for sparing me, boss! May the heavens protect you! I'm getting out of your sight immediately! Thank you! Have a good day! Au revoir!",,LegionRaider_Jose,ModItemConversation Jose_1 Text section:Jose_1 keyword:Goodbye
581934187146,"But why let him go? Fidel doesn't understand. Ah! Maybe we shoot him later? Hm?",,Fidel,ModItemConversation Jose_1 Text section:Jose_1 keyword:Goodbye
844497991077,"Eh bien! These are my friends from the beach! And I was just telling them about you, right?",,LegionRaider_Jose,ModItemConversation Jose_2 Text section:Jose_2 keyword:Greeting
423976624352,C'est vrai.,,LegionRaider,ModItemConversation Jose_2 Text section:Jose_2 keyword:Greeting
604231757423,"So you came to meet my big family, yeah?",,LegionRaider_Jose,ModItemConversation Jose_2 Text section:Jose_2 keyword:Greeting
924695461017,"Yeah, big family. Lots of mouths.",,LegionRaider,ModItemConversation Jose_2 Text section:Jose_2 keyword:Greeting
254578467078,"Right, right! But I'm sure our friends are ready to pay for our <em>hospitality</em>. After all, they met little miss <em>Emma</em> and her rich friend. They must've given you money, right? You can't just think of yourselves and let my poor family starve!",,LegionRaider_Jose,ModItemConversation Jose_2 Text section:Jose_2 keyword:Greeting
933419927959,Hospitality doesn't fill your stomach. Hand over the money... now.,,LegionRaider,ModItemConversation Jose_2 Text section:Jose_2 keyword:Greeting
730470133077,"Eh bien! These are my friends from the beach! And I was just telling them about you, right?",,LegionRaider_Jose,ModItemConversation Jose_2 Text section:Jose_2 keyword:Greeting2
956157833880,"And what about me, my dear Bastien? Don't you consider me a friend?",,PierreMerc,ModItemConversation Jose_2 Text section:Jose_2 keyword:Greeting2
988150449200,"Of course I do, Pierre. I just didn't expect to see you here... And I didn't know these people were in the family, boss.",,LegionRaider_Jose,ModItemConversation Jose_2 Text section:Jose_2 keyword:Greeting2
885027266847,"Now they are. And what are you doing here, Bastien?",,PierreMerc,ModItemConversation Jose_2 Text section:Jose_2 keyword:Greeting2
409634180385,"Well, me and the frérots accidentally got a shipment of <em>diamonds</em> from the Major. I tried to call you and report, boss, I swear!",,LegionRaider_Jose,ModItemConversation Jose_2 Text section:Jose_2 keyword:Greeting2
436932644934,Give up the diamonds,,,ModItemConversation Jose_2 KeywordT
385186154482,"Of course, Pierre, I was just about to offer to hand them over! Actually, I was even looking for you, but couldn't find you anywhere. Here, this is everything I have. Can I go now, boss?",,LegionRaider_Jose,ModItemConversation Jose_2 Text section:Jose_2 keyword:Give up the diamonds
960933764269,"Yeah, piss off. You and your boys. I don't want to see you again.",,PierreMerc,ModItemConversation Jose_2 Text section:Jose_2 keyword:Give up the diamonds
202792123293,"Yes, Pierre! We're leaving right now, boss!",,LegionRaider_Jose,ModItemConversation Jose_2 Text section:Jose_2 keyword:Give up the diamonds
830122511545,"Weren't you looking for me to give me the diamonds? No-no, don't answer. Get out before I change my mind.",,PierreMerc,ModItemConversation Jose_2 Text section:Jose_2 keyword:Give up the diamonds
983732751190,"Now we can kill them, right? Huh?! Why not?! We've got the diamonds, don't we?",,Fidel,ModItemConversation Jose_2 Text section:Jose_2 keyword:Give up the diamonds
344822767756,What hospitality?,,,ModItemConversation Jose_2 KeywordT
737227830741,"I showed hospitality by allowing you to visit my <em>shack</em>, and now you must pay for lodging, plus interest.",,LegionRaider_Jose,ModItemConversation Jose_2 Text section:Jose_2 keyword:What hospitality?
413431673678,"Wait, what shack?",,LegionRaider,ModItemConversation Jose_2 Text section:Jose_2 keyword:What hospitality?
954888742007,Uh... it's just a shelter from bad weather... not like there's a stash of stuff there or anything...,,LegionRaider_Jose,ModItemConversation Jose_2 Text section:Jose_2 keyword:What hospitality?
522090388259,A stash? Hey! What are you hiding from us?,,LegionRaider,ModItemConversation Jose_2 Text section:Jose_2 keyword:What hospitality?
903045187059,Nothing! I would never!,,LegionRaider_Jose,ModItemConversation Jose_2 Text section:Jose_2 keyword:What hospitality?
632751436499,He's been holding out on you,,,ModItemConversation Jose_2 KeywordT
270815176056,"Oh, so you probably already forgot about the diamonds you showed us?",,Livewire,ModItemConversation Jose_2 Text section:Jose_2 keyword:He's been holding out on you
623898582202,"I must say, you lie rather poorly.",,Buns,ModItemConversation Jose_2 Text section:Jose_2 keyword:He's been holding out on you
414835194755,Back in the day with the Los Angeles police I dealt with hardened con artists. You don't even come close to their level. Completely unconvincing.,,Raider,ModItemConversation Jose_2 Text section:Jose_2 keyword:He's been holding out on you
248930850511,"Listen, Bastien, you used to brag so proudly about how long you stole from your friends and they never noticed! Why get shy now?",,Fox,ModItemConversation Jose_2 Text section:Jose_2 keyword:He's been holding out on you
646125386624,"That's what I thought! I knew he was robbing us! Get him, boys!",,LegionRaider,ModItemConversation Jose_2 Text section:Jose_2 keyword:He's been holding out on you
261668027576,Merde!,,LegionRaider_Jose,ModItemConversation Jose_2 Text section:Jose_2 keyword:He's been holding out on you
199712024037,Here is $1000,,,ModItemConversation Jose_2 KeywordT
509697230087,"He-he! Come on, boys, a drink on me!",,LegionRaider_Jose,ModItemConversation Jose_2 Text section:Jose_2 keyword:Here is $1000
603532482869,"Well, the payment seems reasonable.",,MD,ModItemConversation Jose_2 Text section:Jose_2 keyword:Here is $1000
937548764029,"It's good that not all problems have to be solved with violence.",,Thor,ModItemConversation Jose_2 Text section:Jose_2 keyword:Here is $1000
766317663709,Choke on it!,,Red,ModItemConversation Jose_2 Text section:Jose_2 keyword:Here is $1000
352888218095,Here is $500,,,ModItemConversation Jose_2 KeywordT
509697230087,"He-he! Come on, boys, a drink on me!",,LegionRaider_Jose,ModItemConversation Jose_2 Text section:Jose_2 keyword:Here is $500
759926423881,Or rather not,,,ModItemConversation Jose_2 KeywordT
875545780450,"Putain merde, you think I'm kidding?!",,LegionRaider_Jose,ModItemConversation Jose_2 Text section:Jose_2 keyword:Or rather not
719725459934,We'll pay,,,ModItemConversation Jose_2 KeywordT
174128475882,The trait «<color EmStyle>psychopath</color>» is active,,,\nModItemConversation Jose_2 PhraseConditionRolloverText
163470043973,"Nice doing business with you, boss. Now hand over the money.",,LegionRaider_Jose,ModItemConversation Jose_2 Text section:Jose_2 keyword:We'll pay
232941943774,"Fuck you, you won't get any money. Take this, you piece of shit!",,Meltdown,ModItemConversation Jose_2 Text section:Jose_2 keyword:We'll pay
859087181358,How about I give you some teeth? I'll just knock them out first.,,Nails,ModItemConversation Jose_2 Text section:Jose_2 keyword:We'll pay
364369096812,Fidel doesn't pay with money. Fidel pays with bullets!,,Fidel,ModItemConversation Jose_2 Text section:Jose_2 keyword:We'll pay
485237875644,"I think we can negotiate a discount. Just imagine—let's have a shootout! How nasty and unhygienic it would be to bleed out in this filth…",,Buns,ModItemConversation Jose_2 Text section:Jose_2 keyword:We don't have much
348063442348,We'll give you half. And not a cent more.,,Raider,ModItemConversation Jose_2 Text section:Jose_2 keyword:We don't have much
189040698738,"Yeah, boss, sure, I'll give you a discount! After all, you're our first customer of the day! For you—half price, deal?",,LegionRaider_Jose,ModItemConversation Jose_2 Text section:Jose_2 keyword:We don't have much
751216382007,For highway robbery the terms are quite reasonable.,,Barry,ModItemConversation Jose_2 Text section:Jose_2 keyword:We don't have much
103835508067,This is some kind of nonsense.,,Ice,ModItemConversation Jose_2 Text section:Jose_2 keyword:We don't have much
861727817158,We don't have much,,,ModItemConversation Jose_2 KeywordT
155914863205,"No can do, boss. Times are hard, and everyone has to do their part. Money. Now.",,LegionRaider_Jose,ModItemConversation Jose_2 Text section:Jose_2 keyword:We don't have much
678250846572,"Maybe Fidel will help you fill your bellies? Fill your bellies with lead!",,Fidel,ModItemConversation Jose_2 Text section:Jose_2 keyword:Hands up!
731536328898,"I've got a counteroffer. How about we fucking slaughter all of you, you swine?",,Meltdown,ModItemConversation Jose_2 Text section:Jose_2 keyword:Hands up!
268657785629,"Uh-uh-uh... he-he... we were just kidding, buddy! My colleagues, they... watched too many gangster movies, oui?",,LegionRaider_Jose,ModItemConversation Jose_2 Text section:Jose_2 keyword:Hands up!
148558765537,"He-he... hear that, boys? Is it just me, or is the pup trying to bark?",,LegionRaider_Jose,ModItemConversation Jose_2 Text section:Jose_2 keyword:Hands up!
203178249916,You pay us,,,ModItemConversation Jose_2 KeywordT
152388376227,"Alright, alright, let's be reasonable. We're just poor scavengers, right, boys? We've got nothing! Here, look: my wallet. Take whatever you want. No need for violence, yeah?",,LegionRaider_Jose,ModItemConversation Jose_2 Text section:Jose_2 keyword:You pay us
287413394920,"You have a wallet? Where'd you get that kind of luxury?! Bastien, we need to have a serious talk...",,LegionRaider,ModItemConversation Jose_2 Text section:Jose_2 keyword:You pay us
287429964815,What about the diamonds?,,,ModItemConversation Jose_2 KeywordT
569709897454,"Uh, um... Well...",,LegionRaider_Jose,ModItemConversation Jose_2 Text section:Jose_2 keyword:What about the diamonds?
938211639716,"You fucking moron, why did you blab about that?!",,LegionButcher,ModItemConversation Jose_2 Text section:Jose_2 keyword:What about the diamonds?
904289681021,"Shut up! I was going to trick them... ah, forget it. Listen, boss, we have diamonds. They're hidden nearby. You can take them, just let us go, okay?",,LegionRaider_Jose,ModItemConversation Jose_2 Text section:Jose_2 keyword:What about the diamonds?
609379303340,Give us the diamonds and get out,,,ModItemConversation Jose_2 KeywordT
319788739857,"Thanks, boss, we won't forget your kindness, boss. Here, take them. The day will come and we'll meet again, I promise.",,LegionRaider_Jose,ModItemConversation Jose_2 Text section:Jose_2 keyword:Give us the diamonds and get out
749004257439,"I'm hoping not, man, for your own good.",,Vicki,ModItemConversation Jose_2 Text section:Jose_2 keyword:Give us the diamonds and get out
859532544657,"Time for you and your bandits to beat it. Come on, move!",,Tex,ModItemConversation Jose_2 Text section:Jose_2 keyword:Give us the diamonds and get out
223009992803,"Allez, boys. Let's get out of here while we can...",,LegionRaider_Jose,ModItemConversation Jose_2 Text section:Jose_2 keyword:Give us the diamonds and get out
104328241789,Drop your guns!,,,ModItemConversation Jose_2 KeywordT
386137005362,"Eh... I don't know if this is really profitable for us. It's a dangerous island. Lots of people, lots of plans, lots of trouble. And you're leaving us at the mercy of bandits and robbers!",,LegionRaider_Jose,ModItemConversation Jose_2 Text section:Jose_2 keyword:Drop your guns!
856827326713,"But you are those yourselves. So I'm sure you'll feel right at home.",,Wolf,ModItemConversation Jose_2 Text section:Jose_2 keyword:Drop your guns!
792820008159,For some reason I don't give a damn.,,Raven,ModItemConversation Jose_2 Text section:Jose_2 keyword:Drop your guns!
886371729783,"Yeah, that's why you need to pump iron.",,Steroid,ModItemConversation Jose_2 Text section:Jose_2 keyword:Drop your guns!
501179800326,Your guns! Now!,,,ModItemConversation Jose_2 KeywordT
981588171822,"Easy! Calm down. It's fine. No problem. Take our weapons. And me and the boys will probably take up fishing.",,LegionRaider_Jose,ModItemConversation Jose_2 Text section:Jose_2 keyword:Your guns! Now!
506164274816,humiliated <em>Bastien's gang</em>,,,ModItemConversation Jose_2 SpecialConversationMessage
261668027576,Merde!,,LegionRaider_Jose,ModItemConversation Jose_2 Text section:Jose_2 keyword:Die!
117867967717,"Thank God you made it. I wanted to warn you, but you had already set out. <em>Legion</em> militants landed on Ernie! They even tried to attack the villa. I can't imagine why they needed our little island.",,Emma,ModItemConversation FlagHill_Emma_1 Text section:FlagHill_Emma_1 keyword:Greeting
354020584288,"They're not interested in <em>Ernie Island</em> or my villa, but in you. Perhaps they decided to capture you so that your father would become more compliant.",,CorazonSantiago,ModItemConversation FlagHill_Emma_1 Text section:FlagHill_Emma_1 keyword:Greeting
886096052817,"In that case, I'm sorry I came here and put everyone in danger.",,Emma,ModItemConversation FlagHill_Emma_1 Text section:FlagHill_Emma_1 keyword:Greeting
600467147655,"I know exactly how you feel. That's why I prefer stitching people up to shooting.",,MD,ModItemConversation FlagHill_Emma_1 Text section:FlagHill_Emma_1 keyword:Greeting
275211540292,"Don't worry, miss. Danger is my profession!",,Tex,ModItemConversation FlagHill_Emma_1 Text section:FlagHill_Emma_1 keyword:Greeting
677692574229,Don't lose heart. Barry's here.,,Barry,ModItemConversation FlagHill_Emma_1 Text section:FlagHill_Emma_1 keyword:Greeting
864433869279,Easy. Now you've got your own personal Grizzly.,,Grizzly,ModItemConversation FlagHill_Emma_1 Text section:FlagHill_Emma_1 keyword:Greeting
228560503827,"Don't sweat it, sister! We take apart these tin cans! Everything be fine!",,Vicki,ModItemConversation FlagHill_Emma_1 Text section:FlagHill_Emma_1 keyword:Greeting
642809570861,"Soon the only ones in danger will be the bastards who kidnapped your father.",,Blood,ModItemConversation FlagHill_Emma_1 Text section:FlagHill_Emma_1 keyword:Greeting
209571505120,"I think it's not you who should be blamed here, but your enemies.",,Livewire,ModItemConversation FlagHill_Emma_1 Text section:FlagHill_Emma_1 keyword:Greeting
199139010121,Hello again. What do you want to know?,,CorazonSantiago,ModItemConversation FlagHill_Emma_1 Text section:FlagHill_Emma_1 keyword:Greeting2
221667014851,Do you need anything?,,Emma,ModItemConversation FlagHill_Emma_1 Text section:FlagHill_Emma_1 keyword:Greeting2
874564688424,We can handle them,,,ModItemConversation FlagHill_Emma_1 KeywordT
605426932479,"Oh, I'm so grateful to you! The Gran Chien government won't lift a finger, and your calm gives me confidence. Please take this as a token of my appreciation.",,Emma,ModItemConversation FlagHill_Emma_1 Text section:FlagHill_Emma_1 keyword:We can handle them
823660292993,Thank you,,,ModItemConversation FlagHill_Emma_1 KeywordT
153443670599,Accept $2,000,,,ModItemConversation FlagHill_Emma_1 PhraseRolloverText
559455269200,"Oh, thank you! That's the best gift I've ever been given for shooting someone.",,Kalyna,ModItemConversation FlagHill_Emma_1 Text section:FlagHill_Emma_1 keyword:Thank you
341274771036,Extra cash is never a bad thing. Thanks!,,Ice,ModItemConversation FlagHill_Emma_1 Text section:FlagHill_Emma_1 keyword:Thank you
944948727771,"Think this is the first time women thanked me, too... Hm. Thanks.",,Red,ModItemConversation FlagHill_Emma_1 Text section:FlagHill_Emma_1 keyword:Thank you
234170275015,Don't thank me.,,Emma,ModItemConversation FlagHill_Emma_1 Text section:FlagHill_Emma_1 keyword:Thank you
476973554424,Decline $2,000,,,ModItemConversation FlagHill_Emma_1 PhraseRolloverText
561065473208,We've had warmer welcomes,,,ModItemConversation FlagHill_Emma_1 KeywordT
864752020866,"Yes. And again—please accept my apologies. Please take this as compensation for arranging to meet you in a place like this.",,Emma,ModItemConversation FlagHill_Emma_1 Text section:FlagHill_Emma_1 keyword:We've had warmer welcomes
148723557614,Accept $2,000 and demand more,,,ModItemConversation FlagHill_Emma_1 PhraseRolloverText
344489911054,"Not that I'm complaining, but I did my hair—I thought you'd bring photographers. Well, good thing you didn't, because my head looks like hell right now...",,Fox,ModItemConversation FlagHill_Emma_1 Text section:FlagHill_Emma_1 keyword:You can do better than that
763143317850,"A nice gesture, but strictly speaking you failed to uphold your side of the deal. A more substantial compensation would be appropriate.",,Livewire,ModItemConversation FlagHill_Emma_1 Text section:FlagHill_Emma_1 keyword:You can do better than that
360988722871,"Y-yes, of course. I had money I was saving for... never mind. Please, here it is.",,Emma,ModItemConversation FlagHill_Emma_1 Text section:FlagHill_Emma_1 keyword:You can do better than that
886972557176,You can do better than that,,,ModItemConversation FlagHill_Emma_1 KeywordT
246952293895,Accept $2,000 and demand more,,,ModItemConversation FlagHill_Emma_1 PhraseRolloverText
279314023855,"Money is nice, but all this fighting made Omryn hungry. You got anything to eat, huh?",,Omryn,ModItemConversation FlagHill_Emma_1 Text section:FlagHill_Emma_1 keyword:You can do better than that
995252931207,"That's cute and all, but after that damn landing my ass is full of sand. You should cough up more, yeah?",,Meltdown,ModItemConversation FlagHill_Emma_1 Text section:FlagHill_Emma_1 keyword:You can do better than that
423029914059,"And that's it? Doesn't give me confidence you can even pay us at all.",,Nails,ModItemConversation FlagHill_Emma_1 Text section:FlagHill_Emma_1 keyword:You can do better than that
985915112039,"Sorry, that's all I have. Please take it.",,Emma,ModItemConversation FlagHill_Emma_1 Text section:FlagHill_Emma_1 keyword:You can do better than that
610507031100,That's not necessary,,,ModItemConversation FlagHill_Emma_1 KeywordT
265154709855,Decline $2,000,,,ModItemConversation FlagHill_Emma_1 PhraseRolloverText
138684567217,"Sweetheart, that's terribly kind of you, but keep it for now. For us, the main thing is to make you smile again.",,Hitman,ModItemConversation FlagHill_Emma_1 Text section:FlagHill_Emma_1 keyword:That's not necessary
740039436674,"Better use this gift to help the people of your country realize their potential!",,Thor,ModItemConversation FlagHill_Emma_1 Text section:FlagHill_Emma_1 keyword:That's not necessary
188705929821,"Oh, no. That's really not necessary... right, guys?",,MD,ModItemConversation FlagHill_Emma_1 Text section:FlagHill_Emma_1 keyword:That's not necessary
313097213233,"Your professionalism is admirable. I'll make sure others hear about it.",,Emma,ModItemConversation FlagHill_Emma_1 Text section:FlagHill_Emma_1 keyword:That's not necessary
789704699274,<em>Emma</em> is pleased,,,ModItemConversation FlagHill_Emma_1 SpecialConversationMessage
377769449600,"Now—about your search. I suppose first you should interrogate the Legion militants on <em>Ernie Island</em> and find out where <em>my father</em> is.",,Emma,ModItemConversation FlagHill_Emma_1 Text section:FlagHill_Emma_1 keyword:Redirect
579935892986,"This is <em>Corazon Santiago</em>, Chief Operating Officer of the Adonis Corporation in Gran Chien. Her people have faced the <em>Legion</em> militants firsthand. Any additional funding for your operation will be handled by her.",,Emma,ModItemConversation FlagHill_Emma_1 Text section:FlagHill_Emma_1 keyword:Redirect
316826174218,"Boss, we don't care whose signature is on the check. Main thing is the bank cashes it.",,Wolf,ModItemConversation FlagHill_Emma_1 Text section:FlagHill_Emma_1 keyword:Redirect
808521072911,"It's good when they pay extra. And food is good too.",,Omryn,ModItemConversation FlagHill_Emma_1 Text section:FlagHill_Emma_1 keyword:Redirect
702752661115,Good! I want to meet the enemy face to face too.,,Igor,ModItemConversation FlagHill_Emma_1 Text section:FlagHill_Emma_1 keyword:Redirect
119928515182,"I'm all for it. Something tells me we won't manage without serious operational support.",,Raider,ModItemConversation FlagHill_Emma_1 Text section:FlagHill_Emma_1 keyword:Redirect
724253208767,"Oh, how wonderful! It's like I have two fairy godmothers!",,Kalyna,ModItemConversation FlagHill_Emma_1 Text section:FlagHill_Emma_1 keyword:Redirect
463292741712,"Okay. But there's a catch, right?",,Nails,ModItemConversation FlagHill_Emma_1 Text section:FlagHill_Emma_1 keyword:Redirect
232418677809,"Hello. Nice to meet you. As Emma said, I'm responsible for additional sources of funding for your operation. A portion of the revenue from the diamond mines you liberate from the Legion will be paid to you.",,CorazonSantiago,ModItemConversation FlagHill_Emma_1 Text section:FlagHill_Emma_1 keyword:Redirect
868254652532,"Just so you know: I like it when the extra is no smaller than the main portion.",,Blood,ModItemConversation FlagHill_Emma_1 Text section:FlagHill_Emma_1 keyword:Redirect
307833275817,If I don't have to conduct a cavity search for that—no problem.,,Raven,ModItemConversation FlagHill_Emma_1 Text section:FlagHill_Emma_1 keyword:Redirect
450814190201,Ay! Fidel loves mines! So much dynamite. This is joy!,,Fidel,ModItemConversation FlagHill_Emma_1 Text section:FlagHill_Emma_1 keyword:Redirect
194641948517,Mines full of diamonds?! My ears are already perked up.,,Fox,ModItemConversation FlagHill_Emma_1 Text section:FlagHill_Emma_1 keyword:Redirect
504255453473,"Oh, I love mines! All tunnels—hide and seek galore.",,Mouse,ModItemConversation FlagHill_Emma_1 Text section:FlagHill_Emma_1 keyword:Redirect
729259967892,"Well, if we're being honest, taking bad guys' valuables is kind of my hobby.",,Livewire,ModItemConversation FlagHill_Emma_1 Text section:FlagHill_Emma_1 keyword:Redirect
151685000826,"But everything in its time. For now, this island is crawling with <em>Legion</em> militants. They've captured the village and the old fortress. You'll have to liberate the village to have reliable contact with the mainland, but if you liberate the whole island, it'll make a decent forward base. Besides, the locals will be grateful and may help you with information.",,Emma,ModItemConversation FlagHill_Emma_1 Text section:FlagHill_Emma_1 keyword:Redirect
288279210993,I'm full of optimism and ready to act. Just like after a great enema.,,Thor,ModItemConversation FlagHill_Emma_1 Text section:FlagHill_Emma_1 keyword:Redirect
614531946239,So what the hell are we waiting for? Time to kick them in the balls!,,Meltdown,ModItemConversation FlagHill_Emma_1 Text section:FlagHill_Emma_1 keyword:Redirect
436493051543,"Boss, looks like this little island could make a decent base.",,Wolf,ModItemConversation FlagHill_Emma_1 Text section:FlagHill_Emma_1 keyword:Redirect
182787560056,Any more details about the Legion?,,,ModItemConversation FlagHill_Emma_1 KeywordT
976667367308,"The largest illegal armed formation in the region. Their leader calls himself <em>the Major</em>. They seized all our diamond mines. The security detachments didn't even have time to intervene. They're very good at abusing the civilian population, but they lack intelligence and training. Professional soldiers like you will deal with them easily.",,CorazonSantiago,ModItemConversation FlagHill_Emma_1 Text section:FlagHill_Emma_1 keyword:Any more details about the Legion?
598576758828,Baby… no opponent has been born for me yet.,,Buns,ModItemConversation FlagHill_Emma_1 Text section:FlagHill_Emma_1 keyword:Any more details about the Legion?
172412953945,You're lucky—handling dumb bulls is my favorite pastime. It'll be fun!,,Grizzly,ModItemConversation FlagHill_Emma_1 Text section:FlagHill_Emma_1 keyword:Any more details about the Legion?
264836936460,We are very professional soldiers. Victory will be behind us.,,Barry,ModItemConversation FlagHill_Emma_1 Text section:FlagHill_Emma_1 keyword:Any more details about the Legion?
162962457061,"I'll show them my insanely thick biceps and they'll run away in fear. Or I'll crush them flat! HA-HA-HA-HA-HA!",,Steroid,ModItemConversation FlagHill_Emma_1 Text section:FlagHill_Emma_1 keyword:Any more details about the Legion?
182723052012,"It's always pleasant to see an aggressor's reaction when he becomes the victim himself.",,DrQ,ModItemConversation FlagHill_Emma_1 Text section:FlagHill_Emma_1 keyword:Any more details about the Legion?
643144193803,"When my mom found out I was being bullied at school, she showed me how to shoot a pistol. Then she had to show me how to hide the body.",,Grunty,ModItemConversation FlagHill_Emma_1 Text section:FlagHill_Emma_1 keyword:Any more details about the Legion?
473631718058,Who is the Major?,,,ModItemConversation FlagHill_Emma_1 KeywordT
147497512265,"Probably the most powerful warlord in Gran Chien. Little is known about him besides the fact that the Legion has something like a cult of personality around him. The bandits worship him and fear him. To save my father, you'll almost certainly have to face the Major directly.",,Emma,ModItemConversation FlagHill_Emma_1 Text section:FlagHill_Emma_1 keyword:Who is the Major?
973585010358,"Looks like we need to put the guy in his place.",,Ice,ModItemConversation FlagHill_Emma_1 Text section:FlagHill_Emma_1 keyword:Who is the Major?
143706012615,Don't worry. I've seen plenty of Majors like him.,,Red,ModItemConversation FlagHill_Emma_1 Text section:FlagHill_Emma_1 keyword:Who is the Major?
595972913327,"From what I've heard, he's a real clown. Can't wait to meet him.",,Wolf,ModItemConversation FlagHill_Emma_1 Text section:FlagHill_Emma_1 keyword:Who is the Major?
714774766507,"We'll meet him, we'll meet him. My boot—with his ass!",,Meltdown,ModItemConversation FlagHill_Emma_1 Text section:FlagHill_Emma_1 keyword:Who is the Major?
178675939812,No warlord has ever died a natural death. I see no reason to make an exception for him.,,DrQ,ModItemConversation FlagHill_Emma_1 Text section:FlagHill_Emma_1 keyword:Who is the Major?
643437925606,"If he dreams of becoming a god, he's in for an unpleasant surprise.",,Hitman,ModItemConversation FlagHill_Emma_1 Text section:FlagHill_Emma_1 keyword:Who is the Major?
662382605920,"It's an island separated by a strait and easy to defend. It'll serve as a decent base for raids into the Adjani River valley. The people here are compliant but resourceful. Help them—and they'll help you.",,Emma,ModItemConversation FlagHill_Emma_1 Text section:FlagHill_Emma_1 keyword:Tell us about Ernie Island
721083044938,"They'll learn what Dolvich love means!",,Igor,ModItemConversation FlagHill_Emma_1 Text section:FlagHill_Emma_1 keyword:Tell us about Ernie Island
637906203726,"Resourceful is good, but compliant is no good at all. Looks like we need to teach them to fight back... preferably with hollow points.",,Hitman,ModItemConversation FlagHill_Emma_1 Text section:FlagHill_Emma_1 keyword:Tell us about Ernie Island
317185237382,"Oh, wonderful! I already like them.",,MD,ModItemConversation FlagHill_Emma_1 Text section:FlagHill_Emma_1 keyword:Tell us about Ernie Island
413052188191,Good. That's Christian.,,Barry,ModItemConversation FlagHill_Emma_1 Text section:FlagHill_Emma_1 keyword:Tell us about Ernie Island
990397230043,"I'm sure some will be more useful than others, but I'd advise talking to everyone. They may know something that could be helpful.",,Emma,ModItemConversation FlagHill_Emma_1 Text section:FlagHill_Emma_1 keyword:Tell us about Ernie Island
561666316890,"Sorry, I've got a call.",,CorazonSantiago,ModItemConversation FlagHill_Emma_1 Text section:FlagHill_Emma_1 keyword:Tell us about Ernie Island
600284249154,"Yes?.. No!.. Just tell them to wait... Let them wait for the signal, do you understand?",,CorazonSantiago,ModItemConversation FlagHill_Emma_1 Text section:FlagHill_Emma_1 keyword:Tell us about Ernie Island
714959176684,Ahem. Sorry. Where were we?,,CorazonSantiago,ModItemConversation FlagHill_Emma_1 Text section:FlagHill_Emma_1 keyword:Tell us about Ernie Island
383719434844,"Looks like someone's having trouble.",,Livewire,ModItemConversation FlagHill_Emma_1 Text section:FlagHill_Emma_1 keyword:Tell us about Ernie Island
272361527117,"What, your mom? Mine always calls at the worst possible moment too.",,Meltdown,ModItemConversation FlagHill_Emma_1 Text section:FlagHill_Emma_1 keyword:Tell us about Ernie Island
850980540778,Let me guess: getting internet installed at home?,,Grizzly,ModItemConversation FlagHill_Emma_1 Text section:FlagHill_Emma_1 keyword:Tell us about Ernie Island
217338510208,What is it?,,Buns,ModItemConversation FlagHill_Emma_1 Text section:FlagHill_Emma_1 keyword:Tell us about Ernie Island
364162526948,Who called you?,,Barry,ModItemConversation FlagHill_Emma_1 Text section:FlagHill_Emma_1 keyword:Tell us about Ernie Island
429978276975,Any problems?,,Raider,ModItemConversation FlagHill_Emma_1 Text section:FlagHill_Emma_1 keyword:Tell us about Ernie Island
883675160308,Something happen?,,MD,ModItemConversation FlagHill_Emma_1 Text section:FlagHill_Emma_1 keyword:Tell us about Ernie Island
359205355424,That was... an unpleasant conversation.,,DrQ,ModItemConversation FlagHill_Emma_1 Text section:FlagHill_Emma_1 keyword:Tell us about Ernie Island
611022926029,So—bad news?,,Mouse,ModItemConversation FlagHill_Emma_1 Text section:FlagHill_Emma_1 keyword:Tell us about Ernie Island
282727160329,"Is that something we should be worried about? I'm not afraid of a stab in the back. Just don't go any lower.",,Wolf,ModItemConversation FlagHill_Emma_1 Text section:FlagHill_Emma_1 keyword:Tell us about Ernie Island
324723406529,This… well... isn't related to your assignment. I periodically have to deal with minor issues with... logistics. My apologies again. Any other questions?,,CorazonSantiago,ModItemConversation FlagHill_Emma_1 Text section:FlagHill_Emma_1 keyword:Tell us about Ernie Island
595519103007,Good luck. Miss Corazon and I will keep in touch with you by <em>radio</em>.,,Emma,ModItemConversation FlagHill_Emma_1 Text section:FlagHill_Emma_1 keyword:Goodbye
560246133384,Hello again. What did you want to talk about?,,CorazonSantiago,ModItemConversation FlagHill_Corazon_1 Text section:FlagHill_Corazon_1 keyword:Greeting
371244402650,Tell us about the Legion,,,ModItemConversation FlagHill_Corazon_1 KeywordT
514532090320,"The largest illegal armed formation in the region. Their leader calls himself <em>the Major</em>. They seized all our diamond mines. The security detachments didn't even have time to intervene. They're very good at abusing the civilian population, but they lack intelligence and training. Professional soldiers like you will deal with them easily.",,CorazonSantiago,ModItemConversation FlagHill_Corazon_1 Text section:FlagHill_Corazon_1 keyword:Tell us about the Legion
449686482528,"Very little is known about <em>the Major</em> himself. However, we know he, like us, depends on these mines. By taking the deposits back from the Legion, you will undoubtedly force him into an open confrontation—in which we will likely be able to eliminate him.",,CorazonSantiago,ModItemConversation FlagHill_Corazon_1 Text section:FlagHill_Corazon_1 keyword:Tell us about the Legion
255956201170,Get me within shooting distance and I'll make him part of this country's history.,,Raven,ModItemConversation FlagHill_Corazon_1 Text section:FlagHill_Corazon_1 keyword:Tell us about the Legion
843106978769,"So the scary monster doesn't like it when you take his bone away, huh? Good to know.",,Grizzly,ModItemConversation FlagHill_Corazon_1 Text section:FlagHill_Corazon_1 keyword:Tell us about the Legion
813532355903,Open ground is the best place for a climactic shootout!,,Tex,ModItemConversation FlagHill_Corazon_1 Text section:FlagHill_Corazon_1 keyword:Tell us about the Legion
903496103429,There were some other mercenaries,,,ModItemConversation FlagHill_Corazon_1 KeywordT
832474326960,"Yes, we hired a mercenary squad from <em>M.E.R.C.</em>. I assume you're familiar with them.",,CorazonSantiago,ModItemConversation FlagHill_Corazon_1 Text section:FlagHill_Corazon_1 keyword:There were some other mercenaries
502223473508,"Are you out of your damn mind? Who even does that?",,Meltdown,ModItemConversation FlagHill_Corazon_1 Text section:FlagHill_Corazon_1 keyword:There were some other mercenaries
971252296673,"Yeah, I worked with them, but I left. I'd rather die because of my own mistakes.",,Ice,ModItemConversation FlagHill_Corazon_1 Text section:FlagHill_Corazon_1 keyword:There were some other mercenaries
913693290793,We've heard of them.,,Raider,ModItemConversation FlagHill_Corazon_1 Text section:FlagHill_Corazon_1 keyword:There were some other mercenaries
258591428001,"To me they're the diet version of A.I.M. Bland and joyless.",,Buns,ModItemConversation FlagHill_Corazon_1 Text section:FlagHill_Corazon_1 keyword:There were some other mercenaries
150165866674,In my book they're a traveling clown show.,,Grizzly,ModItemConversation FlagHill_Corazon_1 Text section:FlagHill_Corazon_1 keyword:There were some other mercenaries
392322431077,Their main task was to eliminate <em>the Major</em>. Back then he seemed like a much less dangerous opponent to us.,,CorazonSantiago,ModItemConversation FlagHill_Corazon_1 Text section:FlagHill_Corazon_1 keyword:There were some other mercenaries
229167509462,"Naturally, they failed. We haven't heard anything about them since, but the Major is alive and kicking.",,CorazonSantiago,ModItemConversation FlagHill_Corazon_1 Text section:FlagHill_Corazon_1 keyword:There were some other mercenaries
776960955798,"Need to remember to thank Mag again for getting me out of that sketchy outfit.",,Ice,ModItemConversation FlagHill_Corazon_1 Text section:FlagHill_Corazon_1 keyword:There were some other mercenaries
952937350237,"What a surprise.",,Meltdown,ModItemConversation FlagHill_Corazon_1 Text section:FlagHill_Corazon_1 keyword:There were some other mercenaries
281954062325,"As they say… you get what you pay for.",,Buns,ModItemConversation FlagHill_Corazon_1 Text section:FlagHill_Corazon_1 keyword:There were some other mercenaries
842181908732,"Your primary task remains to regain control of the diamond deposits and rescue the President. But if you happen to learn what became of the M.E.R.C. mercenaries, please inform me immediately.",,CorazonSantiago,ModItemConversation FlagHill_Corazon_1 Text section:FlagHill_Corazon_1 keyword:There were some other mercenaries
167496265214,M.E.R.C.?,,,ModItemConversation FlagHill_Corazon_1 KeywordT
320490406222,"We haven't heard from <em>Biff Apscott</em>, their squad commander, since the moment they moved out from Ernie Island.",,CorazonSantiago,ModItemConversation FlagHill_Corazon_1 Text section:FlagHill_Corazon_1 keyword:M.E.R.C.?
696943183879,Biff?! That idiot has one brain cell—and it's in the middle of his ass!,,Meltdown,ModItemConversation FlagHill_Corazon_1 Text section:FlagHill_Corazon_1 keyword:M.E.R.C.?
139915542600,"There's a whole list of reasons I left M.E.R.C. Half of them are named Biff.",,Ice,ModItemConversation FlagHill_Corazon_1 Text section:FlagHill_Corazon_1 keyword:M.E.R.C.?
878445755842,"Commander? Biff couldn't command a hungry poodle even with a pocket full of treats!",,Wolf,ModItemConversation FlagHill_Corazon_1 Text section:FlagHill_Corazon_1 keyword:M.E.R.C.?
396542499336,"All I know is they stayed here only briefly, then went to the mainland. I lost contact with them soon after the landing. I'm sure the locals can tell you more. Biff and his people, how to put it... didn't care much for secrecy.",,CorazonSantiago,ModItemConversation FlagHill_Corazon_1 Text section:FlagHill_Corazon_1 keyword:M.E.R.C.?
426358908346,Eliminate the Major?,,,ModItemConversation FlagHill_Corazon_1 KeywordT
347754309751,"Yes. That was before he kidnapped the President. He seized our diamond mines and refused to negotiate, so I took the only step available to me.",,CorazonSantiago,ModItemConversation FlagHill_Corazon_1 Text section:FlagHill_Corazon_1 keyword:Eliminate the Major?
995928836458,"Obviously it didn't work. I hope my mistake teaches you a lesson: <em>the Major</em> must not be underestimated.",,CorazonSantiago,ModItemConversation FlagHill_Corazon_1 Text section:FlagHill_Corazon_1 keyword:Eliminate the Major?
559173755854,"Where others fail, Igor Dolvich does not!",,Igor,ModItemConversation FlagHill_Corazon_1 Text section:FlagHill_Corazon_1 keyword:Eliminate the Major?
710375581244,I always learn lessons. That's why I have all my fingers.,,Barry,ModItemConversation FlagHill_Corazon_1 Text section:FlagHill_Corazon_1 keyword:Eliminate the Major?
121248531303,"Oh yeah, the guy is clearly dangerous!",,Mouse,ModItemConversation FlagHill_Corazon_1 Text section:FlagHill_Corazon_1 keyword:Eliminate the Major?
333044245251,The diamond mines,,,ModItemConversation FlagHill_Corazon_1 KeywordT
451639115412,"The two closest deposits to us are probably <em>Diamond Red</em> and <em>Mfumu's Mine</em>.",,CorazonSantiago,ModItemConversation FlagHill_Corazon_1 Text section:FlagHill_Corazon_1 keyword:The diamond mines
238723118159,Diamond Red?,,,ModItemConversation FlagHill_Corazon_1 KeywordT
216687927947,"<em>Diamond Red</em> is an open-pit mine located almost due north of the savanna coast. They say <em>the Major</em> mines diamonds there using slave labor.",,CorazonSantiago,ModItemConversation FlagHill_Corazon_1 Text section:FlagHill_Corazon_1 keyword:Diamond Red?
844783435820,"Can't wait to make him regret that.",,Blood,ModItemConversation FlagHill_Corazon_1 Text section:FlagHill_Corazon_1 keyword:Diamond Red?
537564244740,"Those who use methods like that belong in textbooks... and in graveyards.",,Grunty,ModItemConversation FlagHill_Corazon_1 Text section:FlagHill_Corazon_1 keyword:Diamond Red?
311501655844,"When I hear about stuff like that, I get very angry... even though I'm not really an angry person.",,Thor,ModItemConversation FlagHill_Corazon_1 Text section:FlagHill_Corazon_1 keyword:Diamond Red?
768450270814,Mfumu's Mine?,,,ModItemConversation FlagHill_Corazon_1 KeywordT
658567123520,"<em>Alphonse Lafontaine</em> ordered the excavation of Mfumu's ancient palace to raise national morale after the revolution. But soon after the digs began, diamonds were found there. Now the deposit is simply called <em>Mfumu's Mine</em>.",,CorazonSantiago,ModItemConversation FlagHill_Corazon_1 Text section:FlagHill_Corazon_1 keyword:Mfumu's Mine?
969182680128,"When money becomes more important than culture, humanity itself becomes the victim.",,DrQ,ModItemConversation FlagHill_Corazon_1 Text section:FlagHill_Corazon_1 keyword:Mfumu's Mine?
777356371290,What a shame. How many ancient stories will vanish without a trace...,,Kalyna,ModItemConversation FlagHill_Corazon_1 Text section:FlagHill_Corazon_1 keyword:Mfumu's Mine?
694086737023,"A tale as old as the world. I'm not even angry, I'm… disappointed, I guess.",,Blood,ModItemConversation FlagHill_Corazon_1 Text section:FlagHill_Corazon_1 keyword:Mfumu's Mine?
916304309968,"Good luck. I'll keep in touch with you by radio, but you're free to return whenever necessary.",,CorazonSantiago,ModItemConversation FlagHill_Corazon_1 Text section:FlagHill_Corazon_1 keyword:Goodbye
270037332702,Goodbye.,,CorazonSantiago,ModItemConversation FlagHill_Corazon_1 Text section:FlagHill_Corazon_1 keyword:Goodbye
207424840986,"Please, listen to me! I'm not responsible for the shit that <em>Emma</em> and <em>Faucheux</em> dragged you into.",,CorazonSantiago,ModItemConversation Corazon_Defeated Text section:Corazon_Defeated keyword:Greeting
366072662569,Me too! Don't forget me!,,Spike,ModItemConversation Corazon_Defeated Text section:Corazon_Defeated keyword:Greeting
135429352585,"They're clearly using you for their dirty business. I'll help you bail... Money, passports... anything! Just don't hit me!",,CorazonSantiago,ModItemConversation Corazon_Defeated Text section:Corazon_Defeated keyword:Greeting
802951575607,You can never have too much violence! Ha-ha-ha!,,Fidel,ModItemConversation Corazon_Defeated Text section:Corazon_Defeated keyword:Greeting
720032985962,"My team isn't for sale, miss.",,Raider,ModItemConversation Corazon_Defeated Text section:Corazon_Defeated keyword:Greeting
932705596066,"Keep talking. If I like it, I'll say so.",,Magic,ModItemConversation Corazon_Defeated Text section:Corazon_Defeated keyword:Greeting
381415625949,Faucheux is dead,,,ModItemConversation Corazon_Defeated KeywordT
920600866212,Yes?.. Alright then!,,CorazonSantiago,ModItemConversation Corazon_Defeated Text section:Corazon_Defeated keyword:Faucheux is dead
202718980590,Faucheux escaped,,,ModItemConversation Corazon_Defeated KeywordT
850242048360,Ah... What a pity!,,CorazonSantiago,ModItemConversation Corazon_Defeated Text section:Corazon_Defeated keyword:Faucheux escaped
303592452915,FaucheuxRedirect,,,ModItemConversation Corazon_Defeated KeywordT
114167501942,"He's the one to blame for everything. He <em>gassed</em> all those innocent people to frame you! You can't build any kind of business in this country—there's nothing but blood and chaos everywhere. If you let me go, I'll devote all my efforts to restoring your good name.",,CorazonSantiago,ModItemConversation Corazon_Defeated Text section:Corazon_Defeated keyword:FaucheuxRedirect
826964241356,"Your 'business' isn't what the people of Gran Chien need.",,PierreMerc,ModItemConversation Corazon_Defeated Text section:Corazon_Defeated keyword:FaucheuxRedirect
309495096893,"No offense, but your 'efforts' aren't particularly impressive at the moment.",,Kalyna,ModItemConversation Corazon_Defeated Text section:Corazon_Defeated keyword:FaucheuxRedirect
985259779158,"Oh, wake up! Your strength right now isn't even enough to make me a sandwich.",,Hitman,ModItemConversation Corazon_Defeated Text section:Corazon_Defeated keyword:FaucheuxRedirect
992815830144,The news didn’t mention gas,,,ModItemConversation Corazon_Defeated KeywordT
859257824691,"Really? Well... yes, why would they? Broadcasting something like that would only spread panic in nearby cities. I just assumed it might have been gas. It's the most practical way to kill a lot of people at once.",,CorazonSantiago,ModItemConversation Corazon_Defeated Text section:Corazon_Defeated keyword:The news didn’t mention gas
887174010463,"Miss, sometimes I don't know when to shut up. Looks like you have the same problem.",,Livewire,ModItemConversation Corazon_Defeated Text section:Corazon_Defeated keyword:The news didn’t mention gas
195293214423,"I'm disappointed. I thought you knew how to lie.",,Buns,ModItemConversation Corazon_Defeated Text section:Corazon_Defeated keyword:The news didn’t mention gas
120906945430,"Darling, the blush is fabulous, but even under it I can see how red you're turning from lying.",,Fox,ModItemConversation Corazon_Defeated Text section:Corazon_Defeated keyword:The news didn’t mention gas
308966518750,"Very convincing. Most people would believe it, but you're not fooling me.",,Magic,ModItemConversation Corazon_Defeated Text section:Corazon_Defeated keyword:The news didn’t mention gas
856348317277,"Hey, Woodenhead, you're about as convincing as a worn-out nag.",,Gus,ModItemConversation Corazon_Defeated Text section:Corazon_Defeated keyword:The news didn’t mention gas
163382338613,"Skin flushing, characteristic eye movements, slightly erratic speech... Yes. She's lying.",,MD,ModItemConversation Corazon_Defeated Text section:Corazon_Defeated keyword:The news didn’t mention gas
735126369488,"I'm sure you're lying. Your aura turned red.",,Thor,ModItemConversation Corazon_Defeated Text section:Corazon_Defeated keyword:The news didn’t mention gas
122074528439,Faucheux is next,,,ModItemConversation Corazon_Defeated KeywordT
235602515858,"If you ask me, it's not worth digging further into the affairs of this godforsaken hole, but it's your decision.",,CorazonSantiago,ModItemConversation Corazon_Defeated Text section:Corazon_Defeated keyword:Faucheux is next
369507054705,What about me?,,,ModItemConversation Corazon_Defeated KeywordT
163849104390,"Hey, you! You have no right to threaten me. I terminated our contract, and then you ran off and turned yourself into some local crime boss!",,CorazonSantiago,ModItemConversation Corazon_Defeated Text section:Corazon_Defeated keyword:What about me?
727630932319,Now that's what I like!,,Spike,ModItemConversation Corazon_Defeated Text section:Corazon_Defeated keyword:What about me?
114419851586,Those mercs never should've dragged you here! Rotting in prison is where you belong!,,CorazonSantiago,ModItemConversation Corazon_Defeated Text section:Corazon_Defeated keyword:What about me?
782932520411,"They dragged me here because we've got some scores to settle. You screwed me over—and then did the same to them.",,Spike,ModItemConversation Corazon_Defeated Text section:Corazon_Defeated keyword:What about me?
198214379288,"No, it's not like that at all...",,CorazonSantiago,ModItemConversation Corazon_Defeated Text section:Corazon_Defeated keyword:What about me?
115689193031,"By the way, thanks. You just publicly admitted you were the one who hired me.",,Spike,ModItemConversation Corazon_Defeated Text section:Corazon_Defeated keyword:What about me?
558380153224,I... You... I'm not talking to you anymore.,,CorazonSantiago,ModItemConversation Corazon_Defeated Text section:Corazon_Defeated keyword:What about me?
647647391956,Is this your signature on this contract?,,,ModItemConversation Corazon_Defeated KeywordT
420411424600,Show the <em>Major's contract</em> with "Adonis",,,ModItemConversation Corazon_Defeated PhraseRolloverText
999560132592,"What is this? A hiring contract with <em>Spike Scallion</em>? No, that's not my signature. I never signed anything with <em>the Major</em>!",,CorazonSantiago,ModItemConversation Corazon_Defeated Text section:Corazon_Defeated keyword:Is this your signature on this contract?
591786561138,We never mentioned the Major,,,ModItemConversation Corazon_Defeated KeywordT
788556639809,"Well… I mean... the fact that the Major is called <em>Spike Scallion</em> is common knowledge.",,CorazonSantiago,ModItemConversation Corazon_Defeated Text section:Corazon_Defeated keyword:We never mentioned the Major
947877047252,Not at all. The Major's true identity is classified.,,Raider,ModItemConversation Corazon_Defeated Text section:Corazon_Defeated keyword:We never mentioned the Major
386132145137,"On the contrary. I spent hours digging through databases and found no links between the former A.I.M. mercenary and the so-called 'Major.' Only his last employer could know that. I suppose that would be you!",,Livewire,ModItemConversation Corazon_Defeated Text section:Corazon_Defeated keyword:We never mentioned the Major
141472428520,"Not true. Only we know that fact—and, unsurprisingly, so do you.",,Buns,ModItemConversation Corazon_Defeated Text section:Corazon_Defeated keyword:We never mentioned the Major
252607005887,"Trying to confuse the hunter, the fox led him straight to her den.",,DrQ,ModItemConversation Corazon_Defeated Text section:Corazon_Defeated keyword:We never mentioned the Major
371267913987,"That fact is known only to you, Woodenhead. And I'm very curious how you found out.",,Gus,ModItemConversation Corazon_Defeated Text section:Corazon_Defeated keyword:We never mentioned the Major
304361646892,"Terribly sorry, but I believe you're mistaken. The fact that Spike Scallion is the Major could only be known by... well, the one who hired him to play the role of the Major.",,Sidney,ModItemConversation Corazon_Defeated Text section:Corazon_Defeated keyword:We never mentioned the Major
608595438432,What about the Major?,,,ModItemConversation Corazon_Defeated KeywordT
485961694059,"I have nothing to do with that psychopath. He's been trying to extort money from me ever since I appointed him regional director of Adonis. Though for me, that's just an occupational hazard.",,CorazonSantiago,ModItemConversation Corazon_Defeated Text section:Corazon_Defeated keyword:What about the Major?
361846663567,"I don't know what the Major wanted, but it sure as hell wasn't your dirty money.",,PierreMerc,ModItemConversation Corazon_Defeated Text section:Corazon_Defeated keyword:What about the Major?
440943425605,"Oh, poor little thing... everyone's picking on you!",,Red,ModItemConversation Corazon_Defeated Text section:Corazon_Defeated keyword:What about the Major?
821206564162,"How terrible. I've been shot at, blown up, beaten, cut and cursed—but never extorted for money.",,Kalyna,ModItemConversation Corazon_Defeated Text section:Corazon_Defeated keyword:What about the Major?
702917014975,This is not about the money,,,ModItemConversation Corazon_Defeated KeywordT
710862957808,"Then what is it about? You're mercenaries—you work for money! Look, how about I pay for your vacation while I sort out local affairs? You could clearly use one, couldn't you?",,CorazonSantiago,ModItemConversation Corazon_Defeated Text section:Corazon_Defeated keyword:This is not about the money
845130068448,"Fidel doesn't need money. Fidel needs blood, screams and… body parts. Ha-ha.",,Fidel,ModItemConversation Corazon_Defeated Text section:Corazon_Defeated keyword:This is not about the money
460103764590,"First thing you've said that sounds true.",,Fox,ModItemConversation Corazon_Defeated Text section:Corazon_Defeated keyword:This is not about the money
362580473060,"A wolf would give up meat before I'd take a vacation on your dime.",,Wolf,ModItemConversation Corazon_Defeated Text section:Corazon_Defeated keyword:This is not about the money
497954241265,"You could lie low for a while, and once this unfortunate story is forgotten, you'll have plenty of other contracts. I know at least one company that needs people with your talents.",,CorazonSantiago,ModItemConversation Corazon_Defeated Text section:Corazon_Defeated keyword:This is not about the money
690935176243,"You have everything Fidel needs... body parts!",,Fidel,ModItemConversation Corazon_Defeated Text section:Corazon_Defeated keyword:This is not about the money
431483694278,…And there we go with the lies again.,,Fox,ModItemConversation Corazon_Defeated Text section:Corazon_Defeated keyword:This is not about the money
495666542075,"I'll stay as far away as possible from any company you recommend.",,Grizzly,ModItemConversation Corazon_Defeated Text section:Corazon_Defeated keyword:This is not about the money
931582108304,You are not talking your way out of this,,,ModItemConversation Corazon_Defeated KeywordT
655156390901,Fidel came to collect what he's owed.,,Fidel,ModItemConversation Corazon_Defeated Text section:Corazon_Defeated keyword:You are not talking your way out of this
250548265683,"Don't talk nonsense, lady, or I'll spank you myself.",,Nails,ModItemConversation Corazon_Defeated Text section:Corazon_Defeated keyword:You are not talking your way out of this
464325156503,"Hey, bitch! In case you didn't notice, I didn't come here to negotiate. Ask your guards. Oh wait—you can't. They're dead.",,Meltdown,ModItemConversation Corazon_Defeated Text section:Corazon_Defeated keyword:You are not talking your way out of this
255987944044,"Alright, alright, no need to threaten me!.. I'll tell you everything you ask.",,CorazonSantiago,ModItemConversation Corazon_Defeated Text section:Corazon_Defeated keyword:You are not talking your way out of this
484847398454,You are involved in all this,,,ModItemConversation Corazon_Defeated KeywordT
564390066553,"I'm just a victim of circumstances. I came here to do business, not to get shot at. I understand you're upset about how things turned out, and I'm willing to help you. Let's start over. Tell me what you need.",,CorazonSantiago,ModItemConversation Corazon_Defeated Text section:Corazon_Defeated keyword:You are involved in all this
407496232658,Body parts,,,ModItemConversation Corazon_Defeated KeywordT
439293170620,Ha-ha-ha-ha. Fidel needs body parts.,,Fidel,ModItemConversation Corazon_Defeated Text section:Corazon_Defeated keyword:Body parts
517035312463,Excuse me?..,,CorazonSantiago,ModItemConversation Corazon_Defeated Text section:Corazon_Defeated keyword:Body parts
834081691198,"You have a lot to answer for, ma'am. And you'll do it in court.",,Raider,ModItemConversation Corazon_Defeated Text section:Corazon_Defeated keyword:You will answer in court
988948445303,You'll stand trial. Here or somewhere else.,,Fauda,ModItemConversation Corazon_Defeated Text section:Corazon_Defeated keyword:You will answer in court
387808218425,"Time to pay your debts, Woodenhead!",,Gus,ModItemConversation Corazon_Defeated Text section:Corazon_Defeated keyword:You will answer in court
297806017785,"Miss Santiago, war crimes were committed here. The Hague is waiting for you.",,Len,ModItemConversation Corazon_Defeated Text section:Corazon_Defeated keyword:You will answer in court
456122223737,"I think you'll need a lawyer. I know a few, but I wouldn't recommend them.",,Scully,ModItemConversation Corazon_Defeated Text section:Corazon_Defeated keyword:You will answer in court
659887881705,You need to cleanse your aura... before court.,,Thor,ModItemConversation Corazon_Defeated Text section:Corazon_Defeated keyword:You will answer in court
933327854226,"I admit that sometimes I behaved... improperly, but I'm sure we can reach a mutually beneficial agreement.",,CorazonSantiago,ModItemConversation Corazon_Defeated Text section:Corazon_Defeated keyword:You will answer in court
321176446625,You will answer in court,,,ModItemConversation Corazon_Defeated KeywordT
925696735562,"For what? I did nothing! Faucheux is to blame for everything, and your aggression toward me is completely unfounded. Still, I'm willing to forget everything and settle this amicably.",,CorazonSantiago,ModItemConversation Corazon_Defeated Text section:Corazon_Defeated keyword:You will answer in court
354600588921,You promised to explain everything,,,ModItemConversation Corazon_Defeated KeywordT
964842290636,Start talking. Now!,,,ModItemConversation Corazon_Defeated KeywordT
260179220430,"Alright, just don't torture me. I said I'm ready to help you. What do you need?",,CorazonSantiago,ModItemConversation Corazon_Defeated Text section:Corazon_Defeated keyword:Start talking. Now!
400105882612,Money,,,ModItemConversation Corazon_Defeated KeywordT
581746325747,"Of course, as soon as you release me, I'll make sure you're properly rewarded.",,CorazonSantiago,ModItemConversation Corazon_Defeated Text section:Corazon_Defeated keyword:Money
710970204131,And will you give us a commendation certificate too? Don't forget the certificate.,,Igor,ModItemConversation Corazon_Defeated Text section:Corazon_Defeated keyword:Money
555594981596,"And increase the rations? Some dried venison for me, if possible.",,Omryn,ModItemConversation Corazon_Defeated Text section:Corazon_Defeated keyword:Money
859799876035,And don't forget Stella's compensation. For… moral damages.,,Mouse,ModItemConversation Corazon_Defeated Text section:Corazon_Defeated keyword:Money
802795382127,Information,,,ModItemConversation Corazon_Defeated KeywordT
909841251213,"All this mess was started by <em>Colonel Faucheux</em>. He planned to overthrow the President, your friend <em>Emma Lafontaine's</em> father. He approached me for financial support, but I refused to get involved.",,CorazonSantiago,ModItemConversation Corazon_Defeated Text section:Corazon_Defeated keyword:Information
572241336462,"Yes, of course.",,Raven,ModItemConversation Corazon_Defeated Text section:Corazon_Defeated keyword:Information
694707100106,"At least publicly, right?",,Shadow,ModItemConversation Corazon_Defeated Text section:Corazon_Defeated keyword:Information
492000644772,Yeah right. You were too busy setting mercs against each other.,,Ice,ModItemConversation Corazon_Defeated Text section:Corazon_Defeated keyword:Information
766183871867,"If you let me go, I'll send you everything I know, and then you can eliminate him... if that's what your contract requires. The details don't concern me.",,CorazonSantiago,ModItemConversation Corazon_Defeated Text section:Corazon_Defeated keyword:Information
704613799039,The truth,,,ModItemConversation Corazon_Defeated KeywordT
341129834640,"Of course I'll tell you everything I know. I'm sure you'll agree to release me for such information.",,CorazonSantiago,ModItemConversation Corazon_Defeated Text section:Corazon_Defeated keyword:The truth
868845792035,"Try to be convincing. You know you can't fool me.",,Spike,ModItemConversation Corazon_Defeated Text section:Corazon_Defeated keyword:The truth
651056630336,Don't worry about that. What we need from you now is a full and honest confession.,,Raider,ModItemConversation Corazon_Defeated Text section:Corazon_Defeated keyword:The truth
946700790513,"I suppose we'll burn that bridge when we come to it.",,Wolf,ModItemConversation Corazon_Defeated Text section:Corazon_Defeated keyword:The truth
682404983026,"I made contact with <em>Colonel Faucheux</em>, who planned to overthrow the President, your friend <em>Emma Lafontaine's</em> father.",,CorazonSantiago,ModItemConversation Corazon_Defeated Text section:Corazon_Defeated keyword:The truth
892007652672,"Sing, little bird, sing.",,Ivan,"ModItemConversation Corazon_Defeated Text reference to “The Little Golden Calf”/”The Twelve Chairs” - meaning ""The ice is breaking"" section:Corazon_Defeated keyword:The truth"
853795630059,Not a bad appetizer. Let's move on to the main course.,,Blood,ModItemConversation Corazon_Defeated Text section:Corazon_Defeated keyword:The truth
339059540901,"He needed money... or maybe mercenaries?",,Fauda,ModItemConversation Corazon_Defeated Text section:Corazon_Defeated keyword:The truth
312080382125,"In exchange for financial support, he promised me a monopoly on diamond mining in the valley, but I swear I had no idea he planned to kill those people to frame you. Here's the <em>contract</em> I signed with him. Please, let me go.",,CorazonSantiago,ModItemConversation Corazon_Defeated Text section:Corazon_Defeated keyword:The truth
314310431004,Now that's more like it!,,Len,ModItemConversation Corazon_Defeated Text section:Corazon_Defeated keyword:The truth
805182191875,First time in my life I've seen a real contract with the devil.,,Barry,ModItemConversation Corazon_Defeated Text section:Corazon_Defeated keyword:The truth
456181393675,"Surprised it isn't signed in blood.",,Grunty,ModItemConversation Corazon_Defeated Text section:Corazon_Defeated keyword:The truth
583633837579,"Die, bitch!",,,ModItemConversation Corazon_Defeated KeywordT
720867182600,"You're standing at death's door. I'm very curious what thoughts are filling your head right now.",,Reaper,"ModItemConversation Corazon_Defeated Text section:Corazon_Defeated keyword:Die, bitch!"
646869687721,I’ll make it quick... but very painful.,,Flay,"ModItemConversation Corazon_Defeated Text section:Corazon_Defeated keyword:Die, bitch!"
469661400353,Old Spike came to collect his share... and a little extra.,,Spike,"ModItemConversation Corazon_Defeated Text section:Corazon_Defeated keyword:Die, bitch!"
613570290071,"No, no, please, don't kill me...",,CorazonSantiago,"ModItemConversation Corazon_Defeated Text section:Corazon_Defeated keyword:Die, bitch!"
935043220528,Stay here. You are under arrest,,,ModItemConversation Corazon_Defeated KeywordT
260179220430,"Alright, just don't torture me. I said I'm ready to help you. What do you need?",,CorazonSantiago,ModItemConversation Corazon_Defeated Text section:Corazon_Defeated keyword:Stay here. You are under arrest
367108794284,Leave this country,,,ModItemConversation Corazon_Defeated KeywordT
822850880670,"Yes, of course. I don't want to get involved in this anymore.",,CorazonSantiago,ModItemConversation Corazon_Defeated Text section:Corazon_Defeated keyword:Leave this country
626656126580,See you in court. And don't make me come looking for you.,,Raider,ModItemConversation Corazon_Defeated Text section:Corazon_Defeated keyword:Leave this country
923552389671,"Get out while you still can. And don't ever set foot in this city again!",,Tex,ModItemConversation Corazon_Defeated Text section:Corazon_Defeated keyword:Leave this country
746782557948,"You'll still have to testify in court, sweetheart. Don't make us chase you down.",,Scope,ModItemConversation Corazon_Defeated Text section:Corazon_Defeated keyword:Leave this country
651040808250,"Ha-ha, Herman, you dance like a pregnant pig! Higher knees!",,LegionRaider,ModItemConversation Herman_1 Text section:Herman_1 keyword:Greeting2
282865324856,"Why?! I told you everything you asked!",,Herman,ModItemConversation Herman_1 Text section:Herman_1 keyword:Greeting2
124111237846,"Yeah, you sold out your buddy. Good job. Now I want you to dance on the <em>minefield</em>. Survive and you'll get paid.",,LegionRaider,ModItemConversation Herman_1 Text section:Herman_1 keyword:Greeting2
357107362756,"I don't need the money, just let me go!..",,Herman,ModItemConversation Herman_1 Text section:Herman_1 keyword:Greeting2
858245047843,"...Oh holy chicken leg, I think I stepped on—",,Herman,ModItemConversation Herman_1 Text section:Herman_1 keyword:Greeting2
791279735899,Let him go,,,ModItemConversation Herman_1 KeywordT
165306391611,"Sir, I ask you to cease fire on the man in the minefield.",,Raider,ModItemConversation Herman_1 Text section:Herman_1 keyword:Let him go
350171780028,Enough screwing around. Let the poor guy go.,,Grizzly,ModItemConversation Herman_1 Text section:Herman_1 keyword:Let him go
235599288424,"Maybe it's not my place, but I think you're being too cruel to him.",,Livewire,ModItemConversation Herman_1 Text section:Herman_1 keyword:Let him go
306228815291,"Oh! Fidel loves mines too! Maybe I take those mines. And you run while you still have legs?!",,Fidel,ModItemConversation Herman_1 Text section:Herman_1 keyword:Get out of here
919290748274,"Only a minefield stands between us, you idiot. And my bullet doesn't need boots to cross it.",,Meltdown,ModItemConversation Herman_1 Text section:Herman_1 keyword:Get out of here
483250742133,Alright, alright. That's it. Fun's over. Let's go find some booze.,,LegionRaider,ModItemConversation Herman_1 Text section:Herman_1 keyword:Get out of here
118462598598,Get out of here,,,ModItemConversation Herman_1 KeywordT
106727324111,"Get out of here, and don't show your face again—or I'll knock the spirit out of you!",,Steroid,ModItemConversation Herman_1 Text section:Herman_1 keyword:Get out of here
160940183001,Stop immediately and disperse!,,Raven,ModItemConversation Herman_1 Text section:Herman_1 keyword:Get out of here
575037729025,"Alright, they ran off scared! You'll end up shooting each other!",,Wolf,ModItemConversation Herman_1 Text section:Herman_1 keyword:Get out of here
236527406375,CombatRedirect,,,ModItemConversation Herman_1 KeywordT
887141502836,"Who are you?! Actually, don't tell me—I don't care. First we'll kill you, then that rat.",,LegionRaider,ModItemConversation Herman_1 Text section:Herman_1 keyword:CombatRedirect
924177724087,Merde! Kill them all!,,LegionRaider,ModItemConversation Herman_1 Text section:Herman_1 keyword:Die!
809987209632,"I don't know who you are, but I owe you my life!",,Herman,ModItemConversation Herman_2 Text section:Herman_2 keyword:Greeting
732822953197,"Then know this: you were saved by the mighty hands of Bobby Gontarski!",,Steroid,ModItemConversation Herman_2 Text section:Herman_2 keyword:Greeting
614953454563,Keep your life for yourself! Unlock your potential!,,Thor,ModItemConversation Herman_2 Text section:Herman_2 keyword:Greeting
922502116699,"Hope I get a medal for this.",,Igor,ModItemConversation Herman_2 Text section:Herman_2 keyword:Greeting
842723231714,"Well, I should head home, or <em>Marta</em> will start nagging me... How much longer can this go on, for God's sake...",,Herman,ModItemConversation Herman_2 Text section:Herman_2 keyword:Greeting
135476786296,What’s this all about?,,,ModItemConversation Herman_2 KeywordT
146310410908,Damn <em>Legion</em>!,,Herman,ModItemConversation Herman_2 Text section:Herman_2 keyword:What’s this all about?
165094455716,Are you the one that was kidnapped by the Legion?,,,ModItemConversation Herman_2 KeywordT
806646706819,"Yeah... They promised to pay me—and you can see how that turned out!",,Herman,ModItemConversation Herman_2 Text section:Herman_2 keyword:Are you the one that was kidnapped by the Legion?
852875594479,What happened?,,,ModItemConversation Herman_2 KeywordT
402037263054,"They came into the village and started looting. Then that idiot <em>Tinhay</em> shot at them! They began beating and interrogating people, and I... told them who did it.",,Herman,ModItemConversation Herman_2 Text section:Herman_2 keyword:What happened?
515781603752,What?! So you're a snitch? Daamn.,,Ice,ModItemConversation Herman_2 Text section:Herman_2 keyword:What happened?
245208346289,"You ratted him out? Uh-oh, not good. Always liked quiet little mice more than rats.",,Mouse,ModItemConversation Herman_2 Text section:Herman_2 keyword:What happened?
255398991603,Nobody likes rats.,,Meltdown,ModItemConversation Herman_2 Text section:Herman_2 keyword:What happened?
231780475358,"I thought they'd just punch him in the face. Who knew they'd shoot him?!",,Herman,ModItemConversation Herman_2 Text section:Herman_2 keyword:What happened?
304755419820,"Yeah. Who would have guessed armed criminals might kill someone?",,Raven,ModItemConversation Herman_2 Text section:Herman_2 keyword:What happened?
568044686333,"Bad, man. Very bad.",,Ice,ModItemConversation Herman_2 Text section:Herman_2 keyword:What happened?
967893164704,Desperados don't punch faces. They just shoot.,,Tex,ModItemConversation Herman_2 Text section:Herman_2 keyword:What happened?
353341976896,"Then they dragged me here. I thought I was done for...",,Herman,ModItemConversation Herman_2 Text section:Herman_2 keyword:What happened?
450719094920,"I'd love to talk more, but my wife <em>Marta</em> is waiting for me.",,Herman,ModItemConversation Herman_2 Text section:Herman_2 keyword:Tell us...
473243993904,How about Deedee?,,,ModItemConversation Herman_2 KeywordT
374042501226,My wife's got questions about a girl named <em>Deedee</em>.,,Fox,ModItemConversation Herman_2 Text section:Herman_2 keyword:How about Deedee?
106468230349,"Your old lady says you've got a side piece—some <em>Deedee</em>.",,Ice,ModItemConversation Herman_2 Text section:Herman_2 keyword:How about Deedee?
613533777959,"Your wife said there's an evil witch named <em>Deedee</em> living around here somewhere.",,Kalyna,ModItemConversation Herman_2 Text section:Herman_2 keyword:How about Deedee?
392499589986,"What, again? Oh no! Don't tell me I'm in trouble again because of that idiot. She kissed me ONE time when I brought her something from the shop, and Martha still can't forget it. Nothing happened between us! I wouldn't go near her without a sapper suit... and I don't advise you to either.",,Herman,ModItemConversation Herman_2 Text  section:Herman_2 keyword:How about Deedee?
127354946460,"Ha! The girl scares me more than all the bandits put together!",,Mouse,ModItemConversation Herman_2 Text  section:Herman_2 keyword:How about Deedee?
418921082890,"I think she's a decent lady.",,Red,ModItemConversation Herman_2 Text  section:Herman_2 keyword:How about Deedee?
712794925043,"Crazy idiots are bad. Crazy idiots with bombs... that's extremely bad.",,Steroid,ModItemConversation Herman_2 Text  section:Herman_2 keyword:How about Deedee?
904059892650,"She's completely nuts! Ahem, I mean the girl, of course, not my wife. Obviously not my wife.",,Herman,ModItemConversation Herman_2 Text  section:Herman_2 keyword:How about Deedee?
833546185179,"Sunshine, you need to figure that out for yourself.",,Fox,ModItemConversation Herman_2 Text  section:Herman_2 keyword:How about Deedee?
207014777776,"Yeah, got it.",,Ice,ModItemConversation Herman_2 Text  section:Herman_2 keyword:How about Deedee?
311779845580,"Riiight.",,Raven,ModItemConversation Herman_2 Text  section:Herman_2 keyword:How about Deedee?
667595871645,"Just let the thing about <em>Tinhay</em> stay between us, okay? Otherwise the village might get the wrong idea.",,Herman,ModItemConversation Herman_2 Text  section:Herman_2 keyword:Goodbye
618023136945,"What's there to misunderstand? You ratted out a comrade. Time to face the music.",,Ice,ModItemConversation Herman_2 Text  section:Herman_2 keyword:Goodbye
579511437188,"And we're still not mentioning Deedee at all?",,Fox,ModItemConversation Herman_2 Text  section:Herman_2 keyword:Goodbye
595340078332,"What? I'm telling you again, nothing happened!.. Mein Gott, what have I gotten myself into...",,Herman,ModItemConversation Herman_2 Text  section:Herman_2 keyword:Goodbye
673011415792,"I think there's only one way to understand this. If I counted correctly.",,Omryn,ModItemConversation Herman_2 Text  section:Herman_2 keyword:Goodbye
797358386260,"I totally get you. People are such prudes!",,Livewire,ModItemConversation Herman_2 Text  section:Herman_2 keyword:Goodbye
141319539633,"Listen, I know you don't work for free, but I'll reward you when I get back to the shop... I'll give you everything, just please: keep my secret! Deal?",,Herman,ModItemConversation Herman_2 Text  section:Herman_2 keyword:Goodbye
556241067985,"Okay, we won't tell",,,ModItemConversation Herman_2 KeywordT
798273607806,"Thank you! You've saved my life again! Come to the shop — and I'll give you everything I have.",,Herman,"ModItemConversation Herman_2 Text  section:Herman_2 keyword:Okay, we won't tell"
631359419875,"Yeah, like they say, silence is golden.",,Ice,"ModItemConversation Herman_2 Text  section:Herman_2 keyword:Okay, we won't tell"
126848372631,"Don't worry, we won't spill your secret!",,Meltdown,"ModItemConversation Herman_2 Text  section:Herman_2 keyword:Okay, we won't tell"
706375361526,"Yeah. In that case I'll be quiet as… well… you know.",,Mouse,"ModItemConversation Herman_2 Text  section:Herman_2 keyword:Okay, we won't tell"
666454699911,We can't promise,,,ModItemConversation Herman_2 KeywordT
777469532430,"When will my torment end? Please, no. They'll kill me! And if something happens to me, who will take care of my Martha?",,Herman,ModItemConversation Herman_2 Text  section:Herman_2 keyword:We can't promise
979184163111,"Sorry, I don't deal with rats.",,Ice,ModItemConversation Herman_2 Text  section:Herman_2 keyword:We can't promise
749388017899,"I won't judge you, but your fellow villagers have every right to.",,Raider,ModItemConversation Herman_2 Text  section:Herman_2 keyword:We can't promise
296034893002,"I'm sure dear Martha can take care of herself.",,Buns,ModItemConversation Herman_2 Text  section:Herman_2 keyword:We can't promise
222541729395,"Who are you people? You're soldiers, but not from the <em>Legion</em>. Who sent you?",,Luc,ModItemConversation Ernie_Luc Text  section:Ernie_Luc keyword:Greeting
254294094138,Emma LaFontaine sent us,,,ModItemConversation Ernie_Luc KeywordT
359587331904,"Emma? The president's daughter? She's alive? I'm so glad! I wanted to leave the village and tell her about the Legion's plans to capture her, but my... my son <em>Pierre</em> was against it.",,Luc,ModItemConversation Ernie_Luc Text  section:Ernie_Luc keyword:Emma LaFontaine sent us
711124650892,Prefer not to say,,,ModItemConversation Ernie_Luc KeywordT
350805934900,"But... well, of course. I hope you're fighting the Legion to help Emma LaFontaine. I wanted to leave the village and tell her that the Legion wants to capture her, but my... my son <em>Pierre</em> was against it.",,Luc,ModItemConversation Ernie_Luc Text  section:Ernie_Luc keyword:Prefer not to say
388257124053,"He commands the <em>Legion</em> forces on the island, but he's not really one of them. I mean, he's not like them at heart. He's a good boy. If you've come to fight the Legion, please, try to spare my son.",,Luc,ModItemConversation Ernie_Luc Text  section:Ernie_Luc keyword:Redirect
757955844485,We'll do our best to spare Pierre,,,ModItemConversation Ernie_Luc KeywordT
178831362394,"Thank you! You have hearts of gold! You've given me hope.",,Luc,ModItemConversation Ernie_Luc Text  section:Ernie_Luc keyword:We'll do our best to spare Pierre
725909423124,promised <em>Luc</em> to spare Pierre,,,ModItemConversation Ernie_Luc SpecialConversationMessage
708200830097,Pierre is a criminal!,,,ModItemConversation Ernie_Luc KeywordT
119537904310,"Fidel doesn't like this Pierre! Pfft! It'll be easier for you, I'll kill him — don't worry.",,Fidel,ModItemConversation Ernie_Luc Text  section:Ernie_Luc keyword:Pierre is a criminal!
476268743634,"Yes... yes, I probably deserve this. But please, don't mock an old man.",,Luc,ModItemConversation Ernie_Luc Text  section:Ernie_Luc keyword:Pierre is a criminal!
384075125143,"Mercenaries, I beg you. I know you're not here to return a son to an old man, but please, if you see Pierre again, spare him.",,Luc,ModItemConversation Ernie_Luc Text  section:Ernie_Luc keyword:Goodbye
726073854853,"Thank you, friends! My boy is alive — thanks to you. If I die today, I'll die happy. Here, I was saving this for Pierre. Take it, I insist!",,Luc,ModItemConversation Ernie_Luc Text  section:Ernie_Luc keyword:Greeting10
462142857885,"It's a real shame it all ended like this. Now that we've raised a hand against one of our own, the village will never be the same again.",,Luc,ModItemConversation Ernie_Luc Text  section:Ernie_Luc keyword:Greeting7
766564409607,"I'm so glad you convinced Basil not to hang <em>Herman</em>. If we'd raised a hand against one of our own, the village would never be the same again.",,Luc,ModItemConversation Ernie_Luc Text  section:Ernie_Luc keyword:Greeting8
512922049926,"We came here escaping violence, and now we're resorting to violence to protect ourselves. Truly, this cursed country knows no peace.",,Luc,ModItemConversation Ernie_Luc Text  section:Ernie_Luc keyword:Greeting9
638994977276,Any news about <em>Pierre</em>?, ,Luc,ModItemConversation Ernie_Luc Text  section:Ernie_Luc keyword:Greeting2
981370948077,Bonjour! Glad to see good friends.,,Luc,ModItemConversation Ernie_Luc Text  section:Ernie_Luc keyword:Greeting6
994584443885,"They say you fought <em>Pierre</em>! You killed him, didn't you? And yet you... you promised to spare him! Why give an old man hope and then break his heart?",,Luc,ModItemConversation Ernie_Luc Text  section:Ernie_Luc keyword:GreetingDead1
347222355033,"They say you fought <em>Pierre</em>! You killed him, didn't you? No! No, my boy!..",,Luc,ModItemConversation Ernie_Luc Text  section:Ernie_Luc keyword:GreetingDead2
700613658920,Leave me alone with my grief!, ,Luc,ModItemConversation Ernie_Luc Text  section:Ernie_Luc keyword:GreetingDead3
544983199891,What's the story with Pierre?,,,ModItemConversation Ernie_Luc KeywordT
595922171434,"He... He doesn't understand what <em>choice</em> I had to make. He doesn't respect me or listen to me. But maybe he'll listen to you. He's <em>gone astray</em>. Show him that this path only leads to death.",,Luc,ModItemConversation Ernie_Luc Text  section:Ernie_Luc keyword:What's the story with Pierre?
796221158307,"Wisdom comes to the diligent, not the stubborn.",,DrQ,ModItemConversation Ernie_Luc Text  section:Ernie_Luc keyword:What's the story with Pierre?
974861477890,What choices?,,,ModItemConversation Ernie_Luc KeywordT
725878901646,"When river pirates killed my wife, I gathered a group of friends, took my son and moved to <em>Ernie Island</em>, far from the war. But <em>Pierre</em>... well, he didn't understand why I didn't want revenge. And he ran away from me to the Legion.",,Luc,ModItemConversation Ernie_Luc Text  section:Ernie_Luc keyword:What choices?
440073674464,"Pierre is just ""misguided""?",,,ModItemConversation Ernie_Luc KeywordT
389501344350,"Pierre knew what honor was from childhood. But the Legion corrupted him, forced him to do bad things for the sake of discipline and strength. Now he can't tell justice from cruelty.",,Luc,"ModItemConversation Ernie_Luc Text  section:Ernie_Luc keyword:Pierre is just ""misguided""?"
982598344010,Tell us about Ernie Island,,,ModItemConversation FlagHill_Emma_1 KeywordT
595672343906,"Pierre hates this island, but at the same time wants to protect it. When we came here with friends, we dreamed of a quiet haven. Pierre wants the same, but in his own way.",,Luc,ModItemConversation Ernie_Luc Text  section:Ernie_Luc keyword:Tell us about Ernie Island
827591520302,What happened to Tinhay?,,,ModItemConversation Ernie_Luc KeywordT
474421116932,"He was my closest friend. He took care of my son when he was still very little. But when <em>Pierre</em> came back here with new friends from the Legion, they killed old <em>Tinhay</em> like a stray dog. 
And Pierre just watched and didn't even try to intervene.",,Luc,ModItemConversation Ernie_Luc Text  section:Ernie_Luc keyword:What happened to Tinhay?
463826081473,Fidel also likes to watch that kind of thing. Ha-ha!, ,Fidel,ModItemConversation Ernie_Luc Text  section:Ernie_Luc keyword:What happened to Tinhay?
641939906503,Have you seen some other mercenaries?,,,ModItemConversation Ernie_Luc KeywordT
338815231288,"Ah, those... One of them — what's his name? Beef? Bev? I don't remember. Anyway, he was going to sail to that abandoned resort, «<em>Côte d'Azur</em>». I tried to talk him out of it...",,Luc,ModItemConversation Ernie_Luc Text  section:Ernie_Luc keyword:Have you seen some other mercenaries?
192419149041,"There are very treacherous reefs there — that's exactly why construction stopped. But he laughed in my face and said his <em>new boat</em> with a modern fiberglass hull could handle anything.",,Luc,ModItemConversation Ernie_Luc Text  section:Ernie_Luc keyword:Have you seen some other mercenaries?
328189118728,Goodbye.,,Luc,ModItemConversation Ernie_Luc Text  section:Ernie_Luc keyword:Goodbye
388875162568,"It worked! Did you see? It worked! Oh yeah, hi! I'm <em>Boombastic Deedee</em>! You came for my firecrackers, right? I just blew up the last batch, but I can make more!",,Deedee,ModItemConversation Deedee Text  section:Deedee keyword:Greeting
242677370659,Are you okay?,,,ModItemConversation Deedee KeywordT
463929266040,"Big explosion in a small room — trouble. You're not hurt, are you?",,Omryn,ModItemConversation Deedee Text  section:Deedee keyword:Are you okay?
585131381791,"How are you feeling? Dizzy, ringing in the ears?",,MD,ModItemConversation Deedee Text  section:Deedee keyword:Are you okay?
279285702252,"Is your clothes on fire, or is that just your aura?",,Thor,ModItemConversation Deedee Text  section:Deedee keyword:Are you okay?
648071935199,"Oh, don't worry! Explosions are normal around here. I have an anti-shrapnel shield under the workbench, I know how to hide behind it very quickly.",,Deedee,ModItemConversation Deedee Text  section:Deedee keyword:Are you okay?
795796153744,Nice house...,,,ModItemConversation Deedee KeywordT
664332341259,"Interesting place you've got here... The furniture literally screams 'take cover', and the scorch marks on the wall reply 'won't help anyway'.",,Wolf,ModItemConversation Deedee Text  section:Deedee keyword:Nice house...
278045926775,"I should note that there's not much left of it.",,Buns,ModItemConversation Deedee Text  section:Deedee keyword:Nice house...
225291837518,"There are more fires here than in my garage! I approve!",,Vicki,ModItemConversation Deedee Text  section:Deedee keyword:Nice house...
114758288414,"Thanks! By the way, the paint is fireproof. I made it myself. Store-bought stuff doesn't hold up at all.",,Deedee,ModItemConversation Deedee Text  section:Deedee keyword:Nice house...
279389344548,Watch out with that!,,,ModItemConversation Deedee KeywordT
492081531985,"Careful, idiot!",,Meltdown,ModItemConversation Deedee Text  section:Deedee keyword:Watch out with that!
430944505664,"Explosives aren't firecrackers! Explosives are... explosives.",,Barry,ModItemConversation Deedee Text  section:Deedee keyword:Watch out with that!
344206798941,"Are you tired of living or something?",,Wolf,ModItemConversation Deedee Text  section:Deedee keyword:Watch out with that!
362575615024,"Why are you all so mad? No one got hurt. Usually when something explodes, people get mad if they lose their favorite hand, but look — you've still got all your fingers!",,Deedee,ModItemConversation Deedee Text  section:Deedee keyword:Watch out with that!
908093182581,"Hey! Uh-uh. Fidel loses a finger — you lose a leg. Both of them.",,Fidel,ModItemConversation Deedee Text  section:Deedee keyword:Watch out with that!
260813439218,"Hey, hey, lady! Let's keep it that way!",,Red,ModItemConversation Deedee Text  section:Deedee keyword:Watch out with that!
568343595601,"Yeah, but I've got more gray hairs now.",,Grizzly,ModItemConversation Deedee Text  section:Deedee keyword:Watch out with that!
888916594123,"Oh, hi! My name is Bomb — and not just for nothing! Get it?",,Deedee,ModItemConversation Deedee Text  section:Deedee keyword:Greeting2
822978725697,Do you sell explosives?,,,ModItemConversation Deedee KeywordT
133944997432,"Yeah, but I'm running out of supplies. Ah, if you bring me <em>parts</em>, I'll make you <em>firecrackers</em>! Old boring ones are fine, but I've got a couple of new ideas!",,Deedee,ModItemConversation Deedee Text  section:Deedee keyword:Do you sell explosives?
259686519463,"Ho-ho-ho-ho! Fidel would watch that!",,Fidel,ModItemConversation Deedee Text  section:Deedee keyword:Do you sell explosives?
475287020390,"Better the boring ones. I like having two arms and two legs.",,Ice,ModItemConversation Deedee Text  section:Deedee keyword:Do you sell explosives?
299958726808,"Wow! It's like a quest! I'll collect all the parts on this island!",,Kalyna,ModItemConversation Deedee Text  section:Deedee keyword:Do you sell explosives?
327678778994,We can improve the design,,,ModItemConversation Deedee KeywordT
290426013069,"Oh. It's nicely made, but Uncle Fidel will teach you how to save parts. Huh? See the detonator? Ha-ha-ha! It's for demining, but who needs that! Remove it — stuff more explosive in! Ha-ha-ha!",,Fidel,ModItemConversation Deedee Text  section:Deedee keyword:We can improve the design
348585236157,"Wow, super dangerous! I would never have thought of that myself! Thank you so much!",,Deedee,ModItemConversation Deedee Text  section:Deedee keyword:We can improve the design
565171697921,"Such advice seems very questionable to me.",,DrQ,ModItemConversation Deedee Text  section:Deedee keyword:We can improve the design
748960352227,"And the voice in my head is screaming 'bad idea'…",,Mouse,ModItemConversation Deedee Text  section:Deedee keyword:We can improve the design
524552415868,"I have an ominous feeling. Does anyone else have it?",,Raven,ModItemConversation Deedee Text  section:Deedee keyword:We can improve the design
885691479423,Where do we find parts?,,,ModItemConversation Deedee KeywordT
390464785016,"Have you been to the <em>Junkyard</em>? There's a bunker full of all kinds of cool stuff you can make spectacular explosions with!",,Deedee,ModItemConversation Deedee Text  section:Deedee keyword:Where do we find parts?
298478786364,"And there are probably plenty of your Legion buddies there too.",,Raider,ModItemConversation Deedee Text  section:Deedee keyword:Where do we find parts?
415513620959,"That bunker isn't occupied by soldiers, is it?",,Red,ModItemConversation Deedee Text  section:Deedee keyword:Where do we find parts?
116201517125,"Bunker? Maybe there's food supplies there? Aaa, maybe the bandits already ate them all.",,Omryn,ModItemConversation Deedee Text  section:Deedee keyword:Where do we find parts?
820592462879,"Well, yeah, there are Legion boys there, but they're not so bad if you get to know them better. Wait, I'll draw you a map!",,Deedee,ModItemConversation Deedee Text  section:Deedee keyword:Where do we find parts?
488861110344,Required: <color EmStyle>25 parts</color>,,,ModItemConversation Deedee PhraseRolloverText
982637606002,Required: <color EmStyle>15 parts</color>,,,ModItemConversation Deedee PhraseRolloverText
460112610932,"I'd love to, but I need materials. I can't make bombs out of thin air.",,Deedee,ModItemConversation Deedee Text  section:Deedee keyword:Make us some explosives
555613892339,"Ha! Amateur.",,Larry,ModItemConversation Deedee Text  section:Deedee keyword:Make us some explosives
536759496951,"Ooh! What, is it already New Year? Thankies! Come on, let's trade: parts for firecrackers!",,Deedee,ModItemConversation Deedee Text  section:Deedee keyword:Make us some explosives
237524957773,"Then I guess it's time for us to go.",,Ice,ModItemConversation Deedee Text  section:Deedee keyword:Make us some explosives
397180425004,"Honestly, I'm curious. I usually order from a catalog.",,Barry,ModItemConversation Deedee Text  section:Deedee keyword:Make us some explosives
960095550001,"We had a guy in town who sold stuff out of his pickup the same way.",,Meltdown,ModItemConversation Deedee Text  section:Deedee keyword:Make us some explosives
954966894269,Make us some explosives,,,ModItemConversation Deedee KeywordT
854746601877,"Ooh! What, is it already New Year? Thankies! Here, this is my gift for Uncle Fidel and his friends!",,Deedee,ModItemConversation Deedee Text  section:Deedee keyword:Make us some explosives
299751977373,"Oh my god. Fidel is like an uncle who accidentally sets the house on fire at a party with his jokes.",,Mouse,ModItemConversation Deedee Text  section:Deedee keyword:Make us some explosives
387860591529,"'Uncle Fidel'? So that's how they reproduce?",,Fox,ModItemConversation Deedee Text  section:Deedee keyword:Make us some explosives
293325695673,"Fidel became an uncle? We need to drink to that!",,Igor,ModItemConversation Deedee Text  section:Deedee keyword:Make us some explosives
,,,,ModItemConversation Deedee GrantedItemsEditorTextUI
374820773907,Tell us...,,,ModItemConversation Herman_2 KeywordT
678921777037,"Hey! Speak faster, I just set the timer! Hee-hee-hee, <em>kidding</em>! I don't use timers at all! Hee-hee-hee! Oh! <em>Bombs</em> are so much fun!",,Deedee,ModItemConversation Deedee Text  section:Deedee keyword:Tell us...
752664871428,Why ""Boombastic""?,,ModItemConversation Deedee KeywordT
392992508038,"Because that's what they nicknamed me. Or I nicknamed myself. Old grump <em>Basil</em> calls me all sorts of other words, half of which I don't even understand. By the way, what does 'slob' mean?",,Deedee,"ModItemConversation Deedee Text  section:Deedee keyword:Why ""Boombastic""?"
357614346671,"Well, it means you're really good at smashing everything around with your bombs!",,Fidel,"ModItemConversation Deedee Text  section:Deedee keyword:Why ""Boombastic""?"
849955228634,"Yeah, the Legion boys really respect me for it. When they come visit me, they behave very politely and bring all kinds of useful parts for bombs!",,Deedee,"ModItemConversation Deedee Text  section:Deedee keyword:Why ""Boombastic""?"
966043019025,"Sorry to disappoint you, lady, but I'm afraid those boys won't be able to visit you anymore.",,Red,"ModItemConversation Deedee Text  section:Deedee keyword:Why ""Boombastic""?"
556302062434,"I don't want to upset you, but it looks like you'll have fewer customers on the island.",,Blood,"ModItemConversation Deedee Text  section:Deedee keyword:Why ""Boombastic""?"
784879969485,"Not for me to judge, of course, but I think you should find better clients.",,Livewire,"ModItemConversation Deedee Text  section:Deedee keyword:Why ""Boombastic""?"
536217713512,"They're deceiving you, just like all men. They keep the best stuff for themselves!",,Fox,ModItemConversation Deedee Text  section:Deedee keyword:Stop helping the Legion
528178895857,"Those parts, huh? Total junk.",,Barry,ModItemConversation Deedee Text  section:Deedee keyword:Stop helping the Legion
116073481214,"Come on, lady! They give you all kinds of trash!",,Red,ModItemConversation Deedee Text  section:Deedee keyword:Stop helping the Legion
354440729538,"But they don't let me into their fort, and there are so many wonderful things there... If you convince them to let me in, I'll have so many parts I'll be able to make firecrackers for free!",,Deedee,ModItemConversation Deedee Text  section:Deedee keyword:Stop helping the Legion
280781170424,"Uncle Fidel will kick their asses and bring you the best parts.",,Fidel,ModItemConversation Deedee Text  section:Deedee keyword:Stop helping the Legion
569089713012,"Definitely! I promise!",,Livewire,ModItemConversation Deedee Text  section:Deedee keyword:Stop helping the Legion
207898515224,convinced <em>Deedee</em> to stop helping the Legion,,,ModItemConversation Deedee SpecialConversationMessage
287963674293,Stop helping the Legion,,,ModItemConversation Deedee KeywordT
525705150892,"But... but... they're nice! They give me parts for firecrackers!",,Deedee,ModItemConversation Deedee Text  section:Deedee keyword:Stop helping the Legion
364343867625,"This is unacceptable! They're using your explosives to terrorize the population.",,Raider,ModItemConversation Deedee Text  section:Deedee keyword:Stop helping the Legion
892341062673,"Well, if that population brings me parts, I'll give them firecrackers so they can terrorize everyone themselves!",,Deedee,ModItemConversation Deedee Text  section:Deedee keyword:Stop helping the Legion
769740648850,"And also... When I make firecrackers, I don't care where they explode. I just love beautiful explosions!",,Deedee,ModItemConversation Deedee Text  section:Deedee keyword:Stop helping the Legion
705309260165,What do you think of Basil?,,,ModItemConversation Deedee KeywordT
959660112567,"He's not bad, he's just different. He likes fixing things. And I like blowing them up.",,Deedee,ModItemConversation Deedee Text  section:Deedee keyword:What do you think of Basil?
401500426103,Why explosives?,,,ModItemConversation Deedee KeywordT
605476269895,"Well, at first it was a hobby. There's a lot of old war junk lying around on the shore — mines, shells... As a kid I loved playing sapper with friends, but then my friends ran out.",,Deedee,ModItemConversation Deedee Text  section:Deedee keyword:Why explosives?
306478899184,"Ah! Eh. Fidel had the same childhood. We played dodgeball with grenades. sighs Golden times.",,Fidel,ModItemConversation Deedee Text  section:Deedee keyword:Why explosives?
376227526518,Know anything about President LaFontaine?,,,ModItemConversation Deedee KeywordT
893586109774,"Uh, what president? Sorry, I don't know him. Hope I didn't accidentally blow him up? People are so careless with mines... As if they don't have any at home, hee-hee-hee!",,Deedee,ModItemConversation Deedee Text  section:Deedee keyword:Know anything about President LaFontaine?
620011986212,"Yes! And Fidel always surprises.",,Fidel,ModItemConversation Deedee Text  section:Deedee keyword:Know anything about President LaFontaine?
236223261177,"Yeah, a mine is an indispensable thing in the household. A minefield in every home!",,Larry,ModItemConversation Deedee Text  section:Deedee keyword:Know anything about President LaFontaine?
302960477139,"I have a cow pasture near my house. Almost a minefield.",,Tex,ModItemConversation Deedee Text  section:Deedee keyword:Know anything about President LaFontaine?
554106182426,"Ha-ha-ha! Explosives are so-oo-oo cool! It just blows your mind! Ha-ha-ha!",,Deedee,ModItemConversation Deedee Text  section:Deedee keyword:Joke
822678596965,...WHAT?,,Grizzly,ModItemConversation Deedee Text  section:Deedee keyword:Joke
947084766313,...Huh?,,Raven,ModItemConversation Deedee Text  section:Deedee keyword:Joke
250925488139,"Ha-ha-ha-ha! Yes! Funny!",,Steroid,ModItemConversation Deedee Text  section:Deedee keyword:Joke
570765357321,"A sapper walks through a minefield... Boom! No mine! No sapper either! Heh-heh, get it?",,Deedee,ModItemConversation Deedee Text  section:Deedee keyword:Joke
999638239606,"Heh-heh... Not bad, lady. Not bad.",,Red,ModItemConversation Deedee Text  section:Deedee keyword:Joke
566904845622,It got through... Unfortunately.,,Barry,ModItemConversation Deedee Text  section:Deedee keyword:Joke
624773179118,"Hm... no.",,Steroid,ModItemConversation Deedee Text  section:Deedee keyword:Joke
912206196515,"You know where sappers go after death? In all directions! Ha-ha-ha-ha-ha!",,Deedee,ModItemConversation Deedee Text  section:Deedee keyword:Joke
212279544856,"Ha-ha-ha-ha! What a cute girl! Huh? Funny!",,Fidel,ModItemConversation Deedee Text  section:Deedee keyword:Joke
214636245612,"Oh, by the way, what do you think of this design? Please test it in action and tell me what happens... if you can.",,Deedee,ModItemConversation Deedee Text says the second sentence quietly  section:Deedee keyword:Joke
872949881697,Joke,,,ModItemConversation Deedee KeywordT
400834756143,"Tick-tock... Heh-heh-heh! What's that ticking? Oh, gonna blow!",,Deedee,ModItemConversation Deedee Text  section:Deedee keyword:Joke
689964284904,Joke explosion,,,ModItemConversation Deedee KeywordT
698280913654,"Heh-heh-heh... Good joke, but it lacks screams in the joke.",,Fidel,ModItemConversation Deedee Text  section:Deedee keyword:Joke explosion
350527392902,"Throw the grenade! Oh, I mean don't throw the grenade! Damn it all to hell! Hey, put it out right now!",,MD,ModItemConversation Deedee Text  section:Deedee keyword:Hands up!
653131942606,"Reach for the sky, little girl!",,Tex,ModItemConversation Deedee Text  section:Deedee keyword:Hands up!
450399969091,I want to see those hands!,,Wolf,ModItemConversation Deedee Text  section:Deedee keyword:Hands up!
732311883484,"No-no-no-no, lower the gun and get out of the workshop! Are you crazy? Do you want to blow us all up?",,Deedee,ModItemConversation Deedee Text  section:Deedee keyword:Hands up!
880118514881,Heh-heh-heh-heh...,,Fidel,ModItemConversation Deedee Text  section:Deedee keyword:Hands up!
482976736771,Die!,,,ModItemConversation Jose_1 KeywordT
696548370710,"Now we'll shut down your little bomb factory!",,Raven,ModItemConversation Deedee Text  section:Deedee keyword:Die!
442133144936,"Die, little explosive demon!",,Omryn,ModItemConversation Deedee Text  section:Deedee keyword:Die!
962435805719,Time for lead!,,Meltdown,ModItemConversation Deedee Text  section:Deedee keyword:Die!
962803371885,"Playing rough, huh? Well, I've got a pocket full of firecrackers specially for shell-shocked types like you!",,Deedee,ModItemConversation Deedee Text  section:Deedee keyword:Die!
145857667402,Die Explosion,,,ModItemConversation Deedee KeywordT
617128859646,Catch!,,Deedee,ModItemConversation Deedee Text  section:Deedee keyword:Die Explosion
386331047600,Sorry...,,,ModItemConversation Deedee KeywordT
726523820443,"Hm. Apology accepted. But don't you dare threaten a firecracker expert again!",,Deedee,ModItemConversation Deedee Text  section:Deedee keyword:Sorry...
460466081001,"Yeah! Exactly!",,Fidel,ModItemConversation Deedee Text  section:Deedee keyword:Sorry...
586177032721,Hands up!,,,ModItemConversation Jose_1 KeywordT
848161864706,"What, wanna cool off?! Well, I'll be your fairy! Wish granted!",,Deedee,ModItemConversation Deedee Text  section:Deedee keyword:Hands up!
549654274476,"All the most boombastic! Nice to scatter!",,Deedee,ModItemConversation Deedee Text  section:Deedee keyword:Goodbye
914926958596,"Wow, you sure know how to put those Legion scoundrels in their place... I wish I could say the same about my <em>husband</em>... They just pointed a gun at him, and he hung his head and went where they led.",,Martha,ModItemConversation Martha_1 Text  section:Martha_1 keyword:Greeting
306616624462,"Every hero in their own way. It's just that not everyone has BICEPS LIKE THAT! Just look at them!",,Steroid,"ModItemConversation Martha_1 Text reference to ""Dr. Horrible's Sing-Along Blog""  section:Martha_1 keyword:Greeting"
127790313907,"You're talking like it's something bad.",,Mouse,ModItemConversation Martha_1 Text  section:Martha_1 keyword:Greeting
405839260163,"That's exactly what I did the first time they pointed a gun at me. And the second. And the third...",,MD,ModItemConversation Martha_1 Text  section:Martha_1 keyword:Greeting
603827246734,"Some guys don't like to fight. I don't get these anti-fighters.",,Wolf,ModItemConversation Martha_1 Text  section:Martha_1 keyword:Greeting
978457442009,"If they didn't kidnap him, he better pray to fall into my hands already dead.",,Martha,ModItemConversation Martha_1 Text  section:Martha_1 keyword:Greeting
282644613635,"Welcome to Martha and Herman's shop... probably just Martha's now.
Now if you'll excuse me, I have a lot of work.",,Martha,ModItemConversation Martha_1 Text  section:Martha_1 keyword:Greeting3
243745806388,"Is my <em>idiot husband</em> still not back? I'm starting to worry.",,Martha,ModItemConversation Martha_1 Text  section:Martha_1 keyword:Greeting2
860938909352,Your husband?,,,ModItemConversation Martha_1 KeywordT
829761527683,"Those scoundrels from the <em>Legion</em> barged in here, drank everything that burns, then dragged Herman outside and said they wanted to pay for his services...",,Martha,ModItemConversation Martha_1 Text  section:Martha_1 keyword:Your husband?
879876096800,"If I had been there, they wouldn't have taken your husband alive!",,Steroid,ModItemConversation Martha_1 Text  section:Martha_1 keyword:Your husband?
226982544048,Did they drink everything?..,,Igor,ModItemConversation Martha_1 Text  section:Martha_1 keyword:Your husband?
839781393939,"I guess stuffing his pockets full of bills wasn't part of their plan?",,Grizzly,ModItemConversation Martha_1 Text  section:Martha_1 keyword:Your husband?
587368152532,"And do you have anything left to eat? Just curious.",,Omryn,ModItemConversation Martha_1 Text  section:Martha_1 keyword:Your husband?
824853246758,"I'm worried about him, but I'm having vague doubts about this whole adventure again!",,Martha,"ModItemConversation Martha_1 Text emphasis on ""I am""  section:Martha_1 keyword:Your husband?"
423073816095,We'll look for your husband,,,ModItemConversation Martha_1 KeywordT
261707413904,"Thank you! Glad to know there are still decent people in the world. Please, bring my Herman back to me.",,Martha,ModItemConversation Martha_1 Text  section:Martha_1 keyword:We'll look for your husband
481779829623,"Don't worry, though. Omryn is the best tracker. Let's eat now, and then we can go.",,Omryn,ModItemConversation Martha_1 Text  section:Martha_1 keyword:We'll look for your husband
625383267111,"If your husband is alive, then... your husband is alive. And we'll find him.",,Wolf,ModItemConversation Martha_1 Text  section:Martha_1 keyword:We'll look for your husband
413879261286,"Don't worry, we'll deliver him back to you safe and sound.",,MD,ModItemConversation Martha_1 Text  section:Martha_1 keyword:We'll look for your husband
550602548502,"Yes, and if you catch him with that little bitch <em>Deedee</em> from <em>Emerald Beach</em> - be sure to tell me.",,Martha,ModItemConversation Martha_1 Text  section:Martha_1 keyword:We'll look for your husband
888023374290,"And if there were, we'd promote our own approach: the key to a strong family is regular joint shooting sessions!",,Raven,ModItemConversation Martha_1 Text  section:Martha_1 keyword:We'll look for your husband
378296268195,"With all due respect, ma'am, we're not family therapists.",,Raider,ModItemConversation Martha_1 Text  section:Martha_1 keyword:We'll look for your husband
672431494920,"I wish he were as brave as you! Please, bring him back to me.",,Martha,ModItemConversation Martha_1 Text  section:Martha_1 keyword:We'll save your husband!
486438016438,"Don't worry, ma'am. We'll do our best.",,Raider,ModItemConversation Martha_1 Text  section:Martha_1 keyword:We'll save your husband!
593722049931,"Of course, we'll bring him... if you want that.",,Hitman,ModItemConversation Martha_1 Text  section:Martha_1 keyword:We'll save your husband!
660357947305,"Don't worry. We'll deliver your husband back without damaging a single chakra.",,Thor,ModItemConversation Martha_1 Text  section:Martha_1 keyword:We'll save your husband!
499955103515,"I hope he's not with that little bitch <em>Deedee</em> from <em>Emerald Beach</em>. If he went to her, I'll give him a kangaroo face!",,Martha,ModItemConversation Martha_1 Text  section:Martha_1 keyword:We'll save your husband!
905166098481,promised <em>Martha</em> to save Herman,,,ModItemConversation Martha_1 SpecialConversationMessage
290047471909,"Don't worry, ma'am! We'll rescue your poor husband.",,Steroid,ModItemConversation Martha_1 Text  section:Martha_1 keyword:We'll save your husband!
468039687392,"Don't be afraid! We'll punish the villains and return your beloved!",,Kalyna,ModItemConversation Martha_1 Text  section:Martha_1 keyword:We'll save your husband!
624904529495,"Good. We'll return the runaway husband.",,Igor,ModItemConversation Martha_1 Text  section:Martha_1 keyword:We'll save your husband!
220687917889,"What, what could be worse, woman?",,Red,ModItemConversation Martha_1 Text  section:Martha_1 keyword:We'll save your husband!
220796766667,"I'll bring him back. Alive or dead.",,Steroid,ModItemConversation Martha_1 Text  section:Martha_1 keyword:We'll save your husband!
244558524415,"Try to bring him alive, please.",,Martha,ModItemConversation Martha_1 Text  section:Martha_1 keyword:We'll save your husband!
962406195418,"Oh, worse than dead - that's very bad.",,Kalyna,ModItemConversation Martha_1 Text  section:Martha_1 keyword:We'll save your husband!
825541053549,"He might have gotten involved with that little bitch <em>Deedee</em> from <em>Emerald Beach</em>. If so, I'll kill him myself!",,Martha,ModItemConversation Martha_1 Text  section:Martha_1 keyword:We'll save your husband!
974936739438,We'll save your husband!,,,ModItemConversation Martha_1 KeywordT
909750959084,"You're saying that just to comfort me. But in reality, he might be dead! Or worse!",,Martha,ModItemConversation Martha_1 Text  section:Martha_1 keyword:We'll save your husband!
621186886579,"I'm sure he got involved with that little bitch <em>Deedee</em> from <em>Emerald Beach</em>. But that's none of your business!..",,Martha,ModItemConversation Martha_1 Text  section:Martha_1 keyword:We'll save your husband!
884230455095,"Ah, I see... You think he's cheating on you, right?",,Fox,ModItemConversation Martha_1 Text  section:Martha_1 keyword:We'll save your husband!
391493558898,"You think he's with another woman? I can't agree that's worse than death. I think if you calm down a bit...",,Livewire,ModItemConversation Martha_1 Text  section:Martha_1 keyword:We'll save your husband!
801415165107,"'Calm down'?! I'LL GIVE YOU 'CALM DOWN' RIGHT NOW!!!",,Martha,ModItemConversation Martha_1 Text  section:Martha_1 keyword:We'll save your husband!
390315187162,"...If he's with her, I swear, I'll kill him myself!",,Martha,ModItemConversation Martha_1 Text  section:Martha_1 keyword:We'll save your husband!
492440381517,<em>Martha</em> is unhappy,,,ModItemConversation Martha_1 SpecialConversationMessage
751563457207,We saved your husband!,,,ModItemConversation Martha_1 KeywordT
547024292487,"Then where is he? Don't tell me he's with that slut <em>Deedee</em>!.. I'll kill him myself!",,Martha,ModItemConversation Martha_1 Text  section:Martha_1 keyword:We saved your husband!
770555183079,Nothing to worry about,,,ModItemConversation Martha_1 KeywordT
364062624244,"We'll see about that. In any case, Herman has a lot to explain to me. Now, if you'll excuse me, I have a lot of work.",,Martha,ModItemConversation Martha_1 Text  section:Martha_1 keyword:Nothing to worry about
379688955376,Herman has his little secrets,,,ModItemConversation Martha_1 KeywordT
811743856435,"Your man's a womanizer.",,Ice,ModItemConversation Martha_1 Text  section:Martha_1 keyword:Herman has his little secrets
450820488813,"NO KIDDING? We'll see about that! Thanks for telling me - oh, he'll have to tell me EVERYTHING, just wait till he gets home!",,Martha,ModItemConversation Martha_1 Text  section:Martha_1 keyword:Herman has his little secrets
202639740607,Deedee?,,,ModItemConversation Martha_1 KeywordT
897809008443,"'BOOMING Deedee'. Crazy chick, makes explosives for the <em>Legion</em>. Don't give her water, let her blow everything up!",,Martha,ModItemConversation Martha_1 Text  section:Martha_1 keyword:Deedee?
328998729710,M! Fidel likes those!,,Fidel,ModItemConversation Martha_1 Text  section:Martha_1 keyword:Deedee?
312844003501,"So she's an accomplice.",,Raven,ModItemConversation Martha_1 Text  section:Martha_1 keyword:Deedee?
314578928560,"You're describing my nieces. Every one of them.",,Meltdown,ModItemConversation Martha_1 Text  section:Martha_1 keyword:Deedee?
709530499987,"She's had her eye on <em>Herman</em> for a long time. I wouldn't be surprised if she sent those thugs to bring Herman to her!",,Martha,ModItemConversation Martha_1 Text  section:Martha_1 keyword:Deedee?
504337664375,"Well, that's a bit far-fetched.",,Mouse,ModItemConversation Martha_1 Text  section:Martha_1 keyword:Deedee?
808013904988,I'd doubt that strongly!,,Vicki,ModItemConversation Martha_1 Text  section:Martha_1 keyword:Deedee?
525644805671,"Evil witch who kidnaps young guys? I've heard of that.",,Kalyna,ModItemConversation Martha_1 Text  section:Martha_1 keyword:Deedee?
754433106027,Emerald Coast?,,,ModItemConversation Martha_1 KeywordT
677083647189,"It's a nice place - beach and sandy dunes. Herman and I wanted to build a cottage there, but found it littered with mines.",,Martha,ModItemConversation Martha_1 Text  section:Martha_1 keyword:Emerald Coast?
628994024409,"A few mines won't hurt anyone! Well, almost anyone.",,Fidel,ModItemConversation Martha_1 Text  section:Martha_1 keyword:Emerald Coast?
357023838307,"I understand you so well! So hard to find a good house these days.",,Livewire,ModItemConversation Martha_1 Text  section:Martha_1 keyword:Emerald Coast?
225449168526,I get shortness of breath from minefields.,,Omryn,ModItemConversation Martha_1 Text  section:Martha_1 keyword:Emerald Coast?
187735119756,I don't like minelayers. They never clean up after themselves.,,Barry,ModItemConversation Martha_1 Text  section:Martha_1 keyword:Emerald Coast?
247850946771,"I'm sure it's all her doing! That slut!",,Martha,ModItemConversation Martha_1 Text  section:Martha_1 keyword:Emerald Coast?
695021917784,"But... he might be in trouble or... even worse! Another woman might have seduced him! Can't you do anything?",,Martha,ModItemConversation Martha_1 Text  section:Martha_1 keyword:This is none of our business
243044760509,"We're not private detectives. We're not looking for cheaters here.",,Mouse,ModItemConversation Martha_1 Text  section:Martha_1 keyword:This is none of our business
252413091850,"If he dares cheat on me, I'll give him a kangaroo face!",,Martha,ModItemConversation Martha_1 Text  section:Martha_1 keyword:This is none of our business
336198083268,He's probably dead...,,,ModItemConversation Martha_1 KeywordT
623746948350,"You should think about this: instead of flirting with other girls, he might be dead.",,Buns,ModItemConversation Martha_1 Text  section:Martha_1 keyword:He's probably dead...
583484681129,"It's a bummer to say, but he's probably already dead.",,Meltdown,ModItemConversation Martha_1 Text  section:Martha_1 keyword:He's probably dead...
722317074668,"Your Herman is most likely dead, but… we'll find the body if needed.",,Nails,ModItemConversation Martha_1 Text  section:Martha_1 keyword:He's probably dead...
704396677683,"How can you say that to me! You're cruel! I don't even know why I thought you were any different from the Legion savages... I want no more dealings with you.",,Martha,ModItemConversation Martha_1 Text  section:Martha_1 keyword:He's probably dead...
767826499215,"Calm down, woman. We'll see what we can do.",,Red,ModItemConversation Martha_1 Text  section:Martha_1 keyword:He's probably dead...
801415165107,"'Calm down'?! I'LL GIVE YOU 'CALM DOWN' RIGHT NOW!!!",,Martha,ModItemConversation Martha_1 Text  section:Martha_1 keyword:He's probably dead...
572323098107,What about the President?,,,ModItemConversation Martha_1 KeywordT
122810028067,"What president? I beg you. I don't care about politics, my husband is missing!",,Martha,ModItemConversation Martha_1 Text  section:Martha_1 keyword:What about the President?
549346271050,"If Herman is cheating on me, I want to strangle him with my own hands.",,Martha,ModItemConversation Martha_1 Text  section:Martha_1 keyword:Goodbye
766007532839,"Alright, I need to work. Please let me know if you learn anything about my husband.",,Martha,ModItemConversation Martha_1 Text  section:Martha_1 keyword:Goodbye
777239424052,"I saw how you dealt with those Legion bandits. Not bad. But I doubt you did it for free. Alas, we have nothing to pay you for protection.",,GreasyBasil,ModItemConversation GreasyBasil_1 Text  section:GreasyBasil_1 keyword:Greeting
898223872762,"We cleared your town of the Legion on another client's order.",,Raider,ModItemConversation GreasyBasil_1 Text  section:GreasyBasil_1 keyword:We don't require payment
462663650674,"Don't worry. Our client wants to help you. And we will help.",,Buns,ModItemConversation GreasyBasil_1 Text  section:GreasyBasil_1 keyword:We don't require payment
943891981772,"Really? I don't understand what's in it for you, but I'm all for it, of course.",,GreasyBasil,ModItemConversation GreasyBasil_1 Text  section:GreasyBasil_1 keyword:We don't require payment
433642054389,<em>Basil</em> is pleased,,,ModItemConversation GreasyBasil_1 SpecialConversationMessage
411645963465,We don't require payment,,,ModItemConversation GreasyBasil_1 KeywordT
346496975903,"Yeah, yeah. Free cheese is only in a mousetrap. Please, at least don't kill us.",,GreasyBasil,ModItemConversation GreasyBasil_1 Text  section:GreasyBasil_1 keyword:We don't require payment
341083876288,Do I look like a rich guy with sacks of money in his pants?,,GreasyBasil,ModItemConversation GreasyBasil_1 Text  section:GreasyBasil_1 keyword:You can spare some coin
215981072977,"Well, if a man has something in his pants, I notice it right away.",,Fox,ModItemConversation GreasyBasil_1 Text  section:GreasyBasil_1 keyword:You can spare some coin
924159144635,"I don't know what's in your pants, but they clearly aren't your last ones.",,Livewire,ModItemConversation GreasyBasil_1 Text  section:GreasyBasil_1 keyword:You can spare some coin
697360481429,"Alright, perhaps it's better if our money goes to you instead of the Legion. Here, take it - you earned it honestly.",,GreasyBasil,ModItemConversation GreasyBasil_1 Text  section:GreasyBasil_1 keyword:You can spare some coin
353350286540,You can spare some coin,,,ModItemConversation GreasyBasil_1 KeywordT
918651014875,"Look around. Do you really think we're hiding money in the walls? We don't even have proper walls here. Everything we had was already looted by the Legion.",,GreasyBasil,ModItemConversation GreasyBasil_1 Text  section:GreasyBasil_1 keyword:You can spare some coin
333360536421,<em>Basil</em> is unhappy,,,ModItemConversation GreasyBasil_1 SpecialConversationMessage
328092960140,Redirect,,,ModItemConversation Pierre_2 KeywordT
991873754701,"If you really want to <em>help</em> us, better do it before the Legion returns and <em>kills</em> someone else. Wait… Or are you planning to bail like those <em>other mercenaries</em>?",,GreasyBasil,ModItemConversation GreasyBasil_1 Text  section:GreasyBasil_1 keyword:Redirect
883511991160,"What? You hired <em>Pierre</em>? After everything he did here?!",,GreasyBasil,ModItemConversation GreasyBasil_1 Text  section:GreasyBasil_1 keyword:Greeting8
131294188279,"I hope so. I really hope - not for you, but for poor <em>Luc</em>. I almost hanged him for what his unworthy son did.",,GreasyBasil,ModItemConversation GreasyBasil_1 Text  section:GreasyBasil_1 keyword:We will keep him in check
108174733891,"Don't worry, sir. I'll make a good soldier out of this young man.",,Len,ModItemConversation GreasyBasil_1 Text  section:GreasyBasil_1 keyword:We will keep him in check
813249244391,We will keep him in check,,,ModItemConversation GreasyBasil_1 KeywordT
769993302546,"Yeah, yeah, tell that to <em>Tinhay</em>. Don't trust a snake when it promises not to bite. And if you do, you're a fool.",,GreasyBasil,ModItemConversation GreasyBasil_1 Text  section:GreasyBasil_1 keyword:We will keep him in check
424025395776,"You're the fool here, Uncle Basil. Because of your hard-headed stubbornness, you almost hanged Dad.",,PierreMerc,ModItemConversation GreasyBasil_1 Text  section:GreasyBasil_1 keyword:We will keep him in check
884195037124,"Shut up, pup. If I had, it would have been your fault.",,GreasyBasil,ModItemConversation GreasyBasil_1 Text  section:GreasyBasil_1 keyword:We will keep him in check
628897142269,<em>Basil</em> is unhappy,,,ModItemConversation GreasyBasil_1 SpecialConversationMessage
520112077537,It is our decision to make,,,ModItemConversation GreasyBasil_1 KeywordT
615042250119,"Easy to say 'it's our decision', but do you have the strength to carry it out? If that boy causes another death, you'll answer for it.",,GreasyBasil,ModItemConversation GreasyBasil_1 Text  section:GreasyBasil_1 keyword:It is our decision to make
237454323620,"No, I'll answer for it myself. I'm not a stray dog. I know right from wrong.",,PierreMerc,ModItemConversation GreasyBasil_1 Text  section:GreasyBasil_1 keyword:It is our decision to make
531475082181,I doubt it.,,GreasyBasil,ModItemConversation GreasyBasil_1 Text  section:GreasyBasil_1 keyword:It is our decision to make
609676340389,<em>Basil</em> is unhappy,,,ModItemConversation GreasyBasil_1 SpecialConversationMessage
510162300356,All fools deserve a second chance,,,ModItemConversation GreasyBasil_1 KeywordT
547749030570,"<em>Luc</em> said the same thing, and he's a wise man. But wisdom alone isn't enough to defeat stupidity, especially when good people die because of it. Remember that and keep an eye on <em>Pierre</em>.",,GreasyBasil,ModItemConversation GreasyBasil_1 Text  section:GreasyBasil_1 keyword:All fools deserve a second chance
733352944646,"Thanks for taking the time to teach us defense. I must say, that <em>machine gun</em> of yours would have been very useful for the <em>militia</em> you trained. Can you leave it?",,GreasyBasil,ModItemConversation GreasyBasil_1 Text  section:GreasyBasil_1 keyword:Greeting13
666949665943,"I see you have a machine gun! I hope you'll leave it here. It would be very useful for defense against the <em>Legion</em>.",,GreasyBasil,ModItemConversation GreasyBasil_1 Text  section:GreasyBasil_1 keyword:Greeting9
600815246364,MachineGunRedirect,,,ModItemConversation GreasyBasil_1 KeywordT
727261496902,The machine gun is yours,,,ModItemConversation GreasyBasil_1 KeywordT
406153122315,"Eh, nice mower! A bit of oil, new stock - and no Legion will scare us.",,GreasyBasil,ModItemConversation GreasyBasil_1 Text  section:GreasyBasil_1 keyword:The machine gun is yours
935419481624,"Yeah, man. Don't forget to clean and lube the feed tray. This glutton eats very dirty.",,Vicki,ModItemConversation GreasyBasil_1 Text  section:GreasyBasil_1 keyword:The machine gun is yours
300329706971,Why are we leaving the machine gun?,,Fidel,ModItemConversation GreasyBasil_1 Text  section:GreasyBasil_1 keyword:The machine gun is yours
903431602065,"It's a shame to part with this beauty, but now she has a new home.",,Grizzly,ModItemConversation GreasyBasil_1 Text  section:GreasyBasil_1 keyword:The machine gun is yours
118982008485,"Oh, damn. And I really wanted to play with it some more.",,Meltdown,ModItemConversation GreasyBasil_1 Text  section:GreasyBasil_1 keyword:The machine gun is yours
254491909264,"A machine gun is a defensive weapon, not for attack. We don't need it. We're going to attack, though!",,Omryn,ModItemConversation GreasyBasil_1 Text  section:GreasyBasil_1 keyword:The machine gun is yours
639346096962,We'll keep it,,,ModItemConversation GreasyBasil_1 KeywordT
216488275866,"Coconuts-bananas. I understand, don't worry. Probably in your hands it will kill more Legion scumbags than in ours.",,GreasyBasil,ModItemConversation GreasyBasil_1 Text  section:GreasyBasil_1 keyword:We'll keep it
844108465808,"Trust me. I promise, this little beast will always be fed and happy with us.",,Grizzly,ModItemConversation GreasyBasil_1 Text  section:GreasyBasil_1 keyword:We'll keep it
830478250913,"You bet.",,Meltdown,ModItemConversation GreasyBasil_1 Text  section:GreasyBasil_1 keyword:We'll keep it
800691838711,"Yeah. Every time this kitty purrs, I'll pet her and think of you.",,Grunty,ModItemConversation GreasyBasil_1 Text  section:GreasyBasil_1 keyword:We'll keep it
945213070620,"Hm-m-m... Thanks?",,GreasyBasil,ModItemConversation GreasyBasil_1 Text  section:GreasyBasil_1 keyword:We'll keep it
560277227396,"Hi, friends. Thank you for everything you've done for us. Really, thank you. But as long as Pierre's bandits are sitting in the old <em>fort</em>, we won't have any peace.",,GreasyBasil,ModItemConversation GreasyBasil_1 Text  section:GreasyBasil_1 keyword:Greeting11
853415310668,"I never believed foreigners in my life. And now foreigners helped us regain our freedom. Fate likes to test convictions for strength, huh?",,GreasyBasil,ModItemConversation GreasyBasil_1 Text  section:GreasyBasil_1 keyword:Greeting7
629218775434,"The Legion consists of locals. Do you really trust them?",,Wolf,ModItemConversation GreasyBasil_1 Text  section:GreasyBasil_1 keyword:Greeting7
457338671863,"Can't argue with that.",,GreasyBasil,ModItemConversation GreasyBasil_1 Text  section:GreasyBasil_1 keyword:Greeting7
946202303175,"That's exactly how karma works.",,Thor,ModItemConversation GreasyBasil_1 Text  section:GreasyBasil_1 keyword:Greeting7
103131989426,"We came to help you.",,Grizzly,ModItemConversation GreasyBasil_1 Text  section:GreasyBasil_1 keyword:Greeting7
865244332405,"But, you know, I wanted to say this. I was thinking about how a simple mechanic could thank you, and... Here. It looks clumsy, but it works. I hope it'll come in handy.",,GreasyBasil,ModItemConversation GreasyBasil_1 Text  section:GreasyBasil_1 keyword:Greeting7
,,,,ModItemConversation GreasyBasil_1 GrantedItemsEditorTextUI
830209337166,"My nephew says you're freaking awesome. And yeah, I agree with him. Thanks for teaching us to defend ourselves.",,GreasyBasil,ModItemConversation GreasyBasil_1 Text  section:GreasyBasil_1 keyword:Militiatrained3
958307958931,"I enjoyed teaching you to defend yourselves. For too long I've been teaching businessmen to splatter each other with paint from toy guns.",,Wolf,ModItemConversation GreasyBasil_1 Text  section:GreasyBasil_1 keyword:Militiatrained3
225522063439,"When the Legion bandits come next time, you'll be ready to meet them.",,Raider,ModItemConversation GreasyBasil_1 Text  section:GreasyBasil_1 keyword:Militiatrained3
382412632959,"You're thanking too early! They haven't even learned to hold guns properly yet!",,Red,ModItemConversation GreasyBasil_1 Text  section:GreasyBasil_1 keyword:Militiatrained3
989866870255,"He's a very energetic and enduring young man. I adore those!",,Fox,ModItemConversation GreasyBasil_1 Text  section:GreasyBasil_1 keyword:Militiatrained3
791649459030,"Here's how it is: learn fast or die young. Get it?",,Ice,ModItemConversation GreasyBasil_1 Text  section:GreasyBasil_1 keyword:Militiatrained3
986775737098,"Now you're real defenders of your home!",,Tex,ModItemConversation GreasyBasil_1 Text  section:GreasyBasil_1 keyword:Militiatrained3
842132684538,"I'm still not sure I did the right thing. And I'll never be sure. I... I miss him.",,GreasyBasil,ModItemConversation GreasyBasil_1 Text  section:GreasyBasil_1 keyword:Greeting4
650519898246,"It's normal to grieve. Doesn't mean the decision was wrong.",,Mouse,ModItemConversation GreasyBasil_1 Text  section:GreasyBasil_1 keyword:Greeting4
431160001317,"Doing the right thing is one thing. Living with it is something else entirely.",,Thor,ModItemConversation GreasyBasil_1 Text  section:GreasyBasil_1 keyword:Greeting4
610925656189,"That's why you still haven't taken down his body?",,Meltdown,ModItemConversation GreasyBasil_1 Text  section:GreasyBasil_1 keyword:Greeting4
460766812950,"Justice sometimes requires sacrifices. I sympathize with your loss.",,Raider,ModItemConversation GreasyBasil_1 Text  section:GreasyBasil_1 keyword:Greeting4
643290433677,"Sometimes when I see that hanged <em>Herman</em>, I get sad. Then I remember that because of that ferret I almost hanged old <em>Luc</em>.",,GreasyBasil,ModItemConversation GreasyBasil_1 Text spits on the ground  section:GreasyBasil_1 keyword:Greeting5
400314869064,"Nah. The snitch got what he deserved.",,Ice,ModItemConversation GreasyBasil_1 Text  section:GreasyBasil_1 keyword:Greeting5
866957883605,"I won't shed tears for him. He was a whiny jerk.",,Grizzly,ModItemConversation GreasyBasil_1 Text  section:GreasyBasil_1 keyword:Greeting5
792100015031,"You hanged the right one. The rest doesn't matter.",,Wolf,ModItemConversation GreasyBasil_1 Text  section:GreasyBasil_1 keyword:Greeting5
620707192827,"Still, I'm glad we didn't need the noose in the end. But... I'll leave it hanging - as a reminder of what we almost did.",,GreasyBasil,ModItemConversation GreasyBasil_1 Text  section:GreasyBasil_1 keyword:Greeting6
949216061400,"Reasonable. Let it make people think before doing stupid things.",,Raven,ModItemConversation GreasyBasil_1 Text  section:GreasyBasil_1 keyword:Greeting6
191065544873,"Fidel is sad. Poor, unwanted noose.",,Fidel,ModItemConversation GreasyBasil_1 Text  section:GreasyBasil_1 keyword:Greeting6
961162680620,"Yeah... Just don't let kids near it, okay?",,Mouse,ModItemConversation GreasyBasil_1 Text  section:GreasyBasil_1 keyword:Greeting6
746710977734,"Good thing you helped the boy fix the projector. Now he'll have something to do. I never got around to it...",,GreasyBasil,ModItemConversation GreasyBasil_1 Text  section:GreasyBasil_1 keyword:Greeting10
697290114142,"The hardest part was not crushing him! I mean the projector, not the nephew.",,Steroid,ModItemConversation GreasyBasil_1 Text  section:GreasyBasil_1 keyword:Greeting10
289562298486,"You're welcome, but warning: I'm not responsible for what movies he'll watch on it.",,Livewire,ModItemConversation GreasyBasil_1 Text  section:GreasyBasil_1 keyword:Greeting10
755218480596,"I had one like that at home, I fixed it all the time.",,Kalyna,ModItemConversation GreasyBasil_1 Text  section:GreasyBasil_1 keyword:Greeting10
836679728026,"What do you need?",,GreasyBasil,ModItemConversation GreasyBasil_1 Text  section:GreasyBasil_1 keyword:Greeting2
718244823016,"Hi, friends.",,GreasyBasil,ModItemConversation GreasyBasil_1 Text  section:GreasyBasil_1 keyword:Greeting3
147052177935,Someone was killed?,,,ModItemConversation GreasyBasil_1 KeywordT
552444516586,"My friend <em>Tinhay</em>. When the Legion came to rob us, he shot at <em>Pierre</em> from a sniper nest. And missed. Then they grabbed him... and if I find out who ratted him out, that bastard will regret it big time.",,GreasyBasil,ModItemConversation GreasyBasil_1 Text  section:GreasyBasil_1 keyword:Someone was killed?
599451640813,What is the story with Pierre?,,,ModItemConversation GreasyBasil_1 KeywordT
302114348835,"As a boy he ran away from home and joined the <em>Legion</em>. And recently returned leading a gang of marauders. Broke his poor dad's heart.",,GreasyBasil,ModItemConversation GreasyBasil_1 Text  section:GreasyBasil_1 keyword:What is the story with Pierre?
790220972643,"You can't hurt parents. Family is important. Dolvichs remember that.",,Igor,ModItemConversation GreasyBasil_1 Text  section:GreasyBasil_1 keyword:What is the story with Pierre?
197494132007,"I feel like we're yet to close this circle.",,Thor,ModItemConversation GreasyBasil_1 Text  section:GreasyBasil_1 keyword:What is the story with Pierre?
985280680192,"I think this asshole is begging for a beating.",,Meltdown,ModItemConversation GreasyBasil_1 Text  section:GreasyBasil_1 keyword:What is the story with Pierre?
399392000658,"Despite everything, <em>Luc</em> still loves his son - even after Pierre killed our friend <em>Tinhay</em>. Sometimes I think... but no, Luc wouldn't betray an old friend, right?",,GreasyBasil,ModItemConversation GreasyBasil_1 Text  section:GreasyBasil_1 keyword:What is the story with Pierre?
352695465395,Do you know anything about the President?,,,ModItemConversation GreasyBasil_1 KeywordT
981380858345,"No, sorry. I'm not interested in politics. We've never seen anything good from the state. I don't care if your president is alive or dead.",,GreasyBasil,ModItemConversation GreasyBasil_1 Text  section:GreasyBasil_1 keyword:Do you know anything about the President?
937079771614,What kind of help do you need?,,,ModItemConversation GreasyBasil_1 KeywordT
621772834111,"We don't know how to fight off the Legion. None of us served in the army. We didn't even play war as kids. I can teach my nephew to fix a rifle, but not shoot it.",,GreasyBasil,ModItemConversation GreasyBasil_1 Text  section:GreasyBasil_1 keyword:What kind of help do you need?
661061820661,"And I can teach how to smash a head with a rifle, then fix the rifle. Not the head.",,Steroid,ModItemConversation GreasyBasil_1 Text  section:GreasyBasil_1 keyword:What kind of help do you need?
321657441576,"I understand you perfectly.",,Livewire,ModItemConversation GreasyBasil_1 Text  section:GreasyBasil_1 keyword:What kind of help do you need?
999054887017,"I'm great at both, but I'm no teacher.",,Kalyna,ModItemConversation GreasyBasil_1 Text  section:GreasyBasil_1 keyword:What kind of help do you need?
424518101926,"If you help me gather a <em>militia</em>, we'll at least have some chance against those bandits.",,GreasyBasil,ModItemConversation GreasyBasil_1 Text  section:GreasyBasil_1 keyword:What kind of help do you need?
985646054626,"Deal, partner! Let's film the training scenes!",,Tex,ModItemConversation GreasyBasil_1 Text  section:GreasyBasil_1 keyword:What kind of help do you need?
844180614842,"Training a militia is my middle name! Remember it, or you'll forget.",,Wolf,ModItemConversation GreasyBasil_1 Text  section:GreasyBasil_1 keyword:What kind of help do you need?
401311843740,"Yeah, this town needs law enforcement forces.",,Raider,ModItemConversation GreasyBasil_1 Text  section:GreasyBasil_1 keyword:What kind of help do you need?
657235691875,Is that all the help you need?,,,ModItemConversation GreasyBasil_1 KeywordT
667416975836,"Well, back in the day I buried a few old rifles here. I can get them in order, but that probably won't be enough for defense.",,GreasyBasil,ModItemConversation GreasyBasil_1 Text  section:GreasyBasil_1 keyword:Is that all the help you need?
997586644681,"You can only do that with Russian rifles.",,Igor,ModItemConversation GreasyBasil_1 Text  section:GreasyBasil_1 keyword:Is that all the help you need?
824196279862,"Totally agree, chief. Any ideas where to replenish the arsenal?",,Wolf,ModItemConversation GreasyBasil_1 Text  section:GreasyBasil_1 keyword:Is that all the help you need?
313655502033,"Well, that's not even enough for a light fuck... oops, skirmish, what am I saying!",,Fox,ModItemConversation GreasyBasil_1 Text  section:GreasyBasil_1 keyword:Is that all the help you need?
342146316175,"I know for sure that since the war there's a hidden <em>machine gun</em> somewhere on the island. If you find it, I'll get it in order, then we'll pick a good position for it.",,GreasyBasil,ModItemConversation GreasyBasil_1 Text  section:GreasyBasil_1 keyword:Is that all the help you need?
887648515955,"Yes! Fidel deserves a machine gun! Rat-a-tat-tat-tat! Heh-heh-heh…",,Fidel,ModItemConversation GreasyBasil_1 Text  section:GreasyBasil_1 keyword:Is that all the help you need?
339862770092,"But... I was hoping...",,GreasyBasil,ModItemConversation GreasyBasil_1 Text  section:GreasyBasil_1 keyword:Is that all the help you need?
957735968140,"Ah! Fidel knew. Should've collected all ten livers to complete the quest. Ah…",,Fidel,ModItemConversation GreasyBasil_1 Text  section:GreasyBasil_1 keyword:Is that all the help you need?
892271507000,"I have a better idea. Maybe we take this damn machine gun, blow up all those bastards, and keep it for ourselves?",,Meltdown,ModItemConversation GreasyBasil_1 Text  section:GreasyBasil_1 keyword:Is that all the help you need?
588983703562,"Yeah, probably that works too.",,GreasyBasil,ModItemConversation GreasyBasil_1 Text  section:GreasyBasil_1 keyword:Is that all the help you need?
955114111580,"Machine gun? Ooh-la-la, now that's what I call it!",,Grizzly,ModItemConversation GreasyBasil_1 Text  section:GreasyBasil_1 keyword:Is that all the help you need?
207587705040,"As mom used to say, there are no problems a machine gun can't solve.",,Grunty,ModItemConversation GreasyBasil_1 Text  section:GreasyBasil_1 keyword:Is that all the help you need?
396160119711,Help us help you!,,,ModItemConversation GreasyBasil_1 KeywordT
823516860251,"I don't know how a poor guy like me can help you... I'm no good at killing people.",,GreasyBasil,ModItemConversation GreasyBasil_1 Text  section:GreasyBasil_1 keyword:Help us help you!
314529093772,"We can handle that ourselves. We'd appreciate material-technical support.",,Buns,ModItemConversation GreasyBasil_1 Text  section:GreasyBasil_1 keyword:Help us help you!
722467041664,"Leave that to us. But we'd gladly accept material help.",,Raider,ModItemConversation GreasyBasil_1 Text  section:GreasyBasil_1 keyword:Help us help you!
583116846563,"Well, I love tinkering with metal stuff. Look what I've got.",,GreasyBasil,ModItemConversation GreasyBasil_1 Text  section:GreasyBasil_1 keyword:Help us help you!
358178388614,We have found a machine gun,,,ModItemConversation GreasyBasil_1 KeywordT
411490929893,"Wow! I see you're not wasting time! I hope you'll leave it for us. It would be very useful for defense against the <em>Legion</em>.",,GreasyBasil,ModItemConversation GreasyBasil_1 Text  section:GreasyBasil_1 keyword:We have found a machine gun
965781615337,"As far as I know, they keep ammo reserves in the <em>old bunker</em> in the middle of the <em>Junkyard</em>. If you clean it out, soon they won't have anything to shoot with.",,GreasyBasil,ModItemConversation GreasyBasil_1 Text  section:GreasyBasil_1 keyword:Any advice on taking the Fort?
624150789775,...And then I'll crush their skulls with these bare hands!, ,Steroid,ModItemConversation GreasyBasil_1 Text  section:GreasyBasil_1 keyword:Any advice on taking the Fort?
811373249883,"Oh, it's nice when they don't shoot back!",,Mouse,ModItemConversation GreasyBasil_1 Text  section:GreasyBasil_1 keyword:Any advice on taking the Fort?
493213755192,"Supplies are good. Omryn knows a thing or two about supplies.",,Omryn,ModItemConversation GreasyBasil_1 Text  section:GreasyBasil_1 keyword:Any advice on taking the Fort?
757100728549,"You already know <em>Deedee</em> from <em>Emerald Coast</em>? That psychopath with the sweet smile supplies the Legion with grenades and other explosives without even thinking what's wrong with that.",,GreasyBasil,ModItemConversation GreasyBasil_1 Text  section:GreasyBasil_1 keyword:Any advice on taking the Fort?
740726220583,"Hm... What's wrong with that?",,Fidel,ModItemConversation GreasyBasil_1 Text  section:GreasyBasil_1 keyword:Any advice on taking the Fort?
188041400543,"Alright, moving on...",,GreasyBasil,ModItemConversation GreasyBasil_1 Text  section:GreasyBasil_1 keyword:Any advice on taking the Fort?
370756187815,"Yeah. Nice lady, though a bit off.",,Red,ModItemConversation GreasyBasil_1 Text  section:GreasyBasil_1 keyword:Any advice on taking the Fort?
372713216824,"A lot is wrong here. Explosives aren't candies you can hand out left and right!",,Barry,ModItemConversation GreasyBasil_1 Text  section:GreasyBasil_1 keyword:Any advice on taking the Fort?
134306262802,"If you can talk some sense into her, it'll be easier to deal with the fort.",,GreasyBasil,ModItemConversation GreasyBasil_1 Text  section:GreasyBasil_1 keyword:Any advice on taking the Fort?
505655354054,Any advice on taking the Fort?,,,ModItemConversation GreasyBasil_1 KeywordT
714225131746,"There's also another gang here, the <em>Bastien family</em>. I'm sure they're working for the Legion. I saw Bastien going to <em>Flag Hill</em> - probably on Pierre's orders.",,GreasyBasil,ModItemConversation GreasyBasil_1 Text  section:GreasyBasil_1 keyword:Any advice on taking the Fort?
102202139167,"Rat face? Crab walk? Yeah, we've seen him.",,Omryn,ModItemConversation GreasyBasil_1 Text  section:GreasyBasil_1 keyword:Any advice on taking the Fort?
793121700594,"Such a funny one… Like the one-armed resort salesman guy with his hand in my bag.",,Mouse,ModItemConversation GreasyBasil_1 Text  section:GreasyBasil_1 keyword:Any advice on taking the Fort?
853661612755,"Damn suspicious type.",,Ice,ModItemConversation GreasyBasil_1 Text  section:GreasyBasil_1 keyword:Any advice on taking the Fort?
369811196542,What other mercs?,,,ModItemConversation GreasyBasil_1 KeywordT
919939126097,"Some clowns who tried to look cool but mostly did stupid things. I asked them to help deal with a local gang, but they refused, citing some important mission.",,GreasyBasil,ModItemConversation GreasyBasil_1 Text  section:GreasyBasil_1 keyword:What other mercs?
906183317683,"Do you think they could have kidnapped the <em>president</em>?",,Tex,ModItemConversation GreasyBasil_1 Text  section:GreasyBasil_1 keyword:What other mercs?
399123923371,"I don't know.",,GreasyBasil,ModItemConversation GreasyBasil_1 Text  section:GreasyBasil_1 keyword:What other mercs?
924207872800,"Other mercenaries? But not cool ones? I've got suspicious goosebumps, really.",,Vicki,ModItemConversation GreasyBasil_1 Text  section:GreasyBasil_1 keyword:What other mercs?
932407275626,"Oh well. Maybe they already killed everyone. Then we'll have a bit of work, heh.",,Omryn,ModItemConversation GreasyBasil_1 Text  section:GreasyBasil_1 keyword:What other mercs?
687995371696,"They had a brand new boat with the «<em>Adonis</em>» emblem, but they didn't look like businessmen. I warned them the local waters are dangerous and offered <em>my services</em>, but they refused.",,GreasyBasil,ModItemConversation GreasyBasil_1 Text  section:GreasyBasil_1 keyword:What other mercs?
326519639936,"«<em>Adonis</em>» has its own security forces. Why would they need outside mercenaries?",,Raider,ModItemConversation GreasyBasil_1 Text  section:GreasyBasil_1 keyword:What other mercs?
801528204229,"I smell something fishy here.",,Raven,ModItemConversation GreasyBasil_1 Text  section:GreasyBasil_1 keyword:What other mercs?
352365512855,"Boss, I think we should talk to Lady Corason.",,Wolf,ModItemConversation GreasyBasil_1 Text  section:GreasyBasil_1 keyword:What other mercs?
133081536519,"Well, my boat is free right now, but generally for you there's a special offer: if you solve our problems with the <em>Legion</em>, I'll give you a <em>discount</em>.",,GreasyBasil,ModItemConversation GreasyBasil_1 Text  section:GreasyBasil_1 keyword:We'll need a ride
726278915656,"And if we kill the legionaries, take the boat — bring more and kill them here too… Will your discount be bigger? Huh?",,Fidel,ModItemConversation GreasyBasil_1 Text  section:GreasyBasil_1 keyword:We'll need a ride
353851173766,"Hm... No.",,GreasyBasil,ModItemConversation GreasyBasil_1 Text  section:GreasyBasil_1 keyword:We'll need a ride
644005266987,"Hmh. Fidel clarified.",,Fidel,ModItemConversation GreasyBasil_1 Text  section:GreasyBasil_1 keyword:We'll need a ride
314385979692,"And if we finish them all off to the last one, you'll take us for free?",,Meltdown,ModItemConversation GreasyBasil_1 Text  section:GreasyBasil_1 keyword:We'll need a ride
656250773467,"Sorry, but... no. I have a family to feed.",,GreasyBasil,ModItemConversation GreasyBasil_1 Text  section:GreasyBasil_1 keyword:We'll need a ride
462356350233,"Alright, never mind. We'll finish them all off to the last one anyway.",,Meltdown,ModItemConversation GreasyBasil_1 Text  section:GreasyBasil_1 keyword:We'll need a ride
566221708425,"Offering discounts for killing your enemies - brilliant marketing move! Hope you don't get competitors.",,Livewire,ModItemConversation GreasyBasil_1 Text  section:GreasyBasil_1 keyword:We'll need a ride
242175640491,We'll need a ride,,,ModItemConversation GreasyBasil_1 KeywordT
102238046407,"Of course, friends. For helping us, I'm ready to transport you with a <em>discount</em>.",,GreasyBasil,ModItemConversation GreasyBasil_1 Text  section:GreasyBasil_1 keyword:We'll need a ride
414327951669,"Here! Fidel brought you the livers of eight legionaries. Now the discount will be bigger? Huh?",,Fidel,ModItemConversation GreasyBasil_1 Text  section:GreasyBasil_1 keyword:We'll need a ride
257493033360,"Oh... No.",,GreasyBasil,ModItemConversation GreasyBasil_1 Text  section:GreasyBasil_1 keyword:We'll need a ride
193897156757,"Ah. Fidel knew. Should've collected all ten livers to complete the quest. Ah…",,Fidel,ModItemConversation GreasyBasil_1 Text  section:GreasyBasil_1 keyword:We'll need a ride
868374565754,"When you're ready to go, open the map and show me the route, and I'll fuel up old «Betty». Note: after dropping you on the mainland, I'll head straight home. If you want to return, look for another boat in any local <em>port</em>.",,GreasyBasil,ModItemConversation GreasyBasil_1 Text  section:GreasyBasil_1 keyword:We'll need a ride
204597426705,"Goodbye, friends.",,GreasyBasil,ModItemConversation GreasyBasil_1 Text  section:GreasyBasil_1 keyword:Goodbye
794599056939,Au revoir.,,GreasyBasil,ModItemConversation GreasyBasil_1 Text  section:GreasyBasil_1 keyword:Goodbye
251750465153,"You were my friend, Luc. And Tinhay's friend. You're to blame for what happened.",,GreasyBasil,ModItemConversation GreasyBasil_2 Text  section:GreasyBasil_2 keyword:Greeting
942557161340,"I see you've already made your decision, Basil. My words won't change anything.",,Luc,ModItemConversation GreasyBasil_2 Text  section:GreasyBasil_2 keyword:Greeting
941252303313,"Your damn <em>Pierre</em> turned into a monster, and you still think he's a defenseless boy. And now because of him Tinhay is dead!",,GreasyBasil,ModItemConversation GreasyBasil_2 Text  section:GreasyBasil_2 keyword:Greeting
289562549825,"You're right, Basil. I'm a bad father and a bad friend. I should have taught my son...",,Luc,ModItemConversation GreasyBasil_2 Text resigned sigh; unfinished sentence  section:GreasyBasil_2 keyword:Greeting
388008687176,"That's all you can say? This is no longer YOUR Pierre! He's a cruel bandit! Tinhay was our friend! And now he's dead, while Pierre walks free! And that's exactly why you're standing here with a noose around your neck!",,GreasyBasil,ModItemConversation GreasyBasil_2 Text  section:GreasyBasil_2 keyword:Greeting
860505979670,"Then do what you must.",,Luc,ModItemConversation GreasyBasil_2 Text  section:GreasyBasil_2 keyword:Greeting
251750465153,"You were my friend, Luc. And Tinhay's friend. You're to blame for what happened.",,GreasyBasil,ModItemConversation GreasyBasil_2 Text  section:GreasyBasil_2 keyword:Greeting2
191033053472,"Do as you wish. I survived my son... there's no reason left for me to live.",,Luc,ModItemConversation GreasyBasil_2 Text  section:GreasyBasil_2 keyword:Greeting2
824243373361,"Yes, <em>Pierre</em> is dead. Good riddance! He became a villain and got what he deserved, but you helped him - and because of that Tinhay died. If it weren't for you...",,GreasyBasil,ModItemConversation GreasyBasil_2 Text  section:GreasyBasil_2 keyword:Greeting2
783341050000,"Shut up. Do what you must. Pierre and I will meet soon.",,Luc,ModItemConversation GreasyBasil_2 Text  section:GreasyBasil_2 keyword:Greeting2
927302199163,GreetingInterjectionsRedirect,,,ModItemConversation GreasyBasil_2 KeywordT
211536007870,"Ah! Mira! Look! They're hanging him! Haha! Wonder if there's any popcorn here... or something? Candies — I don't know…",,Fidel,ModItemConversation GreasyBasil_2 Text  section:GreasyBasil_2 keyword:GreetingInterjectionsRedirect
241036513196,"Hey, look at that noose! Damn, that's the best thing in this ass-end of the world.",,Meltdown,ModItemConversation GreasyBasil_2 Text  section:GreasyBasil_2 keyword:GreetingInterjectionsRedirect
587914854521,"I don't like this.",,Grizzly,ModItemConversation GreasyBasil_2 Text  section:GreasyBasil_2 keyword:GreetingInterjectionsRedirect
642762635512,"Have they lost their minds?",,Ice,ModItemConversation GreasyBasil_2 Text  section:GreasyBasil_2 keyword:GreetingInterjectionsRedirect
835372071602,"What are you staring at, mercenaries? This is our internal matter. It doesn't concern you.",,GreasyBasil,ModItemConversation GreasyBasil_2 Text  section:GreasyBasil_2 keyword:GreetingInterjectionsRedirect
532166642949,What's going on?,,,ModItemConversation GreasyBasil_2 KeywordT
867550783779,"Tinhay, Luc and I... we were best friends. We founded this village. And now Tinhay is dead... because of Luc.",,GreasyBasil,ModItemConversation GreasyBasil_2 Text  section:GreasyBasil_2 keyword:What's going on?
728483185351,"<em>Tinhay</em> hated the Legion bandits. He tried to shoot one of Pierre's men when they were roaming the village, but missed. And Luc would do anything for his damned son! He told them who shot, and didn't even deny it.",,GreasyBasil,ModItemConversation GreasyBasil_2 Text  section:GreasyBasil_2 keyword:What's going on?
149459385888,This is none of our business,,,ModItemConversation Martha_1 KeywordT
478591394532,This could have major consequences!,,,ModItemConversation GreasyBasil_2 PhraseRolloverText
532939717885,"But even so, I'm sorry you have to see this. Sorry I gathered you here. Time to finish. Farewell, Luc. May God have mercy on your soul.",,GreasyBasil,ModItemConversation GreasyBasil_2 Text  section:GreasyBasil_2 keyword:This is none of our business
489215672697,"Heh-heh-heh! Look how his legs are kicking!",,Fidel,ModItemConversation GreasyBasil_2 Text  section:GreasyBasil_2 keyword:This is none of our business
137066535063,"Trouble. His spirit won't protect this place. Might even curse it a little.",,Omryn,ModItemConversation GreasyBasil_2 Text  section:GreasyBasil_2 keyword:This is none of our business
492981393888,"Horrible. He was good.",,Vicki,ModItemConversation GreasyBasil_2 Text  section:GreasyBasil_2 keyword:This is none of our business
584979740250,"I feel sick. I don't want to see this.",,Mouse,ModItemConversation GreasyBasil_2 Text  section:GreasyBasil_2 keyword:This is none of our business
195244342687,"Rest in peace, old man.",,Ivan,ModItemConversation GreasyBasil_2 Text  section:GreasyBasil_2 keyword:This is none of our business
536286427274,Damn it! He actually did it!,,Meltdown,ModItemConversation GreasyBasil_2 Text section:GreasyBasil_2 keyword:This is none of our business
550350635455,That’s it. Completely.,,Ice,ModItemConversation GreasyBasil_2 Text section:GreasyBasil_2 keyword:This is none of our business
668492263985,the Ernians hanged <em>Luke</em>,,,ModItemConversation GreasyBasil_2 SpecialConversationMessage
161338962307,Herman did it!,,,ModItemConversation GreasyBasil_2 KeywordT
192644574243,This could have major consequences!,,,ModItemConversation GreasyBasil_2 PhraseRolloverText
953382416787,"What?! Herman? Herman, is that true?",,GreasyBasil,ModItemConversation GreasyBasil_2 Text section:GreasyBasil_2 keyword:Herman did it!
229383232255,"I... I don’t owe you any explanations!",,Herman,ModItemConversation GreasyBasil_2 Text section:GreasyBasil_2 keyword:Herman did it!
587786120498,"WHAT?! Herman, what is this supposed to mean?",,Martha,ModItemConversation GreasyBasil_2 Text section:GreasyBasil_2 keyword:Herman did it!
245636066272,"I did it for you, darling! Who kept whining about being sick of this place? Who kept nagging me about moving to Arulco? Beaches! Peace and quiet! And you know, that takes money!",,Herman,ModItemConversation GreasyBasil_2 Text section:GreasyBasil_2 keyword:Herman did it!
811028147042,"You... You idiot! Why?! The first time in your life you decided to listen to me — and you immediately did something stupid!
Basil, spare him! He didn’t know they would kill Tinkhei!",,Martha,ModItemConversation GreasyBasil_2 Text section:GreasyBasil_2 keyword:Herman did it!
986939909809,"Shut up, Martha! Men! Grab the bastard!",,GreasyBasil,ModItemConversation GreasyBasil_2 Text section:GreasyBasil_2 keyword:Herman did it!
169236322082,No-o-o! Please...,,Martha,ModItemConversation GreasyBasil_2 Text section:GreasyBasil_2 keyword:Herman did it!
155237357255,"Forgive me, Luke. Now I see that you weren’t protecting Pierre at all.",,GreasyBasil,ModItemConversation GreasyBasil_2 Text section:GreasyBasil_2 keyword:Herman did it!
701941408603,"Basil, Herman is just a fool. And I’m a fool who raised an unworthy son, and twice the fool because I still love him. But now you’ve made a fool of yourself too, haven’t you? Maybe all fools deserve a second chance?",,Luc,ModItemConversation GreasyBasil_2 Text section:GreasyBasil_2 keyword:Herman did it!
114498724607,"No need to apologize, Basil. I have no reason to live anyway. My son is dead. Let this fool go and take me instead.",,Luc,ModItemConversation GreasyBasil_2 Text section:GreasyBasil_2 keyword:Herman did it!
193772736580,"Luke, don’t talk nonsense.",,GreasyBasil,ModItemConversation GreasyBasil_2 Text section:GreasyBasil_2 keyword:Herman did it!
406265648723,Spare Herman,,,ModItemConversation GreasyBasil_2 KeywordT
309518342493,This could have major consequences!,,,ModItemConversation GreasyBasil_2 PhraseRolloverText
499770145900,"He made a mistake, but he doesn’t deserve to die.",,Raider,ModItemConversation GreasyBasil_2 Text section:GreasyBasil_2 keyword:Spare Herman
835588116840,"Haven’t you all had enough blood?",,MD,ModItemConversation GreasyBasil_2 Text section:GreasyBasil_2 keyword:Spare Herman
236442552833,"Come on, don’t torture him... I mean, don’t judge him too harshly.",,Grizzly,ModItemConversation GreasyBasil_2 Text section:GreasyBasil_2 keyword:Spare Herman
971700738797,"Enough. That’s enough. Herman, you can go, but I don’t want to see your face here ever again.",,GreasyBasil,ModItemConversation GreasyBasil_2 Text section:GreasyBasil_2 keyword:Spare Herman
861508840968,But...,,Herman,ModItemConversation GreasyBasil_2 Text section:GreasyBasil_2 keyword:Spare Herman
191161701193,"Darling, shut up before he changes his mind, or I’ll hang you myself! Come on, you’ll help me pack.",,Martha,ModItemConversation GreasyBasil_2 Text section:GreasyBasil_2 keyword:Spare Herman
572944147588,the Ernians hanged no one,,,ModItemConversation GreasyBasil_2 SpecialConversationMessage
798197434685,Herman should hang,,,ModItemConversation GreasyBasil_2 KeywordT
348508638318,This could have major consequences!,,,ModItemConversation GreasyBasil_2 PhraseRolloverText
842490026970,"Oh yes! You handed over Tinkhei and then watched Luke hang for your crime? You’re a real piece of trash, Herman!",,GreasyBasil,ModItemConversation GreasyBasil_2 Text  section:GreasyBasil_2 keyword:Herman should hang
107088882078,No! Please...,,Herman,ModItemConversation GreasyBasil_2 Text  section:GreasyBasil_2 keyword:Herman should hang
800930361275,"Herman, you will hang until you’re dead! Martha, get out of here and don’t ever come back. ",,GreasyBasil,ModItemConversation GreasyBasil_2 Text  section:GreasyBasil_2 keyword:Herman should hang
860524075453,No! Hang them both! Hang them all!,,Fidel,ModItemConversation GreasyBasil_2 Text  section:GreasyBasil_2 keyword:Herman should hang
183737908602,That’s pretty harsh.,,Vicki,ModItemConversation GreasyBasil_2 Text  section:GreasyBasil_2 keyword:Herman should hang
209029186390,That’s right. This worthless nobody will get what he deserves.,,Buns,ModItemConversation GreasyBasil_2 Text  section:GreasyBasil_2 keyword:Herman should hang
176721708698,Just like watching American TV. Boring.,,Ivan,ModItemConversation GreasyBasil_2 Text  section:GreasyBasil_2 keyword:Herman should hang
810616236703,Serves him right. I didn’t like that freak from the start.,,Meltdown,ModItemConversation GreasyBasil_2 Text  section:GreasyBasil_2 keyword:Herman should hang
439765129641,Traitors should hang!,,Tex,ModItemConversation GreasyBasil_2 Text  section:GreasyBasil_2 keyword:Herman should hang
679479886813,the Ernians hanged <em>Herman</em>,,,ModItemConversation GreasyBasil_2 SpecialConversationMessage
223335313664,"The enemy of my enemy is my friend, thanks — here’s something for your help.",,ThugBoss_Balumba,ModItemConversation ThugBalumba Text  section:ThugBalumba keyword:Greeting
446448117426,"We noticed among the attackers fighters with the same equipment as yours...",,,ModItemConversation ThugBalumba KeywordT
496528000618,"We’ve had a disagreement here over views on the current situation. We’re smugglers, we have centralization, but opinions differ. After the Legion started taking over the country, some believed it’s the new authority now and that it’s better to establish contact with them right away — strike while the iron is hot.",,ThugBoss_Balumba,"ModItemConversation ThugBalumba Text  section:ThugBalumba keyword:Мы заметили среди нападавших бойцов с такой же экипировкой, как у вас..."
958865169204,"Smugglers, huh? So can you arrange some interesting toys for us?",,,ModItemConversation ThugBalumba KeywordT
977289143439,"That won’t be a problem. We ended up stuck on the island, so we started supplying the local partisans. We’ve got enough money and we won’t gain much from small-scale trade, so we have a mutually beneficial offer for you.",,ThugBoss_Balumba,"ModItemConversation ThugBalumba Text  section:ThugBalumba keyword:Контрабандисты, значит можете организовать нам какие-то интересные игрушки?"
158495869880,Briefing,,,ModItemConversation ThugBalumba KeywordT
660779522711,"Below us is our backup camp. It so happened that our former friends became our enemies. We now call them <em>khokhly</em> because they’re filthy pigs. They sided with the Legion and there’s only one way out. Even if this all settles down, the Boss won’t forgive them, and we won’t be able to coexist anymore. So I propose a joint military operation: we clear out the enemy, and in return you can bargain with us for whatever we can offer — naturally at a discount.",,ThugBoss_Balumba,ModItemConversation ThugBalumba Text  section:ThugBalumba keyword:Briefing
127671791399,"Here’s the situation: a scout group is already not far from the camp. They’re well armed and have set up security, so here’s a bonus — as soon as you engage in battle, they’ll join in immediately. I selected experienced fighters for that.",,ThugBoss_Balumba,ModItemConversation ThugBalumba Text  section:ThugBalumba keyword:Мы согласны
322035442910,<Amount> x <em><item></em>,,,ModItemConversation ThugBalumba GrantedItemsEditorTextUI
522339243532,Not eager to get involved in the local criminal squabbles,,,ModItemConversation ThugBalumba KeywordT
393865915300,"Well gentlemen, then let’s part ways.",,ThugBoss_Balumba,ModItemConversation ThugBalumba Text  section:ThugBalumba keyword:Не охота вмешиваться в терки местного криминалитета
770676561991,Hello, mercenaries.,,ThugBoss_Balumba,ModItemConversation ThugBalumba Text  section:ThugBalumba keyword:Greeting2
315124002023,"The job is done, the camp is cleared.",,,ModItemConversation ThugBalumba KeywordT
295779427512,"Excellent, gentlemen. My scouts have already reported. Our turn now — I’ve ordered the fighters to make an exception for you. Various equipment is stored at the base; the prices for you will be quite pleasant.",,ThugBoss_Balumba,"ModItemConversation ThugBalumba Text  section:ThugBalumba keyword:Дело сделано, лагерь зачищен"
890077682633,We changed our minds,,,ModItemConversation ThugBalumba KeywordT
441844334256,"Excellent, so what have you decided?",,ThugBoss_Balumba,ModItemConversation ThugBalumba Text  section:ThugBalumba keyword:Мы передумали
470069340995,Until next time,,ThugBoss_Balumba,ModItemConversation ThugBalumba Text  section:ThugBalumba keyword:Goodbye
137789099060,Marx would be proud of you,,,ModItemConversation L1_RebelsCamp PhraseRolloverText
578038705636,"Thank you for the help and for coordinating the base defense. The Legion is becoming more efficient; with each day the enemy grows stronger. They’re definitely being trained by some military professional, but we’ll deal with that too... I was also informed that you helped eliminate Rafael and his henchmen — thank you, you saved many lives. Here’s a little extra for you.",,RebelSergeant_Immortal_L1,ModItemConversation L1_RebelsCamp Text  section:L1_RebelsCamp keyword:Greeting
196360289661,"Good thing we arrived in time.",,,ModItemConversation L1_RebelsCamp KeywordT
192074604300,"We need your help again. The scum have holed up in our bunker. From this base it’s practically impossible to enter it. We tried assaulting it but uselessly lost men... Good men.",,RebelSergeant_Immortal_L1,"ModItemConversation L1_RebelsCamp Text  section:L1_RebelsCamp keyword:Хорошо, что мы прибыли вовремя"
329170243044,"Sure, why not play dungeon janitors while we’re at it.",,,ModItemConversation L1_RebelsCamp KeywordT
545718729802,"Good. First of all, you need to reach <em>sector L6</em>, take control of it, then enter the bunker and begin clearing from there. They won’t expect it because that entrance was lost quite a while ago. We were stretched thin across different positions for a long time, during which the bunker was occupied. Our people may still be inside. If they managed to hold somewhere, it would be the headquarters room — you won’t miss it.",,RebelSergeant_Immortal_L1,"ModItemConversation L1_RebelsCamp Text  section:L1_RebelsCamp keyword:Это можно, почему бы не поиграть заодно в санитаров подземелий"
349722064830,Maybe you should take care of yourselves.,,,ModItemConversation L1_RebelsCamp KeywordT
994349809287,"Maybe you’re right... I hope you change your mind.",,RebelSergeant_Immortal_L1,ModItemConversation L1_RebelsCamp Text  section:L1_RebelsCamp keyword:Возможно вам стоит самим о себе позаботиться.
837598711699,Hey comrades!,,RebelSergeant_Immortal_L1,ModItemConversation L1_RebelsCamp Text  section:L1_RebelsCamp keyword:Greeting2
792807567622,We solemnly return the bunker keys.,,,ModItemConversation L1_RebelsCamp KeywordT
184615777878,Not a single communist was harmed,,,ModItemConversation L1_RebelsCamp PhraseRolloverText
609668736560,"We don’t have much else to offer you as a reward, but while you were down there, we intercepted a shipment of Legion diamonds. I don’t know what they were doing here with that case — probably planned to stash it on the island. Anyway, it’s yours.",,RebelSergeant_Immortal_L1,ModItemConversation L1_RebelsCamp Text  section:L1_RebelsCamp keyword:Торжественно вручаем обратно ключи от бункера.
574853519230,"Good luck, comrades. You’re always welcome here.",,RebelSergeant_Immortal_L1,ModItemConversation L1_RebelsCamp Text  section:L1_RebelsCamp keyword:Goodbye
578614527224,"Hello mercenaries, looks like you arrived just in time. We survived this attack, but I know the Legion won’t abandon their plans. Another attack is coming and we have time to prepare. We need to patch up the wounded, gather ammunition, and I’m running out of medical supplies, so please be so kind as to help me.",,Doctor_Leevsy,"ModItemConversation Ernie_LightHouse_DocLeevsy Text ""Mala'dets"" - meaning champion  section:Ernie_LightHouse_DocLeevsy keyword:Greeting"
892070483939,Got enough of our own problems, doc...,,,ModItemConversation Ernie_LightHouse_DocLeevsy KeywordT
416534020537,"Then get lost. I don’t have time for you anyway. If I see you again, we’ll open fire to kill.",,Doctor_Leevsy,ModItemConversation Ernie_LightHouse_DocLeevsy Text  section:Ernie_LightHouse_DocLeevsy keyword:Своих забот полно док...
114903302550,"Of course, we’ll help. That’s what we were hired for.",,,ModItemConversation Ernie_LightHouse_DocLeevsy KeywordT
260705215377,"Money in the morning, chairs in the evening. We’ll talk after... So, by my calculations I need <em>medical supplies</em>, the more the better — overall <em>50</em> kits will do. Ammunition is also required; I know for sure there’s a <em>stash of ammo beyond the bridge</em>. Grab the mines too — <em>they should be somewhere near the ruined metal hangar, hidden in ventilation</em>. Also, collect the wounded before they bleed out. Get to work!",,Doctor_Leevsy,"ModItemConversation Ernie_LightHouse_DocLeevsy Text  section:Ernie_LightHouse_DocLeevsy keyword:Конечно, мы поможем, для этого нас и наняли."
755128132362,"I take it you completed everything necessary. In gratitude, the guys prepared some goodies for you in the <em>crates in the garage</em>.",,Doctor_Leevsy,"ModItemConversation Ernie_LightHouse_DocLeevsy Text ""I respect you""  section:Ernie_LightHouse_DocLeevsy keyword:Greeting3"
714579125139,What did you do to anger the Legion so much?,,,ModItemConversation Ernie_LightHouse_DocLeevsy KeywordT
723516988874,"You could have guessed — I’m a former soldier of fortune, like you. Without going into details, I have both military and medical training. When the Legion was just gaining momentum, I got many fighters back on their feet and made the Legion bleed a lot. I fought them, so I have scores to settle with many of their field commanders.",,Doctor_Leevsy,ModItemConversation Ernie_LightHouse_DocLeevsy Text  section:Ernie_LightHouse_DocLeevsy keyword:Чем ты стал так не угоден Легиону?
119861003959,So now you’ll be able to patch us up when needed?,,,ModItemConversation Ernie_LightHouse_DocLeevsy KeywordT
592042986790,"Of course — if we survive the Legion’s attack.",,Doctor_Leevsy,ModItemConversation Ernie_LightHouse_DocLeevsy Text  section:Ernie_LightHouse_DocLeevsy keyword:Теперь ты сможешь подлатать нас по необходимости?
382989617293,"So... We’re preparing for defense? We ran into a patrol while fetching ammo.",,,ModItemConversation Ernie_LightHouse_DocLeevsy KeywordT
178668264420,"That’s correct, gentlemen. A fight awaits us. We’ll plant the mines right at the bridge — that’s our responsibility. We’ll also organize defense at key points on the map. We’re counting on your help. As usual, you don’t really have a choice right now.",,Doctor_Leevsy,"ModItemConversation Ernie_LightHouse_DocLeevsy Text  section:Ernie_LightHouse_DocLeevsy keyword:"So... Are we preparing for defense? We ran into a patrol unit while we were fetching ammunition."
513680946973,"Good, stick close to the locals. I don’t think we have much time left.",,Doctor_Leevsy,ModItemConversation Ernie_LightHouse_DocLeevsy Text section:Ernie_LightHouse_DocLeevsy keyword:Мы готовы
443790235326,"Looks like we made it! Thank you, mercenaries — you can always count on being welcome here.",,Doctor_Leevsy,ModItemConversation Ernie_LightHouse_DocLeevsy Text section:Ernie_LightHouse_DocLeevsy keyword:Greeting4
649017813474,Hello, fighters.,,Doctor_Leevsy,ModItemConversation Ernie_LightHouse_DocLeevsy Text section:Ernie_LightHouse_DocLeevsy keyword:Greeting2
776051309333,We could use some patching up,,,ModItemConversation Ernie_LightHouse_DocLeevsy KeywordT
359542499937,"Hope you’re not afraid of injections — I’ve got something for you.",,Doctor_Leevsy,ModItemConversation Ernie_LightHouse_DocLeevsy Text section:Ernie_LightHouse_DocLeevsy keyword:Нас бы подлатать
732130249694,Until next time.,,Doctor_Leevsy,ModItemConversation Ernie_LightHouse_DocLeevsy Text section:Ernie_LightHouse_DocLeevsy keyword:Goodbye
712802681829,Hello, mercenaries.,,RebelSergant_Immortal,ModItemConversation Ernie_LegionCamp5_Rebels Text section:Ernie_LegionCamp5_Rebels keyword:Greeting
424647158478,"I never thought I’d be asking the war dogs of capital for help, but it seems the enemy of my enemy is my friend. We have no choice. I’ve got a bunch of wounded and exhausted fighters here, we’re almost out of ammo, and the weapons we managed to carry off — they’re barely weapons anymore...",,RebelSergant_Immortal,ModItemConversation Ernie_LegionCamp5_Rebels Text section:Ernie_LegionCamp5_Rebels keyword:Greeting
592834310034,What happened here?,,,ModItemConversation Ernie_LegionCamp5_Rebels KeywordT
766138274062,"Glad to hear you care about what’s happening. No time to tell it all from the beginning, but in short — the Legion multiplied and took over the whole country. Partisan cells are scattered across it. Ours tried to retake the island, but we were pushed out of our positions and now we’re forced to hole up here. I hope the others are doing better. You probably saw the bodies below. We’ve got almost nothing to shoot with. No medical supplies. We’re nearly out of food too.",,RebelSergant_Immortal,ModItemConversation Ernie_LegionCamp5_Rebels Text section:Ernie_LegionCamp5_Rebels keyword:Что тут случилось?
680417461250,"So, what kind of help do you need?",,,ModItemConversation Ernie_LegionCamp5_Rebels KeywordT
122539962745,"As I said — we need weapons, ammo, and medical supplies. If you’re ready to clear out the Legion’s dogs, I’ll even give you fire support. But first... we need to save our fighter who should still be alive. He’s likely on the pier. Those dogs are about to execute him. He was covering the retreat from the second camp. Please save him.",,RebelSergant_Immortal,"ModItemConversation Ernie_LegionCamp5_Rebels Text section:Ernie_LegionCamp5_Rebels keyword:Итак, какая помощь вам нужна"
672560155733,We’re in,,,ModItemConversation Ernie_LegionCamp5_Rebels KeywordT
924519361059,Hurry...,,RebelSergant_Immortal,ModItemConversation Ernie_LegionCamp5_Rebels Text section:Ernie_LegionCamp5_Rebels keyword:Мы берёмся
546142027509,"No. Handle it yourselves.",,,ModItemConversation Ernie_LegionCamp5_Rebels KeywordT
560698081650,"A pity. Then go your own way and don’t get in ours.",,RebelSergant_Immortal,"ModItemConversation Ernie_LegionCamp5_Rebels Text section:Ernie_LegionCamp5_Rebels keyword:Не, сами крутитесь."
157083449193,"Thank you for saving our comrade.",,RebelSergant_Immortal,ModItemConversation Ernie_LegionCamp5_Rebels Text section:Ernie_LegionCamp5_Rebels keyword:Greeting3
996024122128,Always happy to help,,,ModItemConversation Ernie_LegionCamp5_Rebels KeywordT
624365836328,"There’s one more matter, if you’re still willing to help.",,RebelSergant_Immortal,ModItemConversation Ernie_LegionCamp5_Rebels Text section:Ernie_LegionCamp5_Rebels keyword:Всегда пожалуйста
261552674871,Weapons?,,,ModItemConversation Ernie_LegionCamp5_Rebels KeywordT
603947439256,"Weapons. We need equipment from the old camp — there should also be medical supplies there. I have no one to send. The fighters are exhausted and wounded, the weapons are barely holding together. If something goes wrong there... well, our losses are already too heavy. And I hope you’ve got a sapper — we mined the approaches. Bring us the gear and I’ll find something to share with you.",,RebelSergant_Immortal,ModItemConversation Ernie_LegionCamp5_Rebels Text section:Ernie_LegionCamp5_Rebels keyword:Оружие?
327289513734,We’re ready,,,ModItemConversation Ernie_LightHouse_DocLeevsy KeywordT
344685080092,Excellent.,,RebelSergant_Immortal,ModItemConversation Ernie_LegionCamp5_Rebels Text section:Ernie_LegionCamp5_Rebels keyword:Мы готовы
407342596203,Are we happy now?,,,ModItemConversation Ernie_LegionCamp5_Rebels KeywordT
468486052663,That’s everything?,,RebelSergant_Immortal,ModItemConversation Ernie_LegionCamp5_Rebels Text section:Ernie_LegionCamp5_Rebels keyword:Мы счастливы?
403161852547,Yes, we’re happy,,,ModItemConversation Ernie_LegionCamp5_Rebels KeywordT
480799336285,"You’ve helped us greatly, thank you mercenaries. One of your colleagues in this dangerous business ended up with us — another soldier of fortune. I think he’ll gladly join you. At first he was rambling about some nonexistent country called Arulco, but that seems to have passed. He appears to have lost his memory, but definitely not his combat skills. He’s standing over there by the tents.",,RebelSergant_Immortal,ModItemConversation Ernie_LegionCamp5_Rebels Text section:Ernie_LegionCamp5_Rebels keyword:Да мы счастливы
557666141230,"Ha-ha! What a day. Thought we’d fall under the paws of those jackals... turned out otherwise. Their blood is on the sand — and that’s partly thanks to you.",,,ModItemConversation Ernie_M1_Rebel_Briefing PhraseRolloverText
236956584170," Didn’t expect to meet allies in this meat grinder. We didn’t expect to survive this fight.
I am <em>Comandante Kontimir Burda</em> of the local partisan cell. We were tracking Rafael — cursed traitor, rat, idiot and thief — one of many Legion officers. At last the bastard found his death.",,RebelSergeant_Immortal_M1,ModItemConversation Ernie_M1_Rebel_Briefing Text section:Ernie_M1_Rebel_Briefing keyword:Greeting
587362470651,"But tell me — who are you? Certainly not peasants. You don’t look like soldiers either. Some kind of elite commandos? <em>Mercenaries, like those who came before you</em>?",,RebelSergeant_Immortal_M1,ModItemConversation Ernie_M1_Rebel_Briefing Text section:Ernie_M1_Rebel_Briefing keyword:Greeting
687392546783,"Greetings, mercenaries.",,RebelSergeant_Immortal_M1,ModItemConversation Ernie_M1_Rebel_Briefing Text section:Ernie_M1_Rebel_Briefing keyword:Greeting2
121103800097,We’re mercenaries from AIM,,,ModItemConversation Ernie_M1_Rebel_Briefing KeywordT
116913411015,I hope you’ll continue to stand on our side,,RebelSergeant_Immortal_M1,ModItemConversation Ernie_M1_Rebel_Briefing Text section:Ernie_M1_Rebel_Briefing keyword:Мы наемники из AIM
346178197206,We’re looking for Emma LaFontaine.,,,ModItemConversation Ernie_M1_Rebel_Briefing KeywordT
734426222215,Emma is in sector <em>K4</em>,,,ModItemConversation Ernie_M1_Rebel_Briefing PhraseConditionRolloverText
786150907352,"Emma? So that’s why you’re here... Yes, I know where she is. Brave girl — too brave for her age. She’s sheltering in the villa to the north. <em>Sector K4</em>.",,RebelSergeant_Immortal_M1,ModItemConversation Ernie_M1_Rebel_Briefing Text section:Ernie_M1_Rebel_Briefing keyword:Мы ищем Эмму Лафонтен.
906274913373,"But reaching her now won’t be easy. The Legion has laid siege to the villa, surrounded it with squads and is waiting for the right moment to strike. If you want to reach her — you’ll have to break the ring.",,RebelSergeant_Immortal_M1,ModItemConversation Ernie_M1_Rebel_Briefing Text section:Ernie_M1_Rebel_Briefing keyword:Мы ищем Эмму Лафонтен.
481468742132,How many are there?,,,ModItemConversation Ernie_M1_Rebel_Briefing KeywordT
759023941645,"Several camps around the villa. They’re gathering forces to hit all at once.",,RebelSergeant_Immortal_M1,ModItemConversation Ernie_M1_Rebel_Briefing Text section:Ernie_M1_Rebel_Briefing keyword:Сколько их там?
411051082448,"So if we clear them out beforehand, it’ll be easier to break through to Emma?",,,ModItemConversation Ernie_M1_Rebel_Briefing KeywordT
354731875422,"<color EmStyle>Leadership</color>: you passed the check
You need to clear <em>the camps around the Villa</em>",,,ModItemConversation Ernie_M1_Rebel_Briefing PhraseConditionRolloverText
616034440918,"Moreover, disorganized Legion groups won’t be able to attack the villa as effectively, and you’ll deal with them easily.",,RebelSergeant_Immortal_M1,"ModItemConversation Ernie_M1_Rebel_Briefing Text section:Ernie_M1_Rebel_Briefing keyword:Значит, если мы их предварительно зачистим, пробиться к Эмме будет проще?"
616034440918,"We sketched out a rough camp layout in <L3>, were preparing an assault. Look — secret spot here, guards here, there’s a passage here. You could sneak through at night and quietly take them out one by one.
As for the other Legion camps — sorry, didn’t bring those plans. You’ll have to <em>recon</em> them yourselves. Scout the area. You can assign a couple of sharp people to the task — ones who won’t walk into an ambush.",,RebelSergeant_Immortal_M1,"ModItemConversation Ernie_M1_Rebel_Briefing Text section:Ernie_M1_Rebel_Briefing keyword:Значит, если мы их предварительно зачистим, пробиться к Эмме будет проще?"
590690509211,The situation in the region is complicated...,,,ModItemConversation Ernie_M1_Rebel_Briefing KeywordT
786150907352,"Complicated is an understatement. In short — our cell is cut off from the mainland. The Legion swept through the country in an instant. <em>Ernie Island</em> was the last stronghold of defense. The president’s daughter is hiding in the center of the island — they say that rat <em>Corazon</em> is with her. There’s also a smuggler base on the island. We can’t exactly call them friends, but they sell us weapons, and somehow we manage to coexist here. Overall, the Legion is everywhere. Some sectors still hold the line; others are completely occupied by the Red plague.",,RebelSergeant_Immortal_M1,ModItemConversation Ernie_M1_Rebel_Briefing Text section:Ernie_M1_Rebel_Briefing keyword:The situation in the region is complicated...
744426841682,"So you’re fighting this ""Legion""?",,,ModItemConversation Ernie_M1_Rebel_Briefing KeywordT
857576932041,"That’s right. The Legion enters our towns and villages like masters: they take supplies, intimidate and kill civilians, drain our mines. They turn the people’s labor into their personal loot. Rafael was just one of hundreds of these bastards. They’re like weeds — pull one out, and ten grow back tomorrow.
",,RebelSergeant_Immortal_M1,"ModItemConversation Ernie_M1_Rebel_Briefing Text  section:Ernie_M1_Rebel_Briefing keyword:So, you’re fighting this ""Legion""?"
167445102934,"On behalf of the Maquis, the Rebels of Grand Chien, I call upon you to stand beside us in the fight against the Legion — and all who strangle shared ideals for power and profit. As for the reward, we’ll come to an agreement.",,RebelSergeant_Immortal_M1,"ModItemConversation Ernie_M1_Rebel_Briefing Text  section:Ernie_M1_Rebel_Briefing keyword:So, you’re fighting this ""Legion""?"
984774152982,"In that case, I invite you to our Camp in <em>sector L1</em>. Find me there or Comandante Kasongo — our leader here on the island.",,RebelSergeant_Immortal_M1,ModItemConversation Ernie_M1_Rebel_Briefing Text  section:Ernie_M1_Rebel_Briefing keyword:We agree
889143734951,"No, find yourselves other fools.",,,ModItemConversation Ernie_M1_Rebel_Briefing KeywordT
533640818206,"A pity. Well, if you change your mind — I think we’ll meet again.",,RebelSergeant_Immortal_M1,"ModItemConversation Ernie_M1_Rebel_Briefing Text  section:Ernie_M1_Rebel_Briefing keyword:No, find yourselves other fools."
986868227792,"Good luck, mercenaries — and may the Force be with you.",,RebelSergeant_Immortal_M1,ModItemConversation Ernie_M1_Rebel_Briefing Text  section:Ernie_M1_Rebel_Briefing keyword:Goodbye
234521900198,Before us?,,,ModItemConversation Ernie_M1_Rebel_Briefing KeywordT
408210932763,"Yes, there was a gang of incompetents here. They arrived on the <em>boat ""Pride""</em>, sat in bars, claimed they were protecting us from the Legion. Then they sailed inland and no one saw them again.",,RebelSergeant_Immortal_M1,ModItemConversation Ernie_M1_Rebel_Briefing Text  section:Ernie_M1_Rebel_Briefing keyword:Before us?
301982737228,"Ha... what a slaughter. Glad we’re on the same side.",,Rebel_NPC_Ghost,ModItemConversation Rebels_Ghost Text  section:Rebels_Ghost keyword:Greeting
301982737228,"My name is Diallo, but people usually call me Ghost.",,Rebel_NPC_Ghost,ModItemConversation Rebels_Ghost Text  section:Rebels_Ghost keyword:Greeting
774381032385,Greeting,,,ModItemConversation Pierre_1 KeywordT
542254290130,"The sector is under our control.
Looks like they were unloading explosives here for an attack on the mansion.",,Rebel_NPC_Ghost,ModItemConversation Rebels_Ghost Text  section:Rebels_Ghost keyword:Greeting2
486561062573,Good job. I’ll put in a good word for you at the camp.,,Rebel_NPC_Ghost,ModItemConversation Rebels_Ghost Text  section:Rebels_Ghost keyword:Greeting2
466521224694,"Here, take this. It’ll help you take down sentries at night.",,Rebel_NPC_Ghost,ModItemConversation Rebels_Ghost Text  section:Rebels_Ghost keyword:Greeting2
275415074134,We need help at the mansion,,,ModItemConversation Rebels_Ghost KeywordT
194077002549,I can help with that. We’ll come to assist you if needed.,,Rebel_NPC_Ghost,ModItemConversation Rebels_Ghost Text  section:Rebels_Ghost keyword:We need help at the mansion
244675899202,What are you doing here?,,,ModItemConversation Rebels_Ghost KeywordT
208492606993,"Counting how many more men the Legion will lose before they realize someone in the jungle really doesn’t like them.
I wanted to intercept this squad, but you wiped out most of them first. Good job.",,Rebel_NPC_Ghost,ModItemConversation Rebels_Ghost Text  section:Rebels_Ghost keyword:What are you doing here?
208492606993,"Judging by how you handled them, you could help me.
Not far from here, north of the <em>Waterfall</em>, there’s a <em>Lookout Point</em> — one of the few places where the Legion unloads supplies for the island. If we attack it together, we can disrupt logistics in this part of the island.",,Rebel_NPC_Ghost,ModItemConversation Rebels_Ghost Text  section:Rebels_Ghost keyword:What are you doing here?
441073052992,We agree,,,ModItemConversation ThugBalumba KeywordT
109547137433,"Good. Then we’ll meet after the battle.",,Rebel_NPC_Ghost,ModItemConversation Rebels_Ghost Text  section:Rebels_Ghost keyword:We agree
901468674690,The waterfall?,,,ModItemConversation Rebels_Ghost KeywordT
800936062608,"Yes, further down the road there’s a <em>waterfall</em>. We’ll bypass it and wait for you at the <em>Lookout Point</em>.",,Rebel_NPC_Ghost,ModItemConversation Rebels_Ghost Text  section:Rebels_Ghost keyword:The waterfall?
294541557607,"At the <em>Waterfall</em> along the river there’s a small Legion detachment — trying to cut off Burda’s unit. But the Legion doesn’t know there are several hidden mountain paths.",,Rebel_NPC_Ghost,ModItemConversation Rebels_Ghost Text  section:Rebels_Ghost keyword:The waterfall?
556296913868,Paths?,,,ModItemConversation Rebels_Ghost KeywordT
967669393189,If I told you, they wouldn’t be secret anymore.,,Rebel_NPC_Ghost,ModItemConversation Rebels_Ghost Text  section:Rebels_Ghost keyword:Paths?
519105759968,We’ll manage on our own,,,ModItemConversation Rebels_Ghost KeywordT
774684540869,"A pity. Well, see you at the camp — if you make it there.",,Rebel_NPC_Ghost,ModItemConversation Rebels_Ghost Text  section:Rebels_Ghost keyword:We’ll manage on our own
557225474228,Goodbye,,,ModItemConversation Pierre_2 KeywordT
479802906082,"Good luck, mercenaries.",,Rebel_NPC_Ghost,ModItemConversation Rebels_Ghost Text  section:Rebels_Ghost keyword:Goodbye
570263587917,Hot Diamonds,,,ModItemCampaignPreset HotDiamonds DisplayName
492298539842,"When the Jagged Alliance series first saw the light of day, it playfully parodied the clichés and tropes of 1990s action movies.<newline><newline>Jagged Alliance 3 continues this tradition, not ignoring modern events and pop culture.<newline>Jagged Alliance 3 is a work of fiction (a very explosive one), not based on any real events, persons, or geographical locations.<newline><newline>We urge you to behave reasonably and sensibly during gameplay<newline>(as well as when deciding which enemy squad receives the first grenade).",,,ModItemCampaignPreset HotDiamonds DisclaimerOnStart
796124227489,Ernie,,,ModItemCampaignPreset HotDiamonds DisplayName
513871369100,Pantagruel,,,ModItemCampaignPreset HotDiamonds DisplayName
428591598482,Hilltop Camp,,,ModItemCampaignPreset HotDiamonds DisplayName
485077959808,Landsbach,,,ModItemCampaignPreset HotDiamonds DisplayName
736389183763,Blømsted,,,ModItemCampaignPreset HotDiamonds DisplayName
730224640479,Il-Mora,,,ModItemCampaignPreset HotDiamonds DisplayName
615276795848,Chalet-de-la-Paix,,,ModItemCampaignPreset HotDiamonds DisplayName
320319861537,Fleatown,,,ModItemCampaignPreset HotDiamonds DisplayName
132759850733,Wassergrab,,,ModItemCampaignPreset HotDiamonds DisplayName
664561133619,Port Cacao Center,,,ModItemCampaignPreset HotDiamonds DisplayName
672959575424,Refugee Camp,,,ModItemCampaignPreset HotDiamonds DisplayName
944601464939,Ernie Island Rebel Base,,,ModItemCampaignPreset HotDiamonds DisplayName
808935770858,Ernie Smugglers,,,ModItemCampaignPreset HotDiamonds DisplayName
263718848685,Nowhere,,,ModItemCampaignPreset HotDiamonds display_name Sector name for A11
351600997529,Mountains,,,ModItemCampaignPreset HotDiamonds display_name Sector name for A12
425893484624,Military Outpost - Mountain,,,ModItemCampaignPreset HotDiamonds display_name Sector name for A13
495583026235,Dragon’s Teeth,,,ModItemCampaignPreset HotDiamonds display_name Sector name for A14
308950187945,Hilltop Camp,,,ModItemCampaignPreset HotDiamonds display_name Sector name for A15
641955441671,Wastelands,,,ModItemCampaignPreset HotDiamonds display_name Sector name for A16
760941588357,Wastelands,,,ModItemCampaignPreset HotDiamonds display_name Sector name for A17
620660665480,Dead Beasts Crossroad,,,ModItemCampaignPreset HotDiamonds display_name Sector name for A18
535901703196,Wastelands,,,ModItemCampaignPreset HotDiamonds display_name Sector name for A19
854571918784,Metro Station A,,,ModItemCampaignPreset HotDiamonds display_name Sector name for A24_Underground
442516764606,Drachenberg Mine,,,ModItemCampaignPreset HotDiamonds display_name Sector name for A25
323466597390,Diesel Clinic,,,ModItemCampaignPreset HotDiamonds display_name Sector name for A25_Underground
620219516865,Landsbach,,,ModItemCampaignPreset HotDiamonds display_name Sector name for A26
297775590352,River,,,ModItemCampaignPreset HotDiamonds display_name Sector name for A27
495513640483,Diamond Red,,,ModItemCampaignPreset HotDiamonds display_name Sector name for A4
512622945831,Gargantuan Mountains,,,ModItemCampaignPreset HotDiamonds display_name Sector name for A5
631605125881,Gargantuan Mountains,,,ModItemCampaignPreset HotDiamonds display_name Sector name for A6
856351085135,Gargantuan Mountains,,,ModItemCampaignPreset HotDiamonds display_name Sector name for A7
851646053486,Mountains,,,ModItemCampaignPreset HotDiamonds display_name Sector name for A9
838031250692,Sea,,,ModItemCampaignPreset HotDiamonds display_name Sector name for B1
619539881189,Mountains,,,ModItemCampaignPreset HotDiamonds display_name Sector name for B10
379615818736,Lost Reservoir,,,ModItemCampaignPreset HotDiamonds display_name Sector name for B10_Underground
849469414167,Mountains,,,ModItemCampaignPreset HotDiamonds display_name Sector name for B11
854571918784,Metro Station A,,,ModItemCampaignPreset HotDiamonds display_name Sector name for B11_Underground
263718848685,Nowhere,,,ModItemCampaignPreset HotDiamonds display_name Sector name for B15
282257107633,Oasis,,,ModItemCampaignPreset HotDiamonds display_name Sector name for B17
743091327405,Sturmwasser Island,,,ModItemCampaignPreset HotDiamonds display_name Sector name for B18
861144476559,Sturmwasser Canyon,,,ModItemCampaignPreset HotDiamonds display_name Sector name for B19
838031250692,Sea,,,ModItemCampaignPreset HotDiamonds display_name Sector name for B2
826339210077,Clifftop Summit,,,ModItemCampaignPreset HotDiamonds display_name Sector name for B20
297775590352,River,,,ModItemCampaignPreset HotDiamonds display_name Sector name for B26
111536912824,Eagle’s Nest,,,ModItemCampaignPreset HotDiamonds display_name Sector name for B28
838031250692,Sea,,,ModItemCampaignPreset HotDiamonds display_name Sector name for B3
468290459033,Savanna Cave,,,ModItemCampaignPreset HotDiamonds display_name Sector name for B7
838031250692,Sea,,,ModItemCampaignPreset HotDiamonds display_name Sector name for C1
722143668182,Mountains,,,ModItemCampaignPreset HotDiamonds display_name Sector name for C10
468361198430,Old Gas Station,,,ModItemCampaignPreset HotDiamonds display_name Sector name for C11
278429472343,Pit Stop,,,ModItemCampaignPreset HotDiamonds display_name Sector name for C12
849469414167,Mountains,,,ModItemCampaignPreset HotDiamonds display_name Sector name for C13
468361198430,Old Gas Station,,,ModItemCampaignPreset HotDiamonds display_name Sector name for C14
433703198777,Cursed Forest,,,ModItemCampaignPreset HotDiamonds display_name Sector name for C16
421536906978,Dragon’s Teeth,,,ModItemCampaignPreset HotDiamonds display_name Sector name for C17
522410894811,Dragon’s Teeth,,,ModItemCampaignPreset HotDiamonds display_name Sector name for C18
675209207227,Dragon’s Teeth,,,ModItemCampaignPreset HotDiamonds display_name Sector name for C19
838031250692,Sea,,,ModItemCampaignPreset HotDiamonds display_name Sector name for C2
299254523561,Stone Steps,,,ModItemCampaignPreset HotDiamonds display_name Sector name for C20
367207549789,Freebie Seeker’s Cave,,,ModItemCampaignPreset HotDiamonds display_name Sector name for C20_Underground
308950187945,Hilltop Camp,,,ModItemCampaignPreset HotDiamonds display_name Sector name for C21
641955441671,Wastelands,,,ModItemCampaignPreset HotDiamonds display_name Sector name for C22
760941588357,Wastelands,,,ModItemCampaignPreset HotDiamonds display_name Sector name for C23
620660665480,Dead Beasts Crossroad,,,ModItemCampaignPreset HotDiamonds display_name Sector name for C24
297775590352,River,,,ModItemCampaignPreset HotDiamonds display_name Sector name for C25
826339210077,Clifftop Summit,,,ModItemCampaignPreset HotDiamonds display_name Sector name for C26
982737667772,Mountains,,,ModItemCampaignPreset HotDiamonds display_name Sector name for C27
535901703196,Wastelands,,,ModItemCampaignPreset HotDiamonds display_name Sector name for C29
776271330418,Seagull Island,,,ModItemCampaignPreset HotDiamonds display_name Sector name for C4
838031250692,Sea,,,ModItemCampaignPreset HotDiamonds display_name Sector name for C5
105841267978,Savanna Coast,,,ModItemCampaignPreset HotDiamonds display_name Sector name for C6
851181592647,Savanna,,,ModItemCampaignPreset HotDiamonds display_name Sector name for C7
621742895691,Foss-Noir Mine,,,ModItemCampaignPreset HotDiamonds display_name Sector name for C7_Underground
547505775524,Savanna,,,ModItemCampaignPreset HotDiamonds display_name Sector name for C8
870033354295,Mountains,,,ModItemCampaignPreset HotDiamonds display_name Sector name for C9
838031250692,Sea,,,ModItemCampaignPreset HotDiamonds display_name Sector name for D1
750412214505,Savanna,,,ModItemCampaignPreset HotDiamonds display_name Sector name for D10
394862111109,Savanna,,,ModItemCampaignPreset HotDiamonds display_name Sector name for D11
870033354295,Mountains,,,ModItemCampaignPreset HotDiamonds display_name Sector name for D12
510202168289,Mountains,,,ModItemCampaignPreset HotDiamonds display_name Sector name for D13
722143668182,Mountains,,,ModItemCampaignPreset HotDiamonds display_name Sector name for D14
816330931329,Foss-Noir,,,ModItemCampaignPreset HotDiamonds display_name Sector name for D15
256134986000,Cursed Forest,,,ModItemCampaignPreset HotDiamonds display_name Sector name for D16
929083374712,Cam-Grand Prix,,,ModItemCampaignPreset HotDiamonds display_name Sector name for D18
542953130301,Riverbank in the Jungle,,,ModItemCampaignPreset HotDiamonds display_name Sector name for D19
838031250692,Sea,,,ModItemCampaignPreset HotDiamonds display_name Sector name for D2
282257107633,Oasis,,,ModItemCampaignPreset HotDiamonds display_name Sector name for D23
297775590352,River,,,ModItemCampaignPreset HotDiamonds display_name Sector name for D25
299254523561,Stone Steps,,,ModItemCampaignPreset HotDiamonds display_name Sector name for D26
367207549789,Freebie Seeker’s Cave,,,ModItemCampaignPreset HotDiamonds display_name Sector name for D26_Underground
861144476559,Sturmwasser Canyon,,,ModItemCampaignPreset HotDiamonds display_name Sector name for D27
685901275490,Rift,,,ModItemCampaignPreset HotDiamonds display_name Sector name for D28
743091327405,Sturmwasser Island,,,ModItemCampaignPreset HotDiamonds display_name Sector name for D29
608926005852,Sea,,,ModItemCampaignPreset HotDiamonds display_name Sector name for D3
838031250692,Sea,,,ModItemCampaignPreset HotDiamonds display_name Sector name for D6
851181592647,Savanna,,,ModItemCampaignPreset HotDiamonds display_name Sector name for D7
547505775524,Savanna,,,ModItemCampaignPreset HotDiamonds display_name Sector name for D8
563315434102,Poachers’ Camp,,,ModItemCampaignPreset HotDiamonds display_name Sector name for D9
838031250692,Sea,,,ModItemCampaignPreset HotDiamonds display_name Sector name for E1
561867464607,Cam-Savane,,,ModItemCampaignPreset HotDiamonds display_name Sector name for E10
642649418249,Savanna,,,ModItemCampaignPreset HotDiamonds display_name Sector name for E11
535826827958,Savanna,,,ModItemCampaignPreset HotDiamonds display_name Sector name for E12
958129071008,Savanna,,,ModItemCampaignPreset HotDiamonds display_name Sector name for E13
149503142162,Outskirts of Pantagruel,,,ModItemCampaignPreset HotDiamonds display_name Sector name for E14
580447225647,Pantagruel Slums,,,ModItemCampaignPreset HotDiamonds display_name Sector name for E15
797984509022,Downtown Pantagruel,,,ModItemCampaignPreset HotDiamonds display_name Sector name for E16
362300472642,Riverbank in the Savanna,,,ModItemCampaignPreset HotDiamonds display_name Sector name for E17
160548808448,Hut in the Forest,,,ModItemCampaignPreset HotDiamonds display_name Sector name for E19
838031250692,Sea,,,ModItemCampaignPreset HotDiamonds display_name Sector name for E2
722597607076,WhereWhereWhere,,,ModItemCampaignPreset HotDiamonds display_name Sector name for E21
278429472343,Pit Stop,,,ModItemCampaignPreset HotDiamonds display_name Sector name for E23
297775590352,River,,,ModItemCampaignPreset HotDiamonds display_name Sector name for E25
297775590352,River,,,ModItemCampaignPreset HotDiamonds display_name Sector name for E26
683995435727,Sea,,,ModItemCampaignPreset HotDiamonds display_name Sector name for E3
838031250692,Sea,,,ModItemCampaignPreset HotDiamonds display_name Sector name for E6
838031250692,Sea,,,ModItemCampaignPreset HotDiamonds display_name Sector name for E7
179638259190,Brokenhill Cemetery,,,ModItemCampaignPreset HotDiamonds display_name Sector name for E8
869149352694,Savanna,,,ModItemCampaignPreset HotDiamonds display_name Sector name for E9
838031250692,Sea,,,ModItemCampaignPreset HotDiamonds display_name Sector name for F1
642649418249,Savanna,,,ModItemCampaignPreset HotDiamonds display_name Sector name for F10
750412214505,Savanna,,,ModItemCampaignPreset HotDiamonds display_name Sector name for F11
785922964593,Stash,,,ModItemCampaignPreset HotDiamonds display_name Sector name for F11_Underground
541857328963,Savanna,,,ModItemCampaignPreset HotDiamonds display_name Sector name for F12
272495633070,Metro Station B,,,ModItemCampaignPreset HotDiamonds display_name Sector name for F12_Underground
954736904055,Refugee Camp,,,ModItemCampaignPreset HotDiamonds display_name Sector name for F13
186818454287,River,,,ModItemCampaignPreset HotDiamonds display_name Sector name for F16
697092134355,Riverbank in the Jungle,,,ModItemCampaignPreset HotDiamonds display_name Sector name for F17
421444477169,Jungle Shoreline,,,ModItemCampaignPreset HotDiamonds display_name Sector name for F19
838031250692,Sea,,,ModItemCampaignPreset HotDiamonds display_name Sector name for F2
514212765118,Cursed Forest,,,ModItemCampaignPreset HotDiamonds display_name Sector name for F20
464798113837,Hyenas’ Hideout,,,ModItemCampaignPreset HotDiamonds display_name Sector name for F21
256134986000,Cursed Forest,,,ModItemCampaignPreset HotDiamonds display_name Sector name for F22
468361198430,Old Gas Station,,,ModItemCampaignPreset HotDiamonds display_name Sector name for F24
542953130301,Riverbank in the Jungle,,,ModItemCampaignPreset HotDiamonds display_name Sector name for F25
297775590352,River,,,ModItemCampaignPreset HotDiamonds display_name Sector name for F26
663273681789,Marshes,,,ModItemCampaignPreset HotDiamonds display_name Sector name for F27
588901431087,Il-Mora,,,ModItemCampaignPreset HotDiamonds display_name Sector name for F28
838031250692,Sea,,,ModItemCampaignPreset HotDiamonds display_name Sector name for F3
838031250692,Sea,,,ModItemCampaignPreset HotDiamonds display_name Sector name for F4
838031250692,Sea,,,ModItemCampaignPreset HotDiamonds display_name Sector name for F5
838031250692,Sea,,,ModItemCampaignPreset HotDiamonds display_name Sector name for F6
838031250692,Sea,,,ModItemCampaignPreset HotDiamonds display_name Sector name for F7
746831907861,Savanna Coast,,,ModItemCampaignPreset HotDiamonds display_name Sector name for F8
755793762628,Savanna,,,ModItemCampaignPreset HotDiamonds display_name Sector name for F9
838031250692,Sea,,,ModItemCampaignPreset HotDiamonds display_name Sector name for G1
242442320813,La-Palisade,,,ModItemCampaignPreset HotDiamonds display_name Sector name for G10
541857328963,Savanna,,,ModItemCampaignPreset HotDiamonds display_name Sector name for G11
460717026135,Underground Laboratory,,,ModItemCampaignPreset HotDiamonds display_name Sector name for G12_Underground
300355091122,Savanna,,,ModItemCampaignPreset HotDiamonds display_name Sector name for G13
884980086575,Savanna,,,ModItemCampaignPreset HotDiamonds display_name Sector name for G14
641120547141,Minefield,,,ModItemCampaignPreset HotDiamonds display_name Sector name for G16
493913960829,Great Forest,,,ModItemCampaignPreset HotDiamonds display_name Sector name for G17
278065061283,Riverbank in the Jungle,,,ModItemCampaignPreset HotDiamonds display_name Sector name for G18
838031250692,Sea,,,ModItemCampaignPreset HotDiamonds display_name Sector name for G2
612776379237,Cam-Chien-Sauvage,,,ModItemCampaignPreset HotDiamonds display_name Sector name for G22
433703198777,Cursed Forest,,,ModItemCampaignPreset HotDiamonds display_name Sector name for G23
794687208333,Chalet-de-la-Paix,,,ModItemCampaignPreset HotDiamonds display_name Sector name for G25
297775590352,River,,,ModItemCampaignPreset HotDiamonds display_name Sector name for G26
794687208333,Chalet-de-la-Paix,,,ModItemCampaignPreset HotDiamonds display_name Sector name for G27
838031250692,Sea,,,ModItemCampaignPreset HotDiamonds display_name Sector name for G3
251099843489,El Mora,,,ModItemCampaignPreset HotDiamonds display_name Sector name for G30
544596907986,Swamps,,,ModItemCampaignPreset HotDiamonds display_name Sector name for G31
838031250692,Sea,,,ModItemCampaignPreset HotDiamonds display_name Sector name for G4
838031250692,Sea,,,ModItemCampaignPreset HotDiamonds display_name Sector name for G5
838031250692,Sea,,,ModItemCampaignPreset HotDiamonds display_name Sector name for G6
838031250692,Sea,,,ModItemCampaignPreset HotDiamonds display_name Sector name for G7
838031250692,Sea,,,ModItemCampaignPreset HotDiamonds display_name Sector name for G8
191576416065,Côte d’Azur,,,ModItemCampaignPreset HotDiamonds display_name Sector name for G9
838031250692,Sea,,,ModItemCampaignPreset HotDiamonds display_name Sector name for H1
504394602813,Savanna Coast,,,ModItemCampaignPreset HotDiamonds display_name Sector name for H10
221818809422,Savanna,,,ModItemCampaignPreset HotDiamonds display_name Sector name for H11
741191269749,Crossroads,,,ModItemCampaignPreset HotDiamonds display_name Sector name for H12
304714315829,Clinic Basement,,,ModItemCampaignPreset HotDiamonds display_name Sector name for H12_Underground
705677396519,Savanna,,,ModItemCampaignPreset HotDiamonds display_name Sector name for H13
182607269744,Mfumu Mine,,,ModItemCampaignPreset HotDiamonds display_name Sector name for H14
404334134277,Jungle,,,ModItemCampaignPreset HotDiamonds display_name Sector name for H15
584766347441,Burial Grounds,,,ModItemCampaignPreset HotDiamonds display_name Sector name for H17
473242751429,Fleatown District La-Boué,,,ModItemCampaignPreset HotDiamonds display_name Sector name for H18
647441593762,Fleatown Flea Market,,,ModItemCampaignPreset HotDiamonds display_name Sector name for H19
838031250692,Sea,,,ModItemCampaignPreset HotDiamonds display_name Sector name for H2
614227246678,Riverbank,,,ModItemCampaignPreset HotDiamonds display_name Sector name for H21
932397913085,Old Fortifications,,,ModItemCampaignPreset HotDiamonds display_name Sector name for H22
798900424828,Bunker,,,ModItemCampaignPreset HotDiamonds display_name Sector name for H22_Underground
651098705600,Great Forest,,,ModItemCampaignPreset HotDiamonds display_name Sector name for H23
272495633070,Metro Station B,,,ModItemCampaignPreset HotDiamonds display_name Sector name for H23_Underground
130230429232,Riverbank in the Jungle,,,ModItemCampaignPreset HotDiamonds display_name Sector name for H24
297775590352,River,,,ModItemCampaignPreset HotDiamonds display_name Sector name for H25
297775590352,River,,,ModItemCampaignPreset HotDiamonds display_name Sector name for H26
130230429232,Riverbank in the Jungle,,,ModItemCampaignPreset HotDiamonds display_name Sector name for H27
441551571400,Bian-Chien Island,,,ModItemCampaignPreset HotDiamonds display_name Sector name for H29
838031250692,Sea,,,ModItemCampaignPreset HotDiamonds display_name Sector name for H3
297761234111,Swamps,,,ModItemCampaignPreset HotDiamonds display_name Sector name for H30
402575772484,Wassergrab Deposit,,,ModItemCampaignPreset HotDiamonds display_name Sector name for H31
260390996640,Gloomy Village,,,ModItemCampaignPreset HotDiamonds display_name Sector name for H32
838031250692,Sea,,,ModItemCampaignPreset HotDiamonds display_name Sector name for H4
838031250692,Sea,,,ModItemCampaignPreset HotDiamonds display_name Sector name for H5
838031250692,Sea,,,ModItemCampaignPreset HotDiamonds display_name Sector name for H6
838031250692,Sea,,,ModItemCampaignPreset HotDiamonds display_name Sector name for H7
838031250692,Sea,,,ModItemCampaignPreset HotDiamonds display_name Sector name for H8
838031250692,Sea,,,ModItemCampaignPreset HotDiamonds display_name Sector name for H9
838031250692,Sea,,,ModItemCampaignPreset HotDiamonds display_name Sector name for I1
838031250692,Sea,,,ModItemCampaignPreset HotDiamonds display_name Sector name for I10
812039020425,Savanna Coast,,,ModItemCampaignPreset HotDiamonds display_name Sector name for I11
665104084642,Secret Tunnel,,,ModItemCampaignPreset HotDiamonds display_name Sector name for I11_Underground
642649418249,Savanna,,,ModItemCampaignPreset HotDiamonds display_name Sector name for I12
234271709521,Jungle,,,ModItemCampaignPreset HotDiamonds display_name Sector name for I15
761775516206,Abandoned Mansion,,,ModItemCampaignPreset HotDiamonds display_name Sector name for I16
978845165648,Mansion Basement,,,ModItemCampaignPreset HotDiamonds display_name Sector name for I16_Underground
524504567636,Road Bridge,,,ModItemCampaignPreset HotDiamonds display_name Sector name for I17
303504379957,Great Forest,,,ModItemCampaignPreset HotDiamonds display_name Sector name for I18
613098814399,Swamps,,,ModItemCampaignPreset HotDiamonds display_name Sector name for I19
909162954508,Lighthouse Clinic,,,ModItemCampaignPreset HotDiamonds display_name Sector name for I2
564176759847,Farms,,,ModItemCampaignPreset HotDiamonds display_name Sector name for I20
626691460597,Marshy Shore,,,ModItemCampaignPreset HotDiamonds display_name Sector name for I21
280630965085,Great Forest,,,ModItemCampaignPreset HotDiamonds display_name Sector name for I22
665104084642,Secret Tunnel,,,ModItemCampaignPreset HotDiamonds display_name Sector name for I22_Underground
458949895555,Great Forest,,,ModItemCampaignPreset HotDiamonds display_name Sector name for I23
460717026135,Underground Laboratory,,,ModItemCampaignPreset HotDiamonds display_name Sector name for I23_Underground
317461696416,Great Forest,,,ModItemCampaignPreset HotDiamonds display_name Sector name for I24
788677023307,Muddywater Bridge,,,ModItemCampaignPreset HotDiamonds display_name Sector name for I25
299323377959,Archaeological Excavation,,,ModItemCampaignPreset HotDiamonds display_name Sector name for I28
701345923840,Road to the Lighthouse,,,ModItemCampaignPreset HotDiamonds display_name Sector name for I3
540427053072,Witch’s Hut,,,ModItemCampaignPreset HotDiamonds display_name Sector name for I31
608872900457,Road to the Lighthouse,,,ModItemCampaignPreset HotDiamonds display_name Sector name for I4
173542934345,Ernie Village,,,ModItemCampaignPreset HotDiamonds display_name Sector name for I5
141041612699,Tin Can,,,ModItemCampaignPreset HotDiamonds display_name Sector name for I6
549697085851,Bunker FB45-68,,,ModItemCampaignPreset HotDiamonds display_name Sector name for I6_Underground
844521108189,Fort Lo-Bleu,,,ModItemCampaignPreset HotDiamonds display_name Sector name for I7
386088113625,Army Bunker,,,ModItemCampaignPreset HotDiamonds display_name Sector name for I7_Underground
838031250692,Sea,,,ModItemCampaignPreset HotDiamonds display_name Sector name for I8
838031250692,Sea,,,ModItemCampaignPreset HotDiamonds display_name Sector name for I9
838031250692,Sea,,,ModItemCampaignPreset HotDiamonds display_name Sector name for J1
838031250692,Sea,,,ModItemCampaignPreset HotDiamonds display_name Sector name for J10
838031250692,Sea,,,ModItemCampaignPreset HotDiamonds display_name Sector name for J11
504402203656,Savanna Coast,,,ModItemCampaignPreset HotDiamonds display_name Sector name for J12
997744145858,Treasure Hunters’ Settlement,,,ModItemCampaignPreset HotDiamonds display_name Sector name for J13
683335127705,Rimville,,,ModItemCampaignPreset HotDiamonds display_name Sector name for J14
279103202332,Underground Laboratory,,,ModItemCampaignPreset HotDiamonds display_name Sector name for J14_Underground
697926662034,Riverbank in the Savanna,,,ModItemCampaignPreset HotDiamonds display_name Sector name for J15
279103202332,Underground Laboratory,,,ModItemCampaignPreset HotDiamonds display_name Sector name for J15_Underground
737138748415,Great Forest,,,ModItemCampaignPreset HotDiamonds display_name Sector name for J16
904326907181,Riverbank in the Jungle,,,ModItemCampaignPreset HotDiamonds display_name Sector name for J17
240546278957,Lands of the Dead,,,ModItemCampaignPreset HotDiamonds display_name Sector name for J18
958825928490,Boggy Marshes,,,ModItemCampaignPreset HotDiamonds display_name Sector name for J19
555133792190,Wild Place,,,ModItemCampaignPreset HotDiamonds display_name Sector name for J2
425685949746,Swamps,,,ModItemCampaignPreset HotDiamonds display_name Sector name for J20
641120547141,Minefield,,,ModItemCampaignPreset HotDiamonds display_name Sector name for J21
204825610373,Old Cemetery,,,ModItemCampaignPreset HotDiamonds display_name Sector name for J23
798506381727,Riverbank in the Jungle,,,ModItemCampaignPreset HotDiamonds display_name Sector name for J25
613098814399,Swamps,,,ModItemCampaignPreset HotDiamonds display_name Sector name for J28
816855262914,Metro Station C,,,ModItemCampaignPreset HotDiamonds display_name Sector name for J28_Underground
293068634640,Camp of Hope,,,ModItemCampaignPreset HotDiamonds display_name Sector name for J29
348743958741,Road to Ernie,,,ModItemCampaignPreset HotDiamonds display_name Sector name for J4
336479618775,Ernie Farms,,,ModItemCampaignPreset HotDiamonds display_name Sector name for J5
679436731928,Smugglers’ Outpost,,,ModItemCampaignPreset HotDiamonds display_name Sector name for J6
149201225676,Emerald Coast,,,ModItemCampaignPreset HotDiamonds display_name Sector name for J7
838031250692,Sea,,,ModItemCampaignPreset HotDiamonds display_name Sector name for J8
838031250692,Sea,,,ModItemCampaignPreset HotDiamonds display_name Sector name for J9
838031250692,Sea,,,ModItemCampaignPreset HotDiamonds display_name Sector name for K1
838031250692,Sea,,,ModItemCampaignPreset HotDiamonds display_name Sector name for K10
838031250692,Sea,,,ModItemCampaignPreset HotDiamonds display_name Sector name for K11
813545991003,Underground Laboratory,,,ModItemCampaignPreset HotDiamonds display_name Sector name for K11_Underground
297775590352,River,,,ModItemCampaignPreset HotDiamonds display_name Sector name for K12
297775590352,River,,,ModItemCampaignPreset HotDiamonds display_name Sector name for K13
881042435123,Factory Ruins,,,ModItemCampaignPreset HotDiamonds display_name Sector name for K14
801967378182,Jungle Shore,,,ModItemCampaignPreset HotDiamonds display_name Sector name for K15
721531935723,Metro Station D,,,ModItemCampaignPreset HotDiamonds display_name Sector name for K15_Underground
881042435123,Factory Ruins,,,ModItemCampaignPreset HotDiamonds display_name Sector name for K19
181489520075,Sea,,,ModItemCampaignPreset HotDiamonds display_name Sector name for K2
297775590352,River,,,ModItemCampaignPreset HotDiamonds display_name Sector name for K20
837364987352,Cam-Bian-Chien,,,ModItemCampaignPreset HotDiamonds display_name Sector name for K21
549994988586,Bian-Chien Island,,,ModItemCampaignPreset HotDiamonds display_name Sector name for K22
234932279754,Bian-Chien Island,,,ModItemCampaignPreset HotDiamonds display_name Sector name for K23
316148597610,Riverbank,,,ModItemCampaignPreset HotDiamonds display_name Sector name for K24
297775590352,River,,,ModItemCampaignPreset HotDiamonds display_name Sector name for K25
164902617534,SomewhereOutThere,,,ModItemCampaignPreset HotDiamonds display_name Sector name for K26
254047887407,Sanatorium,,,ModItemCampaignPreset HotDiamonds display_name Sector name for K29
933477819234,Time to leave the perimeter,,,ModItemCampaignPreset HotDiamonds warningTimerText
954201546673,Sanatorium Basement,,,ModItemCampaignPreset HotDiamonds display_name Sector name for K29_Underground
839602336017,Legion Field Camp,,,ModItemCampaignPreset HotDiamonds display_name Sector name for K3
575031690071,Filler,,,ModItemCampaignPreset HotDiamonds display_name Sector name for K31
463695279475,Twin Estates,,,ModItemCampaignPreset HotDiamonds display_name Sector name for K32
185948484340,Flag Hill,,,ModItemCampaignPreset HotDiamonds display_name Sector name for K4
828240037474,Legion Field Camp,,,ModItemCampaignPreset HotDiamonds display_name Sector name for K5
484479696515,Smugglers’ Backup Camp,,,ModItemCampaignPreset HotDiamonds display_name Sector name for K6
124799308713,Abandoned Rocky Shore,,,ModItemCampaignPreset HotDiamonds display_name Sector name for K7
838031250692,Sea,,,ModItemCampaignPreset HotDiamonds display_name Sector name for K8
838031250692,Sea,,,ModItemCampaignPreset HotDiamonds display_name Sector name for K9
380204237490,Partisan Base on Ernie Island,,,ModItemCampaignPreset HotDiamonds display_name Sector name for L1
838031250692,Sea,,,ModItemCampaignPreset HotDiamonds display_name Sector name for L10
896730749332,"Stronghold ""Central""",,,ModItemCampaignPreset HotDiamonds display_name Sector name for L11
297775590352,River,,,ModItemCampaignPreset HotDiamonds display_name Sector name for L12
308732960633,Faceless,,,ModItemCampaignPreset HotDiamonds display_name Sector name for L13
297775590352,River,,,ModItemCampaignPreset HotDiamonds display_name Sector name for L14
209909493905,Cam-La-Barrière,,,ModItemCampaignPreset HotDiamonds display_name Sector name for L15
739270215925,Great Forest,,,ModItemCampaignPreset HotDiamonds display_name Sector name for L16
721531935723,Metro Station D,,,ModItemCampaignPreset HotDiamonds display_name Sector name for L16_Underground
210475281605,Bandits’ Fort,,,ModItemCampaignPreset HotDiamonds display_name Sector name for L17
995951843740,Underground Tunnel,,,ModItemCampaignPreset HotDiamonds display_name Sector name for L17_Underground
368904407254,No Location,,,ModItemCampaignPreset HotDiamonds display_name Sector name for L19
733530482848,Impassable Terrain,,,ModItemCampaignPreset HotDiamonds display_name Sector name for L2
297775590352,River,,,ModItemCampaignPreset HotDiamonds display_name Sector name for L20
297775590352,River,,,ModItemCampaignPreset HotDiamonds display_name Sector name for L21
297775590352,River,,,ModItemCampaignPreset HotDiamonds display_name Sector name for L22
297775590352,River,,,ModItemCampaignPreset HotDiamonds display_name Sector name for L23
297775590352,River,,,ModItemCampaignPreset HotDiamonds display_name Sector name for L24
297775590352,River,,,ModItemCampaignPreset HotDiamonds display_name Sector name for L25
849503984001,Farms,,,ModItemCampaignPreset HotDiamonds display_name Sector name for L26
913920875470,Great Forest,,,ModItemCampaignPreset HotDiamonds display_name Sector name for L27
890190423953,Legion Field Camp,,,ModItemCampaignPreset HotDiamonds display_name Sector name for L3
849503984001,Farms,,,ModItemCampaignPreset HotDiamonds display_name Sector name for L31
193876396815,Legion Field Camp,,,ModItemCampaignPreset HotDiamonds display_name Sector name for L4
760738486642,Legion Field Camp,,,ModItemCampaignPreset HotDiamonds display_name Sector name for L5
767934028449,Abandoned Bunker Entrance,,,ModItemCampaignPreset HotDiamonds display_name Sector name for L6
362916261613,Partisan Bunker,,,ModItemCampaignPreset HotDiamonds display_name Sector name for L6_Underground
672915928785,Fishing Village,,,ModItemCampaignPreset HotDiamonds display_name Sector name for L7
838031250692,Sea,,,ModItemCampaignPreset HotDiamonds display_name Sector name for L8
838031250692,Sea,,,ModItemCampaignPreset HotDiamonds display_name Sector name for L9
671411170358,Landing Zone,,,ModItemCampaignPreset HotDiamonds display_name Sector name for M1
838031250692,Sea,,,ModItemCampaignPreset HotDiamonds display_name Sector name for M10
297775590352,River,,,ModItemCampaignPreset HotDiamonds display_name Sector name for M11
297775590352,River,,,ModItemCampaignPreset HotDiamonds display_name Sector name for M12
297775590352,River,,,ModItemCampaignPreset HotDiamonds display_name Sector name for M13
297775590352,River,,,ModItemCampaignPreset HotDiamonds display_name Sector name for M14
297775590352,River,,,ModItemCampaignPreset HotDiamonds display_name Sector name for M15
297775590352,River,,,ModItemCampaignPreset HotDiamonds display_name Sector name for M16
297775590352,River,,,ModItemCampaignPreset HotDiamonds display_name Sector name for M17
297775590352,River,,,ModItemCampaignPreset HotDiamonds display_name Sector name for M18
297775590352,River,,,ModItemCampaignPreset HotDiamonds display_name Sector name for M19
691002711206,Rocky Shore,,,ModItemCampaignPreset HotDiamonds display_name Sector name for M2
297775590352,River,,,ModItemCampaignPreset HotDiamonds display_name Sector name for M20
297775590352,River,,,ModItemCampaignPreset HotDiamonds display_name Sector name for M21
297775590352,River,,,ModItemCampaignPreset HotDiamonds display_name Sector name for M22
297775590352,River,,,ModItemCampaignPreset HotDiamonds display_name Sector name for M23
283125335704,Farms,,,ModItemCampaignPreset HotDiamonds display_name Sector name for M26
962183556645,Waterfall,,,ModItemCampaignPreset HotDiamonds display_name Sector name for M3
540072216084,Farms,,,ModItemCampaignPreset HotDiamonds display_name Sector name for M31
444373326278,Lookout Point,,,ModItemCampaignPreset HotDiamonds display_name Sector name for M4
912355717873,Coastline,,,ModItemCampaignPreset HotDiamonds display_name Sector name for M5
649552238374,Old Port,,,ModItemCampaignPreset HotDiamonds display_name Sector name for M6
838031250692,Sea,,,ModItemCampaignPreset HotDiamonds display_name Sector name for M7
838031250692,Sea,,,ModItemCampaignPreset HotDiamonds display_name Sector name for M8
838031250692,Sea,,,ModItemCampaignPreset HotDiamonds display_name Sector name for M9
838031250692,Sea,,,ModItemCampaignPreset HotDiamonds display_name Sector name for N1
838031250692,Sea,,,ModItemCampaignPreset HotDiamonds display_name Sector name for N10
549508021001,Fortification District Cacao,,,ModItemCampaignPreset HotDiamonds display_name Sector name for N11
708524428129,Port Cacao,,,ModItemCampaignPreset HotDiamonds display_name Sector name for N12
451163287007,Port Cacao Docks,,,ModItemCampaignPreset HotDiamonds display_name Sector name for N13
603757752539,Wetlands,,,ModItemCampaignPreset HotDiamonds display_name Sector name for N16
297775590352,River,,,ModItemCampaignPreset HotDiamonds display_name Sector name for N17
297775590352,River,,,ModItemCampaignPreset HotDiamonds display_name Sector name for N18
297775590352,River,,,ModItemCampaignPreset HotDiamonds display_name Sector name for N19
838031250692,Sea,,,ModItemCampaignPreset HotDiamonds display_name Sector name for N2
297775590352,River,,,ModItemCampaignPreset HotDiamonds display_name Sector name for N20
297775590352,River,,,ModItemCampaignPreset HotDiamonds display_name Sector name for N21
553366291840,Great Forest,,,ModItemCampaignPreset HotDiamonds display_name Sector name for N22
204825610373,Old Cemetery,,,ModItemCampaignPreset HotDiamonds display_name Sector name for N23
564176759847,Farms,,,ModItemCampaignPreset HotDiamonds display_name Sector name for N24
108512072925,Farms,,,ModItemCampaignPreset HotDiamonds display_name Sector name for N27
693132416723,Farm,,,ModItemCampaignPreset HotDiamonds display_name Sector name for N28
164902617534,SomewhereOutThere,,,ModItemCampaignPreset HotDiamonds display_name Sector name for N29
838031250692,Sea,,,ModItemCampaignPreset HotDiamonds display_name Sector name for N3
522760622153,Farms,,,ModItemCampaignPreset HotDiamonds display_name Sector name for N30
733323401700,Farms,,,ModItemCampaignPreset HotDiamonds display_name Sector name for N31
838031250692,Sea,,,ModItemCampaignPreset HotDiamonds display_name Sector name for N4
838031250692,Sea,,,ModItemCampaignPreset HotDiamonds display_name Sector name for N5
838031250692,Sea,,,ModItemCampaignPreset HotDiamonds display_name Sector name for N6
838031250692,Sea,,,ModItemCampaignPreset HotDiamonds display_name Sector name for N7
838031250692,Sea,,,ModItemCampaignPreset HotDiamonds display_name Sector name for N8
838031250692,Sea,,,ModItemCampaignPreset HotDiamonds display_name Sector name for N9
838031250692,Sea,,,ModItemCampaignPreset HotDiamonds display_name Sector name for O1
308781253074,Cacao Suburbs,,,ModItemCampaignPreset HotDiamonds display_name Sector name for O11
147018837237,Dumpsite,,,ModItemCampaignPreset HotDiamonds display_name Sector name for O13
890849254213,Seen sector O15? Same thing.,,,ModItemCampaignPreset HotDiamonds display_name Sector name for O15
816624650190,Old Diamond,,,ModItemCampaignPreset HotDiamonds display_name Sector name for O16
704031123646,Filler,,,ModItemCampaignPreset HotDiamonds display_name Sector name for O19
838031250692,Sea,,,ModItemCampaignPreset HotDiamonds display_name Sector name for O2
788666771457,Riverbank in the Jungle,,,ModItemCampaignPreset HotDiamonds display_name Sector name for O20
218370018046,Great Forest,,,ModItemCampaignPreset HotDiamonds display_name Sector name for O21
429313128588,Filler,,,ModItemCampaignPreset HotDiamonds display_name Sector name for O22
465814356471,Filler,,,ModItemCampaignPreset HotDiamonds display_name Sector name for O23
838031250692,Sea,,,ModItemCampaignPreset HotDiamonds display_name Sector name for O3
838031250692,Sea,,,ModItemCampaignPreset HotDiamonds display_name Sector name for O4
838031250692,Sea,,,ModItemCampaignPreset HotDiamonds display_name Sector name for O5
838031250692,Sea,,,ModItemCampaignPreset HotDiamonds display_name Sector name for O6
838031250692,Sea,,,ModItemCampaignPreset HotDiamonds display_name Sector name for O7
838031250692,Sea,,,ModItemCampaignPreset HotDiamonds display_name Sector name for O8
838031250692,Sea,,,ModItemCampaignPreset HotDiamonds display_name Sector name for O9
838031250692,Sea,,,ModItemCampaignPreset HotDiamonds display_name Sector name for P1
305225889431,Great Forest,,,ModItemCampaignPreset HotDiamonds display_name Sector name for P11
357935931244,Forest,,,ModItemCampaignPreset HotDiamonds display_name Sector name for P15
813545991003,Underground Laboratory,,,ModItemCampaignPreset HotDiamonds display_name Sector name for P15_Underground
940784784728,WhereWhereEverywhere,,,ModItemCampaignPreset HotDiamonds display_name Sector name for P16
250419918305,Camp du Crocodile,,,ModItemCampaignPreset HotDiamonds display_name Sector name for P17
294371204656,Abandoned Airfield,,,ModItemCampaignPreset HotDiamonds display_name Sector name for P19
838031250692,Sea,,,ModItemCampaignPreset HotDiamonds display_name Sector name for P2
244804417778,Great Forest,,,ModItemCampaignPreset HotDiamonds display_name Sector name for P20
881042435123,Factory Ruins,,,ModItemCampaignPreset HotDiamonds display_name Sector name for P21
685863743391,Southern Military Base,,,ModItemCampaignPreset HotDiamonds display_name Sector name for P26
838031250692,Sea,,,ModItemCampaignPreset HotDiamonds display_name Sector name for P3
838031250692,Sea,,,ModItemCampaignPreset HotDiamonds display_name Sector name for P4
838031250692,Sea,,,ModItemCampaignPreset HotDiamonds display_name Sector name for P5
838031250692,Sea,,,ModItemCampaignPreset HotDiamonds display_name Sector name for P6
838031250692,Sea,,,ModItemCampaignPreset HotDiamonds display_name Sector name for P7
958946630257,"A Nice Place",,,ModItemCampaignPreset HotDiamonds display_name Sector name for P8
100373069792,"A Nice Place" (Underground),,,ModItemCampaignPreset HotDiamonds display_name Sector name for P8_Underground
788666771457,Riverbank in the Jungle,,,ModItemCampaignPreset HotDiamonds display_name Sector name for P9
888882045986,Exit the Area,,,ModItemCampaignPreset HotDiamonds default
169721235549,Lenore,,,ModItemQuestsDef WetlandsSideQuests DisplayName
364886179382,One may want to take a walk around the place and <em>contemplate</em> on the poem by Edgar Allan Poe,,,ModItemQuestsDef WetlandsSideQuests Text
696843295595,<em>Outcome:</em> <em>Lenore</em> and <em>Guy De Vere</em> should rest in peace,,,ModItemQuestsDef WetlandsSideQuests Text
115494443900,Camp du Crocodile,,,ModItemQuestsDef Elliot DisplayName
761350045885,"There is a ""Major"" in <em><SectorName('H14')></em>, but is he <em>The Major</em>?",,,ModItemQuestsDef Elliot Text
828983887919,"The ""Major"" in <em><SectorName('H14')></em> is the harmless idiot <em>Elliot</em> from Arulco",,,ModItemQuestsDef Elliot Text
226253632722,"<em>Outcome:</em> The <em>""Major""</em> in <em><SectorName('H14')></em> was killed, but was he the real Major?",,,ModItemQuestsDef Elliot Text
712574607433,<em>Outcome:</em> <em>Elliot</em> from Arulco paid with his life for pretending to be the Major,,,ModItemQuestsDef Elliot Text
358731170157,<em>Outcome:</em> <em>Elliot</em> from Arulco went to jail for killing his best friend,,,ModItemQuestsDef Elliot Text
196541382881,<em>Outcome:</em> Spared <em>Elliot</em>,,,ModItemQuestsDef Elliot Text
824916717420,<em>Outcome:</em> <em>Elliot</em> is dead,,,ModItemQuestsDef Elliot Text
104085898235,Côte d'Azur,,,ModItemQuestsDef SavannaSideQuest DisplayName
652093742599,"<em>Operation</em>: Captain Jacques Pierrot in <em><SectorName('G9')></em> offers naval transport if the ""M.E.R.C.'s Pride"" boat is repaired",,,ModItemQuestsDef SavannaSideQuest Text
884795282888,<em>Outcome:</em> M.E.R.C.'s boat is repaired and will be commandeered by Captain Jacques Pierrot as naval transport from <em><SectorName('G9')></em>,,,ModItemQuestsDef SavannaSideQuest Text
728713112141,<em>Outcome:</em> <em>Captain Jacques Pierrot</em> is dead,,,ModItemQuestsDef SavannaSideQuest Text
638558387543,established a <em>Port</em> in <em><SectorName('G9')></em>,,,ModItemQuestsDef SavannaSideQuest SpecialConversationMessage
974163584784,The Refugee camp,,,ModItemQuestsDef RefugeeBlues DisplayName
140909449468,<em>Sangoma</em> at the <em><SectorName('E9')></em> is a famous faith healer,,,ModItemQuestsDef RefugeeBlues Text
417607577100,<em>Sangoma</em> from the <em><SectorName('E9')></em> needs <em>Metaviron</em> to heal his family and protect his faith healer reputation,,,ModItemQuestsDef RefugeeBlues Text
875225952240,There may be <em>Metaviron</em> at the <em><SectorName('H19')></em>,,,ModItemQuestsDef RefugeeBlues Text
132204393595,<em>Outcome:</em> Saved the family of <em>Sangoma</em> and preserved his faith healer reputation,,,ModItemQuestsDef RefugeeBlues Text
778150699797,<em>Outcome:</em> Saved the family of <em>Sangoma</em>,,,ModItemQuestsDef RefugeeBlues Text
828618948075,<em>Operation</em>: A capable <em>Medic</em> could cure the family of <em>Sangoma</em> at the <em><SectorName('E9')></em>,,,ModItemQuestsDef RefugeeBlues Text
933739111483,<em>Outcome:</em> <em>Sangoma</em> is dead,,,ModItemQuestsDef RefugeeBlues Text
258278270170,<em>Pepe</em> from the <em><SectorName('E9')></em> asked for help with his <em>TV</em> woes,,,ModItemQuestsDef RefugeeBlues Text
775763648755,<em>Outcome:</em> Helped <em>Pepe</em> and greatly pleased the spirits at the <em><SectorName('E9')></em>,,,ModItemQuestsDef RefugeeBlues Text
403756776367,<em>Outcome:</em> <em>Pepe</em> is dead,,,ModItemQuestsDef RefugeeBlues Text
383668708924,<em>Claudette</em> was kidnapped by the Legion and taken to the <em><SectorName('D9')></em>,,,ModItemQuestsDef RefugeeBlues Text
610475885620,Time to help brave <em>Claudette</em>,,,ModItemQuestsDef RefugeeBlues Text
426080804855,<em>Claudette</em> went back to her brother <em>Antoine</em> in the <em><SectorName('E9')></em>,,,ModItemQuestsDef RefugeeBlues Text
569370874172,<em>Outcome:</em> <em>Claudette</em> is dead,,,ModItemQuestsDef RefugeeBlues Text
476827429491,<em>Outcome:</em> <em>Antoine</em> is dead,,,ModItemQuestsDef RefugeeBlues Text
765676162861,<em>Outcome:</em> <em>Antoine</em> and <em>Claudette</em> left the Refugee Camp for good,,,ModItemQuestsDef RefugeeBlues Text
237714284402,"<em>Karen</em> in the <em><SectorName('E9')></em> insists that her <em>passport</em> is found and returned immediately, or she will call the manager!",,,ModItemQuestsDef RefugeeBlues Text
194915769887,<em>Lalee</em> in <em><SectorName('H19')></em> can probably provide a <em>passport</em> for <em>Karen</em>,,,ModItemQuestsDef RefugeeBlues Text
825015158443,Found <em>Karen's passport</em>,,,ModItemQuestsDef RefugeeBlues Text
205482708053,<em>Outcome:</em> Returned <em>Karen's passport</em>,,,ModItemQuestsDef RefugeeBlues Text
248946579059,<em>Outcome:</em> Sent <em>Karen</em> to the great manager in the sky,,,ModItemQuestsDef RefugeeBlues Text
582068277236,<em>Outcome:</em> <em>Karen</em> is dead,,,ModItemQuestsDef RefugeeBlues Text
606937685269,<em>Martha and Herman</em> are stuck in the <em><SectorName('E9')></em>,,,ModItemQuestsDef RefugeeBlues Text
969489570316,<em>Outcome:</em> <em>Martha and Herman</em> are dead,,,ModItemQuestsDef RefugeeBlues Text
906457124761,<em>Outcome:</em> Helped <em>Martha and Herman</em> with money,,,ModItemQuestsDef RefugeeBlues Text
841841624189,<em>Outcome:</em> Employed <em>Martha and Herman</em> as mine workers,,,ModItemQuestsDef RefugeeBlues Text
240649173453,Time to intervene,,,ModItemQuestsDef RefugeeBlues Label
481334830789,helped <em>Antoine</em> and <em>Claudette</em>,,,ModItemQuestsDef RefugeeBlues SpecialConversationMessage
752789417156,helped <em>Martha</em> and <em>Herman</em>,,,ModItemQuestsDef RefugeeBlues SpecialConversationMessage
952242327124,provided a US passport to <em>Karen</em>,,,ModItemQuestsDef RefugeeBlues SpecialConversationMessage
707991311263,convinced <em>Bastien</em> to stop profiteering,,,ModItemQuestsDef RefugeeBlues SpecialConversationMessage
449194370340,The dead poachers,,,ModItemQuestsDef HunterHunted DisplayName
304064974760,"The Poachers at the <em><SectorName('C5')></em> are having some trouble with their ""work""",,,ModItemQuestsDef HunterHunted Text
124923999935,Someone is hunting the poachers from the <em><SectorName('C5')></em> and nailing horns on their heads,,,ModItemQuestsDef HunterHunted Text
109398933439,<em>Flay</em> is killing poachers and putting horns on the corpses,,,ModItemQuestsDef HunterHunted Text
753155851285,<em>Hyena</em> from the <em><SectorName('C5')></em> offers a reward for tracking down and killing <em>Flay</em>,,,ModItemQuestsDef HunterHunted Text
414478994287,There may be <em>clues</em> that lead to <em>Flay's hideout</em> across the <em>Savanna</em>,,,ModItemQuestsDef HunterHunted Text
444244839227,<em>Flay</em> is in the <em><SectorName('C6')></em>,,,ModItemQuestsDef HunterHunted Text
266905473743,<em>Flay</em> is in the <em><SectorName('B4')></em>,,,ModItemQuestsDef HunterHunted Text
982323621591,<em>Flay</em> is in the <em><SectorName('E6')></em>,,,ModItemQuestsDef HunterHunted Text
900092463856,<em>Hyena Gilbert</em> is offering a reward for taking down <em>Flay</em>,,,ModItemQuestsDef HunterHunted Text
577353066206,<em>Flay</em> was brought to <em>Hyena</em> so the poachers could deal with him,,,ModItemQuestsDef HunterHunted Text
921288244502,The poacher hunting season is <em>on</em>,,,ModItemQuestsDef HunterHunted Text
329910761476,<em>Outcome:</em> <em>Flay</em> is dead,,,ModItemQuestsDef HunterHunted Text
253192947803,<em>Outcome:</em> Recruited <em>Flay</em>,,,ModItemQuestsDef HunterHunted Text
974634219237,<em>Outcome:</em> <em>Flay</em> is now hunting the Legion,,,ModItemQuestsDef HunterHunted Text
282259139601,<em>Outcome:</em> <em>Flay</em> will no longer hunt the poachers,,,ModItemQuestsDef HunterHunted Text
469908469801,<em>Outcome:</em> Poachers are done poaching,,,ModItemQuestsDef HunterHunted Text
873714505345,Clue: <em>Flay</em> was here killing poachers.,,,ModItemQuestsDef HunterHunted message
527449098437,Helping Sangoma,,,ModItemQuestsDef FaithHealing DisplayName
431386569214,cured the family of <em>Sangoma</em>,,,ModItemQuestsDef FaithHealing SpecialConversationMessage
349588310270,Liberating Diamond Red,,,ModItemQuestsDef DiamondRed DisplayName
681472768157,There are rumors of terrible conditions at the <em><SectorName('A2')></em> mine,,,ModItemQuestsDef DiamondRed Text
442011910613,The <em><SectorName('A2')></em> mine is controlled by <em>Slave Master Graaf</em> who abuses the workers,,,ModItemQuestsDef DiamondRed Text
605587998364,Liberated the <em><SectorName('A2')></em> mine,,,ModItemQuestsDef DiamondRed Text
572667809420,<em>Slave Master Graaf</em> is defeated,,,ModItemQuestsDef DiamondRed Text
373648402830,"Slave Master Graaf is attacking the <em>miners</em> at <em><SectorName('A2')></em>

Miners Alive: <em><GetNumAliveUnitsInGroup('Miners')></em>
",,,ModItemQuestsDef DiamondRed Text
296886973599,"The Legion soldiers are attacking the <em>miners</em> at <em><SectorName('A2')></em>

Miners alive: <em><GetNumAliveUnitsInGroup('Miners')></em>",,,ModItemQuestsDef DiamondRed Text
792988128701,<em>Outcome:</em> Executed <em>Slave Master Graaf</em>,,,ModItemQuestsDef DiamondRed Text
142791317680,<em>Outcome:</em> Installed <em>Slave Master Graaf</em> as foreman in <em><SectorName('A2')></em>,,,ModItemQuestsDef DiamondRed Text
711368716559,<em>Outcome:</em> Banished <em>Slave Master Graaf</em> from <em><SectorName('A2')></em>,,,ModItemQuestsDef DiamondRed Text
886738651138,<em>Outcome:</em> <em>Minimal casualties</em> among the miners in <em><SectorName('A2')></em>,,,ModItemQuestsDef DiamondRed Text
226911658823,<em>Outcome:</em> <em>Serious casualties</em> among the miners in <em><SectorName('A2')></em>,,,ModItemQuestsDef DiamondRed Text
134925017517,Worker,,,ModItemQuestsDef DiamondRed ChangeName
587704636909,Slave,,,ModItemQuestsDef DiamondRed ChangeName
124836023855,Endgame,,,ModItemQuestsDef 06_Endgame DisplayName
606978329050,Time to open the <color EmStyle>satellite map</color>,,,ModItemQuestsDef 06_Endgame Text
431465051599,Neutralizing the Major,,,ModItemQuestsDef 05_TakeDownMajor DisplayName
397890849828,"<color EmStyle>Legion</color> militants kidnapped <color EmStyle>Emma's father</color>, Alphonse Lafontaine, <color EmStyle>President</color> of Grand Chien.",,,ModItemQuestsDef 05_TakeDownMajor Text
869229809153,"<color EmStyle>The Major</color> is holding <color EmStyle>Emma's father</color>, Alphonse Lafontaine, <color EmStyle>President</color> of Grand Chien, hostage.",,,ModItemQuestsDef 05_TakeDownMajor Text
925599725552,You need to defeat <color EmStyle>The Major</color> and investigate his dealings with <color EmStyle>Corazon Santiago</color>,,,ModItemQuestsDef 05_TakeDownMajor Text
932983786009,Rumor: <color EmStyle>The Major</color> is somewhere in the <color EmStyle>mountains</color>,,,ModItemQuestsDef 05_TakeDownMajor Text
673812884009,Rumor: <color EmStyle>The Major</color> is in the <color EmStyle>Camp du Crocodile</color> camp,,,ModItemQuestsDef 05_TakeDownMajor Text
974732480214,Rumor: <color EmStyle>The Major</color> is in the <color EmStyle>Camp du Crocodile</color> camp,,,ModItemQuestsDef 05_TakeDownMajor Text
402369312823,Clue: <color EmStyle>The Major</color> is in the «<color EmStyle>Eagle's Nest</color>» camp,,,ModItemQuestsDef 05_TakeDownMajor Text
510437059155,"The mysterious Major turned out to be a former mercenary, <color EmStyle>Major Spike Scallion</color>",,,ModItemQuestsDef 05_TakeDownMajor Text
661487924137,<color EmStyle>The Major</color> ordered the troops to shoot the <color EmStyle>President</color>,,,ModItemQuestsDef 05_TakeDownMajor Text
969822923322,Time to talk to <color EmStyle>The Major</color>,,,ModItemQuestsDef 05_TakeDownMajor Text
249802297924,"<color EmStyle>Result:</color> <color EmStyle>Major Spike Scallion</color>, leader of the Legion, executed",,,ModItemQuestsDef 05_TakeDownMajor Text
466557496124,"<color EmStyle>Result:</color> <color EmStyle>Major Spike Scallion</color>, leader of the Legion, convicted of war crimes and sent to a maximum-security prison",,,ModItemQuestsDef 05_TakeDownMajor Text
567743408746,"<color EmStyle>Result:</color> <color EmStyle>Major Spike Scallion</color>, leader of the Legion, joined your service",,,ModItemQuestsDef 05_TakeDownMajor Text
269228742506,<color EmStyle>President Lafontaine</color> rescued,,,ModItemQuestsDef 05_TakeDownMajor SpecialConversationMessage
765682144269,Neutralizing Colonel Faucheux,,,ModItemQuestsDef 05_TakeDownFaucheux DisplayName
509014585147,<color EmStyle></color>: you need to defeat <color EmStyle>Colonel Faucheux</color> and his troops,,,ModItemQuestsDef 05_TakeDownFaucheux Text
853020507615,<color EmStyle></color>: a <color EmStyle>secret passage</color> leads to Colonel Faucheux’s base,,,ModItemQuestsDef 05_TakeDownFaucheux Text
837874234628,<color EmStyle></color>: <color EmStyle>Colonel Faucheux</color> is trying to <color EmStyle>escape</color>,,,ModItemQuestsDef 05_TakeDownFaucheux Text
828970664810,<color EmStyle>Result:</color> <color EmStyle>Colonel Faucheux</color> is dead,,,ModItemQuestsDef 05_TakeDownFaucheux Text
695152375936,"<color EmStyle>Result:</color> <color EmStyle>Colonel Faucheux</color> was defeated, but managed to escape",,,ModItemQuestsDef 05_TakeDownFaucheux Text
286145078501,Alarm raised,,,ModItemQuestsDef 05_TakeDownFaucheux Label
544897209319,Neutralizing Corazon,,,ModItemQuestsDef 05_TakeDownCorazon DisplayName
372590946431,"You need to defeat <color EmStyle>Corazon Santiago</color> to clear A.I.M. of <color EmStyle>war crimes</color> accusations",,,ModItemQuestsDef 05_TakeDownCorazon Text
906904656215,Corazon set up her HQ in sector <color EmStyle></color>,,,ModItemQuestsDef 05_TakeDownCorazon Text
904937249733,Corazon set up her HQ in sector <color EmStyle></color>,,,ModItemQuestsDef 05_TakeDownCorazon Text
376995318484,<color EmStyle>Pierre</color> and his Ernie Rangers are waiting for the signal to attack,,,ModItemQuestsDef 05_TakeDownCorazon Text
534409403286,"There were no traces of <color EmStyle>Corazon</color> in the fort — most likely she’s hiding in this sector<color EmStyle>, but somewhere <color EmStyle>underground</color>",,,ModItemQuestsDef 05_TakeDownCorazon Text
464925069113,"<color EmStyle>Corazon</color> fled underground, to where <color EmStyle></color> is located",,,ModItemQuestsDef 05_TakeDownCorazon Text
693920729779,Time to talk to <color EmStyle>Corazon Santiago</color>,,,ModItemQuestsDef 05_TakeDownCorazon Text
894016712409,<color EmStyle>Result:</color> <color EmStyle>Corazon Santiago</color> was defeated and will stand trial,,,ModItemQuestsDef 05_TakeDownCorazon Text
409236094711,<color EmStyle>Result:</color> <color EmStyle>Corazon Santiago</color> executed,,,ModItemQuestsDef 05_TakeDownCorazon Text
542628995091,obtained <color EmStyle>dirt</color> on Corazon,,,ModItemQuestsDef 05_TakeDownCorazon message
697203515107,obtained <color EmStyle>dirt</color> on Corazon,,,ModItemQuestsDef 05_TakeDownCorazon message
538516283209,obtained <color EmStyle>dirt</color> on Corazon,,,ModItemQuestsDef 05_TakeDownCorazon message
607101189934,obtained <color EmStyle>dirt</color> on Corazon,,,ModItemQuestsDef 05_TakeDownCorazon message
816935932690,obtained <color EmStyle>dirt</color> on Corazon,,,ModItemQuestsDef 05_TakeDownCorazon message
810147819731,obtained <color EmStyle>dirt</color> on Corazon,,,ModItemQuestsDef 05_TakeDownCorazon message
544148670446,Corazon's Explanation,,,ModItemQuestsDef 04_Betrayal DisplayName
782365072842,<color EmStyle>Corazon</color> promised to explain everything in sector <color EmStyle></color>,,,ModItemQuestsDef 04_Betrayal Text
912303953320,Something terrible happened in sector <color EmStyle></color>,,,ModItemQuestsDef 04_Betrayal Text
263271908770,Clue: sector <color EmStyle></color> was hit by a chemical attack,,,ModItemQuestsDef 04_Betrayal Text
621209369041,Clue: sector <color EmStyle></color> was shelled with mustard gas,,,ModItemQuestsDef 04_Betrayal Text
399694507219,Time to demand some <color EmStyle>explanations</color> from someone!,,,ModItemQuestsDef 04_Betrayal Text
362305418477,Clue: sector <color EmStyle></color> was hit by a chemical attack on <color EmStyle>Colonel Faucheux</color>’s orders,,,ModItemQuestsDef 04_Betrayal Text
420090123469,It’s an <color EmStyle>ambush</color>!,,,ModItemQuestsDef 04_Betrayal Text
136915608458,<color EmStyle>Result:</color> there was no <color EmStyle>Corazon</color> in sector <color EmStyle></color>,,,ModItemQuestsDef 04_Betrayal Text
329339297670,<color EmStyle>Result:</color> you survived the <color EmStyle>ambush</color>,,,ModItemQuestsDef 04_Betrayal Text
462687065834,Rescuing the President,,,ModItemQuestsDef 03A_PresidentNotes DisplayName
202920554704,We need to rescue <color EmStyle>President Lafontaine</color>,,,ModItemQuestsDef 03A_PresidentNotes Text
991220259267,<color EmStyle>Emma</color> will wait for information about her father’s whereabouts in <color EmStyle>Port Cacao</color>,,,ModItemQuestsDef 03A_PresidentNotes Text
483551212310,"We need to rescue <color EmStyle>President Lafontaine</color>, who is being held captive by <color EmStyle>The Major</color>",,,ModItemQuestsDef 03A_PresidentNotes Text
211698784060,We need to rescue <color EmStyle>President Lafontaine</color> from <color EmStyle>The Major</color>’s camp,,,ModItemQuestsDef 03A_PresidentNotes Text
414700095663,Time to meet the <color EmStyle>President</color>,,,ModItemQuestsDef 03A_PresidentNotes Text
989002386653,<color EmStyle>Result:</color> <color EmStyle>President Lafontaine</color> rescued,,,ModItemQuestsDef 03A_PresidentNotes Text
331540174004,<color EmStyle>Result:</color> <color EmStyle>President Lafontaine</color> is dead,,,ModItemQuestsDef 03A_PresidentNotes Text
758754456728,Liberating Ernie Island,,,ModItemQuestsDef 02A_LiberateErnie_2 DisplayName
309758246879,Liberate Ernie Village,,,ModItemQuestsDef 02_LiberateErnie DisplayName
576404756411,The villagers can take you off the island <color EmStyle>by sea</color>,,,ModItemQuestsDef 02_LiberateErnie Text
380070137419,<color EmStyle>Ernie Village</color> is occupied by the <color EmStyle>Legion</color>,,,ModItemQuestsDef 02_LiberateErnie Text
226108088689,<color EmStyle>Result:</color> <color EmStyle>Ernie Village</color> liberated,,,ModItemQuestsDef 02_LiberateErnie Text
877140852159,<color EmStyle>Result:</color> <color EmStyle>sea transport</color> to the <color EmStyle>mainland</color> is available,,,ModItemQuestsDef 02_LiberateErnie Text
481578963401,Meeting the Client,,,ModItemQuestsDef 01_Landing DisplayName
194076078423,"The <em>Client</em> is waiting for us on <em>Ernie Island</em>; we need to break through to the target sector — the contract is still on",,,ModItemQuestsDef 01_Landing Text
361066050743,"Time to talk to those who helped us",,,ModItemQuestsDef 01_Landing Text
753511128670,"The landing went wrong — the boats came under heavy fire from the shore; we need to secure a foothold in a <em>Sector</em> and meet with those who engaged our enemy.",,,ModItemQuestsDef 01_Landing Text
504955124255,Looks like the island is occupied by the <color EmStyle>Legion</color>,,,ModItemQuestsDef 01_Landing Text
829148621439,The <em>Client</em> is in the mansion in sector <em><SectorName('K4')></em>,,,ModItemQuestsDef 01_Landing Text
861219355572,<em>Objective:</em> Meet <em>Emma LeFontaine</em> and <em>Corazon Santiago</em>,,,ModItemQuestsDef 01_Landing Text
711512520142,The Rebels,,,ModItemQuestsDef JAZZ_REBELS_0_MeetTheRebels DisplayName
244219612500,Meet the rebel leader on the island,,,ModItemQuestsDef JAZZ_REBELS_0_MeetTheRebels Text
711512520142,Attack on the Outlook Point,,,ModItemQuestsDef JAZZ_REBELS_1_SeizeTheOutlook DisplayName
244219612500,"We met one of the rebels — ""Ghost"". He предложил us attack <em>the Outlook Point (Sector M4)</em> together",,,ModItemQuestsDef JAZZ_REBELS_1_SeizeTheOutlook Text
305448108904,Pigstabber,,,ModItemQuestsDef Jazz_DeadPigs DisplayName
492169252126,"Uno, Dos, Tres
I’ll pull out the pigstabber
Where’d you crawl out from, boy
What’d you come here for?
Quatro, Cinquo, Senco, Ses
I’ll wipe down my pigstabber
You should’ve run west
And sucked d*cks in the EU",,,ModItemQuestsDef Jazz_DeadPigs Text
300377738197,"We held up our end of the deal — time to report back",,,ModItemQuestsDef Jazz_DeadPigs Text
678232896239,Save Kiki,,,ModItemQuestsDef JAZZ_Ernie_Locals_M2_SaveMyFamily DisplayName
398486569413,Kiki is in <em>sector M3</em>,,,ModItemQuestsDef JAZZ_Ernie_Locals_M2_SaveMyFamily Text
398486569413,The Germans’ stash is in <em>sector M1</em>,,,ModItemQuestsDef JAZZ_Ernie_Locals_M2_SaveMyFamily Text
995832500650,"Y-you... you’re not with the Legion? Right?.. Say you’re not...",,,ModItemBanterDef JAZZ_Ernie_Locals_M2_SaveMyFamily_PLSHELP Text
399751498001,Maleko,,,ModItemUnitDataCompositeDef JAZZ_Ernie_Locals_M2_SaveMyFamily_Man Name
356243372579,Kiki,,,ModItemUnitDataCompositeDef JAZZ_Ernie_Locals_M2_SaveMyFamily_Woman Name
477616183845,"They took Kiki... my girl... not my blood, but... she lived with me. The only soul nearby. I... I tried to hide her... but... I... I ran...",,JAZZ_Ernie_Locals_M2_SaveMyFamily_Man,ModItemConversation JAZZ_Ernie_Locals_M2_SaveMyFamily_Man Text  section:JAZZ_Ernie_Locals_M2_SaveMyFamily_Man keyword:Greeting
842344790810,Why did they take her?,,,ModItemConversation JAZZ_Ernie_Locals_M2_SaveMyFamily_Man KeywordT
799215071459,She... is young. Beautiful. The Legion takes girls like that — and sells them to Maman in Pantagruel. If they don’t want them for themselves..., ,JAZZ_Ernie_Locals_M2_SaveMyFamily_Man,ModItemConversation JAZZ_Ernie_Locals_M2_SaveMyFamily_Man Text  section:JAZZ_Ernie_Locals_M2_SaveMyFamily_Man keyword:Why did they take her?
153180075464,Where is she now?,,,ModItemConversation JAZZ_Ernie_Locals_M2_SaveMyFamily_Man KeywordT
552716187636,By the waterfall... in a cage. ,,JAZZ_Ernie_Locals_M2_SaveMyFamily_Man,ModItemConversation JAZZ_Ernie_Locals_M2_SaveMyFamily_Man Text  section:JAZZ_Ernie_Locals_M2_SaveMyFamily_Man keyword:Where is she now?
758897502801,What’s in it for us?,,,ModItemConversation JAZZ_Ernie_Locals_M2_SaveMyFamily_Man KeywordT
552716187636,"Nothing... except a diamond. I’ll give it. Everything I have. Just save her.",,JAZZ_Ernie_Locals_M2_SaveMyFamily_Man,ModItemConversation JAZZ_Ernie_Locals_M2_SaveMyFamily_Man Text  section:JAZZ_Ernie_Locals_M2_SaveMyFamily_Man keyword:What’s in it for us?
392834161504,Nice. I’ll take it,,,ModItemConversation JAZZ_Ernie_Locals_M2_SaveMyFamily_Man KeywordT
265216542092,"...Take it. Who am I to stand in your way.",,JAZZ_Ernie_Locals_M2_SaveMyFamily_Man,ModItemConversation JAZZ_Ernie_Locals_M2_SaveMyFamily_Man Text  section:JAZZ_Ernie_Locals_M2_SaveMyFamily_Man keyword:Nice. I’ll take it
619787402322,One diamond? That’s not much,,,ModItemConversation JAZZ_Ernie_Locals_M2_SaveMyFamily_Man KeywordT
783898195673,"O-okay... there’s another stash... old, German. I know where it is.
Back where you came from, on the shore — right here. Take it. That’s all I can give... just don’t get mad.",,JAZZ_Ernie_Locals_M2_SaveMyFamily_Man,ModItemConversation JAZZ_Ernie_Locals_M2_SaveMyFamily_Man Text  section:JAZZ_Ernie_Locals_M2_SaveMyFamily_Man keyword:One diamond? That’s not much
156655900866,We’ll help,,,ModItemConversation JAZZ_Ernie_Locals_M2_SaveMyFamily_Man KeywordT
552716187636,"Thanks, mercs. I found a box of grenades on the shore. Here — take them.",,JAZZ_Ernie_Locals_M2_SaveMyFamily_Man,ModItemConversation JAZZ_Ernie_Locals_M2_SaveMyFamily_Man Text  section:JAZZ_Ernie_Locals_M2_SaveMyFamily_Man keyword:We’ll help
905401528205,Not interested,,,ModItemConversation JAZZ_Ernie_Locals_M2_SaveMyFamily_Man KeywordT
527655061222,I... understand...,,JAZZ_Ernie_Locals_M2_SaveMyFamily_Man,ModItemConversation JAZZ_Ernie_Locals_M2_SaveMyFamily_Man Text  section:JAZZ_Ernie_Locals_M2_SaveMyFamily_Man keyword:Not interested
829584302467,"I’m back, Maleko.",,JAZZ_Ernie_Locals_M2_SaveMyFamily_Woman,ModItemConversation JAZZ_Ernie_Locals_M2_SaveMyFamily_Man Text  section:JAZZ_Ernie_Locals_M2_SaveMyFamily_Man keyword:Greeting2
477616183845,Kiki... Kiki... alive...,,JAZZ_Ernie_Locals_M2_SaveMyFamily_Man,ModItemConversation JAZZ_Ernie_Locals_M2_SaveMyFamily_Man Text  section:JAZZ_Ernie_Locals_M2_SaveMyFamily_Man keyword:Greeting2
477616183845,"I... I’m indebted to you. Take this. It’s all I have.",,JAZZ_Ernie_Locals_M2_SaveMyFamily_Man,ModItemConversation JAZZ_Ernie_Locals_M2_SaveMyFamily_Man Text  section:JAZZ_Ernie_Locals_M2_SaveMyFamily_Man keyword:Greeting2
477616183845,"Greetings, mercs",,JAZZ_Ernie_Locals_M2_SaveMyFamily_Man,ModItemConversation JAZZ_Ernie_Locals_M2_SaveMyFamily_Man Text  section:JAZZ_Ernie_Locals_M2_SaveMyFamily_Man keyword:Greeting3
955085089872,She’s all I have,,JAZZ_Ernie_Locals_M2_SaveMyFamily_Man,ModItemConversation JAZZ_Ernie_Locals_M2_SaveMyFamily_Man Text  section:JAZZ_Ernie_Locals_M2_SaveMyFamily_Man keyword:Goodbye
770127733590,I will never forget you,,JAZZ_Ernie_Locals_M2_SaveMyFamily_Man,ModItemConversation JAZZ_Ernie_Locals_M2_SaveMyFamily_Man Text  section:JAZZ_Ernie_Locals_M2_SaveMyFamily_Man keyword:Goodbye
301947357775,Who... who are you? You’re not with the Legion... are you?,,JAZZ_Ernie_Locals_M2_SaveMyFamily_Woman,ModItemConversation JAZZ_Ernie_Locals_M2_SaveMyFamily_Woman Text  section:JAZZ_Ernie_Locals_M2_SaveMyFamily_Woman keyword:Greeting2
856548228865,We came to save you,,,ModItemConversation JAZZ_Ernie_Locals_M2_SaveMyFamily_Woman KeywordT
220944800456,So... Maleko really did call for help after all.,,JAZZ_Ernie_Locals_M2_SaveMyFamily_Woman,ModItemConversation JAZZ_Ernie_Locals_M2_SaveMyFamily_Woman Text  section:JAZZ_Ernie_Locals_M2_SaveMyFamily_Woman keyword:We came to save you
205977590871,Defending the Lighthouse,,,ModItemQuestsDef Jazz_LightHouseDefend DisplayName
480404987558,"A large Legion detachment will arrive here soon; we need to help the locals with the defense",,,ModItemQuestsDef Jazz_LightHouseDefend Text
824593567046,Legion Arrival,,,ModItemQuestsDef Jazz_LightHouseDefend Label
960903332758,The Unwanted Doctor,,,ModItemQuestsDef Jazz_Doctor_need_Help DisplayName
555833394027,"Our medic needs help — we’ll have to put in the work and find <em>medications</em>, as many as <em>50</em> units; mines and ammo should be in <em>sector I3</em> at the <em>checkpoint near the bridge and in a stash in the ventilation shaft</em>. We also need to raise <em>surviving rebels</em> — 100% we missed them during the climb; commies know how to camouflage.",,,ModItemQuestsDef Jazz_Doctor_need_Help Text
635990528307,"The Legion is already breathing down our necks — we need to go back and prepare for the attack, and the doctor clearly isn’t simple; maybe we can squeeze some information out of him.",,,ModItemQuestsDef Jazz_Doctor_need_Help Text
816575507215,Clear the camps around the Villa,,,ModItemQuestsDef Jazz_ClearTheWay DisplayName
910800497138,Clear the Legion camps around the Villa,,,ModItemQuestsDef Jazz_ClearTheWay Text
583544470909,Clear sector K3,,,ModItemQuestsDef Jazz_ClearTheWay Text
583544470909,Clear sector K5,,,ModItemQuestsDef Jazz_ClearTheWay Text
583544470909,Clear sector L3,,,ModItemQuestsDef Jazz_ClearTheWay Text
583544470909,Clear sector L4,,,ModItemQuestsDef Jazz_ClearTheWay Text
583544470909,Clear sector L5,,,ModItemQuestsDef Jazz_ClearTheWay Text
805716788538,We didn’t sign up to be rescuers,,,ModItemQuestsDef RescueTeam DisplayName
191474319874,The sentenced <em>Partisan</em> is somewhere on the <em>pier</em>,,,ModItemQuestsDef RescueTeam Text
724348814002,"The <em>rescued</em> has to return to camp — we should probably go back there too.",,,ModItemQuestsDef RescueTeam Text
995472785344,A small rescue operation,,,ModItemQuestsDef RebelsSavior DisplayName
484530953168,We need to retrieve from the old camp <em>4 Zastava M76 rifles and 4 first aid kits</em>.,,,ModItemQuestsDef RebelsSavior Text
998362596439,We should give <em>this loot to the partisans</em>.,,,ModItemQuestsDef RebelsSavior Text
554256318570,Pantagruel Dramas,,,ModItemQuestsDef YoungHearts DisplayName
387236474693,<em>Chimurenga</em> wants to have a chat in <em><SectorName('D8')></em>,,,ModItemQuestsDef YoungHearts Text
764663915741,<em>Maman</em> has feelings for the Maquis leader <em>Chimurenga</em>,,,ModItemQuestsDef YoungHearts Text
420400454873,<em>Outcome:</em> <em>Chimurenga</em> sent into exile... Or is he?,,,ModItemQuestsDef YoungHearts Text
793241574663,<em>Outcome:</em> Enemies with the <em>Maquis</em>,,,ModItemQuestsDef YoungHearts Text
604423901659,<em>Outcome:</em> Friends with the <em>Maquis</em>,,,ModItemQuestsDef YoungHearts Text
919939622456,<em>Outcome:</em> <em>Chimurenga</em> retired to <em>Le Lys Rouge</em> in <em><SectorName('D7')></em> with Maman Liliane,,,ModItemQuestsDef YoungHearts Text
157200162164,<em>Outcome:</em> <em>Chimurenga</em> sent into exile,,,ModItemQuestsDef YoungHearts Text
639392726654,<em>Outcome:</em> <em>Chimurenga</em> is dead,,,ModItemQuestsDef YoungHearts Text
292757910549,Spreading the Manifesto,,,ModItemQuestsDef RebelManifesto DisplayName
700572064009,"Chimurenga wants <em>""Maquis Manifesto""</em> pamphlets to be handed out to people in the Savanna",,,ModItemQuestsDef RebelManifesto Text
293693718637,"Chimurenga wants the new illustrated <em>""Maquis Manifesto""</em> pamphlets to be handed out to people in the Savanna",,,ModItemQuestsDef RebelManifesto Text
705322517436,<em>Maman Liliane</em> may know how to make the <em>Maquis Manifesto</em> more appealing,,,ModItemQuestsDef RebelManifesto Text
455258516770,Maman wants <em>Chimurenga</em> to include a <em>Lys Rouge advertisement</em> in his pamphlets,,,ModItemQuestsDef RebelManifesto Text
765609098349,"<em>Outcome:</em> <em>""Maquis Manifesto""</em> pamphlets reached pretty much everyone in the Savanna",,,ModItemQuestsDef RebelManifesto Text
880550284213,"<em>Outcome:</em> Chimurenga is satisfied, but there still may be people interested in <em>""Maquis Manifesto""</em> pamphlets",,,ModItemQuestsDef RebelManifesto Text
838519684909,The Gold Watch,,,ModItemQuestsDef PantragruelWatch DisplayName
349035036204,<em>Serge</em> complained that <em>Heinrich</em> won’t let him into the bar in <em><SectorName('D8')></em>,,,ModItemQuestsDef PantragruelWatch Text
497830098324,<em>Heinrich</em> thinks that <em>Serge</em> took his <em>gold watch</em> in <em><SectorName('D8')></em>,,,ModItemQuestsDef PantragruelWatch Text
620794851466,<em>Heinrich’s gold watch</em> turned out to be in the backyard of the bar in <em><SectorName('D8')></em>,,,ModItemQuestsDef PantragruelWatch Text
893896646814,<em>Outcome:</em> <em>Serge</em> and <em>Heinrich</em> can once again enjoy each other’s company in the bar in <em><SectorName('D8')></em>,,,ModItemQuestsDef PantragruelWatch Text
599020106317,Rebel Reinforcements,,,ModItemQuestsDef PantagruelRebels Label
489740623783,Enemies with the <em>Maquis</em>,,,ModItemQuestsDef PantagruelRebels SpecialConversationMessage
331395810265,M.E.R.C.: Lost and Found,,,ModItemQuestsDef PantagruelLostAndFound DisplayName
704907644526,<em>M.E.R.C.</em> left some of their <em>equipment</em> behind in Pantagruel,,,ModItemQuestsDef PantagruelLostAndFound Text
478031535240,Found a <em>piece of equipment</em> abandoned by M.E.R.C.,,,ModItemQuestsDef PantagruelLostAndFound Text
591156398204,Found <em><ItemsFound> pieces of equipment</em> abandoned by M.E.R.C.,,,ModItemQuestsDef PantagruelLostAndFound Text
335067527595,Some bandits are trying to get their hands on M.E.R.C.’s abandoned <em>equipment</em>,,,ModItemQuestsDef PantagruelLostAndFound Text
808910063262,<em>Outcome:</em> Found the <em>equipment</em> left by M.E.R.C.,,,ModItemQuestsDef PantagruelLostAndFound Text
397996772204,killed the looters,,,ModItemQuestsDef PantagruelLostAndFound SpecialConversationMessage
109752124919,spared <em>Chimurenga</em>,,,ModItemQuestsDef PantagruelDramas SpecialConversationMessage
381018632161,brought together <em>Chimurenga and Maman Liliane</em>,,,ModItemQuestsDef PantagruelDramas SpecialConversationMessage
925772496336,brought together <em>Chimurenga and Maman Liliane</em>,,,ModItemQuestsDef PantagruelDramas SpecialConversationMessage
575336443392,punished an abuser of <em>Le Lys Rouge</em> girls,,,ModItemQuestsDef PantagruelDramas SpecialConversationMessage
582514366754,punished an abuser of <em>Le Lys Rouge</em> girls,,,ModItemQuestsDef PantagruelDramas SpecialConversationMessage
638870403621,punished an abuser of <em>Le Lys Rouge</em> girls,,,ModItemQuestsDef PantagruelDramas SpecialConversationMessage
565436525138,killed the infected guest,,,ModItemQuestsDef PantagruelDramas SpecialConversationMessage
427472508406,The clinic in Pantagruel,,,ModItemQuestsDef PantagruelClinic DisplayName
635502550543,"The <em>""Vulture of Hope""</em> can’t open until <em>Chimurenga</em> agrees the Maquis should pay for medical services",,,ModItemQuestsDef PantagruelClinic Text
292786566730,"The <em>""Vulture of Hope""</em> still can’t open until some ""minor issue"" is resolved",,,ModItemQuestsDef PantagruelClinic Text
631406538822,"The <em>""Vulture of Hope""</em> can’t open until there is <em>militia</em> to defend it from bandits",,,ModItemQuestsDef PantagruelClinic Text
428185602067,"A <em>donation</em> may open the doors of the <em>""Vulture of Hope""</em> ",,,ModItemQuestsDef PantagruelClinic Text
721924084492,"Chimurenga agreed that the Maquis will pay for medical care at the <em>""Vulture of Hope""</em>",,,ModItemQuestsDef PantagruelClinic Text
179692344695,"Joined the Donation Board of the <em>""Vulture of Hope""</em>",,,ModItemQuestsDef PantagruelClinic Text
219542259586,"Trained militia that could defend the <em>""Vulture of Hope""</em>",,,ModItemQuestsDef PantagruelClinic Text
379561393636,"<em>Outcome:</em> The <em>""Vulture of Hope""</em> clinic in <em><SectorName('D8')></em> is now open",,,ModItemQuestsDef PantagruelClinic Text
173675386966,<em>Outcome:</em> <em>Tim Turtledove</em> is dead,,,ModItemQuestsDef PantagruelClinic Text
726619777867,the <em>clinic</em> is open,,,ModItemQuestsDef PantagruelClinic SpecialConversationMessage
302023706060,the <em>clinic</em> is open,,,ModItemQuestsDef PantagruelClinic SpecialConversationMessage
466218933245,Maman’s girls,,,ModItemQuestsDef NeverHitAGirl DisplayName
148846418502,Maman wants revenge on the men who have <em>abused</em> the girls of Le Lys Rouge: <em><BrothelAbusersKilled>/3</em> abusers killed,,,ModItemQuestsDef NeverHitAGirl Text
612204923013,<em>Maman</em> from <em><SectorName('D7')></em> promised a <em>reward</em> for punishing the abusers,,,ModItemQuestsDef NeverHitAGirl Text
407531468278,<em>Outcome:</em> Punished the abuser from <em><SectorName('C5')></em>,,,ModItemQuestsDef NeverHitAGirl Text
231565465912,<em>Outcome:</em> Punished the abuser from <em><SectorName('D6')></em>,,,ModItemQuestsDef NeverHitAGirl Text
875806667851,<em>Outcome:</em> Punished the abuser from <em><SectorName('H19')></em>,,,ModItemQuestsDef NeverHitAGirl Text
457127499833,Fifth Twin Inn,,,ModItemQuestsDef Manny DisplayName
649062437899,<em>Manny</em> has a guest who hasn’t left his room in <em><SectorName('D6')></em> for at least three days,,,ModItemQuestsDef Manny Text
192774383795,Dealt with a violent motel guest in <em><SectorName('D6')></em>,,,ModItemQuestsDef Manny Text
271238321225,<em>Outcome:</em> <em>Manny’s</em> unfortunate guest has been dealt with,,,ModItemQuestsDef Manny Text
280575808430,<em>Outcome:</em> <em>Manny’s</em> dream of running his own inn came to a nightmarish end,,,ModItemQuestsDef Manny Text
646590387178,Camp Savane,,,ModItemQuestsDef ReduceSavannaCampStrength DisplayName
685772336819,Camp Chien Sauvage,,,ModItemQuestsDef ReduceRiverCampStrength DisplayName
819508319380,destroyed the hyena lair,,,ModItemQuestsDef ReduceRiverCampStrength SpecialConversationMessage
792994884277,How to reduce the Fort’s defenses,,,ModItemQuestsDef ReduceFortressStrength DisplayName
266100873552,Crossroads Camp,,,ModItemQuestsDef ReduceCrossroadsCampStrength DisplayName
886927913131,Patrol Squad en route,,,ModItemQuestsDef ReduceCrocodileCampStrength Label
901429441448,Camp La Barrière,,,ModItemQuestsDef ReduceBarrierCampStrength DisplayName
500751743687,Voodoo People,,,ModItemQuestsDef VoodooCult DisplayName
858086905386,There is a <em>voodoo cult</em> in <em><SectorName('F13')></em> led by Wanda,,,ModItemQuestsDef VoodooCult Text
771311102866,<em>Wanda</em> won’t talk to you while performing her rituals <em>at night</em>,,,ModItemQuestsDef VoodooCult Text
969495573401,<em>Wanda</em> wants a <em>Borassus root</em> which can be found in <em><SectorName('F12')></em>,,,ModItemQuestsDef VoodooCult Text
386481658411,<em>Wanda</em> from <em><SectorName('F13')></em> expects to be given the <em>Borassus root</em>,,,ModItemQuestsDef VoodooCult Text
881289510697,The <em>Borassus root</em> was given to <em>Wanda</em> ,,,ModItemQuestsDef VoodooCult Text
278370002960,<em>Wanda</em> wants the <em>Borassus root</em> planted in a special place,,,ModItemQuestsDef VoodooCult Text
916411331849,<em>Outcome:</em> The <em>Borassus root</em> was planted and the Old Ones are happy,,,ModItemQuestsDef VoodooCult Text
553951698402,<em>Outcome:</em> <em>Wanda</em> is dead and her <em>Vodouisants</em> have left Chalet de la Paix,,,ModItemQuestsDef VoodooCult Text
767809598150,brought Borassus root to <em>Wanda</em>,,,ModItemQuestsDef VoodooCult SpecialConversationMessage
178673930307,The Outbreak,,,ModItemQuestsDef Sanatorium DisplayName
652942516610,"The clinic in <em><SectorName('H12')></em> is <em>under attack</em> by ""les cadavérés""",,,ModItemQuestsDef Sanatorium Text
879823690458,"Helped clear an <em>outbreak</em> of ""les cadavérés"" at the <em><SectorName('H12')> clinic</em>",,,ModItemQuestsDef Sanatorium Text
739149454264,Trespassing in <em><SectorName('H12')></em> without <em>Dr. Kronenberg’s permission</em> will result in combat with the <em>civilian guards</em>,,,ModItemQuestsDef Sanatorium Text
819244675576,The <em>guards</em> opened fire while trying to keep the secrets of <em><SectorName('H12')></em>,,,ModItemQuestsDef Sanatorium Text
325798893034,"In <em><SectorName('H12')></em>, something weird and dangerous is going on: <em><Clues> Clue(s)</em> gathered",,,ModItemQuestsDef Sanatorium Text
286562011200,"Clue: <em>""Painless"" Doc Robert</em> mentioned he was working for Dr. Kronenberg",,,ModItemQuestsDef Sanatorium Text
549914245501,"Clue: <em>""Painless"" Doc Robert</em> infected people at Chalet de la Paix with an experimental strain of Red Rabies",,,ModItemQuestsDef Sanatorium Text
761716901498,"Clue: Someone has been hiring <em>""healthy subjects""</em> on the Doctor’s orders",,,ModItemQuestsDef Sanatorium Text
446955236748,Clue: Bodies of <em>infected</em> are piled up by the Sanatorium walls — and some patients are still alive!,,,ModItemQuestsDef Sanatorium Text
796702931022,Clue: Bodies of infected were piled up for <em>transportation</em> on a truck,,,ModItemQuestsDef Sanatorium Text
320057066548,Clue: Some <em>recently infected</em> were prepared for <em>incineration</em>,,,ModItemQuestsDef Sanatorium Text
817235456588,Clue: A group of infected patients were <em>euthanized</em> with <em>cyanide</em> before the infection progressed,,,ModItemQuestsDef Sanatorium Text
891622603538,Clue: There is an alarming supply of <em>cyanide</em> in the Doctor’s cabinet,,,ModItemQuestsDef Sanatorium Text
334122076968,Clue: Someone tried to do an <em>autopsy</em> on a patient who wasn’t dead,,,ModItemQuestsDef Sanatorium Text
417983924222,The <em>infection</em> in <em><SectorName('H12')></em> is out of control and someone has been experimenting on patients,,,ModItemQuestsDef Sanatorium Text
261268108725,<em>Dr. Kronenberg</em> has been infecting patients with <em>Red Rabies</em> in order to cure herself,,,ModItemQuestsDef Sanatorium Text
688841563804,Dr. Kronenberg needs Red Rabies samples to produce a cure: <em><Samples> sample(s)</em> found,,,ModItemQuestsDef Sanatorium Text
621846460826,Virus sample: There is an outbreak in <em><SectorName('I19')></em>,,,ModItemQuestsDef Sanatorium Text
186070330181,Virus sample: The ground is sour at old <em><SectorName('J18')></em>,,,ModItemQuestsDef Sanatorium Text
189245711616,Virus sample: There is an aircraft wreckage in <em><SectorName('H16')></em> that may contain the source of the disease,,,ModItemQuestsDef Sanatorium Text
126005343458,Virus sample: The disease spread beyond the river to <em><SectorName('E9')></em>,,,ModItemQuestsDef Sanatorium Text
366187638386,Virus sample: The disease spread beyond the river to <em><SectorName('E9')></em>, to the <em>Shaman’s family</em>,,,ModItemQuestsDef Sanatorium Text
602924304618,Virus sample: There is an outbreak in <em><SectorName('K14')></em>,,,ModItemQuestsDef Sanatorium Text
481019588059,Virus sample: There is an experienced doctor in <em><SectorName('L18')></em> who can provide valuable data,,,ModItemQuestsDef Sanatorium Text
809380704978,Virus sample: A specialist was sent to <em><SectorName('F13')></em> to gather samples,,,ModItemQuestsDef Sanatorium Text
440458845915,Virus sample: The body of <em>Roger Wilcox</em> in <em><SectorName('F13')></em> might host a new strain of <em>Red Rabies</em>,,,ModItemQuestsDef Sanatorium Text
879012848297,Virus sample: Found patient zero in <em><SectorName('I12')></em>,,,ModItemQuestsDef Sanatorium Text
204795665398,<em>Dr. Kronenberg</em> needs the Red Rabies samples <em>delivered</em> to her,,,ModItemQuestsDef Sanatorium Text
248955221939,Dr. Kronenberg has about <em>10 days</em> to finish her research before Red Rabies kills her,,,ModItemQuestsDef Sanatorium Text
235330211468,Red Rabies has finally taken hold of <em>Dr. Kronenberg</em>. Time to put her down!,,,ModItemQuestsDef Sanatorium Text
865612552394,<em>Outcome:</em> Stopped the human experiments in <em><SectorName('H12')></em>,,,ModItemQuestsDef Sanatorium Text
481419606539,<em>Outcome:</em> Arrived too late with the samples needed to develop a cure for Red Rabies,,,ModItemQuestsDef Sanatorium Text
183166722603,<em>Outcome:</em> Allowed <em>Dr. Kronenberg</em> to continue her inhumane experiments to stay alive,,,ModItemQuestsDef Sanatorium Text
605687553875,"<em>Outcome:</em> <em>Dr. Kronenberg</em> discovered a cure for Red Rabies, but it didn’t help her",,,ModItemQuestsDef Sanatorium Text
907581421810,<em>Outcome:</em> Put a violent end to the inhumane experiments of <em>Dr. Kronenberg</em>,,,ModItemQuestsDef Sanatorium Text
176224101524,Dr. Gruselheim was sent to the <em>Sanatorium</em> to cure Red Rabies,,,ModItemQuestsDef Sanatorium Text
778332143940,<em>Outcome:</em> Dr. Gruselheim developed a <em>vaccine</em> for Red Rabies,,,ModItemQuestsDef Sanatorium Text
352615698204,<em>Outcome:</em> Dr. Gruselheim developed a vaccine for Red Rabies and cured <em>Dr. Kronenberg</em>,,,ModItemQuestsDef Sanatorium Text
794706671744,Infected,,,ModItemQuestsDef Sanatorium ChangeName
714576391111,Infected,,,ModItemQuestsDef Sanatorium ChangeName
537668441983,killed <em>Dr. Kronenberg</em> without exposing her,,,ModItemQuestsDef Sanatorium SpecialConversationMessage
734528721945,the players in <em>Camp Hope</em> will rest in peace,,,ModItemQuestsDef Sanatorium SpecialConversationMessage
973777337124,Chalet de la Paix,,,ModItemQuestsDef PaixDisease DisplayName
767703255929,People are mysteriously dying in <em><SectorName('F13')></em>,,,ModItemQuestsDef PaixDisease Text
957391904965,One of the latest victims in <em><SectorName('F13')></em> was a writer named <em>Roger Wilcox</em>,,,ModItemQuestsDef PaixDisease Text
882586176604,<em>Roger Wilcox</em> lived in the cabin behind <em>Doc Robert</em>,,,ModItemQuestsDef PaixDisease Text
780380246365,<em>Roger Wilcox</em> left clues around the village about the location of his <em>hidden diary</em>,,,ModItemQuestsDef PaixDisease Text
492742498147,<em>Roger Wilcox</em> and <em>Xavier</em> were friends who used to hang out at several places in <em><SectorName('F13')></em>,,,ModItemQuestsDef PaixDisease Text
634572062522,"<em>Diary</em> clue: ""Under a stone, you will find the thing you’re looking for.""",,,ModItemQuestsDef PaixDisease Text
661160308968,"<em>Diary</em> clue: ""Two people know my hiding place: me and the Hog Lady.""",,,ModItemQuestsDef PaixDisease Text
468750851657,"<em>Diary</em> clue: ""Three sets of eyes are looking there.""",,,ModItemQuestsDef PaixDisease Text
470764415298,"<em>Diary</em> clue: ""Strange things are happening in the woods west of here.""",,,ModItemQuestsDef PaixDisease Text
363913005818,"<em>Diary</em> clue: ""The diary is not in the village. Follow the setting sun.""",,,ModItemQuestsDef PaixDisease Text
231409647321,<em>Wanda</em> and her voodoo cult made <em>Roger Wilcox</em> drink a strange potion,,,ModItemQuestsDef PaixDisease Text
115043569535,The last <em>page</em> of the writer’s diary seems to be missing,,,ModItemQuestsDef PaixDisease Text
865893789686,<em>Roger Wilcox</em> discovered it was <em>Doc Robert</em> who got the whole <em><SectorName('F13')></em> village infected,,,ModItemQuestsDef PaixDisease Text
664869820590,Someone at the <em>military camp</em> in <em><SectorName('F12')></em> is planning a military operation in the region,,,ModItemQuestsDef PaixDisease Text
696053761656,Something strange is happening in <em><SectorName('F13')></em>,,,ModItemQuestsDef PaixDisease Text
683179260599,Someone left a cryptic note in <em><SectorName('F13')></em>,,,ModItemQuestsDef PaixDisease Text
697071232425,<em>Xavier</em> thinks the <em>Hog Lady</em> in <em><SectorName('F13')></em> knows something the others don’t,,,ModItemQuestsDef PaixDisease Text
198162221374,<em>Outcome:</em> Everyone in <em><SectorName('F13')></em> is dead,,,ModItemQuestsDef PaixDisease Text
906073481648,<em>Outcome:</em> <em>Wanda</em> was executed for the mysterious deaths in <em><SectorName('F13')></em>,,,ModItemQuestsDef PaixDisease Text
561050328798,<em>Outcome:</em> <em>Doc Robert</em> was killed for his crimes against the people in <em><SectorName('F13')></em>,,,ModItemQuestsDef PaixDisease Text
239594150281,<em>Outcome:</em> The mystery behind the deaths in <em><SectorName('F13')></em> remains unsolved,,,ModItemQuestsDef PaixDisease Text
842841006806,<em>Wanda</em> was executed,,,ModItemQuestsDef PaixDisease SpecialConversationMessage
118615521377,exposed and killed <em>Doc Robert</em>,,,ModItemQuestsDef PaixDisease SpecialConversationMessage
783915125402,exposed and killed <em>Doc Robert</em>,,,ModItemQuestsDef PaixDisease SpecialConversationMessage
629896449198,The Hermit,,,ModItemQuestsDef Hermit DisplayName
207185033766,The Butler at <em><SectorName('I16')></em> is looking for <em>Mr. Ditch</em>,,,ModItemQuestsDef Hermit Text
789791545184,The Mansion owner was a <em>corporate CEO</em> who disappeared when the civil war broke out ten years ago,,,ModItemQuestsDef Hermit Text
892523560657,There is a wise old <em>Hermit</em> who is life-coaching the Legion from his shack in <em><SectorName('L12')></em>,,,ModItemQuestsDef Hermit Text
879351383890,There is more to learn about the <em>Hermit</em>,,,ModItemQuestsDef Hermit Text
773610886296,Who is this <em>Hermit</em> really?,,,ModItemQuestsDef Hermit Text
281399517249,"The <em>Hermit</em> turned out to be <em>Mr. Ditch</em>, owner of <em><SectorName('I16')></em> and friend of the <em>""Ghost"" Butler</em>",,,ModItemQuestsDef Hermit Text
469774238622,"The <em>Hermit</em> turned out to be <em>Mr. Ditch</em>, former corporate CEO and owner of <em><SectorName('I16')></em>",,,ModItemQuestsDef Hermit Text
529687283334,"The <em>""Ghost"" Butler</em> at <em><SectorName('I16')></em> will be happy to learn his former employer and friend is still alive",,,ModItemQuestsDef Hermit Text
405529445599,"The <em>Hermit</em> will be happy if his friend, the <em>""Ghost"" Butler</em> of <em><SectorName('I16')></em>, comes to see him",,,ModItemQuestsDef Hermit Text
139750757279,The <em>Butler</em> left to meet the <em>Hermit</em> in <em><SectorName('L12')></em>,,,ModItemQuestsDef Hermit Text
870534106939,"There is <em>treasure</em> in <em><SectorName('I16')></em>, but the Butler won’t give it up until the owner agrees",,,ModItemQuestsDef Hermit Text
920347336241,The <em>Hermit</em> is a capable herbalist,,,ModItemQuestsDef Hermit Text
108552742993,"<em>Outcome:</em> The <em>""Ghost"" Butler</em> from <em><SectorName('I16')></em> and <em>Mike Ditch</em> were reunited at the Hermit shack in <em><SectorName('L12')></em>",,,ModItemQuestsDef Hermit Text
357318105285,<em>Outcome:</em> The <em>Hermit</em> is dead,,,ModItemQuestsDef Hermit Text
846727988193,The Haunted Mansion,,,ModItemQuestsDef GhostStories DisplayName
505764570979,There is <em>treasure</em> at the haunted <em><SectorName('I16')></em>,,,ModItemQuestsDef GhostStories Text
525611168674,There is <em>treasure</em> at <em><SectorName('I16')></em> that is supposedly guarded by a <em>ghost</em>,,,ModItemQuestsDef GhostStories Text
888893468202,"There is <em>treasure</em> in <em><SectorName('I16')></em>, but the Butler won’t give it up until the owner agrees",,,ModItemQuestsDef GhostStories Text
627894766418,There is a sense of mystery around <em><SectorName('I16')></em>,,,ModItemQuestsDef GhostStories Text
111937778616,<em><GhostClues> Clue(s)</em> gathered about <em><SectorName('I16')></em>,,,ModItemQuestsDef GhostStories Text
540659223126,Clue: There are <em>explosives</em> hidden in the old van,,,ModItemQuestsDef GhostStories Text
581604058121,Clue: Someone is shifting the <em>landmines</em> around the mansion,,,ModItemQuestsDef GhostStories Text
179069172164,Clue: Someone has been crafting <em>land mines</em> in the mansion cellar,,,ModItemQuestsDef GhostStories Text
159135995574,"Clue: The <em>""Ghost""</em> turned out to be the former <em>Butler</em> of the Abandoned Mansion",,,ModItemQuestsDef GhostStories Text
647469050360,"Someone has been playing with <em>explosives</em> at <em><SectorName('I16')></em>, but they are nowhere to be seen. Maybe they come out at <em>night</em>?",,,ModItemQuestsDef GhostStories Text
677412472039,The mechanism for opening the <em>storm cellar door</em> is somewhere nearby,,,ModItemQuestsDef GhostStories Text
183850974191,"The <em>""ghost""</em> is hiding in the <em>cellar</em> of <em><SectorName('I16')></em>",,,ModItemQuestsDef GhostStories Text
992348287546,The <em>Ghost Butler</em> won’t come out while there are Legion soldiers in the mansion,,,ModItemQuestsDef GhostStories Text
564299410612,The <em>Ghost Butler</em> is still hiding in the <em>cellar</em> of <em><SectorName('I16')></em>,,,ModItemQuestsDef GhostStories Text
622275591993,There are a bunch of <em>Fleatown thugs</em> outside looking for the alleged <em>treasure</em> of <em><SectorName('I16')></em>,,,ModItemQuestsDef GhostStories Text
853492691401,Time to have a word with the <em>Ghost Butler</em> from <em><SectorName('I16')></em>,,,ModItemQuestsDef GhostStories Text
585150418707,<em>Outcome:</em> Helped the <em>Ghost Butler</em> reclaim <em><SectorName('I16')></em>,,,ModItemQuestsDef GhostStories Text
673937837127,<em>Outcome:</em> Tricked the <em>Ghost Butler</em> and took the <em>treasure</em>,,,ModItemQuestsDef GhostStories Text
683011903439,<em>Outcome:</em> Got the <em>treasure</em> as a reward for helping the <em>Ghost Butler</em> find <em>Mr. Ditch</em>,,,ModItemQuestsDef GhostStories Text
317986271185,"<em>Outcome:</em> The <em>""Ghost""</em> of <em><SectorName('I16')></em> is dead",,,ModItemQuestsDef GhostStories Text
815650648612,Gained a <em>clue</em> about the <em>Ghost</em>,,,ModItemQuestsDef GhostStories message
561411140805,Camp Hope,,,ModItemQuestsDef CampHope DisplayName
828068926598,There are escaped patients in <em><SectorName('I12')></em> not far from <SectorName('H12')>,,,ModItemQuestsDef CampHope Text
140655988866,Are there still escaped patients in <em><SectorName('I12')></em>?,,,ModItemQuestsDef CampHope Text
135230635848,"They still play the Game in <em><SectorName('I12')></em>, though there are fewer players than before",,,ModItemQuestsDef CampHope Text
264657844857,Do they still play the Game in <em><SectorName('I12')></em>?,,,ModItemQuestsDef CampHope Text
350132284050,The game is over in <em><SectorName('I12')></em> — time to take care of the last players,,,ModItemQuestsDef CampHope Text
830030019402,<em>Outcome:</em> The Game is over in <em><SectorName('I12')></em>,,,ModItemQuestsDef CampHope Text
226332371092,<em>Outcome:</em> Everyone is healed in <em><SectorName('I12')></em> and the Game is played just for fun,,,ModItemQuestsDef CampHope Text
714946731010,Middle of Nowhere,,,ModItemQuestsDef MiddleOfNowhere DisplayName
160410274541,A group of Legion marauders threatened to kill the elderly couple in <em><SectorName('A11')></em>,,,ModItemQuestsDef MiddleOfNowhere Text
818914929264,Legion marauders are trying to kill the elderly couple in <em><SectorName('A11')></em>,,,ModItemQuestsDef MiddleOfNowhere Text
319027935717,<em>Courage</em> needs to be taken for a walk,,,ModItemQuestsDef MiddleOfNowhere Text
325229685028,There is something gleaming in the <em>dog pile</em>!,,,ModItemQuestsDef MiddleOfNowhere Text
151067662428,<em>Outcome:</em> <em>Justine</em> is dead,,,ModItemQuestsDef MiddleOfNowhere Text
639943826910,<em>Outcome:</em> <em>Mario</em> is dead,,,ModItemQuestsDef MiddleOfNowhere Text
717094243747,<em>Outcome:</em> <em>Courage</em> is dead,,,ModItemQuestsDef MiddleOfNowhere Text
819986069034,<em>Outcome:</em> Saved the elderly couple from the Legion marauders,,,ModItemQuestsDef MiddleOfNowhere Text
582658442485,<em>Outcome:</em> A large diamond was found in the dog pile,,,ModItemQuestsDef MiddleOfNowhere Text
101185730675,<em>Outcome:</em> Legion marauders attacked and killed everyone in <em><SectorName('A11')></em>,,,ModItemQuestsDef MiddleOfNowhere Text
392895488435,failed to protect <em>Middle of Nowhere</em>,,,ModItemQuestsDef MiddleOfNowhere SpecialConversationMessage
409932517102,protected <em>Middle of Nowhere</em>,,,ModItemQuestsDef MiddleOfNowhere SpecialConversationMessage
844368890992,Landsbach,,,ModItemQuestsDef Landsbach DisplayName
305870942733,People keep mentioning something called <em>Diesel</em> in <em>Landsbach</em>,,,ModItemQuestsDef Landsbach Text
945011724412,People keep mentioning something called the <em>Night Club</em> in <em><SectorName('B13')></em>,,,ModItemQuestsDef Landsbach Text
691535850884,People keep mentioning something called <em>Diesel</em> in <em>Landsbach</em>,,,ModItemQuestsDef Landsbach Text
192221394500,People keep mentioning something called the <em>Night Club</em> in <em><SectorName('B13')></em>,,,ModItemQuestsDef Landsbach Text
441745743152,Someone stole <em>Siegfried’s Diesel</em>,,,ModItemQuestsDef Landsbach Text
613419542058,<em>Siegfried</em> provided a special <em>coin</em> guaranteeing access to a place called the <em>Night Club</em> in <em><SectorName('B13')></em>,,,ModItemQuestsDef Landsbach Text
139257604227,<em>Bounce</em> will provide information if <em>The Bonecrusher</em> is defeated in the pit fight in <em><SectorName('B13')></em>,,,ModItemQuestsDef Landsbach Text
680999839332,<em>Bounce</em> suggests challenging someone to a fight in <em><SectorName('B13')></em>,,,ModItemQuestsDef Landsbach Text
650772810703,<em>The Bonecrusher</em> is crushed,,,ModItemQuestsDef Landsbach Text
106709425987,<em>Bounce</em> saw a suspicious van carrying some canisters in <em><SectorName('C11')></em>,,,ModItemQuestsDef Landsbach Text
158695831687,<em>Mole</em> will share information if <em>$5000</em> is placed inside the <em>tires</em> near the docks in <em><SectorName('B13')></em>,,,ModItemQuestsDef Landsbach Text
287198780188,<em>Mole</em> promised to share information about the <em>Diesel</em>,,,ModItemQuestsDef Landsbach Text
872051962880,Some <em>Travis</em> in <em><SectorName('C11')></em> might know something about the <em>Diesel</em>,,,ModItemQuestsDef Landsbach Text
565765633994,<em>Siegfried</em> wants the <em>Diesel</em> brought back to him at <em><SectorName('B12')></em> ,,,ModItemQuestsDef Landsbach Text
630345281927,<em>Bounce</em> from <em><SectorName('B13')></em> wants to have a talk before returning the <em>Diesel</em> ,,,ModItemQuestsDef Landsbach Text
105954683635,<em>Diesel</em> seems to be chemically altered in order to produce a combat abilities enhancing stimulant ,,,ModItemQuestsDef Landsbach Text
532458002464,"<em>Siegfried</em> withdrew his soldiers, but the <em>Night Club</em> fighters must be dealt with before the <em><SectorName('B12')></em> can be taken",,,ModItemQuestsDef Landsbach Text
569250434828,<em>Bounce</em> is waiting for support at the <em><SectorName('B12')></em> to attack <em>Siegfried</em>'s soldiers,,,ModItemQuestsDef Landsbach Text
288074471915,<em>Bounce</em> and his goons just attacked the <em><SectorName('B12')></em> which will likely result in a bloody crossfire,,,ModItemQuestsDef Landsbach Text
293402801040,<em>Travis</em> said a <em>van</em> passed near the <em><SectorName('C11')></em> and headed west to the <em><SectorName('C10')></em>,,,ModItemQuestsDef Landsbach Text
957907726429,Clue: There is a <em>fuel tank</em> that has tubes which lead away and disappear into the ground,,,ModItemQuestsDef Landsbach Text
758875557117,Clue: <em>Siegfried</em>'s notes suggest he has been researching Human Growth Hormones,,,ModItemQuestsDef Landsbach Text
606061978953,"Clue: Someone is using <em>Diesel</em> to create a ""new mixture""",,,ModItemQuestsDef Landsbach Text
425706060438,Clue: <em>Travis</em> thinks that the <em>Legion</em> is producing <em>Diesel</em>,,,ModItemQuestsDef Landsbach Text
443127384715,Clue: A folder named <em>Hormone Levels</em> lists some of the fighters in the <em>Night Club</em>,,,ModItemQuestsDef Landsbach Text
729831643015,Clue: There's something unnatural about <em>Siegfried</em>'s bodyguards,,,ModItemQuestsDef Landsbach Text
742159193571,Clue: There is a rumor that <em>Siegfried</em> buys huge quantities of <em>Diesel</em> but he never sells it in <em>Landsbach</em>,,,ModItemQuestsDef Landsbach Text
875827432124,Clue: <em>Diesel</em> seems to be a street drug with devastating side effects,,,ModItemQuestsDef Landsbach Text
739430832923,Clue: <em>Siegfried</em> wants <em>The Bonecrusher</em> to join his elite bodyguards,,,ModItemQuestsDef Landsbach Text
920606777847,Clue: <em>Siegfried</em>'s stolen <em>Diesel</em> was altered into something else,,,ModItemQuestsDef Landsbach Text
620070697191,Clue: There is a <em>fuel tank</em> near the <em>Legion</em> outpost in <em><SectorName('D10')></em> filled with a substance which might be <em>Diesel</em>,,,ModItemQuestsDef Landsbach Text
247905627354,Someone from <em><SectorName('B13')></em> is involved with an operation coordinated by a <em>Colonel</em>,,,ModItemQuestsDef Landsbach Text
847859251979,<em>Outcome:</em> <em>Bounce</em> is dead and the <em>Night Club</em> is no longer a functioning establishment ,,,ModItemQuestsDef Landsbach Text
645969730818,<em>Outcome:</em> <em>Siegfried</em> is defeated and no longer rules over <em>Landsbach</em>,,,ModItemQuestsDef Landsbach Text
305640196523,<em>Outcome:</em> <em>Siegfried</em> was defeated underground in his secret <em>U-Bahn</em> complex,,,ModItemQuestsDef Landsbach Text
132475503862,Dr. Gruselheim was sent to the <em>Diesel Klinik</em> to stop the spread of <em>Diesel</em>,,,ModItemQuestsDef Landsbach Text
399395295136,<em>Outcome:</em> Dr. Gruselheim reorganized the <em>Diesel Klinik</em> into a hospital and stopped the spread of <em>Diesel</em>,,,ModItemQuestsDef Landsbach Text
152920727507,"<em>Outcome:</em> <em>Siegfried</em> continues his rule over <em>Landsbach</em>, although he’s nowhere to be seen",,,ModItemQuestsDef Landsbach Text
391275811313,<em>Outcome:</em> <em>Bounce</em> and <em>Siegfried</em> are dead and the people of <em>Landsbach</em> are safe from becoming their test subjects,,,ModItemQuestsDef Landsbach Text
905449456601,<em>Outcome:</em> The <em>Night Club</em> no longer functions and <em>Siegfried</em> is nowhere to be seen, but <em>Diesel</em> keeps spreading and poisoning the people of <em>Landsbach</em>,,,ModItemQuestsDef Landsbach Text
442311546140,<em>Outcome:</em> The <em>Night Club</em> no longer functions and <em>Siegfried</em> is out of the picture, but <em>Diesel</em> keeps spreading and poisoning the people of <em>Landsbach</em>,,,ModItemQuestsDef Landsbach Text
491561395807,<em>Outcome:</em> <em>Bounce</em> got punished for his disloyalty to <em>Siegfried</em>,,,ModItemQuestsDef Landsbach Text
422782892124,supported <em>Siegfried</em>,,,ModItemQuestsDef Landsbach SpecialConversationMessage
826219805987,supported <em>Bounce</em>,,,ModItemQuestsDef Landsbach SpecialConversationMessage
932415539065,supported <em>Bounce</em>,,,ModItemQuestsDef Landsbach SpecialConversationMessage
373593453605,helped the people of Landsbach,,,ModItemQuestsDef Landsbach SpecialConversationMessage
345435127070,helped the people of Landsbach,,,ModItemQuestsDef Landsbach SpecialConversationMessage
333833487568,learned the secret of <em>Diesel</em>,,,ModItemQuestsDef Landsbach SpecialConversationMessage
583001950756,won a fight at the <em>Night Club</em>,,,ModItemQuestsDef Landsbach SpecialConversationMessage
728111994873,know about the <em>Night Club</em>,,,ModItemQuestsDef Landsbach SpecialConversationMessage
412009737045,Treasure Hunting,,,ModItemQuestsDef TreasureHunting DisplayName
357483490722,<em>Lucky Veinard</em> mentioned a hidden treasure near a tree somewhere around <em><SectorName('H7')></em>,,,ModItemQuestsDef TreasureHunting Text
479969844781,A hidden treasure was found near a tree in <em><SectorName('H7')></em>,,,ModItemQuestsDef TreasureHunting Text
253228349842,<em>Lucky Veinard</em> believes his chicken has the power of finding hidden treasures,,,ModItemQuestsDef TreasureHunting Text
571262714153,<em>Lucky Veinard</em> mentioned a <em>three-headed beast</em> pointing at a hidden treasure somewhere around the <em><SectorName('E14')></em>,,,ModItemQuestsDef TreasureHunting Text
791422127309,A statue of a <em>three-headed beast</em> in the <em><SectorName('E14')></em> is pointing at a possible hidden treasure,,,ModItemQuestsDef TreasureHunting Text
401353599677,A hidden treasure was found in the <em><SectorName('E14')></em>,,,ModItemQuestsDef TreasureHunting Text
876910901804,"<em>Bill Carson</em> buried a treasure in a grave somewhere along the <em><SectorName('C3')></em>, and his last words were: ""Look for ice""",,,ModItemQuestsDef TreasureHunting Text
439199960622,A hidden treasure was found in one of the graves in the <em><SectorName('C3')></em>,,,ModItemQuestsDef TreasureHunting Text
429861810713,<em>Lucky Veinard</em> mentioned he needs to discuss something important with his partner,,,ModItemQuestsDef TreasureHunting Text
254556052186,<em>Lucky Veinard</em> said there is a <em>ritual book</em> pointing at a hidden treasure among the <em><SectorName('J18')></em>,,,ModItemQuestsDef TreasureHunting Text
462304999019,"According to the <em>ritual book</em> found at the <em><SectorName('J18')></em>: ""Three spirits are resting inside. Seven more are waiting outside. One of them is missing.""",,,ModItemQuestsDef TreasureHunting Text
548094068432,A hidden treasure found under one of the ritual stones at the <em><SectorName('J18')></em>,,,ModItemQuestsDef TreasureHunting Text
289890318850,<em>Lucky Veinard</em> mentioned a secret treasure that waits to be found somewhere in the <em><SectorName('K18')></em>,,,ModItemQuestsDef TreasureHunting Text
115049696251,<em>Outcome:</em> A very hidden treasure was found in the <em><SectorName('K18')></em> thanks to the talent of the chicken <em>Schliemann</em>,,,ModItemQuestsDef TreasureHunting Text
712862734967,<em>Outcome:</em> The treasure hunter <em>Lucky Veinard</em> is dead and his secrets are buried with him forever,,,ModItemQuestsDef TreasureHunting Text
833828924730,The Necklace in the Chairs,,,ModItemQuestsDef TheTwelveChairs DisplayName
700973214496,There is a <em>diamond necklace</em> hidden in one of <em>12 luxury chairs</em> in different sectors across the Adjani valley,,,ModItemQuestsDef TheTwelveChairs Text
682214104226,One of the <em>12 chairs</em> is in the villa at the <em><SectorName('H19')></em>,,,ModItemQuestsDef TheTwelveChairs Text
709620508764,One of the <em>12 chairs</em> is in <em><SectorName('I9')></em>,,,ModItemQuestsDef TheTwelveChairs Text
413289892597,One of the <em>12 chairs</em> is in <em><SectorName('A2')></em>,,,ModItemQuestsDef TheTwelveChairs Text
437477455244,One of the <em>12 chairs</em> is in the <em><SectorName('D7')></em>,,,ModItemQuestsDef TheTwelveChairs Text
314127967757,One of the <em>12 chairs</em> is in the <em><SectorName('H12')></em>,,,ModItemQuestsDef TheTwelveChairs Text
264078001011,One of the <em>12 chairs</em> is in <em><SectorName('I1')></em>,,,ModItemQuestsDef TheTwelveChairs Text
157786772562,One of the <em>12 chairs</em> is in <em><SectorName('F7')></em>,,,ModItemQuestsDef TheTwelveChairs Text
775682961472,One of the <em>12 chairs</em> is in <em><SectorName('D8')></em>,,,ModItemQuestsDef TheTwelveChairs Text
343183897599,One of the <em>12 chairs</em> is in the <em><SectorName('C7')></em>,,,ModItemQuestsDef TheTwelveChairs Text
633031806516,One of the <em>12 chairs</em> is in <em><SectorName('G10')></em>,,,ModItemQuestsDef TheTwelveChairs Text
416232456547,One of the <em>12 chairs</em> is in <em><SectorName('D10')></em>,,,ModItemQuestsDef TheTwelveChairs Text
703461946066,One of the <em>12 chairs</em> is near the <em><SectorName('B12')></em>,,,ModItemQuestsDef TheTwelveChairs Text
695156617677,Someone at the <em><SectorName('H19')></em> is looking for a missing trinket,,,ModItemQuestsDef TheTwelveChairs Text
680641099779,A valuable <em>diamond necklace</em> may be in possession of <em>Lalee</em> from the <em><SectorName('H19')></em>,,,ModItemQuestsDef TheTwelveChairs Text
812357589654,<em><NumberChairsFound> / 12 Chairs</em> checked,,,ModItemQuestsDef TheTwelveChairs Text
950550161774,<em>Lalee</em> at the <em><SectorName('H19')></em> offers money for the <em>diamond necklace</em>,,,ModItemQuestsDef TheTwelveChairs Text
570617137124,<em>Maman Liliane</em> from the <em><SectorName('D7')></em> may be interested in the <em>diamond necklace</em>,,,ModItemQuestsDef TheTwelveChairs Text
355869999485,<em>Outcome:</em> Found Madam Lecoq's missing <em>diamond necklace</em>,,,ModItemQuestsDef TheTwelveChairs Text
947919069492,<em>Outcome:</em> Sold the <em>diamond necklace</em> to <em>Lalee</em>,,,ModItemQuestsDef TheTwelveChairs Text
660353528583,<em>Outcome:</em> Sold the <em>diamond necklace</em> to <em>Maman Liliane</em>,,,ModItemQuestsDef TheTwelveChairs Text
626742313754,<em>Outcome:</em> Donated the <em>diamond necklace</em> to <em>Maman Liliane</em>,,,ModItemQuestsDef TheTwelveChairs Text
264126611870,The Good Place,,,ModItemQuestsDef TheGoodPlace DisplayName
858636177504,<em><SectorName('L6')></em> doesn't look like a regular prison,,,ModItemQuestsDef TheGoodPlace Text
461177545348,They imprison <em>innocent people</em> in <em><SectorName('P6')></em>,,,ModItemQuestsDef TheGoodPlace Text
989444248035,Some of the people imprisoned underground at <em><SectorName('L6')></em> are far from innocent,,,ModItemQuestsDef TheGoodPlace Text
156452061885,The <em>yard entrance</em> to the underground prison at <em><SectorName('L6')></em> isn't guarded very well,,,ModItemQuestsDef TheGoodPlace Text
294431439426,<em>Jackhammer</em> is using <em><SectorName('L6')></em> prison to sell inmates into indentured servitude at the Legion mines,,,ModItemQuestsDef TheGoodPlace Text
684773656307,<em><PrisonersReleased> prisoners</em> will help fight the guards in <em><SectorName('P8')></em>,,,ModItemQuestsDef TheGoodPlace Text
873482805409,"Time to have a word with the <em>""director""</em> of <em><SectorName('L6')></em>",,,ModItemQuestsDef TheGoodPlace Text
215745302654,<em>Outcome:</em> Sent <em>Jackhammer</em> back to his own prison as an inmate,,,ModItemQuestsDef TheGoodPlace Text
327992536988,<em>Outcome:</em> Banished <em>Jackhammer</em> from <SectorName('L6')>,,,ModItemQuestsDef TheGoodPlace Text
511946592110,<em>Outcome:</em> <em>Jackhammer</em> paid for his crimes with his life,,,ModItemQuestsDef TheGoodPlace Text
578422965093,<em>Jackhammer</em> is back!,,,ModItemQuestsDef TheGoodPlace Text
416786352508,<em>Outcome:</em> <em>Jackhammer</em> is dead,,,ModItemQuestsDef TheGoodPlace Text
689627413944,M.E.R.C.: Finding Smiley,,,ModItemQuestsDef Smiley DisplayName
965997171182,A girl has been kidnapped from the local brothel in the <em><SectorName('D7')></em>,,,ModItemQuestsDef Smiley Text
402936111864,A girl has been kidnapped from the local brothel in the <em><SectorName('D7')></em>,,,ModItemQuestsDef Smiley Text
555537390669,A <em>M.E.R.C.</em> operative was spotted talking to the local Shaman in the <em><SectorName('E9')></em>,,,ModItemQuestsDef Smiley Text
559687447286,<em>Mollie</em> was kidnapped by <em>Smiley</em> from the <em><SectorName('D7')></em>,,,ModItemQuestsDef Smiley Text
408674223069,<em>Smiley</em> ran away with a girl from <em>Le Lys Rouge</em> in the <em><SectorName('D7')></em>,,,ModItemQuestsDef Smiley Text
790794209952,There may be clues of Mollie's disappearing in the back rooms of <em>Le Lys Rouge</em> in <em><SectorName('D7')></em> (press <em><ShortcutButton('actionCamOverview')></em> to toggle <em>Overview</em> mode),,,ModItemQuestsDef Smiley Text
433338585424,There may be clues about <em>Smiley</em> in the <em><SectorName('E7')></em> south of <em><SectorName('D7')></em>,,,ModItemQuestsDef Smiley Text
741802305830,There may be clues about <em>Smiley</em> in the <em><SectorName('E9')></em>,,,ModItemQuestsDef Smiley Text
266252160720,There may be clues about <em>Smiley</em> in <em><SectorName('H19')></em>,,,ModItemQuestsDef Smiley Text
979645791264,<em>Mollie</em> is in <em><SectorName('I9')></em>,,,ModItemQuestsDef Smiley Text
287239963291,Clue: <em>Mollie</em> left the brothel willingly with <em>Smiley</em>,,,ModItemQuestsDef Smiley Text
201478572564,"Clue: <em>Smiley</em> and <em>Mollie</em> wanted to be married by <em>Sangoma</em>, but he refused",,,ModItemQuestsDef Smiley Text
653122374978,"Clue: <em>Smiley</em> killed one of the goons of <em>Boss Blaubert</em>, but the Boss stopped them from killing him",,,ModItemQuestsDef Smiley Text
116245802672,Clue: <em>Mollie</em> mentioned that a <em>holy man</em> was hiding <em>Smiley</em>,,,ModItemQuestsDef Smiley Text
341644315899,Clue: <em>Father Tooker</em> in <em><SectorName('H8')></em> hides something about Smiley,,,ModItemQuestsDef Smiley Text
417411664132,Clue: <em>Smiley</em> and <em>Mollie</em> spent some quality time in the savanna,,,ModItemQuestsDef Smiley Text
502882751729,<em>Smiley</em> is hiding somewhere close and probably needs help,,,ModItemQuestsDef Smiley Text
294383859181,<em>Father Tooker</em> in <em><SectorName('H8')></em> knows where Smiley is,,,ModItemQuestsDef Smiley Text
111911353300,<em>Smiley</em> is in the back room of the church,,,ModItemQuestsDef Smiley Text
535588222140,Discovered <em>Smiley</em> in the church in <em><SectorName('H8')></em>,,,ModItemQuestsDef Smiley Text
984242954193,A band of <em><SectorName('H8')></em> thugs is attacking the Church looking for <em>Smiley</em>,,,ModItemQuestsDef Smiley Text
321507650110,<em>Father Tooker</em> made a deal with <em>Boss Blaubert</em> to save the life of <em>Smiley</em>,,,ModItemQuestsDef Smiley Text
766348335871,<em>Smiley</em> will try to rescue <em>Mollie</em> from the house of <em>Boss Blaubert</em> in <em><SectorName('I9')></em>,,,ModItemQuestsDef Smiley Text
580141900422,<em>Outcome:</em> <em>Smiley</em> is dead,,,ModItemQuestsDef Smiley Text
648706795365,<em>Outcome:</em> Recruited <em>Smiley</em>,,,ModItemQuestsDef Smiley Text
578181263246,<em>Outcome:</em> <em>Smiley</em> returned to Arulco,,,ModItemQuestsDef Smiley Text
636510207502,<em>Outcome:</em> <em>Mollie</em> is dead,,,ModItemQuestsDef Smiley Text
209176726205,<em>Outcome:</em> <em>Mollie</em> will stay with <em>Boss Blaubert</em>,,,ModItemQuestsDef Smiley Text
145265554200,<em>Outcome:</em> <em>Mollie</em> went back to <em>Le Lys Rouge</em>,,,ModItemQuestsDef Smiley Text
497488163726,<em>Outcome:</em> <em>Smiley</em> has killed <em>Father Tooker</em>,,,ModItemQuestsDef Smiley Text
105516365847,<em>Outcome:</em> <em>Father Tooker</em> is dead,,,ModItemQuestsDef Smiley Text
212137863176,Gained a <em>clue</em> about <em>Smiley</em>,,,ModItemQuestsDef Smiley message
859373141075,<em>Mollie</em> has gone home,,,ModItemQuestsDef Smiley SpecialConversationMessage
187049329427,<em>Mollie</em> remained with Boss Blaubert,,,ModItemQuestsDef Smiley SpecialConversationMessage
229664527571,M.E.R.C.: Finding Biff,,,ModItemQuestsDef RescueBiff DisplayName
910249113315,A mercenary team from <em>M.E.R.C.</em> went <em>missing in action</em> somewhere on the mainland,,,ModItemQuestsDef RescueBiff Text
816967248261,<em>Corazon Santiago</em> hired <em>M.E.R.C.</em> and sent them against the <em>Legion</em>,,,ModItemQuestsDef RescueBiff Text
794636495357,<em>M.E.R.C.</em> had a <em>boat</em> with the <em>Adonis</em> logo on it,,,ModItemQuestsDef RescueBiff Text
508830803906,<em>M.E.R.C.</em> wrecked their boat on the shores of Grand Chien,,,ModItemQuestsDef RescueBiff Text
418731120730,<em>M.E.R.C.</em> was last seen at the <em>Carnival</em> celebrations in <em><SectorName('D8')></em>,,,ModItemQuestsDef RescueBiff Text
928081089653,<em>M.E.R.C.</em> attacked the <em><SectorName('A2')></em> mine with the <em>Maquis</em> of Pantagruel,,,ModItemQuestsDef RescueBiff Text
590287816267,Biff and his team from <em>M.E.R.C.</em> might be imprisoned at <em><SectorName('A2')></em>,,,ModItemQuestsDef RescueBiff Text
877692485692,<em>M.E.R.C.</em> retreated from Diamond Red when their operation with the Maquis from <em><SectorName('D8')></em> failed,,,ModItemQuestsDef RescueBiff Text
173376043256,Biff and his team may be somewhere in the <em>Highlands</em>,,,ModItemQuestsDef RescueBiff Text
355835054059,<em>Biff Apscott</em> needs rescue at <em><SectorName('A8')></em>,,,ModItemQuestsDef RescueBiff Text
794291364579,<em>Biff</em> needs help at <em><SectorName('A8')></em>,,,ModItemQuestsDef RescueBiff Text
794401770996,<em>Chimurenga</em> and his Maquis will help fight off the Legion,,,ModItemQuestsDef RescueBiff Text
946912668999,Biff has a valuable <em>green diamond</em>,,,ModItemQuestsDef RescueBiff Text
995681480233,Time to have a word with <em>Biff</em>,,,ModItemQuestsDef RescueBiff Text
576415591824,<em>Outcome:</em> Convinced Biff to give the <em>green diamond</em> to <em>Chimurenga</em>,,,ModItemQuestsDef RescueBiff Text
428402520624,<em>Outcome:</em> The Legion took the <em>green diamond</em>,,,ModItemQuestsDef RescueBiff Text
850034512417,<em>Outcome:</em> Took possession of the <em>green diamond</em>,,,ModItemQuestsDef RescueBiff Text
943359785789,<em>Outcome:</em> Donated the <em>green diamond</em> to <em>Emma</em> for the Museum of the Adjani,,,ModItemQuestsDef RescueBiff Text
556411807359,<em>Outcome:</em> Convinced Biff to hand the <em>green diamond</em> over,,,ModItemQuestsDef RescueBiff Text
288325441178,<em>Outcome:</em> Biff took the <em>green diamond</em> home,,,ModItemQuestsDef RescueBiff Text
495660719403,<em>Outcome:</em> <em>Biff</em> was rescued,,,ModItemQuestsDef RescueBiff Text
158849763605,<em>Outcome:</em> Appeared too late to save <em>Biff</em>,,,ModItemQuestsDef RescueBiff Text
441569624888,<em>Outcome:</em> <em>Biff</em> was killed in action,,,ModItemQuestsDef RescueBiff Text
180304245404,<em>Outcome:</em> <em>Biff</em> was killed by friendly fire,,,ModItemQuestsDef RescueBiff Text
420757017993,<em>Biff</em> is dead,,,ModItemQuestsDef RescueBiff SpecialConversationMessage
420757017993,<em>Biff</em> is dead,,,ModItemQuestsDef RescueBiff SpecialConversationMessage
865033556520,Siege begins,,,ModItemQuestsDef RescueBiff Label
559946962669,Next Wave,,,ModItemQuestsDef RescueBiff Label
426196117544,Next Wave,,,ModItemQuestsDef RescueBiff Label
258047549988,Next Wave,,,ModItemQuestsDef RescueBiff Label
793763762598,Next Wave,,,ModItemQuestsDef RescueBiff Label
864318887552,Final Wave,,,ModItemQuestsDef RescueBiff Label
416839499694,<em>Biff</em> is dead,,,ModItemQuestsDef RescueBiff SpecialConversationMessage
804042632442,lost a piece of <em>evidence</em> against Corazon,,,ModItemQuestsDef RescueBiff message
268916073668,Pierre,,,ModItemQuestsDef PierreDefeated DisplayName
270376889474,<em>Pierre</em> may have information about <em>the Major</em>,,,ModItemQuestsDef PierreDefeated Text
782115594702,<em>Luc</em> wants his son <em>Pierre</em> to be spared,,,ModItemQuestsDef PierreDefeated Text
659363947973,<em>Pierre</em> was defeated at <em><SectorName('I7')></em> ,,,ModItemQuestsDef PierreDefeated Text
623031245401,<em>Pierre</em> was spared at <em><SectorName('I7')></em> ,,,ModItemQuestsDef PierreDefeated Text
584812984292,<em>Pierre</em> was not found in <em><SectorName('A2')></em>,,,ModItemQuestsDef PierreDefeated Text
847219396472,The <em>Major</em> has punished <em>Pierre</em> by sending him to be a slave in <em><SectorName('A2')></em>,,,ModItemQuestsDef PierreDefeated Text
934256391494,The <em>Major</em> has punished <em>Pierre</em> by sending him to prison in <em><SectorName('F19')></em>,,,ModItemQuestsDef PierreDefeated Text
687884848179,Pierre wants the Legion flag placed on <em><SectorName('K4')></em>,,,ModItemQuestsDef PierreDefeated Text
197268689344,Raised the Legion flag on <em><SectorName('K4')></em>,,,ModItemQuestsDef PierreDefeated Text
407286873252,Raising the <em>Legion flag</em> didn't convince <em>Pierre</em>,,,ModItemQuestsDef PierreDefeated Text
792312517806,<em>Outcome:</em> Recruited <em>Pierre</em>,,,ModItemQuestsDef PierreDefeated Text
476016385371,<em>Outcome:</em> <em>Pierre</em> will return to <em>Ernie Island</em>,,,ModItemQuestsDef PierreDefeated Text
245139334448,<em>Outcome:</em> <em>Pierre</em> returned to <em>Ernie Island</em>,,,ModItemQuestsDef PierreDefeated Text
734208682743,<em>Outcome:</em> <em>Pierre</em> is dead,,,ModItemQuestsDef PierreDefeated Text
633180876573,Treasure at the Farms,,,ModItemQuestsDef MiddleOfXWhere DisplayName
862021847852,"There is a <em>treasure</em> hidden on one of the ""Middle of Wherever"" farms",,,ModItemQuestsDef MiddleOfXWhere Text
216902304926,There is a <em>treasure</em> hidden in the <em>middle of somewhere</em>,,,ModItemQuestsDef MiddleOfXWhere Text
171564465170,Clue: The <em>treasure</em> is buried somewhere in the <em>corn fields</em>,,,ModItemQuestsDef MiddleOfXWhere Text
773544137421,Clue: The <em>treasure</em> is buried near a <em>tree</em>,,,ModItemQuestsDef MiddleOfXWhere Text
997483159978,Clue: The <em>treasure</em> is buried under a <em>rock</em>,,,ModItemQuestsDef MiddleOfXWhere Text
424340924439,Clue: The <em>treasure</em> is buried close to <em>water</em>,,,ModItemQuestsDef MiddleOfXWhere Text
411198857115,<em>Mr. Gattz</em> intends to obtain the Baggz treasure by any means necessary,,,ModItemQuestsDef MiddleOfXWhere Text
474881612349,<em>Mr. Gattz</em> is dead,,,ModItemQuestsDef MiddleOfXWhere Text
183514827571,<em>Outcome:</em> Found the <em>treasure</em> and the will of Pa Baggz,,,ModItemQuestsDef MiddleOfXWhere Text
864320523051,killed the impostor <em>Mr. Gattz</em>,,,ModItemQuestsDef MiddleOfXWhere SpecialConversationMessage
796174579331,<em>Mr. Gattz</em> is dead,,,ModItemQuestsDef MiddleOfXWhere SpecialConversationMessage
554343539569,Right Hand Man,,,ModItemQuestsDef Luigi DisplayName
666850832431,Trespassing in <em><SectorName('I9')></em> without an <em>invitation</em> will provoke <em>Boss Blaubert's guards</em>,,,ModItemQuestsDef Luigi Text
618825281489,Received an <em>invitation</em> to meet <em>Boss Blaubert</em> in <em><SectorName('I9')></em>,,,ModItemQuestsDef Luigi Text
277651197077,"Boss Blaubert is keeping something secret, locked away in the <em>decorative globe</em> at his <em><SectorName('I9')></em> mansion",,,ModItemQuestsDef Luigi Text
536241563003,<em>Boss Blaubert</em> wants his right hand man <em>Luigi</em> brought to him from <em><SectorName('L6')></em>,,,ModItemQuestsDef Luigi Text
714037186837,<em>Luigi</em> is on his way to <em><SectorName('I9')></em>,,,ModItemQuestsDef Luigi Text
917548957223,<em>Luigi</em> probably means to kill <em>Boss Blaubert</em> in <em><SectorName('I9')></em>,,,ModItemQuestsDef Luigi Text
103152976469,"There is some kind of ""Grand Chien standoff"" between <em>Luigi</em> and <em>Boss Blaubert</em> in <SectorName('I9')>",,,ModItemQuestsDef Luigi Text
373568578880,<em>Outcome:</em> Established a <em>partnership</em> with <em>Boss Blaubert</em>,,,ModItemQuestsDef Luigi Text
627409279950,<em>Outcome:</em> <em>Boss Blaubert</em> is dead,,,ModItemQuestsDef Luigi Text
551079121731,<em>Outcome:</em> <em>Boss Blaubert's</em> right hand man <em>Luigi</em> was killed in prison,,,ModItemQuestsDef Luigi Text
428686723141,<em>Outcome:</em> <em>Luigi</em> is dead,,,ModItemQuestsDef Luigi Text
204651674805,<em>Outcome:</em> Supported <em>Boss Blaubert</em> against <em>Luigi</em>,,,ModItemQuestsDef Luigi Text
405244989545,<em>Outcome:</em> Supported <em>Luigi</em> against <em>Boss Blaubert</em>,,,ModItemQuestsDef Luigi Text
666882606046,<em>Outcome:</em> Supported <em>no one</em> and had to fight everyone,,,ModItemQuestsDef Luigi Text
614413250928,Time to have a word with <em>Boss Blaubert</em> about the whole affair with Luigi,,,ModItemQuestsDef Luigi Text
296230501590,Time to have a word with <em>Luigi</em> about the whole affair with Boss Blaubert,,,ModItemQuestsDef Luigi Text
179822336669,released an innocent from jail,,,ModItemQuestsDef Luigi SpecialConversationMessage
792308630801,released an innocent from jail,,,ModItemQuestsDef Luigi SpecialConversationMessage
122072267876,released an innocent from jail,,,ModItemQuestsDef Luigi SpecialConversationMessage
986679115556,released an innocent from jail,,,ModItemQuestsDef Luigi SpecialConversationMessage
480513891906,released an innocent from jail,,,ModItemQuestsDef Luigi SpecialConversationMessage
238765491471,released an innocent from jail,,,ModItemQuestsDef Luigi SpecialConversationMessage
534455352663,released an innocent from jail,,,ModItemQuestsDef Luigi SpecialConversationMessage
390978694925,released a criminal from jail,,,ModItemQuestsDef Luigi SpecialConversationMessage
467308561324,released a criminal from jail,,,ModItemQuestsDef Luigi SpecialConversationMessage
225107038157,released a criminal from jail,,,ModItemQuestsDef Luigi SpecialConversationMessage
467493537417,released a criminal from jail,,,ModItemQuestsDef Luigi SpecialConversationMessage
894218736573,released a criminal from jail,,,ModItemQuestsDef Luigi SpecialConversationMessage
506358771444,released a criminal from jail,,,ModItemQuestsDef Luigi SpecialConversationMessage
815412367804,supported <em>Luigi</em>,,,ModItemQuestsDef Luigi SpecialConversationMessage
970183471349,executed <em>Jackhammer</em>,,,ModItemQuestsDef Luigi SpecialConversationMessage
930222171187,executed <em>Jackhammer</em>,,,ModItemQuestsDef Luigi SpecialConversationMessage
676254948143,sent <em>Jackhammer</em> to jail,,,ModItemQuestsDef Luigi SpecialConversationMessage
485516473142,let <em>Jackhammer</em> go,,,ModItemQuestsDef Luigi SpecialConversationMessage
934833275053,let <em>Jackhammer</em> go,,,ModItemQuestsDef Luigi SpecialConversationMessage
892112768207,released <em>Luigi</em> from jail,,,ModItemQuestsDef Luigi SpecialConversationMessage
245971955403,let <em>Jackhammer</em> go,,,ModItemQuestsDef Luigi SpecialConversationMessage
287202667692,M.E.R.C.: Finding Larry,,,ModItemQuestsDef Larry DisplayName
327282125421,<em>Larry</em> from M.E.R.C. is in <em><SectorName('F7')></em>,,,ModItemQuestsDef Larry Text
583546874494,<em>Larry</em> from M.E.R.C. is in <em><SectorName('F7')></em>,,,ModItemQuestsDef Larry Text
644904210900,<em>Larry</em> took drugs during <em>Carnival</em>,,,ModItemQuestsDef Larry Text
199527051359,<em>Larry</em> was captured by the Legion at <em><SectorName('A2')></em> and they interrogated him with more drugs,,,ModItemQuestsDef Larry Text
778533826234,<em>Larry</em> needs <em>Metaviron</em> to bring back his memory,,,ModItemQuestsDef Larry Text
270751405431,"<em>Larry</em> has remembered who he is, but he still has the monkey on his back",,,ModItemQuestsDef Larry Text
635483491216,<em>Outcome:</em> <em>Larry</em> is dead,,,ModItemQuestsDef Larry Text
309937553653,<em>Outcome:</em> Recruited <em>Larry</em>,,,ModItemQuestsDef Larry Text
281240617057,<em>Outcome:</em> <em>Larry</em> went home,,,ModItemQuestsDef Larry Text
578341957835,Notable deaths,,,ModItemQuestsDef GlobalCivilians DisplayName
739102554101,Conspiracy?,,,ModItemQuestsDef Evidence DisplayName
598884547881,<em>Adonis</em> buys diamonds in bulk from smugglers at the <em>Fleatown black market</em>,,,ModItemQuestsDef Evidence Text
502653034027,<em>Col. Faucheux</em> seems to be plotting something with <em>Corazon Santiago</em>,,,ModItemQuestsDef Evidence Text
360590904299,<em>Colonel Faucheux</em> organized a <em>coup</em> against President LaFontaine and intends to blame M.E.R.C. and A.I.M. for <em>war crimes</em>,,,ModItemQuestsDef Evidence Text
772298328108,<em>Corazon Santiago</em> and <em>Colonel Faucheux</em> organized a <em>coup</em> against President LaFontaine and intend to blame M.E.R.C. and A.I.M. for <em>war crimes</em>,,,ModItemQuestsDef Evidence Text
451197526602,<em>Corazon Santiago</em> had some business with the <em>Major</em> in the past,,,ModItemQuestsDef Evidence Text
876827185430,<em>Corazon Santiago</em> paid the Major to create the <em>Legion</em>,,,ModItemQuestsDef Evidence Text
398225788146,The <em>Hermit</em> is a former <em>Adonis CEO</em>,,,ModItemQuestsDef Evidence Text
403780024996,"The <em>Hermit</em> in the <em><SectorName('L12')></em>, a former <em>Adonis CEO</em>, may be able to provide some leverage against Corazon Santiago",,,ModItemQuestsDef Evidence Text
558712960460,<em>Evidence:</em> Adonis documents exposing Corazon Santiago from the <em>Hermit</em>,,,ModItemQuestsDef Evidence Text
303454328333,<em>Evidence:</em> <em>Biff Apscott's</em> testimony,,,ModItemQuestsDef Evidence Text
687283009166,<em>Evidence:</em> <em>Proof</em> that <em>Col. Faucheux</em> was behind the atrocities at the Refugee Camp,,,ModItemQuestsDef Evidence Text
838371262558,<em>Evidence:</em> Corazon Santiago's correspondence with <em>the Major</em> and his <em>mercenary contract</em>,,,ModItemQuestsDef Evidence Text
155187128087,<em>Evidence:</em> Secret correspondence between <em>Corazon Santiago</em> and <em>Col. Faucheux</em>,,,ModItemQuestsDef Evidence Text
708350217011,<em>Evidence:</em> <em>Contract</em> for the concession of diamond mining rights,,,ModItemQuestsDef Evidence Text
139835730234,Need to gather <em>more evidence</em> against <em>Corazon Santiago</em>,,,ModItemQuestsDef Evidence Text
632615051909,<em>Outcome:</em> Enough <em>evidence</em> gathered for a strong case against <em>Corazon Santiago</em>,,,ModItemQuestsDef Evidence Text
308674594521,Diamond mines,,,ModItemQuestsDef CorazonCaptureMine DisplayName
735176660945,<em>Adonis Corp.</em> will pay for each captured mine ,,,ModItemQuestsDef CorazonCaptureMine Text
654924225246,The Legion is using slave labor in the <em>Diamond Red</em> mine,,,ModItemQuestsDef CorazonCaptureMine Text
944646004601,<em><SectorName('H7')></em> is built over an archeological site,,,ModItemQuestsDef CorazonCaptureMine Text
261239717759,Some of the former slaves in <em>Diamond Red</em> agreed to work as <em>paid miners</em>,,,ModItemQuestsDef CorazonCaptureMine Text
764455200778,Additional <em>workers</em> may be hired for <em>Diamond Red</em>,,,ModItemQuestsDef CorazonCaptureMine Text
798273813105,Hired <em>miners</em> from the Refugee Camp (low Loyalty): <em><SectorName('A2')></em> income increased,,,ModItemQuestsDef CorazonCaptureMine Text
334014238695,Hired <em>miners</em> from the Refugee Camp (high Loyalty): <em><SectorName('A2')></em> income greatly increased,,,ModItemQuestsDef CorazonCaptureMine Text
750553851042,Hired <em>miners</em> from Fleatown (low Loyalty): <em><SectorName('A2')></em> income increased,,,ModItemQuestsDef CorazonCaptureMine Text
371355245706,Hired <em>miners</em> from Fleatown (high Loyalty): <em><SectorName('A2')></em> income greatly increased,,,ModItemQuestsDef CorazonCaptureMine Text
879681605383,Hired <em>Slave Master Graaf</em> as foreman: <em><SectorName('A2')></em> income greatly increased,,,ModItemQuestsDef CorazonCaptureMine Text
704959784482,Hired <em>Martha</em> and <em>Herman</em> as workers: <em><SectorName('H7')></em> income increased,,,ModItemQuestsDef CorazonCaptureMine Text
676018799925,<em>Legion impostors</em> killed: <em><SectorName('K10')></em> income slightly increased,,,ModItemQuestsDef CorazonCaptureMine Text
882967405015,<em>Fournier</em> intimidated: <em><SectorName('K10')></em> income slightly increased,,,ModItemQuestsDef CorazonCaptureMine Text
535891751276,<em>Fournier</em> is dead: <em><SectorName('K10')></em> income slightly decreased,,,ModItemQuestsDef CorazonCaptureMine Text
984175004115,<em>Operation</em>: <em>Prospect for diamonds</em> may increase the income of the <em><SectorName('K10')></em> mine,,,ModItemQuestsDef CorazonCaptureMine Text
752093346663,Prospecting done: <em><SectorName('K10')></em> income greatly increased,,,ModItemQuestsDef CorazonCaptureMine Text
501144615485,Partnership with <em>Boss Blaubert</em>: <em>all mines</em> income slightly increased,,,ModItemQuestsDef CorazonCaptureMine Text
245816903468,The <em><SectorName('A2')></em> mine is depleted,,,ModItemQuestsDef CorazonCaptureMine Text
618677444173,The <em><SectorName('B12')></em> is depleted,,,ModItemQuestsDef CorazonCaptureMine Text
249526664703,The <em><SectorName('C7')></em> is depleted,,,ModItemQuestsDef CorazonCaptureMine Text
577578825673,The <em><SectorName('D18')></em> mine is depleted,,,ModItemQuestsDef CorazonCaptureMine Text
952336328946,The <em><SectorName('H7')></em> is depleted,,,ModItemQuestsDef CorazonCaptureMine Text
250302410908,The <em><SectorName('I18')></em> is depleted,,,ModItemQuestsDef CorazonCaptureMine Text
629392124745,The <em><SectorName('K10')></em> mine is depleted,,,ModItemQuestsDef CorazonCaptureMine Text
757648558194,<em>Outcome:</em> The partnership with <em>Adonis</em> is over,,,ModItemQuestsDef CorazonCaptureMine Text
760347501481,<em>Outcome:</em> <em>Emma</em> will provide additional funding through government sympathizers for all captured <em>diamond mines</em>,,,ModItemQuestsDef CorazonCaptureMine Text
495214420866,Pirate gold,,,ModItemQuestsDef PiratesGold DisplayName
537013095539,A <em>restless spirit</em> is bothering the <em>Pastor</em> in <em><SectorName('H8')></em>,,,ModItemQuestsDef PiratesGold Text
290710783848,A <em>restless spirit</em> is bothering the <em>Pastor</em> in <em><SectorName('H8')></em>,,,ModItemQuestsDef PiratesGold Text
251301057015,"The ""restless spirit"" is hiding on the <em><SectorName('I10')></em> across Rimville",,,ModItemQuestsDef PiratesGold Text
696498570480,"<em>Intel:</em> The ""restless spirit"" can be ambushed by <em>splitting up</em> and guarding the roads in sector <em><SectorName('I10')></em> (press <em><ShortcutButton('actionCamOverview')></em> to toggle <em>Overview</em> mode)",,,ModItemQuestsDef PiratesGold Text
356529918428,Time to do some <em>ghost busting</em>,,,ModItemQuestsDef PiratesGold Text
686573029626,There is a <em>treasure</em> hidden in the walls of the <em>Church</em> in <em><SectorName('H8')></em>,,,ModItemQuestsDef PiratesGold Text
313805554221,<em>Outcome:</em> Found the <em>treasure</em> in <em><SectorName('H8')></em>,,,ModItemQuestsDef PiratesGold Text
308245687860,<em>Outcome:</em> Donated the <em>treasure</em> in <em><SectorName('H8')></em> to the House of Blessed Spirits,,,ModItemQuestsDef PiratesGold Text
136622116597,The Bus Gang,,,ModItemQuestsDef FleatownGeneral_copy DisplayName
754673942627,<em>Operation</em>: The <em>bus gang</em> intends to kill anyone who dares to hang around their <em>bus stop</em> in the <em><SectorName('F9')></em>,,,ModItemQuestsDef FleatownGeneral_copy Text
615121539626,"<em>Operation</em>: The <em>bus gang</em> is late, but they will definitely kill anyone who dares to hang around their <em>bus stop</em> in the <em><SectorName('F9')></em>",,,ModItemQuestsDef FleatownGeneral_copy Text
177888276268,The <em>bus gang</em> has arrived at the bus stop in the <em><SectorName('F9')></em>,,,ModItemQuestsDef FleatownGeneral_copy Text
945397520724,<em>Outcome:</em> The <em>bus gang</em> is out of service,,,ModItemQuestsDef FleatownGeneral_copy Text
580992024771,bad impression on <em>Boss Blaubert</em>,,,ModItemQuestsDef FleatownGeneral_copy SpecialConversationMessage
330318415649,dealt with the <em>Bus Gang</em>,,,ModItemQuestsDef FleatownGeneral_copy SpecialConversationMessage
621856291525,dealt with the <em>Bus Gang</em>,,,ModItemQuestsDef FleatownGeneral_copy SpecialConversationMessage
764831282094,U-Bahn,,,ModItemQuestsDef U-Bahn DisplayName
496390629137,There seems to be an underground <em>railroad</em> connecting a system of WWII bunkers,,,ModItemQuestsDef U-Bahn Text
365091580605,The underground <em>railroad</em> connects a system of Labs built by the Nazi for the completion of the mysterious <em>Projekt Eisdrache</em>,,,ModItemQuestsDef U-Bahn Text
308820258771,The Gestapo officer <em>Siegfried von Essen</em> is the administrative director of the underground facility,,,ModItemQuestsDef U-Bahn Text
491541908254,<em>Dr. Gruselheim</em> offered to surrender once the <em>Cryolabor</em> where he is held is captured,,,ModItemQuestsDef U-Bahn Text
758655726202,<em>Dr. Gruselheim</em> offered to surrender once the <em>Cryolabor</em> where he is held is captured,,,ModItemQuestsDef U-Bahn Text
351865941349,<em>Dr. Gruselheim</em> offered to surrender once the <em>Cryolabor</em> where he is held is captured,,,ModItemQuestsDef U-Bahn Text
423545189346,<em>Dr. Gruselheim</em> offered to surrender once the <em>Cryolabor</em> where he is held is captured,,,ModItemQuestsDef U-Bahn Text
620386452053,<em>The Cryolabor</em> is under attack by <em>Siegfried von Essen</em> and his remaining Super Soldiers,,,ModItemQuestsDef U-Bahn Text
841635553770,<em>The Cryolabor</em> is under attack by <em>Siegfried von Essen</em> and his remaining Super Soldiers,,,ModItemQuestsDef U-Bahn Text
378851863389,<em>The Cryolabor</em> is under attack by <em>Siegfried von Essen</em> and his remaining Super Soldiers,,,ModItemQuestsDef U-Bahn Text
163882256259,<em>Outcome:</em> <em>Siegfried von Essen</em> and his last <em>Super Soldiers</em> are defeated,,,ModItemQuestsDef U-Bahn Text
260994365933,<em>Outcome:</em> <em>Dr. Gruselheim</em> is dead,,,ModItemQuestsDef U-Bahn Text
695271470802,Time to have a word with <em>Dr. Gruselheim</em> and decide what to do with him,,,ModItemQuestsDef U-Bahn Text
106938544806,Time to have a word with <em>Dr. Gruselheim</em> and decide what to do with him,,,ModItemQuestsDef U-Bahn Text
918421288416,Time to have a word with <em>Dr. Gruselheim</em> and decide what to do with him,,,ModItemQuestsDef U-Bahn Text
570604487544,The Legion used explosives to capture the <em><SectorName('F11')></em> and collapsed the U-Bahn tunnel,,,ModItemQuestsDef U-Bahn Text
500573073355,The U-Bahn tunnel to <em>Landsbach</em> cannot be repaired without establishing control over <em><SectorName('F12_Underground')></em>,,,ModItemQuestsDef U-Bahn Text
710290540675,<em>Operation</em>: <em>Clear the Tracks</em> is available at <em><SectorName('F12_Underground')></em>,,,ModItemQuestsDef U-Bahn Text
777481962252,<em>Clue:</em> Dr. Gruselheim invented <em>Altered Diesel</em> by request of Siegfried von Essen,,,ModItemQuestsDef U-Bahn Text
838496618302,"<em>Diesel</em> was produced in the <em>Diesel Klinik (B12U)</em> between 1968 and 1973, and then since 1998",,,ModItemQuestsDef U-Bahn Text
475702551294,<em>Clue:</em> Dr. Gruselheim invented <em>Diesel</em> and the <em>Super Soldier</em> technology by request of Siegfried von Essen,,,ModItemQuestsDef U-Bahn Text
177153587938,The novel armor material <em>Kompositum 58</em> was produced between 1955 and 1958 in the <em>Waffenlabor</em>,,,ModItemQuestsDef U-Bahn Text
937384616017,<em>Clue:</em> Dr. Gruselheim invented <em>Kompositum 58</em> by request of Siegfried von Essen,,,ModItemQuestsDef U-Bahn Text
747209140383,The <em>Red Rabies</em> virus was developed between 1983 and 1988 in the <em>Biolabor</em>,,,ModItemQuestsDef U-Bahn Text
399561799645,<em>Clue:</em> Dr. Gruselheim developed the <em>Red Rabies</em> virus by request of Siegfried von Essen who inadvertently released it in the Adjani valley,,,ModItemQuestsDef U-Bahn Text
395807958179,Dr. Gruselheim has spent some time <em>frozen</em> in a cryo chamber,,,ModItemQuestsDef U-Bahn Text
698812328998,"Dr. Gruselheim spent 40 years <em>vitrified</em> in his cryo chamber: 1945-1955, 1958-1968, 1973-1983, 1988-1998",,,ModItemQuestsDef U-Bahn Text
666167348042,<em>Clue:</em> Dr. Gruselheim discovered the <em>Wunderfrostschutzmittel</em> in the Adjani valley and developed the <em>vitrification</em> technology used in <em>Projekt Eisdrache</em>,,,ModItemQuestsDef U-Bahn Text
556879601650,<em>Clue:</em> The vitrified people in the cryo containers are <em>Nazi officers</em> from WWII,,,ModItemQuestsDef U-Bahn Text
300813198456,<em>Outcome:</em> The bodies of the vitrified Nazi officers were <em>destroyed</em>,,,ModItemQuestsDef U-Bahn Text
705155147380,<em>Outcome:</em> The vitrified Nazi officers were left <em>forever frozen</em> underground,,,ModItemQuestsDef U-Bahn Text
156877290861,<em>Outcome:</em> The vitrified Nazi officers will be unfrozen and brought to <em>justice</em>,,,ModItemQuestsDef U-Bahn Text
402873482403,<em>Outcome:</em> Dr. Gruselheim will be brought to <em>justice</em> for his collaboration with Nazis,,,ModItemQuestsDef U-Bahn Text
407981245313,<em>Outcome:</em> Dr. Gruselheim was <em>set free</em> and left the Labs,,,ModItemQuestsDef U-Bahn Text
793989298802,<em>Outcome:</em> Dr. Gruselheim will remain underground and <em>work</em> for the mercs,,,ModItemQuestsDef U-Bahn Text
344815712709,<em>Operation</em>: <em>Produce Kompositum 58</em> is available at the <em>Waffenlabor</em>,,,ModItemQuestsDef U-Bahn Text
651868632120,<em>Operation</em>: <em>Produce Kompositum 58</em> is available at the <em>Waffenlabor</em>,,,ModItemQuestsDef U-Bahn Text
179343854954,<em>Operation</em>: <em>Produce Kompositum 58</em> is available at the <em>Waffenlabor</em>,,,ModItemQuestsDef U-Bahn Text
470773200510,"<em>Outcome:</em> As the new director of the <em>Sanatorium</em>, Dr. Gruselheim will work to stop the <em>Red Rabies</em> virus outbreak",,,ModItemQuestsDef U-Bahn Text
982054337437,"<em>Outcome:</em> As the new director of the <em>Diesel Klinik</em>, Dr. Gruselheim will work to help the people of <em>Landsbach</em>",,,ModItemQuestsDef U-Bahn Text
572695775328,Reinforcements incoming,,,ModItemQuestsDef U-Bahn Label
810364444498,Reinforcements incoming,,,ModItemQuestsDef U-Bahn Label
753072017460,Reinforcements incoming,,,ModItemQuestsDef U-Bahn Label
982772573921,Reinforcements incoming,,,ModItemQuestsDef U-Bahn Label
835954178557,Reinforcements incoming,,,ModItemQuestsDef U-Bahn Label
968947325220,Forgotten Grave,,,ModItemQuestsDef ForgottenGrave DisplayName
584120351013,Found a forgotten <em>grave</em> in the woods,,,ModItemQuestsDef ForgottenGrave Text
945106914653,<em>Francis</em> is looking for his father's <em>grave</em> that is somewhere along the river in the Cursed Forest,,,ModItemQuestsDef ForgottenGrave Text
807002556704,<em>Francis</em> would want to know the location of his father's <em>grave</em>,,,ModItemQuestsDef ForgottenGrave Text
611991044683,<em>Outcome:</em> The parents of <em>Francis</em> will rest in peace,,,ModItemQuestsDef ForgottenGrave Text
302091822558,trained <em>Militia</em>,,,ModItemQuestsDef ForgottenGrave SpecialConversationMessage
815320386712,liberated <em>Belle Eau</em>,,,ModItemQuestsDef ForgottenGrave SpecialConversationMessage
665544892317,Cursed Forest,,,ModItemQuestsDef CursedForestSideQuests DisplayName
144394368567,There are horrible <em>effigies</em> in the Cursed Forest that scare the Legion,,,ModItemQuestsDef CursedForestSideQuests Text
457942823176,The Legion destroyed some <em>effigies</em> in the Cursed Forest that can be repaired,,,ModItemQuestsDef CursedForestSideQuests Text
127082720658,helped <em>Francis</em> find his father's grave,,,ModItemQuestsDef CursedForestSideQuests SpecialConversationMessage
449500495373,finished off the tea party survivor,,,ModItemQuestsDef CursedForestSideQuests SpecialConversationMessage
680820793836,Vegena,,,ModItemQuestsDef CursedForestSideQuests ChangeName
647808423990,Petta and the hyenas,,,ModItemQuestsDef ChienSauvage DisplayName
858111959565,There is an eco activist imprisoned at <em><SectorName('E16')></em> whom the Legion means to throw into the hyena fighting pit,,,ModItemQuestsDef ChienSauvage Text
884143731552,Petta let the <em>hyenas</em> out,,,ModItemQuestsDef ChienSauvage Text
455796897360,The <em>hyenas</em> in Camp Chien Sauvage had to die,,,ModItemQuestsDef ChienSauvage Text
987242968729,<em>Outcome:</em> <em>Petta</em> couldn't be saved,,,ModItemQuestsDef ChienSauvage Text
786265426104,<em>Outcome:</em> <em>Petta</em> was saved,,,ModItemQuestsDef ChienSauvage Text
499699840741,<em>Outcome:</em> <em>Petta</em> converted the crocodile <em>Gena</em> to veganism,,,ModItemQuestsDef ChienSauvage Text
481490365631,Charon's Boat,,,ModItemQuestsDef CharonsBoat DisplayName
236261803546,Clue: A <em>humanitarian ship</em> loaded with dead bodies has run aground,,,ModItemQuestsDef CharonsBoat Text
103694826201,Clue: Some of the dead bodies were <em>not quite dead</em>,,,ModItemQuestsDef CharonsBoat Text
499443018178,Clue: There seem to be no survivors of the <em>ship crew</em>,,,ModItemQuestsDef CharonsBoat Text
581529374133,Clue: Someone tried to <em>bury</em> the dead from the shipwreck,,,ModItemQuestsDef CharonsBoat Text
119069368614,<em>Operation</em>: Someone should <em>bury the dead</em> at the <em><SectorName('D20')></em> before the disease spreads,,,ModItemQuestsDef CharonsBoat Text
738721628927,There are lots of <em>dead bodies</em> floating from somewhere upstream,,,ModItemQuestsDef CharonsBoat Text
269313821768,Some of the <em>corpses</em> have floated downstream to the <em><SectorName('D19')></em>,,,ModItemQuestsDef CharonsBoat Text
311402791051,<em>Operation</em>: There is a <em>mysterious boat</em> waiting for the bodies of the dead at the <em><SectorName('D19')></em>,,,ModItemQuestsDef CharonsBoat Text
255425528346,Some of the dead have to be <em>put to rest</em>,,,ModItemQuestsDef CharonsBoat Text
324116285001,"One day, the <em>boat of the dead</em> will leave the <em><SectorName('D19')></em>",,,ModItemQuestsDef CharonsBoat Text
909914966938,<em>Outcome</em>: The dead at the <em><SectorName('D20')></em> have been buried,,,ModItemQuestsDef CharonsBoat Text
867322102558,<em>Outcome</em>: The <em>mysterious boat</em> was loaded with the bodies of the dead at the <em><SectorName('D19')></em>,,,ModItemQuestsDef CharonsBoat Text
283869622068,<em>Outcome:</em> The <em>boat of the dead</em> left these shores,,,ModItemQuestsDef CharonsBoat Text
363094975655,buried the dead bodies from the shipwreck,,,ModItemQuestsDef CharonsBoat SpecialConversationMessage
769329628976,loaded the mysterious boat of the dead,,,ModItemQuestsDef CharonsBoat SpecialConversationMessage
610810569348,The Beast,,,ModItemQuestsDef Beast DisplayName
656681391645,They say there is a scary <em>Beast</em> that is hunting people in the Cursed Forest,,,ModItemQuestsDef Beast Text
224176854402,There is a scary <em>Beast</em> in the Cursed Forest,,,ModItemQuestsDef Beast Text
310057242081,The light in <em><SectorName('D17')></em> projects a <em>Beast Signal</em> in the sky,,,ModItemQuestsDef Beast Text
603715414700,The <em>Beast</em> appeared to help wipe out the marauders - perhaps it can speak?,,,ModItemQuestsDef Beast Text
393766392508,"The <em>""Beast""</em> turned out to be a badass <em>old lady</em> in top-notch stealth equipment",,,ModItemQuestsDef Beast Text
762781790155,"The <em>""Beast""</em> lives in a small <em><SectorName('C14')></em> in the Cursed Forest",,,ModItemQuestsDef Beast Text
465410187824,People of <SectorName('D17')> need their friends and family liberated from <em><SectorName('D18')></em>,,,ModItemQuestsDef Beast Text
624550794000,People are not feeling safe in <SectorName('D17')>: <em>Militia</em> is needed,,,ModItemQuestsDef Beast Text
859112961545,People are not happy in <SectorName('D17')>: <em>60 Loyalty</em> is required,,,ModItemQuestsDef Beast Text
463841918873,"The ""Beast"" can now be convinced to fight the <em>Legion</em> forces outside of Ille Morat",,,ModItemQuestsDef Beast Text
750160362284,<em>Wlad</em> and the <em>Beast</em> were very close,,,ModItemQuestsDef Beast Text
212751477995,<em>Outcome:</em> <em>Wlad</em> is dead,,,ModItemQuestsDef Beast Text
183625668434,<em>Outcome:</em> The Beast will help <em>protect</em> the Cursed Forest,,,ModItemQuestsDef Beast Text
878315272342,<em>Outcome:</em> The <em>Beast</em> is dead,,,ModItemQuestsDef Beast Text
927116849698,<em>Outcome:</em> Defeated the <em>Beast</em> of the Cursed Forest,,,ModItemQuestsDef Beast Text
808742645892,trained <em>Militia</em>,,,ModItemQuestsDef Beast SpecialConversationMessage
758586217783,liberated <em>Belle Eau</em>,,,ModItemQuestsDef Beast SpecialConversationMessage
277928713012,Wassergrab,,,ModItemQuestsDef Witch_copy DisplayName
481714140704,There is a wicked <em>Witch</em> at the <em><SectorName('J18')></em>,,,ModItemQuestsDef Witch_copy Text
271039591348,There is a <em>Witch</em> at the <em><SectorName('J18')></em> who seems to be enchanting and sexually abusing the men of <em>Wassergrab</em>,,,ModItemQuestsDef Witch_copy Text
282720427297,There is a <em>Witch</em> at the <em><SectorName('J18')></em> who seems to be enchanting the men of <em>Wassergrab</em>,,,ModItemQuestsDef Witch_copy Text
637993950428,Clue: The <em>Witch's cauldron</em> contains a herbal concoction that can cause short term memory loss,,,ModItemQuestsDef Witch_copy Text
644161589711,Clue: There is a deep hole under the <SectorName('J18')> that looks a lot like a <em>mining shaft</em>,,,ModItemQuestsDef Witch_copy Text
121004431695,<em>Lami</em> from the <em><SectorName('J18')></em> is drugging the men of <em>Wassergrab</em> and forcing them to dig diamonds for her,,,ModItemQuestsDef Witch_copy Text
752147908718,The <em>Witch</em> has summoned her fearsome crocodile guardians,,,ModItemQuestsDef Witch_copy Text
206795564935,The crocodile guardians of the <em><SectorName('J18')></em> are dead and now the <em>Witch</em> can be interrogated,,,ModItemQuestsDef Witch_copy Text
333076070006,<em>Outcome:</em> Lami the <em>Witch</em> will stop exploiting the workers of <em>Wassergrab</em>,,,ModItemQuestsDef Witch_copy Text
997322139649,<em>Outcome:</em> Lami the <em>Witch</em> will continue to exploit the workers from <em>Wassergrab</em> ,,,ModItemQuestsDef Witch_copy Text
622267968145,<em>Outcome:</em> Lami the <em>Witch</em> is dead,,,ModItemQuestsDef Witch_copy Text
107882379888,The Twin Manors,,,ModItemQuestsDef TwinManors_copy DisplayName
778181508123,There is something weird going on at the <em><SectorName('L18')></em>,,,ModItemQuestsDef TwinManors_copy Text
471422397175,There is something weird going on at the <em><SectorName('L18')></em>,,,ModItemQuestsDef TwinManors_copy Text
966823756418,"There is something weird going on at the the <em><SectorName('L18')></em>, and <em>Dr. L'Enfer</em> seems to be involved",,,ModItemQuestsDef TwinManors_copy Text
317344197311,"There has been a series of murders at the <em><SectorName('L18')></em> that culminated in a spectacular double murder during an amateur play of <em>""Romeo and Juliet""</em>",,,ModItemQuestsDef TwinManors_copy Text
999263655262,Clue: There is a rumor that the L'Enfer brothers who once owned the Manors killed each other and have returned as <em>vengeful spirits</em>,,,ModItemQuestsDef TwinManors_copy Text
766648053715,Clue: One of the actors on the stage was performing with a gun loaded with real <em>9 mm HP bullets</em>,,,ModItemQuestsDef TwinManors_copy Text
278670827869,Clue: Found a 9 mm pistol and an unopened box of standard <em>9 mm bullets</em> in the Doctor's desk,,,ModItemQuestsDef TwinManors_copy Text
930687801470,Clue: Found several boxes of <em>9 mm HP bullets</em> in a locked cabinet inside the Van Tassel manor. One of the boxes was already <em>opened</em>,,,ModItemQuestsDef TwinManors_copy Text
949015834158,"Clue: The ""potion"" drunk by one of the actors during the performance contained <em>real poison</em>",,,ModItemQuestsDef TwinManors_copy Text
270267935987,"Clue: The ""potion"" drank by one of the actors during the performance contained <em>strychnine</em>",,,ModItemQuestsDef TwinManors_copy Text
469296105606,Clue: Found <em>cyanide</em> in the Doctor's cabinet,,,ModItemQuestsDef TwinManors_copy Text
870471710924,Clue: Found <em>strychnine</em> in the Le Domas manor,,,ModItemQuestsDef TwinManors_copy Text
587491303563,Clue: A member of one of the Twin Manors families was shot with a <em>9 mm HP bullet</em> and then chopped up with an axe,,,ModItemQuestsDef TwinManors_copy Text
589546325001,Clue: A member of one of the Twin Manors families was choked by forcing a tiny <em>strychnine bottle</em> into her throat,,,ModItemQuestsDef TwinManors_copy Text
768399831148,Clue: The Doctor has dutifully performed <em>autopsies</em> on the murder victims at the Twin Manors,,,ModItemQuestsDef TwinManors_copy Text
710437033787,Clue: The two families own the houses but not the <em>land</em> of the Twin Manors. The land can never be sold to others while there is a living heir,,,ModItemQuestsDef TwinManors_copy Text
857853010981,"Clue: As a descendant of the L'Enfer brothers, <em>Dr. L'Enfer</em> owns the land of the Twin Manors - and the Families own just the buildings",,,ModItemQuestsDef TwinManors_copy Text
100047705770,The <em>Le Domas</em> and <em>Van Tassel</em> families are gathered to hear findings of the <em>murder investigation</em>,,,ModItemQuestsDef TwinManors_copy Text
664455317823,There is no other way but to <em>fight</em> the families at the <em><SectorName('L18')></em>,,,ModItemQuestsDef TwinManors_copy Text
110569990109,<em>Outcome:</em> <em>Dr. L'Enfer</em> was blamed for the murders at the <SectorName('L18')> and <em>executed</em>,,,ModItemQuestsDef TwinManors_copy Text
153864599306,<em>Outcome:</em> The shady <em>doctor</em> at the <SectorName('L18')> is dead,,,ModItemQuestsDef TwinManors_copy Text
377491970491,<em>Outcome:</em> Defeated the murderous <em>Van Tassel</em> and <em>Le Domas</em> families at the <em><SectorName('L18')></em>,,,ModItemQuestsDef TwinManors_copy Text
541475699024,exposed and defeated the murderous <em>Van Tassel</em> and <em>Le Domas</em> Families,,,ModItemQuestsDef TwinManors_copy SpecialConversationMessage
723660035090,defeated the murderous <em>Van Tassel</em> and <em>Le Domas</em> Families,,,ModItemQuestsDef TwinManors_copy SpecialConversationMessage
784829604010,Of Murders and Teddy Bears,,,ModItemQuestsDef Ted_copy DisplayName
499080476726,There are rumors of <em>murders and teddy bears</em> in the Farmlands,,,ModItemQuestsDef Ted_copy Text
998383873461,Someone is murdering people in the Farmlands and placing <em>teddy bears</em> at the scene,,,ModItemQuestsDef Ted_copy Text
176729812517,Time to face the <em>teddy bear maniac</em>,,,ModItemQuestsDef Ted_copy Text
995319950975,<em>Outcome:</em> <em>Teddy</em> the Teddy Bear killer was put to rest,,,ModItemQuestsDef Ted_copy Text
540196714249,killed <em>Ted</em> the teddy bear maniac,,,ModItemQuestsDef Ted_copy SpecialConversationMessage
355951259941,Grimer Hamlet,,,ModItemQuestsDef GrimerHamlet_copy DisplayName
296618143436,There is a virulent disease outbreak in the <em><SectorName('I19')></em>,,,ModItemQuestsDef GrimerHamlet_copy Text
234834978879,There are still some <em>Infected</em> in the houses of <em><SectorName('I19')></em>,,,ModItemQuestsDef GrimerHamlet_copy Text
935392577230,All trapped civilians in the <em><SectorName('I19')></em> have been <em>saved</em>,,,ModItemQuestsDef GrimerHamlet_copy Text
506338622134,The Infected in <em><SectorName('I19')></em> have all broken free!,,,ModItemQuestsDef GrimerHamlet_copy Text
374622059945,Monday from the <em><SectorName('I19')></em> wants his Infected ex-girlfriend <em>Bella</em> and her lovers killed,,,ModItemQuestsDef GrimerHamlet_copy Text
828975379182,<em>Bella</em> is dead,,,ModItemQuestsDef GrimerHamlet_copy Text
472642259879,<em>Outcome:</em> There is finally some peace and quiet in <em><SectorName('I19')></em>,,,ModItemQuestsDef GrimerHamlet_copy Text
349187275730,<em>Outcome:</em> Time for <em>party</em> in the <em><SectorName('I19')></em>!,,,ModItemQuestsDef GrimerHamlet_copy Text
714830943923,<em>Outcome:</em> The outbreak in the <em><SectorName('I19')></em> got out of control,,,ModItemQuestsDef GrimerHamlet_copy Text
550394816519,Fort L'Eau Bleu,,,ModItemQuestsDef TakeTheFortress DisplayName
637512037943,The <em>Legion Outpost</em> on <em>Ernie Island</em> is threatening the <em>nearby village</em>,,,ModItemQuestsDef TakeTheFortress Text
881242259615,The defense of <em><SectorName('I7')></em> can be weakened by completing its Outpost objectives,,,ModItemQuestsDef TakeTheFortress Text
443476251653,<em>Outcome:</em> Defeated <em>Pierre</em> and took control of <em><SectorName('I7')></em>,,,ModItemQuestsDef TakeTheFortress Text
426282402523,Herman is missing,,,ModItemQuestsDef RescueHerMan DisplayName
723192132008,<em>Martha</em> is looking for her husband who was kidnapped by the <em>Legion</em>,,,ModItemQuestsDef RescueHerMan Text
706580608154,<em>Martha</em> is looking for her husband who was kidnapped by the <em>Legion</em> and was last seen on the <em><SectorName('M7')></em>,,,ModItemQuestsDef RescueHerMan Text
956422433160,<em>Herman</em> snitched on his neighbor <em>Tinhay</em> who was then executed by the Legion,,,ModItemQuestsDef RescueHerMan Text
150226461771,Rescued <em>Herman</em> and he promised a reward once he returns to the <em><SectorName('I5')></em>,,,ModItemQuestsDef RescueHerMan Text
764642319165,Herman will return to the <em><SectorName('I5')></em> once it is safe,,,ModItemQuestsDef RescueHerMan Text
698124792962,There is some kind of commotion in the <em><SectorName('I5')></em>,,,ModItemQuestsDef RescueHerMan Text
255126042708,<em>Herman</em> promised a <em>reward</em> for rescuing him,,,ModItemQuestsDef RescueHerMan Text
569436381213,<em>Outcome:</em> <em>Herman's</em> involvement in Tinhay's murder was not revealed,,,ModItemQuestsDef RescueHerMan Text
222085418672,<em>Outcome:</em> Exposed <em>Herman's</em> involvement in Tinhay's murder,,,ModItemQuestsDef RescueHerMan Text
249811929640,<em>Outcome:</em> <em>Herman</em> was hanged in the <em><SectorName('I5')></em>,,,ModItemQuestsDef RescueHerMan Text
946221282530,<em>Outcome:</em> Prevented the hanging in the <em><SectorName('I5')></em>,,,ModItemQuestsDef RescueHerMan Text
698807734454,<em>Outcome:</em> <em>Luc</em> was hanged in the <em><SectorName('I5')></em>,,,ModItemQuestsDef RescueHerMan Text
617786889079,<em>Outcome:</em> <em>Martha</em> left the <em><SectorName('I5')></em>,,,ModItemQuestsDef RescueHerMan Text
816146453546,<em>Outcome:</em> <em>Martha</em> and <em>Herman</em> left the <em><SectorName('I5')></em>,,,ModItemQuestsDef RescueHerMan Text
768490469452,Fooling Pierre,,,ModItemQuestsDef LegionFlag DisplayName
742636028144,raised a <em>Legion flag</em>,,,ModItemQuestsDef LegionFlag SpecialConversationMessage
528963884172,Bastien,,,ModItemQuestsDef JoseFamily DisplayName
689226840458,Met a shady guy named <em>Bastien</em> at the beach of <SectorName('I1')>,,,ModItemQuestsDef JoseFamily Text
720317896743,Bastien and his family have a hideout in <em><SectorName('I6')></em>,,,ModItemQuestsDef JoseFamily Text
461949980058,Bastien has a <em>diamond stash</em> somewhere,,,ModItemQuestsDef JoseFamily Text
773878606053,<em>Outcome:</em> Tricked Bastien's family and turned them against him,,,ModItemQuestsDef JoseFamily Text
202914304432,<em>Outcome:</em> Disarmed Bastien's family,,,ModItemQuestsDef JoseFamily Text
924430268458,<em>Bastien</em> has disappeared,,,ModItemQuestsDef JoseFamily Text
927872117801,Bastien is in the <em><SectorName('E9')></em>,,,ModItemQuestsDef JoseFamily Text
420499955778,Bastien is in the <em><SectorName('E9')></em>,,,ModItemQuestsDef JoseFamily Text
251740631217,<em>Outcome:</em> Forced Bastien to help the people in the <em><SectorName('E9')></em>,,,ModItemQuestsDef JoseFamily Text
926170296609,<em>Outcome:</em> Took part in Bastien's shady deals in the <em><SectorName('E9')></em>,,,ModItemQuestsDef JoseFamily Text
806420751393,<em>Outcome:</em> Killed <em>Bastien</em>,,,ModItemQuestsDef JoseFamily Text
197382987239,Helping Ernie Village,,,ModItemQuestsDef FortifyErnie DisplayName
809144720392,Basil needs a Browning .50 cal. <em>machine gun</em> to protect the <em><SectorName('I5')></em>,,,ModItemQuestsDef FortifyErnie Text
990717185362,There is a Browning <em>machine gun</em> in the bunker at <em><SectorName('I6')></em>,,,ModItemQuestsDef FortifyErnie Text
696808655976,Found a <em>machine gun</em> such as the one requested by <em>Basil</em> from the <em><SectorName('I5')></em>,,,ModItemQuestsDef FortifyErnie Text
826675773932,<em>Outcome:</em> Gave the Browning .50 cal. <em>machine gun</em> to Basil,,,ModItemQuestsDef FortifyErnie Text
495827247577,<em>Outcome:</em> Refused to give Basil the Browning .50 cal. <em>machine gun</em>,,,ModItemQuestsDef FortifyErnie Text
188867442685,<em>Operation</em>: Train <em>Militia</em> in the <em><SectorName('I5')></em>,,,ModItemQuestsDef FortifyErnie Text
864094482022,Trained <em>Militia</em> to protect the <em><SectorName('I5')></em>,,,ModItemQuestsDef FortifyErnie Text
376428242327,"<em>Outcome:</em> Fortified the <em><SectorName('I5')></em> with Militia and a Machine Gun
",,,ModItemQuestsDef FortifyErnie Text
845156775611,"<em>Outcome:</em> Fortified the <em><SectorName('I5')></em> with Militia but no Machine Gun
",,,ModItemQuestsDef FortifyErnie Text
730345218781,<em>Reinforcements</em>: It is a matter of time before someone notices that the bunker is under attack,,,ModItemQuestsDef FortifyErnie Text
797029168022,<em>Reinforcements failed</em>: No one noticed that the <em>bunker</em> was under attack,,,ModItemQuestsDef FortifyErnie Text
818042937827,provided a <em>machine gun</em>,,,ModItemQuestsDef FortifyErnie SpecialConversationMessage
948323938551,trained <em>Militia</em>,,,ModItemQuestsDef FortifyErnie SpecialConversationMessage
933129543212,Enemy reinforcements,,,ModItemQuestsDef ErnieSideQuests Label
156911420607,Docks,,,ModItemQuestsDef Docks DisplayName
707784823752,The Docks used to be home to the infamous gang "<color EmStyle>Coffee Beans</color>",,,ModItemQuestsDef Docks Text
452253172930,"Members of the gang ""Coffee Beans"" (<color EmStyle>Baby Wilma</color>, <color EmStyle>Kayla the Ripper</color>, <color EmStyle>Wild Magda</color>, <color EmStyle>Old Winnie</color>, and <color EmStyle>Crazy Hannah</color>) can be persuaded to assemble again to defend <color EmStyle></color>",,,ModItemQuestsDef Docks Text
406832672521,"Operation ""Night ""N"""" : <color EmStyle>Baby Wilma</color> agreed to fight",,,ModItemQuestsDef Docks Text
672264534327,"Operation ""Night ""N"""" : <color EmStyle>Kayla the Ripper</color> agreed to fight",,,ModItemQuestsDef Docks Text
160004139138,"Operation ""Night ""N"""" : <color EmStyle>Wild Magda</color> agreed to fight",,,ModItemQuestsDef Docks Text
229741643858,"Operation ""Night ""N"""" : <color EmStyle>Old Winnie</color> agreed to fight",,,ModItemQuestsDef Docks Text
506817616492,"Operation ""Night ""N"""" : <color EmStyle>Crazy Hannah</color> agreed to fight",,,ModItemQuestsDef Docks Text
684342013446,"Operation ""Night ""N"""" : Pierre's sappers from the <color EmStyle>fort</color> will not come",,,ModItemQuestsDef Docks Text
131003291514,"Operation ""Night ""N"""" : <color EmStyle>Junkyard Knights</color> will help defend ",,,ModItemQuestsDef Docks Text
669464240961,On the night of <color EmStyle>APR 1</color> the Legion plans to storm <color EmStyle></color>,,,ModItemQuestsDef Docks Text
440810216839,The Legion is storming <color EmStyle></color>!,,,ModItemQuestsDef Docks Text
207637704839,The Legion has captured <color EmStyle></color>!,,,ModItemQuestsDef Docks Text
726575657579,<color EmStyle></color>: the gang "<color EmStyle>Coffee Beans</color>" has been taken hostage by the Legion,,,ModItemQuestsDef Docks Text
158337034728,"The Legion took the gang ""<color EmStyle>Coffee Beans</color>"" hostage; if the <color EmStyle>explosives</color> are not defused, the magnificent old ladies will die",,,ModItemQuestsDef Docks Text
260558522004,<color EmStyle>Outcome:</color> <color EmStyle><CacaoGang></color> from the "<color EmStyle>Coffee Beans</color>" are together again,,,ModItemQuestsDef Docks Text
861803185499,<color EmStyle>Outcome:</color> <color EmStyle><CacaoGangDead></color> from the "<color EmStyle>Coffee Beans</color>" joined the late Mama Baxter,,,ModItemQuestsDef Docks Text
603172503084,"<color EmStyle>Outcome:</color> The Legion is defeated, <color EmStyle></color> has been liberated",,,ModItemQuestsDef Docks Text
570960033999,<color EmStyle>Outcome:</color> Members of the gang "<color EmStyle>Coffee Beans</color>" have been saved,,,ModItemQuestsDef Docks Text
807961064137,<color EmStyle>Outcome:</color> <color EmStyle>Granny Cohani</color> is dead,,,ModItemQuestsDef Docks Text
673156834012,<color EmStyle>Outcome:</color> "<color EmStyle>Coffee Beans</color>" are together again,,,ModItemQuestsDef Docks Text
911820358036,"Operation <color EmStyle>""Night ""N""""</color> was successful",,,ModItemQuestsDef Docks SpecialConversationMessage
251738358031,Defuse the bombs,,,ModItemQuestsDef Docks Label
743056658175,defused the bombs,,,ModItemQuestsDef Docks SpecialConversationMessage
872216840378,sabotaged operation <color EmStyle>Night ""N""</color>,,,ModItemQuestsDef Docks SpecialConversationMessage
629044220908,The Dump,,,ModItemQuestsDef TheTrashFief DisplayName
768387467094,<em>Two factions</em> are quarrelling for control over <em><SectorName('L9')></em>,,,ModItemQuestsDef TheTrashFief Text
749427367190,<em><DumpPacified></em> combatants at <em><SectorName('L9')></em> convinced to drop the conflict,,,ModItemQuestsDef TheTrashFief Text
268000587039,Sided with the <em>Knights</em>: the Nobles must be defeated at <em><SectorName('L9')></em>,,,ModItemQuestsDef TheTrashFief Text
161737850440,Sided with the <em>Nobles</em>: the Knights must be defeated at <em><SectorName('L9')></em>,,,ModItemQuestsDef TheTrashFief Text
805522244232,<em>Itsadi</em> disapproves of the conflict between the Baronne and Dirty Henri,,,ModItemQuestsDef TheTrashFief Text
666425930927,<em>Outcome:</em> Convinced the Knights and Nobles to <em>drop the conflict</em> over <em><SectorName('L9')></em>,,,ModItemQuestsDef TheTrashFief Text
834972108479,<em>Outcome:</em> The <em>Legion</em> resolved the conflict between the Nobles and the Knights in their own way,,,ModItemQuestsDef TheTrashFief Text
963988164206,<em>Outcome:</em> The <em>Junkyard Knights</em> will protect <em><SectorName('L9')></em>,,,ModItemQuestsDef TheTrashFief Text
650584272084,<em>Outcome:</em> The <em>Junkyard Nobles</em> granted a concession for the <em>Junk Fields</em> at <em><SectorName('L9')></em>,,,ModItemQuestsDef TheTrashFief Text
726128822770,<em>Operation</em>: <em>Harvest Junk</em> is available at <em><SectorName('L9')></em>,,,ModItemQuestsDef TheTrashFief Text
976946003300,established peace at the <em>Dump</em>,,,ModItemQuestsDef TheTrashFief SpecialConversationMessage
749306305658,Museum of the Adjani,,,ModItemQuestsDef PortCacaoSideQuests DisplayName
526830910010,<em>Emma</em> is under attack by the Legion in <em><SectorName('L8')></em>,,,ModItemQuestsDef PortCacaoSideQuests Text
346921838396,<em>Emma</em> is under attack by the Legion in <em><SectorName('L8')></em>,,,ModItemQuestsDef PortCacaoSideQuests Text
804431924210,Time to check if <em>Emma</em> is okay,,,ModItemQuestsDef PortCacaoSideQuests Text
340656300217,The <em>Legion</em> is attacking!,,,ModItemQuestsDef PortCacaoSideQuests Text
566193673182,"<em>Emma</em> is in <em><SectorName('L8')></em>, waiting for her father to be saved",,,ModItemQuestsDef PortCacaoSideQuests Text
257832555283,<em>Reinforcements</em>: There are Legion troops coming from the <em>sea</em>,,,ModItemQuestsDef PortCacaoSideQuests Text
972454327803,<em>Reinforcements failed</em>: The Legion troops from the <em>Docks</em> did not appear because of terminal allergy to <em>Coffee Beans</em>,,,ModItemQuestsDef PortCacaoSideQuests Text
767208885291,<em>Reinforcements</em>: There are Legion troops coming from the <em>jungle</em>,,,ModItemQuestsDef PortCacaoSideQuests Text
481289900173,<em>Reinforcements failed</em>: The Legion troops from the <em>jungle</em> did not appear because life coaching got in the way,,,ModItemQuestsDef PortCacaoSideQuests Text
783829898899,<em>Reinforcements</em>: There are Legion troops coming from a nearby <em>mine</em> that are disguised as mine workers,,,ModItemQuestsDef PortCacaoSideQuests Text
951344825484,<em>Reinforcements failed</em>: The Legion troops from <em>Old Diamond</em> did not appear because of terminal affliction of Impostor syndrome,,,ModItemQuestsDef PortCacaoSideQuests Text
194061516070,Emma needs <em>archeological treasures</em> that will be presented in a future Museum of the Adjani in <em><SectorName('L8')></em>,,,ModItemQuestsDef PortCacaoSideQuests Text
248229167517,Emma can send <em>militia</em> to <em><EmmaTreasures></em> location(s),,,ModItemQuestsDef PortCacaoSideQuests Text
269861635377,The <em>gouverneur</em> in <em><SectorName('L8')></em> can be convinced to provide funding for Emma's <em>Museum of the Adjani</em>,,,ModItemQuestsDef PortCacaoSideQuests Text
702670558963,The gouverneur agreed to provide payment for <em>treasures</em> brought to Emma for the <em>Museum</em>,,,ModItemQuestsDef PortCacaoSideQuests Text
823772119772,Received clearance to speak with <em>Col. Faucheux</em> in <em><SectorName('L17')></em>,,,ModItemQuestsDef PortCacaoSideQuests Text
226408276853,Col. Faucheux keeps valuable <em>art pieces</em> hidden at <em><SectorName('L17')></em> inside something that is a <em>work of art</em> itself ,,,ModItemQuestsDef PortCacaoSideQuests Text
648626130406,<em>Outcome:</em> <em>Emma</em> left <em><SectorName('L8')></em>,,,ModItemQuestsDef PortCacaoSideQuests Text
431997131849,<em>Outcome:</em> <em>Emma</em> was forced to leave <em><SectorName('L8')></em>,,,ModItemQuestsDef PortCacaoSideQuests Text
347070983402,<em>Outcome:</em> <em><EmmaTreasuresTotal> treasures</em> donated for the <em>Museum of the Adjani</em>,,,ModItemQuestsDef PortCacaoSideQuests Text
171883094102,Enemy Reinforcements Incoming,,,ModItemQuestsDef PortCacaoSideQuests Label
716528245525,"""Old Diamond"" Mine",,,ModItemQuestsDef OldDiamond DisplayName
921137948349,There are suspicious <em>night</em> operations at the <em><SectorName('K10')></em> mine,,,ModItemQuestsDef OldDiamond Text
642269560267,There are <em>armed men</em> pretending to be <em>night</em> shift miners at the <em><SectorName('K10')></em> mine,,,ModItemQuestsDef OldDiamond Text
832022538136,The <em>Legion impostors</em> at the <em><SectorName('K10')></em> mine have a secret deal with <em>Directeur Fournier</em>,,,ModItemQuestsDef OldDiamond Text
106180772631,<em>Outcome:</em> Exposed <em>Fournier's</em> dealings with the <em>Legion</em>,,,ModItemQuestsDef OldDiamond Text
296255283249,<em>Outcome:</em> The <em>Legion impostors</em> at the <em><SectorName('K10')></em> mine are dead,,,ModItemQuestsDef OldDiamond Text
534627597369,<em>Outcome:</em> <em>Fournier</em> is dead,,,ModItemQuestsDef OldDiamond Text
570338294442,Headshot Hue,,,ModItemQuestsDef AyeMom DisplayName
424240938925,<em>Headshot Hue</em> at the <em><SectorName('N13')></em> needs a <em>red wig</em> to play a prank on the bartender <em>Lurch</em>,,,ModItemQuestsDef AyeMom Text
592779994694,<em>Headshot Hue</em> at the <em><SectorName('N13')></em> needs the <em>wig</em> to dress like Lurch's mom in order to convince him to give up the <em>shotgun</em>,,,ModItemQuestsDef AyeMom Text
597499839060,Found a totally inconspicuous <em>Red curly wig</em>,,,ModItemQuestsDef AyeMom Text
372893050438,A suitable <em>wig</em> can be found at the <em>junk dealer's shop</em> in <em><SectorName('L8')></em> and on the head of the <em>Baroness</em> of <em><SectorName('L9')></em>,,,ModItemQuestsDef AyeMom Text
435695865334,<em>Ma Baxter's Shotgun</em> is in the hands of <em>Headshot Hue</em> at the <em><SectorName('N13')></em>,,,ModItemQuestsDef AyeMom Text
922856971797,<em>Granny Cohani</em> at the <em><SectorName('N13')></em> is ready to give an arm and a leg for <em>Ma Baxter's Shotgun</em>,,,ModItemQuestsDef AyeMom Text
389607857494,<em>Outcome:</em> Took possession of <em>Ma Baxter's Shotgun</em>,,,ModItemQuestsDef AyeMom Text
877589834185,<em>Outcome:</em> Staged the performance of the century at the <em>Aye Bar</em>,,,ModItemQuestsDef AyeMom Text
873806759012,<em>Outcome:</em> Sold <em>Ma Baxter's Shotgun</em> to <em>Granny Cohani</em>,,,ModItemQuestsDef AyeMom Text
744546023148,<em>Outcome:</em> Donated <em>Ma Baxter's Shotgun</em> to <em>Granny Cohani</em>,,,ModItemQuestsDef AyeMom Text
137536286495,<em>Outcome:</em> <em>Headshot Hue</em> is dead,,,ModItemQuestsDef AyeMom Text
998690725175,<em>Outcome:</em> <em>Lurch</em> is dead,,,ModItemQuestsDef AyeMom Text
904922953035,helped <em>Headshot Hue</em> play a prank on Lurch,,,ModItemQuestsDef AyeMom SpecialConversationMessage
594145631578,Incoming Artillery Fire!,,,ModItemQuestsDef _TestQuest Label
194281324692,killed <em>Granny Cohani</em>,,,ModItemQuestsDef _GroupsAttacked SpecialConversationMessage
661171436265,<em>Granny Cohani</em> is dead,,,ModItemQuestsDef _GroupsAttacked SpecialConversationMessage
189629359594,<em>Wilma</em> is dead,,,ModItemQuestsDef _GroupsAttacked SpecialConversationMessage
183087941828,<em>Kayla</em> is dead,,,ModItemQuestsDef _GroupsAttacked SpecialConversationMessage
666405872429,<em>Trudy</em> is dead,,,ModItemQuestsDef _GroupsAttacked SpecialConversationMessage
638332508559,<em>Vinnie</em> is dead,,,ModItemQuestsDef _GroupsAttacked SpecialConversationMessage
517311712018,<em>Mad Hannah</em> is dead,,,ModItemQuestsDef _GroupsAttacked SpecialConversationMessage
188104313440,killed <em>Lurch</em>,,,ModItemQuestsDef _GroupsAttacked SpecialConversationMessage
787997680197,<em>Lurch</em> is dead,,,ModItemQuestsDef _GroupsAttacked SpecialConversationMessage
113067280988,<em>Headshot Hue</em> is dead,,,ModItemQuestsDef _GroupsAttacked SpecialConversationMessage
462091358371,killed <em>Sangoma</em>,,,ModItemQuestsDef _GroupsAttacked SpecialConversationMessage
607653396789,killed <em>Karen</em>,,,ModItemQuestsDef _GroupsAttacked SpecialConversationMessage
346560827614,<em>Karen</em> is dead,,,ModItemQuestsDef _GroupsAttacked SpecialConversationMessage
371008253550,killed <em>Bastien</em>,,,ModItemQuestsDef _GroupsAttacked SpecialConversationMessage
376889355175,killed <em>Bastien</em>,,,ModItemQuestsDef _GroupsAttacked SpecialConversationMessage
914544399329,killed <em>Bastien</em>,,,ModItemQuestsDef _GroupsAttacked SpecialConversationMessage
857243623636,<em>Captain Pierrot</em> is dead,,,ModItemQuestsDef _GroupsAttacked SpecialConversationMessage
428159012143,<em>Captain Pierrot</em> is dead,,,ModItemQuestsDef _GroupsAttacked SpecialConversationMessage
798243436486,<em>Captain Pierrot</em> is dead,,,ModItemQuestsDef _GroupsAttacked SpecialConversationMessage
354568382170,<em>Wlad</em> is dead,,,ModItemQuestsDef _GroupsAttacked SpecialConversationMessage
679296928163,killed the <em>Beast</em>,,,ModItemQuestsDef _GroupsAttacked SpecialConversationMessage
747147876113,the <em>Beast</em> is dead,,,ModItemQuestsDef _GroupsAttacked SpecialConversationMessage
407171575937,<em>Deedee</em> is dead,,,ModItemQuestsDef _GroupsAttacked SpecialConversationMessage
704078630965,<em>Lami the Witch</em> is dead,,,ModItemQuestsDef _GroupsAttacked SpecialConversationMessage
558950708412,<em>Lami the Witch</em> is dead,,,ModItemQuestsDef _GroupsAttacked SpecialConversationMessage
989152608257,<em>Monday</em> is dead,,,ModItemQuestsDef _GroupsAttacked SpecialConversationMessage
556394482809,<em>Foreman</em> is dead,,,ModItemQuestsDef _GroupsAttacked SpecialConversationMessage
339344631215,<em>Lalee</em> is dead,,,ModItemQuestsDef _GroupsAttacked SpecialConversationMessage
101378089958,<em>Father Tooker</em> is dead,,,ModItemQuestsDef _GroupsAttacked SpecialConversationMessage
650520032834,<em>Mollie</em> is dead,,,ModItemQuestsDef _GroupsAttacked SpecialConversationMessage
420411030437,<em>Mollie</em> is dead,,,ModItemQuestsDef _GroupsAttacked SpecialConversationMessage
619753576527,humiliated <em>Boss Blaubert</em>,,,ModItemQuestsDef _GroupsAttacked SpecialConversationMessage
434627353264,<em>Mole</em> is dead,,,ModItemQuestsDef _GroupsAttacked SpecialConversationMessage
602288734358,"the <em>""Ghost""</em> is dead",,,ModItemQuestsDef _GroupsAttacked SpecialConversationMessage
950020693537,the <em>Hermit</em> is dead,,,ModItemQuestsDef _GroupsAttacked SpecialConversationMessage
770518160892,<em>Tim Turtledove</em> is dead,,,ModItemQuestsDef _GroupsAttacked SpecialConversationMessage
872793454470,humiliated <em>Chimurenga</em>,,,ModItemQuestsDef _GroupsAttacked SpecialConversationMessage
532981010128,<em>Chimurenga</em> is dead,,,ModItemQuestsDef _GroupsAttacked SpecialConversationMessage
847307491894,<em>Maman Liliane</em> is dead,,,ModItemQuestsDef _GroupsAttacked SpecialConversationMessage
876290822410,<em>Mr. Fournier</em> is dead,,,ModItemQuestsDef _GroupsAttacked SpecialConversationMessage
397753817926,<em>Mr. Fournier</em> will not deal with the Legion anymore,,,ModItemQuestsDef _GroupsAttacked SpecialConversationMessage
744328407837,<em>Gouverneur Le Pingouin</em> is dead,,,ModItemQuestsDef _GroupsAttacked SpecialConversationMessage
161736624688,the <em>Baronne</em> is dead,,,ModItemQuestsDef _GroupsAttacked SpecialConversationMessage
649229418515,<em>Dirty Henri</em> is dead,,,ModItemQuestsDef _GroupsAttacked SpecialConversationMessage
605973716216,killed <em>Slave Master Graaf</em>,,,ModItemQuestsDef _GroupsAttacked SpecialConversationMessage
387144439693,<em>Flay</em> is dead,,,ModItemQuestsDef _GroupsAttacked SpecialConversationMessage
405729786301,<em>Hyena Gilbert</em> is dead,,,ModItemQuestsDef _GroupsAttacked SpecialConversationMessage
600870771451,<em>King Chicken</em> is dead,,,ModItemQuestsDef _GroupsAttacked SpecialConversationMessage
773312681459,<em>Justine</em> is dead,,,ModItemQuestsDef _GroupsAttacked SpecialConversationMessage
810522715705,<em>Mario</em> is dead,,,ModItemQuestsDef _GroupsAttacked SpecialConversationMessage
391945299823,It's A Trap!,,,ModItemQuestsDef TimedTrap Label
126002992863,Browning .50,,,ModItemInventoryItemCompositeDef Jazz_Browning_MuchineGun DisplayName
861955157003,Browning .50s,,,ModItemInventoryItemCompositeDef Jazz_Browning_MuchineGun DisplayNamePlural
349426689660,"Browning machine gun, caliber 12.7x99. DO NOT FIRE WITHOUT MOUNTING!!!",,,ModItemInventoryItemCompositeDef Jazz_Browning_MuchineGun Description
773306762695,Without the tripod.,,,ModItemInventoryItemCompositeDef Jazz_Browning_MuchineGun AdditionalHint
842567173624,Tripod for the Browning .50 machine gun,,,ModItemInventoryItemCompositeDef Jazz_Browning_Bench DisplayName
204691184640,Tripods for the Browning .50 machine gun,,,ModItemInventoryItemCompositeDef Jazz_Browning_Bench DisplayNamePlural
374492121427,Mount for installing the heavy Browning machine gun,,,ModItemInventoryItemCompositeDef Jazz_Browning_Bench Description
729018809211,"Big, heavy piece of junk",,,ModItemInventoryItemCompositeDef Jazz_Browning_Bench AdditionalHint
732750682366,Boxes of ammo and grenades,,,ModItemInventoryItemCompositeDef JazzQuestItem_AmmoBox DisplayName
914914835655,Boxes of ammo and grenades,,,ModItemInventoryItemCompositeDef JazzQuestItem_AmmoBox DisplayNamePlural
184516975474,"Ammunition that needs to be delivered.",,,ModItemInventoryItemCompositeDef JazzQuestItem_AmmoBox Description
872338951889,Boxes of mines,,,ModItemInventoryItemCompositeDef JazzQuestItem_MinesBox DisplayName
372768478709,Boxes of mines,,,ModItemInventoryItemCompositeDef JazzQuestItem_MinesBox DisplayNamePlural
230383098782,"CAUTION, DO NOT DROP, DO NOT SHAKE!!!",,,ModItemInventoryItemCompositeDef JazzQuestItem_MinesBox Description
131645275533,"Thank you, mercs, and keep it quiet—there's a ton of those assholes across the road. I'm heading back to our camp.",,Rebel_Hostage,ModItemBanterDef RebelHostage Text section:Ernie_Rebels/RebelHostage
471942212687,"Thanks, we'll fight some more yet",,current,ModItemBanterDef InjuredRebel Text section:Ernie_Rebels/InjuredRebel  unit
377216132481,"Fuck, we need to hurry and prepare the lighthouse defenses—the vanguard of those red-and-black faggots is already here!",,Ivan,ModItemBanterDef JazzErnieDoctorAmmoTaken Text section:Ernie_Rebels/JazzErnieDoctorAmmoTaken
529197123653,"The Legion showed up—need to smash them, grab the mines, and get back to the doc. It's gonna be hot!",,any,ModItemBanterDef JazzErnieDoctorAmmoTaken Text section:Ernie_Rebels/JazzErnieDoctorAmmoTaken  merc
338665690197,"So the doctor wasn't lying—looks like they really need that lighthouse. To battle!",,Buns,ModItemBanterDef JazzErnieDoctorAmmoTaken Text section:Ernie_Rebels/JazzErnieDoctorAmmoTaken
512817398034,"Oh, the kamikazes have arrived—do the job, grab the mines, and get the hell back to the doc. Looks like it'll be hot!",,any,ModItemBanterDef JazzErnieDoctorAmmoTaken Text section:Ernie_Rebels/JazzErnieDoctorAmmoTaken  merc
145449857928,Camera,,,
358005945497,"Please, don't tell them! I beg you!",,Herman,ModItemBanterDef Herman_03_Lynch Text section:Banters_Local_Ernie/Herman_03_Lynch (whispering)
690319261962,"Thanks for keeping quiet. Here—this is for saving me. I put some money aside so Martha and I can get out of here as fast as possible. I'm sure you understand.",,Hanging_Herman,ModItemBanterDef Herman_04_PostLynch_Luc Text section:Banters_Local_Ernie/Herman_04_PostLynch_Luc
841055887276,"Well, I learned my lesson! You can't trust marauders. Here—this is for saving me. I put some money aside so Martha and I can get out of here as fast as possible.",,Hanging_Herman,ModItemBanterDef Herman_04_PostLynch_NoOne Text section:Banters_Local_Ernie/Herman_04_PostLynch_NoOne
558745820525,"Thank you for tearing my Herman out of Deedee's filthy claws.",,Martha,ModItemBanterDef Martha_01_Lynch Text section:Banters_Local_Ernie/Martha_01_Lynch
790945781681,"Herman told me how he helped you deal with those militants!

I pretended I believed him.",,Martha,ModItemBanterDef Martha_01_Lynch2 Text section:Banters_Local_Ernie/Martha_01_Lynch2
347177621288,"And I warned him. I said: “Herman! Stay away from that Deedee, she'll ruin you!” And I was right.",,Martha,ModItemBanterDef Martha_02_PostLynch_Herman Text section:Banters_Local_Ernie/Martha_02_PostLynch_Herman
511249329533,"Well, I guess he got what he deserved! I'm taking Herman off this cursed island!",,Martha,ModItemBanterDef Martha_02_PostLynch_Luc Text section:Banters_Local_Ernie/Martha_02_PostLynch_Luc
729791364200,"If anyone's going to drag my Herman to the gallows, it'll be me and only me!",,Martha,ModItemBanterDef Martha_02_PostLynch_NoOne Text section:Banters_Local_Ernie/Martha_02_PostLynch_NoOne
895051116559,I'm afraid to go outside the outskirts. Bandits from the <em>fort</em> can kill you—or do something even worse!,,"CivilianFemale_1",ModItemBanterDef Ernie_VillagerFemale_12 Text section:Banters_Local_Ernie/Ernie_VillagerFemale_12 Fort not taken
144948164886,"Please, take the <em>fort</em> back from the outsiders! I know: they're doing secret experiments there. They want to develop a terrible virus so we all go mad!",,CivilianFemale_1,"ModItemBanterDef Ernie_VillagerFemale_13 Text section:Banters_Local_Ernie/Ernie_VillagerFemale_13 Fort not taken, world flip "
543581619865,That can't be... Or can it?,,MD,ModItemBanterDef Ernie_VillagerFemale_13 Text section:Banters_Local_Ernie/Ernie_VillagerFemale_13
827070197838,"I know: you captured the fort to conduct secret experiments there. You should be ashamed.",,CivilianFemale_1,ModItemBanterDef Ernie_VillagerFemale_14 Text section:Banters_Local_Ernie/Ernie_VillagerFemale_14 Fort taken
270674515672,"They say you can find a lot of scrap metal at the <em>Dump</em>.",,CivilianMale_2,ModItemBanterDef Ernie_VillagerMale_05 Text section:Banters_Local_Ernie/Ernie_VillagerMale_05
630893818309,"Looks like it wouldn't hurt to go there again.",,Vicki,ModItemBanterDef Ernie_VillagerMale_05 Text section:Banters_Local_Ernie/Ernie_VillagerMale_05
786532582794,"Yesterday I was fishing not far from the <em>fort</em>—those bastards started shooting at my boat! I could hear them laughing while I was hauling ass out of there.",,CivilianMale_1,ModItemBanterDef Ernie_VillagerMale_17 Text section:Banters_Local_Ernie/Ernie_VillagerMale_17 Fort not taken
473513140256,Don't worry. There's enough sea for everyone. Speaking from experience.,,Scully,ModItemBanterDef Ernie_VillagerMale_17 Text section:Banters_Local_Ernie/Ernie_VillagerMale_17
125772780842,"You won't let those bandits take the <em>fort</em> again, right? The best fishing spot is right off the shore there!",,CivilianMale_1,ModItemBanterDef Ernie_VillagerMale_18 Text section:Banters_Local_Ernie/Ernie_VillagerMale_18 Fort taken
604838824711,"Is it true they were building a weather-control device there in the <em>fort</em>?",,CivilianMale_2,"ModItemBanterDef Ernie_VillagerMale_19 Text section:Banters_Local_Ernie/Ernie_VillagerMale_19 Fort taken, world flip "
227014618373,"You say that... How did that even occur to you?",,Sidney,ModItemBanterDef Ernie_VillagerMale_19 Text section:Banters_Local_Ernie/Ernie_VillagerMale_19
650594671395,"That's classified. Shoo!",,Ivan,ModItemBanterDef Ernie_VillagerMale_19 Text section:Banters_Local_Ernie/Ernie_VillagerMale_19
347219299427,"We can neither confirm nor deny the information about a secret weather-control installation.",,Shadow,ModItemBanterDef Ernie_VillagerMale_19 Text section:Banters_Local_Ernie/Ernie_VillagerMale_19
205854929753,"Deny it all you want. I know the Masons made you sign an NDA.",,CivilianMale_2,"ModItemBanterDef Ernie_VillagerMale_19 Text section:Banters_Local_Ernie/Ernie_VillagerMale_19 Fort taken, world flip "
163925737506,Time to deal with <em>Santiago</em>. When you decide to storm the fort, Ernie's rangers will help you.,,Pierre,ModItemBanterDef Ernie_Pierre_06 Text section:Banters_Local_Ernie/Ernie_Pierre_06 Fort not taken - NOT USED
728030978950,Finally—the greedy foreigners have been kicked out of my country. Now we have a chance to rebuild it.,,Pierre,ModItemBanterDef Ernie_Pierre_07 Text section:Banters_Local_Ernie/Ernie_Pierre_07 Corazon defeated
966695000937,"So when do we storm the fort? You'll take out the sentries with throwing knives, then wipe out the whole garrison hand-to-hand, right?",,BillyBoy,"ModItemBanterDef Ernie_Billy_07 Text section:Banters_Local_Ernie/Ernie_Billy_07 world flip, Fort not taken "
291022849378,"What? Were you stalking me?",,Blood,ModItemBanterDef Ernie_Billy_07 Text section:Banters_Local_Ernie/Ernie_Billy_07
725201681582,You've watched too many movies... but you're not far from the truth.,,DrQ,ModItemBanterDef Ernie_Billy_07 Text section:Banters_Local_Ernie/Ernie_Billy_07
297696721772,"Yeah. Just don't blab my plan. If you keep your mouth shut, I'll put in a request for you to be commended.",,Igor,ModItemBanterDef Ernie_Billy_07 Text section:Banters_Local_Ernie/Ernie_Billy_07
866930957878,"That was AWESOME! You just burst into the fort and went like: rat-tat-tat! Pew, pew, pew! KA-BOOM!",,BillyBoy,"ModItemBanterDef Ernie_Billy_08 Text section:Banters_Local_Ernie/Ernie_Billy_08 world flip, Fort taken "
339720391638,"I'll ask Basil to build a bazooka shooting range in the fort so you can hold live-fire drills there!",,BillyBoy,"ModItemBanterDef Ernie_Billy_09 Text section:Banters_Local_Ernie/Ernie_Billy_09 world flip, Fort taken "
969050015016,Wish they'd make a movie about you too!,,BillyBoy,ModItemBanterDef Ernie_Billy_10 Text section:Banters_Local_Ernie/Ernie_Billy_10 Fort taken
644585210399,"Already have, my friend, already have!",,Tex,ModItemBanterDef Ernie_Billy_10 Text section:Banters_Local_Ernie/Ernie_Billy_10
830926811202,Not all the filth from <em>Adonis</em> has been driven off the island yet. <em>Corazon</em> moved into the old <em>fort</em> and ordered heavy machinery brought there.,,GreasyBasil,ModItemBanterDef Ernie_Basil_01_approach Text section:Banters_Local_Ernie/Ernie_Basil_01_approach Fort not taken >> hint to Corazon location
674616445270,"Heavy machinery? You mean trucks, bulldozers? Why would she need them, man?",,Vicki,ModItemBanterDef Ernie_Basil_01_approach Text section:Banters_Local_Ernie/Ernie_Basil_01_approach
132730944600,What should we be preparing for?,,Len,ModItemBanterDef Ernie_Basil_01_approach Text section:Banters_Local_Ernie/Ernie_Basil_01_approach
406545461879,"Something tells me she's not setting up a mini-golf course there.",,Raven,ModItemBanterDef Ernie_Basil_01_approach Text section:Banters_Local_Ernie/Ernie_Basil_01_approach
158172305588,"If I remember right, the fort had a bunker, but it flooded a long time ago. Judging by the pump stations on those trucks, she intended to pump the water out of it.",,GreasyBasil,ModItemBanterDef Ernie_Basil_01_approach Text section:Banters_Local_Ernie/Ernie_Basil_01_approach Fort not taken >> hint to Corazon location
185741479535,"As long as those insatiable bastards from <em>Adonis</em> are sitting in <em>Fort L'Eau Bleu</em>, we won't have any peace. It's the Legion story all over again: they take whatever they please from us.",,GreasyBasil,ModItemBanterDef Ernie_Basil_04 Text section:Banters_Local_Ernie/Ernie_Basil_04 Fort not taken
148036076357,"I'm sorry I had a hand in this, Uncle Basil. I can't change the past, but I promise you one thing: we'll throw those Adonis dogs off our island and return the fort to its rightful owners—the people of Ernie.",,PierreMerc,ModItemBanterDef Ernie_Basil_04 Text section:Banters_Local_Ernie/Ernie_Basil_04
715491518638,"I've got big plans for the fort. We'll sell everything military that's left for scrap and set up a port there. Ernie will become a trade hub!",,GreasyBasil,ModItemBanterDef Ernie_Basil_05 Text section:Banters_Local_Ernie/Ernie_Basil_05 Corazon defeated
415122588518,"They say they're recruiting militia at the fort. I think I'll sign up.",,CivilianMale_1,ModItemBanterDef Shared_Conversation_Civilians_19_Ernie Text section:SharedOverheard_Civilians/Shared_Conversation_Civilians_19_Ernie >> +1 Militia at the Fort
794229198616,"As if I'd allow that! Who's going to help around the house then? Want me to show you that chore list again?",,CivilianFemale_1,ModItemBanterDef Shared_Conversation_Civilians_19_Ernie Text section:SharedOverheard_Civilians/Shared_Conversation_Civilians_19_Ernie >> +1 Militia at the Fort
536245616721,"Yeah, right. Go get it, then! I'll... be waiting for you here.",,CivilianMale_1,ModItemBanterDef Shared_Conversation_Civilians_19_Ernie Text section:SharedOverheard_Civilians/Shared_Conversation_Civilians_19_Ernie >> +1 Militia at the Fort
726338464551,+1 militia at <em>Fort L'Eau Bleu</em>,,,ModItemBanterDef Shared_Conversation_Civilians_19_Ernie Text
144579990752,"Why are Bastien and the guys taking so long? And anyway—there was shooting again! The plan was to sneak past the guards and kidnap the bitch.",,LegionBanterActor1,ModItemBanterDef Shared_Conversation_Legion_13_Outlook Text section:SharedOverheard_Custom/Shared_Conversation_Legion_13_Outlook Stealth hint banters
481606210176,"Don't panic. Bet they snuck in, then decided to take them out after all. Or now they're just finishing them off. To be sure.",,LegionBanterActor2,ModItemBanterDef Shared_Conversation_Legion_13_Outlook Text section:SharedOverheard_Custom/Shared_Conversation_Legion_13_Outlook Stealth hint banters
611225710790,What if someone sneaks up on us the same way?,,LegionBanterActor1,ModItemBanterDef Shared_Conversation_Legion_13_Outlook Text section:SharedOverheard_Custom/Shared_Conversation_Legion_13_Outlook Stealth hint banters
107400996028,Like hell. We're too crafty for that.,,LegionBanterActor2,ModItemBanterDef Shared_Conversation_Legion_13_Outlook Text section:SharedOverheard_Custom/Shared_Conversation_Legion_13_Outlook Stealth hint banters
890194602558,"You know why Pierre needs all that old explosive?",,LegionMale_1,ModItemBanterDef Shared_Conversation_Legion_07_Ernie Text section:SharedOverheard_Enemies/Shared_Conversation_Legion_07_Ernie not taken Ernie Fort
901905131603,You want sweet lies or the harsh truth of life?,,LegionMale_2,ModItemBanterDef Shared_Conversation_Legion_07_Ernie Text section:SharedOverheard_Enemies/Shared_Conversation_Legion_07_Ernie not taken Ernie Fort
282692747253,Give me the sweet lie.,,LegionMale_1,ModItemBanterDef Shared_Conversation_Legion_07_Ernie Text section:SharedOverheard_Enemies/Shared_Conversation_Legion_07_Ernie not taken Ernie Fort
972844343963,"Le Major is preparing a large-scale operation in Port Cacao, for which he needs a boat packed with dynamite.",,LegionMale_2,ModItemBanterDef Shared_Conversation_Legion_07_Ernie Text section:SharedOverheard_Enemies/Shared_Conversation_Legion_07_Ernie not taken Ernie Fort
585192376306,"What's sweet about that? Okay—what's the harsh truth of life?",,LegionMale_1,ModItemBanterDef Shared_Conversation_Legion_07_Ernie Text section:SharedOverheard_Enemies/Shared_Conversation_Legion_07_Ernie not taken Ernie Fort
862911189318,"Your mom grew an ass so huge that after her, you have to clear the toilet with dynamite.",,LegionMale_2,ModItemBanterDef Shared_Conversation_Legion_07_Ernie Text section:SharedOverheard_Enemies/Shared_Conversation_Legion_07_Ernie not taken Ernie Fort
202191780131,"Go fuck yourself! The first stick I find is going straight up YOUR ass!",,LegionMale_1,ModItemBanterDef Shared_Conversation_Legion_07_Ernie Text section:SharedOverheard_Enemies/Shared_Conversation_Legion_07_Ernie not taken Ernie Fort
405688224355,There's a bunch of them... They shot <em>Tinhay</em> and grabbed <em>Herman</em>. And I... I decided to run. But there are a whole lot of them in the village! Can you <em>sneak</em> in and shoot them all?,,CivilianMale_1,ModItemBanterDef StealthTutorialNPC_01 Text section:Banters_Local_Ernie_Triggered/StealthTutorialNPC_01
723738359527,Are you commandos? Like in the movies? You came to shoot those <em>Legion</em> bandits?,,CivilianMale_1,ModItemBanterDef StealthTutorialNPC_Approach Text section:Banters_Local_Ernie_Triggered/StealthTutorialNPC_Approach Whisper
897349466377,In sector <em><SectorName('I6')></em> there's an old bunker with big <em>weapon stockpiles</em>,,,ModItemGuardpostObjective Bunker Description
613060088781,Now the weapons and ammo from the bunker won't reach <em>Fort L'Eau Bleu</em>,,,ModItemGuardpostObjective Bunker DescriptionCompleted
318742554473,<em>Deedee</em> from sector <em><SectorName('M7')></em> supplies the Legion with explosives,,,ModItemGuardpostObjective EmeraldCoast Description
766081933537,The Legion is no longer getting explosives from <em>Deedee</em>,,,ModItemGuardpostObjective EmeraldCoast DescriptionCompleted
469611849036,Deal with <em>Bastien</em> and his family,,,ModItemGuardpostObjective Bastien Description
412367823038,<em>Bastien's bandits</em> will no longer help their Legion buddies,,,ModItemGuardpostObjective Bastien DescriptionCompleted
