sep=,
ID,Text,Translation,VoiceActor,Context
209223300101,Этот наемник умеет контролировать отдачу при стрельбе очередями,,,ModItemMercSpecializations Default Autoriflemen rolloverText
130078610010,Этот наемник специализируется на тяжелом вооружении: пулеметах и гранатометах,,,ModItemMercSpecializations Default HeavyWeapons rolloverText
829801097641,Этот наемник - специалист по скрытным убийствам,,,ModItemMercSpecializations Default Stealth rolloverText
401808456650,<name>,,,ModItemXTemplate PDAAIMBrowser Text
777421034260,<image UI/DesktopGamepad/LB.tga> <image UI/DesktopGamepad/RB.tga> - Сменить категорию,,,ModItemXTemplate PDAAIMBrowser Text
237261536512,Банковский счёт,,,ModItemXTemplate PDAAIMBrowser Text
726812970054,<style AimCopyrightTextC>©</style> AIM 2001,,,ModItemXTemplate PDAAIMBrowser Text
420382889990,О нас,,,ModItemXTemplate PDAAIMBrowser Text
552884507052,Условия использования,,,ModItemXTemplate PDAAIMBrowser Text
788352046875,<MercLevel()>,,,ModItemXTemplate PDAAIMBrowser Text
318935724108,Ур.,,,ModItemXTemplate PDAAIMBrowser Text
558054307582,<Name> ,,,ModItemXTemplate PDAAIMBrowser Text
758071092238,<help>,,,ModItemXTemplate PDAAIMBrowser RolloverText
681053906382,<name>,,,ModItemXTemplate PDAAIMBrowser RolloverTitle
333279184506, ,,,ModItemXTemplate PDAAIMBrowser Text
790867349645,Стоимость за неделю,,,ModItemXTemplate PDAAIMBrowser RolloverTitle
128170339491,Черты,,,ModItemXTemplate PDAAIMBrowser Text
300660277345,Снаряжение,,,ModItemXTemplate PDAAIMBrowser Text
869278798157,Рюкзак,,,ModItemXTemplate PDAAIMBrowser Text
904731868566,БИОГРАФИЯ - <Title>,,,ModItemXTemplate PDAAIMBrowser Text
192091984993,Контактная информация,,,ModItemXTemplate PDAAIMBrowser ActionName
576082948278,Уволить,,,ModItemXTemplate PDAAIMBrowser ActionName
455190021291,Смотреть биографию,,,ModItemXTemplate PDAAIMBrowser ActionName
946771500994,Комплект,,,ModItemXTemplate PDAAIMBrowser ActionName
209223300101,Этот наемник умеет контролировать отдачу при стрельбе очередями,,,ModItemMercSpecializations Default Autoriflemen rolloverText
130078610010,Этот наемник специализируется на тяжелом вооружении: пулеметах и гранатометах,,,ModItemMercSpecializations Default HeavyWeapons rolloverText
829801097641,Этот наемник - специалист по скрытным убийствам,,,ModItemMercSpecializations Default Stealth rolloverText
401808456650,<name>,,,ModItemXTemplate PDAAIMBrowser Text
777421034260,<image UI/DesktopGamepad/LB.tga> <image UI/DesktopGamepad/RB.tga> - Сменить категорию,,,ModItemXTemplate PDAAIMBrowser Text
237261536512,Банковский счёт,,,ModItemXTemplate PDAAIMBrowser Text
726812970054,<style AimCopyrightTextC>©</style> AIM 2001,,,ModItemXTemplate PDAAIMBrowser Text
420382889990,О нас,,,ModItemXTemplate PDAAIMBrowser Text
552884507052,Условия использования,,,ModItemXTemplate PDAAIMBrowser Text
788352046875,<MercLevel()>,,,ModItemXTemplate PDAAIMBrowser Text
318935724108,Ур.,,,ModItemXTemplate PDAAIMBrowser Text
558054307582,<Name> ,,,ModItemXTemplate PDAAIMBrowser Text
758071092238,<help>,,,ModItemXTemplate PDAAIMBrowser RolloverText
681053906382,<name>,,,ModItemXTemplate PDAAIMBrowser RolloverTitle
333279184506, ,,,ModItemXTemplate PDAAIMBrowser Text
790867349645,Стоимость за неделю,,,ModItemXTemplate PDAAIMBrowser RolloverTitle
128170339491,Черты,,,ModItemXTemplate PDAAIMBrowser Text
300660277345,Снаряжение,,,ModItemXTemplate PDAAIMBrowser Text
869278798157,Рюкзак,,,ModItemXTemplate PDAAIMBrowser Text
904731868566,БИОГРАФИЯ - <Title>,,,ModItemXTemplate PDAAIMBrowser Text
192091984993,Контактная информация,,,ModItemXTemplate PDAAIMBrowser ActionName
576082948278,Уволить,,,ModItemXTemplate PDAAIMBrowser ActionName
455190021291,Смотреть биографию,,,ModItemXTemplate PDAAIMBrowser ActionName
946771500994,Комплект,,,ModItemXTemplate PDAAIMBrowser ActionName
444264303470,На прицеле,,,ModItemCharacterEffectCompositeDef ShotAt DisplayName
400893418437,Штраф в размере <color EmStyle><ap_loss> к макс. количеству ОД</color> применяется до конца этого хода.,,,ModItemCharacterEffectCompositeDef ShotAt Description
698461557267,<color EmStyle><DisplayName></color> подавлен,,,ModItemCharacterEffectCompositeDef ShotAt AddEffectText
991298867131,Под огнем,,,ModItemCharacterEffectCompositeDef UnderFire DisplayName
852788180130,Штраф в размере <color EmStyle><ap_loss> к макс. количеству ОД</color> применяется до конца этого хода.,,,ModItemCharacterEffectCompositeDef UnderFire Description
303508186809,<color EmStyle><DisplayName></color> подавлен,,,ModItemCharacterEffectCompositeDef UnderFire AddEffectText
649650771879,Под сильным огнем,,,ModItemCharacterEffectCompositeDef UnderHeavyFire DisplayName
693765821374,Штраф в размере <color EmStyle><ap_loss> к макс. количеству ОД</color> применяется до конца этого хода.,,,ModItemCharacterEffectCompositeDef UnderHeavyFire Description
931569415568,<color EmStyle><DisplayName></color> подавлен,,,ModItemCharacterEffectCompositeDef UnderHeavyFire AddEffectText
425117793978,Подавлен,,,ModItemCharacterEffectCompositeDef SuppressedCustom DisplayName
951025347596,Штраф в размере <color EmStyle><ap_loss> к макс. количеству ОД</color> применяется до конца этого хода.,,,ModItemCharacterEffectCompositeDef SuppressedCustom Description
555480686588,<color EmStyle><DisplayName></color> подавлен,,,ModItemCharacterEffectCompositeDef SuppressedCustom AddEffectText
711220011431,Прижат,,,ModItemCharacterEffectCompositeDef PinnedDown DisplayName
488596151427,Штраф в размере <color EmStyle><ap_loss> к макс. количеству ОД</color> применяется до конца этого хода.,,,ModItemCharacterEffectCompositeDef PinnedDown Description
184620159029,<color EmStyle><DisplayName></color> подавлен,,,ModItemCharacterEffectCompositeDef PinnedDown AddEffectText
271999552894,Подавлен,,,ModItemCharacterEffectCompositeDef Suppressed DisplayName
116233255458,Штраф в размер <color EmStyle><ap_loss> к макс. количеству ОД</color> применяется до конца этого хода. Этот боец не может <color EmStyle>Flank</color> врагов.,,,ModItemCharacterEffectCompositeDef Suppressed Description
727606229874,<color EmStyle><DisplayName></color> подавлен,,,ModItemCharacterEffectCompositeDef Suppressed AddEffectText
444264303470,На прицеле,,,ModItemCharacterEffectCompositeDef ShotAt DisplayName
400893418437,Штраф в размере <color EmStyle><ap_loss> к макс. количеству ОД</color> применяется до конца этого хода.,,,ModItemCharacterEffectCompositeDef ShotAt Description
698461557267,<color EmStyle><DisplayName></color> подавлен,,,ModItemCharacterEffectCompositeDef ShotAt AddEffectText
991298867131,Под огнем,,,ModItemCharacterEffectCompositeDef UnderFire DisplayName
852788180130,Штраф в размере <color EmStyle><ap_loss> к макс. количеству ОД</color> применяется до конца этого хода.,,,ModItemCharacterEffectCompositeDef UnderFire Description
303508186809,<color EmStyle><DisplayName></color> подавлен,,,ModItemCharacterEffectCompositeDef UnderFire AddEffectText
649650771879,Под сильным огнем,,,ModItemCharacterEffectCompositeDef UnderHeavyFire DisplayName
693765821374,Штраф в размере <color EmStyle><ap_loss> к макс. количеству ОД</color> применяется до конца этого хода.,,,ModItemCharacterEffectCompositeDef UnderHeavyFire Description
931569415568,<color EmStyle><DisplayName></color> подавлен,,,ModItemCharacterEffectCompositeDef UnderHeavyFire AddEffectText
425117793978,Подавлен,,,ModItemCharacterEffectCompositeDef SuppressedCustom DisplayName
951025347596,Штраф в размере <color EmStyle><ap_loss> к макс. количеству ОД</color> применяется до конца этого хода.,,,ModItemCharacterEffectCompositeDef SuppressedCustom Description
555480686588,<color EmStyle><DisplayName></color> подавлен,,,ModItemCharacterEffectCompositeDef SuppressedCustom AddEffectText
711220011431,Прижат,,,ModItemCharacterEffectCompositeDef PinnedDown DisplayName
488596151427,Штраф в размере <color EmStyle><ap_loss> к макс. количеству ОД</color> применяется до конца этого хода.,,,ModItemCharacterEffectCompositeDef PinnedDown Description
184620159029,<color EmStyle><DisplayName></color> подавлен,,,ModItemCharacterEffectCompositeDef PinnedDown AddEffectText
271999552894,Подавлен,,,ModItemCharacterEffectCompositeDef Suppressed DisplayName
116233255458,Штраф в размер <color EmStyle><ap_loss> к макс. количеству ОД</color> применяется до конца этого хода. Этот боец не может <color EmStyle>Flank</color> врагов.,,,ModItemCharacterEffectCompositeDef Suppressed Description
727606229874,<color EmStyle><DisplayName></color> подавлен,,,ModItemCharacterEffectCompositeDef Suppressed AddEffectText
108712795407,Полуавтоматические винтовки,,,ModItemWeaponType Default DMR Name
681969849755,"ПолуавтоматичеВинтовки обладают хорошей точностью и позволяют точно поражать определенные части тела. Они достаточно дальнобойны, но их скорострельность оставляет желать лучшего.

Особая атака: Мобильный выстрел",,,ModItemWeaponType Default DMR Description
521686673416,9x19 мм,,,ModItemCaliber Default 9mm Name
733723627519,9x18 мм,,,ModItemCaliber Default 9x18 Name
273096947172,9x39 мм,,,ModItemCaliber Default 9x39 Name
504887522660,7.62x25 мм,,,ModItemCaliber Default 762x25 Name
873741110302,0.44,,,ModItemCaliber Default 44CAL Name
451026050452,0.45ACP,,,ModItemCaliber Default 45ACP Name
549519686114,12-й калибр,,,ModItemCaliber Default 12gauge Name
376584921659,"5,56 мм",,,ModItemCaliber Default 556 Name
499096504556,"5,45x39 мм СССР",,,ModItemCaliber Default 545 Name
302279097271,"5,7 мм",,,ModItemCaliber Default 57 Name
625223609232,"7,62 мм НАТО",,,ModItemCaliber Default 3006 Name
326405758440,"7,62x39 мм СССР",,,ModItemCaliber Default 762WP Name
844641585807,"7,62 мм НАТО",,,ModItemCaliber Default 762NATO Name
900054860874,762x54R СССР,,,ModItemCaliber Default 762x54R Name
522661328038,7.92х57мм,,,ModItemCaliber Default 792 Name
915011981096,0.5,,,ModItemCaliber Default 50BMG Name
804773955391,40 мм,,,ModItemCaliber Default 40mmGrenade Name
290527597993,Выстрел,,,ModItemCaliber Default MortarShell Name
198365631561,Гранатометный снаряд,,,ModItemCaliber Default Warhead Name
770963172488,Сигнальная ракета,,,ModItemCaliber Default Flare Name
979753645335,5.7mm,,,ModItemBobbyRayShopSubCategory Ammo 57 DisplayName
877656352088,"5,45x39 мм",,,ModItemBobbyRayShopSubCategory Ammo 545 DisplayName
759258546778,9x19,,,ModItemBobbyRayShopSubCategory Ammo 9mm DisplayName
106295508462,.45ACP,,,ModItemBobbyRayShopSubCategory Ammo 45ACP DisplayName
702568463819,762x25,,,ModItemBobbyRayShopSubCategory Ammo 762x25 DisplayName
982351693896,9x18,,,ModItemBobbyRayShopSubCategory Ammo 9x18 DisplayName
138856083203,9x39 мм,,,ModItemBobbyRayShopSubCategory Ammo 9x39 DisplayName
268513244787,7.62x54R,,,ModItemBobbyRayShopSubCategory Ammo 762x54 DisplayName
678727427209,7.92x57 Mauser,,,ModItemBobbyRayShopSubCategory Ammo 792 DisplayName
231621586764,30-06,,,ModItemBobbyRayShopSubCategory Ammo 3006 DisplayName
507119240029,Сигнальная ракета,,,ModItemInventoryItemCompositeDef FlareAmmo DisplayName
490159972922,Сигнальные ракеты,,,ModItemInventoryItemCompositeDef FlareAmmo DisplayNamePlural
768575610516,Осветительные боеприпасы для ракетницы.,,,ModItemInventoryItemCompositeDef FlareAmmo Description
155872634100,"9х19 мм, FMJ",,,ModItemInventoryItemCompositeDef _9mm_Basic DisplayName
200146472891,"9х19 мм, FMJ",,,ModItemInventoryItemCompositeDef _9mm_Basic DisplayNamePlural
664808395363,Стандартный патрон калибра 9х19мм,,,ModItemInventoryItemCompositeDef _9mm_Basic Description
763610042273,"9х19 мм, JHP",,,ModItemInventoryItemCompositeDef _9mm_HP DisplayName
303057645580,"9х19 мм, JHP",,,ModItemInventoryItemCompositeDef _9mm_HP DisplayNamePlural
183818330311,Экспансивный патрон калибра 9х19мм,,,ModItemInventoryItemCompositeDef _9mm_HP Description
929514636211,"<image UI/Conversation/T_Dialogue_IconBackgroundCircle.tga 400 130 128 120> Нулевая бронебойность
<image UI/Conversation/T_Dialogue_IconBackgroundCircle.tga 400 130 128 120> Повышенный урон
<image UI/Conversation/T_Dialogue_IconBackgroundCircle.tga 400 130 128 120> Повышенный шанс критического попадания
<image UI/Conversation/T_Dialogue_IconBackgroundCircle.tga 400 130 128 120> Вызывает <color EmStyle>кровотечение</color>",,,ModItemInventoryItemCompositeDef _9mm_HP AdditionalHint
224704103793,"9х19 мм, Match",,,ModItemInventoryItemCompositeDef _9mm_Match DisplayName
735981363075,"9х19 мм, Match",,,ModItemInventoryItemCompositeDef _9mm_Match DisplayNamePlural
249476015900,Матчевый патрон калибра 9х19мм,,,ModItemInventoryItemCompositeDef _9mm_Match Description
715440518588,"<image UI/Conversation/T_Dialogue_IconBackgroundCircle.tga 400 130 128 120> Увеличенная эффективность прицеливания
<image UI/Conversation/T_Dialogue_IconBackgroundCircle.tga 400 130 128 120> Повышенный шанс критического попадания
<image UI/Conversation/T_Dialogue_IconBackgroundCircle.tga 400 130 128 120> Увеличенная дальность стрельбы без штрафов",,,ModItemInventoryItemCompositeDef _9mm_Match AdditionalHint
805781479075,"9х19 мм, ББ",,,ModItemInventoryItemCompositeDef _9mm_AP DisplayName
563390764188,"9х19 мм, ББ",,,ModItemInventoryItemCompositeDef _9mm_AP DisplayNamePlural
312209838224,Бронебойный патрон калибра 9х19мм,,,ModItemInventoryItemCompositeDef _9mm_AP Description
593244172450,<image UI/Conversation/T_Dialogue_IconBackgroundCircle.tga 400 130 128 120> Обеспечивает уверенное поражение целей обладающих 2-м классом брони,,,ModItemInventoryItemCompositeDef _9mm_AP AdditionalHint
665655429600,9mm ShockОТКЛЮЧЕНО,,,ModItemInventoryItemCompositeDef _9mm_Shock DisplayName
603590156557,9mm ShockОТКЛЮЧЕНО,,,ModItemInventoryItemCompositeDef _9mm_Shock DisplayNamePlural
433618780831,"Шоковый боеприпас для пистолетов, револьверов и пистолетов-пулеметов калибра 9 мм.",,,ModItemInventoryItemCompositeDef _9mm_Shock Description
394253813445,"<image UI/Conversation/T_Dialogue_IconBackgroundCircle.tga 400 130 128 120> Сниженная дальнобойность
<image UI/Conversation/T_Dialogue_IconBackgroundCircle.tga 400 130 128 120> Нулевая бронебойность
<image UI/Conversation/T_Dialogue_IconBackgroundCircle.tga 400 130 128 120> Высокий шанс критического попадания
<image UI/Conversation/T_Dialogue_IconBackgroundCircle.tga 400 130 128 120> Пораженные цели получают статус «<color EmStyle>Вне укрытия</color>» и лишаются его преимуществ
<image UI/Conversation/T_Dialogue_IconBackgroundCircle.tga 400 130 128 120> Вызывает <color EmStyle>кровотечение</color>",,,ModItemInventoryItemCompositeDef _9mm_Shock AdditionalHint
105025393783,9mmSubsonicОТКЛЮЧЕНО,,,ModItemInventoryItemCompositeDef _9mm_Subsonic DisplayName
831450437418,9mmSubsonicОТКЛЮЧЕНО,,,ModItemInventoryItemCompositeDef _9mm_Subsonic DisplayNamePlural
800606538570,"Дозвуковой боеприпас для пистолетов, револьверов и пистолетов-пулеметов калибра 9 мм.",,,ModItemInventoryItemCompositeDef _9mm_Subsonic Description
913119410589,<image UI/Conversation/T_Dialogue_IconBackgroundCircle.tga 400 130 128 120> Издает меньше шума,,,ModItemInventoryItemCompositeDef _9mm_Subsonic AdditionalHint
118149072487,9mmTracerОТКЛЮЧЕНО,,,ModItemInventoryItemCompositeDef _9mm_Tracer DisplayName
701005662106,9mmTracerОТКЛЮЧЕНО,,,ModItemInventoryItemCompositeDef _9mm_Tracer DisplayNamePlural
884535632070,"Трассирующий боеприпас для пистолетов, револьверов и пистолетов-пулеметов калибра 9 мм.",,,ModItemInventoryItemCompositeDef _9mm_Tracer Description
482768932177,<image UI/Conversation/T_Dialogue_IconBackgroundCircle.tga 400 130 128 120> Пораженные цели получают статус «<color EmStyle>Вне укрытия</color>» и лишаются его преимуществ,,,ModItemInventoryItemCompositeDef _9mm_Tracer AdditionalHint
877153292694,"9x18мм, обычный",,,ModItemInventoryItemCompositeDef _918_Basic DisplayName
541689435313,"9x18мм, обычный",,,ModItemInventoryItemCompositeDef _918_Basic DisplayNamePlural
607120342533,"Боеприпас для пистолетов, револьверов и пистолетов-пулеметов калибра 9x18 мм.",,,ModItemInventoryItemCompositeDef _918_Basic Description
733304726737,".45ACP, FMJ",,,ModItemInventoryItemCompositeDef _45ACP_Basic DisplayName
608699825581,".45ACP, FMJ",,,ModItemInventoryItemCompositeDef _45ACP_Basic DisplayNamePlural
822719760376,Стандартный патрон калибра .45ACP,,,ModItemInventoryItemCompositeDef _45ACP_Basic Description
479870631215,".45ACP, JHP",,,ModItemInventoryItemCompositeDef _45ACP_HP DisplayName
878954550032,".45ACP, JHP",,,ModItemInventoryItemCompositeDef _45ACP_HP DisplayNamePlural
352706557534,Экспансивный патрон калибра .45ACP,,,ModItemInventoryItemCompositeDef _45ACP_HP Description
999764809590,"<image UI/Conversation/T_Dialogue_IconBackgroundCircle.tga 400 130 128 120> Нулевая бронебойность
<image UI/Conversation/T_Dialogue_IconBackgroundCircle.tga 400 130 128 120> Повышенный урон
<image UI/Conversation/T_Dialogue_IconBackgroundCircle.tga 400 130 128 120> Повышенный шанс критического попадания
<image UI/Conversation/T_Dialogue_IconBackgroundCircle.tga 400 130 128 120> Вызывает <color EmStyle>кровотечение</color>",,,ModItemInventoryItemCompositeDef _45ACP_HP AdditionalHint
619928295522,".45ACP, +P",,,ModItemInventoryItemCompositeDef _45ACP_P DisplayName
464820890926,".45ACP, +P",,,ModItemInventoryItemCompositeDef _45ACP_P DisplayNamePlural
314526000820,Усиленный патрон калибра .45ACP,,,ModItemInventoryItemCompositeDef _45ACP_P Description
670483575831,"<image UI/Conversation/T_Dialogue_IconBackgroundCircle.tga 400 130 128 120> Обеспечивает уверенное поражение целей обладающих 2-м классом брони
<image UI/Conversation/T_Dialogue_IconBackgroundCircle.tga 400 130 128 120> Усиленный патрон: Увеличенная дальность, отдача и износ оружия. Уменьшенный урон",,,ModItemInventoryItemCompositeDef _45ACP_P AdditionalHint
794184973391,"7.62x25, обычный",,,ModItemInventoryItemCompositeDef _762x25_Basic DisplayName
841366033571,"7.62x25, обычные",,,ModItemInventoryItemCompositeDef _762x25_Basic DisplayNamePlural
459672509002,"Боеприпас для пистолетов, револьверов и пистолетов-пулеметов калибра 7.62x25, ",,,ModItemInventoryItemCompositeDef _762x25_Basic Description
986078573099,".44, FMJ",,,ModItemInventoryItemCompositeDef _44CAL_Basic DisplayName
438934360265,".44, FMJ",,,ModItemInventoryItemCompositeDef _44CAL_Basic DisplayNamePlural
282514533111,Стандартный патрон для револьверов и винтовок калибра .44.,,,ModItemInventoryItemCompositeDef _44CAL_Basic Description
652664598617,<image UI/Conversation/T_Dialogue_IconBackgroundCircle.tga 400 130 128 120> Обеспечивает уверенное поражение целей обладающих 2-м классом брони,,,ModItemInventoryItemCompositeDef _44CAL_Basic AdditionalHint
813456505074,".44, Match",,,ModItemInventoryItemCompositeDef _44CAL_Match DisplayName
406044112039,".44, Match",,,ModItemInventoryItemCompositeDef _44CAL_Match DisplayNamePlural
712038093744,Матчевый патрон для револьверов и винтовок калибра .44.,,,ModItemInventoryItemCompositeDef _44CAL_Match Description
641798236671,"<image UI/Conversation/T_Dialogue_IconBackgroundCircle.tga 400 130 128 120> Обеспечивает уверенное поражение целей обладающих 2-м классом брони
<image UI/Conversation/T_Dialogue_IconBackgroundCircle.tga 400 130 128 120> Увеличенная эффективность прицеливания
<image UI/Conversation/T_Dialogue_IconBackgroundCircle.tga 400 130 128 120> Повышенный шанс критического попадания
<image UI/Conversation/T_Dialogue_IconBackgroundCircle.tga 400 130 128 120> Увеличенная дальность стрельбы без штрафов",,,ModItemInventoryItemCompositeDef _44CAL_Match AdditionalHint
386906702993,".44, JHP",,,ModItemInventoryItemCompositeDef _44CAL_HP DisplayName
271725882008,".44, JHP",,,ModItemInventoryItemCompositeDef _44CAL_HP DisplayNamePlural
563503814864,Экспансивный патрон для револьверов и винтовок калибра .44.,,,ModItemInventoryItemCompositeDef _44CAL_HP Description
109832597800,"<image UI/Conversation/T_Dialogue_IconBackgroundCircle.tga 400 130 128 120> Нулевая бронебойность
<image UI/Conversation/T_Dialogue_IconBackgroundCircle.tga 400 130 128 120> Повышенный урон
<image UI/Conversation/T_Dialogue_IconBackgroundCircle.tga 400 130 128 120> Повышенный шанс критического попадания
<image UI/Conversation/T_Dialogue_IconBackgroundCircle.tga 400 130 128 120> Вызывает <color EmStyle>кровотечение</color>",,,ModItemInventoryItemCompositeDef _44CAL_HP AdditionalHint
680253987934,".44, ШОК Отключено",,,ModItemInventoryItemCompositeDef _44CAL_Shock DisplayName
997064544685,".44, ШОК Отключено",,,ModItemInventoryItemCompositeDef _44CAL_Shock DisplayNamePlural
168881952959,Шоковый боеприпас для револьверов и винтовок калибра .44.,,,ModItemInventoryItemCompositeDef _44CAL_Shock Description
310180733643,"<image UI/Conversation/T_Dialogue_IconBackgroundCircle.tga 400 130 128 120> Сниженная дальнобойность
<image UI/Conversation/T_Dialogue_IconBackgroundCircle.tga 400 130 128 120> Высокий шанс критического попадания
<image UI/Conversation/T_Dialogue_IconBackgroundCircle.tga 400 130 128 120> Пораженные цели получают статус «<color EmStyle>Вне укрытия</color>» и лишаются его преимуществ
<image UI/Conversation/T_Dialogue_IconBackgroundCircle.tga 400 130 128 120> Вызывает <color EmStyle>кровотечение</color>",,,ModItemInventoryItemCompositeDef _44CAL_Shock AdditionalHint
494915492927,".44, ББ Отключено",,,ModItemInventoryItemCompositeDef _44CAL_AP DisplayName
683375813129,".44, ББ Отключено",,,ModItemInventoryItemCompositeDef _44CAL_AP DisplayNamePlural
485161603324,Бронебойный боеприпас для револьверов и винтовок калибра .44.,,,ModItemInventoryItemCompositeDef _44CAL_AP Description
317102684237,<image UI/Conversation/T_Dialogue_IconBackgroundCircle.tga 400 130 128 120> Повышенная бронебойность,,,ModItemInventoryItemCompositeDef _44CAL_AP AdditionalHint
769490446713,"5,7 мм, S109",,,ModItemInventoryItemCompositeDef _57_Basic DisplayName
461328612330,"5,7 мм, S109",,,ModItemInventoryItemCompositeDef _57_Basic DisplayNamePlural
455226696012,Боеприпас калибра 5.7мм,,,ModItemInventoryItemCompositeDef _57_Basic Description
462600136685,<image UI/Conversation/T_Dialogue_IconBackgroundCircle.tga 400 130 128 120> Обеспечивает уверенное поражение целей обладающих 3-м классом брони,,,ModItemInventoryItemCompositeDef _57_Basic AdditionalHint
428167345331,"5,56 мм, Mk262",,,ModItemInventoryItemCompositeDef _556_HP DisplayName
993763616115,"5,56 мм, Mk262",,,ModItemInventoryItemCompositeDef _556_HP DisplayNamePlural
831559140442,Специальный боеприпас калибра 5.56x45мм. Разработан для сил специального назначения,,,ModItemInventoryItemCompositeDef _556_HP Description
300678450458,"<image UI/Conversation/T_Dialogue_IconBackgroundCircle.tga 400 130 128 120> Обеспечивает уверенное поражение целей обладающих 3-м классом брони
<image UI/Conversation/T_Dialogue_IconBackgroundCircle.tga 400 130 128 120> Высокий шанс критического попадания
<image UI/Conversation/T_Dialogue_IconBackgroundCircle.tga 400 130 128 120> Повышенный урон
<image UI/Conversation/T_Dialogue_IconBackgroundCircle.tga 400 130 128 120> Увеличенная эффективность прицеливания",,,ModItemInventoryItemCompositeDef _556_HP AdditionalHint
521657786118,"5,56мм, FMJ",,,ModItemInventoryItemCompositeDef _556_Basic DisplayName
922434593104,"5,56 мм, FMJ",,,ModItemInventoryItemCompositeDef _556_Basic DisplayNamePlural
516467409546,Стандартный боеприпас калибра 5.56x45мм.,,,ModItemInventoryItemCompositeDef _556_Basic Description
900039644950,"<image UI/Conversation/T_Dialogue_IconBackgroundCircle.tga 400 130 128 120> Обеспечивает уверенное поражение целей обладающих 2-м классом брони
<image UI/Conversation/T_Dialogue_IconBackgroundCircle.tga 400 130 128 120> Патроны плохого качества: cниженный урон и повышенный износ",,,ModItemInventoryItemCompositeDef _556_Basic AdditionalHint
450127293951,"5,56 мм, M855",,,ModItemInventoryItemCompositeDef _556_AP DisplayName
370030902532,"5,56 мм, M855",,,ModItemInventoryItemCompositeDef _556_AP DisplayNamePlural
122603978185,Современный армейский патрон калибра 5.56x45мм.,,,ModItemInventoryItemCompositeDef _556_AP Description
218649529396,<image UI/Conversation/T_Dialogue_IconBackgroundCircle.tga 400 130 128 120> Обеспечивает уверенное поражение целей обладающих 3-м классом брони,,,ModItemInventoryItemCompositeDef _556_AP AdditionalHint
430149542801,"5,56 мм, M856",,,ModItemInventoryItemCompositeDef _556_Tracer DisplayName
832045553139,"5,56 мм, M856",,,ModItemInventoryItemCompositeDef _556_Tracer DisplayNamePlural
287118277595,Современный армейский трассирующий патрон калибра 5.56x45мм.,,,ModItemInventoryItemCompositeDef _556_Tracer Description
143224420435,"<image UI/Conversation/T_Dialogue_IconBackgroundCircle.tga 400 130 128 120> Обеспечивает уверенное поражение целей обладающих 3-м классом брони
<image UI/Conversation/T_Dialogue_IconBackgroundCircle.tga 400 130 128 120> Пораженные цели получают статус «<color EmStyle>Вне укрытия</color>» и лишаются его преимуществ",,,ModItemInventoryItemCompositeDef _556_Tracer AdditionalHint
423858801688,556Match ОТКЛЮЧЕНО,,,ModItemInventoryItemCompositeDef _556_Match DisplayName
103794602392,556Match ОТКЛЮЧЕНО,,,ModItemInventoryItemCompositeDef _556_Match DisplayNamePlural
296983460977,"Матчевый боеприпас для автоматов, пистолетов-пулеметов и пулеметов калибра 5,56 мм.",,,ModItemInventoryItemCompositeDef _556_Match Description
474193716211,<image UI/Conversation/T_Dialogue_IconBackgroundCircle.tga 400 130 128 120> Увеличенная эффективность прицеливания,,,ModItemInventoryItemCompositeDef _556_Match AdditionalHint
957507093667,"5,45 мм, HP",,,ModItemInventoryItemCompositeDef _545_HP DisplayName
831411040533,"5,45 мм, HP",,,ModItemInventoryItemCompositeDef _545_HP DisplayNamePlural
825451116843,Гражданский спортивно-охотничий патрон калибра 5.45x39мм.,,,ModItemInventoryItemCompositeDef _545_HP Description
329939658631,"<image UI/Conversation/T_Dialogue_IconBackgroundCircle.tga 400 130 128 120> Высокий шанс критического попадания
<image UI/Conversation/T_Dialogue_IconBackgroundCircle.tga 400 130 128 120> Повышенный урон
<image UI/Conversation/T_Dialogue_IconBackgroundCircle.tga 400 130 128 120> Уменьшенное пробитие",,,ModItemInventoryItemCompositeDef _545_HP AdditionalHint
836959671187,"5,45 мм, ПС",,,ModItemInventoryItemCompositeDef _545_Basic DisplayName
913957229499,"5,45 мм, ПС",,,ModItemInventoryItemCompositeDef _545_Basic DisplayNamePlural
418477272049,Стандартный российский армейский патрон 7Н6 калибра 5.45x39мм,,,ModItemInventoryItemCompositeDef _545_Basic Description
846154551222,<image UI/Conversation/T_Dialogue_IconBackgroundCircle.tga 400 130 128 120> Обеспечивает уверенное поражение целей обладающих 2-м классом брони,,,ModItemInventoryItemCompositeDef _545_Basic AdditionalHint
717645494691,"5,45 мм, ПП",,,ModItemInventoryItemCompositeDef _545_EPR DisplayName
977539365840,"5,45 мм, ПП",,,ModItemInventoryItemCompositeDef _545_EPR DisplayNamePlural
282394850695,Российский патрон 7Н10 повышенной пробиваемости калибра 5.45x39мм,,,ModItemInventoryItemCompositeDef _545_EPR Description
285965282311,<image UI/Conversation/T_Dialogue_IconBackgroundCircle.tga 400 130 128 120> Обеспечивает уверенное поражение целей обладающих 3-м классом брони,,,ModItemInventoryItemCompositeDef _545_EPR AdditionalHint
345241058659,"5,45 мм, БП",,,ModItemInventoryItemCompositeDef _545_AP DisplayName
619741289653,"5,45 мм, БП",,,ModItemInventoryItemCompositeDef _545_AP DisplayNamePlural
336552552838,Бронебойный армейский патрон калибра 7Н22 5.45x39мм,,,ModItemInventoryItemCompositeDef _545_AP Description
269063197532,<image UI/Conversation/T_Dialogue_IconBackgroundCircle.tga 400 130 128 120> Обеспечивает уверенное поражение целей обладающих 4-м классом брони,,,ModItemInventoryItemCompositeDef _545_AP AdditionalHint
478000726200,"5,45 мм, Т",,,ModItemInventoryItemCompositeDef _545_Tracer DisplayName
305146989428,"5,45 мм, Т",,,ModItemInventoryItemCompositeDef _545_Tracer DisplayNamePlural
627636911766,Трассирующий армейский патрон 7Т3 калибра 5.45x39мм,,,ModItemInventoryItemCompositeDef _545_Tracer Description
444068350100,"<image UI/Conversation/T_Dialogue_IconBackgroundCircle.tga 400 130 128 120> Обеспечивает уверенное поражение целей обладающих 2-м классом брони
<image UI/Conversation/T_Dialogue_IconBackgroundCircle.tga 400 130 128 120> Пораженные цели получают статус «<color EmStyle>Вне укрытия</color>» и лишаются его преимуществ",,,ModItemInventoryItemCompositeDef _545_Tracer AdditionalHint
555452893940,"7,62х39мм, FMJ",,,ModItemInventoryItemCompositeDef _762WP_HP DisplayName
531849994448,"7,62х39мм, FMJ",,,ModItemInventoryItemCompositeDef _762WP_HP DisplayNamePlural
787229384577,Китайский патрон калибра 7.62х39. Уступает советским аналогам,,,ModItemInventoryItemCompositeDef _762WP_HP Description
524371242891,"<image UI/Conversation/T_Dialogue_IconBackgroundCircle.tga 400 130 128 120> Обеспечивает уверенное поражение целей обладающих 2-м классом брони
<image UI/Conversation/T_Dialogue_IconBackgroundCircle.tga 400 130 128 120> Патроны низкого качества: пониженный урон, уменьшенная дальность, уменьшенная точность, увеличенный износ",,,ModItemInventoryItemCompositeDef _762WP_HP AdditionalHint
482507083153,"7,62х39мм, ПС",,,ModItemInventoryItemCompositeDef _762WP_Basic DisplayName
694276805775,"7,62х39мм, ПС",,,ModItemInventoryItemCompositeDef _762WP_Basic DisplayNamePlural
460054557649,Стандартный советский армейский патрон ПС калибра 7.62х39мм,,,ModItemInventoryItemCompositeDef _762WP_Basic Description
575979703047,<image UI/Conversation/T_Dialogue_IconBackgroundCircle.tga 400 130 128 120> Обеспечивает уверенное поражение целей обладающих 3-м классом брони,,,ModItemInventoryItemCompositeDef _762WP_Basic AdditionalHint
960457268605,"7,62х39мм, УС",,,ModItemInventoryItemCompositeDef _762WP_Subsonic DisplayName
883438814681,"7,62х39мм, УС",,,ModItemInventoryItemCompositeDef _762WP_Subsonic DisplayNamePlural
447224116416,Специальный советский дозвуковой патрон УС калибра 7.62х39мм,,,ModItemInventoryItemCompositeDef _762WP_Subsonic Description
531280537445,"<image UI/Conversation/T_Dialogue_IconBackgroundCircle.tga 400 130 128 120> Обеспечивает уверенное поражение целей обладающих 2-м классом брони
<image UI/Conversation/T_Dialogue_IconBackgroundCircle.tga 400 130 128 120> Дозвуковые: пониженный урон, уменьшенная дальность, уменьшенная точность, уменьшенная громкость выстрела, увеличенная надежность",,,ModItemInventoryItemCompositeDef _762WP_Subsonic AdditionalHint
887434933160,"7,62 мм СССР, Отключено",,,ModItemInventoryItemCompositeDef _762WP_AP DisplayName
796511988614,"7,62 мм СССР, Отключено",,,ModItemInventoryItemCompositeDef _762WP_AP DisplayNamePlural
133342947780,"Бронебойный боеприпас советского образца для автоматов, пистолетов-пулеметов, пулеметов и винтовок калибра 7,62 мм.",,,ModItemInventoryItemCompositeDef _762WP_AP Description
751091803409,<image UI/Conversation/T_Dialogue_IconBackgroundCircle.tga 400 130 128 120> Повышенная бронебойность,,,ModItemInventoryItemCompositeDef _762WP_AP AdditionalHint
625949756955,"7,62 мм СССР, МТЧ",,,ModItemInventoryItemCompositeDef _762WP_Match DisplayName
336121533939,"7,62 мм СССР, МТЧ",,,ModItemInventoryItemCompositeDef _762WP_Match DisplayNamePlural
785679569194,"Матчевый боеприпас советского образца для автоматов, пистолетов-пулеметов, пулеметов и винтовок калибра 7,62 мм.",,,ModItemInventoryItemCompositeDef _762WP_Match Description
898718449071,<image UI/Conversation/T_Dialogue_IconBackgroundCircle.tga 400 130 128 120> Увеличенная эффективность прицеливания,,,ModItemInventoryItemCompositeDef _762WP_Match AdditionalHint
139893034451,"7,62 мм СССР, ТРАС",,,ModItemInventoryItemCompositeDef _762WP_Tracer DisplayName
289428391386,"7,62 мм СССР, ТРАС",,,ModItemInventoryItemCompositeDef _762WP_Tracer DisplayNamePlural
556363505821,Трасирующий советский армейский патрон Т-45 калибра 7.62х39мм,,,ModItemInventoryItemCompositeDef _762WP_Tracer Description
995995614395,"<image UI/Conversation/T_Dialogue_IconBackgroundCircle.tga 400 130 128 120> Обеспечивает уверенное поражение целей обладающих 3-м классом брони
<image UI/Conversation/T_Dialogue_IconBackgroundCircle.tga 400 130 128 120> Пораженные цели получают статус «<color EmStyle>Вне укрытия</color>» и лишаются его преимуществ",,,ModItemInventoryItemCompositeDef _762WP_Tracer AdditionalHint
313120096584,"7,62x54R мм ЛПС",,,ModItemInventoryItemCompositeDef _762x54_Basic DisplayName
395380984997,"7,62x54R мм ЛПС",,,ModItemInventoryItemCompositeDef _762x54_Basic DisplayNamePlural
599616253578,Советский винтовочный боеприпас калибра 7.62х54мм с пулей ЛПС,,,ModItemInventoryItemCompositeDef _762x54_Basic Description
658141456035,<image UI/Conversation/T_Dialogue_IconBackgroundCircle.tga 400 130 128 120> Обеспечивает уверенное поражение целей обладающих 3-м классом брони,,,ModItemInventoryItemCompositeDef _762x54_Basic AdditionalHint
539738700641,"7,62x54R мм СНБ",,,ModItemInventoryItemCompositeDef _762x54_Match DisplayName
410094947141,"7,62x54R мм СНБ",,,ModItemInventoryItemCompositeDef _762x54_Match DisplayNamePlural
259556646047,Специальный российский винтовочный снайперский боеприпас калибра 7.62х54мм с пулей СНБ,,,ModItemInventoryItemCompositeDef _762x54_Match Description
883273837188,"<image UI/Conversation/T_Dialogue_IconBackgroundCircle.tga 400 130 128 120> Обеспечивает уверенное поражение целей обладающих 5-м классом брони
<image UI/Conversation/T_Dialogue_IconBackgroundCircle.tga 400 130 128 120> Увеличенная эффективность прицеливания и дальность
<image UI/Conversation/T_Dialogue_IconBackgroundCircle.tga 400 130 128 120> Повышенный шанс критического попадания",,,ModItemInventoryItemCompositeDef _762x54_Match AdditionalHint
857143105421,"7,62x54R мм Т",,,ModItemInventoryItemCompositeDef _762x54_Tracer DisplayName
523241198137,"7,62x54R мм Т",,,ModItemInventoryItemCompositeDef _762x54_Tracer DisplayNamePlural
387412790198,Советский трассирующий винтовочный боеприпас калибра 7.62х54мм с пулей T46,,,ModItemInventoryItemCompositeDef _762x54_Tracer Description
949023879941,"<image UI/Conversation/T_Dialogue_IconBackgroundCircle.tga 400 130 128 120> Обеспечивает уверенное поражение целей обладающих 3-м классом брони
<image UI/Conversation/T_Dialogue_IconBackgroundCircle.tga 400 130 128 120> Пораженные цели получают статус «<color EmStyle>Вне укрытия</color>» и лишаются его преимуществ",,,ModItemInventoryItemCompositeDef _762x54_Tracer AdditionalHint
315299062496,"7,62x54R мм БЗТ",,,ModItemInventoryItemCompositeDef _762x54_AP DisplayName
838345788218,"7,62x54R мм БЗТ",,,ModItemInventoryItemCompositeDef _762x54_AP DisplayNamePlural
809102094413,Советский винтовочный бронебойно-зажитательный трассирующий боеприпас калибра 7.62х54мм с пулей 57-БЗТ-322,,,ModItemInventoryItemCompositeDef _762x54_AP Description
130730200018,"<image UI/Conversation/T_Dialogue_IconBackgroundCircle.tga 400 130 128 120> Обеспечивает уверенное поражение целей обладающих 4-м классом брони
<image UI/Conversation/T_Dialogue_IconBackgroundCircle.tga 400 130 128 120> Увеличенный износ оружия и урон. Уменьшенная точность
<image UI/Conversation/T_Dialogue_IconBackgroundCircle.tga 400 130 128 120> Пораженные цели получают статус «<color EmStyle>Вне укрытия</color>» и лишаются его преимуществ
<image UI/Conversation/T_Dialogue_IconBackgroundCircle.tga 400 130 128 120> Вызывает <color EmStyle>горение</color>",,,ModItemInventoryItemCompositeDef _762x54_AP AdditionalHint
142678921979,"7,92х57 мм, обычный",,,ModItemInventoryItemCompositeDef _792_Basic DisplayName
388299664713,"7,92х57 мм, обычные",,,ModItemInventoryItemCompositeDef _792_Basic DisplayNamePlural
671074136760,Немецкий боеприпас калибра 7.92х57мм Маузер,,,ModItemInventoryItemCompositeDef _792_Basic Description
393046322666,<image UI/Conversation/T_Dialogue_IconBackgroundCircle.tga 400 130 128 120> Обеспечивает уверенное поражение целей обладающих 3-м классом брони,,,ModItemInventoryItemCompositeDef _792_Basic AdditionalHint
427139952503,"9x39 мм, обычный",,,ModItemInventoryItemCompositeDef _939_Basic DisplayName
357805284191,"9x39 мм, обычные",,,ModItemInventoryItemCompositeDef _939_Basic DisplayNamePlural
158761558075,Советский специальный боеприпас СП5 калибра 9х39мм,,,ModItemInventoryItemCompositeDef _939_Basic Description
808315334171,<image UI/Conversation/T_Dialogue_IconBackgroundCircle.tga 400 130 128 120> Обеспечивает уверенное поражение целей обладающих 2-м классом брони,,,ModItemInventoryItemCompositeDef _939_Basic AdditionalHint
575488630652,"9x39 мм, бронебойные",,,ModItemInventoryItemCompositeDef _939_AP DisplayName
506847465833,"9x39 мм, бронебойные",,,ModItemInventoryItemCompositeDef _939_AP DisplayNamePlural
763975515656,Советский специальный бронебойный боеприпас СП6 калибра 9х39мм,,,ModItemInventoryItemCompositeDef _939_AP Description
352617881750,<image UI/Conversation/T_Dialogue_IconBackgroundCircle.tga 400 130 128 120> Обеспечивает уверенное поражение целей обладающих 4-м классом брони,,,ModItemInventoryItemCompositeDef _939_AP AdditionalHint
348137113672,Патрон 30-06,,,ModItemInventoryItemCompositeDef _3006 DisplayName
358250028848,Патроны 30-06,,,ModItemInventoryItemCompositeDef _3006 DisplayNamePlural
770160889482,Стандартный патрон калибра 30-06,,,ModItemInventoryItemCompositeDef _3006 Description
940681894119,<image UI/Conversation/T_Dialogue_IconBackgroundCircle.tga 400 130 128 120> Обеспечивает уверенное поражение целей обладающих 3-м классом брони,,,ModItemInventoryItemCompositeDef _3006 AdditionalHint
199382030206,"7.62х51мм НАТО, FMJ",,,ModItemInventoryItemCompositeDef _762NATO_HP DisplayName
205488519823,"7.62х51мм НАТО, FMJ",,,ModItemInventoryItemCompositeDef _762NATO_HP DisplayNamePlural
705695884064,Африканский патрон калибра 7.62х51мм НАТО,,,ModItemInventoryItemCompositeDef _762NATO_HP Description
684966502167,"<image UI/Conversation/T_Dialogue_IconBackgroundCircle.tga 400 130 128 120> Обеспечивает уверенное поражение целей обладающих 2-м классом брони
<image UI/Conversation/T_Dialogue_IconBackgroundCircle.tga 400 130 128 120> Патроны низкого качества: пониженный урон, увеличенный износ",,,ModItemInventoryItemCompositeDef _762NATO_HP AdditionalHint
875886953498,"7.62х51мм НАТО, M80",,,ModItemInventoryItemCompositeDef _762NATO_Basic DisplayName
939456393241,"7.62х51мм НАТО, M80",,,ModItemInventoryItemCompositeDef _762NATO_Basic DisplayNamePlural
495070126378,Стандартный армейский патрон М80 калибра 7.62х51мм НАТО,,,ModItemInventoryItemCompositeDef _762NATO_Basic Description
943114733606,<image UI/Conversation/T_Dialogue_IconBackgroundCircle.tga 400 130 128 120> Обеспечивает уверенное поражение целей обладающих 3-м классом брони,,,ModItemInventoryItemCompositeDef _762NATO_Basic AdditionalHint
690749006398,"7.62х51мм НАТО, M61",,,ModItemInventoryItemCompositeDef _762NATO_AP DisplayName
555991124239,"7.62х51мм НАТО, M61",,,ModItemInventoryItemCompositeDef _762NATO_AP DisplayNamePlural
221681449875,Бронебойный армейский патрон М61 калибра 7.62х51мм НАТО,,,ModItemInventoryItemCompositeDef _762NATO_AP Description
153736697309,"<image UI/Conversation/T_Dialogue_IconBackgroundCircle.tga 400 130 128 120> Повышенная бронебойность
<image UI/Conversation/T_Dialogue_IconBackgroundCircle.tga 400 130 128 120> Обеспечивает уверенное поражение целей обладающих 4-м классом брони",,,ModItemInventoryItemCompositeDef _762NATO_AP AdditionalHint
588563982504,"7.62х51мм НАТО, M118LR",,,ModItemInventoryItemCompositeDef _762NATO_Match DisplayName
838108995185,"7.62х51мм НАТО, M118LR",,,ModItemInventoryItemCompositeDef _762NATO_Match DisplayNamePlural
670430776584,Специальный снайперский армейский патрон M118LR калибра 7.62х51мм НАТО,,,ModItemInventoryItemCompositeDef _762NATO_Match Description
623496021870,"<image UI/Conversation/T_Dialogue_IconBackgroundCircle.tga 400 130 128 120> Увеличенная эффективность прицеливания
<image UI/Conversation/T_Dialogue_IconBackgroundCircle.tga 400 130 128 120> Обеспечивает уверенное поражение целей обладающих 3-м классом брони",,,ModItemInventoryItemCompositeDef _762NATO_Match AdditionalHint
284947749252,"7.62х51мм НАТО, M62",,,ModItemInventoryItemCompositeDef _762NATO_Tracer DisplayName
732490511593,"7.62х51мм НАТО, M62",,,ModItemInventoryItemCompositeDef _762NATO_Tracer DisplayNamePlural
702147601028,"Трассирующий боеприпас натовского образца для автоматов, винтовок и пулеметов калибра 7,62 мм.",,,ModItemInventoryItemCompositeDef _762NATO_Tracer Description
145282480899,"<image UI/Conversation/T_Dialogue_IconBackgroundCircle.tga 400 130 128 120> Пораженные цели получают статус «<color EmStyle>Вне укрытия</color>» и лишаются его преимуществ
<image UI/Conversation/T_Dialogue_IconBackgroundCircle.tga 400 130 128 120> Обеспечивает уверенное поражение целей обладающих 3-м классом брони",,,ModItemInventoryItemCompositeDef _762NATO_Tracer AdditionalHint
109648300932,"12-й калибр, дробь",,,ModItemInventoryItemCompositeDef _12gauge_Buckshot DisplayName
606609221485,"12-й калибр, дробь",,,ModItemInventoryItemCompositeDef _12gauge_Buckshot DisplayNamePlural
731254624336,Дробь 12-го калибра.,,,ModItemInventoryItemCompositeDef _12gauge_Buckshot Description
895967397978,<image UI/Conversation/T_Dialogue_IconBackgroundCircle.tga 400 130 128 120> 20 частиц. Вызывают <color EmStyle>кровотечение</color>,,,ModItemInventoryItemCompositeDef _12gauge_Buckshot AdditionalHint
560935301832,"12-й калибр, Картечь",,,ModItemInventoryItemCompositeDef _12gauge_Breacher DisplayName
566188616046,"12-й калибр, Картечь",,,ModItemInventoryItemCompositeDef _12gauge_Breacher DisplayNamePlural
706956915920,Картечь 12-го калибра.,,,ModItemInventoryItemCompositeDef _12gauge_Breacher Description
657097578048,<image UI/Conversation/T_Dialogue_IconBackgroundCircle.tga 400 130 128 120> 9 частиц. Повышенный урон,,,ModItemInventoryItemCompositeDef _12gauge_Breacher AdditionalHint
315707821635,"12-й калибр, Пуля",,,ModItemInventoryItemCompositeDef _12gauge_Flechette DisplayName
938740672732,"12-й калибр, Пуля",,,ModItemInventoryItemCompositeDef _12gauge_Flechette DisplayNamePlural
851169092364,Пуля 12-го калибра.,,,ModItemInventoryItemCompositeDef _12gauge_Flechette Description
546412888353,"<image UI/Conversation/T_Dialogue_IconBackgroundCircle.tga 400 130 128 120> 1 пуля.
<image UI/Conversation/T_Dialogue_IconBackgroundCircle.tga 400 130 128 120> Обеспечивает уверенное поражение целей обладающих 2-м классом брони
<image UI/Conversation/T_Dialogue_IconBackgroundCircle.tga 400 130 128 120> Увеличенная дальность и урон",,,ModItemInventoryItemCompositeDef _12gauge_Flechette AdditionalHint
330832471173,"12-й калибр, ББ Пуля",,,ModItemInventoryItemCompositeDef _12gauge_APSlug DisplayName
204192870734,"12-й калибр, ББ Пуля",,,ModItemInventoryItemCompositeDef _12gauge_APSlug DisplayNamePlural
134633354852,Бронебойная пуля 12-го калибра.,,,ModItemInventoryItemCompositeDef _12gauge_APSlug Description
980766638607,"<image UI/Conversation/T_Dialogue_IconBackgroundCircle.tga 400 130 128 120> 1 пуля.
<image UI/Conversation/T_Dialogue_IconBackgroundCircle.tga 400 130 128 120> Обеспечивает уверенное поражение целей обладающих 3-м классом брони
<image UI/Conversation/T_Dialogue_IconBackgroundCircle.tga 400 130 128 120> Увеличенная дальность и урон, но меньше чем у обычной пули",,,ModItemInventoryItemCompositeDef _12gauge_APSlug AdditionalHint
153120657154,"12-й калибр, соль",,,ModItemInventoryItemCompositeDef _12gauge_Saltshot DisplayName
764933984640,"12-й калибр, соль",,,ModItemInventoryItemCompositeDef _12gauge_Saltshot DisplayNamePlural
860076968364,Боеприпас с солью 12-го калибра.,,,ModItemInventoryItemCompositeDef _12gauge_Saltshot Description
314503982891,"<image UI/Conversation/T_Dialogue_IconBackgroundCircle.tga 400 130 128 120> очень низкий урон
<image UI/Conversation/T_Dialogue_IconBackgroundCircle.tga 400 130 128 120> Сниженная дальнобойность
<image UI/Conversation/T_Dialogue_IconBackgroundCircle.tga 400 130 128 120> Увеличенный сектор атаки
<image UI/Conversation/T_Dialogue_IconBackgroundCircle.tga 400 130 128 120> Вызывает у цели <color EmStyle>случайные травмы</color>",,,ModItemInventoryItemCompositeDef _12gauge_Saltshot AdditionalHint
841778917436,".50, обычный",,,ModItemInventoryItemCompositeDef _50BMG_Basic DisplayName
249606093332,".50, обычные",,,ModItemInventoryItemCompositeDef _50BMG_Basic DisplayNamePlural
340279003647,"Боеприпас для пулеметов, снайперских винтовок, пистолетов и револьверов калибра .50.",,,ModItemInventoryItemCompositeDef _50BMG_Basic Description
800799622459,".50, РАЗР",,,ModItemInventoryItemCompositeDef _50BMG_HE DisplayName
104386935270,".50, РАЗР",,,ModItemInventoryItemCompositeDef _50BMG_HE DisplayNamePlural
517539381268,"Разрывной боеприпас для пулеметов, снайперских винтовок, пистолетов и револьверов калибра .50.",,,ModItemInventoryItemCompositeDef _50BMG_HE Description
462228344432,"<image UI/Conversation/T_Dialogue_IconBackgroundCircle.tga 400 130 128 120> Нулевая бронебойность
<image UI/Conversation/T_Dialogue_IconBackgroundCircle.tga 400 130 128 120> Высокий шанс критического попадания",,,ModItemInventoryItemCompositeDef _50BMG_HE AdditionalHint
421667699269,".50, ЗЖ",,,ModItemInventoryItemCompositeDef _50BMG_Incendiary DisplayName
789478188217,".50, ЗЖ",,,ModItemInventoryItemCompositeDef _50BMG_Incendiary DisplayNamePlural
377744477204,"Зажигательный боеприпас для пулеметов, снайперских винтовок, пистолетов и револьверов калибра .50.",,,ModItemInventoryItemCompositeDef _50BMG_Incendiary Description
410551558608,"<image UI/Conversation/T_Dialogue_IconBackgroundCircle.tga 400 130 128 120> Пораженные цели получают статус «<color EmStyle>Вне укрытия</color>» и лишаются его преимуществ
<image UI/Conversation/T_Dialogue_IconBackgroundCircle.tga 400 130 128 120> Вызывает <color EmStyle>горение</color>",,,ModItemInventoryItemCompositeDef _50BMG_Incendiary AdditionalHint
454044555282,".50, ПК",,,ModItemInventoryItemCompositeDef _50BMG_SLAP DisplayName
320607144310,".50, ПК",,,ModItemInventoryItemCompositeDef _50BMG_SLAP DisplayNamePlural
321880832685,"Подкалиберный боеприпас для пулеметов, снайперских винтовок, пистолетов и револьверов калибра .50.",,,ModItemInventoryItemCompositeDef _50BMG_SLAP Description
518655436457,"<image UI/Conversation/T_Dialogue_IconBackgroundCircle.tga 400 130 128 120> Повышенная бронебойность
<image UI/Conversation/T_Dialogue_IconBackgroundCircle.tga 400 130 128 120> Немного повышенный шанс критического попадания",,,ModItemInventoryItemCompositeDef _50BMG_SLAP AdditionalHint
701046079207,Газ. выстрел миномета,,,ModItemInventoryItemCompositeDef MortarShell_Gas DisplayName
123972291693,Газ. выстрелы миномета,,,ModItemInventoryItemCompositeDef MortarShell_Gas DisplayNamePlural
435386900543,Газовый боеприпас для минометов.,,,ModItemInventoryItemCompositeDef MortarShell_Gas Description
903874969214,"<image UI/Conversation/T_Dialogue_IconBackgroundCircle.tga 400 130 128 120> Вызывает <color EmStyle>удушье</color>
<image UI/Conversation/T_Dialogue_IconBackgroundCircle.tga 400 130 128 120> Выстрелы, совершенные сквозь облака газа, дают лишь незначительные попадания
<image UI/Conversation/T_Dialogue_IconBackgroundCircle.tga 400 130 128 120> Почти бесшумно",,,ModItemInventoryItemCompositeDef MortarShell_Gas AdditionalHint
920085089817,Выстрел для миномета,,,ModItemInventoryItemCompositeDef MortarShell_HE DisplayName
789713556348,Выстрелы для миномета,,,ModItemInventoryItemCompositeDef MortarShell_HE DisplayNamePlural
989014864361,Стандартный боеприпас для минометов.,,,ModItemInventoryItemCompositeDef MortarShell_HE Description
288918653440,Дым. выстрел миномета,,,ModItemInventoryItemCompositeDef MortarShell_Smoke DisplayName
613424738533,Дым. выстрелы миномета,,,ModItemInventoryItemCompositeDef MortarShell_Smoke DisplayNamePlural
995604003031,Дымовой боеприпас для минометов.,,,ModItemInventoryItemCompositeDef MortarShell_Smoke Description
342478680224,"<image UI/Conversation/T_Dialogue_IconBackgroundCircle.tga 400 130 128 120> Выстрелы, совершенные сквозь облака газа, дают лишь <color EmStyle>незначительные попадания</color>
<image UI/Conversation/T_Dialogue_IconBackgroundCircle.tga 400 130 128 120> Не наносит урона
<image UI/Conversation/T_Dialogue_IconBackgroundCircle.tga 400 130 128 120> Почти бесшумно",,,ModItemInventoryItemCompositeDef MortarShell_Smoke AdditionalHint
305898295272,О/ф гранатом. снаряд,,,ModItemInventoryItemCompositeDef Warhead_Frag DisplayName
136783041813,О/ф гранатом. снаряды,,,ModItemInventoryItemCompositeDef Warhead_Frag DisplayNamePlural
680964406093,Осколочно-фугасный боеприпас для реактивных гранатометов.,,,ModItemInventoryItemCompositeDef Warhead_Frag Description
666834431891,"<image UI/Conversation/T_Dialogue_IconBackgroundCircle.tga 400 130 128 120> В центре взрыва вызывает эффект «Горение»
<image UI/Conversation/T_Dialogue_IconBackgroundCircle.tga 400 130 128 120> В радиусе взрыва вызывает эффект ""Подавление""",,,ModItemInventoryItemCompositeDef Warhead_Frag AdditionalHint
252170027590,40-мм с/ш граната,,,ModItemInventoryItemCompositeDef _40mmFlashbangGrenade DisplayName
503001107735,40-мм с/ш гранаты,,,ModItemInventoryItemCompositeDef _40mmFlashbangGrenade DisplayNamePlural
591485719079,Светошумовой боеприпас для гранатометов калибра 40 мм.,,,ModItemInventoryItemCompositeDef _40mmFlashbangGrenade Description
296113255093,"<image UI/Conversation/T_Dialogue_IconBackgroundCircle.tga 400 130 128 120> В эпицентре взрыва снижает уровень энергии целей (один раз за бой)
<image UI/Conversation/T_Dialogue_IconBackgroundCircle.tga 400 130 128 120> <color EmStyle>Подавляет</color> цели
<image UI/Conversation/T_Dialogue_IconBackgroundCircle.tga 400 130 128 120> Издает меньше шума",,,ModItemInventoryItemCompositeDef _40mmFlashbangGrenade AdditionalHint
134190199403,40-мм о/ф граната,,,ModItemInventoryItemCompositeDef _40mmFragGrenade DisplayName
837553598383,40-мм о/ф гранаты,,,ModItemInventoryItemCompositeDef _40mmFragGrenade DisplayNamePlural
162107736656,Осколочно-фугасный боеприпас для гранатометов калибра 40 мм.,,,ModItemInventoryItemCompositeDef _40mmFragGrenade Description
729039836221,<image UI/Conversation/T_Dialogue_IconBackgroundCircle.tga 400 130 128 120> В центре взрыва вызывает у целей <color EmStyle>кровотечение</color>,,,ModItemInventoryItemCompositeDef _40mmFragGrenade AdditionalHint
344905687776,Ракетница,,,ModItemInventoryItemCompositeDef FlareHandgun DisplayName
631592446607,Ракетницы,,,ModItemInventoryItemCompositeDef FlareHandgun DisplayNamePlural
241987901372,"Казнозарядный однозарядный пистолет, которым можно освещать территорию.",,,ModItemInventoryItemCompositeDef FlareHandgun Description
311577126814,"<image UI/Conversation/T_Dialogue_IconBackgroundCircle.tga 400 130 128 120> Освещает большую территорию
<image UI/Conversation/T_Dialogue_IconBackgroundCircle.tga 400 130 128 120> Увеличенная дальность действия
<image UI/Conversation/T_Dialogue_IconBackgroundCircle.tga 400 130 128 120> Бесшумное",,,ModItemInventoryItemCompositeDef FlareHandgun AdditionalHint
704834094751,Люгер,,,ModItemInventoryItemCompositeDef Luger DisplayName
719960765889,Люгер,,,ModItemInventoryItemCompositeDef Luger DisplayNamePlural
572064744120,"""Пионер"" от мира  полуавтоматических пистолетов, кроме собственно распространения полуавтоматических пистолетов, послуживший принятию на вооружение патрона 9мм Люгер/Парабеллум. Para bellum! Всегда Para bellum!
",,,ModItemInventoryItemCompositeDef Luger Description
783134416438,"<image UI/Conversation/T_Dialogue_IconBackgroundCircle.tga 400 130 128 120> Все еще стреляет
<image UI/Conversation/T_Dialogue_IconBackgroundCircle.tga 400 130 128 120> Высокая степень износа",,,ModItemInventoryItemCompositeDef Luger AdditionalHint
320173593066,P-210,,,ModItemInventoryItemCompositeDef P210 DisplayName
291420794714,P-210,,,ModItemInventoryItemCompositeDef P210 DisplayNamePlural
963721256610,"Самый дорогой военный пистолет в мире, самый точный военный пистолет в мире, самый надежный военный пистолет в мире. Нельзя сказать, что самый редкий военный пистолет в мире, но стремится к этому.",,,ModItemInventoryItemCompositeDef P210 Description
976735915893,<image UI/Conversation/T_Dialogue_IconBackgroundCircle.tga 400 130 128 120> Очень точный,,,ModItemInventoryItemCompositeDef P210 AdditionalHint
472938144513,Пистолет Макарова,,,ModItemInventoryItemCompositeDef Makarov DisplayName
803043991672,Пистолеты Макарова,,,ModItemInventoryItemCompositeDef Makarov DisplayNamePlural
659328508756,"Самый известный советский и российский пистолет. В современных реалиях его принято ругать, но чаще всего это делают те, кто стреляет разве что в монстров с экрана монитора.",,,ModItemInventoryItemCompositeDef Makarov Description
785449724773,"<image UI/Conversation/T_Dialogue_IconBackgroundCircle.tga 400 130 128 120> Уменьшенные затраты ОД на выстрел
<image UI/Conversation/T_Dialogue_IconBackgroundCircle.tga 400 130 128 120> Низкая дальность
<image UI/Conversation/T_Dialogue_IconBackgroundCircle.tga 400 130 128 120> Высокая надежность",,,ModItemInventoryItemCompositeDef Makarov AdditionalHint
510119854079,Пистолет ТТ,,,ModItemInventoryItemCompositeDef TT33 DisplayName
728100128183,Пистолеты ТТ,,,ModItemInventoryItemCompositeDef TT33 DisplayNamePlural
726149375733,"Пистолет ""Тульский-Токарева"" представляет собой очередную вариацию схемы Браунинга на избитую советскую тему ""у нас есть куча патронов на складах, нужно оружие для них"".",,,ModItemInventoryItemCompositeDef TT33 Description
571439313102,"<image UI/Conversation/T_Dialogue_IconBackgroundCircle.tga 400 130 128 120> Высокая дальность
<image UI/Conversation/T_Dialogue_IconBackgroundCircle.tga 400 130 128 120>Низкая точность
<image UI/Conversation/T_Dialogue_IconBackgroundCircle.tga 400 130 128 120> Шумное
<image UI/Conversation/T_Dialogue_IconBackgroundCircle.tga 400 130 128 120> Повышенная бронебойность",,,ModItemInventoryItemCompositeDef TT33 AdditionalHint
927282311721,Hi-Power,,,ModItemInventoryItemCompositeDef HiPower DisplayName
122137713178,Hi-Power,,,ModItemInventoryItemCompositeDef HiPower DisplayNamePlural
915279079403,"Если 1911 - это прадедушка всех пистолетов в мире, то Хай-Пауэр - это их двоюродный дедушка. Считается одним из самых безопасных пистолетов в мире из-за  наличия одинарного УСМ, которое исключает выстрел без предварительного взвода курка.",,,ModItemInventoryItemCompositeDef HiPower Description
505635634084,"<image UI/Conversation/T_Dialogue_IconBackgroundCircle.tga 400 130 128 120> Надежность
 ",,,ModItemInventoryItemCompositeDef HiPower AdditionalHint
863043384355,Colt M1911,,,ModItemInventoryItemCompositeDef Colt1911 DisplayName
381984809233,Colt M1911,,,ModItemInventoryItemCompositeDef Colt1911 DisplayNamePlural
206207782261,"Дедушка недавно отметил 100-летний юбилей, но уходить куда-то вовсе не собирается, пока, дословно ""не изобретут эти ваши лазеры-шмазеры и световые мечи"".",,,ModItemInventoryItemCompositeDef Colt1911 Description
315430552037,"<image UI/Conversation/T_Dialogue_IconBackgroundCircle.tga 400 130 128 120> Высокий урон
<image UI/Conversation/T_Dialogue_IconBackgroundCircle.tga 400 130 128 120> Низкая дальность
<image UI/Conversation/T_Dialogue_IconBackgroundCircle.tga 400 130 128 120> Низкая точность
<image UI/Conversation/T_Dialogue_IconBackgroundCircle.tga 400 130 128 120> Высокий шанс критического попадания
<image UI/Conversation/T_Dialogue_IconBackgroundCircle.tga 400 130 128 120> Повышенная надежность
",,,ModItemInventoryItemCompositeDef Colt1911 AdditionalHint
411305012012,Peacemaker,,,ModItemInventoryItemCompositeDef ColtPeacemaker DisplayName
445220783823,Peacemaker,,,ModItemInventoryItemCompositeDef ColtPeacemaker DisplayNamePlural
804677695220,"Старый, заслуженный револьвер одинарного действия, разработанный для армии США. Главное, носите c пустой каморой под курком, если не хотите лишиться ноги.",,,ModItemInventoryItemCompositeDef ColtPeacemaker Description
114077101009,"<image UI/Conversation/T_Dialogue_IconBackgroundCircle.tga 400 130 128 120> Высокий урон
<image UI/Conversation/T_Dialogue_IconBackgroundCircle.tga 400 130 128 120> Высокая дальность
<image UI/Conversation/T_Dialogue_IconBackgroundCircle.tga 400 130 128 120> Повышенная износоустойчивость
<image UI/Conversation/T_Dialogue_IconBackgroundCircle.tga 400 130 128 120> Больше ОД на выстрел
<image UI/Conversation/T_Dialogue_IconBackgroundCircle.tga 400 130 128 120> Повышенный шанс критического попадания
<image UI/Conversation/T_Dialogue_IconBackgroundCircle.tga 400 130 128 120> Издает много шума",,,ModItemInventoryItemCompositeDef ColtPeacemaker AdditionalHint
677175678570,Beretta 92F,,,ModItemInventoryItemCompositeDef Bereta92 DisplayName
378100936052,Beretta 92F,,,ModItemInventoryItemCompositeDef Bereta92 DisplayNamePlural
564195486051,"Личное оружие, заменившее легендарный «Кольт» М1911. Выдержать сравнение с ним, конечно, было нелегко, но итальянец справился.",,,ModItemInventoryItemCompositeDef Bereta92 Description
623805935751,"<image UI/Conversation/T_Dialogue_IconBackgroundCircle.tga 400 130 128 120> Высокая точность
<image UI/Conversation/T_Dialogue_IconBackgroundCircle.tga 400 130 128 120> Издаёт меньше шума
<image UI/Conversation/T_Dialogue_IconBackgroundCircle.tga 400 130 128 120> Возможность модификаций",,,ModItemInventoryItemCompositeDef Bereta92 AdditionalHint
547142671119,CZ75,,,ModItemInventoryItemCompositeDef CZ75 DisplayName
553074570440,CZ75,,,ModItemInventoryItemCompositeDef CZ75 DisplayNamePlural
150199524789,"Спортивный, боевой, полицейский, гражданский пистолет из Чехии. Практически, победитель оружейного ""Евровидения"", но первое место принадлежит тому, кого нельзя называть. Иначе придется его купить.",,,ModItemInventoryItemCompositeDef CZ75 Description
875428474979,"<image UI/Conversation/T_Dialogue_IconBackgroundCircle.tga 400 130 128 120> Высокая точность
<image UI/Conversation/T_Dialogue_IconBackgroundCircle.tga 400 130 128 120> Увеличенная надежность",,,ModItemInventoryItemCompositeDef CZ75 AdditionalHint
409584918894,P-220,,,ModItemInventoryItemCompositeDef P220 DisplayName
752923196329,P-220,,,ModItemInventoryItemCompositeDef P220 DisplayNamePlural
327801915077,"Если вам требуется хороший пистолет, первым в очереди из претендентов всегда будет стоять пистолет из Швейцарии. Там принято делать простое и надежное оружие. Конечно, там еще принято делать простое и надежное дорогое оружие, но для себя не жаль никаких денег.",,,ModItemInventoryItemCompositeDef P220 Description
150993121809,"<image UI/Conversation/T_Dialogue_IconBackgroundCircle.tga 400 130 128 120> Высокий урон
<image UI/Conversation/T_Dialogue_IconBackgroundCircle.tga 400 130 128 120> Низкая дальность
<image UI/Conversation/T_Dialogue_IconBackgroundCircle.tga 400 130 128 120> Высокий шанс критического попадания
<image UI/Conversation/T_Dialogue_IconBackgroundCircle.tga 400 130 128 120> Повышенная надежность
<image UI/Conversation/T_Dialogue_IconBackgroundCircle.tga 400 130 128 120>
Возможность модификаций",,,ModItemInventoryItemCompositeDef P220 AdditionalHint
693156635485,Anaconda,,,ModItemInventoryItemCompositeDef ColtAnaconda DisplayName
562209051476,Anaconda,,,ModItemInventoryItemCompositeDef ColtAnaconda DisplayNamePlural
172482275676,Самовзводный револьвер с откидным барабаном. Обеспечивает высокую надежность и убойную силу с каждым выстрелом.,,,ModItemInventoryItemCompositeDef ColtAnaconda Description
773436991899,"<image UI/Conversation/T_Dialogue_IconBackgroundCircle.tga 400 130 128 120> Огромный урон
<image UI/Conversation/T_Dialogue_IconBackgroundCircle.tga 400 130 128 120> Высокая дальность
<image UI/Conversation/T_Dialogue_IconBackgroundCircle.tga 400 130 128 120> Повышенная износоустойчивость
<image UI/Conversation/T_Dialogue_IconBackgroundCircle.tga 400 130 128 120> Больше ОД на выстрел
<image UI/Conversation/T_Dialogue_IconBackgroundCircle.tga 400 130 128 120> Повышенный шанс критического попадания
<image UI/Conversation/T_Dialogue_IconBackgroundCircle.tga 400 130 128 120> Издает много шума",,,ModItemInventoryItemCompositeDef ColtAnaconda AdditionalHint
515886328950,"MP-446 ""Викинг""",,,ModItemInventoryItemCompositeDef MP446VIKING DisplayName
989276624426,"MP-446 ""Викинг""",,,ModItemInventoryItemCompositeDef MP446VIKING DisplayNamePlural
454858898004,"Гражданская и спортивная версия российского армейского пистолета Ярыгина. Само по себе словосочетание ""гражданский пистолет в России"" выглядит насмешкой над предполагаемыми пользователями оружия, но на экспорт-то продавать его никто не запрещает.",,,ModItemInventoryItemCompositeDef MP446VIKING Description
960079046417,"<image UI/Conversation/T_Dialogue_IconBackgroundCircle.tga 400 130 128 120> Высокая точность
<image UI/Conversation/T_Dialogue_IconBackgroundCircle.tga 400 130 128 120> Высокая надежность
<image UI/Conversation/T_Dialogue_IconBackgroundCircle.tga 400 130 128 120> Возможность модификаций",,,ModItemInventoryItemCompositeDef MP446VIKING AdditionalHint
417318901044,USP45 Tactical,,,ModItemInventoryItemCompositeDef USP45 DisplayName
666350790597,USP45 Tactical,,,ModItemInventoryItemCompositeDef USP45 DisplayNamePlural
329319380258,"Пистолет с грубыми формами, но с тонкой душевной организацией. Одних только вариантов УСМ, в зависимости от места службы, может быть более дюжины. Прочен, как будто сделан из адамантия.",,,ModItemInventoryItemCompositeDef USP45 Description
968429927407,"<image UI/Conversation/T_Dialogue_IconBackgroundCircle.tga 400 130 128 120> Высокий урон
<image UI/Conversation/T_Dialogue_IconBackgroundCircle.tga 400 130 128 120> Высокая точность
<image UI/Conversation/T_Dialogue_IconBackgroundCircle.tga 400 130 128 120> Высокий шанс критического попадания
<image UI/Conversation/T_Dialogue_IconBackgroundCircle.tga 400 130 128 120> Повышенная надежность
<image UI/Conversation/T_Dialogue_IconBackgroundCircle.tga 400 130 128 120>
Возможность модификаций",,,ModItemInventoryItemCompositeDef USP45 AdditionalHint
549717730517,Пистолет Стечкина,,,ModItemInventoryItemCompositeDef APS DisplayName
410813394383,Пистолеты Стечкина,,,ModItemInventoryItemCompositeDef APS DisplayNamePlural
543086616381,"Маленькая ручная гаубица. Большой и серьезный советский пистолет, для офицеров, экипажей техники, артиллеристов и прочих, кому пистолета мало, а автомат не положен.",,,ModItemInventoryItemCompositeDef APS Description
897110959641,"<image UI/Conversation/T_Dialogue_IconBackgroundCircle.tga 400 130 128 120>Издает меньше шума
<image UI/Conversation/T_Dialogue_IconBackgroundCircle.tga 400 130 128 120>
Низкий урон
<image UI/Conversation/T_Dialogue_IconBackgroundCircle.tga 400 130 128 120> Особый режим стрельбы: короткая очередь",,,ModItemInventoryItemCompositeDef APS AdditionalHint
142770727621,P-226,,,ModItemInventoryItemCompositeDef P226 DisplayName
427897655498,P-226,,,ModItemInventoryItemCompositeDef P226 DisplayNamePlural
115371789254,"Простой, точный и надежный, как швейцарские часы, парень очень хотел стать новым пистолетом для американской армии. Конкурс он проиграл, но не расстроился и занял оружейные почти всех остальных силовых структур Европы и США.",,,ModItemInventoryItemCompositeDef P226 Description
971988288008,"<image UI/Conversation/T_Dialogue_IconBackgroundCircle.tga 400 130 128 120> Высокая точность
<image UI/Conversation/T_Dialogue_IconBackgroundCircle.tga 400 130 128 120> Возможность модификаций",,,ModItemInventoryItemCompositeDef P226 AdditionalHint
120153069878,Desert Eagle,,,ModItemInventoryItemCompositeDef DesertEagle DisplayName
165368759897,Desert Eagle,,,ModItemInventoryItemCompositeDef DesertEagle DisplayNamePlural
563760976125,"Все знают про Desert Eagle калибра .50, но ствол калибра .44 делает эту «ручную пушку» чуть более практичной и доступной.",,,ModItemInventoryItemCompositeDef DesertEagle Description
444673154869,"<image UI/Conversation/T_Dialogue_IconBackgroundCircle.tga 400 130 128 120> Огромный урон
<image UI/Conversation/T_Dialogue_IconBackgroundCircle.tga 400 130 128 120> Очень шумное",,,ModItemInventoryItemCompositeDef DesertEagle AdditionalHint
210211612688,Glock 18,,,ModItemInventoryItemCompositeDef Glock18 DisplayName
862510322879,Glock 18,,,ModItemInventoryItemCompositeDef Glock18 DisplayNamePlural
634361704985,Glock 17 с переключателем в режим безудержного веселья и встроенным компенсатором. Автоматическая игрушка под патрон 9x19мм!,,,ModItemInventoryItemCompositeDef Glock18 Description
664492877766,<image UI/Conversation/T_Dialogue_IconBackgroundCircle.tga 400 130 128 120> Особый режим стрельбы: короткая очередь,,,ModItemInventoryItemCompositeDef Glock18 AdditionalHint
559232803436,Именной револьвер,,,ModItemInventoryItemCompositeDef TexRevolver DisplayName
510396898173,Именные револьверы,,,ModItemInventoryItemCompositeDef TexRevolver DisplayNamePlural
663001995652,"Изготовленный на заказ револьвер с удлинённым стволом, рукояткой из слоновой кости и гравировкой золотыми буквами: «ТЕКС».",,,ModItemInventoryItemCompositeDef TexRevolver Description
974174516689,"<image UI/Conversation/T_Dialogue_IconBackgroundCircle.tga 400 130 128 120> Высокий шанс критического попадания
<image UI/Conversation/T_Dialogue_IconBackgroundCircle.tga 400 130 128 120> Увеличенная эффективность прицеливания
<image UI/Conversation/T_Dialogue_IconBackgroundCircle.tga 400 130 128 120> Повышенная износоустойчивость",,,ModItemInventoryItemCompositeDef TexRevolver AdditionalHint
617756641922,РШ-12,,,ModItemInventoryItemCompositeDef HighCalRev DisplayName
706260049893,РШ-12,,,ModItemInventoryItemCompositeDef HighCalRev DisplayNamePlural
556068509129,"РШ-12 (револьвер штурмовой калибра 12 мм) - слонобой из Тулы, под патрон ШАК-12. По идее, нужен для того, чтоб с гарантией останавливать террористов в любых возможных средствах защиты при попадании в любую часть тела. Даже в палец на ноге.",,,ModItemInventoryItemCompositeDef HighCalRev Description
860962613242,"<image UI/Conversation/T_Dialogue_IconBackgroundCircle.tga 400 130 128 120> Огромный урон
<image UI/Conversation/T_Dialogue_IconBackgroundCircle.tga 400 130 128 120> Повышенная бронебойность
<image UI/Conversation/T_Dialogue_IconBackgroundCircle.tga 400 130 128 120> Повышенная износоустойчивость",,,ModItemInventoryItemCompositeDef HighCalRev AdditionalHint
193299812125,ОТКЛЮЧЕНО,,,ModItemInventoryItemCompositeDef M4Commando DisplayName
828429373198,ОТКЛЮЧЕНО,,,ModItemInventoryItemCompositeDef M4Commando DisplayNamePlural
939555928344,"Вопрос: как можно сделать короткоствольную М16 оружием, а не карикатурой? Ответ: снизить дульную скорость пули и раздуть до неприличия дульное пламя.",,,ModItemInventoryItemCompositeDef M4Commando Description
205844701500,"<image UI/Conversation/T_Dialogue_IconBackgroundCircle.tga 400 130 128 120> Высокий шанс критического попадания
<image UI/Conversation/T_Dialogue_IconBackgroundCircle.tga 400 130 128 120> Увеличенная эффективность прицеливания",,,ModItemInventoryItemCompositeDef M4Commando AdditionalHint
321635945358,ОТКЛЮЧЕНО,,,ModItemInventoryItemCompositeDef MP5 DisplayName
657029377157,ОТКЛЮЧЕНО,,,ModItemInventoryItemCompositeDef MP5 DisplayNamePlural
495034108842,"Пистолет-пулемет, которым пользуются контртеррористические подразделения и спецотряды полиции по всему миру. С момента выхода в серию в 60-х годах MP5 успел повидать многое, но широкая доступность бронежилетов и пистолетный 9-мм патрон постепенно снизили его популярность.",,,ModItemInventoryItemCompositeDef MP5 Description
149925825321,"<image UI/Conversation/T_Dialogue_IconBackgroundCircle.tga 400 130 128 120> Увеличенная эффективность прицеливания
<image UI/Conversation/T_Dialogue_IconBackgroundCircle.tga 400 130 128 120> Издает меньше шума",,,ModItemInventoryItemCompositeDef MP5 AdditionalHint
787452739468,MP40,,,ModItemInventoryItemCompositeDef MP40 DisplayName
363525428890,MP40,,,ModItemInventoryItemCompositeDef MP40 DisplayNamePlural
621982039992,"Изначально разработанный для использования экипажами техники и десантниками, MP40 раскрыл свои лучшие качества надежного пистолета-пулемета в городских боях на Восточном фронте.",,,ModItemInventoryItemCompositeDef MP40 Description
644572751350,"<image UI/Conversation/T_Dialogue_IconBackgroundCircle.tga 400 130 128 120> Все ещё стреляет
<image UI/Conversation/T_Dialogue_IconBackgroundCircle.tga 400 130 128 120> Нет режима одиночной стрельбы
<image UI/Conversation/T_Dialogue_IconBackgroundCircle.tga 400 130 128 120> Ужасная надежность",,,ModItemInventoryItemCompositeDef MP40 AdditionalHint
169713333931,MAT-49,,,ModItemInventoryItemCompositeDef MAT49 DisplayName
523082419536,MAT-49,,,ModItemInventoryItemCompositeDef MAT49 DisplayNamePlural
932390860938,"Небольшой послевоенный французский автомат, широко распространенный в бывших французких колониях. Ничем особо примечательным не выделяется, нареканий особых тоже не имеет. Стреляет, и ладно.",,,ModItemInventoryItemCompositeDef MAT49 Description
726286866597,"<image UI/Conversation/T_Dialogue_IconBackgroundCircle.tga 400 130 128 120> Все ещё стреляет
<image UI/Conversation/T_Dialogue_IconBackgroundCircle.tga 400 130 128 120> Нет режима одиночной стрельбы
<image UI/Conversation/T_Dialogue_IconBackgroundCircle.tga 400 130 128 120> Ужасная надежность
<image UI/Conversation/T_Dialogue_IconBackgroundCircle.tga 400 130 128 120> Складной приклад",,,ModItemInventoryItemCompositeDef MAT49 AdditionalHint
473162338946,Thompson,,,ModItemInventoryItemCompositeDef Thompson DisplayName
712662464738,Thompsons,,,ModItemInventoryItemCompositeDef Thompson DisplayNamePlural
842085544580,"Пистолет Пулемет Томпсона несет в себе черты автоматов периода ПМВ - большое количество фрезеровки, полусвободный затвор, большая масса и ручная подгонка движущихся деталей. На фоне куда более технологичных автоматов ВОВ он уже выглядит устаревшим. Пока не снесет голову врага в стальной каске на дистанции сто метров. Каску конечно, не пробьет, но врагу от этого не легче.",,,ModItemInventoryItemCompositeDef Thompson Description
228005640947,"<image UI/Conversation/T_Dialogue_IconBackgroundCircle.tga 400 130 128 120> Мощный патрон
<image UI/Conversation/T_Dialogue_IconBackgroundCircle.tga 400 130 128 120> Низкая точность и дальность
<image UI/Conversation/T_Dialogue_IconBackgroundCircle.tga 400 130 128 120> Высокая отдача",,,ModItemInventoryItemCompositeDef Thompson AdditionalHint
481180063149,ППШ,,,ModItemInventoryItemCompositeDef PPSH DisplayName
900550828699,ППШ,,,ModItemInventoryItemCompositeDef PPSH DisplayNamePlural
628689609225,ППШ-41 (Пистолет-Пулемет конструкции Шпагина) был создан в 1941 году для замены более сложного и дорогого ППД-40. В этом же году принят на вооружение РККА. Впоследствии же стал символом доблести советского солдата и победы советского народа над фашизмом.,,,ModItemInventoryItemCompositeDef PPSH Description
221572340460,"<image UI/Conversation/T_Dialogue_IconBackgroundCircle.tga 400 130 128 120> Повышенная пробиваемость
<image UI/Conversation/T_Dialogue_IconBackgroundCircle.tga 400 130 128 120> Высокая надежность
<image UI/Conversation/T_Dialogue_IconBackgroundCircle.tga 400 130 128 120> Скорострельное
<image UI/Conversation/T_Dialogue_IconBackgroundCircle.tga 400 130 128 120> Высокая отдача",,,ModItemInventoryItemCompositeDef PPSH AdditionalHint
902957434744,M3 Grease Gun,,,ModItemInventoryItemCompositeDef M3GreaseGun DisplayName
140291351568,M3 Grease Guns,,,ModItemInventoryItemCompositeDef M3GreaseGun DisplayNamePlural
485763682877,"Когда в условиях войны фрезеровать Томпсоны становится чересчур дорого, ВПК начинает выдавать вот таких вот ублюдков. А вы ""ноктюрн сыграть смогли бы"" на автоматах из водопроводных труб?",,,ModItemInventoryItemCompositeDef M3GreaseGun Description
258180319002,"<image UI/Conversation/T_Dialogue_IconBackgroundCircle.tga 400 130 128 120> Мощный патрон
<image UI/Conversation/T_Dialogue_IconBackgroundCircle.tga 400 130 128 120> Низкая точность и дальность
<image UI/Conversation/T_Dialogue_IconBackgroundCircle.tga 400 130 128 120> Высокая отдача",,,ModItemInventoryItemCompositeDef M3GreaseGun AdditionalHint
198919457888,Scorpion,,,ModItemInventoryItemCompositeDef Scorpion DisplayName
312837278431,Scorpion,,,ModItemInventoryItemCompositeDef Scorpion DisplayNamePlural
502222074243,Маленький и удаленький чехословацкий автомат под советский пистолетный 9мм патрон. Оказался крайне удачным в использовании в контртеррористических операциях.,,,ModItemInventoryItemCompositeDef Scorpion Description
893730995058,"<image UI/Conversation/T_Dialogue_IconBackgroundCircle.tga 400 130 128 120> Одноручное
<image UI/Conversation/T_Dialogue_IconBackgroundCircle.tga 400 130 128 120> Меньше ОД на выстрел
<image UI/Conversation/T_Dialogue_IconBackgroundCircle.tga 400 130 128 120> Складной приклад",,,ModItemInventoryItemCompositeDef Scorpion AdditionalHint
726134413334,Аграм 2000,,,ModItemInventoryItemCompositeDef Agram2000 DisplayName
661287929383,Аграмы 2000,,,ModItemInventoryItemCompositeDef Agram2000 DisplayNamePlural
340646006235,"Хорватский автомат Аграм 2000 был разработан в 1990-х годах и активно применялся при дроблении на части Югославии. О ""нечестной"" направленности автомата говорит отсутствие приклада и заложенная в конструкцию интеграция съемного глушителя. Несколько этих автоматов без номеров и регистрационных документов расползлось по миру и до сих пор активно используются криминальными элементами.",,,ModItemInventoryItemCompositeDef Agram2000 Description
833638272906,"<image UI/Conversation/T_Dialogue_IconBackgroundCircle.tga 400 130 128 120> Уменьшенная отдача
<image UI/Conversation/T_Dialogue_IconBackgroundCircle.tga 400 130 128 120> Можно поставить глушитель",,,ModItemInventoryItemCompositeDef Agram2000 AdditionalHint
868089921205,Микро Узи,,,ModItemInventoryItemCompositeDef MicroUZI DisplayName
947084271008,Микро Узи,,,ModItemInventoryItemCompositeDef MicroUZI DisplayNamePlural
325911851470,"Максимально компактный и скорострельный израильский пистолет-пулемет. На тот случай, если вы должны кому-то ",,,ModItemInventoryItemCompositeDef MicroUZI Description
679045485002,"<image UI/Conversation/T_Dialogue_IconBackgroundCircle.tga 400 130 128 120> Сниженная эффективность прицеливания
<image UI/Conversation/T_Dialogue_IconBackgroundCircle.tga 400 130 128 120> Одноручное
<image UI/Conversation/T_Dialogue_IconBackgroundCircle.tga 400 130 128 120> Возможности модификаций
<image UI/Conversation/T_Dialogue_IconBackgroundCircle.tga 400 130 128 120> Скорострельное",,,ModItemInventoryItemCompositeDef MicroUZI AdditionalHint
993393399551,Walther MP,,,ModItemInventoryItemCompositeDef MPL DisplayName
961812581941,Walther MP,,,ModItemInventoryItemCompositeDef MPL DisplayNamePlural
942904375361,"Пистолет-пулемет Вальтер MPL имеет вполне удачную конструкцию со свободным затвором с применением штамповки деталей. Сразу видно, что конструкторами был принят во внимание опыт ВОВ. Однако, потенциальными пользователями тоже был принят во внимание опыт ВОВ и оружие под маркой ""Вальтер"" просто не имело никакого шанса на успех на рынке.",,,ModItemInventoryItemCompositeDef MPL Description
397724688397,"<image UI/Conversation/T_Dialogue_IconBackgroundCircle.tga 400 130 128 120> 3 Уровня прицеливания
<image UI/Conversation/T_Dialogue_IconBackgroundCircle.tga 400 130 128 120> Дальнобойное
<image UI/Conversation/T_Dialogue_IconBackgroundCircle.tga 400 130 128 120> Точное",,,ModItemInventoryItemCompositeDef MPL AdditionalHint
789532948949,Carl Gustaf M/45,,,ModItemInventoryItemCompositeDef M45 DisplayName
764261258029,Carl Gustaf M/45,,,ModItemInventoryItemCompositeDef M45 DisplayNamePlural
809856419402,"Этот автомат хоть и выглядит, как продукт инженерии военного времени, сделанный из водопроводной трубы и листового металла, простоял на вооружении армии Швеции вплоть до начала 20-го века. И повезло ему, что пришлось просто стоять.",,,ModItemInventoryItemCompositeDef M45 Description
661795074855,"<image UI/Conversation/T_Dialogue_IconBackgroundCircle.tga 400 130 128 120> Дальнобойное
<image UI/Conversation/T_Dialogue_IconBackgroundCircle.tga 400 130 128 120> Нет режима одиночной стрельбы
<image UI/Conversation/T_Dialogue_IconBackgroundCircle.tga 400 130 128 120> Точное",,,ModItemInventoryItemCompositeDef M45 AdditionalHint
185407889358,Стерлинг,,,ModItemInventoryItemCompositeDef Sterling DisplayName
636793946418,СТЕРЛИНГ,,,ModItemInventoryItemCompositeDef Sterling DisplayNamePlural
759530976138,"Поздневоенный и послевоенный британский автомат. Характерной чертой автомата является примыкаемый сбоку магазин, за который он и удерживается при стрельбе, что удобно в походе, но неудобно в бою. В целом, неплохой автомат. С учетом того, что британский.",,,ModItemInventoryItemCompositeDef Sterling Description
950841016492,"<image UI/Conversation/T_Dialogue_IconBackgroundCircle.tga 400 130 128 120> Увеличенная эффективность прицеливания
<image UI/Conversation/T_Dialogue_IconBackgroundCircle.tga 400 130 128 120> Издает меньше шума",,,ModItemInventoryItemCompositeDef Sterling AdditionalHint
391751892917,Узи Полноразмерный,,,ModItemInventoryItemCompositeDef UZI DisplayName
424882408911,Узи Полноразмерные,,,ModItemInventoryItemCompositeDef UZI DisplayNamePlural
632264645927,"Пистолет-пулемет, разработанный в Израиле как персональное оружие самообороны для солдат тылового эшелона. Задумывался для ведения стрельбы с упором в плечо, однако нередко используется и просто одной рукой. Обладает высокой скорострельностью, но и удручающе высоким рассеиванием.",,,ModItemInventoryItemCompositeDef UZI Description
698984398036,"<image UI/Conversation/T_Dialogue_IconBackgroundCircle.tga 400 130 128 120> 3 уровня прицеливания
<image UI/Conversation/T_Dialogue_IconBackgroundCircle.tga 400 130 128 120> Повышенная точность
<image UI/Conversation/T_Dialogue_IconBackgroundCircle.tga 400 130 128 120> Возможность модификаций",,,ModItemInventoryItemCompositeDef UZI AdditionalHint
184981707001,MAC-10,,,ModItemInventoryItemCompositeDef MAC10 DisplayName
790234829366,MAC-10,,,ModItemInventoryItemCompositeDef MAC10 DisplayNamePlural
230832569888,"Компактный скорострельный американский автомат, сделанный под влиянием УЗИ. Его качества делают его максимально удобным для действий в замкнутых пространствах, заполненных людьми. Например, при захвате заложников в самолете. В смысле, освобождении захваченного самолета.",,,ModItemInventoryItemCompositeDef MAC10 Description
427939571492,"<image UI/Conversation/T_Dialogue_IconBackgroundCircle.tga 400 130 128 120> Одноручное
<image UI/Conversation/T_Dialogue_IconBackgroundCircle.tga 400 130 128 120> Скорострельное
<image UI/Conversation/T_Dialogue_IconBackgroundCircle.tga 400 130 128 120> Мощный патрон",,,ModItemInventoryItemCompositeDef MAC10 AdditionalHint
482604551368,Беретта М12,,,ModItemInventoryItemCompositeDef BerettaM12 DisplayName
914795190661,Беретты М12,,,ModItemInventoryItemCompositeDef BerettaM12 DisplayNamePlural
332274886199,"Хороший итальянский послевоенный пистолет-пулемет, вобравший в себя весь накопленный в ходе ВМВ опыт. Может похвастаться отличной точностью и надежностью при использовании в широком круге условий.",,,ModItemInventoryItemCompositeDef BerettaM12 Description
534785601448,"<image UI/Conversation/T_Dialogue_IconBackgroundCircle.tga 400 130 128 120> 3 Уровня прицеливания
<image UI/Conversation/T_Dialogue_IconBackgroundCircle.tga 400 130 128 120> Дальнобойное
<image UI/Conversation/T_Dialogue_IconBackgroundCircle.tga 400 130 128 120> Точное",,,ModItemInventoryItemCompositeDef BerettaM12 AdditionalHint
472594736106,Spectre M4,,,ModItemInventoryItemCompositeDef SpectreM4 DisplayName
743117893776,Spectre M4,,,ModItemInventoryItemCompositeDef SpectreM4 DisplayNamePlural
980756310608,"Оружие для сил специального назначения и борьбы с терроризмом. Курковый спусковой механизм ""двойного действия"" (прям как на револьверах, ага) обеспечивает безопасное ношение оружия с патроном в патроннике без необходимости досыла патрона в случае контакта с противником.",,,ModItemInventoryItemCompositeDef SpectreM4 Description
686934458674,"<image UI/Conversation/T_Dialogue_IconBackgroundCircle.tga 400 130 128 120> 3 Уровня прицеливания
<image UI/Conversation/T_Dialogue_IconBackgroundCircle.tga 400 130 128 120> Дальнобойное
<image UI/Conversation/T_Dialogue_IconBackgroundCircle.tga 400 130 128 120> Точное",,,ModItemInventoryItemCompositeDef SpectreM4 AdditionalHint
864076976423,TMP,,,ModItemInventoryItemCompositeDef TMP DisplayName
514833691659,TMP,,,ModItemInventoryItemCompositeDef TMP DisplayNamePlural
151160598254,"Современный маленький да удаленький ПП австрийского производства. Изготовлен из высокопрочных полимеров, и является очень удобным оружием, хорошо контролируемым при автоматической стрельбе",,,ModItemInventoryItemCompositeDef TMP Description
760441240658,"<image UI/Conversation/T_Dialogue_IconBackgroundCircle.tga 400 130 128 120> Увеличенная эффективность прицеливания
<image UI/Conversation/T_Dialogue_IconBackgroundCircle.tga 400 130 128 120> Издает меньше шума",,,ModItemInventoryItemCompositeDef TMP AdditionalHint
436154392218,MP5A2,,,ModItemInventoryItemCompositeDef MP5A2 DisplayName
299572078802,MP5A2,,,ModItemInventoryItemCompositeDef MP5A2 DisplayNamePlural
272866610540,"Устаревший вариант немецкого автомата MP5, с УСМ без отсечки стрельбы по три выстрела. Один из самых распространенных полицейских автоматов в мире до сих пор. Отличный выбор для специальных операций любого толка, тысячи обезвреженных террористов по всему миру не дадут соврать.",,,ModItemInventoryItemCompositeDef MP5A2 Description
168963467782,"<image UI/Conversation/T_Dialogue_IconBackgroundCircle.tga 400 130 128 120> 3 Уровня прицеливания
<image UI/Conversation/T_Dialogue_IconBackgroundCircle.tga 400 130 128 120> Дальнобойное
<image UI/Conversation/T_Dialogue_IconBackgroundCircle.tga 400 130 128 120> Точное
<image UI/Conversation/T_Dialogue_IconBackgroundCircle.tga 400 130 128 120> Отсечка по 3 патрона",,,ModItemInventoryItemCompositeDef MP5A2 AdditionalHint
806873565594,MP5K,,,ModItemInventoryItemCompositeDef MP5K DisplayName
709911598309,MP5K,,,ModItemInventoryItemCompositeDef MP5K DisplayNamePlural
534479356961,"Максимально укороченная версия MP5, созданная для боя на ближних дистанциях и самообороны. Для него даже есть специальный чехол-чемоданчик со спусковым крючком в ручке - на случай секретных операций.",,,ModItemInventoryItemCompositeDef MP5K Description
821868937694,"<image UI/Conversation/T_Dialogue_IconBackgroundCircle.tga 400 130 128 120> Сниженная эффективность прицеливания
<image UI/Conversation/T_Dialogue_IconBackgroundCircle.tga 400 130 128 120> Одноручное
<image UI/Conversation/T_Dialogue_IconBackgroundCircle.tga 400 130 128 120> Возможности модификаций
<image UI/Conversation/T_Dialogue_IconBackgroundCircle.tga 400 130 128 120> Скорострельное",,,ModItemInventoryItemCompositeDef MP5K AdditionalHint
116569856434,MP5A4,,,ModItemInventoryItemCompositeDef MP5A4 DisplayName
486538188387,MP5A4,,,ModItemInventoryItemCompositeDef MP5A4 DisplayNamePlural
708501432695,"Современный вариант автомата MP5, допускающий стрельбу как с отсечкой по три выстрела, так и полностью автоматический огонь. Все остальное осталось практически без изменений, автомат сразу хорошим получился.",,,ModItemInventoryItemCompositeDef MP5A4 Description
397260753978,"<image UI/Conversation/T_Dialogue_IconBackgroundCircle.tga 400 130 128 120> 3 Уровня прицеливания
<image UI/Conversation/T_Dialogue_IconBackgroundCircle.tga 400 130 128 120> Дальнобойное
<image UI/Conversation/T_Dialogue_IconBackgroundCircle.tga 400 130 128 120> Точное
<image UI/Conversation/T_Dialogue_IconBackgroundCircle.tga 400 130 128 120> Возможность модификаций",,,ModItemInventoryItemCompositeDef MP5A4 AdditionalHint
561734855744,UMP45,,,ModItemInventoryItemCompositeDef UMP45 DisplayName
911384756792,UMP45,,,ModItemInventoryItemCompositeDef UMP45 DisplayNamePlural
768168562835,"Современный немецкий пистолет-пулемет на основе узлов винтовки G36, но со свободным затвором. Тяжеловат, но ухватист и хорошо контролируется при стрельбе очередями. ",,,ModItemInventoryItemCompositeDef UMP45 Description
254123453451,"<image UI/Conversation/T_Dialogue_IconBackgroundCircle.tga 400 130 128 120> 3 Уровня прицеливания
<image UI/Conversation/T_Dialogue_IconBackgroundCircle.tga 400 130 128 120> Мощный патрон
<image UI/Conversation/T_Dialogue_IconBackgroundCircle.tga 400 130 128 120> Точное
<image UI/Conversation/T_Dialogue_IconBackgroundCircle.tga 400 130 128 120> Не дальнобойное
<image UI/Conversation/T_Dialogue_IconBackgroundCircle.tga 400 130 128 120> Режим очереди по 2 патрона",,,ModItemInventoryItemCompositeDef UMP45 AdditionalHint
772299589775,ПП19 Бизон,,,ModItemInventoryItemCompositeDef PP19Bizon DisplayName
701261750193,ПП19 Бизон,,,ModItemInventoryItemCompositeDef PP19Bizon DisplayNamePlural
923963131573,"Российский пистолет-пулемет, собранный на основе узлов автомата АКС-74, но с использованием автоматики со свободным затвором. Шнековый магазин на 64 патрона в отличие от пистолетов Calico приспособлен в качестве ухватистого цевья, а если добавить к этому малую отдачу, то крыть врага становится очень приятно. Правда, потом приходится набивать эти шнековые магазины, но стрелять-то приятно!",,,ModItemInventoryItemCompositeDef PP19Bizon Description
269133427142,"<image UI/Conversation/T_Dialogue_IconBackgroundCircle.tga 400 130 128 120> 3 Уровня прицеливания
<image UI/Conversation/T_Dialogue_IconBackgroundCircle.tga 400 130 128 120> Мощный патрон
<image UI/Conversation/T_Dialogue_IconBackgroundCircle.tga 400 130 128 120> Точное
<image UI/Conversation/T_Dialogue_IconBackgroundCircle.tga 400 130 128 120> Не дальнобойное
<image UI/Conversation/T_Dialogue_IconBackgroundCircle.tga 400 130 128 120> Режим очереди по 2 патрона",,,ModItemInventoryItemCompositeDef PP19Bizon AdditionalHint
452903547545,MP5SD,,,ModItemInventoryItemCompositeDef MP5SD DisplayName
609726293042,MP5SD,,,ModItemInventoryItemCompositeDef MP5SD DisplayNamePlural
884363795404,"Автомат MP5SD5 изготовлен на основе MP5A4. В конструкцию внесен неотьемный разборный глушитель, позволяющий вести полностью автоматический огонь обычным 9мм боеприпасом. Мечта каждого уважающего себя стелс-пихотинца.",,,ModItemInventoryItemCompositeDef MP5SD Description
414884402694,"<image UI/Conversation/T_Dialogue_IconBackgroundCircle.tga 400 130 128 120> 3 Уровня прицеливания
<image UI/Conversation/T_Dialogue_IconBackgroundCircle.tga 400 130 128 120> Интегрированный глушитель
<image UI/Conversation/T_Dialogue_IconBackgroundCircle.tga 400 130 128 120> Точное
<image UI/Conversation/T_Dialogue_IconBackgroundCircle.tga 400 130 128 120> Отсечка по 3 патрона",,,ModItemInventoryItemCompositeDef MP5SD AdditionalHint
975770861054,MP7,,,ModItemInventoryItemCompositeDef MP7 DisplayName
419953895054,MP7,,,ModItemInventoryItemCompositeDef MP7 DisplayNamePlural
681252656681,"Прямой конкурент бельгийского P90 за звание главного PDWаста в блоке НАТО. Внутри устроен как настоящая большая винтовка, что дает неплохую мощность при использовании патронов малого калибра. ",,,ModItemInventoryItemCompositeDef MP7 Description
208350161727,"<image UI/Conversation/T_Dialogue_IconBackgroundCircle.tga 400 130 128 120> Высокий шанс критического попадания
<image UI/Conversation/T_Dialogue_IconBackgroundCircle.tga 400 130 128 120> Увеличенная эффективность прицеливания",,,ModItemInventoryItemCompositeDef MP7 AdditionalHint
500013930133,P90,,,ModItemInventoryItemCompositeDef P90 DisplayName
554658569753,P90,,,ModItemInventoryItemCompositeDef P90 DisplayNamePlural
160391253966,"Бельгийский пистолет-пулемет футуристичного вида в компоновке буллпап. Разработан специально под новый бронебойный малоимпульсный патрон калибра 5.7мм. Мнения об автомате делятся полярно - кто-то в восторге от его эргономики, кто-то наоборот, проклинает ее.",,,ModItemInventoryItemCompositeDef P90 Description
464345702246,"<image UI/Conversation/T_Dialogue_IconBackgroundCircle.tga 400 130 128 120> Точное
<image UI/Conversation/T_Dialogue_IconBackgroundCircle.tga 400 130 128 120> Скорострельное
<image UI/Conversation/T_Dialogue_IconBackgroundCircle.tga 400 130 128 120> Пробивающий патрон",,,ModItemInventoryItemCompositeDef P90 AdditionalHint
106499815101,Zastava M92,,,ModItemInventoryItemCompositeDef ZastavaM92 DisplayName
435478961244,Zastava M92,,,ModItemInventoryItemCompositeDef ZastavaM92 DisplayNamePlural
580186251954,"Коротыш под 7.62х39мм патрон. В отличие от мифического советско-российского варианта АКМСУ (который никогда не выпускался), этот реально существует и готов доказать это, проделав пару десятков дырок в телах ваших врагов.",,,ModItemInventoryItemCompositeDef ZastavaM92 Description
228542450465,"<image UI/Conversation/T_Dialogue_IconBackgroundCircle.tga 400 130 128 120> Высокая отдача
<image UI/Conversation/T_Dialogue_IconBackgroundCircle.tga 400 130 128 120> Низкая дальность
<image UI/Conversation/T_Dialogue_IconBackgroundCircle.tga 400 130 128 120> Подходит для маневренного боя",,,ModItemInventoryItemCompositeDef ZastavaM92 AdditionalHint
296223742464,CAR-15,,,ModItemInventoryItemCompositeDef CAR15 DisplayName
875063722151,CAR-15,,,ModItemInventoryItemCompositeDef CAR15 DisplayNamePlural
474099942424,"Ранний вариант Colt Commando, на базе винтовки М16А1, получившийся путем обрезания половины ствола. Компактный автомат с громким звуком и большой вспышкой. Не для использования в помещениях.",,,ModItemInventoryItemCompositeDef CAR15 Description
881498370975,"<image UI/Conversation/T_Dialogue_IconBackgroundCircle.tga 400 130 128 120> Возможность вести маневренный бой
<image UI/Conversation/T_Dialogue_IconBackgroundCircle.tga 400 130 128 120> Низкая цена атаки
<image UI/Conversation/T_Dialogue_IconBackgroundCircle.tga 400 130 128 120> Низкая точность и дальность",,,ModItemInventoryItemCompositeDef CAR15 AdditionalHint
882883589623,M4A1,,,ModItemInventoryItemCompositeDef M4A1 DisplayName
664987025992,M4A1,,,ModItemInventoryItemCompositeDef M4A1 DisplayNamePlural
186747788182,"Оружие, созданное для обеспечения гарантированного конституцией США права на самооборону, с возможностью максимально быстрой и простой конвертации в автоматическое оружие, потому что каждому законопослушному гражданину нужен автомат, разве нет?",,,ModItemInventoryItemCompositeDef M4A1 Description
825365505331,"<image UI/Conversation/T_Dialogue_IconBackgroundCircle.tga 400 130 128 120> Возможность вести маневренный бой
<image UI/Conversation/T_Dialogue_IconBackgroundCircle.tga 400 130 128 120> Низкая цена атаки
<image UI/Conversation/T_Dialogue_IconBackgroundCircle.tga 400 130 128 120> Высокая точность",,,ModItemInventoryItemCompositeDef M4A1 AdditionalHint
830792184278,G36c,,,ModItemInventoryItemCompositeDef G36c DisplayName
851022057990,G36c,,,ModItemInventoryItemCompositeDef G36c DisplayNamePlural
482340674377,"Футуристичного вида штурмовая винтовка с интегрированной двойной системой прицеливания. Газовый поршень короткого хода и патрон 5,56 НАТО - что еще нужно для стабильной, прицельной стрельбы?",,,ModItemInventoryItemCompositeDef G36c Description
259515152667,"<image UI/Conversation/T_Dialogue_IconBackgroundCircle.tga 400 130 128 120> Возможность вести маневренный бой
<image UI/Conversation/T_Dialogue_IconBackgroundCircle.tga 400 130 128 120> Низкая цена атаки
<image UI/Conversation/T_Dialogue_IconBackgroundCircle.tga 400 130 128 120> Высокая точность
<image UI/Conversation/T_Dialogue_IconBackgroundCircle.tga 400 130 128 120> Режим очереди по 3 патрона",,,ModItemInventoryItemCompositeDef G36c AdditionalHint
879708176956,АКС-74У,,,ModItemInventoryItemCompositeDef AKSU DisplayName
822983576717,АКС-74У,,,ModItemInventoryItemCompositeDef AKSU DisplayNamePlural
335901073743,"Укороченная версия AK-74, предназначенная для бойцов спецназа и экипажей техники. Для нее пришлось разработать новый газовый двигатель и дульное устройство-дожигатель. Американцы называют эту модель «Krinkov», но у русских в ходу более звучные названия - «Ксюха», а иногда и «Сучка». И да, для АКСУ существует набедренная кобура.",,,ModItemInventoryItemCompositeDef AKSU Description
474761443367,"<image UI/Conversation/T_Dialogue_IconBackgroundCircle.tga 400 130 128 120> Возможность вести маневренный бой
<image UI/Conversation/T_Dialogue_IconBackgroundCircle.tga 400 130 128 120> Низкая цена атаки
<image UI/Conversation/T_Dialogue_IconBackgroundCircle.tga 400 130 128 120> Высокая точность
<image UI/Conversation/T_Dialogue_IconBackgroundCircle.tga 400 130 128 120> Высокий шанс крита",,,ModItemInventoryItemCompositeDef AKSU AdditionalHint
866987100833,Sig 552,,,ModItemInventoryItemCompositeDef Sig552 DisplayName
896776666039,Sig 552,,,ModItemInventoryItemCompositeDef Sig552 DisplayNamePlural
203622796133,Ультракомпактный автомат производства SIG с классической компоновкой и не менее классической газоотводной системой. Серьезное дорогое оружие.,,,ModItemInventoryItemCompositeDef Sig552 Description
700414124681,"<image UI/Conversation/T_Dialogue_IconBackgroundCircle.tga 400 130 128 120> Возможность вести маневренный бой
<image UI/Conversation/T_Dialogue_IconBackgroundCircle.tga 400 130 128 120> Низкая цена атаки
<image UI/Conversation/T_Dialogue_IconBackgroundCircle.tga 400 130 128 120> Высокая точность
<image UI/Conversation/T_Dialogue_IconBackgroundCircle.tga 400 130 128 120> Возможности модификаций",,,ModItemInventoryItemCompositeDef Sig552 AdditionalHint
388806361889,Sig 552 SWAT,,,ModItemInventoryItemCompositeDef Sig552SWAT DisplayName
330867992333,Sig 552 SWAT,,,ModItemInventoryItemCompositeDef Sig552SWAT DisplayNamePlural
444897869757,Ультракомпактный автомат производства SIG с классической компоновкой и не менее классической газоотводной системой. Серьезное дорогое оружие.,,,ModItemInventoryItemCompositeDef Sig552SWAT Description
754834790764,"<image UI/Conversation/T_Dialogue_IconBackgroundCircle.tga 400 130 128 120> Возможность вести маневренный бой
<image UI/Conversation/T_Dialogue_IconBackgroundCircle.tga 400 130 128 120> Низкая цена атаки
<image UI/Conversation/T_Dialogue_IconBackgroundCircle.tga 400 130 128 120> Высокая точность
<image UI/Conversation/T_Dialogue_IconBackgroundCircle.tga 400 130 128 120> Возможности модификаций",,,ModItemInventoryItemCompositeDef Sig552SWAT AdditionalHint
779838191556,АС-ВАЛ,,,ModItemInventoryItemCompositeDef AS_Val DisplayName
965962787590,АС-ВАЛ,,,ModItemInventoryItemCompositeDef AS_Val DisplayNamePlural
321973252805,"Оружие, не имеющее аналогов в мире, или, по крайней мере не имевшее их до распространения патрона .300 Blackout. Да и на сегодняшний день является лучшим специальным автоматом подобного типа.",,,ModItemInventoryItemCompositeDef AS_Val Description
688894016157,"<image UI/Conversation/T_Dialogue_IconBackgroundCircle.tga 400 130 128 120> Возможность вести маневренный бой
<image UI/Conversation/T_Dialogue_IconBackgroundCircle.tga 400 130 128 120> Низкая цена атаки
<image UI/Conversation/T_Dialogue_IconBackgroundCircle.tga 400 130 128 120> Специальный патрон
<image UI/Conversation/T_Dialogue_IconBackgroundCircle.tga 400 130 128 120> Интегрированный глушитель
<image UI/Conversation/T_Dialogue_IconBackgroundCircle.tga 400 130 128 120> Высокий шанс крита",,,ModItemInventoryItemCompositeDef AS_Val AdditionalHint
620616109287,ОТКЛЮЧЕНО,,,ModItemInventoryItemCompositeDef AR15 DisplayName
421206527372,ОТКЛЮЧЕНО,,,ModItemInventoryItemCompositeDef AR15 DisplayNamePlural
259547754550,"Оружие, созданное для обеспечения гарантированного конституцией США права на самооборону, с возможностью максимально быстрой и простой конвертации в автоматическое оружие, потому что каждому законопослушному гражданину нужен автомат, разве нет?",,,ModItemInventoryItemCompositeDef AR15 Description
213671010859,"<image UI/Conversation/T_Dialogue_IconBackgroundCircle.tga 400 130 128 120> Высокий шанс критического попадания
<image UI/Conversation/T_Dialogue_IconBackgroundCircle.tga 400 130 128 120> Низкая цена атаки
<image UI/Conversation/T_Dialogue_IconBackgroundCircle.tga 400 130 128 120> Большое количество модулей
<image UI/Conversation/T_Dialogue_IconBackgroundCircle.tga 400 130 128 120> При установке стандартного приклада нет автоматического огня",,,ModItemInventoryItemCompositeDef AR15 AdditionalHint
847561503717,АК47,,,ModItemInventoryItemCompositeDef AK47 DisplayName
336276554025,АК47,,,ModItemInventoryItemCompositeDef AK47 DisplayNamePlural
275113667304,"Если где-то в мире случается конфликт, вы точно найдете там АК-47. Это аксиома. Старый-добрый «калаш» неприхотлив, прост в использовании, надежен и стоит гроши. Статистика утверждает, что в мире водится более 75 миллионов экземпляров этого зверя.",,,ModItemInventoryItemCompositeDef AK47 Description
701155777761,<image UI/Conversation/T_Dialogue_IconBackgroundCircle.tga 400 130 128 120> Повышенная износоустойчивость,,,ModItemInventoryItemCompositeDef AK47 AdditionalHint
294736997687,Type 56,,,ModItemInventoryItemCompositeDef Type56 DisplayName
841407749387,Type 56,,,ModItemInventoryItemCompositeDef Type56 DisplayNamePlural
854531008352,"Пиратская, в смысле, китайская копия советского автомата АКС. Имеет складной вниз, либо фиксированный деревянный приклад и фрезерованную ствольную коробку. Качество разнится от нестреляющей рухляди до вполне приличного автомата. Длинный игольчатый штык призван делать канапе из лаоваев.",,,ModItemInventoryItemCompositeDef Type56 Description
636364655942,"<image UI/Conversation/T_Dialogue_IconBackgroundCircle.tga 400 130 128 120> Высокая отдача
<image UI/Conversation/T_Dialogue_IconBackgroundCircle.tga 400 130 128 120> Низкая дальность
<image UI/Conversation/T_Dialogue_IconBackgroundCircle.tga 400 130 128 120> Низкая надежность",,,ModItemInventoryItemCompositeDef Type56 AdditionalHint
433590423027,M-14,,,ModItemInventoryItemCompositeDef M14SAW DisplayName
380834399389,M-14,,,ModItemInventoryItemCompositeDef M14SAW DisplayNamePlural
572366580172,"Глубоко модифицированная винтовка M1 - измененный газовый двигатель, магазинное питание, новый на тот момент (начало 1950х) патрон 7.62х51мм. Винтовка оказалась крайне бесполезной в условиях войны в джунглях, из-за чего была заменена M16.",,,ModItemInventoryItemCompositeDef M14SAW Description
459810570521,"<image UI/Conversation/T_Dialogue_IconBackgroundCircle.tga 400 130 128 120> Высокая отдача
<image UI/Conversation/T_Dialogue_IconBackgroundCircle.tga 400 130 128 120> Винтовочный патрон
<image UI/Conversation/T_Dialogue_IconBackgroundCircle.tga 400 130 128 120> Низкая надежность
<image UI/Conversation/T_Dialogue_IconBackgroundCircle.tga 400 130 128 120> Высокая цена атаки",,,ModItemInventoryItemCompositeDef M14SAW AdditionalHint
185329589695,M16A1,,,ModItemInventoryItemCompositeDef M16A1 DisplayName
996523018665,M16A1,,,ModItemInventoryItemCompositeDef M16A1 DisplayNamePlural
540807842727,"Ранний вариант винтовки М16 (AR15), принятый на вооружение US Army в далеком 1967 году. Из-за стремления этой самой US Army сэкономить, винтовка получила кучу проблем с надежностью, отмыть от которых репутацию она не может до сих пор.",,,ModItemInventoryItemCompositeDef M16A1 Description
779972384279,<image UI/Conversation/T_Dialogue_IconBackgroundCircle.tga 400 130 128 120> Низкая надежность,,,ModItemInventoryItemCompositeDef M16A1 AdditionalHint
220029118961,Zastava M70,,,ModItemInventoryItemCompositeDef Zastava_M70 DisplayName
690505630098,Zastava M70,,,ModItemInventoryItemCompositeDef Zastava_M70 DisplayNamePlural
565225387197,Второе поколение автоматов Калашникова с максимально обкатанной и оптимизированной технологией производства. Именно этот автомат стал символом освобождения мирового пролетариата от мирового империализма.,,,ModItemInventoryItemCompositeDef Zastava_M70 Description
907311329202,"<image UI/Conversation/T_Dialogue_IconBackgroundCircle.tga 400 130 128 120> Высокая отдача
<image UI/Conversation/T_Dialogue_IconBackgroundCircle.tga 400 130 128 120> Высокая надежность",,,ModItemInventoryItemCompositeDef Zastava_M70 AdditionalHint
972200337542,FAMAS,,,ModItemInventoryItemCompositeDef FAMAS DisplayName
297539929545,FAMAS,,,ModItemInventoryItemCompositeDef FAMAS DisplayNamePlural
747433759944,"Вся утилитарность и эргономичность буллпап-дизайна. Конструкторы планировали, что магазины для винтовки будут одноразовые и выбрасываться после использования, но даже самый лучший план не в состоянии пережить встречи с реальностью: солдаты начали повторно использовать магазины, что, разумеется, привело к куче разных проблем. Поэтому позже пришлось разрабатывать более прочный магазин.",,,ModItemInventoryItemCompositeDef FAMAS Description
999618490577,"<image UI/Conversation/T_Dialogue_IconBackgroundCircle.tga 400 130 128 120> Низкий урон
<image UI/Conversation/T_Dialogue_IconBackgroundCircle.tga 400 130 128 120> Скорострельное
<image UI/Conversation/T_Dialogue_IconBackgroundCircle.tga 400 130 128 120> Низкая цена атаки
<image UI/Conversation/T_Dialogue_IconBackgroundCircle.tga 400 130 128 120> Повышенная цена перезарядки
<image UI/Conversation/T_Dialogue_IconBackgroundCircle.tga 400 130 128 120> Низкая дальность",,,ModItemInventoryItemCompositeDef FAMAS AdditionalHint
571302959001,Galil,,,ModItemInventoryItemCompositeDef Galil DisplayName
920649900260,Galil,,,ModItemInventoryItemCompositeDef Galil DisplayNamePlural
383348230824,"Изначально разрабатывался со встроенной открывашкой, чтобы солдаты не гробили магазины в попытках вскрывать ими бутылки. По какой-то неизвестной причине пытается косплеить АК-47.",,,ModItemInventoryItemCompositeDef Galil Description
241460687901,"<image UI/Conversation/T_Dialogue_IconBackgroundCircle.tga 400 130 128 120> Винтовочный патрон
<image UI/Conversation/T_Dialogue_IconBackgroundCircle.tga 400 130 128 120> Высокая надежность
<image UI/Conversation/T_Dialogue_IconBackgroundCircle.tga 400 130 128 120> Низкая точность",,,ModItemInventoryItemCompositeDef Galil AdditionalHint
686240686821,M16A2,,,ModItemInventoryItemCompositeDef M16A2 DisplayName
548213604732,M16A2,,,ModItemInventoryItemCompositeDef M16A2 DisplayNamePlural
598399726681,"Пожалуй, самый легендарный образец западного огнестрельного оружия. М16 была первой винтовкой под патрон 5,56 НАТО, разработанный специально под ее 20-дюймовый ствол. Высокая скорость полета пули обеспечивает как точность на дальних дистанциях, так и удобство стрельбы очередями, хоть М16 и проигрывает в убойной силе своему основному конкуренту, АК-47. Главное, не обращайте внимания на досылатель патрона...",,,ModItemInventoryItemCompositeDef M16A2 Description
544518490034,"<image UI/Conversation/T_Dialogue_IconBackgroundCircle.tga 400 130 128 120> Высокая точность и хорошая дальность
<image UI/Conversation/T_Dialogue_IconBackgroundCircle.tga 400 130 128 120> Нет режима автоматической стрельбы",,,ModItemInventoryItemCompositeDef M16A2 AdditionalHint
999635024538,AKM,,,ModItemInventoryItemCompositeDef AKM DisplayName
559179013491,AKM,,,ModItemInventoryItemCompositeDef AKM DisplayNamePlural
206422173105,Второе поколение автоматов Калашникова с максимально обкатанной и оптимизированной технологией производства. Именно этот автомат стал символом освобождения мирового пролетариата от мирового империализма.,,,ModItemInventoryItemCompositeDef AKM Description
374871853859,"<image UI/Conversation/T_Dialogue_IconBackgroundCircle.tga 400 130 128 120> Высокая отдача
<image UI/Conversation/T_Dialogue_IconBackgroundCircle.tga 400 130 128 120> Высокая надежность",,,ModItemInventoryItemCompositeDef AKM AdditionalHint
953214136765,FN-FAL,,,ModItemInventoryItemCompositeDef FNFAL DisplayName
293593828679,FN-FAL,,,ModItemInventoryItemCompositeDef FNFAL DisplayNamePlural
663922800151,"Винтовка FN FAL (Fusil Autamatique Leger - Легкая Автоматическая Винтовка). Своеобразный символ НАТО - производилась в более чем 20 странах, состояла на вооружении в более чем 70 странах. Среди наемников AIM имеет ласковое прозвище - ""фалочка"".",,,ModItemInventoryItemCompositeDef FNFAL Description
985768409147,"<image UI/Conversation/T_Dialogue_IconBackgroundCircle.tga 400 130 128 120> Винтовочный патрон
<image UI/Conversation/T_Dialogue_IconBackgroundCircle.tga 400 130 128 120> Высокая надежность
<image UI/Conversation/T_Dialogue_IconBackgroundCircle.tga 400 130 128 120> Высокая цена атаки",,,ModItemInventoryItemCompositeDef FNFAL AdditionalHint
168139347519,AUG,,,ModItemInventoryItemCompositeDef AUG DisplayName
927517655395,AUG,,,ModItemInventoryItemCompositeDef AUG DisplayNamePlural
769364856118,"Винтовка в комплектации буллпап, изготовленная из немереного количества пластика (и одна из первых попыток создать винтовку с интегрированной оптикой). Является, можно сказать, воплощением идеи перехода от тяжелых и громоздких боевых винтовок калибра 7.62 к более легким штурмовым винтовкам под патрон 5,56 НАТО.",,,ModItemInventoryItemCompositeDef AUG Description
423281925211,"<image UI/Conversation/T_Dialogue_IconBackgroundCircle.tga 400 130 128 120> Возможность вести маневренный бой
<image UI/Conversation/T_Dialogue_IconBackgroundCircle.tga 400 130 128 120> Скорострельное
<image UI/Conversation/T_Dialogue_IconBackgroundCircle.tga 400 130 128 120> Низкая цена атаки, но высокая цена перезарядки
<image UI/Conversation/T_Dialogue_IconBackgroundCircle.tga 400 130 128 120> Низкая точность",,,ModItemInventoryItemCompositeDef AUG AdditionalHint
220462500912,G3A3,,,ModItemInventoryItemCompositeDef G3A3 DisplayName
865494653176,G3A3,,,ModItemInventoryItemCompositeDef G3A3 DisplayNamePlural
267005341100,"С 1959 по 1995 годы - основное стрелковое оружие Бундесвера. A3 - поздний серийный вариант, с пластиковым вентилируемым цевьем и барабанным целиком. В основе автоматики - фирменная схема с роликовым замедлением полусвободного затвора. Странным путем пошла эволюция оружия, в то время как у советов уже был автомат под промежуточный патрон.",,,ModItemInventoryItemCompositeDef G3A3 Description
437684046468,"<image UI/Conversation/T_Dialogue_IconBackgroundCircle.tga 400 130 128 120> Винтовочный патрон
<image UI/Conversation/T_Dialogue_IconBackgroundCircle.tga 400 130 128 120> Высокая надежность
<image UI/Conversation/T_Dialogue_IconBackgroundCircle.tga 400 130 128 120> Высокая точность и дальность
<image UI/Conversation/T_Dialogue_IconBackgroundCircle.tga 400 130 128 120> Высокая цена атаки",,,ModItemInventoryItemCompositeDef G3A3 AdditionalHint
161862766562,M16A4,,,ModItemInventoryItemCompositeDef M16A4 DisplayName
536348214509,M16A4,,,ModItemInventoryItemCompositeDef M16A4 DisplayNamePlural
684844255281,"Оружие, созданное для обеспечения гарантированного конституцией США права на самооборону, с возможностью максимально быстрой и простой конвертации в автоматическое оружие, потому что каждому законопослушному гражданину нужен автомат, разве нет?",,,ModItemInventoryItemCompositeDef M16A4 Description
147345936439,"<image UI/Conversation/T_Dialogue_IconBackgroundCircle.tga 400 130 128 120> Высокая точность и хорошая дальность (для 5.56)
<image UI/Conversation/T_Dialogue_IconBackgroundCircle.tga 400 130 128 120>  Хорошая надежность
<image UI/Conversation/T_Dialogue_IconBackgroundCircle.tga 400 130 128 120> Нет режима автоматической стрельбы",,,ModItemInventoryItemCompositeDef M16A4 AdditionalHint
722466346272,G36,,,ModItemInventoryItemCompositeDef G36 DisplayName
905454635960,G36,,,ModItemInventoryItemCompositeDef G36 DisplayNamePlural
836383022466,"Футуристичного вида штурмовая винтовка с интегрированной двойной системой прицеливания. Газовый поршень короткого хода и патрон 5,56 НАТО - что еще нужно для стабильной, прицельной стрельбы?",,,ModItemInventoryItemCompositeDef G36 Description
463766324900,"<image UI/Conversation/T_Dialogue_IconBackgroundCircle.tga 400 130 128 120> Высокая точность и дальность
<image UI/Conversation/T_Dialogue_IconBackgroundCircle.tga 400 130 128 120> Режим очереди по 3 патрона",,,ModItemInventoryItemCompositeDef G36 AdditionalHint
758980449743,G3A4,,,ModItemInventoryItemCompositeDef G3A4 DisplayName
434643473531,G3A4,,,ModItemInventoryItemCompositeDef G3A4 DisplayNamePlural
339301117514,"Та же G3A3, но с раздвижным телескопическим прикладом, призванным хоть как-то сократить габариты громоздкой винтовки.",,,ModItemInventoryItemCompositeDef G3A4 Description
305549287206,"<image UI/Conversation/T_Dialogue_IconBackgroundCircle.tga 400 130 128 120> Винтовочный патрон
<image UI/Conversation/T_Dialogue_IconBackgroundCircle.tga 400 130 128 120> Высокая надежность
<image UI/Conversation/T_Dialogue_IconBackgroundCircle.tga 400 130 128 120> Высокая точность и дальность
<image UI/Conversation/T_Dialogue_IconBackgroundCircle.tga 400 130 128 120> Складной приклад
<image UI/Conversation/T_Dialogue_IconBackgroundCircle.tga 400 130 128 120> Высокая цена атаки",,,ModItemInventoryItemCompositeDef G3A4 AdditionalHint
807864486419,Sig 550,,,ModItemInventoryItemCompositeDef Sig550 DisplayName
603920639509,Sig 550,,,ModItemInventoryItemCompositeDef Sig550 DisplayNamePlural
929498915972,"Что получится, если АК попытаются изобрести в Швейцарии? Получится одна из самых крутых современных армейских винтовок. Классическая компоновка. Простота конструкции. Швейцарская точность и надежность. Никаких понтов.",,,ModItemInventoryItemCompositeDef Sig550 Description
945970858736,"<image UI/Conversation/T_Dialogue_IconBackgroundCircle.tga 400 130 128 120> Высокая точность и дальность
<image UI/Conversation/T_Dialogue_IconBackgroundCircle.tga 400 130 128 120> Возможности модификаций",,,ModItemInventoryItemCompositeDef Sig550 AdditionalHint
272433720269,Sig 550 RIS,,,ModItemInventoryItemCompositeDef Sig550Custom DisplayName
798139952558,Sig 550 RIS,,,ModItemInventoryItemCompositeDef Sig550Custom DisplayNamePlural
566075228001,"Что получится, если АК попытаются изобрести в Швейцарии? Получится одна из самых крутых современных армейских винтовок. Классическая компоновка. Простота конструкции. Швейцарская точность и надежность. Никаких понтов.",,,ModItemInventoryItemCompositeDef Sig550Custom Description
308282259925,"<image UI/Conversation/T_Dialogue_IconBackgroundCircle.tga 400 130 128 120> Высокая точность и дальность
<image UI/Conversation/T_Dialogue_IconBackgroundCircle.tga 400 130 128 120> Возможности модификаций",,,ModItemInventoryItemCompositeDef Sig550Custom AdditionalHint
498856201701,АК-74,,,ModItemInventoryItemCompositeDef AK74 DisplayName
899054877778,АК-74,,,ModItemInventoryItemCompositeDef AK74 DisplayNamePlural
880248066784,"В районе 1974 года советские конструкторы обновили классический дизайн «калаша» - так и появился на свет этот красавец. В него внесли много изменений, но сердце механизма - газовый поршень длинного хода - осталось в оригинальном виде.",,,ModItemInventoryItemCompositeDef AK74 Description
616506240472,"<image UI/Conversation/T_Dialogue_IconBackgroundCircle.tga 400 130 128 120> Высокая точность и дальность
<image UI/Conversation/T_Dialogue_IconBackgroundCircle.tga 400 130 128 120> Высокий шанс крита",,,ModItemInventoryItemCompositeDef AK74 AdditionalHint
788058405353,АН-94,,,ModItemInventoryItemCompositeDef AN94 DisplayName
262648164312,АН-94,,,ModItemInventoryItemCompositeDef AN94 DisplayNamePlural
967767145469,"В районе 1974 года советские конструкторы обновили классический дизайн «калаша» - так и появился на свет этот красавец. В него внесли много изменений, но сердце механизма - газовый поршень длинного хода - осталось в оригинальном виде.",,,ModItemInventoryItemCompositeDef AN94 Description
752424178514,"<image UI/Conversation/T_Dialogue_IconBackgroundCircle.tga 400 130 128 120> Высокая точность и дальность
<image UI/Conversation/T_Dialogue_IconBackgroundCircle.tga 400 130 128 120> Высокий шанс крита",,,ModItemInventoryItemCompositeDef AN94 AdditionalHint
487511193507,Winchester 1894,,,ModItemInventoryItemCompositeDef Winchester1894 DisplayName
883443868274,Winchester 1894,,,ModItemInventoryItemCompositeDef Winchester1894 DisplayNamePlural
974064419520,"Классическая винтовка прямиком из фильмов про ковбоев и индейцев. Подствольный трубчатый магазин вмещает больше патронов, чем в обычной винтовке с продольно-скользящим затвором. Как она очутилась в здешних краях - тайна, покрытая мраком.",,,ModItemInventoryItemCompositeDef Winchester1894 Description
131315500923,"<image UI/Conversation/T_Dialogue_IconBackgroundCircle.tga 400 130 128 120> Низкая цена атаки
<image UI/Conversation/T_Dialogue_IconBackgroundCircle.tga 400 130 128 120> Сниженная дальнобойность
<image UI/Conversation/T_Dialogue_IconBackgroundCircle.tga 400 130 128 120> Револьверный патрон",,,ModItemInventoryItemCompositeDef Winchester1894 AdditionalHint
961788380704,СКС,,,ModItemInventoryItemCompositeDef SKS DisplayName
176494711002,СКС,,,ModItemInventoryItemCompositeDef SKS DisplayNamePlural
505902341428,"Не востребованный в Советской Армии, тем не менее, весьма любим гражданскими стрелками в России за точность боя. Но это капля в море перед маниакальной страстью к нему стрелков в США. Хорошим тоном считается хотя бы один СКС на коллекцию. Хотя бы и китайский.",,,ModItemInventoryItemCompositeDef SKS Description
115214440494,"<image UI/Conversation/T_Dialogue_IconBackgroundCircle.tga 400 130 128 120> Низкая цена атаки
<image UI/Conversation/T_Dialogue_IconBackgroundCircle.tga 400 130 128 120> Точное и дальнобойное (для 7.62х39)",,,ModItemInventoryItemCompositeDef SKS AdditionalHint
130114172657,СВТ-40,,,ModItemInventoryItemCompositeDef SVT40 DisplayName
641755001597,СВТ-40,,,ModItemInventoryItemCompositeDef SVT40 DisplayNamePlural
860271990651,"""Светлана"" Федоровна Токарева, прошу любить и жаловать. Самозарядная винтовка СССР периода начала ВОВ. ""Света"" оказалась дамой очень капризной и требовательной к уходу, так что с работой в боевых частях Красной армии у нее не заладилось, а вот более подготовленные морские пехотинцы ""Светку"" использовали с удовольствием вплоть до самого конца войны.",,,ModItemInventoryItemCompositeDef SVT40 Description
285658866878,"<image UI/Conversation/T_Dialogue_IconBackgroundCircle.tga 400 130 128 120> Высокая дальнобойность
<image UI/Conversation/T_Dialogue_IconBackgroundCircle.tga 400 130 128 120> Нельзя поставить прицел высокой кратности
<image UI/Conversation/T_Dialogue_IconBackgroundCircle.tga 400 130 128 120> Продольно-скользящий затвор",,,ModItemInventoryItemCompositeDef SVT40 AdditionalHint
367484719110,АВТ-40,,,ModItemInventoryItemCompositeDef AVT40 DisplayName
942986769472,АВТ-40,,,ModItemInventoryItemCompositeDef AVT40 DisplayNamePlural
316917161495,"Автоматическая версия винтовки Токарева. Отличается, собственно, наличием режима полностью автоматического огня. Эффективность этого огня, правда, чрезвычайно низкая, а сама ""Света оказалась для стрельбы очередями слишком хрупкой. Найти винтовку в хорошем состоянии не так-то просто.",,,ModItemInventoryItemCompositeDef AVT40 Description
633154258440,"<image UI/Conversation/T_Dialogue_IconBackgroundCircle.tga 400 130 128 120> Высокая дальнобойность
<image UI/Conversation/T_Dialogue_IconBackgroundCircle.tga 400 130 128 120> Нельзя поставить прицел высокой кратности
<image UI/Conversation/T_Dialogue_IconBackgroundCircle.tga 400 130 128 120> Продольно-скользящий затвор",,,ModItemInventoryItemCompositeDef AVT40 AdditionalHint
501123057305,Мини-14,,,ModItemInventoryItemCompositeDef Mini14 DisplayName
278361876068,Мини-14,,,ModItemInventoryItemCompositeDef Mini14 DisplayNamePlural
309003319209,"Облегченный уменьшенный карабин на базе армейской винтовки М14, максимально доступен для гражданского стрелка - от охоты и самообороны, до обучения стрельбе в тире. Валовый карабин требует серьезной доводки напильником.",,,ModItemInventoryItemCompositeDef Mini14 Description
651056854498,<image UI/Conversation/T_Dialogue_IconBackgroundCircle.tga 400 130 128 120> 5.56,,,ModItemInventoryItemCompositeDef Mini14 AdditionalHint
355962852193,M-21,,,ModItemInventoryItemCompositeDef M21 DisplayName
992107273305,M-21,,,ModItemInventoryItemCompositeDef M21 DisplayNamePlural
446158424124,"Американская армейская снайперская винтовка, представляет собой винтовку М14 со снятым переводчиком огня, и установленным оптическим прицелом. Дешево, сердито, эффективно.",,,ModItemInventoryItemCompositeDef M21 Description
903996606162,<image UI/Conversation/T_Dialogue_IconBackgroundCircle.tga 400 130 128 120> Снайперская версия м14,,,ModItemInventoryItemCompositeDef M21 AdditionalHint
576484957808,G3 SG,,,ModItemInventoryItemCompositeDef G3SniperV1 DisplayName
312697214381,G3 SG,,,ModItemInventoryItemCompositeDef G3SniperV1 DisplayNamePlural
607371169081,"Heckler-Koch G3SG1 - cнайперская целевая винтовка, разработанная путем незначительной доработки серийной штурмовой винтовки G3. Для модернизации отбирались винтовки, показавшие лучшую кучность на заводских тестах.",,,ModItemInventoryItemCompositeDef G3SniperV1 Description
526090694402,<image UI/Conversation/T_Dialogue_IconBackgroundCircle.tga 400 130 128 120> Снайперская версия G3A3,,,ModItemInventoryItemCompositeDef G3SniperV1 AdditionalHint
524754436049,ВСС,,,ModItemInventoryItemCompositeDef VSS DisplayName
240794448842,ВСС,,,ModItemInventoryItemCompositeDef VSS DisplayNamePlural
687233228891,"Культовая среди спецназовцев и геймеров всех мастей советская и российская бесшумная снайперская винтовка. Громкость звука выстрела из нее на уровне звука пневматической винтовки. К огромному сожалению, как и ""Вал"", на экспорт Россией не продается.",,,ModItemInventoryItemCompositeDef VSS Description
392960567716,"<image UI/Conversation/T_Dialogue_IconBackgroundCircle.tga 400 130 128 120> Поддерживает большинство прицелов
<image UI/Conversation/T_Dialogue_IconBackgroundCircle.tga 400 130 128 120> Практически бесшумная
<image UI/Conversation/T_Dialogue_IconBackgroundCircle.tga 400 130 128 120> Есть режим очереди",,,ModItemInventoryItemCompositeDef VSS AdditionalHint
341887486342,СВУ,,,ModItemInventoryItemCompositeDef SVU DisplayName
490562293667,СВУ,,,ModItemInventoryItemCompositeDef SVU DisplayNamePlural
803696120423,"СВД в компоновке буллпап. Из-за чего, а также из-за укороченного ствола, короче старшей сестры на 25 см, что повышает ее эффективность в маневренном городском бою. Однако, из-за компоновки буллпап спуск на длинной тяге вынесен вперед, что для снайперской винтовки неблагоприятно. Стрелок не чувствует момент ""срыва курка"".",,,ModItemInventoryItemCompositeDef SVU Description
499804684579,"<image UI/Conversation/T_Dialogue_IconBackgroundCircle.tga 400 130 128 120> Самозарядная
<image UI/Conversation/T_Dialogue_IconBackgroundCircle.tga 400 130 128 120> Поддерживает большинство прицелов
<image UI/Conversation/T_Dialogue_IconBackgroundCircle.tga 400 130 128 120> Высокая надежность
<image UI/Conversation/T_Dialogue_IconBackgroundCircle.tga 400 130 128 120> Есть режим очереди",,,ModItemInventoryItemCompositeDef SVU AdditionalHint
360227570588,Gewehr 98,,,ModItemInventoryItemCompositeDef Gewehr98 DisplayName
592792554323,Gewehr 98,,,ModItemInventoryItemCompositeDef Gewehr98 DisplayNamePlural
549549291513,"Говорят, что этот шедевр Пауля Маузера стал дедушкой всех «болтов» - ружей с продольно-скользящим затвором. От него ведут родословную чуть ли не все современные снайперские и охотничьи винтовки.",,,ModItemInventoryItemCompositeDef Gewehr98 Description
883027360428,"<image UI/Conversation/T_Dialogue_IconBackgroundCircle.tga 400 130 128 120> Мощный патрон
<image UI/Conversation/T_Dialogue_IconBackgroundCircle.tga 400 130 128 120> Очень шумное
<image UI/Conversation/T_Dialogue_IconBackgroundCircle.tga 400 130 128 120> Продольно-скользящий затвор",,,ModItemInventoryItemCompositeDef Gewehr98 AdditionalHint
408254207510,M700,,,ModItemInventoryItemCompositeDef M700 DisplayName
344932488683,M700,,,ModItemInventoryItemCompositeDef M700 DisplayNamePlural
802433580077,"Гражданская версия точной и убойной винтовки со скользяще-поворотным затвором. Одна из самых популярных, если не самая болтовая винтовка в мире. В руках опытного снайпера способна нагнать страх, ужас, ад и Израиль на любое подразделение врага.",,,ModItemInventoryItemCompositeDef M700 Description
911562672001,"<image UI/Conversation/T_Dialogue_IconBackgroundCircle.tga 400 130 128 120> Несъемный прицел
<image UI/Conversation/T_Dialogue_IconBackgroundCircle.tga 400 130 128 120> Точное и дальнобойное
<image UI/Conversation/T_Dialogue_IconBackgroundCircle.tga 400 130 128 120> Продольно-скользящий затвор",,,ModItemInventoryItemCompositeDef M700 AdditionalHint
732701920290,FR F2,,,ModItemInventoryItemCompositeDef FRF2 DisplayName
731116870045,FR F2,,,ModItemInventoryItemCompositeDef FRF2 DisplayNamePlural
143099944282,"Современная ""болтовка"" на вооружении ВС Франции. Представляет собой модернизированную винтовку FR F1 - измененная ложа, приклад, пластиковый теплоизолирующий кожух на стволе. Используется в разработке системы оружия солдата будущего FELIN. Винтовка будущих 1970-х...",,,ModItemInventoryItemCompositeDef FRF2 Description
564762284106,"<image UI/Conversation/T_Dialogue_IconBackgroundCircle.tga 400 130 128 120> Несъемный прицел
<image UI/Conversation/T_Dialogue_IconBackgroundCircle.tga 400 130 128 120> Точное и дальнобойное
<image UI/Conversation/T_Dialogue_IconBackgroundCircle.tga 400 130 128 120> Магазин на 10 патрон
<image UI/Conversation/T_Dialogue_IconBackgroundCircle.tga 400 130 128 120> Продольно-скользящий затвор",,,ModItemInventoryItemCompositeDef FRF2 AdditionalHint
332519676407,Винтовка Мосина,,,ModItemInventoryItemCompositeDef Mosin DisplayName
155575466542,Винтовки Мосина,,,ModItemInventoryItemCompositeDef Mosin DisplayNamePlural
184716353189,"Основная винтовка советского солдата РККА во время ВОВ. Максимально стрательно была приведена к вариации СН - снят штык, загнута вниз рукоять затвора, приварено посадочное место для прицела. Однако, отсутствие маркировки на стволе выдает самозванку.",,,ModItemInventoryItemCompositeDef Mosin Description
954843079330,"<image UI/Conversation/T_Dialogue_IconBackgroundCircle.tga 400 130 128 120> Высокая дальнобойность
<image UI/Conversation/T_Dialogue_IconBackgroundCircle.tga 400 130 128 120> Нельзя поставить прицел высокой кратности
<image UI/Conversation/T_Dialogue_IconBackgroundCircle.tga 400 130 128 120> Продольно-скользящий затвор",,,ModItemInventoryItemCompositeDef Mosin AdditionalHint
490898404299,Zastava M76,,,ModItemInventoryItemCompositeDef ZastavaM76 DisplayName
992028820739,Zastava M76,,,ModItemInventoryItemCompositeDef ZastavaM76 DisplayNamePlural
900210432459,"Югославская снайперская винтовка, базируется на конструкции советского автомата Калашникова, адаптированной под существенно более мощный патрон 8мм Маузер. Для ""натянутого на глобус"" калаша стреляет неплохо, но до настоящей СВД еще далеко.",,,ModItemInventoryItemCompositeDef ZastavaM76 Description
384965650272,"<image UI/Conversation/T_Dialogue_IconBackgroundCircle.tga 400 130 128 120> Мощный патрон
<image UI/Conversation/T_Dialogue_IconBackgroundCircle.tga 400 130 128 120> Нельзя заменить прицел
<image UI/Conversation/T_Dialogue_IconBackgroundCircle.tga 400 130 128 120> Самозарядная",,,ModItemInventoryItemCompositeDef ZastavaM76 AdditionalHint
767457905117,СВД,,,ModItemInventoryItemCompositeDef DragunovSVD DisplayName
450085538742,СВД,,,ModItemInventoryItemCompositeDef DragunovSVD DisplayNamePlural
192014968211,"Не то, чем кажется на первый взгляд. Выглядит похожей на «калаш», но внутри у нее - газовый поршень короткого хода, снижающий отдачу и позволяющий точнее выполнять последующие выстрелы. Это даже не снайперская винтовка, это - высокоточное оружие поддержки на средних дистанциях.",,,ModItemInventoryItemCompositeDef DragunovSVD Description
657397646890,"<image UI/Conversation/T_Dialogue_IconBackgroundCircle.tga 400 130 128 120> Самозарядная
<image UI/Conversation/T_Dialogue_IconBackgroundCircle.tga 400 130 128 120> Поддерживает большинство прицелов
<image UI/Conversation/T_Dialogue_IconBackgroundCircle.tga 400 130 128 120> Высокая надежность",,,ModItemInventoryItemCompositeDef DragunovSVD AdditionalHint
236851493149,M24,,,ModItemInventoryItemCompositeDef M24Sniper DisplayName
642616206289,M24,,,ModItemInventoryItemCompositeDef M24Sniper DisplayNamePlural
948525225310,"Снайперская система армии США, заменившая М21 (которая, в свою очередь, базировалась на М14). Похоже, самозарядные винтовки так и не смогли обеспечить надежность и точность, которые дает старый добрый продольно-скользящий затвор.",,,ModItemInventoryItemCompositeDef M24Sniper Description
501996252394,"<image UI/Conversation/T_Dialogue_IconBackgroundCircle.tga 400 130 128 120> Поддерживает большинство прицелов
<image UI/Conversation/T_Dialogue_IconBackgroundCircle.tga 400 130 128 120> Точное и дальнобойное
<image UI/Conversation/T_Dialogue_IconBackgroundCircle.tga 400 130 128 120> Продольно-скользящий затвор",,,ModItemInventoryItemCompositeDef M24Sniper AdditionalHint
386997782094,PSG1,,,ModItemInventoryItemCompositeDef PSG1 DisplayName
329708244207,PSG1,,,ModItemInventoryItemCompositeDef PSG1 DisplayNamePlural
646462884292,"Самозарядная высокоточная винтовка, разработанная специально для полиции после Олимпиады в Мюнхене 1972 года. Конструкторы решили обойтись без механического прицела и сразу поставить оптику. Регулируемые приклад, щека приклада, спусковая группа и многое, многое другое. Всем своим видом эта винтовка кричит «Я могу хоть весь день наблюдать за захватом заложников в ожидании отмашки!».",,,ModItemInventoryItemCompositeDef PSG1 Description
733016956477,<image UI/Conversation/T_Dialogue_IconBackgroundCircle.tga 400 130 128 120> Очень высокая точность,,,ModItemInventoryItemCompositeDef PSG1 AdditionalHint
310512223442,M82,,,ModItemInventoryItemCompositeDef BarretM82 DisplayName
426533473098,M82,,,ModItemInventoryItemCompositeDef BarretM82 DisplayNamePlural
557208397047,"Патрон .50 BMG используется в тяжелых пулеметах (отсюда и название). Но что будет, если разработать на его основе самозарядное дальнобойное оружие? Правильно, вы получите прекрасную крупнокалиберную винтовку для поражения бронированных целей. Или «пушку для стрельбы сквозь стены». Впрочем, для компенсации отдачи к стволу этой дуры пришлось прикрутить дульный тормоз размером с саперную лопатку.",,,ModItemInventoryItemCompositeDef BarretM82 Description
983081130969,"<image UI/Conversation/T_Dialogue_IconBackgroundCircle.tga 400 130 128 120> Очень высокий урон
<image UI/Conversation/T_Dialogue_IconBackgroundCircle.tga 400 130 128 120> Высокая цена атаки
<image UI/Conversation/T_Dialogue_IconBackgroundCircle.tga 400 130 128 120> Дальнобойное
<image UI/Conversation/T_Dialogue_IconBackgroundCircle.tga 400 130 128 120> Громоздкое (нет бесплатного перемещения)",,,ModItemInventoryItemCompositeDef BarretM82 AdditionalHint
943405423723,Steyr Scout,,,ModItemInventoryItemCompositeDef ScoutSniper DisplayName
183417426090,Steyr Scout,,,ModItemInventoryItemCompositeDef ScoutSniper DisplayNamePlural
488490603550,"Австрийская снайперская винтовка. Оптический прицел кратности 2.5Х, установлен низко над стволом и с большим выносом вперед, что обеспечивает удобное прицеливание двумя глазами и быстрый захват цели.",,,ModItemInventoryItemCompositeDef ScoutSniper Description
148195756084,"<image UI/Conversation/T_Dialogue_IconBackgroundCircle.tga 400 130 128 120> Очень точное
<image UI/Conversation/T_Dialogue_IconBackgroundCircle.tga 400 130 128 120> Очень Дальнобойное
<image UI/Conversation/T_Dialogue_IconBackgroundCircle.tga 400 130 128 120> Продольно-скользящий затвор",,,ModItemInventoryItemCompositeDef ScoutSniper AdditionalHint
552213195349,Mac 2429,,,ModItemInventoryItemCompositeDef MAC2429 DisplayName
699873507904,Mac 2429,,,ModItemInventoryItemCompositeDef MAC2429 DisplayNamePlural
753860431473,"Французский ручной пулемет, использовавшийся французской армией во второй мировой войне. Такой небольшой опыт эксплуатации не позволил составить какое-то единое мнение о качествах оружия.",,,ModItemInventoryItemCompositeDef MAC2429 Description
950419465121,"<image UI/Conversation/T_Dialogue_IconBackgroundCircle.tga 400 130 128 120> Все еще стреляет
<image UI/Conversation/T_Dialogue_IconBackgroundCircle.tga 400 130 128 120> Легкое (Для пулемета)
<image UI/Conversation/T_Dialogue_IconBackgroundCircle.tga 400 130 128 120> Экономит патроны
<image UI/Conversation/T_Dialogue_IconBackgroundCircle.tga 400 130 128 120> Разваливается в руках",,,ModItemInventoryItemCompositeDef MAC2429 AdditionalHint
208130109185,BAR,,,ModItemInventoryItemCompositeDef BAR DisplayName
491964729306,BAR,,,ModItemInventoryItemCompositeDef BAR DisplayNamePlural
437863566700,"Джон Мозес Браунинг конечно гений, и все такой, но вот с разработкой BAR он явно опоздал. Концепция ""ружья-пулемета"", как в автомате Федорова или пулемете Гочкисса к началу 30-х годов уже безнадежно устарела, и потому BAR выглядит как неуклюжий косплей ручного пулемета, будучи слишком тяжелым для автоматической винтовки. Говорят, с тех пор американцы делать пулеметы так и не научились.",,,ModItemInventoryItemCompositeDef BAR Description
507634708705,"<image UI/Conversation/T_Dialogue_IconBackgroundCircle.tga 400 130 128 120> Все еще стреляет
<image UI/Conversation/T_Dialogue_IconBackgroundCircle.tga 400 130 128 120> Легкое (Для пулемета)
<image UI/Conversation/T_Dialogue_IconBackgroundCircle.tga 400 130 128 120> Экономит патроны
<image UI/Conversation/T_Dialogue_IconBackgroundCircle.tga 400 130 128 120> Разваливается в руках",,,ModItemInventoryItemCompositeDef BAR AdditionalHint
139415578141,ДП-27,,,ModItemInventoryItemCompositeDef DP27 DisplayName
898157383039,ДП-27,,,ModItemInventoryItemCompositeDef DP27 DisplayNamePlural
515250378427,"Ручной пулемет ДП был принят на вооружение РККА в 1927 году и стал одним из первых оружейных образцов, созданных с нуля в молодом Советском государстве. С честью прошел всю Великую Отечественную Войну и уже давно отошел от дел, но тут его нашли вы.",,,ModItemInventoryItemCompositeDef DP27 Description
314809950229,"<image UI/Conversation/T_Dialogue_IconBackgroundCircle.tga 400 130 128 120> Все еще стреляет
<image UI/Conversation/T_Dialogue_IconBackgroundCircle.tga 400 130 128 120> Легкое (Для пулемета)
<image UI/Conversation/T_Dialogue_IconBackgroundCircle.tga 400 130 128 120> Экономит патроны
<image UI/Conversation/T_Dialogue_IconBackgroundCircle.tga 400 130 128 120> Разваливается в руках",,,ModItemInventoryItemCompositeDef DP27 AdditionalHint
701162750877,MG42,,,ModItemInventoryItemCompositeDef MG42 DisplayName
309888556341,MG42,,,ModItemInventoryItemCompositeDef MG42 DisplayNamePlural
772611905636,"Благодаря невероятному темпу стрельбы MG42 позволяет максимально эффективно вести огонь на подавление. Дедушка старый, но дедушка - немец.",,,ModItemInventoryItemCompositeDef MG42 Description
767064492756,"<image UI/Conversation/T_Dialogue_IconBackgroundCircle.tga 400 130 128 120> Все еще стреляет
<image UI/Conversation/T_Dialogue_IconBackgroundCircle.tga 400 130 128 120> Громоздкое (нет бесплатного перемещения)
<image UI/Conversation/T_Dialogue_IconBackgroundCircle.tga 400 130 128 120> Расстреливает весь боекомплект за секунды
<image UI/Conversation/T_Dialogue_IconBackgroundCircle.tga 400 130 128 120> Разваливается в руках",,,ModItemInventoryItemCompositeDef MG42 AdditionalHint
675030648000,"M60 ""Свинья""",,,ModItemInventoryItemCompositeDef M60 DisplayName
140754638237,"M60 ""Свиньи""",,,ModItemInventoryItemCompositeDef M60 DisplayNamePlural
427477222608,"Американский единый пулемет, принятый на вооружение Армии и Флота США в 1957 году. Оказался не слишком удачным, что не помешало ему стать основным оружием поддержки американской пехоты в ходе войны во Вьетнаме. На безрыбье и свин - пулемет.",,,ModItemInventoryItemCompositeDef M60 Description
980935523572,"<image UI/Conversation/T_Dialogue_IconBackgroundCircle.tga 400 130 128 120> Громоздкое (нет бесплатного перемещения)
<image UI/Conversation/T_Dialogue_IconBackgroundCircle.tga 400 130 128 120> Низкая скорострельность
<image UI/Conversation/T_Dialogue_IconBackgroundCircle.tga 400 130 128 120> Имеет проблемы с надежностью",,,ModItemInventoryItemCompositeDef M60 AdditionalHint
274196971379,U100,,,ModItemInventoryItemCompositeDef U100 DisplayName
513469439741,U100,,,ModItemInventoryItemCompositeDef U100 DisplayNamePlural
612374129776,"Размышления на тему ""если автомату дать длинный ствол и большой магазин, получится переавтомат или недопулемет?"" из Сингапура. Вообще, за пулемет аргументов много - это и стрельба с заднего шептала, и сменный ствол. Питание из бубнов, конечно, но тут уж какие были ТЗ у заказчика.",,,ModItemInventoryItemCompositeDef U100 Description
994899562008,"<image UI/Conversation/T_Dialogue_IconBackgroundCircle.tga 400 130 128 120> Легкое (Для пулемета)
<image UI/Conversation/T_Dialogue_IconBackgroundCircle.tga 400 130 128 120> Имеет проблемы с надежностью
<image UI/Conversation/T_Dialogue_IconBackgroundCircle.tga 400 130 128 120> Низкая отдача",,,ModItemInventoryItemCompositeDef U100 AdditionalHint
902013148349,РПК,,,ModItemInventoryItemCompositeDef RPK DisplayName
578099858224,РПК,,,ModItemInventoryItemCompositeDef RPK DisplayNamePlural
447522836612,"Ручной пулемет, созданный на платформе АК: конструкторы поставили ствол потолще и еще несколько модификаций, чтобы РПК мог вести непрерывный огонь. Этот пулемет должен был занять роль оружия поддержки на уровне взвода, учитывая простоту использования и совместимость магазинов с остальными «калашами».",,,ModItemInventoryItemCompositeDef RPK Description
628584725425,"<image UI/Conversation/T_Dialogue_IconBackgroundCircle.tga 400 130 128 120> Легкое (Для пулемета)
<image UI/Conversation/T_Dialogue_IconBackgroundCircle.tga 400 130 128 120> Низкая скорострельность
<image UI/Conversation/T_Dialogue_IconBackgroundCircle.tga 400 130 128 120> Надежное
<image UI/Conversation/T_Dialogue_IconBackgroundCircle.tga 400 130 128 120> Пониженная отдача",,,ModItemInventoryItemCompositeDef RPK AdditionalHint
396403720354,РПД,,,ModItemInventoryItemCompositeDef RPD DisplayName
244584418958,РПД,,,ModItemInventoryItemCompositeDef RPD DisplayNamePlural
721095695459,"Ручной пулемет Дегтярева (РПД) был разработан в 1944 году под новый на тот момент патрон 7.62х39 мм. Впоследствии был заменен на РПК, но успел широко распространиться по странам соцлагеря, так что до сих пор встречается на поле боя.",,,ModItemInventoryItemCompositeDef RPD Description
364144943727,"<image UI/Conversation/T_Dialogue_IconBackgroundCircle.tga 400 130 128 120> Громоздкое (нет бесплатного перемещения)
<image UI/Conversation/T_Dialogue_IconBackgroundCircle.tga 400 130 128 120> Надежное",,,ModItemInventoryItemCompositeDef RPD AdditionalHint
686703345262,MG58,,,ModItemInventoryItemCompositeDef MG58 DisplayName
622579024401,MG58,,,ModItemInventoryItemCompositeDef MG58 DisplayNamePlural
752125656711,"Модифицированный MG42 со стволом из композитума-58, улучшенным прицелом и рядом доработок механизма. Встречайте: MG58. ",,,ModItemInventoryItemCompositeDef MG58 Description
719798581706,"<image UI/Conversation/T_Dialogue_IconBackgroundCircle.tga 400 130 128 120> Громоздкое (нет бесплатного перемещения)
<image UI/Conversation/T_Dialogue_IconBackgroundCircle.tga 400 130 128 120> MG42, но получше",,,ModItemInventoryItemCompositeDef MG58 AdditionalHint
777866477135,M60E3,,,ModItemInventoryItemCompositeDef M60E3 DisplayName
590963577850,M60E3,,,ModItemInventoryItemCompositeDef M60E3 DisplayNamePlural
196353573826,"Американский единый пулемет, принятый на вооружение Армии и Флота США в 1957 году. Оказался не слишком удачным, что не помешало ему стать основным оружием поддержки американской пехоты в ходе войны во Вьетнаме. На безрыбье и свин - пулемет.",,,ModItemInventoryItemCompositeDef M60E3 Description
804376339938,"<image UI/Conversation/T_Dialogue_IconBackgroundCircle.tga 400 130 128 120> Громоздкое (нет бесплатного перемещения)
<image UI/Conversation/T_Dialogue_IconBackgroundCircle.tga 400 130 128 120> Низкая скорострельность
<image UI/Conversation/T_Dialogue_IconBackgroundCircle.tga 400 130 128 120> Меньше затраты ОД на выстрел",,,ModItemInventoryItemCompositeDef M60E3 AdditionalHint
840628229341,M60E4,,,ModItemInventoryItemCompositeDef M60E4 DisplayName
406643195086,M60E4,,,ModItemInventoryItemCompositeDef M60E4 DisplayNamePlural
138386981108,"Последняя на данный момент попытка сделать-таки из ""свина"" нормальный единый пулемет. Но нет, М60 все так же тяжел, капризен, требователен к патронам. Это пулемет-то, требователен к патронам...",,,ModItemInventoryItemCompositeDef M60E4 Description
688401329425,"<image UI/Conversation/T_Dialogue_IconBackgroundCircle.tga 400 130 128 120> Громоздкое (нет бесплатного перемещения)
<image UI/Conversation/T_Dialogue_IconBackgroundCircle.tga 400 130 128 120> Низкая скорострельность",,,ModItemInventoryItemCompositeDef M60E4 AdditionalHint
697248384367,FN MAG,,,ModItemInventoryItemCompositeDef FNMAG DisplayName
913115834367,FN MAG,,,ModItemInventoryItemCompositeDef FNMAG DisplayNamePlural
135017474548,"Единый пулемет бельгийского производства, под патрон 7.62 NATO. Разработанный в 1950х, до сих пор является образцовым оружием. Максимальная универсальность, возможность крепления на технику, на станок, стрельбы с рук и сошек, сменный ствол. Вот только... тяжелый, падлюка.",,,ModItemInventoryItemCompositeDef FNMAG Description
571337519222,"<image UI/Conversation/T_Dialogue_IconBackgroundCircle.tga 400 130 128 120> Громоздкое (нет бесплатного перемещения)
<image UI/Conversation/T_Dialogue_IconBackgroundCircle.tga 400 130 128 120> Высокая скорострельность
<image UI/Conversation/T_Dialogue_IconBackgroundCircle.tga 400 130 128 120> Высокая дальность",,,ModItemInventoryItemCompositeDef FNMAG AdditionalHint
699539890391,РПК-74,,,ModItemInventoryItemCompositeDef RPK74 DisplayName
102234888671,РПК-74,,,ModItemInventoryItemCompositeDef RPK74 DisplayNamePlural
769935993947,Описание в сделку не входило :(,,,ModItemInventoryItemCompositeDef RPK74 Description
986143712455,"<image UI/Conversation/T_Dialogue_IconBackgroundCircle.tga 400 130 128 120> Легкое (Для пулемета)
<image UI/Conversation/T_Dialogue_IconBackgroundCircle.tga 400 130 128 120> Низкая скорострельность
<image UI/Conversation/T_Dialogue_IconBackgroundCircle.tga 400 130 128 120> Надежное
<image UI/Conversation/T_Dialogue_IconBackgroundCircle.tga 400 130 128 120> Пониженная отдача",,,ModItemInventoryItemCompositeDef RPK74 AdditionalHint
406430609148,Minimi,,,ModItemInventoryItemCompositeDef FNMinimi DisplayName
676274427399,Minimi,,,ModItemInventoryItemCompositeDef FNMinimi DisplayNamePlural
720585289259,"Пулемет Minimi под патрон 5.56 НАТО разрабатывался в качестве оружия поддержки на уровне взвода. Он настолько хорошо исполнял свою роль, что его приняли на вооружение ВС США, и теперь весь мир знает его как М249 SAW. Также существует вариант Minimi под патрон 7,62 НАТО.",,,ModItemInventoryItemCompositeDef FNMinimi Description
658020541249,"<image UI/Conversation/T_Dialogue_IconBackgroundCircle.tga 400 130 128 120> Легкое (Для пулемета)
<image UI/Conversation/T_Dialogue_IconBackgroundCircle.tga 400 130 128 120> Очень высокая скорострельность
<image UI/Conversation/T_Dialogue_IconBackgroundCircle.tga 400 130 128 120> Низкая отдача",,,ModItemInventoryItemCompositeDef FNMinimi AdditionalHint
982226088277,HK21,,,ModItemInventoryItemCompositeDef HK21 DisplayName
296685637439,HK21,,,ModItemInventoryItemCompositeDef HK21 DisplayNamePlural
138408344781,"Возьмите штурмовую винтовку и пулемет, соедините их в одно - и на выходе получите HK21. Впрочем, в отличие от многих гибридов, обе свои роли он выполняет на удивление хорошо.",,,ModItemInventoryItemCompositeDef HK21 Description
463738662923,"<image UI/Conversation/T_Dialogue_IconBackgroundCircle.tga 400 130 128 120> Легкое (Для пулемета)
<image UI/Conversation/T_Dialogue_IconBackgroundCircle.tga 400 130 128 120> Очень высокая скорострельность
<image UI/Conversation/T_Dialogue_IconBackgroundCircle.tga 400 130 128 120> Низкая отдача
<image UI/Conversation/T_Dialogue_IconBackgroundCircle.tga 400 130 128 120> Высокая точность",,,ModItemInventoryItemCompositeDef HK21 AdditionalHint
164553690051,HK23e,,,ModItemInventoryItemCompositeDef HK23e DisplayName
808491258671,HK23e,,,ModItemInventoryItemCompositeDef HK23e DisplayNamePlural
916138962648,"HK 23E - последний серийный вариант пулемета HK 21 в калибре 5.56mm NATO. Имеет удлиненную ствольную коробку и модифицированный спусковой механизм, допускающий ведение огня очередями с отсечкой по 3 выстрела.",,,ModItemInventoryItemCompositeDef HK23e Description
894589757511,"<image UI/Conversation/T_Dialogue_IconBackgroundCircle.tga 400 130 128 120> Легкое (Для пулемета)
<image UI/Conversation/T_Dialogue_IconBackgroundCircle.tga 400 130 128 120> Очень высокая скорострельность
<image UI/Conversation/T_Dialogue_IconBackgroundCircle.tga 400 130 128 120> Низкая отдача
<image UI/Conversation/T_Dialogue_IconBackgroundCircle.tga 400 130 128 120> Высокая точность",,,ModItemInventoryItemCompositeDef HK23e AdditionalHint
316346095669,ПКМ,,,ModItemInventoryItemCompositeDef PKM DisplayName
434663809021,ПКМ,,,ModItemInventoryItemCompositeDef PKM DisplayNamePlural
618303824283,"Единый пулемет советской и российской армии. Разработан в 1960-х. Может использоваться на технике, на станке, в пехотном варианте. Легче в полтора раза, чем большинство натовских пулеметов. Легенда надежности.",,,ModItemInventoryItemCompositeDef PKM Description
697265057148,"<image UI/Conversation/T_Dialogue_IconBackgroundCircle.tga 400 130 128 120> Громоздкое (нет бесплатного перемещения)
<image UI/Conversation/T_Dialogue_IconBackgroundCircle.tga 400 130 128 120> Исключительная надежность
<image UI/Conversation/T_Dialogue_IconBackgroundCircle.tga 400 130 128 120> Высокая дальность",,,ModItemInventoryItemCompositeDef PKM AdditionalHint
962741887294,M2 Browning,,,ModItemInventoryItemCompositeDef BrowningM2HMG DisplayName
403369048871,M2 Browning,,,ModItemInventoryItemCompositeDef BrowningM2HMG DisplayNamePlural
730311429139,"Когда на покупку танка денег нет, но жертвовать огневой мощью не вариант.",,,ModItemInventoryItemCompositeDef BrowningM2HMG Description
825797209582,"<image UI/Conversation/T_Dialogue_IconBackgroundCircle.tga 400 130 128 120> Стационарное оружие
<image UI/Conversation/T_Dialogue_IconBackgroundCircle.tga 400 130 128 120> Очень высокий урон
<image UI/Conversation/T_Dialogue_IconBackgroundCircle.tga 400 130 128 120> Очень шумное",,,ModItemInventoryItemCompositeDef BrowningM2HMG AdditionalHint
958980761320,Двустволка,,,ModItemInventoryItemCompositeDef DoubleBarrelShotgun DisplayName
362247337145,Двустволки,,,ModItemInventoryItemCompositeDef DoubleBarrelShotgun DisplayNamePlural
300079183563,"Простое охотничье оружие. Модные боевые дробовики могут быть самозарядными или вообще стрелять очередями, но только эта дедовская двустволка способна выстреливать по два патрона за раз. Как сказал один великий серьезный человек ""Из двух стволов стрелять в два раза веселее"".",,,ModItemInventoryItemCompositeDef DoubleBarrelShotgun Description
803974728574,"<image UI/Conversation/T_Dialogue_IconBackgroundCircle.tga 400 130 128 120> Двустволка
<image UI/Conversation/T_Dialogue_IconBackgroundCircle.tga 400 130 128 120> Может стрелять дуплетом",,,ModItemInventoryItemCompositeDef DoubleBarrelShotgun AdditionalHint
568322631068,Auto-5,,,ModItemInventoryItemCompositeDef Auto5 DisplayName
151473433799,Auto-5,,,ModItemInventoryItemCompositeDef Auto5 DisplayNamePlural
698024100144,"Первый самозарядный дробовик массового производства в мире. Кто бы мог подумать, что он станет идеальным оружием для стычек в джунглях на короткой дистанции?",,,ModItemInventoryItemCompositeDef Auto5 Description
172498628457,<image UI/Conversation/T_Dialogue_IconBackgroundCircle.tga 400 130 128 120> Самозарядный: низкая цена атаки,,,ModItemInventoryItemCompositeDef Auto5 AdditionalHint
314341924289,M1897,,,ModItemInventoryItemCompositeDef M1897 DisplayName
635909496432,M1897,,,ModItemInventoryItemCompositeDef M1897 DisplayNamePlural
908420292060,"Американцы - люди практичные, своевременно отвечающие вызовам времени. Нужно убивать врагов в окопах - выдадим солдату дробовик! У солдата кончились патроны - придадим к дробовику штык! И казалось бы, дядька пулемет давно отправил на свалку истории эти окопные мясорубки, но Легиону Гранд Чиена на занятиях политинформацией об этом рассказать забыли.",,,ModItemInventoryItemCompositeDef M1897 Description
455020895218,<image UI/Conversation/T_Dialogue_IconBackgroundCircle.tga 400 130 128 120> Помповый: высокая цена атаки,,,ModItemInventoryItemCompositeDef M1897 AdditionalHint
884743661665,Вертикалка,,,ModItemInventoryItemCompositeDef Stoeger DisplayName
299766716352,Вертикалки,,,ModItemInventoryItemCompositeDef Stoeger DisplayNamePlural
173614999924,"Бокфлинт - или двуствольное охотничье ружье ""вертикалка"". Для местных выглядит дороговасто, так что, похоже, кое-кто из иностранных туристов-охотников решил перехать в Гранд-Чиен навсегда.",,,ModItemInventoryItemCompositeDef Stoeger Description
151463192777,<image UI/Conversation/T_Dialogue_IconBackgroundCircle.tga 400 130 128 120> Помповый: высокая цена атаки,,,ModItemInventoryItemCompositeDef Stoeger AdditionalHint
158979333373,R870,,,ModItemInventoryItemCompositeDef R870 DisplayName
586410596868,R870,,,ModItemInventoryItemCompositeDef R870 DisplayNamePlural
795520427160,"Классическое ""американское"" помповое гладкоствольное ружье в охотничьей комплектации с подствольным магазином, вмещающим достаточно маленьких и злых патронов 12 калибра. Охота? Самооборона? Массовые беспорядки? Возьмите Рем, он был для этого сделан.",,,ModItemInventoryItemCompositeDef R870 Description
224384324661,<image UI/Conversation/T_Dialogue_IconBackgroundCircle.tga 400 130 128 120> Помповый: высокая цена атаки,,,ModItemInventoryItemCompositeDef R870 AdditionalHint
477319812950,Страйкер,,,ModItemInventoryItemCompositeDef Striker DisplayName
759071718742,Страйкеры,,,ModItemInventoryItemCompositeDef Striker DisplayNamePlural
411082630843,"Большой 12-ти зарядный гладкоствольный револьвер 12 калибра. ""Барабан"" неотъемный, заряжается и разряжается по одному патрону серез специальное окно, взводится вручную отдельной боевой пружиной. Получилась огромная устрашающего вида гаргалыга, весьма популярная у полицейских формирований в Африке. ",,,ModItemInventoryItemCompositeDef Striker Description
826918513106,<image UI/Conversation/T_Dialogue_IconBackgroundCircle.tga 400 130 128 120> Револьверного типа: низкая цена атаки,,,ModItemInventoryItemCompositeDef Striker AdditionalHint
748784724068,Ithaca37,,,ModItemInventoryItemCompositeDef Ithaca DisplayName
983985482936,Ithaca37,,,ModItemInventoryItemCompositeDef Ithaca DisplayNamePlural
748459940945,"Популярное некогда ружье для охоты, самообороны и даже иногда нападения. Сейчас, конечно, сдает позиции более коммерчески успешным образцам, но нет-нет да иногда где-ниубдь мелькнет. Ну вы помните, да - Идем со мной, если хочешь жить!",,,ModItemInventoryItemCompositeDef Ithaca Description
729175436095,<image UI/Conversation/T_Dialogue_IconBackgroundCircle.tga 400 130 128 120> Помповый: высокая цена атаки,,,ModItemInventoryItemCompositeDef Ithaca AdditionalHint
598127343315,M1014,,,ModItemInventoryItemCompositeDef M41Shotgun DisplayName
734968944648,M1014,,,ModItemInventoryItemCompositeDef M41Shotgun DisplayNamePlural
533710014352,"Самозарядный итальянец 12-го калибра. Благодаря неприхотливости и надежности стал любимцем как полиции, так и армии.",,,ModItemInventoryItemCompositeDef M41Shotgun Description
980342064206,"<image UI/Conversation/T_Dialogue_IconBackgroundCircle.tga 400 130 128 120> Увеличенная дальнобойность
<image UI/Conversation/T_Dialogue_IconBackgroundCircle.tga 400 130 128 120> Увеличенная эффективность прицеливания
<image UI/Conversation/T_Dialogue_IconBackgroundCircle.tga 400 130 128 120> Самозарядный: низкая цена атаки",,,ModItemInventoryItemCompositeDef M41Shotgun AdditionalHint
806477445638,SPAS-12,,,ModItemInventoryItemCompositeDef SPAS12 DisplayName
503667891235,SPAS-12,,,ModItemInventoryItemCompositeDef SPAS12 DisplayNamePlural
371856102504,"Харизматичный боевой дробовик, который участвовал, наверное, в каждом боевике 80х и 90х. Кроме запоминающегося внешнего вида примечателен еще тем, что запрещен к продаже во многих странах, включая США. К сожалению, выпуск запчастей и обслуживание имеющихся на руках у владельцев дробовиков SPAS компанией Franchi был прекращен. Рыночек. Порешал.",,,ModItemInventoryItemCompositeDef SPAS12 Description
446963667244,"<image UI/Conversation/T_Dialogue_IconBackgroundCircle.tga 400 130 128 120> Увеличенная эффективность прицеливания
<image UI/Conversation/T_Dialogue_IconBackgroundCircle.tga 400 130 128 120> Самозарядный: низкая цена атаки",,,ModItemInventoryItemCompositeDef SPAS12 AdditionalHint
691432032926,USAS12,,,ModItemInventoryItemCompositeDef USAS12 DisplayName
190616570236,USAS12,,,ModItemInventoryItemCompositeDef USAS12 DisplayNamePlural
143933161451,"Гладкоствольное боевое ружье USAS-12 разработано американцем для американцев, максимально похоже внешне на любимые ими винтовки AR-15. Для продажи в США, однако, оказалось запрещено, поэтому начало скитаться по миру, отметившись в ЮАР и в Южной Корее.",,,ModItemInventoryItemCompositeDef USAS12 Description
542084016914,<image UI/Conversation/T_Dialogue_IconBackgroundCircle.tga 400 130 128 120> Особый режим стрельбы: очередь из дробовика,,,ModItemInventoryItemCompositeDef USAS12 AdditionalHint
350925896314,AA12,,,ModItemInventoryItemCompositeDef AA12 DisplayName
616960509197,AA12,,,ModItemInventoryItemCompositeDef AA12 DisplayNamePlural
360452465782,"АА12 со своим свободным затвором больше похож на пистолет-пулемет, чем на классический дробовик. Ценится за способность вести продолжительную стрельбу благодаря довольно низкой для 12-го калибра отдаче.",,,ModItemInventoryItemCompositeDef AA12 Description
965441888238,<image UI/Conversation/T_Dialogue_IconBackgroundCircle.tga 400 130 128 120> Особый режим стрельбы: очередь из дробовика,,,ModItemInventoryItemCompositeDef AA12 AdditionalHint
783401479277,MGL,,,ModItemInventoryItemCompositeDef MGL DisplayName
294070434072,MGL,,,ModItemInventoryItemCompositeDef MGL DisplayNamePlural
792209575350,Шестизарядный револьверный гранатомет производства ЮАР. Максимально широко распространен по всему миру. Максимально широко распространяет других людей.,,,ModItemInventoryItemCompositeDef MGL Description
547614152882,"<image UI/Conversation/T_Dialogue_IconBackgroundCircle.tga 400 130 128 120> Стреляет дальнобойными 40-мм гранатами
<image UI/Conversation/T_Dialogue_IconBackgroundCircle.tga 400 130 128 120> Вероятность неудачи растет с увеличением расстояния
<image UI/Conversation/T_Dialogue_IconBackgroundCircle.tga 400 130 128 120> Громоздкое (нет бесплатного перемещения)",,,ModItemInventoryItemCompositeDef MGL AdditionalHint
967355866503,M79,,,ModItemInventoryItemCompositeDef M79 DisplayName
209035379542,M79,,,ModItemInventoryItemCompositeDef M79 DisplayNamePlural
404670832927,"Легендарный американский 40 мм пехотный гранатомет времен войны во Вьетнаме, являющийся пращуром современных ""подствольников"". На прикладе ножом в спешке вырезано ""Джонни, они на деревьях!""",,,ModItemInventoryItemCompositeDef M79 Description
614582609209,"<image UI/Conversation/T_Dialogue_IconBackgroundCircle.tga 400 130 128 120> Стреляет дальнобойными 40-мм гранатами
<image UI/Conversation/T_Dialogue_IconBackgroundCircle.tga 400 130 128 120> Вероятность неудачи растет с увеличением расстояния",,,ModItemInventoryItemCompositeDef M79 AdditionalHint
392423673121,China Lake,,,ModItemInventoryItemCompositeDef China_Lake DisplayName
153480309484,China Lake,,,ModItemInventoryItemCompositeDef China_Lake DisplayNamePlural
950218567094,Когда однозарядного 40-мм подствольного гранатомета уже не хватает. MGL предоставляет бойцу простой и эффективный способ завалить поле боя взрывчаткой - или другими типами боеприпасов.,,,ModItemInventoryItemCompositeDef China_Lake Description
829711269189,"<image UI/Conversation/T_Dialogue_IconBackgroundCircle.tga 400 130 128 120> Стреляет дальнобойными 40-мм гранатами
<image UI/Conversation/T_Dialogue_IconBackgroundCircle.tga 400 130 128 120> Вероятность неудачи растет с увеличением расстояния
<image UI/Conversation/T_Dialogue_IconBackgroundCircle.tga 400 130 128 120> Громоздкое (нет бесплатного перемещения)",,,ModItemInventoryItemCompositeDef China_Lake AdditionalHint
272796152033,Миномет,,,ModItemInventoryItemCompositeDef MortarInventoryItem DisplayName
186017172242,Минометы,,,ModItemInventoryItemCompositeDef MortarInventoryItem DisplayNamePlural
471598442971,"60 мм ротный пехотный миномет производства США. Хорошо, когда он на твоей стороне. И плохо, когда не на твоей.",,,ModItemInventoryItemCompositeDef MortarInventoryItem Description
875089606300,"<image UI/Conversation/T_Dialogue_IconBackgroundCircle.tga 400 130 128 120> После небольшой задержки обстреливает указанную область вдалеке
<image UI/Conversation/T_Dialogue_IconBackgroundCircle.tga 400 130 128 120> Громоздкое (нет бесплатного перемещения)",,,ModItemInventoryItemCompositeDef MortarInventoryItem AdditionalHint
577798069026,РПГ-7,,,ModItemInventoryItemCompositeDef RPG7 DisplayName
517779757727,РПГ-7,,,ModItemInventoryItemCompositeDef RPG7 DisplayNamePlural
871670886343,"Ручной противотанковый гранатомет. Часто, когда говорят ""гранатомет"", или ""РПГ"", имеют в виду именно РПГ-7. Снаряжается надкалиберными 40 мм гранатами, с широкой номенклатурой используемых типов боеприпасов. ",,,ModItemInventoryItemCompositeDef RPG7 Description
898554698846,"<image UI/Conversation/T_Dialogue_IconBackgroundCircle.tga 400 130 128 120> Выстреливает снаряд, летящий по прямой до цели
<image UI/Conversation/T_Dialogue_IconBackgroundCircle.tga 400 130 128 120> Наносит небольшой урон стоящим позади стрелка
<image UI/Conversation/T_Dialogue_IconBackgroundCircle.tga 400 130 128 120> Вероятность неудачи растет с увеличением расстояния
<image UI/Conversation/T_Dialogue_IconBackgroundCircle.tga 400 130 128 120> Громоздкое (нет бесплатного перемещения)",,,ModItemInventoryItemCompositeDef RPG7 AdditionalHint
136295884492,Подствол. гранатомет,,,ModItemInventoryItemCompositeDef UnderslungGrenadeLauncher DisplayName
197814872939,Подствол. гранатометы,,,ModItemInventoryItemCompositeDef UnderslungGrenadeLauncher DisplayNamePlural
571618962584,M72LAW2,,,ModItemInventoryItemCompositeDef M72LAW DisplayName
672169315924,M72LAW2,,,ModItemInventoryItemCompositeDef M72LAW DisplayNamePlural
360958891640,"Изначально разработанный как противотанковое оружие, этот реактивный гранатомет сейчас используется против легкой техники, зданий и вообще всего, что не понравится оператору установки.",,,ModItemInventoryItemCompositeDef M72LAW Description
212940999666,"<image UI/Conversation/T_Dialogue_IconBackgroundCircle.tga 400 130 128 120> Выстреливает снаряд, летящий по прямой до цели
<image UI/Conversation/T_Dialogue_IconBackgroundCircle.tga 400 130 128 120> Наносит небольшой урон стоящим позади стрелка
<image UI/Conversation/T_Dialogue_IconBackgroundCircle.tga 400 130 128 120> Вероятность неудачи растет с увеличением расстояния
<image UI/Conversation/T_Dialogue_IconBackgroundCircle.tga 400 130 128 120> Громоздкое (нет бесплатного перемещения)",,,ModItemInventoryItemCompositeDef M72LAW AdditionalHint
655835437728,Граната M24,,,ModItemInventoryItemCompositeDef FragGrenade DisplayName
768269989582,Гранаты M24,,,ModItemInventoryItemCompositeDef FragGrenade DisplayNamePlural
298542241125,<image UI/Conversation/T_Dialogue_IconBackgroundCircle.tga 400 130 128 120> Взрывается при контакте,,,ModItemInventoryItemCompositeDef FragGrenade AdditionalHint
609182030271,Граната Mk2,,,ModItemInventoryItemCompositeDef HE_Grenade DisplayName
649137351724,Гранаты Mk2,,,ModItemInventoryItemCompositeDef HE_Grenade DisplayNamePlural
945007820899,<image UI/Conversation/T_Dialogue_IconBackgroundCircle.tga 400 130 128 120> Взрывается при контакте,,,ModItemInventoryItemCompositeDef HE_Grenade AdditionalHint
148415301104,Самодельная бомба,,,ModItemInventoryItemCompositeDef PipeBomb DisplayName
329151782239,Самодельные бомбы,,,ModItemInventoryItemCompositeDef PipeBomb DisplayNamePlural
524218240083,"<image UI/Conversation/T_Dialogue_IconBackgroundCircle.tga 400 130 128 120> Взрывается через 1 ход (или 5 секунд не в бою)
<image UI/Conversation/T_Dialogue_IconBackgroundCircle.tga 400 130 128 120> Высокая вероятность неудачи
<image UI/Conversation/T_Dialogue_IconBackgroundCircle.tga 400 130 128 120> Вызывает кровотечение",,,ModItemInventoryItemCompositeDef PipeBomb AdditionalHint
405527754639,Светошумовая граната,,,ModItemInventoryItemCompositeDef ConcussiveGrenade DisplayName
803423716392,Светошумовые гранаты,,,ModItemInventoryItemCompositeDef ConcussiveGrenade DisplayNamePlural
630285959154,"<image UI/Conversation/T_Dialogue_IconBackgroundCircle.tga 400 130 128 120> Ослепляет цель
<image UI/Conversation/T_Dialogue_IconBackgroundCircle.tga 400 130 128 120> Отменяет ответный огонь и уменьшает бонусы от укрытия в центре взрыва
<image UI/Conversation/T_Dialogue_IconBackgroundCircle.tga 400 130 128 120> Почти бесшумное",,,ModItemInventoryItemCompositeDef ConcussiveGrenade AdditionalHint
218967800978,Сигнальная шашка,,,ModItemInventoryItemCompositeDef FlareStick DisplayName
949102836629,Сигнальные шашки,,,ModItemInventoryItemCompositeDef FlareStick DisplayNamePlural
454019902658,"<image UI/Conversation/T_Dialogue_IconBackgroundCircle.tga 400 130 128 120> Освещает большую территорию
<image UI/Conversation/T_Dialogue_IconBackgroundCircle.tga 400 130 128 120> Высокая вероятность неудачи
<image UI/Conversation/T_Dialogue_IconBackgroundCircle.tga 400 130 128 120> Бесшумное",,,ModItemInventoryItemCompositeDef FlareStick AdditionalHint
495856773729,ХИС,,,ModItemInventoryItemCompositeDef GlowStick DisplayName
118589876778,ХИС,,,ModItemInventoryItemCompositeDef GlowStick DisplayNamePlural
900827058123,<image UI/Conversation/T_Dialogue_IconBackgroundCircle.tga 400 130 128 120> Освещает небольшую область,,,ModItemInventoryItemCompositeDef GlowStick AdditionalHint
197087230194,Коктейль Молотова,,,ModItemInventoryItemCompositeDef Molotov DisplayName
524402783050,Коктейли Молотова,,,ModItemInventoryItemCompositeDef Molotov DisplayNamePlural
736312499226,"<image UI/Conversation/T_Dialogue_IconBackgroundCircle.tga 400 130 128 120> Воспламеняет место попадания и вызывает у целей <color EmStyle>горение</color>
<image UI/Conversation/T_Dialogue_IconBackgroundCircle.tga 400 130 128 120> Высокая вероятность неудачи",,,ModItemInventoryItemCompositeDef Molotov AdditionalHint
446034504724,Дымовая граната,,,ModItemInventoryItemCompositeDef SmokeGrenade DisplayName
190533794124,Дымовые гранаты,,,ModItemInventoryItemCompositeDef SmokeGrenade DisplayNamePlural
325306443953,"<image UI/Conversation/T_Dialogue_IconBackgroundCircle.tga 400 130 128 120> Выстрелы, совершенные сквозь облака газа, дают лишь <color EmStyle>незначительные попадания</color>
<image UI/Conversation/T_Dialogue_IconBackgroundCircle.tga 400 130 128 120> Не наносит урона
<image UI/Conversation/T_Dialogue_IconBackgroundCircle.tga 400 130 128 120> Почти бесшумна",,,ModItemInventoryItemCompositeDef SmokeGrenade AdditionalHint
315230093872,Граната со слез. газом,,,ModItemInventoryItemCompositeDef TearGasGrenade DisplayName
633125038262,Гранаты со слез. газом,,,ModItemInventoryItemCompositeDef TearGasGrenade DisplayNamePlural
382594599351,"<image UI/Conversation/T_Dialogue_IconBackgroundCircle.tga 400 130 128 120> Вызывает <color EmStyle>слепоту</color>
<image UI/Conversation/T_Dialogue_IconBackgroundCircle.tga 400 130 128 120> Выстрелы, совершенные сквозь облака газа, дают лишь <color EmStyle>незначительные попадания</color>
<image UI/Conversation/T_Dialogue_IconBackgroundCircle.tga 400 130 128 120> Не наносит урона
<image UI/Conversation/T_Dialogue_IconBackgroundCircle.tga 400 130 128 120> Высокая вероятность неудачи
<image UI/Conversation/T_Dialogue_IconBackgroundCircle.tga 400 130 128 120> Почти бесшумна",,,ModItemInventoryItemCompositeDef TearGasGrenade AdditionalHint
436531901276,Граната с горч. газом,,,ModItemInventoryItemCompositeDef ToxicGasGrenade DisplayName
267116155278,Гранаты с горч. газом,,,ModItemInventoryItemCompositeDef ToxicGasGrenade DisplayNamePlural
414268723845,"<image UI/Conversation/T_Dialogue_IconBackgroundCircle.tga 400 130 128 120> Вызывает <color EmStyle>удушье</color>
<image UI/Conversation/T_Dialogue_IconBackgroundCircle.tga 400 130 128 120> Выстрелы, совершенные сквозь облака газа, дают лишь незначительные попадания
<image UI/Conversation/T_Dialogue_IconBackgroundCircle.tga 400 130 128 120> Высокая вероятность неудачи
<image UI/Conversation/T_Dialogue_IconBackgroundCircle.tga 400 130 128 120> Почти бесшумна",,,ModItemInventoryItemCompositeDef ToxicGasGrenade AdditionalHint
536506055069,Кумулятивный заряд,,,ModItemInventoryItemCompositeDef ShapedCharge DisplayName
861935678411,Кумулятивные заряды,,,ModItemInventoryItemCompositeDef ShapedCharge DisplayNamePlural
761371985583,"<image UI/Conversation/T_Dialogue_IconBackgroundCircle.tga 400 130 128 120> Наносит урон по сектору
<image UI/Conversation/T_Dialogue_IconBackgroundCircle.tga 400 130 128 120> Высокая вероятность неудачи при использовании всеми, кроме Барри",,,ModItemInventoryItemCompositeDef ShapedCharge AdditionalHint
573574630952,Бесконтактная С4,,,ModItemInventoryItemCompositeDef ProximityC4 DisplayName
966111007120,Бесконтактная С4,,,ModItemInventoryItemCompositeDef ProximityC4 DisplayNamePlural
224655812511,"<image UI/Conversation/T_Dialogue_IconBackgroundCircle.tga 400 130 128 120> Взрывается, когда враг подходит к заряду на близкое расстояние",,,ModItemInventoryItemCompositeDef ProximityC4 AdditionalHint
668842547393,Бесконтактная ТЭН,,,ModItemInventoryItemCompositeDef ProximityPETN DisplayName
810980081250,Бесконтактная ТЭН,,,ModItemInventoryItemCompositeDef ProximityPETN DisplayNamePlural
779499077536,"<image UI/Conversation/T_Dialogue_IconBackgroundCircle.tga 400 130 128 120> Взрывается, когда враг подходит к заряду на близкое расстояние",,,ModItemInventoryItemCompositeDef ProximityPETN AdditionalHint
546129123767,Бесконтактный динамит,,,ModItemInventoryItemCompositeDef ProximityTNT DisplayName
164266712269,Бесконтактный динамит,,,ModItemInventoryItemCompositeDef ProximityTNT DisplayNamePlural
375890319557,"<image UI/Conversation/T_Dialogue_IconBackgroundCircle.tga 400 130 128 120> Взрывается, когда враг подходит к заряду на близкое расстояние
<image UI/Conversation/T_Dialogue_IconBackgroundCircle.tga 400 130 128 120> Высокая вероятность неудачи",,,ModItemInventoryItemCompositeDef ProximityTNT AdditionalHint
106465708989,Дистанционная С4,,,ModItemInventoryItemCompositeDef RemoteC4 DisplayName
737598528656,Дистанционная С4,,,ModItemInventoryItemCompositeDef RemoteC4 DisplayNamePlural
368779185982,<image UI/Conversation/T_Dialogue_IconBackgroundCircle.tga 400 130 128 120> Заряд подрывается с помощью пульта ДУ,,,ModItemInventoryItemCompositeDef RemoteC4 AdditionalHint
945988577801,Дистанционная ТЭН,,,ModItemInventoryItemCompositeDef RemotePETN DisplayName
515991700974,Дистанционная ТЭН,,,ModItemInventoryItemCompositeDef RemotePETN DisplayNamePlural
712990303092,<image UI/Conversation/T_Dialogue_IconBackgroundCircle.tga 400 130 128 120> Заряд подрывается с помощью пульта ДУ,,,ModItemInventoryItemCompositeDef RemotePETN AdditionalHint
891971466367,Дистанционный динамит,,,ModItemInventoryItemCompositeDef RemoteTNT DisplayName
782975012753,Дистанционный динамит,,,ModItemInventoryItemCompositeDef RemoteTNT DisplayNamePlural
343392841621,"<image UI/Conversation/T_Dialogue_IconBackgroundCircle.tga 400 130 128 120> Заряд подрывается с помощью пульта ДУ
<image UI/Conversation/T_Dialogue_IconBackgroundCircle.tga 400 130 128 120> Высокая вероятность неудачи",,,ModItemInventoryItemCompositeDef RemoteTNT AdditionalHint
298565110615,C4 с таймером,,,ModItemInventoryItemCompositeDef TimedC4 DisplayName
694094414952,C4 с таймером,,,ModItemInventoryItemCompositeDef TimedC4 DisplayNamePlural
377890721582,<image UI/Conversation/T_Dialogue_IconBackgroundCircle.tga 400 130 128 120> Взрывается через 1 ход (или 5 секунд не в бою),,,ModItemInventoryItemCompositeDef TimedC4 AdditionalHint
889962003949,ТЭН с таймером,,,ModItemInventoryItemCompositeDef TimedPETN DisplayName
187370715048,ТЭН с таймером,,,ModItemInventoryItemCompositeDef TimedPETN DisplayNamePlural
370089653766,<image UI/Conversation/T_Dialogue_IconBackgroundCircle.tga 400 130 128 120> Взрывается через 1 ход (или 5 секунд не в бою),,,ModItemInventoryItemCompositeDef TimedPETN AdditionalHint
308754319774,Динамит с таймером,,,ModItemInventoryItemCompositeDef TimedTNT DisplayName
244565831872,Динамит с таймером,,,ModItemInventoryItemCompositeDef TimedTNT DisplayNamePlural
319393461447,"<image UI/Conversation/T_Dialogue_IconBackgroundCircle.tga 400 130 128 120> Взрывается через 1 ход (или 5 секунд не в бою)
<image UI/Conversation/T_Dialogue_IconBackgroundCircle.tga 400 130 128 120> Высокая вероятность неудачи",,,ModItemInventoryItemCompositeDef TimedTNT AdditionalHint
776245354326,Порох,,,ModItemInventoryItemCompositeDef BlackPowder DisplayName
131934501209,Порох,,,ModItemInventoryItemCompositeDef BlackPowder DisplayNamePlural
819392598605,<image UI/Conversation/T_Dialogue_IconBackgroundCircle.tga 400 130 128 120> Используется в ходе операций «Изготовление боеприпасов» и «Изготовление взрывчатки»,,,ModItemInventoryItemCompositeDef BlackPowder AdditionalHint
261791014009,C4,,,ModItemInventoryItemCompositeDef C4 DisplayName
659974065772,C4,,,ModItemInventoryItemCompositeDef C4 DisplayNamePlural
929865197331,"<image UI/Conversation/T_Dialogue_IconBackgroundCircle.tga 400 130 128 120> Добавьте взрыватель, чтобы создать взрывчатку",,,ModItemInventoryItemCompositeDef C4 AdditionalHint
789560186675,ТЭН,,,ModItemInventoryItemCompositeDef PETN DisplayName
271611614190,ТЭНы,,,ModItemInventoryItemCompositeDef PETN DisplayNamePlural
445218344705,"Мощная пластическая взрывчатка, используется как в подрывных зарядах, так и в военных целях.",,,ModItemInventoryItemCompositeDef PETN Description
107625797163,"<image UI/Conversation/T_Dialogue_IconBackgroundCircle.tga 400 130 128 120> Добавьте взрыватель, чтобы создать взрывчатку",,,ModItemInventoryItemCompositeDef PETN AdditionalHint
796529325237,Динамит,,,ModItemInventoryItemCompositeDef TNT DisplayName
330747403655,Динамит,,,ModItemInventoryItemCompositeDef TNT DisplayNamePlural
375818950565,Излюбленная палочка-выручалочка американских железнодорожных рабочих и усатых злодеев. С такой шашкой любой выйдет в дамки.,,,ModItemInventoryItemCompositeDef TNT Description
457192558117,"<image UI/Conversation/T_Dialogue_IconBackgroundCircle.tga 400 130 128 120> Добавьте взрыватель, чтобы создать взрывчатку
<image UI/Conversation/T_Dialogue_IconBackgroundCircle.tga 400 130 128 120> Увеличенный радиус взрыва",,,ModItemInventoryItemCompositeDef TNT AdditionalHint
441852012193,Стандартный оптический прицел,,,ModItemWeaponComponent AUGScope_Default DisplayName
257319151734,Гранатомет,,,ModItemWeaponComponent GrenadeLauncher_AUG DisplayName
442108004279,Вертикальная рукоять,,,ModItemWeaponComponent VerticalGrip_AUG DisplayName
202034549728,Самодельный глушитель,,,ModItemWeaponComponent ImprovisedSuppressor_Anaconda DisplayName
655142837568,Глушитель,,,ModItemWeaponComponent Suppressor_Anaconda DisplayName
727049730564,Магазин повышенной емкости,,,ModItemWeaponComponent Auto5_Basic_LMag DisplayName
379214506928,Базовая конфигурация,,,ModItemWeaponComponent Auto5_Basic_NMag DisplayName
911126905798,"Длинный ствол, магазин повышенной емкости",,,ModItemWeaponComponent Auto5_Long_LMag DisplayName
853684866664,Длинный ствол,,,ModItemWeaponComponent Auto5_Long_NMag DisplayName
245194528164,Короткий ствол,,,ModItemWeaponComponent Auto5_Short_NMag DisplayName
526799550467,Сошки,,,ModItemWeaponComponent Bipod_Galil DisplayName
182882130897,Стандартный дульный тормоз,,,ModItemWeaponComponent Galil_Brake_Default DisplayName
572893256229,Гранатомет,,,ModItemWeaponComponent GrenadeLauncher_Galil DisplayName
563380121914,Укороченный ствол,,,ModItemWeaponComponent BarrelShortShotgun_Benelli DisplayName
184493021676,Гранатомет,,,ModItemWeaponComponent GrenadeLauncher_M14 DisplayName
674027417660,Стандартный дульный тормоз,,,ModItemWeaponComponent M14_Default_Muzzle DisplayName
431264939689,Тактическая рукоять,,,ModItemWeaponComponent TacGrip_M14 DisplayName
492750328780,Гранатомет,,,ModItemWeaponComponent GrenadeLauncher_M16A1 DisplayName
860554671882,Гранатомет,,,ModItemWeaponComponent GrenadeLauncher_Commando DisplayName
291801976985,Вертикальная рукоять,,,ModItemWeaponComponent VerticalGrip_Commando DisplayName
651206879953,Сошки,,,ModItemWeaponComponent Bipod_MG42 DisplayName
875731475724,Тактическое устройство,,,ModItemWeaponComponent FlashlightDot_PSG_M1 DisplayName
963698128407,Фонарик,,,ModItemWeaponComponent Flashlight_PSG_M1 DisplayName
841174949604,Коллиматор,,,ModItemWeaponComponent LaserDot_PSG_M1 DisplayName
788505505812,Стандартный оптический прицел,,,ModItemWeaponComponent PSG_DefaultScope DisplayName
524417680473,УФ-прицел,,,ModItemWeaponComponent UVDot_PSG_M1 DisplayName
236370866133,Вертикальная рукоять,,,ModItemWeaponComponent RPK74_VerticalGrip DisplayName
198897613871,Стандартное цевье,,,ModItemWeaponComponent RPK74_Hanguard_Basic DisplayName
511013919584,Сошки,,,ModItemWeaponComponent Bipod_Under DisplayName
419311040635,ГП-25,,,ModItemWeaponComponent GP25 DisplayName
554866777639,Крепление для ВАЛ/ВСС,,,ModItemWeaponComponent Val_VSS_wing2 DisplayName
420967600930,Крепление для ВАЛ/ВСС,,,ModItemWeaponComponent Val_VSS_wing1 DisplayName
211321885553,Мощный Фонарь,,,ModItemWeaponComponent VSSFlashLight DisplayName
300247331118,Цевьё АК,,,ModItemWeaponComponent Handguard DisplayName
393064035447,Сложенный приклад,,,ModItemWeaponComponent FoldStocks DisplayName
482148776529,Разложенный приклад,,,ModItemWeaponComponent UnfoldStocks DisplayName
606489199880,Деревянный приклад АК,,,ModItemWeaponComponent StockFull DisplayName
790282084355,Заводской ствол,,,ModItemWeaponComponent BarrelsDefs DisplayName
263208007463,Заводской дульный тормоз,,,ModItemWeaponComponent DefMuzzle DisplayName
761690701615,Оптический прицел,,,ModItemWeaponComponent AnotherOptic DisplayName
907030444988,Улучшеный коллиматор,,,ModItemWeaponComponent AdvancedHOLO DisplayName
172978763554,Разложенная сошка,,,ModItemWeaponComponent UnfoldBipod DisplayName
548670435899,Сложенная сошка,,,ModItemWeaponComponent FoldBipod DisplayName
445823262426,Эргономичный приклад Sig,,,ModItemWeaponComponent SigErgoStock DisplayName
409233804174,Эргономичная рукоять для Sig,,,ModItemWeaponComponent SigErgoHandGrip DisplayName
224206224483,Заводская рукоять Sig,,,ModItemWeaponComponent SigDefHandGuard DisplayName
534619842092,Механика,,,ModItemWeaponComponent IronSight DisplayName
309290046721,Штык-нож для М16,,,ModItemWeaponComponent M16Bayonet DisplayName
426560677933,ЛЦУ на уникальном спецкреплении,,,ModItemWeaponComponent M16BarrelRedDot DisplayName
281348139798,Гранатомет,,,ModItemWeaponComponent M16A1LaunchHandGuard DisplayName
546525599165,Мультикалиберная банка,,,ModItemWeaponComponent ModernSupressor DisplayName
848188416551,Кастомный магазин STANAG,,,ModItemWeaponComponent M4ModernStanag DisplayName
496160205543,Сошка от KSP 58,,,ModItemWeaponComponent KSP_BIPOD DisplayName
735538416848,Современные крепления с планками для М60,,,ModItemWeaponComponent M60E4ModernMount DisplayName
132025927048,Цевье с рукоятью для cовременных М60,,,ModItemWeaponComponent M60E3HandGrip DisplayName
379035031373,Рукоять удержания,,,ModItemWeaponComponent U100Handle DisplayName
507170861950,Боковые направляющие,,,ModItemWeaponComponent MP7_SideRail DisplayName
362402270345,Коллиматор для ближних дистанций,,,ModItemWeaponComponent CollimatorMP7 DisplayName
132369343600,Разложенная рукоять,,,ModItemWeaponComponent MP7_Unfld_Grip DisplayName
332979992407,Сложенная рукоять,,,ModItemWeaponComponent Mp7_Fld_Grip DisplayName
360651861030,ЛЦУ для Цевья MP5A4,,,ModItemWeaponComponent MP5A4RedDot DisplayName
985972197569,Фонарь для MP5A4,,,ModItemWeaponComponent MP5A4FlashLight DisplayName
626993206164,Магазин для МР5 на 30 патронов,,,ModItemWeaponComponent MP5MagV2 DisplayName
455034598169,Кастомный приклад ПКМ,,,ModItemWeaponComponent PKMModStock DisplayName
315254737942,Модифицированная рукоять ПКМ,,,ModItemWeaponComponent PKMModHandGrip DisplayName
936692107956,Комплект кастомных планок для ПКМ,,,ModItemWeaponComponent PKMModern DisplayName
729649280754,Заводская рукоять ПКМ,,,ModItemWeaponComponent PKMDefHandGrip DisplayName
818642449653,Патронтаж для 870го рема,,,ModItemWeaponComponent R870AmmoSide_1 DisplayName
992972804189,Крепление с универсальной планкой для G3,,,ModItemWeaponComponent G3Mount DisplayName
406372360416,Заводской пламегаситель G3 SG,,,ModItemWeaponComponent G3MuzzleV2 DisplayName
981821457586,Крепление для рукоятки переноски от CAR15,,,ModItemWeaponComponent CAR15Mount DisplayName
679784255246,Увеличивает цену атаки в ОД на <ShotAP>.,,,ModItemWeaponComponentEffect IncreaseShotAP Description
155442967414,Уменьшает отдачу на <Recoil>,,,ModItemWeaponComponentEffect RecoilDecrease Description
303498233184,Добавляет 1 выстрел без отдачи в положении лежа,,,ModItemWeaponComponentEffect ShotsBeforeRecoilProne Description
763543306028,Увеличивает отдачу на <Recoil>,,,ModItemWeaponComponentEffect RecoilIncrease Description
124159879366,Увеличивает бонус стрельбы навскидку на <EffectiveRange>,,,ModItemWeaponComponentEffect EffectiveRange_Increase Description
765355528885,Уменьшает бонус стрельбы навскидку на <EffectiveRange>,,,ModItemWeaponComponentEffect EffectiveRange_Decrease Description
707168771945,Уменьшает звук выстрела до <NoiseMultiplier>% от стандартого,,,ModItemWeaponComponentEffect SilentShots Description
831279761645,Уменьшает дальность наполовину,,,ModItemWeaponComponentEffect ReduceRange50Percent Description
222573608134,Уменьшает эффективность прицеливания на 15%,,,ModItemWeaponComponentEffect ReduceAimAccuracy15Percent Description
147259032089,Увеличивает эффективность прицеливания на 15%,,,ModItemWeaponComponentEffect IncreaseAimAccuracy15Percent Description
998316040552,Уменьшает эффективность прицеливания на 20%,,,ModItemWeaponComponentEffect ReduceAimAccuracy20Percent Description
634138289878,Уменьшает эффективность прицеливания на 50%,,,ModItemWeaponComponentEffect ReduceAimAccuracy50Percent Description
210096485412,Уменьшает эффективность прицеливания на 80%,,,ModItemWeaponComponentEffect ReduceAimAccuracy80Percent Description
834291945671,Разблокирует <color EmStyle>Маневренный бой</color>.,,,ModItemWeaponComponentEffect EnableRunNGun Description
912995831820,Нельзя стрелять с одной руки,,,ModItemWeaponComponentEffect TwoHanded Description
905646787765,Уменьшение количества уровней прицеливания на <MaxAimActionsDecrease>,,,ModItemWeaponComponentEffect DecreaseMaxAimActions Description
726921883131,Увеличение количества уровней прицеливания на <IncreaseMaxAimActions>,,,ModItemWeaponComponentEffect IncreaseMaxAimActions Description
723688041397,"Если ваше первое действие - атака, то оно производится, как если бы у вас был <min_aim>-й уровень прицеливания. Не действует на атаки в режиме контроля",,,ModItemWeaponComponentEffect FirstShotIncreasedAim Description
227319382714,Уменьшает количество выстрелов в очереди на <color EmStyle>25%</color>,,,ModItemWeaponComponentEffect ReduceBurst25Percent Description
267012150857,Уменьшает количество выстрелов в автоогне на <color EmStyle>50%</color>,,,ModItemWeaponComponentEffect ReduceAuto50Percent Description
372434067928,Уменьшает количество выстрелов в автоогне на <color EmStyle>50%</color>,,,ModItemWeaponComponentEffect ReduceAuto25Percent Description
619242393329,Уменьшает количество выстрелов в очереди на <color EmStyle>50%</color>,,,ModItemWeaponComponentEffect ReduceBurst50Percent Description
720519067653,Уменьшает количество выстрелов в автоогне на <color EmStyle>75%</color>,,,ModItemWeaponComponentEffect ReduceAuto75Percent Description
703347727664,Увеличивает размер <color EmStyle>короткой очереди</color> на 25%.,,,ModItemWeaponComponentEffect ExtraBurstShots Description
703347727664,Увеличивает размер <color EmStyle>длинной очереди</color> на 25%.,,,ModItemWeaponComponentEffect ExtraAutoShots Description
586274232131,Громоздкое,,,ModItemWeaponComponentEffect Cumbersome Description
380672980666,Бонус к стрельбе на дистанции до 10 клеток,,,ModItemWeaponComponentEffect PointBlankBonus Description
879800342345,Сошки,,,ModItemWeaponComponent Bipod DisplayName
928480071483,Короткий ствол,,,ModItemWeaponComponent BarrelShort_AUG DisplayName
289320256080,Короткий нарезной ствол с возрастающим шагом,,,ModItemWeaponComponent BarrelShortImproved_AUG DisplayName
809839566679,Удлиненный ствол с сошками,,,ModItemWeaponComponent BarrelLong_AUG DisplayName
816796570762,Удлиненный нарезной ствол с возрастающим шагом (с сошками),,,ModItemWeaponComponent BarrelLongImproved_AUG DisplayName
691552369727,Утяжеленный ствол,,,ModItemWeaponComponent BarrelHeavy DisplayName
798912434710,Удлиненный ствол,,,ModItemWeaponComponent BarrelLong DisplayName
852176633290,Удлиненный нарезной ствол с возрастающим шагом,,,ModItemWeaponComponent BarrelLongImproved DisplayName
807789574452,Удлиненный ствол,,,ModItemWeaponComponent BarrelLongShotgun DisplayName
620585440891,Стандартный ствол,,,ModItemWeaponComponent BarrelNormal DisplayName
790308378417,Нарезной ствол с возрастающим шагом,,,ModItemWeaponComponent BarrelNormalImproved DisplayName
245194528164,Короткий ствол,,,ModItemWeaponComponent BarrelShort DisplayName
837372947792,Короткий нарезной ствол с возрастающим шагом,,,ModItemWeaponComponent BarrelShortImproved DisplayName
849289197281,Укороченный ствол,,,ModItemWeaponComponent BarrelShortShotgun DisplayName
785427900359,Ствол под калибр .50 BMG,,,ModItemWeaponComponent Barrel50BMG_DesertEagle DisplayName
354812931622,Штык-нож,,,ModItemWeaponComponent Type56Bayo DisplayName
241110715254,Штык-нож,,,ModItemWeaponComponent Type56BayoF DisplayName
540055379780,Складывающийся приклад,,,ModItemWeaponComponent StockFolded DisplayName
970106018912,Тяжелый приклад,,,ModItemWeaponComponent StockHeavy DisplayName
850663002598,Легкий приклад,,,ModItemWeaponComponent StockLight DisplayName
529575194811,Складной приклад (Сложенный),,,ModItemWeaponComponent StockLightFolded DisplayName
253215049581,Рамочный приклад (Разложенный),,,ModItemWeaponComponent StockLightUnFolded DisplayName
775383830180,Нет приклада,,,ModItemWeaponComponent StockNo DisplayName
631032173069,Стандартный приклад,,,ModItemWeaponComponent StockNormal DisplayName
313668040260,Вертикальная рукоять,,,ModItemWeaponComponent VerticalGrip DisplayName
626615433212,Вертикальная рукоять (Сложенная),,,ModItemWeaponComponent VerticalGripFld DisplayName
281412795059,Вертикальная рукоять,,,ModItemWeaponComponent VerticalGrip_M14 DisplayName
700623216668,Вертикальная рукоять,,,ModItemWeaponComponent AK47_VerticalGrip DisplayName
535697882612,Вертикальная рукоять,,,ModItemWeaponComponent AKSU_VerticalGrip DisplayName
563715899115,Вертикальная рукоять,,,ModItemWeaponComponent VerticalGrip_M16 DisplayName
676118610148,Тактическая рукоять,,,ModItemWeaponComponent TacGrip DisplayName
700618018887,Фонарик,,,ModItemWeaponComponent FlashlightOff DisplayName
500461275609,Фонарик,,,ModItemWeaponComponent Flashlight DisplayName
875608027899,Фонарик,,,ModItemWeaponComponent Flashlight_R870 DisplayName
968729166053,Фонарик,,,ModItemWeaponComponent Flashlight_Anaconda DisplayName
676630739482,Фонарик,,,ModItemWeaponComponent Flashlight_aa12 DisplayName
599763053072,Тактическое устройство,,,ModItemWeaponComponent FlashlightDot DisplayName
638946230736,Тактическое устройство,,,ModItemWeaponComponent FlashlightDot_aa12 DisplayName
646651177477,Тактическое устройство,,,ModItemWeaponComponent FlashlightDot_Anaconda DisplayName
394807232613,Лазерный целеуказатель,,,ModItemWeaponComponent LaserDot DisplayName
405161321170,Коллиматор,,,ModItemWeaponComponent LaserDot_Anaconda DisplayName
427210220552,Коллиматор,,,ModItemWeaponComponent LaserDot_aa12 DisplayName
199081852714,УФ-прицел,,,ModItemWeaponComponent UVDot DisplayName
506806756026,УФ-прицел,,,ModItemWeaponComponent UVDot_Anaconda DisplayName
739522307124,УФ-прицел,,,ModItemWeaponComponent UVDot_aa12 DisplayName
676342825645,Компенсатор,,,ModItemWeaponComponent Compensator DisplayName
383554280885,Глушитель,,,ModItemWeaponComponent PistolSuppressor DisplayName
639861964876,Масляной фильтр,,,ModItemWeaponComponent ImprovisedSuppressor DisplayName
949066206030,Глушитель,,,ModItemWeaponComponent Suppressor DisplayName
860965544908,Улучшенный глушитель,,,ModItemWeaponComponent SuppressorImproved DisplayName
913646347240,Глушитель Интегрированный,,,ModItemWeaponComponent SuppressorIntegrated DisplayName
903509237063,Улучшенный компенсатор,,,ModItemWeaponComponent AUGCompensator_3 DisplayName
293888390949,Стандартный компенсатор,,,ModItemWeaponComponent AUGCompensator_1 DisplayName
640771121494,Плоский чок,,,ModItemWeaponComponent DuckbillChoke DisplayName
808377268861,Полный чок,,,ModItemWeaponComponent FullChoke DisplayName
664099136724,Усилитель отдачи,,,ModItemWeaponComponent MuzzleBooster DisplayName
885847711847,Стандартный механический прицел,,,ModItemWeaponComponent DefaultIronsight_AR15 DisplayName
697020602032,Ул. механический прицел,,,ModItemWeaponComponent ImprovedIronsight_AR15 DisplayName
649826621253,Базовый механический прицел,,,ModItemWeaponComponent BaseIronsight_Anaconda DisplayName
434214967295,Снайперский прицел с 5-кратным увеличением,,,ModItemWeaponComponent LROptics_DragunovDefault DisplayName
767525470073,Стандартный механический прицел,,,ModItemWeaponComponent GewehrDefaultSight DisplayName
813847402970,Улучшенный зеркальный прицел,,,ModItemWeaponComponent ReflexSightAdvanced_Glock DisplayName
849796022465,Ул. механический прицел,,,ModItemWeaponComponent ImprovedIronsight DisplayName
997246680419,Коллиматор,,,ModItemWeaponComponent ReflexSight DisplayName
828562540830,Улучшенный коллиматор,,,ModItemWeaponComponent ReflexSightAdvanced DisplayName
334947143407,Прицел малой кратности,,,ModItemWeaponComponent ScopeCOG DisplayName
739676174855,Штурмовой прицел,,,ModItemWeaponComponent ScopeCOGQuick DisplayName
844523910352,Оптический прицел,,,ModItemWeaponComponent LROptics DisplayName
756379377948,Снайперский прицел с 10-кратным увеличением,,,ModItemWeaponComponent LROpticsAdvanced DisplayName
835203483425,Ночной прицел,,,ModItemWeaponComponent ThermalScope DisplayName
980094702313,Ремень,,,ModItemWeaponComponent HolsterBelt DisplayName
797056139531,Гранатомет,,,ModItemWeaponComponent GrenadeLauncher DisplayName
522852901787,Пистолет,,,ModItemWeaponComponent Freeswap DisplayName
723546674616,Ускорение перезарядки,,,ModItemWeaponComponent SpeedLoader DisplayName
187052914510,Сложенный прицел,,,ModItemWeaponComponent M70_Fld_GL DisplayName
122862183328,Разложенный прицел,,,ModItemWeaponComponent M70_Unfld_GL DisplayName
363948554993,Наствольная граната для М70,,,ModItemWeaponComponent M70_Grenade DisplayName
611374830153,Default Mag,,,ModItemWeaponComponent MagNormal DisplayName
330952772905,Быстросъемный магазин,,,ModItemWeaponComponent MagQuick DisplayName
726815502836,Магазин на 20 патрон,,,ModItemWeaponComponent MagSmall30_20 DisplayName
110389139487,Магазин на 15 патрон,,,ModItemWeaponComponent MagSmall30_15 DisplayName
948754621396,Магазин на 10 патрон,,,ModItemWeaponComponent MagSmall20_10 DisplayName
704921521469,Expanded Mag,,,ModItemWeaponComponent MagLarge DisplayName
385006615309,Магазин на 10 патрон,,,ModItemWeaponComponent MagLarge_5_10 DisplayName
670281965243,Магазин на 40 патрон,,,ModItemWeaponComponent MagLarge_30_40 DisplayName
499385795999,Магазин на 45 патрон,,,ModItemWeaponComponent MagLarge_30_45 DisplayName
385943069235,Магазин на 42 патрона,,,ModItemWeaponComponent MagLarge_30_42 DisplayName
426203800139,Магазин на 20 патрон,,,ModItemWeaponComponent MagLarge_10_20 DisplayName
522043096781,Магазин на 30 патрон,,,ModItemWeaponComponent MagLarge_20_30 DisplayName
434770845621,Магазин на 40 патрон,,,ModItemWeaponComponent MagLarge_25_40 DisplayName
100761815371,Эргономичный увеличенный магазин,,,ModItemWeaponComponent MagLargeFine DisplayName
603956294727,Улучшенный магазин,,,ModItemWeaponComponent MagNormalFine DisplayName
586879047908,Бубен,,,ModItemWeaponComponent MagLarger DisplayName
480420170561,Бубен,,,ModItemWeaponComponent MagDrum_30-50 DisplayName
885599458611,Бубен,,,ModItemWeaponComponent MagDrum_35-71 DisplayName
683446424521,Бубен,,,ModItemWeaponComponent MagDrum_30-75 DisplayName
190864367112,Бубен,,,ModItemWeaponComponent MagDrum_30-100 DisplayName
476306807479,Бубен,,,ModItemWeaponComponent MagDrum_30-100_cumbersome DisplayName
418445790442,Короб,,,ModItemWeaponComponent MagBelt_40-100 DisplayName
206141475839,Увеличенный короб,,,ModItemWeaponComponent MagBelt_100-200 DisplayName
420273412012,Expanded Mag,,,ModItemWeaponComponent MagBelt DisplayName
330177071699,LMG and MG Magazines,,,ModItemWeaponComponent MagBeltLarge DisplayName
755593099223,Магазин увеличенной емкости,,,ModItemWeaponComponent BigMag DisplayName
241656491257,"Ещё один бубенец, только пулеметный",,,ModItemWeaponComponent MGmug DisplayName
442728888586,Бубенец,,,ModItemWeaponComponent Bubny DisplayName
373877901864,Компенсатор,,,ModItemInventoryItemCompositeDef Compensator DisplayName
604843786409,Компенсаторы,,,ModItemInventoryItemCompositeDef Compensator DisplayNamePlural
616025016429,<image UI/Conversation/T_Dialogue_IconBackgroundCircle.tga 400 130 128 120> Компенсатор. Можно поставить через экран модификаций,,,ModItemInventoryItemCompositeDef Compensator AdditionalHint
338893662198,Компенсатор,,,ModItemInventoryItemCompositeDef Suppressor DisplayName
651705405915,Компенсаторы,,,ModItemInventoryItemCompositeDef Suppressor DisplayNamePlural
920446867503,"<image UI/Conversation/T_Dialogue_IconBackgroundCircle.tga 400 130 128 120> Компенсатор, который можно поставить в оружие",,,ModItemInventoryItemCompositeDef Suppressor AdditionalHint
989198911892,Компенсатор,,,ModItemInventoryItemCompositeDef Suppressor_Rifle DisplayName
879804597406,Компенсаторы,,,ModItemInventoryItemCompositeDef Suppressor_Rifle DisplayNamePlural
490018603549,"<image UI/Conversation/T_Dialogue_IconBackgroundCircle.tga 400 130 128 120> Компенсатор, который можно поставить в оружие",,,ModItemInventoryItemCompositeDef Suppressor_Rifle AdditionalHint
267361271549,Компенсатор,,,ModItemInventoryItemCompositeDef OilFilter DisplayName
241087613304,Компенсаторы,,,ModItemInventoryItemCompositeDef OilFilter DisplayNamePlural
912093351293,"<image UI/Conversation/T_Dialogue_IconBackgroundCircle.tga 400 130 128 120> Компенсатор, который можно поставить в оружие",,,ModItemInventoryItemCompositeDef OilFilter AdditionalHint
330386737608,Стальная труба,,,ModItemInventoryItemCompositeDef FineSteelPipe DisplayName
146948403499,Стальные трубы,,,ModItemInventoryItemCompositeDef FineSteelPipe DisplayNamePlural
199384815826,<image UI/Conversation/T_Dialogue_IconBackgroundCircle.tga 400 130 128 120> Используется при создании улучшенных компонентов для оружия,,,ModItemInventoryItemCompositeDef FineSteelPipe AdditionalHint
256780720615,Медикаменты,,,ModItemInventoryItemCompositeDef Meds DisplayName
288045839454,Медикаменты,,,ModItemInventoryItemCompositeDef Meds DisplayNamePlural
118554179614,"<image UI/Conversation/T_Dialogue_IconBackgroundCircle.tga 400 130 128 120> Используются для операции «Лечение ран» в виде со спутника
<image UI/Conversation/T_Dialogue_IconBackgroundCircle.tga 400 130 128 120> Используются для восполнения аптечек и наборов первой помощи",,,ModItemInventoryItemCompositeDef Meds AdditionalHint
504595812474,Чип,,,ModItemInventoryItemCompositeDef Microchip DisplayName
129388086980,Чипы,,,ModItemInventoryItemCompositeDef Microchip DisplayNamePlural
652781802614,<image UI/Conversation/T_Dialogue_IconBackgroundCircle.tga 400 130 128 120> Используется при создании улучшенных компонентов для оружия,,,ModItemInventoryItemCompositeDef Microchip AdditionalHint
258821099861,Линза,,,ModItemInventoryItemCompositeDef OpticalLens DisplayName
103808989228,Линзы,,,ModItemInventoryItemCompositeDef OpticalLens DisplayNamePlural
741628522083,<image UI/Conversation/T_Dialogue_IconBackgroundCircle.tga 400 130 128 120> Используется при создании улучшенных компонентов для оружия,,,ModItemInventoryItemCompositeDef OpticalLens AdditionalHint
403803194660,Запчасти,,,ModItemInventoryItemCompositeDef Parts DisplayName
905956321755,Запчасти,,,ModItemInventoryItemCompositeDef Parts DisplayNamePlural
821802297491,"<image UI/Conversation/T_Dialogue_IconBackgroundCircle.tga 400 130 128 120> Используются для модификации оружия
<image UI/Conversation/T_Dialogue_IconBackgroundCircle.tga 400 130 128 120> Используются для операции «Ремонт предметов» в виде со спутника.",,,ModItemInventoryItemCompositeDef Parts AdditionalHint
341928452200,Мачете,,,ModItemInventoryItemCompositeDef Machete DisplayName
768346538723,Мачете,,,ModItemInventoryItemCompositeDef Machete DisplayNamePlural
166943372795,"Хозяйственный инструмент для прокладывания дороги через джунги, рубки тростника или бананов. Или людей.",,,ModItemInventoryItemCompositeDef Machete Description
555296534849,<image UI/Conversation/T_Dialogue_IconBackgroundCircle.tga 400 130 128 120> Увеличенный доп. урон от силы,,,ModItemInventoryItemCompositeDef Machete AdditionalHint
301992801043,Сбалансирован. мачете,,,ModItemInventoryItemCompositeDef Machete_Balanced DisplayName
514639173804,Сбалансирован. мачете,,,ModItemInventoryItemCompositeDef Machete_Balanced DisplayNamePlural
166943372795,"Хозяйственный инструмент для прокладывания дороги через джунги, рубки тростника или бананов. Или людей.",,,ModItemInventoryItemCompositeDef Machete_Balanced Description
990137192998,"<image UI/Conversation/T_Dialogue_IconBackgroundCircle.tga 400 130 128 120> Увеличенный доп. урон от силы 
<image UI/Conversation/T_Dialogue_IconBackgroundCircle.tga 400 130 128 120> Сбалансированное: увеличенная эффективность прицеливания",,,ModItemInventoryItemCompositeDef Machete_Balanced AdditionalHint
256688204139,Заточенное мачете,,,ModItemInventoryItemCompositeDef Machete_Sharpened DisplayName
878077306495,Заточенные мачете,,,ModItemInventoryItemCompositeDef Machete_Sharpened DisplayNamePlural
726416857062,"Хозяйственный инструмент для прокладывания дороги через джунги, рубки тростника или бананов. Или людей.",,,ModItemInventoryItemCompositeDef Machete_Sharpened Description
266584820321,"<image UI/Conversation/T_Dialogue_IconBackgroundCircle.tga 400 130 128 120> Увеличенный доп. урон от силы
<image UI/Conversation/T_Dialogue_IconBackgroundCircle.tga 400 130 128 120> Заточенное: высокий урон",,,ModItemInventoryItemCompositeDef Machete_Sharpened AdditionalHint
977515640538,Без оружия,,,ModItemInventoryItemCompositeDef Unarmed DisplayName
342417064376,Без оружия,,,ModItemInventoryItemCompositeDef Unarmed DisplayNamePlural
362977570902,"<image UI/Conversation/T_Dialogue_IconBackgroundCircle.tga 400 130 128 120> Небольшой урон
<image UI/Conversation/T_Dialogue_IconBackgroundCircle.tga 400 130 128 120> Увеличенный эффект от силы
<image UI/Conversation/T_Dialogue_IconBackgroundCircle.tga 400 130 128 120> Очень высокий шанс критического попадания
<image UI/Conversation/T_Dialogue_IconBackgroundCircle.tga 400 130 128 120> Значительно увеличенная эффективность прицеливания",,,ModItemInventoryItemCompositeDef Unarmed AdditionalHint
556723258477,Боевой нож,,,ModItemInventoryItemCompositeDef Knife DisplayName
933363974334,Боевые ножи,,,ModItemInventoryItemCompositeDef Knife DisplayNamePlural
990541308530,Что может быть лучше ближнего боя?,,,ModItemInventoryItemCompositeDef Knife Description
298073871142,<image UI/Conversation/T_Dialogue_IconBackgroundCircle.tga 400 130 128 120> Низкая цена атаки,,,ModItemInventoryItemCompositeDef Knife AdditionalHint
196727089052,Сбалансированный нож,,,ModItemInventoryItemCompositeDef Knife_Balanced DisplayName
790781943670,Сбалансированные ножи,,,ModItemInventoryItemCompositeDef Knife_Balanced DisplayNamePlural
437026082415,Что может быть лучше ближнего боя?,,,ModItemInventoryItemCompositeDef Knife_Balanced Description
292484561875,"<image UI/Conversation/T_Dialogue_IconBackgroundCircle.tga 400 130 128 120> Сбалансированное: увеличенная дальность броска
<image UI/Conversation/T_Dialogue_IconBackgroundCircle.tga 400 130 128 120> Сбалансированное: увеличенная эффективность прицеливания
<image UI/Conversation/T_Dialogue_IconBackgroundCircle.tga 400 130 128 120> Низкая цена атаки",,,ModItemInventoryItemCompositeDef Knife_Balanced AdditionalHint
384679832847,Заточенный нож,,,ModItemInventoryItemCompositeDef Knife_Sharpened DisplayName
528788148299,Заточенные ножи,,,ModItemInventoryItemCompositeDef Knife_Sharpened DisplayNamePlural
601008504987,Что может быть лучше ближнего боя?,,,ModItemInventoryItemCompositeDef Knife_Sharpened Description
453471659895,"<image UI/Conversation/T_Dialogue_IconBackgroundCircle.tga 400 130 128 120> Заточенное: высокий урон
<image UI/Conversation/T_Dialogue_IconBackgroundCircle.tga 400 130 128 120> Низкая цена атаки",,,ModItemInventoryItemCompositeDef Knife_Sharpened AdditionalHint
177925748381,Бесконечные ножи,,,ModItemInventoryItemCompositeDef EndlessKnives DisplayName
857132265732,Бесконечные ножи,,,ModItemInventoryItemCompositeDef EndlessKnives DisplayNamePlural
892055593315,"Блад лично выбирал и точил каждый режик и ножик из своего набора. Вот тем, большим, можно рубить хворост, вот этим, широким - делать вырезку. А вот этот для скальпов. И этот. И вон тот.",,,ModItemInventoryItemCompositeDef EndlessKnives Description
881531131743,"<image UI/Conversation/T_Dialogue_IconBackgroundCircle.tga 400 130 128 120> Всегда под рукой!
<image UI/Conversation/T_Dialogue_IconBackgroundCircle.tga 400 130 128 120> Низкая цена атаки
<image UI/Conversation/T_Dialogue_IconBackgroundCircle.tga 400 130 128 120> Увеличенная эффективность прицеливания",,,ModItemInventoryItemCompositeDef EndlessKnives AdditionalHint
401101286319,Штык-Нож от М16,,,ModItemInventoryItemCompositeDef M16Bayonet DisplayName
400578863808,Штык-Нож от М16,,,ModItemInventoryItemCompositeDef M16Bayonet DisplayNamePlural
752746948673,Что может быть лучше ближнего боя?,,,ModItemInventoryItemCompositeDef M16Bayonet Description
799906930648,"<image UI/Conversation/T_Dialogue_IconBackgroundCircle.tga 400 130 128 120> Сбалансированное: увеличенная дальность броска
<image UI/Conversation/T_Dialogue_IconBackgroundCircle.tga 400 130 128 120> Сбалансированное: увеличенная эффективность прицеливания
<image UI/Conversation/T_Dialogue_IconBackgroundCircle.tga 400 130 128 120> Низкая цена атаки",,,ModItemInventoryItemCompositeDef M16Bayonet AdditionalHint
198000684136,Саперная лопата,,,ModItemInventoryItemCompositeDef Trench_Shovel DisplayName
969097868983,Саперная лопата,,,ModItemInventoryItemCompositeDef Trench_Shovel DisplayNamePlural
760991039519,"Мультитул советского солдата. Эффективен как в проведении инженерных работ, так и в качестве холодного оружия.",,,ModItemInventoryItemCompositeDef Trench_Shovel Description
718848467105,<image UI/Conversation/T_Dialogue_IconBackgroundCircle.tga 400 130 128 120> Увеличенный доп. урон от силы,,,ModItemInventoryItemCompositeDef Trench_Shovel AdditionalHint
578314412086,Охотничий нож,,,ModItemInventoryItemCompositeDef GutHookKnife DisplayName
196248819443,Охотничьи ножи,,,ModItemInventoryItemCompositeDef GutHookKnife DisplayNamePlural
255307950042,"Специальным шкуродером такой опытный охотник, как Омрын может освежевать оленя за пятнадцать минут.",,,ModItemInventoryItemCompositeDef GutHookKnife Description
607097037019,"<image UI/Conversation/T_Dialogue_IconBackgroundCircle.tga 400 130 128 120> Вызывает <color EmStyle>кровотечение</color>
<image UI/Conversation/T_Dialogue_IconBackgroundCircle.tga 400 130 128 120> Низкая цена атаки
<image UI/Conversation/T_Dialogue_IconBackgroundCircle.tga 400 130 128 120> Увеличенная эффективность прицеливания",,,ModItemInventoryItemCompositeDef GutHookKnife AdditionalHint
530791304363,«Гордость Легиона»,,,ModItemInventoryItemCompositeDef PierreMachete DisplayName
873208239212,«Гордость Легиона»,,,ModItemInventoryItemCompositeDef PierreMachete DisplayNamePlural
268450073257,"<image UI/Conversation/T_Dialogue_IconBackgroundCircle.tga 400 130 128 120> Увеличенный доп. урон от силы
<image UI/Conversation/T_Dialogue_IconBackgroundCircle.tga 400 130 128 120> Низкая цена атаки",,,ModItemInventoryItemCompositeDef PierreMachete AdditionalHint
514123212828,Противогаз,,,ModItemInventoryItemCompositeDef GasMask DisplayName
889165471890,Противогазы,,,ModItemInventoryItemCompositeDef GasMask DisplayNamePlural
710695454764,"<image UI/Conversation/T_Dialogue_IconBackgroundCircle.tga 400 130 128 120> Снижает макс. ОД на 1
<image UI/Conversation/T_Dialogue_IconBackgroundCircle.tga 400 130 128 120> Защищает от газовых гранат и газовых минометных выстрелов
<image UI/Conversation/T_Dialogue_IconBackgroundCircle.tga 400 130 128 120> Нельзя совмещать с обивкой или керамическими пластинами",,,ModItemInventoryItemCompositeDef GasMask AdditionalHint
378637318493,ПНВ,,,ModItemInventoryItemCompositeDef NightVisionGoggles DisplayName
183379219136,ПНВ,,,ModItemInventoryItemCompositeDef NightVisionGoggles DisplayNamePlural
547942264125,"<image UI/Conversation/T_Dialogue_IconBackgroundCircle.tga 400 130 128 120> Снижает штрафы к точности ночью и в подземных секторах
<image UI/Conversation/T_Dialogue_IconBackgroundCircle.tga 400 130 128 120> Не суммируется с чертой «Ночные операции»
<image UI/Conversation/T_Dialogue_IconBackgroundCircle.tga 400 130 128 120> Нельзя совмещать с обивкой или керамическими пластинами",,,ModItemInventoryItemCompositeDef NightVisionGoggles AdditionalHint
229531595753,Боевой стимулятор,,,ModItemInventoryItemCompositeDef CombatStim DisplayName
616488959531,Боевые стимуляторы,,,ModItemInventoryItemCompositeDef CombatStim DisplayNamePlural
775113618511,"<image UI/Conversation/T_Dialogue_IconBackgroundCircle.tga 400 130 128 120> Используется через меню предмета
<image UI/Conversation/T_Dialogue_IconBackgroundCircle.tga 400 130 128 120> Одноразовый предмет
<image UI/Conversation/T_Dialogue_IconBackgroundCircle.tga 400 130 128 120> Дает доп. ОД до конца след. хода
<image UI/Conversation/T_Dialogue_IconBackgroundCircle.tga 400 130 128 120> Снижает запас энергии после окончания действия эффекта",,,ModItemInventoryItemCompositeDef CombatStim AdditionalHint
381733467323,ИСП.,,,ModItemInventoryItemCompositeDef CombatStim action_name
924176671377,Набор первой помощи,,,ModItemInventoryItemCompositeDef FirstAidKit DisplayName
369867911389,Наборы первой помощи,,,ModItemInventoryItemCompositeDef FirstAidKit DisplayNamePlural
296242253199,"<image UI/Conversation/T_Dialogue_IconBackgroundCircle.tga 400 130 128 120> Восстанавливает потерянные ОЗ и стабилизирует состояние умирающих персонажей
<image UI/Conversation/T_Dialogue_IconBackgroundCircle.tga 400 130 128 120> Требуется для использования перевязки
<image UI/Conversation/T_Dialogue_IconBackgroundCircle.tga 400 130 128 120> Тратится при каждом употреблении, но запас медикаментов можно восполнить
<image UI/Conversation/T_Dialogue_IconBackgroundCircle.tga 400 130 128 120> Используется автоматически, просто находясь в инвентаре",,,ModItemInventoryItemCompositeDef FirstAidKit AdditionalHint
813938971207,Аптечка,,,ModItemInventoryItemCompositeDef Medkit DisplayName
852713054275,Аптечки,,,ModItemInventoryItemCompositeDef Medkit DisplayNamePlural
716530857521,"<image UI/Conversation/T_Dialogue_IconBackgroundCircle.tga 400 130 128 120> Восстанавливает потерянные ОЗ и стабилизирует состояние умирающих персонажей
<image UI/Conversation/T_Dialogue_IconBackgroundCircle.tga 400 130 128 120> Требуется для использования перевязки
<image UI/Conversation/T_Dialogue_IconBackgroundCircle.tga 400 130 128 120> Перевязка восстанавливает на 25% ОЗ больше
<image UI/Conversation/T_Dialogue_IconBackgroundCircle.tga 400 130 128 120> Тратится при каждом употреблении, но запас медикаментов можно восполнить
<image UI/Conversation/T_Dialogue_IconBackgroundCircle.tga 400 130 128 120> Используется автоматически, просто находясь в инвентаре",,,ModItemInventoryItemCompositeDef Medkit AdditionalHint
328060236308,Метавирон,,,ModItemInventoryItemCompositeDef MetaviraShot DisplayName
370168267282,Метавирон,,,ModItemInventoryItemCompositeDef MetaviraShot DisplayNamePlural
289931943039,"Чудесное лекарство, добываемое из сока парового дерева, растущего исключительно на острове Метавира.",,,ModItemInventoryItemCompositeDef MetaviraShot Description
870595642916,"<image UI/Conversation/T_Dialogue_IconBackgroundCircle.tga 400 130 128 120> Используется через меню предмета
<image UI/Conversation/T_Dialogue_IconBackgroundCircle.tga 400 130 128 120> Одноразовый предмет
<image UI/Conversation/T_Dialogue_IconBackgroundCircle.tga 400 130 128 120> Полностью восстанавливает запас ОЗ
<image UI/Conversation/T_Dialogue_IconBackgroundCircle.tga 400 130 128 120> Исцеляет все ранения",,,ModItemInventoryItemCompositeDef MetaviraShot AdditionalHint
329562087548,ИСП.,,,ModItemInventoryItemCompositeDef MetaviraShot action_name
194815896711,Реаниматор,,,ModItemInventoryItemCompositeDef Reanimationsset DisplayName
151833463139,Реаниматоры,,,ModItemInventoryItemCompositeDef Reanimationsset DisplayNamePlural
368984399813,"<image UI/Conversation/T_Dialogue_IconBackgroundCircle.tga 400 130 128 120> Восстанавливает потерянные ОЗ и стабилизирует состояние умирающих персонажей
<image UI/Conversation/T_Dialogue_IconBackgroundCircle.tga 400 130 128 120> Требуется для использования перевязки
<image UI/Conversation/T_Dialogue_IconBackgroundCircle.tga 400 130 128 120> Перевязка восстанавливает на 60% ОЗ больше
<image UI/Conversation/T_Dialogue_IconBackgroundCircle.tga 400 130 128 120> Тратится при каждом употреблении, но запас медикаментов можно восполнить
<image UI/Conversation/T_Dialogue_IconBackgroundCircle.tga 400 130 128 120> Используется автоматически, просто находясь в инвентаре",,,ModItemInventoryItemCompositeDef Reanimationsset AdditionalHint
934469235909,Плазменная фомка,,,ModItemInventoryItemCompositeDef PlasmaGun_Crowbar DisplayName
180342569433,Плазменные фомки,,,ModItemInventoryItemCompositeDef PlasmaGun_Crowbar DisplayNamePlural
145259346191,"<image UI/Conversation/T_Dialogue_IconBackgroundCircle.tga 400 130 128 120> В идеальном вакууме стреляет смертоносными сгустками плазмы. Во всех остальных случаях работает как фомка
<image UI/Conversation/T_Dialogue_IconBackgroundCircle.tga 400 130 128 120> Вскрывает замки на дверях и контейнерах (в зависимости от силы)
<image UI/Conversation/T_Dialogue_IconBackgroundCircle.tga 400 130 128 120> Дает бонус к проверке навыка при взломе замков
<image UI/Conversation/T_Dialogue_IconBackgroundCircle.tga 400 130 128 120> Может повредить содержимое контейнера
<image UI/Conversation/T_Dialogue_IconBackgroundCircle.tga 400 130 128 120> Изнашивается при каждом употреблении
<image UI/Conversation/T_Dialogue_IconBackgroundCircle.tga 400 130 128 120> Поддается ремонту
<image UI/Conversation/T_Dialogue_IconBackgroundCircle.tga 400 130 128 120> Используется автоматически, просто находясь в инвентаре",,,ModItemInventoryItemCompositeDef PlasmaGun_Crowbar AdditionalHint
206715377278,Фомка,,,ModItemInventoryItemCompositeDef Crowbar DisplayName
206523641724,Фомки,,,ModItemInventoryItemCompositeDef Crowbar DisplayNamePlural
262143934733,"<image UI/Conversation/T_Dialogue_IconBackgroundCircle.tga 400 130 128 120> Вскрывает замки на дверях и контейнерах (в зависимости от силы)
<image UI/Conversation/T_Dialogue_IconBackgroundCircle.tga 400 130 128 120> Может повредить содержимое контейнера
<image UI/Conversation/T_Dialogue_IconBackgroundCircle.tga 400 130 128 120> Изнашивается при каждом употреблении
<image UI/Conversation/T_Dialogue_IconBackgroundCircle.tga 400 130 128 120> Не поддается ремонту
<image UI/Conversation/T_Dialogue_IconBackgroundCircle.tga 400 130 128 120> Используется автоматически, просто находясь в инвентаре",,,ModItemInventoryItemCompositeDef Crowbar AdditionalHint
181850978099,Набор отмычек,,,ModItemInventoryItemCompositeDef Lockpick DisplayName
215318953160,Наборы отмычек,,,ModItemInventoryItemCompositeDef Lockpick DisplayNamePlural
952535735183,"<image UI/Conversation/T_Dialogue_IconBackgroundCircle.tga 400 130 128 120> Вскрывает замки на дверях и контейнерах (зависит от навыка механики)
<image UI/Conversation/T_Dialogue_IconBackgroundCircle.tga 400 130 128 120> Неквалифицированное применение может безвозвратно повредить замок
<image UI/Conversation/T_Dialogue_IconBackgroundCircle.tga 400 130 128 120> Изнашивается при каждом употреблении
<image UI/Conversation/T_Dialogue_IconBackgroundCircle.tga 400 130 128 120> Не поддается ремонту
<image UI/Conversation/T_Dialogue_IconBackgroundCircle.tga 400 130 128 120> Используется автоматически, просто находясь в инвентаре",,,ModItemInventoryItemCompositeDef Lockpick AdditionalHint
497955317649,Кусачки,,,ModItemInventoryItemCompositeDef Wirecutter DisplayName
877542920850,Кусачки,,,ModItemInventoryItemCompositeDef Wirecutter DisplayNamePlural
665578556702,"<image UI/Conversation/T_Dialogue_IconBackgroundCircle.tga 400 130 128 120> Перерезают проволочные ограждения
<image UI/Conversation/T_Dialogue_IconBackgroundCircle.tga 400 130 128 120> Изнашиваются при каждом употреблении
<image UI/Conversation/T_Dialogue_IconBackgroundCircle.tga 400 130 128 120> Не поддаются ремонту
<image UI/Conversation/T_Dialogue_IconBackgroundCircle.tga 400 130 128 120> Используются автоматически, просто находясь в инвентаре",,,ModItemInventoryItemCompositeDef Wirecutter AdditionalHint
207571628753,КПК Фазы,,,ModItemInventoryItemCompositeDef CustomPDA DisplayName
292780700182,КПК Фазы,,,ModItemInventoryItemCompositeDef CustomPDA DisplayNamePlural
266400588920,Полезная штука для выхода в сеть и взлома военных компьютеров.,,,ModItemInventoryItemCompositeDef CustomPDA Description
437181202446,"<image UI/Conversation/T_Dialogue_IconBackgroundCircle.tga 400 130 128 120> Дает доп. разведданные при взломе
<image UI/Conversation/T_Dialogue_IconBackgroundCircle.tga 400 130 128 120> На нем очень милые наклеечки",,,ModItemInventoryItemCompositeDef CustomPDA AdditionalHint
443637897075,Ушанка,,,ModItemInventoryItemCompositeDef IvanUshanka DisplayName
327259403405,Ушанки,,,ModItemInventoryItemCompositeDef IvanUshanka DisplayNamePlural
625902603298,<image UI/Conversation/T_Dialogue_IconBackgroundCircle.tga 400 130 128 120> Защищает от капитализма,,,ModItemInventoryItemCompositeDef IvanUshanka AdditionalHint
705264858200,Кожаный жилет,,,ModItemInventoryItemCompositeDef NailsLeatherVest DisplayName
578965374572,Кожаные жилеты,,,ModItemInventoryItemCompositeDef NailsLeatherVest DisplayNamePlural
364084819961,"<image UI/Conversation/T_Dialogue_IconBackgroundCircle.tga 400 130 128 120> На спине вышит символ «Всадников смерти»
<image UI/Conversation/T_Dialogue_IconBackgroundCircle.tga 400 130 128 120> Притягивает женщин и драки",,,ModItemInventoryItemCompositeDef NailsLeatherVest AdditionalHint
911345821305,Набор отмычек Вики,,,ModItemInventoryItemCompositeDef Personal_Vicki_CustomTools DisplayName
918340420195,Набор отмычек Вики,,,ModItemInventoryItemCompositeDef Personal_Vicki_CustomTools DisplayNamePlural
734583781455,"<image UI/Conversation/T_Dialogue_IconBackgroundCircle.tga 400 130 128 120> Вскрывает замки на дверях и контейнерах (зависит от навыка механики)
<image UI/Conversation/T_Dialogue_IconBackgroundCircle.tga 400 130 128 120> Дает бонус к проверке навыка при вскрытии замков
<image UI/Conversation/T_Dialogue_IconBackgroundCircle.tga 400 130 128 120> Изнашивается при каждом употреблении
<image UI/Conversation/T_Dialogue_IconBackgroundCircle.tga 400 130 128 120> Поддается ремонту
<image UI/Conversation/T_Dialogue_IconBackgroundCircle.tga 400 130 128 120> Используется автоматически, просто находясь в инвентаре",,,ModItemInventoryItemCompositeDef Personal_Vicki_CustomTools AdditionalHint
942070768634,Печенька,,,ModItemInventoryItemCompositeDef Cookie DisplayName
134944709629,Печеньки,,,ModItemInventoryItemCompositeDef Cookie DisplayNamePlural
239601413811,"<image UI/Conversation/T_Dialogue_IconBackgroundCircle.tga 400 130 128 120> Используется через меню предмета
<image UI/Conversation/T_Dialogue_IconBackgroundCircle.tga 400 130 128 120> Одноразовый предмет
<image UI/Conversation/T_Dialogue_IconBackgroundCircle.tga 400 130 128 120> Вкусно и питательно",,,ModItemInventoryItemCompositeDef Cookie AdditionalHint
143417717749,СЪЕСТЬ,,,ModItemInventoryItemCompositeDef Cookie action_name
122601449385,Травяной сбор,,,ModItemInventoryItemCompositeDef HerbalMedicine DisplayName
641546907524,Травяной сбор,,,ModItemInventoryItemCompositeDef HerbalMedicine DisplayNamePlural
719560889583,"<image UI/Conversation/T_Dialogue_IconBackgroundCircle.tga 400 130 128 120> Используется через меню предмета
<image UI/Conversation/T_Dialogue_IconBackgroundCircle.tga 400 130 128 120> Одноразовый предмет
<image UI/Conversation/T_Dialogue_IconBackgroundCircle.tga 400 130 128 120> Укрепляет силу воли
<image UI/Conversation/T_Dialogue_IconBackgroundCircle.tga 400 130 128 120> Непредсказуемые побочные эффекты
<image UI/Conversation/T_Dialogue_IconBackgroundCircle.tga 400 130 128 120> Без ГМО",,,ModItemInventoryItemCompositeDef HerbalMedicine AdditionalHint
486790870873,ПРИМЕНИТЬ,,,ModItemInventoryItemCompositeDef HerbalMedicine action_name
578590126329,Тед,,,ModItemInventoryItemCompositeDef Ted DisplayName
490052219920,Теды,,,ModItemInventoryItemCompositeDef Ted DisplayNamePlural
693172410073,"Тед мёртв, детка",,,ModItemInventoryItemCompositeDef Ted AdditionalHint
794078218431,Трофей,,,ModItemInventoryItemCompositeDef Trophy DisplayName
492675456280,Трофеи,,,ModItemInventoryItemCompositeDef Trophy DisplayNamePlural
326845725789,Удобно для отчётности.,,,ModItemInventoryItemCompositeDef Trophy AdditionalHint
827435960446,Жетон Зигфрида,,,ModItemInventoryItemCompositeDef Coin DisplayName
610515569063,"Зигфрид сказал, что эта монета откроет вам двери Понтового клуба.",,,ModItemInventoryItemCompositeDef Coin Description
870427536918,Канистры с дизелем,,,ModItemInventoryItemCompositeDef Diesel DisplayName
781201154795,Это - украденный у Зигфрида дизель.,,,ModItemInventoryItemCompositeDef Diesel Description
716614954267,Золотые часы,,,ModItemInventoryItemCompositeDef GoldenWatch DisplayName
488315788451,Золотые часы Генриха.,,,ModItemInventoryItemCompositeDef GoldenWatch Description
164126806480,История болезни,,,ModItemInventoryItemCompositeDef MedicalReport DisplayName
143423910070,"«Уилкокс оказался идеальным подопытным. Его организм отреагировал на новый штамм именно так, как я и предполагал. Клетки крови пропустили фазу мутации и перешли сразу в фазу полного хаоса. Надеюсь, мне удастся скрыть мое открытие от доктора Кроненберг».",,,ModItemInventoryItemCompositeDef MedicalReport Description
746973478839,Завещание фермера,,,ModItemInventoryItemCompositeDef PaBaggzWill DisplayName
881015495304,"«Кто б ни нашел эту бамажку, убедитесь, что до нее не дотянут свои грязные пальцы мои тупые роцтвенички! 
А если этот ты роцственичек сейчас читаешь эту бамажку, то вот что я тебе скажу: ПОДАВИСЬ ТЫ ЕЙ И ЗДОХНИ!»",,,ModItemInventoryItemCompositeDef PaBaggzWill Description
551361039387,Листовки с манифестом,,,ModItemInventoryItemCompositeDef Pamphlets DisplayName
460491793504,Листовки с манифестом,,,ModItemInventoryItemCompositeDef Pamphlets DisplayNamePlural
289744396286,"Сборник слоганов и речей товарища Чимуренги, Льва Саванны, главы Народного революционного временного правительства.",,,ModItemInventoryItemCompositeDef Pamphlets Description
962724620524,"<image UI/Conversation/T_Dialogue_IconBackgroundCircle.tga 400 130 128 120> Объединяет пролетариев всех стран
<image UI/Conversation/T_Dialogue_IconBackgroundCircle.tga 400 130 128 120> С отвратительными иллюстрациями",,,ModItemInventoryItemCompositeDef Pamphlets AdditionalHint
657859736602,Листовки с манифестом,,,ModItemInventoryItemCompositeDef Pamphlets_LysRouge DisplayName
511793192069,Листовки с манифестом,,,ModItemInventoryItemCompositeDef Pamphlets_LysRouge DisplayNamePlural
676684282736,"Сборник слоганов и речей товарища Чимуренги, Льва Саванны, главы Народного революционного временного правительства. Иллюстрирован фотографиями полуодетых представительниц рабочего класса.",,,ModItemInventoryItemCompositeDef Pamphlets_LysRouge Description
317047454062,"<image UI/Conversation/T_Dialogue_IconBackgroundCircle.tga 400 130 128 120> Объединяет пролетариев всех стран
<image UI/Conversation/T_Dialogue_IconBackgroundCircle.tga 400 130 128 120> Содержит фотографии девочек из «Ле-Ли-Руж»: уж они-то помогут вам поднять ваш ствол на подвиги!",,,ModItemInventoryItemCompositeDef Pamphlets_LysRouge AdditionalHint
362943733758,Паспорт США,,,ModItemInventoryItemCompositeDef US_Passport DisplayName
523359829462,Паспорт США,,,ModItemInventoryItemCompositeDef US_Passport DisplayNamePlural
942317750300,Загранпаспорт на имя некой Карен Гослинг,,,ModItemInventoryItemCompositeDef US_Passport Description
411000427081,"<image UI/Conversation/T_Dialogue_IconBackgroundCircle.tga 400 130 128 120> Пропуск в страну, где угроза пожаловаться менеджеру решает любые проблемы",,,ModItemInventoryItemCompositeDef US_Passport AdditionalHint
689882559090,Образец вируса,,,ModItemInventoryItemCompositeDef VirusSample DisplayName
130593701173,Образцы вируса,,,ModItemInventoryItemCompositeDef VirusSample DisplayNamePlural
740403231223,"Биологический материал, необходимый для расшифровки генома вируса красного бешенства. Не кантовать.",,,ModItemInventoryItemCompositeDef VirusSample Description
837023925890,<image UI/Conversation/T_Dialogue_IconBackgroundCircle.tga 400 130 128 120> Во время сбора образца не пострадало ни одной летучей мыши,,,ModItemInventoryItemCompositeDef VirusSample AdditionalHint
570257686581,Карта клада в церкви,,,ModItemInventoryItemCompositeDef WeirdosMap DisplayName
784030358071,Карта клада в церкви,,,ModItemInventoryItemCompositeDef WeirdosMap DisplayNamePlural
536533265847,Неаккуратно нарисованная карта сокровищ. Внутренность флитаунской церкви отмечена жирным крестом.,,,ModItemInventoryItemCompositeDef WeirdosMap Description
765943723272,Рыжий кудрявый парик,,,ModItemInventoryItemCompositeDef Wig DisplayName
825867038417,Рыжий кудрявый парик,,,ModItemInventoryItemCompositeDef Wig DisplayNamePlural
543815194049,85 - баба ягодка опять.,,,ModItemInventoryItemCompositeDef Wig Description
625955634706,Дневник,,,ModItemInventoryItemCompositeDef WorkerDiary DisplayName
517536614005,"«Когда умерла Жозефина, я не знал, что мне с собой делать. Я подался в <color EmStyle>Ландсбах</color>, потому что слышал, тут неплохие заработки.<newline><newline>Вкалывать в шахте оказалось труднее, чем я думал, так что я вступил в этот их <color EmStyle>Понтовый клуб</color>, чтоб было где спустить пар. Оказалось, на ринге за неделю можно заработать столько же, сколько за два месяца в этой чертовой шахте!<newline><newline>Местные меня теперь уважают, потому что я здоровый, ловкий и запросто могу вырубить любого. Даже прозвище мне дали - <color EmStyle>Костолом</color>! Вчера <color EmStyle>Рикошет</color> сказал, <color EmStyle>Зигфрид</color> предлагает мне стать одним из его личных охранников. Иду на повышение, однако!»",,,ModItemInventoryItemCompositeDef WorkerDiary Description
462016642721,Дневник Уилкокса,,,ModItemInventoryItemCompositeDef WriterDiary DisplayName
596726259266,"«Уже некоторое время я наблюдаю за <color EmStyle>Вандой</color> и этой ее необычной сектой. Они практикуют весьма необычную разновидность вуду - поклонение неким <color EmStyle>Древним</color>. Я беседовал с сектантами, участвовал в их трапезах, пил их ритуальный напиток, изучал их архаичный диалект. И хотя это далеко не первая секта на моей практике, изучая их, я начинаю опасаться за собственный <color EmStyle>рассудок</color>!<newline><newline>Ни ритуальный забой куриц, ни прочие их языческие обряды не были для меня в новинку. Удивило (да что скрывать - напугало!) меня другое: вскоре я и сам начал слышать зов. Зов... <color EmStyle>Древних</color>.<newline><newline><color EmStyle>Ванда</color> сказала мне, что тех, кто не внимает ему, ждет верная смерть. И вот оно началось: люди вокруг начали умирать! <color EmStyle>Ванда</color> намерена посадить особые растения у родника, чтобы все в деревне тоже услышали зов <color EmStyle>Древних</color>».",,,ModItemInventoryItemCompositeDef WriterDiary Description
495092911969,Письмо Хавьеру,,,ModItemInventoryItemCompositeDef WriterLetter DisplayName
938400763932,"«Мой дорогой <color EmStyle>Хавьер</color>! Я опасаюсь за свою жизнь. Они начинают догадываться, что я слишком многое узнал. Мои находки, заметки - даже собственные воспаленные фантазии, что приходили мне на ум, когда я слушал их словно бы день и ночь отдававшиеся в моей голове неблагозвучные песнопения - всё это хранится в моем <color EmStyle>дневнике</color>.<newline><newline>Если со мною что-нибудь приключится, прошу тебя: забери его и обнародуй, чтобы власти этой страны узнали, что здесь творится. Ты - единственный, на кого я могу положиться, поэтому я спрятал дневник и оставил тебе подсказки, как его найти. Ищи их в тех местах, где в былые, более счастливые времена мы с тобой беседовали и смеялись.<newline><newline>С любовью,<newline><color EmStyle>Роджер Уилкокс</color>».",,,ModItemInventoryItemCompositeDef WriterLetter Description
430316016191,Вырванная страница,,,ModItemInventoryItemCompositeDef WriterPage DisplayName
847469045518,"«Я был слеп... Как я не догадался? Нет никакого проклятья! Есть лишь это алчное чудовище, <color EmStyle>док Роберт</color>. Вчера ночью я проследил за ним. Он встречался с какими-то разбойничьего вида типами в их тайном лагере неподалёку отсюда. Я притаился и подслушал, о чём они говорили.<newline><newline><color EmStyle>Доктор</color> намерен заразить часть местных жителей какой-то диковинной болезнью и запугать остальных, заставив беспрекословно себя слушаться. Как только это произойдёт, разбойники смогут без труда захватить деревню и сделать из неё базу контрабандистов!<newline><newline>Должно быть, от ужаса я невольно вскрикнул, потому что они что-то услыхали и принялись кричать: «Кто там?» Я бросился бежать и не останавливался, пока не добрался до своей хижины. Даже сейчас, когда я пишу эти строки, сердце моё всё ещё бешено колотится от бега и от воспоминаний о пережитом ужасе.<newline><newline>Я должен спрятать свой дневник на случай, если со мной произойдёт непоправимое, и проследить, чтобы <color EmStyle>Хавьер</color> его нашёл!»",,,ModItemInventoryItemCompositeDef WriterPage Description
630724408594,Паркур!,,,ModItemInventoryItemCompositeDef SkillMag_Agility DisplayName
691435640998,Паркур!,,,ModItemInventoryItemCompositeDef SkillMag_Agility DisplayNamePlural
489199300777,"«Я почти уверен, что кричать <color EmStyle>«Паркур»</color> не обязательно».",,,ModItemInventoryItemCompositeDef SkillMag_Agility Description
597382312995,"<image UI/Conversation/T_Dialogue_IconBackgroundCircle.tga 400 130 128 120> Используется через меню предмета
<image UI/Conversation/T_Dialogue_IconBackgroundCircle.tga 400 130 128 120> Одноразовый предмет
<image UI/Conversation/T_Dialogue_IconBackgroundCircle.tga 400 130 128 120> Повышает проворность",,,ModItemInventoryItemCompositeDef SkillMag_Agility AdditionalHint
463982693555,ЧИТАТЬ,,,ModItemInventoryItemCompositeDef SkillMag_Agility action_name
487930750217,Легкость рук,,,ModItemInventoryItemCompositeDef SkillMag_Dexterity DisplayName
673004035156,Легкость рук,,,ModItemInventoryItemCompositeDef SkillMag_Dexterity DisplayNamePlural
506600813860,Гораздо интереснее «Ежедневных фокусов».,,,ModItemInventoryItemCompositeDef SkillMag_Dexterity Description
797797219004,"<image UI/Conversation/T_Dialogue_IconBackgroundCircle.tga 400 130 128 120> Используется через меню предмета
<image UI/Conversation/T_Dialogue_IconBackgroundCircle.tga 400 130 128 120> Одноразовый предмет
<image UI/Conversation/T_Dialogue_IconBackgroundCircle.tga 400 130 128 120> Повышает ловкость",,,ModItemInventoryItemCompositeDef SkillMag_Dexterity AdditionalHint
473986798572,ЧИТАТЬ,,,ModItemInventoryItemCompositeDef SkillMag_Dexterity action_name
710416313666,Красный провод,,,ModItemInventoryItemCompositeDef SkillMag_Explosives DisplayName
677050699484,Красный провод,,,ModItemInventoryItemCompositeDef SkillMag_Explosives DisplayNamePlural
807154356068,"Говорят, издательство недавно сгорело на работе.",,,ModItemInventoryItemCompositeDef SkillMag_Explosives Description
448082864319,"<image UI/Conversation/T_Dialogue_IconBackgroundCircle.tga 400 130 128 120> Используется через меню предмета
<image UI/Conversation/T_Dialogue_IconBackgroundCircle.tga 400 130 128 120> Одноразовый предмет
<image UI/Conversation/T_Dialogue_IconBackgroundCircle.tga 400 130 128 120> Повышает навык «Взрывчатка»",,,ModItemInventoryItemCompositeDef SkillMag_Explosives AdditionalHint
152721933572,ЧИТАТЬ,,,ModItemInventoryItemCompositeDef SkillMag_Explosives action_name
131590238643,Здоровое питание,,,ModItemInventoryItemCompositeDef SkillMag_Health DisplayName
174753580586,Здоровое питание,,,ModItemInventoryItemCompositeDef SkillMag_Health DisplayNamePlural
473448050965,На зависть всем врачам.,,,ModItemInventoryItemCompositeDef SkillMag_Health Description
695028054688,"<image UI/Conversation/T_Dialogue_IconBackgroundCircle.tga 400 130 128 120> Используется через меню предмета
<image UI/Conversation/T_Dialogue_IconBackgroundCircle.tga 400 130 128 120> Одноразовый предмет
<image UI/Conversation/T_Dialogue_IconBackgroundCircle.tga 400 130 128 120> Повышает здоровье",,,ModItemInventoryItemCompositeDef SkillMag_Health AdditionalHint
335118716490,ЧИТАТЬ,,,ModItemInventoryItemCompositeDef SkillMag_Health action_name
577336750801,Шутки-самосмейки,,,ModItemInventoryItemCompositeDef SkillMag_Leadership DisplayName
590915231240,Шутки-самосмейки,,,ModItemInventoryItemCompositeDef SkillMag_Leadership DisplayNamePlural
539668160560,Как стать душой частной военной компании.,,,ModItemInventoryItemCompositeDef SkillMag_Leadership Description
965131122443,"<image UI/Conversation/T_Dialogue_IconBackgroundCircle.tga 400 130 128 120> Используется через меню предмета
<image UI/Conversation/T_Dialogue_IconBackgroundCircle.tga 400 130 128 120> Одноразовый предмет
<image UI/Conversation/T_Dialogue_IconBackgroundCircle.tga 400 130 128 120> Повышает лидерство",,,ModItemInventoryItemCompositeDef SkillMag_Leadership AdditionalHint
914171038529,ЧИТАТЬ,,,ModItemInventoryItemCompositeDef SkillMag_Leadership action_name
928573512606,Начинать надо издалека,,,ModItemInventoryItemCompositeDef SkillMag_Marksmanship DisplayName
147458147901,Начинать надо издалека,,,ModItemInventoryItemCompositeDef SkillMag_Marksmanship DisplayNamePlural
638150409258,"«Братишка, ты лучше сядь».",,,ModItemInventoryItemCompositeDef SkillMag_Marksmanship Description
730186052301,"<image UI/Conversation/T_Dialogue_IconBackgroundCircle.tga 400 130 128 120> Используется через меню предмета
<image UI/Conversation/T_Dialogue_IconBackgroundCircle.tga 400 130 128 120> Одноразовый предмет
<image UI/Conversation/T_Dialogue_IconBackgroundCircle.tga 400 130 128 120> Повышает меткость",,,ModItemInventoryItemCompositeDef SkillMag_Marksmanship AdditionalHint
793074878333,ЧИТАТЬ,,,ModItemInventoryItemCompositeDef SkillMag_Marksmanship action_name
124257560060,Поршни и цилиндры,,,ModItemInventoryItemCompositeDef SkillMag_Mechanical DisplayName
401151848718,Поршни и цилиндры,,,ModItemInventoryItemCompositeDef SkillMag_Mechanical DisplayNamePlural
917053657200,Не путать с одноимённым журналом 18+.,,,ModItemInventoryItemCompositeDef SkillMag_Mechanical Description
990445537482,"<image UI/Conversation/T_Dialogue_IconBackgroundCircle.tga 400 130 128 120> Используется через меню предмета
<image UI/Conversation/T_Dialogue_IconBackgroundCircle.tga 400 130 128 120> Одноразовый предмет
<image UI/Conversation/T_Dialogue_IconBackgroundCircle.tga 400 130 128 120> Повышает навык «Механика»",,,ModItemInventoryItemCompositeDef SkillMag_Mechanical AdditionalHint
711190141252,ЧИТАТЬ,,,ModItemInventoryItemCompositeDef SkillMag_Mechanical action_name
307091936698,"Для тех, кто вяжет",,,ModItemInventoryItemCompositeDef SkillMag_Medical DisplayName
654119258491,"Для тех, кто вяжет",,,ModItemInventoryItemCompositeDef SkillMag_Medical DisplayNamePlural
475949466167,Модные схемы для перевязки и узорная работа жгутом.,,,ModItemInventoryItemCompositeDef SkillMag_Medical Description
136943176811,"<image UI/Conversation/T_Dialogue_IconBackgroundCircle.tga 400 130 128 120> Используется через меню предмета
<image UI/Conversation/T_Dialogue_IconBackgroundCircle.tga 400 130 128 120> Одноразовый предмет
<image UI/Conversation/T_Dialogue_IconBackgroundCircle.tga 400 130 128 120> Повышает навык «Медицина»",,,ModItemInventoryItemCompositeDef SkillMag_Medical AdditionalHint
119079771803,ЧИТАТЬ,,,ModItemInventoryItemCompositeDef SkillMag_Medical action_name
618768441972,Качай железо!,,,ModItemInventoryItemCompositeDef SkillMag_Strength DisplayName
778711018287,Качай железо!,,,ModItemInventoryItemCompositeDef SkillMag_Strength DisplayNamePlural
840257110862,Сила есть - интеллекта не надо.,,,ModItemInventoryItemCompositeDef SkillMag_Strength Description
596345734981,"<image UI/Conversation/T_Dialogue_IconBackgroundCircle.tga 400 130 128 120> Используется через меню предмета
<image UI/Conversation/T_Dialogue_IconBackgroundCircle.tga 400 130 128 120> Одноразовый предмет
<image UI/Conversation/T_Dialogue_IconBackgroundCircle.tga 400 130 128 120> Повышает силу",,,ModItemInventoryItemCompositeDef SkillMag_Strength AdditionalHint
771899052340,ЧИТАТЬ,,,ModItemInventoryItemCompositeDef SkillMag_Strength action_name
972242933505,Руководство Бори Гриля,,,ModItemInventoryItemCompositeDef SkillMag_Wisdom DisplayName
707397432040,Руководство Бори Гриля,,,ModItemInventoryItemCompositeDef SkillMag_Wisdom DisplayNamePlural
494813276634,Руководство по выживанию. Если вам откусил ногу медведь - пописайте на рану.,,,ModItemInventoryItemCompositeDef SkillMag_Wisdom Description
422939718547,"<image UI/Conversation/T_Dialogue_IconBackgroundCircle.tga 400 130 128 120> Используется через меню предмета
<image UI/Conversation/T_Dialogue_IconBackgroundCircle.tga 400 130 128 120> Одноразовый предмет
<image UI/Conversation/T_Dialogue_IconBackgroundCircle.tga 400 130 128 120> Повышает интеллект",,,ModItemInventoryItemCompositeDef SkillMag_Wisdom AdditionalHint
763122138438,ЧИТАТЬ,,,ModItemInventoryItemCompositeDef SkillMag_Wisdom action_name
176680467808,Лег. камуфляжная броня,,,ModItemInventoryItemCompositeDef CamoArmor_Light DisplayName
245181127534,Лег. камуфляжная броня,,,ModItemInventoryItemCompositeDef CamoArmor_Light DisplayNamePlural
269575301180,"<image UI/Conversation/T_Dialogue_IconBackgroundCircle.tga 400 130 128 120> Усложняет обнаружение противником
<image UI/Conversation/T_Dialogue_IconBackgroundCircle.tga 400 130 128 120> Против камуфлированных целей прицеливание работает хуже
<image UI/Conversation/T_Dialogue_IconBackgroundCircle.tga 400 130 128 120> Нельзя совмещать с обивкой или керамическими пластинами",,,ModItemInventoryItemCompositeDef CamoArmor_Light AdditionalHint
809083860417,Лег. камуфляжная броня с композитумом,,,ModItemInventoryItemCompositeDef CamoArmor_Light_Kompositum DisplayName
917048102694,Лег. камуфляжная броня с композитумом,,,ModItemInventoryItemCompositeDef CamoArmor_Light_Kompositum DisplayNamePlural
463559312941,"<image UI/Conversation/T_Dialogue_IconBackgroundCircle.tga 400 130 128 120> Усложняет обнаружение противником
<image UI/Conversation/T_Dialogue_IconBackgroundCircle.tga 400 130 128 120> Против камуфлированных целей прицеливание работает хуже
<image UI/Conversation/T_Dialogue_IconBackgroundCircle.tga 400 130 128 120> Совмещена с композитумом-58",,,ModItemInventoryItemCompositeDef CamoArmor_Light_Kompositum AdditionalHint
677597769278,Ср. камуфляжная броня,,,ModItemInventoryItemCompositeDef CamoArmor_Medium DisplayName
181139609750,Ср. камуфляжная броня,,,ModItemInventoryItemCompositeDef CamoArmor_Medium DisplayNamePlural
985483183023,"<image UI/Conversation/T_Dialogue_IconBackgroundCircle.tga 400 130 128 120> Усложняет обнаружение противником
<image UI/Conversation/T_Dialogue_IconBackgroundCircle.tga 400 130 128 120> Против камуфлированных целей прицеливание работает хуже
<image UI/Conversation/T_Dialogue_IconBackgroundCircle.tga 400 130 128 120> Нельзя совмещать с обивкой или керамическими пластинами",,,ModItemInventoryItemCompositeDef CamoArmor_Medium AdditionalHint
590810449248,Ср. камуфляжная броня с композитумом,,,ModItemInventoryItemCompositeDef CamoArmor_Medium_Kompositum DisplayName
538225683768,Ср. камуфляжная броня с композитумом,,,ModItemInventoryItemCompositeDef CamoArmor_Medium_Kompositum DisplayNamePlural
149455538270,"<image UI/Conversation/T_Dialogue_IconBackgroundCircle.tga 400 130 128 120> Усложняет обнаружение противником
<image UI/Conversation/T_Dialogue_IconBackgroundCircle.tga 400 130 128 120> Против камуфлированных целей прицеливание работает хуже
<image UI/Conversation/T_Dialogue_IconBackgroundCircle.tga 400 130 128 120> Совмещена с композитумом-58",,,ModItemInventoryItemCompositeDef CamoArmor_Medium_Kompositum AdditionalHint
612033604870,Противооскол. броня,,,ModItemInventoryItemCompositeDef FlakArmor DisplayName
406643233960,Противооскол. броня,,,ModItemInventoryItemCompositeDef FlakArmor DisplayNamePlural
135880051710,Противооскол. броня,,,ModItemInventoryItemCompositeDef FlakArmor_CeramicPlates DisplayName
142056492700,Противооскол. броня,,,ModItemInventoryItemCompositeDef FlakArmor_CeramicPlates DisplayNamePlural
880407302657,"<image UI/Conversation/T_Dialogue_IconBackgroundCircle.tga 400 130 128 120> Уменьшение урона (улучшено керамическими пластинами) 
<image UI/Conversation/T_Dialogue_IconBackgroundCircle.tga 400 130 128 120> Керамические пластины ломаются после <color 124 130 96><RevertConditionCounter></color> попаданий",,,ModItemInventoryItemCompositeDef FlakArmor_CeramicPlates AdditionalHint
638287958448,Противооскол. броня с композитумом,,,ModItemInventoryItemCompositeDef FlakArmor_Kompositum DisplayName
599738000664,Противооскол. броня с композитумом,,,ModItemInventoryItemCompositeDef FlakArmor_Kompositum DisplayNamePlural
338160900130,<image UI/Conversation/T_Dialogue_IconBackgroundCircle.tga 400 130 128 120> Совмещена с композитумом-58,,,ModItemInventoryItemCompositeDef FlakArmor_Kompositum AdditionalHint
498898352412,Противооскол. броня,,,ModItemInventoryItemCompositeDef FlakArmor_WeavePadding DisplayName
816901331839,Противооскол. броня,,,ModItemInventoryItemCompositeDef FlakArmor_WeavePadding DisplayNamePlural
534547008279,<image UI/Conversation/T_Dialogue_IconBackgroundCircle.tga 400 130 128 120> Уменьшение урона (улучшено обивкой),,,ModItemInventoryItemCompositeDef FlakArmor_WeavePadding AdditionalHint
775356299127,Противооскол. поножи,,,ModItemInventoryItemCompositeDef FlakLeggings DisplayName
779452662384,Противооскол. поножи,,,ModItemInventoryItemCompositeDef FlakLeggings DisplayNamePlural
216575034395,Противооскол. поножи с композитумом,,,ModItemInventoryItemCompositeDef FlakLeggings_Kompositum DisplayName
737706779906,Противооскол. поножи с композитумом,,,ModItemInventoryItemCompositeDef FlakLeggings_Kompositum DisplayNamePlural
159580702234,<image UI/Conversation/T_Dialogue_IconBackgroundCircle.tga 400 130 128 120> Совмещены с композитумом-58,,,ModItemInventoryItemCompositeDef FlakLeggings_Kompositum AdditionalHint
879043784786,Противооскол. поножи,,,ModItemInventoryItemCompositeDef FlakLeggings_WeavePadding DisplayName
109162060015,Противооскол. поножи,,,ModItemInventoryItemCompositeDef FlakLeggings_WeavePadding DisplayNamePlural
634168663357,<image UI/Conversation/T_Dialogue_IconBackgroundCircle.tga 400 130 128 120> Уменьшение урона (улучшено обивкой),,,ModItemInventoryItemCompositeDef FlakLeggings_WeavePadding AdditionalHint
638630093798,Противооскол. жилет,,,ModItemInventoryItemCompositeDef FlakVest DisplayName
414954258016,Противооскол. жилеты,,,ModItemInventoryItemCompositeDef FlakVest DisplayNamePlural
376468045664,Противооскол. жилет,,,ModItemInventoryItemCompositeDef FlakVest_CeramicPlates DisplayName
415106411582,Противооскол. жилеты,,,ModItemInventoryItemCompositeDef FlakVest_CeramicPlates DisplayNamePlural
989195542514,"<image UI/Conversation/T_Dialogue_IconBackgroundCircle.tga 400 130 128 120> Уменьшение урона (улучшено керамическими пластинами) 
<image UI/Conversation/T_Dialogue_IconBackgroundCircle.tga 400 130 128 120> Керамические пластины ломаются после <color 124 130 96><RevertConditionCounter></color> попаданий",,,ModItemInventoryItemCompositeDef FlakVest_CeramicPlates AdditionalHint
990879324447,Противооскол. жилет с композитумом,,,ModItemInventoryItemCompositeDef FlakVest_Kompositum DisplayName
138280566841,Противооскол. жилеты с композитумом,,,ModItemInventoryItemCompositeDef FlakVest_Kompositum DisplayNamePlural
963354304515,<image UI/Conversation/T_Dialogue_IconBackgroundCircle.tga 400 130 128 120> Совмещен с композитумом-58,,,ModItemInventoryItemCompositeDef FlakVest_Kompositum AdditionalHint
671915260166,Противооскол. жилет,,,ModItemInventoryItemCompositeDef FlakVest_WeavePadding DisplayName
762378763698,Противооскол. жилеты,,,ModItemInventoryItemCompositeDef FlakVest_WeavePadding DisplayNamePlural
151609995365,<image UI/Conversation/T_Dialogue_IconBackgroundCircle.tga 400 130 128 120> Уменьшение урона (улучшено обивкой),,,ModItemInventoryItemCompositeDef FlakVest_WeavePadding AdditionalHint
228069854290,Легкий шлем,,,ModItemInventoryItemCompositeDef LightHelmet DisplayName
733878481011,Легкие шлемы,,,ModItemInventoryItemCompositeDef LightHelmet DisplayNamePlural
814275127871,Легкий шлем с композитумом,,,ModItemInventoryItemCompositeDef LightHelmet_Kompositum DisplayName
876163433457,Легкие шлемы с композитумом,,,ModItemInventoryItemCompositeDef LightHelmet_Kompositum DisplayNamePlural
490769479545,<image UI/Conversation/T_Dialogue_IconBackgroundCircle.tga 400 130 128 120> Совмещен с композитумом-58,,,ModItemInventoryItemCompositeDef LightHelmet_Kompositum AdditionalHint
949393035512,Легкий шлем,,,ModItemInventoryItemCompositeDef LightHelmet_WeavePadding DisplayName
168224329987,Легкие шлемы,,,ModItemInventoryItemCompositeDef LightHelmet_WeavePadding DisplayNamePlural
242887718487,<image UI/Conversation/T_Dialogue_IconBackgroundCircle.tga 400 130 128 120> Уменьшение урона (улучшено обивкой),,,ModItemInventoryItemCompositeDef LightHelmet_WeavePadding AdditionalHint
754596814376,Тяжелый жилет,,,ModItemInventoryItemCompositeDef HeavyArmorChestplate DisplayName
162979481042,Тяжелые жилеты,,,ModItemInventoryItemCompositeDef HeavyArmorChestplate DisplayNamePlural
114849173325,<image UI/Conversation/T_Dialogue_IconBackgroundCircle.tga 400 130 128 120> Громоздкое (нет бесплатного перемещения),,,ModItemInventoryItemCompositeDef HeavyArmorChestplate AdditionalHint
440347915749,Тяжелый жилет,,,ModItemInventoryItemCompositeDef HeavyArmorChestplate_CeramicPlates DisplayName
883207086130,Тяжелые жилеты,,,ModItemInventoryItemCompositeDef HeavyArmorChestplate_CeramicPlates DisplayNamePlural
445718228934,"<image UI/Conversation/T_Dialogue_IconBackgroundCircle.tga 400 130 128 120> Уменьшение урона (улучшено керамическими пластинами)
<image UI/Conversation/T_Dialogue_IconBackgroundCircle.tga 400 130 128 120> Керамические пластины ломаются после <color 124 130 96><RevertConditionCounter></color> попаданий
<image UI/Conversation/T_Dialogue_IconBackgroundCircle.tga 400 130 128 120> Громоздкое (нет бесплатного перемещения)",,,ModItemInventoryItemCompositeDef HeavyArmorChestplate_CeramicPlates AdditionalHint
984664321988,Тяжелый жилет с композитумом,,,ModItemInventoryItemCompositeDef HeavyArmorChestplate_Kompositum DisplayName
480981247125,Тяжелые жилеты с композитумом,,,ModItemInventoryItemCompositeDef HeavyArmorChestplate_Kompositum DisplayNamePlural
582028486755,"<image UI/Conversation/T_Dialogue_IconBackgroundCircle.tga 400 130 128 120> Громоздкое (нет бесплатного перемещения)
<image UI/Conversation/T_Dialogue_IconBackgroundCircle.tga 400 130 128 120> Совмещено с композитумом-58",,,ModItemInventoryItemCompositeDef HeavyArmorChestplate_Kompositum AdditionalHint
814111881138,Тяжелый жилет,,,ModItemInventoryItemCompositeDef HeavyArmorChestplate_WeavePadding DisplayName
799485075416,Тяжелые жилеты,,,ModItemInventoryItemCompositeDef HeavyArmorChestplate_WeavePadding DisplayNamePlural
718835019569,"<image UI/Conversation/T_Dialogue_IconBackgroundCircle.tga 400 130 128 120> Уменьшение урона (улучшено обивкой)
<image UI/Conversation/T_Dialogue_IconBackgroundCircle.tga 400 130 128 120> Громоздкое (нет бесплатного перемещения)",,,ModItemInventoryItemCompositeDef HeavyArmorChestplate_WeavePadding AdditionalHint
859735509201,Тяжелый шлем,,,ModItemInventoryItemCompositeDef HeavyArmorHelmet DisplayName
661364064144,Тяжелые шлемы,,,ModItemInventoryItemCompositeDef HeavyArmorHelmet DisplayNamePlural
182213296782,<image UI/Conversation/T_Dialogue_IconBackgroundCircle.tga 400 130 128 120> Громоздкое (нет бесплатного перемещения),,,ModItemInventoryItemCompositeDef HeavyArmorHelmet AdditionalHint
609270857232,Тяжелый шлем с композитумом,,,ModItemInventoryItemCompositeDef HeavyArmorHelmet_Kompositum DisplayName
935805626814,Тяжелые шлемы с композитумом,,,ModItemInventoryItemCompositeDef HeavyArmorHelmet_Kompositum DisplayNamePlural
682687453939,"<image UI/Conversation/T_Dialogue_IconBackgroundCircle.tga 400 130 128 120> Громоздкое (нет бесплатного перемещения)
<image UI/Conversation/T_Dialogue_IconBackgroundCircle.tga 400 130 128 120> Совмещено с композитумом-58",,,ModItemInventoryItemCompositeDef HeavyArmorHelmet_Kompositum AdditionalHint
825884219505,Тяжелый шлем,,,ModItemInventoryItemCompositeDef HeavyArmorHelmet_WeavePadding DisplayName
524651216325,Тяжелые шлемы,,,ModItemInventoryItemCompositeDef HeavyArmorHelmet_WeavePadding DisplayNamePlural
401733130773,"<image UI/Conversation/T_Dialogue_IconBackgroundCircle.tga 400 130 128 120> Уменьшение урона (улучшено обивкой)
<image UI/Conversation/T_Dialogue_IconBackgroundCircle.tga 400 130 128 120> Громоздкое (нет бесплатного перемещения)",,,ModItemInventoryItemCompositeDef HeavyArmorHelmet_WeavePadding AdditionalHint
527721097011,Тяжелые поножи,,,ModItemInventoryItemCompositeDef HeavyArmorLeggings DisplayName
529453567249,Тяжелые поножи,,,ModItemInventoryItemCompositeDef HeavyArmorLeggings DisplayNamePlural
384866989315,<image UI/Conversation/T_Dialogue_IconBackgroundCircle.tga 400 130 128 120> Громоздкое (нет бесплатного перемещения),,,ModItemInventoryItemCompositeDef HeavyArmorLeggings AdditionalHint
323411627919,Тяжелые поножи с композитумом,,,ModItemInventoryItemCompositeDef HeavyArmorLeggings_Kompositum DisplayName
598686624041,Тяжелые поножи с композитумом,,,ModItemInventoryItemCompositeDef HeavyArmorLeggings_Kompositum DisplayNamePlural
280869603163,"<image UI/Conversation/T_Dialogue_IconBackgroundCircle.tga 400 130 128 120> Громоздкое (нет бесплатного перемещения)
<image UI/Conversation/T_Dialogue_IconBackgroundCircle.tga 400 130 128 120> Совмещено с композитумом-58",,,ModItemInventoryItemCompositeDef HeavyArmorLeggings_Kompositum AdditionalHint
856878373526,Тяжелые поножи,,,ModItemInventoryItemCompositeDef HeavyArmorLeggings_WeavePadding DisplayName
791419567704,Тяжелые поножи,,,ModItemInventoryItemCompositeDef HeavyArmorLeggings_WeavePadding DisplayNamePlural
333324704149,"<image UI/Conversation/T_Dialogue_IconBackgroundCircle.tga 400 130 128 120> Уменьшение урона (улучшено обивкой)
<image UI/Conversation/T_Dialogue_IconBackgroundCircle.tga 400 130 128 120> Громоздкое (нет бесплатного перемещения)",,,ModItemInventoryItemCompositeDef HeavyArmorLeggings_WeavePadding AdditionalHint
911518580122,Тяжелая броня,,,ModItemInventoryItemCompositeDef HeavyArmorTorso DisplayName
765289767718,Тяжелая броня,,,ModItemInventoryItemCompositeDef HeavyArmorTorso DisplayNamePlural
532145267048,<image UI/Conversation/T_Dialogue_IconBackgroundCircle.tga 400 130 128 120> Громоздкое (нет бесплатного перемещения),,,ModItemInventoryItemCompositeDef HeavyArmorTorso AdditionalHint
886023642493,Тяжелая броня,,,ModItemInventoryItemCompositeDef HeavyArmorTorso_CeramicPlates DisplayName
497423657836,Тяжелая броня,,,ModItemInventoryItemCompositeDef HeavyArmorTorso_CeramicPlates DisplayNamePlural
444519571576,"<image UI/Conversation/T_Dialogue_IconBackgroundCircle.tga 400 130 128 120> Уменьшение урона (улучшено керамическими пластинами)
<image UI/Conversation/T_Dialogue_IconBackgroundCircle.tga 400 130 128 120> Керамические пластины ломаются после <color 124 130 96><RevertConditionCounter></color> попаданий
<image UI/Conversation/T_Dialogue_IconBackgroundCircle.tga 400 130 128 120> Громоздкое (нет бесплатного перемещения)",,,ModItemInventoryItemCompositeDef HeavyArmorTorso_CeramicPlates AdditionalHint
181490651174,Тяжелая броня с композитумом,,,ModItemInventoryItemCompositeDef HeavyArmorTorso_Kompositum DisplayName
764894323039,Тяжелая броня с композитумом,,,ModItemInventoryItemCompositeDef HeavyArmorTorso_Kompositum DisplayNamePlural
298476924717,"<image UI/Conversation/T_Dialogue_IconBackgroundCircle.tga 400 130 128 120> Громоздкое (нет бесплатного перемещения)
<image UI/Conversation/T_Dialogue_IconBackgroundCircle.tga 400 130 128 120> Совмещено с композитумом-58",,,ModItemInventoryItemCompositeDef HeavyArmorTorso_Kompositum AdditionalHint
954547296613,Тяжелая броня,,,ModItemInventoryItemCompositeDef HeavyArmorTorso_WeavePadding DisplayName
352262315508,Тяжелая броня,,,ModItemInventoryItemCompositeDef HeavyArmorTorso_WeavePadding DisplayNamePlural
291156604381,"<image UI/Conversation/T_Dialogue_IconBackgroundCircle.tga 400 130 128 120> Уменьшение урона (улучшено обивкой)
<image UI/Conversation/T_Dialogue_IconBackgroundCircle.tga 400 130 128 120> Громоздкое (нет бесплатного перемещения)",,,ModItemInventoryItemCompositeDef HeavyArmorTorso_WeavePadding AdditionalHint
171999081293,Кевларовый жилет,,,ModItemInventoryItemCompositeDef KevlarChestplate DisplayName
140977241030,Кевларовые жилеты,,,ModItemInventoryItemCompositeDef KevlarChestplate DisplayNamePlural
719033707774,Кевларовый жилет,,,ModItemInventoryItemCompositeDef KevlarChestplate_CeramicPlates DisplayName
909068412127,Кевларовые жилеты,,,ModItemInventoryItemCompositeDef KevlarChestplate_CeramicPlates DisplayNamePlural
412930930936,"<image UI/Conversation/T_Dialogue_IconBackgroundCircle.tga 400 130 128 120> Уменьшение урона (улучшено керамическими пластинами) 
<image UI/Conversation/T_Dialogue_IconBackgroundCircle.tga 400 130 128 120> Керамические пластины ломаются после <color 124 130 96><RevertConditionCounter></color> попаданий",,,ModItemInventoryItemCompositeDef KevlarChestplate_CeramicPlates AdditionalHint
530972902878,Кевларовый жилет с композитумом,,,ModItemInventoryItemCompositeDef KevlarChestplate_Kompositum DisplayName
856355659942,Кевларовые жилеты с композитумом,,,ModItemInventoryItemCompositeDef KevlarChestplate_Kompositum DisplayNamePlural
551968918766,<image UI/Conversation/T_Dialogue_IconBackgroundCircle.tga 400 130 128 120> Совмещен с композитумом-58,,,ModItemInventoryItemCompositeDef KevlarChestplate_Kompositum AdditionalHint
658453307514,Кевларовый жилет,,,ModItemInventoryItemCompositeDef KevlarChestplate_WeavePadding DisplayName
595433110248,Кевларовые жилеты,,,ModItemInventoryItemCompositeDef KevlarChestplate_WeavePadding DisplayNamePlural
992417108694,<image UI/Conversation/T_Dialogue_IconBackgroundCircle.tga 400 130 128 120> Уменьшение урона (улучшено обивкой),,,ModItemInventoryItemCompositeDef KevlarChestplate_WeavePadding AdditionalHint
727410775892,Кевларовый шлем,,,ModItemInventoryItemCompositeDef KevlarHelmet DisplayName
420298800307,Кевларовые шлемы,,,ModItemInventoryItemCompositeDef KevlarHelmet DisplayNamePlural
461433004456,Кевларовый шлем с композитумом,,,ModItemInventoryItemCompositeDef KevlarHelmet_Kompositum DisplayName
194938987161,Кевларовые шлемы с композитумом,,,ModItemInventoryItemCompositeDef KevlarHelmet_Kompositum DisplayNamePlural
683341693163,<image UI/Conversation/T_Dialogue_IconBackgroundCircle.tga 400 130 128 120> Совмещен с композитумом-58,,,ModItemInventoryItemCompositeDef KevlarHelmet_Kompositum AdditionalHint
578064514576,Кевларовый шлем,,,ModItemInventoryItemCompositeDef KevlarHelmet_WeavePadding DisplayName
992657978670,Кевларовые шлемы,,,ModItemInventoryItemCompositeDef KevlarHelmet_WeavePadding DisplayNamePlural
631236464593,<image UI/Conversation/T_Dialogue_IconBackgroundCircle.tga 400 130 128 120> Уменьшение урона (улучшено обивкой),,,ModItemInventoryItemCompositeDef KevlarHelmet_WeavePadding AdditionalHint
147514683515,Кевларовые поножи,,,ModItemInventoryItemCompositeDef KevlarLeggings DisplayName
122895896849,Кевларовые поножи,,,ModItemInventoryItemCompositeDef KevlarLeggings DisplayNamePlural
214894053042,Кевларовые поножи с композитумом,,,ModItemInventoryItemCompositeDef KevlarLeggings_Kompositum DisplayName
780396007032,Кевларовые поножи с композитумом,,,ModItemInventoryItemCompositeDef KevlarLeggings_Kompositum DisplayNamePlural
995306061923,<image UI/Conversation/T_Dialogue_IconBackgroundCircle.tga 400 130 128 120> Совмещен с композитумом-58,,,ModItemInventoryItemCompositeDef KevlarLeggings_Kompositum AdditionalHint
524245451766,Кевларовые поножи,,,ModItemInventoryItemCompositeDef KevlarLeggings_WeavePadding DisplayName
714437491681,Кевларовые поножи,,,ModItemInventoryItemCompositeDef KevlarLeggings_WeavePadding DisplayNamePlural
461555887626,<image UI/Conversation/T_Dialogue_IconBackgroundCircle.tga 400 130 128 120> Уменьшение урона (улучшено обивкой),,,ModItemInventoryItemCompositeDef KevlarLeggings_WeavePadding AdditionalHint
895477849807,Кевларовая броня,,,ModItemInventoryItemCompositeDef KevlarVest DisplayName
981824319120,Кевларовая броня,,,ModItemInventoryItemCompositeDef KevlarVest DisplayNamePlural
598227833265,Кевларовая броня,,,ModItemInventoryItemCompositeDef KevlarVest_CeramicPlates DisplayName
384155043172,Кевларовая броня,,,ModItemInventoryItemCompositeDef KevlarVest_CeramicPlates DisplayNamePlural
124583488574,"<image UI/Conversation/T_Dialogue_IconBackgroundCircle.tga 400 130 128 120> Уменьшение урона (улучшено керамическими пластинами) 
<image UI/Conversation/T_Dialogue_IconBackgroundCircle.tga 400 130 128 120> Керамические пластины ломаются после <color 124 130 96><RevertConditionCounter></color> попаданий",,,ModItemInventoryItemCompositeDef KevlarVest_CeramicPlates AdditionalHint
823900978072,Кевларовая броня с композитумом,,,ModItemInventoryItemCompositeDef KevlarVest_Kompositum DisplayName
409339668841,Кевларовая броня с композитумом,,,ModItemInventoryItemCompositeDef KevlarVest_Kompositum DisplayNamePlural
800129119632,<image UI/Conversation/T_Dialogue_IconBackgroundCircle.tga 400 130 128 120> Совмещен с композитумом-58,,,ModItemInventoryItemCompositeDef KevlarVest_Kompositum AdditionalHint
499127758353,Кевларовая броня,,,ModItemInventoryItemCompositeDef KevlarVest_WeavePadding DisplayName
861841151262,Кевларовая броня,,,ModItemInventoryItemCompositeDef KevlarVest_WeavePadding DisplayNamePlural
983595909003,<image UI/Conversation/T_Dialogue_IconBackgroundCircle.tga 400 130 128 120> Уменьшение урона (улучшено обивкой),,,ModItemInventoryItemCompositeDef KevlarVest_WeavePadding AdditionalHint
989253845237,Блестящий шлем,,,ModItemInventoryItemCompositeDef PostApoHelmet DisplayName
621073497977,Блестящие шлемы,,,ModItemInventoryItemCompositeDef PostApoHelmet DisplayNamePlural
411421104846,"<image UI/Conversation/T_Dialogue_IconBackgroundCircle.tga 400 130 128 120> Ломается ОЧЕНЬ часто
<image UI/Conversation/T_Dialogue_IconBackgroundCircle.tga 400 130 128 120> Плюс 100 к безумию",,,ModItemInventoryItemCompositeDef PostApoHelmet AdditionalHint
726783320445,Шлем «Отряда смерти»,,,ModItemInventoryItemCompositeDef ShamanHelmet DisplayName
170212068235,Шлемы «Отряда смерти»,,,ModItemInventoryItemCompositeDef ShamanHelmet DisplayNamePlural
115086347301,<image UI/Conversation/T_Dialogue_IconBackgroundCircle.tga 400 130 128 120> Нельзя совмещать с обивкой или керамическими пластинами,,,ModItemInventoryItemCompositeDef ShamanHelmet AdditionalHint
211442403430,Поножи «Отряда смерти»,,,ModItemInventoryItemCompositeDef ShamanLeggings DisplayName
950499779265,Поножи «Отряда смерти»,,,ModItemInventoryItemCompositeDef ShamanLeggings DisplayNamePlural
195459271638,<image UI/Conversation/T_Dialogue_IconBackgroundCircle.tga 400 130 128 120> Нельзя совмещать с обивкой или керамическими пластинами,,,ModItemInventoryItemCompositeDef ShamanLeggings AdditionalHint
982881322601,Броня «Отряда смерти»,,,ModItemInventoryItemCompositeDef ShamanTorso DisplayName
690619539512,Броня «Отряда смерти»,,,ModItemInventoryItemCompositeDef ShamanTorso DisplayNamePlural
478349261963,<image UI/Conversation/T_Dialogue_IconBackgroundCircle.tga 400 130 128 120> Нельзя совмещать с обивкой или керамическими пластинами,,,ModItemInventoryItemCompositeDef ShamanTorso AdditionalHint
412147335923,Плита 3 класса защиты,,,ModItemInventoryItemCompositeDef PlateLevel3 DisplayName
971702583857,Плита 3 класса защиты,,,ModItemInventoryItemCompositeDef PlateLevel3 DisplayNamePlural
548431226087,Плита 3 класса защиты,,,ModItemInventoryItemCompositeDef PlateLevel3 Description
405754596547,"Обеспечивает защиту по 3 классу. Вставляется в бронежилеты.

Является средней броней, но не отнимает свободное перемещение.",,,ModItemInventoryItemCompositeDef PlateLevel3 AdditionalHint
671613123916,Плита 4 класса защиты,,,ModItemInventoryItemCompositeDef PlateLevel4 DisplayName
748941445361,Плита 4 класса защиты,,,ModItemInventoryItemCompositeDef PlateLevel4 DisplayNamePlural
526253934890,Плита 3 класса защиты,,,ModItemInventoryItemCompositeDef PlateLevel4 Description
391914276833,"Обеспечивает защиту по 4 классу. Вставляется в бронежилеты.

Является тяжелой броней, но не отнимает свободное перемещение.",,,ModItemInventoryItemCompositeDef PlateLevel4 AdditionalHint
456809595548,Плита 5 класса защиты,,,ModItemInventoryItemCompositeDef PlateLevel5 DisplayName
223718703476,Плита 5 класса защиты,,,ModItemInventoryItemCompositeDef PlateLevel5 DisplayNamePlural
396584313243,Плита 3 класса защиты,,,ModItemInventoryItemCompositeDef PlateLevel5 Description
955119681007,"Обеспечивает защиту по 5 классу. Вставляется в бронежилеты.

Является тяжелой броней, но не отнимает свободное перемещение.",,,ModItemInventoryItemCompositeDef PlateLevel5 AdditionalHint
108712795407,Полуавтоматические винтовки,,,ModItemWeaponType Default DMR Name
681969849755,"ПолуавтоматичеВинтовки обладают хорошей точностью и позволяют точно поражать определенные части тела. Они достаточно дальнобойны, но их скорострельность оставляет желать лучшего.

Особая атака: Мобильный выстрел",,,ModItemWeaponType Default DMR Description
521686673416,9x19 мм,,,ModItemCaliber Default 9mm Name
733723627519,9x18 мм,,,ModItemCaliber Default 9x18 Name
273096947172,9x39 мм,,,ModItemCaliber Default 9x39 Name
504887522660,7.62x25 мм,,,ModItemCaliber Default 762x25 Name
873741110302,0.44,,,ModItemCaliber Default 44CAL Name
451026050452,0.45ACP,,,ModItemCaliber Default 45ACP Name
549519686114,12-й калибр,,,ModItemCaliber Default 12gauge Name
376584921659,"5,56 мм",,,ModItemCaliber Default 556 Name
499096504556,"5,45x39 мм СССР",,,ModItemCaliber Default 545 Name
302279097271,"5,7 мм",,,ModItemCaliber Default 57 Name
625223609232,"7,62 мм НАТО",,,ModItemCaliber Default 3006 Name
326405758440,"7,62x39 мм СССР",,,ModItemCaliber Default 762WP Name
844641585807,"7,62 мм НАТО",,,ModItemCaliber Default 762NATO Name
900054860874,762x54R СССР,,,ModItemCaliber Default 762x54R Name
522661328038,7.92х57мм,,,ModItemCaliber Default 792 Name
915011981096,0.5,,,ModItemCaliber Default 50BMG Name
804773955391,40 мм,,,ModItemCaliber Default 40mmGrenade Name
290527597993,Выстрел,,,ModItemCaliber Default MortarShell Name
198365631561,Гранатометный снаряд,,,ModItemCaliber Default Warhead Name
770963172488,Сигнальная ракета,,,ModItemCaliber Default Flare Name
979753645335,5.7mm,,,ModItemBobbyRayShopSubCategory Ammo 57 DisplayName
877656352088,"5,45x39 мм",,,ModItemBobbyRayShopSubCategory Ammo 545 DisplayName
759258546778,9x19,,,ModItemBobbyRayShopSubCategory Ammo 9mm DisplayName
106295508462,.45ACP,,,ModItemBobbyRayShopSubCategory Ammo 45ACP DisplayName
702568463819,762x25,,,ModItemBobbyRayShopSubCategory Ammo 762x25 DisplayName
982351693896,9x18,,,ModItemBobbyRayShopSubCategory Ammo 9x18 DisplayName
138856083203,9x39 мм,,,ModItemBobbyRayShopSubCategory Ammo 9x39 DisplayName
268513244787,7.62x54R,,,ModItemBobbyRayShopSubCategory Ammo 762x54 DisplayName
678727427209,7.92x57 Mauser,,,ModItemBobbyRayShopSubCategory Ammo 792 DisplayName
231621586764,30-06,,,ModItemBobbyRayShopSubCategory Ammo 3006 DisplayName
507119240029,Сигнальная ракета,,,ModItemInventoryItemCompositeDef FlareAmmo DisplayName
490159972922,Сигнальные ракеты,,,ModItemInventoryItemCompositeDef FlareAmmo DisplayNamePlural
768575610516,Осветительные боеприпасы для ракетницы.,,,ModItemInventoryItemCompositeDef FlareAmmo Description
155872634100,"9х19 мм, FMJ",,,ModItemInventoryItemCompositeDef _9mm_Basic DisplayName
200146472891,"9х19 мм, FMJ",,,ModItemInventoryItemCompositeDef _9mm_Basic DisplayNamePlural
664808395363,Стандартный патрон калибра 9х19мм,,,ModItemInventoryItemCompositeDef _9mm_Basic Description
763610042273,"9х19 мм, JHP",,,ModItemInventoryItemCompositeDef _9mm_HP DisplayName
303057645580,"9х19 мм, JHP",,,ModItemInventoryItemCompositeDef _9mm_HP DisplayNamePlural
183818330311,Экспансивный патрон калибра 9х19мм,,,ModItemInventoryItemCompositeDef _9mm_HP Description
929514636211,"<image UI/Conversation/T_Dialogue_IconBackgroundCircle.tga 400 130 128 120> Нулевая бронебойность
<image UI/Conversation/T_Dialogue_IconBackgroundCircle.tga 400 130 128 120> Повышенный урон
<image UI/Conversation/T_Dialogue_IconBackgroundCircle.tga 400 130 128 120> Повышенный шанс критического попадания
<image UI/Conversation/T_Dialogue_IconBackgroundCircle.tga 400 130 128 120> Вызывает <color EmStyle>кровотечение</color>",,,ModItemInventoryItemCompositeDef _9mm_HP AdditionalHint
224704103793,"9х19 мм, Match",,,ModItemInventoryItemCompositeDef _9mm_Match DisplayName
735981363075,"9х19 мм, Match",,,ModItemInventoryItemCompositeDef _9mm_Match DisplayNamePlural
249476015900,Матчевый патрон калибра 9х19мм,,,ModItemInventoryItemCompositeDef _9mm_Match Description
715440518588,"<image UI/Conversation/T_Dialogue_IconBackgroundCircle.tga 400 130 128 120> Увеличенная эффективность прицеливания
<image UI/Conversation/T_Dialogue_IconBackgroundCircle.tga 400 130 128 120> Повышенный шанс критического попадания
<image UI/Conversation/T_Dialogue_IconBackgroundCircle.tga 400 130 128 120> Увеличенная дальность стрельбы без штрафов",,,ModItemInventoryItemCompositeDef _9mm_Match AdditionalHint
805781479075,"9х19 мм, ББ",,,ModItemInventoryItemCompositeDef _9mm_AP DisplayName
563390764188,"9х19 мм, ББ",,,ModItemInventoryItemCompositeDef _9mm_AP DisplayNamePlural
312209838224,Бронебойный патрон калибра 9х19мм,,,ModItemInventoryItemCompositeDef _9mm_AP Description
593244172450,<image UI/Conversation/T_Dialogue_IconBackgroundCircle.tga 400 130 128 120> Обеспечивает уверенное поражение целей обладающих 2-м классом брони,,,ModItemInventoryItemCompositeDef _9mm_AP AdditionalHint
665655429600,9mm ShockОТКЛЮЧЕНО,,,ModItemInventoryItemCompositeDef _9mm_Shock DisplayName
603590156557,9mm ShockОТКЛЮЧЕНО,,,ModItemInventoryItemCompositeDef _9mm_Shock DisplayNamePlural
433618780831,"Шоковый боеприпас для пистолетов, револьверов и пистолетов-пулеметов калибра 9 мм.",,,ModItemInventoryItemCompositeDef _9mm_Shock Description
394253813445,"<image UI/Conversation/T_Dialogue_IconBackgroundCircle.tga 400 130 128 120> Сниженная дальнобойность
<image UI/Conversation/T_Dialogue_IconBackgroundCircle.tga 400 130 128 120> Нулевая бронебойность
<image UI/Conversation/T_Dialogue_IconBackgroundCircle.tga 400 130 128 120> Высокий шанс критического попадания
<image UI/Conversation/T_Dialogue_IconBackgroundCircle.tga 400 130 128 120> Пораженные цели получают статус «<color EmStyle>Вне укрытия</color>» и лишаются его преимуществ
<image UI/Conversation/T_Dialogue_IconBackgroundCircle.tga 400 130 128 120> Вызывает <color EmStyle>кровотечение</color>",,,ModItemInventoryItemCompositeDef _9mm_Shock AdditionalHint
105025393783,9mmSubsonicОТКЛЮЧЕНО,,,ModItemInventoryItemCompositeDef _9mm_Subsonic DisplayName
831450437418,9mmSubsonicОТКЛЮЧЕНО,,,ModItemInventoryItemCompositeDef _9mm_Subsonic DisplayNamePlural
800606538570,"Дозвуковой боеприпас для пистолетов, револьверов и пистолетов-пулеметов калибра 9 мм.",,,ModItemInventoryItemCompositeDef _9mm_Subsonic Description
913119410589,<image UI/Conversation/T_Dialogue_IconBackgroundCircle.tga 400 130 128 120> Издает меньше шума,,,ModItemInventoryItemCompositeDef _9mm_Subsonic AdditionalHint
118149072487,9mmTracerОТКЛЮЧЕНО,,,ModItemInventoryItemCompositeDef _9mm_Tracer DisplayName
701005662106,9mmTracerОТКЛЮЧЕНО,,,ModItemInventoryItemCompositeDef _9mm_Tracer DisplayNamePlural
884535632070,"Трассирующий боеприпас для пистолетов, револьверов и пистолетов-пулеметов калибра 9 мм.",,,ModItemInventoryItemCompositeDef _9mm_Tracer Description
482768932177,<image UI/Conversation/T_Dialogue_IconBackgroundCircle.tga 400 130 128 120> Пораженные цели получают статус «<color EmStyle>Вне укрытия</color>» и лишаются его преимуществ,,,ModItemInventoryItemCompositeDef _9mm_Tracer AdditionalHint
877153292694,"9x18мм, обычный",,,ModItemInventoryItemCompositeDef _918_Basic DisplayName
541689435313,"9x18мм, обычный",,,ModItemInventoryItemCompositeDef _918_Basic DisplayNamePlural
607120342533,"Боеприпас для пистолетов, револьверов и пистолетов-пулеметов калибра 9x18 мм.",,,ModItemInventoryItemCompositeDef _918_Basic Description
733304726737,".45ACP, FMJ",,,ModItemInventoryItemCompositeDef _45ACP_Basic DisplayName
608699825581,".45ACP, FMJ",,,ModItemInventoryItemCompositeDef _45ACP_Basic DisplayNamePlural
822719760376,Стандартный патрон калибра .45ACP,,,ModItemInventoryItemCompositeDef _45ACP_Basic Description
479870631215,".45ACP, JHP",,,ModItemInventoryItemCompositeDef _45ACP_HP DisplayName
878954550032,".45ACP, JHP",,,ModItemInventoryItemCompositeDef _45ACP_HP DisplayNamePlural
352706557534,Экспансивный патрон калибра .45ACP,,,ModItemInventoryItemCompositeDef _45ACP_HP Description
999764809590,"<image UI/Conversation/T_Dialogue_IconBackgroundCircle.tga 400 130 128 120> Нулевая бронебойность
<image UI/Conversation/T_Dialogue_IconBackgroundCircle.tga 400 130 128 120> Повышенный урон
<image UI/Conversation/T_Dialogue_IconBackgroundCircle.tga 400 130 128 120> Повышенный шанс критического попадания
<image UI/Conversation/T_Dialogue_IconBackgroundCircle.tga 400 130 128 120> Вызывает <color EmStyle>кровотечение</color>",,,ModItemInventoryItemCompositeDef _45ACP_HP AdditionalHint
619928295522,".45ACP, +P",,,ModItemInventoryItemCompositeDef _45ACP_P DisplayName
464820890926,".45ACP, +P",,,ModItemInventoryItemCompositeDef _45ACP_P DisplayNamePlural
314526000820,Усиленный патрон калибра .45ACP,,,ModItemInventoryItemCompositeDef _45ACP_P Description
670483575831,"<image UI/Conversation/T_Dialogue_IconBackgroundCircle.tga 400 130 128 120> Обеспечивает уверенное поражение целей обладающих 2-м классом брони
<image UI/Conversation/T_Dialogue_IconBackgroundCircle.tga 400 130 128 120> Усиленный патрон: Увеличенная дальность, отдача и износ оружия. Уменьшенный урон",,,ModItemInventoryItemCompositeDef _45ACP_P AdditionalHint
794184973391,"7.62x25, обычный",,,ModItemInventoryItemCompositeDef _762x25_Basic DisplayName
841366033571,"7.62x25, обычные",,,ModItemInventoryItemCompositeDef _762x25_Basic DisplayNamePlural
459672509002,"Боеприпас для пистолетов, револьверов и пистолетов-пулеметов калибра 7.62x25, ",,,ModItemInventoryItemCompositeDef _762x25_Basic Description
986078573099,".44, FMJ",,,ModItemInventoryItemCompositeDef _44CAL_Basic DisplayName
438934360265,".44, FMJ",,,ModItemInventoryItemCompositeDef _44CAL_Basic DisplayNamePlural
282514533111,Стандартный патрон для револьверов и винтовок калибра .44.,,,ModItemInventoryItemCompositeDef _44CAL_Basic Description
652664598617,<image UI/Conversation/T_Dialogue_IconBackgroundCircle.tga 400 130 128 120> Обеспечивает уверенное поражение целей обладающих 2-м классом брони,,,ModItemInventoryItemCompositeDef _44CAL_Basic AdditionalHint
813456505074,".44, Match",,,ModItemInventoryItemCompositeDef _44CAL_Match DisplayName
406044112039,".44, Match",,,ModItemInventoryItemCompositeDef _44CAL_Match DisplayNamePlural
712038093744,Матчевый патрон для револьверов и винтовок калибра .44.,,,ModItemInventoryItemCompositeDef _44CAL_Match Description
641798236671,"<image UI/Conversation/T_Dialogue_IconBackgroundCircle.tga 400 130 128 120> Обеспечивает уверенное поражение целей обладающих 2-м классом брони
<image UI/Conversation/T_Dialogue_IconBackgroundCircle.tga 400 130 128 120> Увеличенная эффективность прицеливания
<image UI/Conversation/T_Dialogue_IconBackgroundCircle.tga 400 130 128 120> Повышенный шанс критического попадания
<image UI/Conversation/T_Dialogue_IconBackgroundCircle.tga 400 130 128 120> Увеличенная дальность стрельбы без штрафов",,,ModItemInventoryItemCompositeDef _44CAL_Match AdditionalHint
386906702993,".44, JHP",,,ModItemInventoryItemCompositeDef _44CAL_HP DisplayName
271725882008,".44, JHP",,,ModItemInventoryItemCompositeDef _44CAL_HP DisplayNamePlural
563503814864,Экспансивный патрон для револьверов и винтовок калибра .44.,,,ModItemInventoryItemCompositeDef _44CAL_HP Description
109832597800,"<image UI/Conversation/T_Dialogue_IconBackgroundCircle.tga 400 130 128 120> Нулевая бронебойность
<image UI/Conversation/T_Dialogue_IconBackgroundCircle.tga 400 130 128 120> Повышенный урон
<image UI/Conversation/T_Dialogue_IconBackgroundCircle.tga 400 130 128 120> Повышенный шанс критического попадания
<image UI/Conversation/T_Dialogue_IconBackgroundCircle.tga 400 130 128 120> Вызывает <color EmStyle>кровотечение</color>",,,ModItemInventoryItemCompositeDef _44CAL_HP AdditionalHint
680253987934,".44, ШОК Отключено",,,ModItemInventoryItemCompositeDef _44CAL_Shock DisplayName
997064544685,".44, ШОК Отключено",,,ModItemInventoryItemCompositeDef _44CAL_Shock DisplayNamePlural
168881952959,Шоковый боеприпас для револьверов и винтовок калибра .44.,,,ModItemInventoryItemCompositeDef _44CAL_Shock Description
310180733643,"<image UI/Conversation/T_Dialogue_IconBackgroundCircle.tga 400 130 128 120> Сниженная дальнобойность
<image UI/Conversation/T_Dialogue_IconBackgroundCircle.tga 400 130 128 120> Высокий шанс критического попадания
<image UI/Conversation/T_Dialogue_IconBackgroundCircle.tga 400 130 128 120> Пораженные цели получают статус «<color EmStyle>Вне укрытия</color>» и лишаются его преимуществ
<image UI/Conversation/T_Dialogue_IconBackgroundCircle.tga 400 130 128 120> Вызывает <color EmStyle>кровотечение</color>",,,ModItemInventoryItemCompositeDef _44CAL_Shock AdditionalHint
494915492927,".44, ББ Отключено",,,ModItemInventoryItemCompositeDef _44CAL_AP DisplayName
683375813129,".44, ББ Отключено",,,ModItemInventoryItemCompositeDef _44CAL_AP DisplayNamePlural
485161603324,Бронебойный боеприпас для револьверов и винтовок калибра .44.,,,ModItemInventoryItemCompositeDef _44CAL_AP Description
317102684237,<image UI/Conversation/T_Dialogue_IconBackgroundCircle.tga 400 130 128 120> Повышенная бронебойность,,,ModItemInventoryItemCompositeDef _44CAL_AP AdditionalHint
769490446713,"5,7 мм, S109",,,ModItemInventoryItemCompositeDef _57_Basic DisplayName
461328612330,"5,7 мм, S109",,,ModItemInventoryItemCompositeDef _57_Basic DisplayNamePlural
455226696012,Боеприпас калибра 5.7мм,,,ModItemInventoryItemCompositeDef _57_Basic Description
462600136685,<image UI/Conversation/T_Dialogue_IconBackgroundCircle.tga 400 130 128 120> Обеспечивает уверенное поражение целей обладающих 3-м классом брони,,,ModItemInventoryItemCompositeDef _57_Basic AdditionalHint
428167345331,"5,56 мм, Mk262",,,ModItemInventoryItemCompositeDef _556_HP DisplayName
993763616115,"5,56 мм, Mk262",,,ModItemInventoryItemCompositeDef _556_HP DisplayNamePlural
831559140442,Специальный боеприпас калибра 5.56x45мм. Разработан для сил специального назначения,,,ModItemInventoryItemCompositeDef _556_HP Description
300678450458,"<image UI/Conversation/T_Dialogue_IconBackgroundCircle.tga 400 130 128 120> Обеспечивает уверенное поражение целей обладающих 3-м классом брони
<image UI/Conversation/T_Dialogue_IconBackgroundCircle.tga 400 130 128 120> Высокий шанс критического попадания
<image UI/Conversation/T_Dialogue_IconBackgroundCircle.tga 400 130 128 120> Повышенный урон
<image UI/Conversation/T_Dialogue_IconBackgroundCircle.tga 400 130 128 120> Увеличенная эффективность прицеливания",,,ModItemInventoryItemCompositeDef _556_HP AdditionalHint
521657786118,"5,56мм, FMJ",,,ModItemInventoryItemCompositeDef _556_Basic DisplayName
922434593104,"5,56 мм, FMJ",,,ModItemInventoryItemCompositeDef _556_Basic DisplayNamePlural
516467409546,Стандартный боеприпас калибра 5.56x45мм.,,,ModItemInventoryItemCompositeDef _556_Basic Description
900039644950,"<image UI/Conversation/T_Dialogue_IconBackgroundCircle.tga 400 130 128 120> Обеспечивает уверенное поражение целей обладающих 2-м классом брони
<image UI/Conversation/T_Dialogue_IconBackgroundCircle.tga 400 130 128 120> Патроны плохого качества: cниженный урон и повышенный износ",,,ModItemInventoryItemCompositeDef _556_Basic AdditionalHint
450127293951,"5,56 мм, M855",,,ModItemInventoryItemCompositeDef _556_AP DisplayName
370030902532,"5,56 мм, M855",,,ModItemInventoryItemCompositeDef _556_AP DisplayNamePlural
122603978185,Современный армейский патрон калибра 5.56x45мм.,,,ModItemInventoryItemCompositeDef _556_AP Description
218649529396,<image UI/Conversation/T_Dialogue_IconBackgroundCircle.tga 400 130 128 120> Обеспечивает уверенное поражение целей обладающих 3-м классом брони,,,ModItemInventoryItemCompositeDef _556_AP AdditionalHint
430149542801,"5,56 мм, M856",,,ModItemInventoryItemCompositeDef _556_Tracer DisplayName
832045553139,"5,56 мм, M856",,,ModItemInventoryItemCompositeDef _556_Tracer DisplayNamePlural
287118277595,Современный армейский трассирующий патрон калибра 5.56x45мм.,,,ModItemInventoryItemCompositeDef _556_Tracer Description
143224420435,"<image UI/Conversation/T_Dialogue_IconBackgroundCircle.tga 400 130 128 120> Обеспечивает уверенное поражение целей обладающих 3-м классом брони
<image UI/Conversation/T_Dialogue_IconBackgroundCircle.tga 400 130 128 120> Пораженные цели получают статус «<color EmStyle>Вне укрытия</color>» и лишаются его преимуществ",,,ModItemInventoryItemCompositeDef _556_Tracer AdditionalHint
423858801688,556Match ОТКЛЮЧЕНО,,,ModItemInventoryItemCompositeDef _556_Match DisplayName
103794602392,556Match ОТКЛЮЧЕНО,,,ModItemInventoryItemCompositeDef _556_Match DisplayNamePlural
296983460977,"Матчевый боеприпас для автоматов, пистолетов-пулеметов и пулеметов калибра 5,56 мм.",,,ModItemInventoryItemCompositeDef _556_Match Description
474193716211,<image UI/Conversation/T_Dialogue_IconBackgroundCircle.tga 400 130 128 120> Увеличенная эффективность прицеливания,,,ModItemInventoryItemCompositeDef _556_Match AdditionalHint
957507093667,"5,45 мм, HP",,,ModItemInventoryItemCompositeDef _545_HP DisplayName
831411040533,"5,45 мм, HP",,,ModItemInventoryItemCompositeDef _545_HP DisplayNamePlural
825451116843,Гражданский спортивно-охотничий патрон калибра 5.45x39мм.,,,ModItemInventoryItemCompositeDef _545_HP Description
329939658631,"<image UI/Conversation/T_Dialogue_IconBackgroundCircle.tga 400 130 128 120> Высокий шанс критического попадания
<image UI/Conversation/T_Dialogue_IconBackgroundCircle.tga 400 130 128 120> Повышенный урон
<image UI/Conversation/T_Dialogue_IconBackgroundCircle.tga 400 130 128 120> Уменьшенное пробитие",,,ModItemInventoryItemCompositeDef _545_HP AdditionalHint
836959671187,"5,45 мм, ПС",,,ModItemInventoryItemCompositeDef _545_Basic DisplayName
913957229499,"5,45 мм, ПС",,,ModItemInventoryItemCompositeDef _545_Basic DisplayNamePlural
418477272049,Стандартный российский армейский патрон 7Н6 калибра 5.45x39мм,,,ModItemInventoryItemCompositeDef _545_Basic Description
846154551222,<image UI/Conversation/T_Dialogue_IconBackgroundCircle.tga 400 130 128 120> Обеспечивает уверенное поражение целей обладающих 2-м классом брони,,,ModItemInventoryItemCompositeDef _545_Basic AdditionalHint
717645494691,"5,45 мм, ПП",,,ModItemInventoryItemCompositeDef _545_EPR DisplayName
977539365840,"5,45 мм, ПП",,,ModItemInventoryItemCompositeDef _545_EPR DisplayNamePlural
282394850695,Российский патрон 7Н10 повышенной пробиваемости калибра 5.45x39мм,,,ModItemInventoryItemCompositeDef _545_EPR Description
285965282311,<image UI/Conversation/T_Dialogue_IconBackgroundCircle.tga 400 130 128 120> Обеспечивает уверенное поражение целей обладающих 3-м классом брони,,,ModItemInventoryItemCompositeDef _545_EPR AdditionalHint
345241058659,"5,45 мм, БП",,,ModItemInventoryItemCompositeDef _545_AP DisplayName
619741289653,"5,45 мм, БП",,,ModItemInventoryItemCompositeDef _545_AP DisplayNamePlural
336552552838,Бронебойный армейский патрон калибра 7Н22 5.45x39мм,,,ModItemInventoryItemCompositeDef _545_AP Description
269063197532,<image UI/Conversation/T_Dialogue_IconBackgroundCircle.tga 400 130 128 120> Обеспечивает уверенное поражение целей обладающих 4-м классом брони,,,ModItemInventoryItemCompositeDef _545_AP AdditionalHint
478000726200,"5,45 мм, Т",,,ModItemInventoryItemCompositeDef _545_Tracer DisplayName
305146989428,"5,45 мм, Т",,,ModItemInventoryItemCompositeDef _545_Tracer DisplayNamePlural
627636911766,Трассирующий армейский патрон 7Т3 калибра 5.45x39мм,,,ModItemInventoryItemCompositeDef _545_Tracer Description
444068350100,"<image UI/Conversation/T_Dialogue_IconBackgroundCircle.tga 400 130 128 120> Обеспечивает уверенное поражение целей обладающих 2-м классом брони
<image UI/Conversation/T_Dialogue_IconBackgroundCircle.tga 400 130 128 120> Пораженные цели получают статус «<color EmStyle>Вне укрытия</color>» и лишаются его преимуществ",,,ModItemInventoryItemCompositeDef _545_Tracer AdditionalHint
555452893940,"7,62х39мм, FMJ",,,ModItemInventoryItemCompositeDef _762WP_HP DisplayName
531849994448,"7,62х39мм, FMJ",,,ModItemInventoryItemCompositeDef _762WP_HP DisplayNamePlural
787229384577,Китайский патрон калибра 7.62х39. Уступает советским аналогам,,,ModItemInventoryItemCompositeDef _762WP_HP Description
524371242891,"<image UI/Conversation/T_Dialogue_IconBackgroundCircle.tga 400 130 128 120> Обеспечивает уверенное поражение целей обладающих 2-м классом брони
<image UI/Conversation/T_Dialogue_IconBackgroundCircle.tga 400 130 128 120> Патроны низкого качества: пониженный урон, уменьшенная дальность, уменьшенная точность, увеличенный износ",,,ModItemInventoryItemCompositeDef _762WP_HP AdditionalHint
482507083153,"7,62х39мм, ПС",,,ModItemInventoryItemCompositeDef _762WP_Basic DisplayName
694276805775,"7,62х39мм, ПС",,,ModItemInventoryItemCompositeDef _762WP_Basic DisplayNamePlural
460054557649,Стандартный советский армейский патрон ПС калибра 7.62х39мм,,,ModItemInventoryItemCompositeDef _762WP_Basic Description
575979703047,<image UI/Conversation/T_Dialogue_IconBackgroundCircle.tga 400 130 128 120> Обеспечивает уверенное поражение целей обладающих 3-м классом брони,,,ModItemInventoryItemCompositeDef _762WP_Basic AdditionalHint
960457268605,"7,62х39мм, УС",,,ModItemInventoryItemCompositeDef _762WP_Subsonic DisplayName
883438814681,"7,62х39мм, УС",,,ModItemInventoryItemCompositeDef _762WP_Subsonic DisplayNamePlural
447224116416,Специальный советский дозвуковой патрон УС калибра 7.62х39мм,,,ModItemInventoryItemCompositeDef _762WP_Subsonic Description
531280537445,"<image UI/Conversation/T_Dialogue_IconBackgroundCircle.tga 400 130 128 120> Обеспечивает уверенное поражение целей обладающих 2-м классом брони
<image UI/Conversation/T_Dialogue_IconBackgroundCircle.tga 400 130 128 120> Дозвуковые: пониженный урон, уменьшенная дальность, уменьшенная точность, уменьшенная громкость выстрела, увеличенная надежность",,,ModItemInventoryItemCompositeDef _762WP_Subsonic AdditionalHint
887434933160,"7,62 мм СССР, Отключено",,,ModItemInventoryItemCompositeDef _762WP_AP DisplayName
796511988614,"7,62 мм СССР, Отключено",,,ModItemInventoryItemCompositeDef _762WP_AP DisplayNamePlural
133342947780,"Бронебойный боеприпас советского образца для автоматов, пистолетов-пулеметов, пулеметов и винтовок калибра 7,62 мм.",,,ModItemInventoryItemCompositeDef _762WP_AP Description
751091803409,<image UI/Conversation/T_Dialogue_IconBackgroundCircle.tga 400 130 128 120> Повышенная бронебойность,,,ModItemInventoryItemCompositeDef _762WP_AP AdditionalHint
625949756955,"7,62 мм СССР, МТЧ",,,ModItemInventoryItemCompositeDef _762WP_Match DisplayName
336121533939,"7,62 мм СССР, МТЧ",,,ModItemInventoryItemCompositeDef _762WP_Match DisplayNamePlural
785679569194,"Матчевый боеприпас советского образца для автоматов, пистолетов-пулеметов, пулеметов и винтовок калибра 7,62 мм.",,,ModItemInventoryItemCompositeDef _762WP_Match Description
898718449071,<image UI/Conversation/T_Dialogue_IconBackgroundCircle.tga 400 130 128 120> Увеличенная эффективность прицеливания,,,ModItemInventoryItemCompositeDef _762WP_Match AdditionalHint
139893034451,"7,62 мм СССР, ТРАС",,,ModItemInventoryItemCompositeDef _762WP_Tracer DisplayName
289428391386,"7,62 мм СССР, ТРАС",,,ModItemInventoryItemCompositeDef _762WP_Tracer DisplayNamePlural
556363505821,Трасирующий советский армейский патрон Т-45 калибра 7.62х39мм,,,ModItemInventoryItemCompositeDef _762WP_Tracer Description
995995614395,"<image UI/Conversation/T_Dialogue_IconBackgroundCircle.tga 400 130 128 120> Обеспечивает уверенное поражение целей обладающих 3-м классом брони
<image UI/Conversation/T_Dialogue_IconBackgroundCircle.tga 400 130 128 120> Пораженные цели получают статус «<color EmStyle>Вне укрытия</color>» и лишаются его преимуществ",,,ModItemInventoryItemCompositeDef _762WP_Tracer AdditionalHint
313120096584,"7,62x54R мм ЛПС",,,ModItemInventoryItemCompositeDef _762x54_Basic DisplayName
395380984997,"7,62x54R мм ЛПС",,,ModItemInventoryItemCompositeDef _762x54_Basic DisplayNamePlural
599616253578,Советский винтовочный боеприпас калибра 7.62х54мм с пулей ЛПС,,,ModItemInventoryItemCompositeDef _762x54_Basic Description
658141456035,<image UI/Conversation/T_Dialogue_IconBackgroundCircle.tga 400 130 128 120> Обеспечивает уверенное поражение целей обладающих 3-м классом брони,,,ModItemInventoryItemCompositeDef _762x54_Basic AdditionalHint
539738700641,"7,62x54R мм СНБ",,,ModItemInventoryItemCompositeDef _762x54_Match DisplayName
410094947141,"7,62x54R мм СНБ",,,ModItemInventoryItemCompositeDef _762x54_Match DisplayNamePlural
259556646047,Специальный российский винтовочный снайперский боеприпас калибра 7.62х54мм с пулей СНБ,,,ModItemInventoryItemCompositeDef _762x54_Match Description
883273837188,"<image UI/Conversation/T_Dialogue_IconBackgroundCircle.tga 400 130 128 120> Обеспечивает уверенное поражение целей обладающих 5-м классом брони
<image UI/Conversation/T_Dialogue_IconBackgroundCircle.tga 400 130 128 120> Увеличенная эффективность прицеливания и дальность
<image UI/Conversation/T_Dialogue_IconBackgroundCircle.tga 400 130 128 120> Повышенный шанс критического попадания",,,ModItemInventoryItemCompositeDef _762x54_Match AdditionalHint
857143105421,"7,62x54R мм Т",,,ModItemInventoryItemCompositeDef _762x54_Tracer DisplayName
523241198137,"7,62x54R мм Т",,,ModItemInventoryItemCompositeDef _762x54_Tracer DisplayNamePlural
387412790198,Советский трассирующий винтовочный боеприпас калибра 7.62х54мм с пулей T46,,,ModItemInventoryItemCompositeDef _762x54_Tracer Description
949023879941,"<image UI/Conversation/T_Dialogue_IconBackgroundCircle.tga 400 130 128 120> Обеспечивает уверенное поражение целей обладающих 3-м классом брони
<image UI/Conversation/T_Dialogue_IconBackgroundCircle.tga 400 130 128 120> Пораженные цели получают статус «<color EmStyle>Вне укрытия</color>» и лишаются его преимуществ",,,ModItemInventoryItemCompositeDef _762x54_Tracer AdditionalHint
315299062496,"7,62x54R мм БЗТ",,,ModItemInventoryItemCompositeDef _762x54_AP DisplayName
838345788218,"7,62x54R мм БЗТ",,,ModItemInventoryItemCompositeDef _762x54_AP DisplayNamePlural
809102094413,Советский винтовочный бронебойно-зажитательный трассирующий боеприпас калибра 7.62х54мм с пулей 57-БЗТ-322,,,ModItemInventoryItemCompositeDef _762x54_AP Description
130730200018,"<image UI/Conversation/T_Dialogue_IconBackgroundCircle.tga 400 130 128 120> Обеспечивает уверенное поражение целей обладающих 4-м классом брони
<image UI/Conversation/T_Dialogue_IconBackgroundCircle.tga 400 130 128 120> Увеличенный износ оружия и урон. Уменьшенная точность
<image UI/Conversation/T_Dialogue_IconBackgroundCircle.tga 400 130 128 120> Пораженные цели получают статус «<color EmStyle>Вне укрытия</color>» и лишаются его преимуществ
<image UI/Conversation/T_Dialogue_IconBackgroundCircle.tga 400 130 128 120> Вызывает <color EmStyle>горение</color>",,,ModItemInventoryItemCompositeDef _762x54_AP AdditionalHint
142678921979,"7,92х57 мм, обычный",,,ModItemInventoryItemCompositeDef _792_Basic DisplayName
388299664713,"7,92х57 мм, обычные",,,ModItemInventoryItemCompositeDef _792_Basic DisplayNamePlural
671074136760,Немецкий боеприпас калибра 7.92х57мм Маузер,,,ModItemInventoryItemCompositeDef _792_Basic Description
393046322666,<image UI/Conversation/T_Dialogue_IconBackgroundCircle.tga 400 130 128 120> Обеспечивает уверенное поражение целей обладающих 3-м классом брони,,,ModItemInventoryItemCompositeDef _792_Basic AdditionalHint
427139952503,"9x39 мм, обычный",,,ModItemInventoryItemCompositeDef _939_Basic DisplayName
357805284191,"9x39 мм, обычные",,,ModItemInventoryItemCompositeDef _939_Basic DisplayNamePlural
158761558075,Советский специальный боеприпас СП5 калибра 9х39мм,,,ModItemInventoryItemCompositeDef _939_Basic Description
808315334171,<image UI/Conversation/T_Dialogue_IconBackgroundCircle.tga 400 130 128 120> Обеспечивает уверенное поражение целей обладающих 2-м классом брони,,,ModItemInventoryItemCompositeDef _939_Basic AdditionalHint
575488630652,"9x39 мм, бронебойные",,,ModItemInventoryItemCompositeDef _939_AP DisplayName
506847465833,"9x39 мм, бронебойные",,,ModItemInventoryItemCompositeDef _939_AP DisplayNamePlural
763975515656,Советский специальный бронебойный боеприпас СП6 калибра 9х39мм,,,ModItemInventoryItemCompositeDef _939_AP Description
352617881750,<image UI/Conversation/T_Dialogue_IconBackgroundCircle.tga 400 130 128 120> Обеспечивает уверенное поражение целей обладающих 4-м классом брони,,,ModItemInventoryItemCompositeDef _939_AP AdditionalHint
348137113672,Патрон 30-06,,,ModItemInventoryItemCompositeDef _3006 DisplayName
358250028848,Патроны 30-06,,,ModItemInventoryItemCompositeDef _3006 DisplayNamePlural
770160889482,Стандартный патрон калибра 30-06,,,ModItemInventoryItemCompositeDef _3006 Description
940681894119,<image UI/Conversation/T_Dialogue_IconBackgroundCircle.tga 400 130 128 120> Обеспечивает уверенное поражение целей обладающих 3-м классом брони,,,ModItemInventoryItemCompositeDef _3006 AdditionalHint
199382030206,"7.62х51мм НАТО, FMJ",,,ModItemInventoryItemCompositeDef _762NATO_HP DisplayName
205488519823,"7.62х51мм НАТО, FMJ",,,ModItemInventoryItemCompositeDef _762NATO_HP DisplayNamePlural
705695884064,Африканский патрон калибра 7.62х51мм НАТО,,,ModItemInventoryItemCompositeDef _762NATO_HP Description
684966502167,"<image UI/Conversation/T_Dialogue_IconBackgroundCircle.tga 400 130 128 120> Обеспечивает уверенное поражение целей обладающих 2-м классом брони
<image UI/Conversation/T_Dialogue_IconBackgroundCircle.tga 400 130 128 120> Патроны низкого качества: пониженный урон, увеличенный износ",,,ModItemInventoryItemCompositeDef _762NATO_HP AdditionalHint
875886953498,"7.62х51мм НАТО, M80",,,ModItemInventoryItemCompositeDef _762NATO_Basic DisplayName
939456393241,"7.62х51мм НАТО, M80",,,ModItemInventoryItemCompositeDef _762NATO_Basic DisplayNamePlural
495070126378,Стандартный армейский патрон М80 калибра 7.62х51мм НАТО,,,ModItemInventoryItemCompositeDef _762NATO_Basic Description
943114733606,<image UI/Conversation/T_Dialogue_IconBackgroundCircle.tga 400 130 128 120> Обеспечивает уверенное поражение целей обладающих 3-м классом брони,,,ModItemInventoryItemCompositeDef _762NATO_Basic AdditionalHint
690749006398,"7.62х51мм НАТО, M61",,,ModItemInventoryItemCompositeDef _762NATO_AP DisplayName
555991124239,"7.62х51мм НАТО, M61",,,ModItemInventoryItemCompositeDef _762NATO_AP DisplayNamePlural
221681449875,Бронебойный армейский патрон М61 калибра 7.62х51мм НАТО,,,ModItemInventoryItemCompositeDef _762NATO_AP Description
153736697309,"<image UI/Conversation/T_Dialogue_IconBackgroundCircle.tga 400 130 128 120> Повышенная бронебойность
<image UI/Conversation/T_Dialogue_IconBackgroundCircle.tga 400 130 128 120> Обеспечивает уверенное поражение целей обладающих 4-м классом брони",,,ModItemInventoryItemCompositeDef _762NATO_AP AdditionalHint
588563982504,"7.62х51мм НАТО, M118LR",,,ModItemInventoryItemCompositeDef _762NATO_Match DisplayName
838108995185,"7.62х51мм НАТО, M118LR",,,ModItemInventoryItemCompositeDef _762NATO_Match DisplayNamePlural
670430776584,Специальный снайперский армейский патрон M118LR калибра 7.62х51мм НАТО,,,ModItemInventoryItemCompositeDef _762NATO_Match Description
623496021870,"<image UI/Conversation/T_Dialogue_IconBackgroundCircle.tga 400 130 128 120> Увеличенная эффективность прицеливания
<image UI/Conversation/T_Dialogue_IconBackgroundCircle.tga 400 130 128 120> Обеспечивает уверенное поражение целей обладающих 3-м классом брони",,,ModItemInventoryItemCompositeDef _762NATO_Match AdditionalHint
284947749252,"7.62х51мм НАТО, M62",,,ModItemInventoryItemCompositeDef _762NATO_Tracer DisplayName
732490511593,"7.62х51мм НАТО, M62",,,ModItemInventoryItemCompositeDef _762NATO_Tracer DisplayNamePlural
702147601028,"Трассирующий боеприпас натовского образца для автоматов, винтовок и пулеметов калибра 7,62 мм.",,,ModItemInventoryItemCompositeDef _762NATO_Tracer Description
145282480899,"<image UI/Conversation/T_Dialogue_IconBackgroundCircle.tga 400 130 128 120> Пораженные цели получают статус «<color EmStyle>Вне укрытия</color>» и лишаются его преимуществ
<image UI/Conversation/T_Dialogue_IconBackgroundCircle.tga 400 130 128 120> Обеспечивает уверенное поражение целей обладающих 3-м классом брони",,,ModItemInventoryItemCompositeDef _762NATO_Tracer AdditionalHint
109648300932,"12-й калибр, дробь",,,ModItemInventoryItemCompositeDef _12gauge_Buckshot DisplayName
606609221485,"12-й калибр, дробь",,,ModItemInventoryItemCompositeDef _12gauge_Buckshot DisplayNamePlural
731254624336,Дробь 12-го калибра.,,,ModItemInventoryItemCompositeDef _12gauge_Buckshot Description
895967397978,<image UI/Conversation/T_Dialogue_IconBackgroundCircle.tga 400 130 128 120> 20 частиц. Вызывают <color EmStyle>кровотечение</color>,,,ModItemInventoryItemCompositeDef _12gauge_Buckshot AdditionalHint
560935301832,"12-й калибр, Картечь",,,ModItemInventoryItemCompositeDef _12gauge_Breacher DisplayName
566188616046,"12-й калибр, Картечь",,,ModItemInventoryItemCompositeDef _12gauge_Breacher DisplayNamePlural
706956915920,Картечь 12-го калибра.,,,ModItemInventoryItemCompositeDef _12gauge_Breacher Description
657097578048,<image UI/Conversation/T_Dialogue_IconBackgroundCircle.tga 400 130 128 120> 9 частиц. Повышенный урон,,,ModItemInventoryItemCompositeDef _12gauge_Breacher AdditionalHint
315707821635,"12-й калибр, Пуля",,,ModItemInventoryItemCompositeDef _12gauge_Flechette DisplayName
938740672732,"12-й калибр, Пуля",,,ModItemInventoryItemCompositeDef _12gauge_Flechette DisplayNamePlural
851169092364,Пуля 12-го калибра.,,,ModItemInventoryItemCompositeDef _12gauge_Flechette Description
546412888353,"<image UI/Conversation/T_Dialogue_IconBackgroundCircle.tga 400 130 128 120> 1 пуля.
<image UI/Conversation/T_Dialogue_IconBackgroundCircle.tga 400 130 128 120> Обеспечивает уверенное поражение целей обладающих 2-м классом брони
<image UI/Conversation/T_Dialogue_IconBackgroundCircle.tga 400 130 128 120> Увеличенная дальность и урон",,,ModItemInventoryItemCompositeDef _12gauge_Flechette AdditionalHint
330832471173,"12-й калибр, ББ Пуля",,,ModItemInventoryItemCompositeDef _12gauge_APSlug DisplayName
204192870734,"12-й калибр, ББ Пуля",,,ModItemInventoryItemCompositeDef _12gauge_APSlug DisplayNamePlural
134633354852,Бронебойная пуля 12-го калибра.,,,ModItemInventoryItemCompositeDef _12gauge_APSlug Description
980766638607,"<image UI/Conversation/T_Dialogue_IconBackgroundCircle.tga 400 130 128 120> 1 пуля.
<image UI/Conversation/T_Dialogue_IconBackgroundCircle.tga 400 130 128 120> Обеспечивает уверенное поражение целей обладающих 3-м классом брони
<image UI/Conversation/T_Dialogue_IconBackgroundCircle.tga 400 130 128 120> Увеличенная дальность и урон, но меньше чем у обычной пули",,,ModItemInventoryItemCompositeDef _12gauge_APSlug AdditionalHint
153120657154,"12-й калибр, соль",,,ModItemInventoryItemCompositeDef _12gauge_Saltshot DisplayName
764933984640,"12-й калибр, соль",,,ModItemInventoryItemCompositeDef _12gauge_Saltshot DisplayNamePlural
860076968364,Боеприпас с солью 12-го калибра.,,,ModItemInventoryItemCompositeDef _12gauge_Saltshot Description
314503982891,"<image UI/Conversation/T_Dialogue_IconBackgroundCircle.tga 400 130 128 120> очень низкий урон
<image UI/Conversation/T_Dialogue_IconBackgroundCircle.tga 400 130 128 120> Сниженная дальнобойность
<image UI/Conversation/T_Dialogue_IconBackgroundCircle.tga 400 130 128 120> Увеличенный сектор атаки
<image UI/Conversation/T_Dialogue_IconBackgroundCircle.tga 400 130 128 120> Вызывает у цели <color EmStyle>случайные травмы</color>",,,ModItemInventoryItemCompositeDef _12gauge_Saltshot AdditionalHint
841778917436,".50, обычный",,,ModItemInventoryItemCompositeDef _50BMG_Basic DisplayName
249606093332,".50, обычные",,,ModItemInventoryItemCompositeDef _50BMG_Basic DisplayNamePlural
340279003647,"Боеприпас для пулеметов, снайперских винтовок, пистолетов и револьверов калибра .50.",,,ModItemInventoryItemCompositeDef _50BMG_Basic Description
800799622459,".50, РАЗР",,,ModItemInventoryItemCompositeDef _50BMG_HE DisplayName
104386935270,".50, РАЗР",,,ModItemInventoryItemCompositeDef _50BMG_HE DisplayNamePlural
517539381268,"Разрывной боеприпас для пулеметов, снайперских винтовок, пистолетов и револьверов калибра .50.",,,ModItemInventoryItemCompositeDef _50BMG_HE Description
462228344432,"<image UI/Conversation/T_Dialogue_IconBackgroundCircle.tga 400 130 128 120> Нулевая бронебойность
<image UI/Conversation/T_Dialogue_IconBackgroundCircle.tga 400 130 128 120> Высокий шанс критического попадания",,,ModItemInventoryItemCompositeDef _50BMG_HE AdditionalHint
421667699269,".50, ЗЖ",,,ModItemInventoryItemCompositeDef _50BMG_Incendiary DisplayName
789478188217,".50, ЗЖ",,,ModItemInventoryItemCompositeDef _50BMG_Incendiary DisplayNamePlural
377744477204,"Зажигательный боеприпас для пулеметов, снайперских винтовок, пистолетов и револьверов калибра .50.",,,ModItemInventoryItemCompositeDef _50BMG_Incendiary Description
410551558608,"<image UI/Conversation/T_Dialogue_IconBackgroundCircle.tga 400 130 128 120> Пораженные цели получают статус «<color EmStyle>Вне укрытия</color>» и лишаются его преимуществ
<image UI/Conversation/T_Dialogue_IconBackgroundCircle.tga 400 130 128 120> Вызывает <color EmStyle>горение</color>",,,ModItemInventoryItemCompositeDef _50BMG_Incendiary AdditionalHint
454044555282,".50, ПК",,,ModItemInventoryItemCompositeDef _50BMG_SLAP DisplayName
320607144310,".50, ПК",,,ModItemInventoryItemCompositeDef _50BMG_SLAP DisplayNamePlural
321880832685,"Подкалиберный боеприпас для пулеметов, снайперских винтовок, пистолетов и револьверов калибра .50.",,,ModItemInventoryItemCompositeDef _50BMG_SLAP Description
518655436457,"<image UI/Conversation/T_Dialogue_IconBackgroundCircle.tga 400 130 128 120> Повышенная бронебойность
<image UI/Conversation/T_Dialogue_IconBackgroundCircle.tga 400 130 128 120> Немного повышенный шанс критического попадания",,,ModItemInventoryItemCompositeDef _50BMG_SLAP AdditionalHint
701046079207,Газ. выстрел миномета,,,ModItemInventoryItemCompositeDef MortarShell_Gas DisplayName
123972291693,Газ. выстрелы миномета,,,ModItemInventoryItemCompositeDef MortarShell_Gas DisplayNamePlural
435386900543,Газовый боеприпас для минометов.,,,ModItemInventoryItemCompositeDef MortarShell_Gas Description
903874969214,"<image UI/Conversation/T_Dialogue_IconBackgroundCircle.tga 400 130 128 120> Вызывает <color EmStyle>удушье</color>
<image UI/Conversation/T_Dialogue_IconBackgroundCircle.tga 400 130 128 120> Выстрелы, совершенные сквозь облака газа, дают лишь незначительные попадания
<image UI/Conversation/T_Dialogue_IconBackgroundCircle.tga 400 130 128 120> Почти бесшумно",,,ModItemInventoryItemCompositeDef MortarShell_Gas AdditionalHint
920085089817,Выстрел для миномета,,,ModItemInventoryItemCompositeDef MortarShell_HE DisplayName
789713556348,Выстрелы для миномета,,,ModItemInventoryItemCompositeDef MortarShell_HE DisplayNamePlural
989014864361,Стандартный боеприпас для минометов.,,,ModItemInventoryItemCompositeDef MortarShell_HE Description
288918653440,Дым. выстрел миномета,,,ModItemInventoryItemCompositeDef MortarShell_Smoke DisplayName
613424738533,Дым. выстрелы миномета,,,ModItemInventoryItemCompositeDef MortarShell_Smoke DisplayNamePlural
995604003031,Дымовой боеприпас для минометов.,,,ModItemInventoryItemCompositeDef MortarShell_Smoke Description
342478680224,"<image UI/Conversation/T_Dialogue_IconBackgroundCircle.tga 400 130 128 120> Выстрелы, совершенные сквозь облака газа, дают лишь <color EmStyle>незначительные попадания</color>
<image UI/Conversation/T_Dialogue_IconBackgroundCircle.tga 400 130 128 120> Не наносит урона
<image UI/Conversation/T_Dialogue_IconBackgroundCircle.tga 400 130 128 120> Почти бесшумно",,,ModItemInventoryItemCompositeDef MortarShell_Smoke AdditionalHint
305898295272,О/ф гранатом. снаряд,,,ModItemInventoryItemCompositeDef Warhead_Frag DisplayName
136783041813,О/ф гранатом. снаряды,,,ModItemInventoryItemCompositeDef Warhead_Frag DisplayNamePlural
680964406093,Осколочно-фугасный боеприпас для реактивных гранатометов.,,,ModItemInventoryItemCompositeDef Warhead_Frag Description
666834431891,"<image UI/Conversation/T_Dialogue_IconBackgroundCircle.tga 400 130 128 120> В центре взрыва вызывает эффект «Горение»
<image UI/Conversation/T_Dialogue_IconBackgroundCircle.tga 400 130 128 120> В радиусе взрыва вызывает эффект ""Подавление""",,,ModItemInventoryItemCompositeDef Warhead_Frag AdditionalHint
252170027590,40-мм с/ш граната,,,ModItemInventoryItemCompositeDef _40mmFlashbangGrenade DisplayName
503001107735,40-мм с/ш гранаты,,,ModItemInventoryItemCompositeDef _40mmFlashbangGrenade DisplayNamePlural
591485719079,Светошумовой боеприпас для гранатометов калибра 40 мм.,,,ModItemInventoryItemCompositeDef _40mmFlashbangGrenade Description
296113255093,"<image UI/Conversation/T_Dialogue_IconBackgroundCircle.tga 400 130 128 120> В эпицентре взрыва снижает уровень энергии целей (один раз за бой)
<image UI/Conversation/T_Dialogue_IconBackgroundCircle.tga 400 130 128 120> <color EmStyle>Подавляет</color> цели
<image UI/Conversation/T_Dialogue_IconBackgroundCircle.tga 400 130 128 120> Издает меньше шума",,,ModItemInventoryItemCompositeDef _40mmFlashbangGrenade AdditionalHint
134190199403,40-мм о/ф граната,,,ModItemInventoryItemCompositeDef _40mmFragGrenade DisplayName
837553598383,40-мм о/ф гранаты,,,ModItemInventoryItemCompositeDef _40mmFragGrenade DisplayNamePlural
162107736656,Осколочно-фугасный боеприпас для гранатометов калибра 40 мм.,,,ModItemInventoryItemCompositeDef _40mmFragGrenade Description
729039836221,<image UI/Conversation/T_Dialogue_IconBackgroundCircle.tga 400 130 128 120> В центре взрыва вызывает у целей <color EmStyle>кровотечение</color>,,,ModItemInventoryItemCompositeDef _40mmFragGrenade AdditionalHint
521686673416,9x19 мм,,,ModItemCaliber Default 9mm Name
733723627519,9x18 мм,,,ModItemCaliber Default 9x18 Name
273096947172,9x39 мм,,,ModItemCaliber Default 9x39 Name
504887522660,7.62x25 мм,,,ModItemCaliber Default 762x25 Name
873741110302,0.44,,,ModItemCaliber Default 44CAL Name
451026050452,0.45ACP,,,ModItemCaliber Default 45ACP Name
549519686114,12-й калибр,,,ModItemCaliber Default 12gauge Name
376584921659,"5,56 мм",,,ModItemCaliber Default 556 Name
499096504556,"5,45x39 мм СССР",,,ModItemCaliber Default 545 Name
302279097271,"5,7 мм",,,ModItemCaliber Default 57 Name
625223609232,"7,62 мм НАТО",,,ModItemCaliber Default 3006 Name
326405758440,"7,62x39 мм СССР",,,ModItemCaliber Default 762WP Name
844641585807,"7,62 мм НАТО",,,ModItemCaliber Default 762NATO Name
900054860874,762x54R СССР,,,ModItemCaliber Default 762x54R Name
522661328038,7.92х57мм,,,ModItemCaliber Default 792 Name
915011981096,0.5,,,ModItemCaliber Default 50BMG Name
804773955391,40 мм,,,ModItemCaliber Default 40mmGrenade Name
290527597993,Выстрел,,,ModItemCaliber Default MortarShell Name
198365631561,Гранатометный снаряд,,,ModItemCaliber Default Warhead Name
770963172488,Сигнальная ракета,,,ModItemCaliber Default Flare Name
521686673416,9x19 мм,,,ModItemCaliber Default 9mm Name
733723627519,9x18 мм,,,ModItemCaliber Default 9x18 Name
273096947172,9x39 мм,,,ModItemCaliber Default 9x39 Name
504887522660,7.62x25 мм,,,ModItemCaliber Default 762x25 Name
873741110302,0.44,,,ModItemCaliber Default 44CAL Name
451026050452,0.45ACP,,,ModItemCaliber Default 45ACP Name
549519686114,12-й калибр,,,ModItemCaliber Default 12gauge Name
376584921659,"5,56 мм",,,ModItemCaliber Default 556 Name
499096504556,"5,45x39 мм СССР",,,ModItemCaliber Default 545 Name
302279097271,"5,7 мм",,,ModItemCaliber Default 57 Name
625223609232,"7,62 мм НАТО",,,ModItemCaliber Default 3006 Name
326405758440,"7,62x39 мм СССР",,,ModItemCaliber Default 762WP Name
844641585807,"7,62 мм НАТО",,,ModItemCaliber Default 762NATO Name
900054860874,762x54R СССР,,,ModItemCaliber Default 762x54R Name
522661328038,7.92х57мм,,,ModItemCaliber Default 792 Name
915011981096,0.5,,,ModItemCaliber Default 50BMG Name
804773955391,40 мм,,,ModItemCaliber Default 40mmGrenade Name
290527597993,Выстрел,,,ModItemCaliber Default MortarShell Name
198365631561,Гранатометный снаряд,,,ModItemCaliber Default Warhead Name
770963172488,Сигнальная ракета,,,ModItemCaliber Default Flare Name
979753645335,5.7mm,,,ModItemBobbyRayShopSubCategory Ammo 57 DisplayName
877656352088,"5,45x39 мм",,,ModItemBobbyRayShopSubCategory Ammo 545 DisplayName
759258546778,9x19,,,ModItemBobbyRayShopSubCategory Ammo 9mm DisplayName
106295508462,.45ACP,,,ModItemBobbyRayShopSubCategory Ammo 45ACP DisplayName
702568463819,762x25,,,ModItemBobbyRayShopSubCategory Ammo 762x25 DisplayName
982351693896,9x18,,,ModItemBobbyRayShopSubCategory Ammo 9x18 DisplayName
138856083203,9x39 мм,,,ModItemBobbyRayShopSubCategory Ammo 9x39 DisplayName
268513244787,7.62x54R,,,ModItemBobbyRayShopSubCategory Ammo 762x54 DisplayName
678727427209,7.92x57 Mauser,,,ModItemBobbyRayShopSubCategory Ammo 792 DisplayName
231621586764,30-06,,,ModItemBobbyRayShopSubCategory Ammo 3006 DisplayName
979753645335,5.7mm,,,ModItemBobbyRayShopSubCategory Ammo 57 DisplayName
877656352088,"5,45x39 мм",,,ModItemBobbyRayShopSubCategory Ammo 545 DisplayName
759258546778,9x19,,,ModItemBobbyRayShopSubCategory Ammo 9mm DisplayName
106295508462,.45ACP,,,ModItemBobbyRayShopSubCategory Ammo 45ACP DisplayName
702568463819,762x25,,,ModItemBobbyRayShopSubCategory Ammo 762x25 DisplayName
982351693896,9x18,,,ModItemBobbyRayShopSubCategory Ammo 9x18 DisplayName
138856083203,9x39 мм,,,ModItemBobbyRayShopSubCategory Ammo 9x39 DisplayName
268513244787,7.62x54R,,,ModItemBobbyRayShopSubCategory Ammo 762x54 DisplayName
678727427209,7.92x57 Mauser,,,ModItemBobbyRayShopSubCategory Ammo 792 DisplayName
231621586764,30-06,,,ModItemBobbyRayShopSubCategory Ammo 3006 DisplayName
507119240029,Сигнальная ракета,,,ModItemInventoryItemCompositeDef FlareAmmo DisplayName
490159972922,Сигнальные ракеты,,,ModItemInventoryItemCompositeDef FlareAmmo DisplayNamePlural
768575610516,Осветительные боеприпасы для ракетницы.,,,ModItemInventoryItemCompositeDef FlareAmmo Description
155872634100,"9х19 мм, FMJ",,,ModItemInventoryItemCompositeDef _9mm_Basic DisplayName
200146472891,"9х19 мм, FMJ",,,ModItemInventoryItemCompositeDef _9mm_Basic DisplayNamePlural
664808395363,Стандартный патрон калибра 9х19мм,,,ModItemInventoryItemCompositeDef _9mm_Basic Description
763610042273,"9х19 мм, JHP",,,ModItemInventoryItemCompositeDef _9mm_HP DisplayName
303057645580,"9х19 мм, JHP",,,ModItemInventoryItemCompositeDef _9mm_HP DisplayNamePlural
183818330311,Экспансивный патрон калибра 9х19мм,,,ModItemInventoryItemCompositeDef _9mm_HP Description
929514636211,"<image UI/Conversation/T_Dialogue_IconBackgroundCircle.tga 400 130 128 120> Нулевая бронебойность
<image UI/Conversation/T_Dialogue_IconBackgroundCircle.tga 400 130 128 120> Повышенный урон
<image UI/Conversation/T_Dialogue_IconBackgroundCircle.tga 400 130 128 120> Повышенный шанс критического попадания
<image UI/Conversation/T_Dialogue_IconBackgroundCircle.tga 400 130 128 120> Вызывает <color EmStyle>кровотечение</color>",,,ModItemInventoryItemCompositeDef _9mm_HP AdditionalHint
224704103793,"9х19 мм, Match",,,ModItemInventoryItemCompositeDef _9mm_Match DisplayName
735981363075,"9х19 мм, Match",,,ModItemInventoryItemCompositeDef _9mm_Match DisplayNamePlural
249476015900,Матчевый патрон калибра 9х19мм,,,ModItemInventoryItemCompositeDef _9mm_Match Description
715440518588,"<image UI/Conversation/T_Dialogue_IconBackgroundCircle.tga 400 130 128 120> Увеличенная эффективность прицеливания
<image UI/Conversation/T_Dialogue_IconBackgroundCircle.tga 400 130 128 120> Повышенный шанс критического попадания
<image UI/Conversation/T_Dialogue_IconBackgroundCircle.tga 400 130 128 120> Увеличенная дальность стрельбы без штрафов",,,ModItemInventoryItemCompositeDef _9mm_Match AdditionalHint
805781479075,"9х19 мм, ББ",,,ModItemInventoryItemCompositeDef _9mm_AP DisplayName
563390764188,"9х19 мм, ББ",,,ModItemInventoryItemCompositeDef _9mm_AP DisplayNamePlural
312209838224,Бронебойный патрон калибра 9х19мм,,,ModItemInventoryItemCompositeDef _9mm_AP Description
593244172450,<image UI/Conversation/T_Dialogue_IconBackgroundCircle.tga 400 130 128 120> Обеспечивает уверенное поражение целей обладающих 2-м классом брони,,,ModItemInventoryItemCompositeDef _9mm_AP AdditionalHint
665655429600,9mm ShockОТКЛЮЧЕНО,,,ModItemInventoryItemCompositeDef _9mm_Shock DisplayName
603590156557,9mm ShockОТКЛЮЧЕНО,,,ModItemInventoryItemCompositeDef _9mm_Shock DisplayNamePlural
433618780831,"Шоковый боеприпас для пистолетов, револьверов и пистолетов-пулеметов калибра 9 мм.",,,ModItemInventoryItemCompositeDef _9mm_Shock Description
394253813445,"<image UI/Conversation/T_Dialogue_IconBackgroundCircle.tga 400 130 128 120> Сниженная дальнобойность
<image UI/Conversation/T_Dialogue_IconBackgroundCircle.tga 400 130 128 120> Нулевая бронебойность
<image UI/Conversation/T_Dialogue_IconBackgroundCircle.tga 400 130 128 120> Высокий шанс критического попадания
<image UI/Conversation/T_Dialogue_IconBackgroundCircle.tga 400 130 128 120> Пораженные цели получают статус «<color EmStyle>Вне укрытия</color>» и лишаются его преимуществ
<image UI/Conversation/T_Dialogue_IconBackgroundCircle.tga 400 130 128 120> Вызывает <color EmStyle>кровотечение</color>",,,ModItemInventoryItemCompositeDef _9mm_Shock AdditionalHint
105025393783,9mmSubsonicОТКЛЮЧЕНО,,,ModItemInventoryItemCompositeDef _9mm_Subsonic DisplayName
831450437418,9mmSubsonicОТКЛЮЧЕНО,,,ModItemInventoryItemCompositeDef _9mm_Subsonic DisplayNamePlural
800606538570,"Дозвуковой боеприпас для пистолетов, револьверов и пистолетов-пулеметов калибра 9 мм.",,,ModItemInventoryItemCompositeDef _9mm_Subsonic Description
913119410589,<image UI/Conversation/T_Dialogue_IconBackgroundCircle.tga 400 130 128 120> Издает меньше шума,,,ModItemInventoryItemCompositeDef _9mm_Subsonic AdditionalHint
118149072487,9mmTracerОТКЛЮЧЕНО,,,ModItemInventoryItemCompositeDef _9mm_Tracer DisplayName
701005662106,9mmTracerОТКЛЮЧЕНО,,,ModItemInventoryItemCompositeDef _9mm_Tracer DisplayNamePlural
884535632070,"Трассирующий боеприпас для пистолетов, револьверов и пистолетов-пулеметов калибра 9 мм.",,,ModItemInventoryItemCompositeDef _9mm_Tracer Description
482768932177,<image UI/Conversation/T_Dialogue_IconBackgroundCircle.tga 400 130 128 120> Пораженные цели получают статус «<color EmStyle>Вне укрытия</color>» и лишаются его преимуществ,,,ModItemInventoryItemCompositeDef _9mm_Tracer AdditionalHint
877153292694,"9x18мм, обычный",,,ModItemInventoryItemCompositeDef _918_Basic DisplayName
541689435313,"9x18мм, обычный",,,ModItemInventoryItemCompositeDef _918_Basic DisplayNamePlural
607120342533,"Боеприпас для пистолетов, револьверов и пистолетов-пулеметов калибра 9x18 мм.",,,ModItemInventoryItemCompositeDef _918_Basic Description
733304726737,".45ACP, FMJ",,,ModItemInventoryItemCompositeDef _45ACP_Basic DisplayName
608699825581,".45ACP, FMJ",,,ModItemInventoryItemCompositeDef _45ACP_Basic DisplayNamePlural
822719760376,Стандартный патрон калибра .45ACP,,,ModItemInventoryItemCompositeDef _45ACP_Basic Description
479870631215,".45ACP, JHP",,,ModItemInventoryItemCompositeDef _45ACP_HP DisplayName
878954550032,".45ACP, JHP",,,ModItemInventoryItemCompositeDef _45ACP_HP DisplayNamePlural
352706557534,Экспансивный патрон калибра .45ACP,,,ModItemInventoryItemCompositeDef _45ACP_HP Description
999764809590,"<image UI/Conversation/T_Dialogue_IconBackgroundCircle.tga 400 130 128 120> Нулевая бронебойность
<image UI/Conversation/T_Dialogue_IconBackgroundCircle.tga 400 130 128 120> Повышенный урон
<image UI/Conversation/T_Dialogue_IconBackgroundCircle.tga 400 130 128 120> Повышенный шанс критического попадания
<image UI/Conversation/T_Dialogue_IconBackgroundCircle.tga 400 130 128 120> Вызывает <color EmStyle>кровотечение</color>",,,ModItemInventoryItemCompositeDef _45ACP_HP AdditionalHint
619928295522,".45ACP, +P",,,ModItemInventoryItemCompositeDef _45ACP_P DisplayName
464820890926,".45ACP, +P",,,ModItemInventoryItemCompositeDef _45ACP_P DisplayNamePlural
314526000820,Усиленный патрон калибра .45ACP,,,ModItemInventoryItemCompositeDef _45ACP_P Description
670483575831,"<image UI/Conversation/T_Dialogue_IconBackgroundCircle.tga 400 130 128 120> Обеспечивает уверенное поражение целей обладающих 2-м классом брони
<image UI/Conversation/T_Dialogue_IconBackgroundCircle.tga 400 130 128 120> Усиленный патрон: Увеличенная дальность, отдача и износ оружия. Уменьшенный урон",,,ModItemInventoryItemCompositeDef _45ACP_P AdditionalHint
794184973391,"7.62x25, обычный",,,ModItemInventoryItemCompositeDef _762x25_Basic DisplayName
841366033571,"7.62x25, обычные",,,ModItemInventoryItemCompositeDef _762x25_Basic DisplayNamePlural
459672509002,"Боеприпас для пистолетов, револьверов и пистолетов-пулеметов калибра 7.62x25, ",,,ModItemInventoryItemCompositeDef _762x25_Basic Description
986078573099,".44, FMJ",,,ModItemInventoryItemCompositeDef _44CAL_Basic DisplayName
438934360265,".44, FMJ",,,ModItemInventoryItemCompositeDef _44CAL_Basic DisplayNamePlural
282514533111,Стандартный патрон для револьверов и винтовок калибра .44.,,,ModItemInventoryItemCompositeDef _44CAL_Basic Description
652664598617,<image UI/Conversation/T_Dialogue_IconBackgroundCircle.tga 400 130 128 120> Обеспечивает уверенное поражение целей обладающих 2-м классом брони,,,ModItemInventoryItemCompositeDef _44CAL_Basic AdditionalHint
813456505074,".44, Match",,,ModItemInventoryItemCompositeDef _44CAL_Match DisplayName
406044112039,".44, Match",,,ModItemInventoryItemCompositeDef _44CAL_Match DisplayNamePlural
712038093744,Матчевый патрон для револьверов и винтовок калибра .44.,,,ModItemInventoryItemCompositeDef _44CAL_Match Description
641798236671,"<image UI/Conversation/T_Dialogue_IconBackgroundCircle.tga 400 130 128 120> Обеспечивает уверенное поражение целей обладающих 2-м классом брони
<image UI/Conversation/T_Dialogue_IconBackgroundCircle.tga 400 130 128 120> Увеличенная эффективность прицеливания
<image UI/Conversation/T_Dialogue_IconBackgroundCircle.tga 400 130 128 120> Повышенный шанс критического попадания
<image UI/Conversation/T_Dialogue_IconBackgroundCircle.tga 400 130 128 120> Увеличенная дальность стрельбы без штрафов",,,ModItemInventoryItemCompositeDef _44CAL_Match AdditionalHint
386906702993,".44, JHP",,,ModItemInventoryItemCompositeDef _44CAL_HP DisplayName
271725882008,".44, JHP",,,ModItemInventoryItemCompositeDef _44CAL_HP DisplayNamePlural
563503814864,Экспансивный патрон для револьверов и винтовок калибра .44.,,,ModItemInventoryItemCompositeDef _44CAL_HP Description
109832597800,"<image UI/Conversation/T_Dialogue_IconBackgroundCircle.tga 400 130 128 120> Нулевая бронебойность
<image UI/Conversation/T_Dialogue_IconBackgroundCircle.tga 400 130 128 120> Повышенный урон
<image UI/Conversation/T_Dialogue_IconBackgroundCircle.tga 400 130 128 120> Повышенный шанс критического попадания
<image UI/Conversation/T_Dialogue_IconBackgroundCircle.tga 400 130 128 120> Вызывает <color EmStyle>кровотечение</color>",,,ModItemInventoryItemCompositeDef _44CAL_HP AdditionalHint
680253987934,".44, ШОК Отключено",,,ModItemInventoryItemCompositeDef _44CAL_Shock DisplayName
997064544685,".44, ШОК Отключено",,,ModItemInventoryItemCompositeDef _44CAL_Shock DisplayNamePlural
168881952959,Шоковый боеприпас для револьверов и винтовок калибра .44.,,,ModItemInventoryItemCompositeDef _44CAL_Shock Description
310180733643,"<image UI/Conversation/T_Dialogue_IconBackgroundCircle.tga 400 130 128 120> Сниженная дальнобойность
<image UI/Conversation/T_Dialogue_IconBackgroundCircle.tga 400 130 128 120> Высокий шанс критического попадания
<image UI/Conversation/T_Dialogue_IconBackgroundCircle.tga 400 130 128 120> Пораженные цели получают статус «<color EmStyle>Вне укрытия</color>» и лишаются его преимуществ
<image UI/Conversation/T_Dialogue_IconBackgroundCircle.tga 400 130 128 120> Вызывает <color EmStyle>кровотечение</color>",,,ModItemInventoryItemCompositeDef _44CAL_Shock AdditionalHint
494915492927,".44, ББ Отключено",,,ModItemInventoryItemCompositeDef _44CAL_AP DisplayName
683375813129,".44, ББ Отключено",,,ModItemInventoryItemCompositeDef _44CAL_AP DisplayNamePlural
485161603324,Бронебойный боеприпас для револьверов и винтовок калибра .44.,,,ModItemInventoryItemCompositeDef _44CAL_AP Description
317102684237,<image UI/Conversation/T_Dialogue_IconBackgroundCircle.tga 400 130 128 120> Повышенная бронебойность,,,ModItemInventoryItemCompositeDef _44CAL_AP AdditionalHint
769490446713,"5,7 мм, S109",,,ModItemInventoryItemCompositeDef _57_Basic DisplayName
461328612330,"5,7 мм, S109",,,ModItemInventoryItemCompositeDef _57_Basic DisplayNamePlural
455226696012,Боеприпас калибра 5.7мм,,,ModItemInventoryItemCompositeDef _57_Basic Description
462600136685,<image UI/Conversation/T_Dialogue_IconBackgroundCircle.tga 400 130 128 120> Обеспечивает уверенное поражение целей обладающих 3-м классом брони,,,ModItemInventoryItemCompositeDef _57_Basic AdditionalHint
428167345331,"5,56 мм, Mk262",,,ModItemInventoryItemCompositeDef _556_HP DisplayName
993763616115,"5,56 мм, Mk262",,,ModItemInventoryItemCompositeDef _556_HP DisplayNamePlural
831559140442,Специальный боеприпас калибра 5.56x45мм. Разработан для сил специального назначения,,,ModItemInventoryItemCompositeDef _556_HP Description
300678450458,"<image UI/Conversation/T_Dialogue_IconBackgroundCircle.tga 400 130 128 120> Обеспечивает уверенное поражение целей обладающих 3-м классом брони
<image UI/Conversation/T_Dialogue_IconBackgroundCircle.tga 400 130 128 120> Высокий шанс критического попадания
<image UI/Conversation/T_Dialogue_IconBackgroundCircle.tga 400 130 128 120> Повышенный урон
<image UI/Conversation/T_Dialogue_IconBackgroundCircle.tga 400 130 128 120> Увеличенная эффективность прицеливания",,,ModItemInventoryItemCompositeDef _556_HP AdditionalHint
521657786118,"5,56мм, FMJ",,,ModItemInventoryItemCompositeDef _556_Basic DisplayName
922434593104,"5,56 мм, FMJ",,,ModItemInventoryItemCompositeDef _556_Basic DisplayNamePlural
516467409546,Стандартный боеприпас калибра 5.56x45мм.,,,ModItemInventoryItemCompositeDef _556_Basic Description
900039644950,"<image UI/Conversation/T_Dialogue_IconBackgroundCircle.tga 400 130 128 120> Обеспечивает уверенное поражение целей обладающих 2-м классом брони
<image UI/Conversation/T_Dialogue_IconBackgroundCircle.tga 400 130 128 120> Патроны плохого качества: cниженный урон и повышенный износ",,,ModItemInventoryItemCompositeDef _556_Basic AdditionalHint
450127293951,"5,56 мм, M855",,,ModItemInventoryItemCompositeDef _556_AP DisplayName
370030902532,"5,56 мм, M855",,,ModItemInventoryItemCompositeDef _556_AP DisplayNamePlural
122603978185,Современный армейский патрон калибра 5.56x45мм.,,,ModItemInventoryItemCompositeDef _556_AP Description
218649529396,<image UI/Conversation/T_Dialogue_IconBackgroundCircle.tga 400 130 128 120> Обеспечивает уверенное поражение целей обладающих 3-м классом брони,,,ModItemInventoryItemCompositeDef _556_AP AdditionalHint
430149542801,"5,56 мм, M856",,,ModItemInventoryItemCompositeDef _556_Tracer DisplayName
832045553139,"5,56 мм, M856",,,ModItemInventoryItemCompositeDef _556_Tracer DisplayNamePlural
287118277595,Современный армейский трассирующий патрон калибра 5.56x45мм.,,,ModItemInventoryItemCompositeDef _556_Tracer Description
143224420435,"<image UI/Conversation/T_Dialogue_IconBackgroundCircle.tga 400 130 128 120> Обеспечивает уверенное поражение целей обладающих 3-м классом брони
<image UI/Conversation/T_Dialogue_IconBackgroundCircle.tga 400 130 128 120> Пораженные цели получают статус «<color EmStyle>Вне укрытия</color>» и лишаются его преимуществ",,,ModItemInventoryItemCompositeDef _556_Tracer AdditionalHint
423858801688,556Match ОТКЛЮЧЕНО,,,ModItemInventoryItemCompositeDef _556_Match DisplayName
103794602392,556Match ОТКЛЮЧЕНО,,,ModItemInventoryItemCompositeDef _556_Match DisplayNamePlural
296983460977,"Матчевый боеприпас для автоматов, пистолетов-пулеметов и пулеметов калибра 5,56 мм.",,,ModItemInventoryItemCompositeDef _556_Match Description
474193716211,<image UI/Conversation/T_Dialogue_IconBackgroundCircle.tga 400 130 128 120> Увеличенная эффективность прицеливания,,,ModItemInventoryItemCompositeDef _556_Match AdditionalHint
957507093667,"5,45 мм, HP",,,ModItemInventoryItemCompositeDef _545_HP DisplayName
831411040533,"5,45 мм, HP",,,ModItemInventoryItemCompositeDef _545_HP DisplayNamePlural
825451116843,Гражданский спортивно-охотничий патрон калибра 5.45x39мм.,,,ModItemInventoryItemCompositeDef _545_HP Description
329939658631,"<image UI/Conversation/T_Dialogue_IconBackgroundCircle.tga 400 130 128 120> Высокий шанс критического попадания
<image UI/Conversation/T_Dialogue_IconBackgroundCircle.tga 400 130 128 120> Повышенный урон
<image UI/Conversation/T_Dialogue_IconBackgroundCircle.tga 400 130 128 120> Уменьшенное пробитие",,,ModItemInventoryItemCompositeDef _545_HP AdditionalHint
836959671187,"5,45 мм, ПС",,,ModItemInventoryItemCompositeDef _545_Basic DisplayName
913957229499,"5,45 мм, ПС",,,ModItemInventoryItemCompositeDef _545_Basic DisplayNamePlural
418477272049,Стандартный российский армейский патрон 7Н6 калибра 5.45x39мм,,,ModItemInventoryItemCompositeDef _545_Basic Description
846154551222,<image UI/Conversation/T_Dialogue_IconBackgroundCircle.tga 400 130 128 120> Обеспечивает уверенное поражение целей обладающих 2-м классом брони,,,ModItemInventoryItemCompositeDef _545_Basic AdditionalHint
717645494691,"5,45 мм, ПП",,,ModItemInventoryItemCompositeDef _545_EPR DisplayName
977539365840,"5,45 мм, ПП",,,ModItemInventoryItemCompositeDef _545_EPR DisplayNamePlural
282394850695,Российский патрон 7Н10 повышенной пробиваемости калибра 5.45x39мм,,,ModItemInventoryItemCompositeDef _545_EPR Description
285965282311,<image UI/Conversation/T_Dialogue_IconBackgroundCircle.tga 400 130 128 120> Обеспечивает уверенное поражение целей обладающих 3-м классом брони,,,ModItemInventoryItemCompositeDef _545_EPR AdditionalHint
345241058659,"5,45 мм, БП",,,ModItemInventoryItemCompositeDef _545_AP DisplayName
619741289653,"5,45 мм, БП",,,ModItemInventoryItemCompositeDef _545_AP DisplayNamePlural
336552552838,Бронебойный армейский патрон калибра 7Н22 5.45x39мм,,,ModItemInventoryItemCompositeDef _545_AP Description
269063197532,<image UI/Conversation/T_Dialogue_IconBackgroundCircle.tga 400 130 128 120> Обеспечивает уверенное поражение целей обладающих 4-м классом брони,,,ModItemInventoryItemCompositeDef _545_AP AdditionalHint
478000726200,"5,45 мм, Т",,,ModItemInventoryItemCompositeDef _545_Tracer DisplayName
305146989428,"5,45 мм, Т",,,ModItemInventoryItemCompositeDef _545_Tracer DisplayNamePlural
627636911766,Трассирующий армейский патрон 7Т3 калибра 5.45x39мм,,,ModItemInventoryItemCompositeDef _545_Tracer Description
444068350100,"<image UI/Conversation/T_Dialogue_IconBackgroundCircle.tga 400 130 128 120> Обеспечивает уверенное поражение целей обладающих 2-м классом брони
<image UI/Conversation/T_Dialogue_IconBackgroundCircle.tga 400 130 128 120> Пораженные цели получают статус «<color EmStyle>Вне укрытия</color>» и лишаются его преимуществ",,,ModItemInventoryItemCompositeDef _545_Tracer AdditionalHint
555452893940,"7,62х39мм, FMJ",,,ModItemInventoryItemCompositeDef _762WP_HP DisplayName
531849994448,"7,62х39мм, FMJ",,,ModItemInventoryItemCompositeDef _762WP_HP DisplayNamePlural
787229384577,Китайский патрон калибра 7.62х39. Уступает советским аналогам,,,ModItemInventoryItemCompositeDef _762WP_HP Description
524371242891,"<image UI/Conversation/T_Dialogue_IconBackgroundCircle.tga 400 130 128 120> Обеспечивает уверенное поражение целей обладающих 2-м классом брони
<image UI/Conversation/T_Dialogue_IconBackgroundCircle.tga 400 130 128 120> Патроны низкого качества: пониженный урон, уменьшенная дальность, уменьшенная точность, увеличенный износ",,,ModItemInventoryItemCompositeDef _762WP_HP AdditionalHint
482507083153,"7,62х39мм, ПС",,,ModItemInventoryItemCompositeDef _762WP_Basic DisplayName
694276805775,"7,62х39мм, ПС",,,ModItemInventoryItemCompositeDef _762WP_Basic DisplayNamePlural
460054557649,Стандартный советский армейский патрон ПС калибра 7.62х39мм,,,ModItemInventoryItemCompositeDef _762WP_Basic Description
575979703047,<image UI/Conversation/T_Dialogue_IconBackgroundCircle.tga 400 130 128 120> Обеспечивает уверенное поражение целей обладающих 3-м классом брони,,,ModItemInventoryItemCompositeDef _762WP_Basic AdditionalHint
960457268605,"7,62х39мм, УС",,,ModItemInventoryItemCompositeDef _762WP_Subsonic DisplayName
883438814681,"7,62х39мм, УС",,,ModItemInventoryItemCompositeDef _762WP_Subsonic DisplayNamePlural
447224116416,Специальный советский дозвуковой патрон УС калибра 7.62х39мм,,,ModItemInventoryItemCompositeDef _762WP_Subsonic Description
531280537445,"<image UI/Conversation/T_Dialogue_IconBackgroundCircle.tga 400 130 128 120> Обеспечивает уверенное поражение целей обладающих 2-м классом брони
<image UI/Conversation/T_Dialogue_IconBackgroundCircle.tga 400 130 128 120> Дозвуковые: пониженный урон, уменьшенная дальность, уменьшенная точность, уменьшенная громкость выстрела, увеличенная надежность",,,ModItemInventoryItemCompositeDef _762WP_Subsonic AdditionalHint
887434933160,"7,62 мм СССР, Отключено",,,ModItemInventoryItemCompositeDef _762WP_AP DisplayName
796511988614,"7,62 мм СССР, Отключено",,,ModItemInventoryItemCompositeDef _762WP_AP DisplayNamePlural
133342947780,"Бронебойный боеприпас советского образца для автоматов, пистолетов-пулеметов, пулеметов и винтовок калибра 7,62 мм.",,,ModItemInventoryItemCompositeDef _762WP_AP Description
751091803409,<image UI/Conversation/T_Dialogue_IconBackgroundCircle.tga 400 130 128 120> Повышенная бронебойность,,,ModItemInventoryItemCompositeDef _762WP_AP AdditionalHint
625949756955,"7,62 мм СССР, МТЧ",,,ModItemInventoryItemCompositeDef _762WP_Match DisplayName
336121533939,"7,62 мм СССР, МТЧ",,,ModItemInventoryItemCompositeDef _762WP_Match DisplayNamePlural
785679569194,"Матчевый боеприпас советского образца для автоматов, пистолетов-пулеметов, пулеметов и винтовок калибра 7,62 мм.",,,ModItemInventoryItemCompositeDef _762WP_Match Description
898718449071,<image UI/Conversation/T_Dialogue_IconBackgroundCircle.tga 400 130 128 120> Увеличенная эффективность прицеливания,,,ModItemInventoryItemCompositeDef _762WP_Match AdditionalHint
139893034451,"7,62 мм СССР, ТРАС",,,ModItemInventoryItemCompositeDef _762WP_Tracer DisplayName
289428391386,"7,62 мм СССР, ТРАС",,,ModItemInventoryItemCompositeDef _762WP_Tracer DisplayNamePlural
556363505821,Трасирующий советский армейский патрон Т-45 калибра 7.62х39мм,,,ModItemInventoryItemCompositeDef _762WP_Tracer Description
995995614395,"<image UI/Conversation/T_Dialogue_IconBackgroundCircle.tga 400 130 128 120> Обеспечивает уверенное поражение целей обладающих 3-м классом брони
<image UI/Conversation/T_Dialogue_IconBackgroundCircle.tga 400 130 128 120> Пораженные цели получают статус «<color EmStyle>Вне укрытия</color>» и лишаются его преимуществ",,,ModItemInventoryItemCompositeDef _762WP_Tracer AdditionalHint
313120096584,"7,62x54R мм ЛПС",,,ModItemInventoryItemCompositeDef _762x54_Basic DisplayName
395380984997,"7,62x54R мм ЛПС",,,ModItemInventoryItemCompositeDef _762x54_Basic DisplayNamePlural
599616253578,Советский винтовочный боеприпас калибра 7.62х54мм с пулей ЛПС,,,ModItemInventoryItemCompositeDef _762x54_Basic Description
658141456035,<image UI/Conversation/T_Dialogue_IconBackgroundCircle.tga 400 130 128 120> Обеспечивает уверенное поражение целей обладающих 3-м классом брони,,,ModItemInventoryItemCompositeDef _762x54_Basic AdditionalHint
539738700641,"7,62x54R мм СНБ",,,ModItemInventoryItemCompositeDef _762x54_Match DisplayName
410094947141,"7,62x54R мм СНБ",,,ModItemInventoryItemCompositeDef _762x54_Match DisplayNamePlural
259556646047,Специальный российский винтовочный снайперский боеприпас калибра 7.62х54мм с пулей СНБ,,,ModItemInventoryItemCompositeDef _762x54_Match Description
883273837188,"<image UI/Conversation/T_Dialogue_IconBackgroundCircle.tga 400 130 128 120> Обеспечивает уверенное поражение целей обладающих 5-м классом брони
<image UI/Conversation/T_Dialogue_IconBackgroundCircle.tga 400 130 128 120> Увеличенная эффективность прицеливания и дальность
<image UI/Conversation/T_Dialogue_IconBackgroundCircle.tga 400 130 128 120> Повышенный шанс критического попадания",,,ModItemInventoryItemCompositeDef _762x54_Match AdditionalHint
857143105421,"7,62x54R мм Т",,,ModItemInventoryItemCompositeDef _762x54_Tracer DisplayName
523241198137,"7,62x54R мм Т",,,ModItemInventoryItemCompositeDef _762x54_Tracer DisplayNamePlural
387412790198,Советский трассирующий винтовочный боеприпас калибра 7.62х54мм с пулей T46,,,ModItemInventoryItemCompositeDef _762x54_Tracer Description
949023879941,"<image UI/Conversation/T_Dialogue_IconBackgroundCircle.tga 400 130 128 120> Обеспечивает уверенное поражение целей обладающих 3-м классом брони
<image UI/Conversation/T_Dialogue_IconBackgroundCircle.tga 400 130 128 120> Пораженные цели получают статус «<color EmStyle>Вне укрытия</color>» и лишаются его преимуществ",,,ModItemInventoryItemCompositeDef _762x54_Tracer AdditionalHint
315299062496,"7,62x54R мм БЗТ",,,ModItemInventoryItemCompositeDef _762x54_AP DisplayName
838345788218,"7,62x54R мм БЗТ",,,ModItemInventoryItemCompositeDef _762x54_AP DisplayNamePlural
809102094413,Советский винтовочный бронебойно-зажитательный трассирующий боеприпас калибра 7.62х54мм с пулей 57-БЗТ-322,,,ModItemInventoryItemCompositeDef _762x54_AP Description
130730200018,"<image UI/Conversation/T_Dialogue_IconBackgroundCircle.tga 400 130 128 120> Обеспечивает уверенное поражение целей обладающих 4-м классом брони
<image UI/Conversation/T_Dialogue_IconBackgroundCircle.tga 400 130 128 120> Увеличенный износ оружия и урон. Уменьшенная точность
<image UI/Conversation/T_Dialogue_IconBackgroundCircle.tga 400 130 128 120> Пораженные цели получают статус «<color EmStyle>Вне укрытия</color>» и лишаются его преимуществ
<image UI/Conversation/T_Dialogue_IconBackgroundCircle.tga 400 130 128 120> Вызывает <color EmStyle>горение</color>",,,ModItemInventoryItemCompositeDef _762x54_AP AdditionalHint
142678921979,"7,92х57 мм, обычный",,,ModItemInventoryItemCompositeDef _792_Basic DisplayName
388299664713,"7,92х57 мм, обычные",,,ModItemInventoryItemCompositeDef _792_Basic DisplayNamePlural
671074136760,Немецкий боеприпас калибра 7.92х57мм Маузер,,,ModItemInventoryItemCompositeDef _792_Basic Description
393046322666,<image UI/Conversation/T_Dialogue_IconBackgroundCircle.tga 400 130 128 120> Обеспечивает уверенное поражение целей обладающих 3-м классом брони,,,ModItemInventoryItemCompositeDef _792_Basic AdditionalHint
427139952503,"9x39 мм, обычный",,,ModItemInventoryItemCompositeDef _939_Basic DisplayName
357805284191,"9x39 мм, обычные",,,ModItemInventoryItemCompositeDef _939_Basic DisplayNamePlural
158761558075,Советский специальный боеприпас СП5 калибра 9х39мм,,,ModItemInventoryItemCompositeDef _939_Basic Description
808315334171,<image UI/Conversation/T_Dialogue_IconBackgroundCircle.tga 400 130 128 120> Обеспечивает уверенное поражение целей обладающих 2-м классом брони,,,ModItemInventoryItemCompositeDef _939_Basic AdditionalHint
575488630652,"9x39 мм, бронебойные",,,ModItemInventoryItemCompositeDef _939_AP DisplayName
506847465833,"9x39 мм, бронебойные",,,ModItemInventoryItemCompositeDef _939_AP DisplayNamePlural
763975515656,Советский специальный бронебойный боеприпас СП6 калибра 9х39мм,,,ModItemInventoryItemCompositeDef _939_AP Description
352617881750,<image UI/Conversation/T_Dialogue_IconBackgroundCircle.tga 400 130 128 120> Обеспечивает уверенное поражение целей обладающих 4-м классом брони,,,ModItemInventoryItemCompositeDef _939_AP AdditionalHint
348137113672,Патрон 30-06,,,ModItemInventoryItemCompositeDef _3006 DisplayName
358250028848,Патроны 30-06,,,ModItemInventoryItemCompositeDef _3006 DisplayNamePlural
770160889482,Стандартный патрон калибра 30-06,,,ModItemInventoryItemCompositeDef _3006 Description
940681894119,<image UI/Conversation/T_Dialogue_IconBackgroundCircle.tga 400 130 128 120> Обеспечивает уверенное поражение целей обладающих 3-м классом брони,,,ModItemInventoryItemCompositeDef _3006 AdditionalHint
199382030206,"7.62х51мм НАТО, FMJ",,,ModItemInventoryItemCompositeDef _762NATO_HP DisplayName
205488519823,"7.62х51мм НАТО, FMJ",,,ModItemInventoryItemCompositeDef _762NATO_HP DisplayNamePlural
705695884064,Африканский патрон калибра 7.62х51мм НАТО,,,ModItemInventoryItemCompositeDef _762NATO_HP Description
684966502167,"<image UI/Conversation/T_Dialogue_IconBackgroundCircle.tga 400 130 128 120> Обеспечивает уверенное поражение целей обладающих 2-м классом брони
<image UI/Conversation/T_Dialogue_IconBackgroundCircle.tga 400 130 128 120> Патроны низкого качества: пониженный урон, увеличенный износ",,,ModItemInventoryItemCompositeDef _762NATO_HP AdditionalHint
875886953498,"7.62х51мм НАТО, M80",,,ModItemInventoryItemCompositeDef _762NATO_Basic DisplayName
939456393241,"7.62х51мм НАТО, M80",,,ModItemInventoryItemCompositeDef _762NATO_Basic DisplayNamePlural
495070126378,Стандартный армейский патрон М80 калибра 7.62х51мм НАТО,,,ModItemInventoryItemCompositeDef _762NATO_Basic Description
943114733606,<image UI/Conversation/T_Dialogue_IconBackgroundCircle.tga 400 130 128 120> Обеспечивает уверенное поражение целей обладающих 3-м классом брони,,,ModItemInventoryItemCompositeDef _762NATO_Basic AdditionalHint
690749006398,"7.62х51мм НАТО, M61",,,ModItemInventoryItemCompositeDef _762NATO_AP DisplayName
555991124239,"7.62х51мм НАТО, M61",,,ModItemInventoryItemCompositeDef _762NATO_AP DisplayNamePlural
221681449875,Бронебойный армейский патрон М61 калибра 7.62х51мм НАТО,,,ModItemInventoryItemCompositeDef _762NATO_AP Description
153736697309,"<image UI/Conversation/T_Dialogue_IconBackgroundCircle.tga 400 130 128 120> Повышенная бронебойность
<image UI/Conversation/T_Dialogue_IconBackgroundCircle.tga 400 130 128 120> Обеспечивает уверенное поражение целей обладающих 4-м классом брони",,,ModItemInventoryItemCompositeDef _762NATO_AP AdditionalHint
588563982504,"7.62х51мм НАТО, M118LR",,,ModItemInventoryItemCompositeDef _762NATO_Match DisplayName
838108995185,"7.62х51мм НАТО, M118LR",,,ModItemInventoryItemCompositeDef _762NATO_Match DisplayNamePlural
670430776584,Специальный снайперский армейский патрон M118LR калибра 7.62х51мм НАТО,,,ModItemInventoryItemCompositeDef _762NATO_Match Description
623496021870,"<image UI/Conversation/T_Dialogue_IconBackgroundCircle.tga 400 130 128 120> Увеличенная эффективность прицеливания
<image UI/Conversation/T_Dialogue_IconBackgroundCircle.tga 400 130 128 120> Обеспечивает уверенное поражение целей обладающих 3-м классом брони",,,ModItemInventoryItemCompositeDef _762NATO_Match AdditionalHint
284947749252,"7.62х51мм НАТО, M62",,,ModItemInventoryItemCompositeDef _762NATO_Tracer DisplayName
732490511593,"7.62х51мм НАТО, M62",,,ModItemInventoryItemCompositeDef _762NATO_Tracer DisplayNamePlural
702147601028,"Трассирующий боеприпас натовского образца для автоматов, винтовок и пулеметов калибра 7,62 мм.",,,ModItemInventoryItemCompositeDef _762NATO_Tracer Description
145282480899,"<image UI/Conversation/T_Dialogue_IconBackgroundCircle.tga 400 130 128 120> Пораженные цели получают статус «<color EmStyle>Вне укрытия</color>» и лишаются его преимуществ
<image UI/Conversation/T_Dialogue_IconBackgroundCircle.tga 400 130 128 120> Обеспечивает уверенное поражение целей обладающих 3-м классом брони",,,ModItemInventoryItemCompositeDef _762NATO_Tracer AdditionalHint
109648300932,"12-й калибр, дробь",,,ModItemInventoryItemCompositeDef _12gauge_Buckshot DisplayName
606609221485,"12-й калибр, дробь",,,ModItemInventoryItemCompositeDef _12gauge_Buckshot DisplayNamePlural
731254624336,Дробь 12-го калибра.,,,ModItemInventoryItemCompositeDef _12gauge_Buckshot Description
895967397978,<image UI/Conversation/T_Dialogue_IconBackgroundCircle.tga 400 130 128 120> 20 частиц. Вызывают <color EmStyle>кровотечение</color>,,,ModItemInventoryItemCompositeDef _12gauge_Buckshot AdditionalHint
560935301832,"12-й калибр, Картечь",,,ModItemInventoryItemCompositeDef _12gauge_Breacher DisplayName
566188616046,"12-й калибр, Картечь",,,ModItemInventoryItemCompositeDef _12gauge_Breacher DisplayNamePlural
706956915920,Картечь 12-го калибра.,,,ModItemInventoryItemCompositeDef _12gauge_Breacher Description
657097578048,<image UI/Conversation/T_Dialogue_IconBackgroundCircle.tga 400 130 128 120> 9 частиц. Повышенный урон,,,ModItemInventoryItemCompositeDef _12gauge_Breacher AdditionalHint
315707821635,"12-й калибр, Пуля",,,ModItemInventoryItemCompositeDef _12gauge_Flechette DisplayName
938740672732,"12-й калибр, Пуля",,,ModItemInventoryItemCompositeDef _12gauge_Flechette DisplayNamePlural
851169092364,Пуля 12-го калибра.,,,ModItemInventoryItemCompositeDef _12gauge_Flechette Description
546412888353,"<image UI/Conversation/T_Dialogue_IconBackgroundCircle.tga 400 130 128 120> 1 пуля.
<image UI/Conversation/T_Dialogue_IconBackgroundCircle.tga 400 130 128 120> Обеспечивает уверенное поражение целей обладающих 2-м классом брони
<image UI/Conversation/T_Dialogue_IconBackgroundCircle.tga 400 130 128 120> Увеличенная дальность и урон",,,ModItemInventoryItemCompositeDef _12gauge_Flechette AdditionalHint
330832471173,"12-й калибр, ББ Пуля",,,ModItemInventoryItemCompositeDef _12gauge_APSlug DisplayName
204192870734,"12-й калибр, ББ Пуля",,,ModItemInventoryItemCompositeDef _12gauge_APSlug DisplayNamePlural
134633354852,Бронебойная пуля 12-го калибра.,,,ModItemInventoryItemCompositeDef _12gauge_APSlug Description
980766638607,"<image UI/Conversation/T_Dialogue_IconBackgroundCircle.tga 400 130 128 120> 1 пуля.
<image UI/Conversation/T_Dialogue_IconBackgroundCircle.tga 400 130 128 120> Обеспечивает уверенное поражение целей обладающих 3-м классом брони
<image UI/Conversation/T_Dialogue_IconBackgroundCircle.tga 400 130 128 120> Увеличенная дальность и урон, но меньше чем у обычной пули",,,ModItemInventoryItemCompositeDef _12gauge_APSlug AdditionalHint
153120657154,"12-й калибр, соль",,,ModItemInventoryItemCompositeDef _12gauge_Saltshot DisplayName
764933984640,"12-й калибр, соль",,,ModItemInventoryItemCompositeDef _12gauge_Saltshot DisplayNamePlural
860076968364,Боеприпас с солью 12-го калибра.,,,ModItemInventoryItemCompositeDef _12gauge_Saltshot Description
314503982891,"<image UI/Conversation/T_Dialogue_IconBackgroundCircle.tga 400 130 128 120> очень низкий урон
<image UI/Conversation/T_Dialogue_IconBackgroundCircle.tga 400 130 128 120> Сниженная дальнобойность
<image UI/Conversation/T_Dialogue_IconBackgroundCircle.tga 400 130 128 120> Увеличенный сектор атаки
<image UI/Conversation/T_Dialogue_IconBackgroundCircle.tga 400 130 128 120> Вызывает у цели <color EmStyle>случайные травмы</color>",,,ModItemInventoryItemCompositeDef _12gauge_Saltshot AdditionalHint
841778917436,".50, обычный",,,ModItemInventoryItemCompositeDef _50BMG_Basic DisplayName
249606093332,".50, обычные",,,ModItemInventoryItemCompositeDef _50BMG_Basic DisplayNamePlural
340279003647,"Боеприпас для пулеметов, снайперских винтовок, пистолетов и револьверов калибра .50.",,,ModItemInventoryItemCompositeDef _50BMG_Basic Description
800799622459,".50, РАЗР",,,ModItemInventoryItemCompositeDef _50BMG_HE DisplayName
104386935270,".50, РАЗР",,,ModItemInventoryItemCompositeDef _50BMG_HE DisplayNamePlural
517539381268,"Разрывной боеприпас для пулеметов, снайперских винтовок, пистолетов и револьверов калибра .50.",,,ModItemInventoryItemCompositeDef _50BMG_HE Description
462228344432,"<image UI/Conversation/T_Dialogue_IconBackgroundCircle.tga 400 130 128 120> Нулевая бронебойность
<image UI/Conversation/T_Dialogue_IconBackgroundCircle.tga 400 130 128 120> Высокий шанс критического попадания",,,ModItemInventoryItemCompositeDef _50BMG_HE AdditionalHint
421667699269,".50, ЗЖ",,,ModItemInventoryItemCompositeDef _50BMG_Incendiary DisplayName
789478188217,".50, ЗЖ",,,ModItemInventoryItemCompositeDef _50BMG_Incendiary DisplayNamePlural
377744477204,"Зажигательный боеприпас для пулеметов, снайперских винтовок, пистолетов и револьверов калибра .50.",,,ModItemInventoryItemCompositeDef _50BMG_Incendiary Description
410551558608,"<image UI/Conversation/T_Dialogue_IconBackgroundCircle.tga 400 130 128 120> Пораженные цели получают статус «<color EmStyle>Вне укрытия</color>» и лишаются его преимуществ
<image UI/Conversation/T_Dialogue_IconBackgroundCircle.tga 400 130 128 120> Вызывает <color EmStyle>горение</color>",,,ModItemInventoryItemCompositeDef _50BMG_Incendiary AdditionalHint
454044555282,".50, ПК",,,ModItemInventoryItemCompositeDef _50BMG_SLAP DisplayName
320607144310,".50, ПК",,,ModItemInventoryItemCompositeDef _50BMG_SLAP DisplayNamePlural
321880832685,"Подкалиберный боеприпас для пулеметов, снайперских винтовок, пистолетов и револьверов калибра .50.",,,ModItemInventoryItemCompositeDef _50BMG_SLAP Description
518655436457,"<image UI/Conversation/T_Dialogue_IconBackgroundCircle.tga 400 130 128 120> Повышенная бронебойность
<image UI/Conversation/T_Dialogue_IconBackgroundCircle.tga 400 130 128 120> Немного повышенный шанс критического попадания",,,ModItemInventoryItemCompositeDef _50BMG_SLAP AdditionalHint
701046079207,Газ. выстрел миномета,,,ModItemInventoryItemCompositeDef MortarShell_Gas DisplayName
123972291693,Газ. выстрелы миномета,,,ModItemInventoryItemCompositeDef MortarShell_Gas DisplayNamePlural
435386900543,Газовый боеприпас для минометов.,,,ModItemInventoryItemCompositeDef MortarShell_Gas Description
903874969214,"<image UI/Conversation/T_Dialogue_IconBackgroundCircle.tga 400 130 128 120> Вызывает <color EmStyle>удушье</color>
<image UI/Conversation/T_Dialogue_IconBackgroundCircle.tga 400 130 128 120> Выстрелы, совершенные сквозь облака газа, дают лишь незначительные попадания
<image UI/Conversation/T_Dialogue_IconBackgroundCircle.tga 400 130 128 120> Почти бесшумно",,,ModItemInventoryItemCompositeDef MortarShell_Gas AdditionalHint
920085089817,Выстрел для миномета,,,ModItemInventoryItemCompositeDef MortarShell_HE DisplayName
789713556348,Выстрелы для миномета,,,ModItemInventoryItemCompositeDef MortarShell_HE DisplayNamePlural
989014864361,Стандартный боеприпас для минометов.,,,ModItemInventoryItemCompositeDef MortarShell_HE Description
288918653440,Дым. выстрел миномета,,,ModItemInventoryItemCompositeDef MortarShell_Smoke DisplayName
613424738533,Дым. выстрелы миномета,,,ModItemInventoryItemCompositeDef MortarShell_Smoke DisplayNamePlural
995604003031,Дымовой боеприпас для минометов.,,,ModItemInventoryItemCompositeDef MortarShell_Smoke Description
342478680224,"<image UI/Conversation/T_Dialogue_IconBackgroundCircle.tga 400 130 128 120> Выстрелы, совершенные сквозь облака газа, дают лишь <color EmStyle>незначительные попадания</color>
<image UI/Conversation/T_Dialogue_IconBackgroundCircle.tga 400 130 128 120> Не наносит урона
<image UI/Conversation/T_Dialogue_IconBackgroundCircle.tga 400 130 128 120> Почти бесшумно",,,ModItemInventoryItemCompositeDef MortarShell_Smoke AdditionalHint
305898295272,О/ф гранатом. снаряд,,,ModItemInventoryItemCompositeDef Warhead_Frag DisplayName
136783041813,О/ф гранатом. снаряды,,,ModItemInventoryItemCompositeDef Warhead_Frag DisplayNamePlural
680964406093,Осколочно-фугасный боеприпас для реактивных гранатометов.,,,ModItemInventoryItemCompositeDef Warhead_Frag Description
666834431891,"<image UI/Conversation/T_Dialogue_IconBackgroundCircle.tga 400 130 128 120> В центре взрыва вызывает эффект «Горение»
<image UI/Conversation/T_Dialogue_IconBackgroundCircle.tga 400 130 128 120> В радиусе взрыва вызывает эффект ""Подавление""",,,ModItemInventoryItemCompositeDef Warhead_Frag AdditionalHint
252170027590,40-мм с/ш граната,,,ModItemInventoryItemCompositeDef _40mmFlashbangGrenade DisplayName
503001107735,40-мм с/ш гранаты,,,ModItemInventoryItemCompositeDef _40mmFlashbangGrenade DisplayNamePlural
591485719079,Светошумовой боеприпас для гранатометов калибра 40 мм.,,,ModItemInventoryItemCompositeDef _40mmFlashbangGrenade Description
296113255093,"<image UI/Conversation/T_Dialogue_IconBackgroundCircle.tga 400 130 128 120> В эпицентре взрыва снижает уровень энергии целей (один раз за бой)
<image UI/Conversation/T_Dialogue_IconBackgroundCircle.tga 400 130 128 120> <color EmStyle>Подавляет</color> цели
<image UI/Conversation/T_Dialogue_IconBackgroundCircle.tga 400 130 128 120> Издает меньше шума",,,ModItemInventoryItemCompositeDef _40mmFlashbangGrenade AdditionalHint
134190199403,40-мм о/ф граната,,,ModItemInventoryItemCompositeDef _40mmFragGrenade DisplayName
837553598383,40-мм о/ф гранаты,,,ModItemInventoryItemCompositeDef _40mmFragGrenade DisplayNamePlural
162107736656,Осколочно-фугасный боеприпас для гранатометов калибра 40 мм.,,,ModItemInventoryItemCompositeDef _40mmFragGrenade Description
729039836221,<image UI/Conversation/T_Dialogue_IconBackgroundCircle.tga 400 130 128 120> В центре взрыва вызывает у целей <color EmStyle>кровотечение</color>,,,ModItemInventoryItemCompositeDef _40mmFragGrenade AdditionalHint
344905687776,Ракетница,,,ModItemInventoryItemCompositeDef FlareHandgun DisplayName
631592446607,Ракетницы,,,ModItemInventoryItemCompositeDef FlareHandgun DisplayNamePlural
241987901372,"Казнозарядный однозарядный пистолет, которым можно освещать территорию.",,,ModItemInventoryItemCompositeDef FlareHandgun Description
311577126814,"<image UI/Conversation/T_Dialogue_IconBackgroundCircle.tga 400 130 128 120> Освещает большую территорию
<image UI/Conversation/T_Dialogue_IconBackgroundCircle.tga 400 130 128 120> Увеличенная дальность действия
<image UI/Conversation/T_Dialogue_IconBackgroundCircle.tga 400 130 128 120> Бесшумное",,,ModItemInventoryItemCompositeDef FlareHandgun AdditionalHint
704834094751,Люгер,,,ModItemInventoryItemCompositeDef Luger DisplayName
719960765889,Люгер,,,ModItemInventoryItemCompositeDef Luger DisplayNamePlural
572064744120,"""Пионер"" от мира  полуавтоматических пистолетов, кроме собственно распространения полуавтоматических пистолетов, послуживший принятию на вооружение патрона 9мм Люгер/Парабеллум. Para bellum! Всегда Para bellum!
",,,ModItemInventoryItemCompositeDef Luger Description
783134416438,"<image UI/Conversation/T_Dialogue_IconBackgroundCircle.tga 400 130 128 120> Все еще стреляет
<image UI/Conversation/T_Dialogue_IconBackgroundCircle.tga 400 130 128 120> Высокая степень износа",,,ModItemInventoryItemCompositeDef Luger AdditionalHint
320173593066,P-210,,,ModItemInventoryItemCompositeDef P210 DisplayName
291420794714,P-210,,,ModItemInventoryItemCompositeDef P210 DisplayNamePlural
963721256610,"Самый дорогой военный пистолет в мире, самый точный военный пистолет в мире, самый надежный военный пистолет в мире. Нельзя сказать, что самый редкий военный пистолет в мире, но стремится к этому.",,,ModItemInventoryItemCompositeDef P210 Description
976735915893,<image UI/Conversation/T_Dialogue_IconBackgroundCircle.tga 400 130 128 120> Очень точный,,,ModItemInventoryItemCompositeDef P210 AdditionalHint
472938144513,Пистолет Макарова,,,ModItemInventoryItemCompositeDef Makarov DisplayName
803043991672,Пистолеты Макарова,,,ModItemInventoryItemCompositeDef Makarov DisplayNamePlural
659328508756,"Самый известный советский и российский пистолет. В современных реалиях его принято ругать, но чаще всего это делают те, кто стреляет разве что в монстров с экрана монитора.",,,ModItemInventoryItemCompositeDef Makarov Description
785449724773,"<image UI/Conversation/T_Dialogue_IconBackgroundCircle.tga 400 130 128 120> Уменьшенные затраты ОД на выстрел
<image UI/Conversation/T_Dialogue_IconBackgroundCircle.tga 400 130 128 120> Низкая дальность
<image UI/Conversation/T_Dialogue_IconBackgroundCircle.tga 400 130 128 120> Высокая надежность",,,ModItemInventoryItemCompositeDef Makarov AdditionalHint
510119854079,Пистолет ТТ,,,ModItemInventoryItemCompositeDef TT33 DisplayName
728100128183,Пистолеты ТТ,,,ModItemInventoryItemCompositeDef TT33 DisplayNamePlural
726149375733,"Пистолет ""Тульский-Токарева"" представляет собой очередную вариацию схемы Браунинга на избитую советскую тему ""у нас есть куча патронов на складах, нужно оружие для них"".",,,ModItemInventoryItemCompositeDef TT33 Description
571439313102,"<image UI/Conversation/T_Dialogue_IconBackgroundCircle.tga 400 130 128 120> Высокая дальность
<image UI/Conversation/T_Dialogue_IconBackgroundCircle.tga 400 130 128 120>Низкая точность
<image UI/Conversation/T_Dialogue_IconBackgroundCircle.tga 400 130 128 120> Шумное
<image UI/Conversation/T_Dialogue_IconBackgroundCircle.tga 400 130 128 120> Повышенная бронебойность",,,ModItemInventoryItemCompositeDef TT33 AdditionalHint
927282311721,Hi-Power,,,ModItemInventoryItemCompositeDef HiPower DisplayName
122137713178,Hi-Power,,,ModItemInventoryItemCompositeDef HiPower DisplayNamePlural
915279079403,"Если 1911 - это прадедушка всех пистолетов в мире, то Хай-Пауэр - это их двоюродный дедушка. Считается одним из самых безопасных пистолетов в мире из-за  наличия одинарного УСМ, которое исключает выстрел без предварительного взвода курка.",,,ModItemInventoryItemCompositeDef HiPower Description
505635634084,"<image UI/Conversation/T_Dialogue_IconBackgroundCircle.tga 400 130 128 120> Надежность
 ",,,ModItemInventoryItemCompositeDef HiPower AdditionalHint
863043384355,Colt M1911,,,ModItemInventoryItemCompositeDef Colt1911 DisplayName
381984809233,Colt M1911,,,ModItemInventoryItemCompositeDef Colt1911 DisplayNamePlural
206207782261,"Дедушка недавно отметил 100-летний юбилей, но уходить куда-то вовсе не собирается, пока, дословно ""не изобретут эти ваши лазеры-шмазеры и световые мечи"".",,,ModItemInventoryItemCompositeDef Colt1911 Description
315430552037,"<image UI/Conversation/T_Dialogue_IconBackgroundCircle.tga 400 130 128 120> Высокий урон
<image UI/Conversation/T_Dialogue_IconBackgroundCircle.tga 400 130 128 120> Низкая дальность
<image UI/Conversation/T_Dialogue_IconBackgroundCircle.tga 400 130 128 120> Низкая точность
<image UI/Conversation/T_Dialogue_IconBackgroundCircle.tga 400 130 128 120> Высокий шанс критического попадания
<image UI/Conversation/T_Dialogue_IconBackgroundCircle.tga 400 130 128 120> Повышенная надежность
",,,ModItemInventoryItemCompositeDef Colt1911 AdditionalHint
411305012012,Peacemaker,,,ModItemInventoryItemCompositeDef ColtPeacemaker DisplayName
445220783823,Peacemaker,,,ModItemInventoryItemCompositeDef ColtPeacemaker DisplayNamePlural
804677695220,"Старый, заслуженный револьвер одинарного действия, разработанный для армии США. Главное, носите c пустой каморой под курком, если не хотите лишиться ноги.",,,ModItemInventoryItemCompositeDef ColtPeacemaker Description
114077101009,"<image UI/Conversation/T_Dialogue_IconBackgroundCircle.tga 400 130 128 120> Высокий урон
<image UI/Conversation/T_Dialogue_IconBackgroundCircle.tga 400 130 128 120> Высокая дальность
<image UI/Conversation/T_Dialogue_IconBackgroundCircle.tga 400 130 128 120> Повышенная износоустойчивость
<image UI/Conversation/T_Dialogue_IconBackgroundCircle.tga 400 130 128 120> Больше ОД на выстрел
<image UI/Conversation/T_Dialogue_IconBackgroundCircle.tga 400 130 128 120> Повышенный шанс критического попадания
<image UI/Conversation/T_Dialogue_IconBackgroundCircle.tga 400 130 128 120> Издает много шума",,,ModItemInventoryItemCompositeDef ColtPeacemaker AdditionalHint
677175678570,Beretta 92F,,,ModItemInventoryItemCompositeDef Bereta92 DisplayName
378100936052,Beretta 92F,,,ModItemInventoryItemCompositeDef Bereta92 DisplayNamePlural
564195486051,"Личное оружие, заменившее легендарный «Кольт» М1911. Выдержать сравнение с ним, конечно, было нелегко, но итальянец справился.",,,ModItemInventoryItemCompositeDef Bereta92 Description
623805935751,"<image UI/Conversation/T_Dialogue_IconBackgroundCircle.tga 400 130 128 120> Высокая точность
<image UI/Conversation/T_Dialogue_IconBackgroundCircle.tga 400 130 128 120> Издаёт меньше шума
<image UI/Conversation/T_Dialogue_IconBackgroundCircle.tga 400 130 128 120> Возможность модификаций",,,ModItemInventoryItemCompositeDef Bereta92 AdditionalHint
547142671119,CZ75,,,ModItemInventoryItemCompositeDef CZ75 DisplayName
553074570440,CZ75,,,ModItemInventoryItemCompositeDef CZ75 DisplayNamePlural
150199524789,"Спортивный, боевой, полицейский, гражданский пистолет из Чехии. Практически, победитель оружейного ""Евровидения"", но первое место принадлежит тому, кого нельзя называть. Иначе придется его купить.",,,ModItemInventoryItemCompositeDef CZ75 Description
875428474979,"<image UI/Conversation/T_Dialogue_IconBackgroundCircle.tga 400 130 128 120> Высокая точность
<image UI/Conversation/T_Dialogue_IconBackgroundCircle.tga 400 130 128 120> Увеличенная надежность",,,ModItemInventoryItemCompositeDef CZ75 AdditionalHint
409584918894,P-220,,,ModItemInventoryItemCompositeDef P220 DisplayName
752923196329,P-220,,,ModItemInventoryItemCompositeDef P220 DisplayNamePlural
327801915077,"Если вам требуется хороший пистолет, первым в очереди из претендентов всегда будет стоять пистолет из Швейцарии. Там принято делать простое и надежное оружие. Конечно, там еще принято делать простое и надежное дорогое оружие, но для себя не жаль никаких денег.",,,ModItemInventoryItemCompositeDef P220 Description
150993121809,"<image UI/Conversation/T_Dialogue_IconBackgroundCircle.tga 400 130 128 120> Высокий урон
<image UI/Conversation/T_Dialogue_IconBackgroundCircle.tga 400 130 128 120> Низкая дальность
<image UI/Conversation/T_Dialogue_IconBackgroundCircle.tga 400 130 128 120> Высокий шанс критического попадания
<image UI/Conversation/T_Dialogue_IconBackgroundCircle.tga 400 130 128 120> Повышенная надежность
<image UI/Conversation/T_Dialogue_IconBackgroundCircle.tga 400 130 128 120>
Возможность модификаций",,,ModItemInventoryItemCompositeDef P220 AdditionalHint
693156635485,Anaconda,,,ModItemInventoryItemCompositeDef ColtAnaconda DisplayName
562209051476,Anaconda,,,ModItemInventoryItemCompositeDef ColtAnaconda DisplayNamePlural
172482275676,Самовзводный револьвер с откидным барабаном. Обеспечивает высокую надежность и убойную силу с каждым выстрелом.,,,ModItemInventoryItemCompositeDef ColtAnaconda Description
773436991899,"<image UI/Conversation/T_Dialogue_IconBackgroundCircle.tga 400 130 128 120> Огромный урон
<image UI/Conversation/T_Dialogue_IconBackgroundCircle.tga 400 130 128 120> Высокая дальность
<image UI/Conversation/T_Dialogue_IconBackgroundCircle.tga 400 130 128 120> Повышенная износоустойчивость
<image UI/Conversation/T_Dialogue_IconBackgroundCircle.tga 400 130 128 120> Больше ОД на выстрел
<image UI/Conversation/T_Dialogue_IconBackgroundCircle.tga 400 130 128 120> Повышенный шанс критического попадания
<image UI/Conversation/T_Dialogue_IconBackgroundCircle.tga 400 130 128 120> Издает много шума",,,ModItemInventoryItemCompositeDef ColtAnaconda AdditionalHint
515886328950,"MP-446 ""Викинг""",,,ModItemInventoryItemCompositeDef MP446VIKING DisplayName
989276624426,"MP-446 ""Викинг""",,,ModItemInventoryItemCompositeDef MP446VIKING DisplayNamePlural
454858898004,"Гражданская и спортивная версия российского армейского пистолета Ярыгина. Само по себе словосочетание ""гражданский пистолет в России"" выглядит насмешкой над предполагаемыми пользователями оружия, но на экспорт-то продавать его никто не запрещает.",,,ModItemInventoryItemCompositeDef MP446VIKING Description
960079046417,"<image UI/Conversation/T_Dialogue_IconBackgroundCircle.tga 400 130 128 120> Высокая точность
<image UI/Conversation/T_Dialogue_IconBackgroundCircle.tga 400 130 128 120> Высокая надежность
<image UI/Conversation/T_Dialogue_IconBackgroundCircle.tga 400 130 128 120> Возможность модификаций",,,ModItemInventoryItemCompositeDef MP446VIKING AdditionalHint
417318901044,USP45 Tactical,,,ModItemInventoryItemCompositeDef USP45 DisplayName
666350790597,USP45 Tactical,,,ModItemInventoryItemCompositeDef USP45 DisplayNamePlural
329319380258,"Пистолет с грубыми формами, но с тонкой душевной организацией. Одних только вариантов УСМ, в зависимости от места службы, может быть более дюжины. Прочен, как будто сделан из адамантия.",,,ModItemInventoryItemCompositeDef USP45 Description
968429927407,"<image UI/Conversation/T_Dialogue_IconBackgroundCircle.tga 400 130 128 120> Высокий урон
<image UI/Conversation/T_Dialogue_IconBackgroundCircle.tga 400 130 128 120> Высокая точность
<image UI/Conversation/T_Dialogue_IconBackgroundCircle.tga 400 130 128 120> Высокий шанс критического попадания
<image UI/Conversation/T_Dialogue_IconBackgroundCircle.tga 400 130 128 120> Повышенная надежность
<image UI/Conversation/T_Dialogue_IconBackgroundCircle.tga 400 130 128 120>
Возможность модификаций",,,ModItemInventoryItemCompositeDef USP45 AdditionalHint
549717730517,Пистолет Стечкина,,,ModItemInventoryItemCompositeDef APS DisplayName
410813394383,Пистолеты Стечкина,,,ModItemInventoryItemCompositeDef APS DisplayNamePlural
543086616381,"Маленькая ручная гаубица. Большой и серьезный советский пистолет, для офицеров, экипажей техники, артиллеристов и прочих, кому пистолета мало, а автомат не положен.",,,ModItemInventoryItemCompositeDef APS Description
897110959641,"<image UI/Conversation/T_Dialogue_IconBackgroundCircle.tga 400 130 128 120>Издает меньше шума
<image UI/Conversation/T_Dialogue_IconBackgroundCircle.tga 400 130 128 120>
Низкий урон
<image UI/Conversation/T_Dialogue_IconBackgroundCircle.tga 400 130 128 120> Особый режим стрельбы: короткая очередь",,,ModItemInventoryItemCompositeDef APS AdditionalHint
142770727621,P-226,,,ModItemInventoryItemCompositeDef P226 DisplayName
427897655498,P-226,,,ModItemInventoryItemCompositeDef P226 DisplayNamePlural
115371789254,"Простой, точный и надежный, как швейцарские часы, парень очень хотел стать новым пистолетом для американской армии. Конкурс он проиграл, но не расстроился и занял оружейные почти всех остальных силовых структур Европы и США.",,,ModItemInventoryItemCompositeDef P226 Description
971988288008,"<image UI/Conversation/T_Dialogue_IconBackgroundCircle.tga 400 130 128 120> Высокая точность
<image UI/Conversation/T_Dialogue_IconBackgroundCircle.tga 400 130 128 120> Возможность модификаций",,,ModItemInventoryItemCompositeDef P226 AdditionalHint
120153069878,Desert Eagle,,,ModItemInventoryItemCompositeDef DesertEagle DisplayName
165368759897,Desert Eagle,,,ModItemInventoryItemCompositeDef DesertEagle DisplayNamePlural
563760976125,"Все знают про Desert Eagle калибра .50, но ствол калибра .44 делает эту «ручную пушку» чуть более практичной и доступной.",,,ModItemInventoryItemCompositeDef DesertEagle Description
444673154869,"<image UI/Conversation/T_Dialogue_IconBackgroundCircle.tga 400 130 128 120> Огромный урон
<image UI/Conversation/T_Dialogue_IconBackgroundCircle.tga 400 130 128 120> Очень шумное",,,ModItemInventoryItemCompositeDef DesertEagle AdditionalHint
210211612688,Glock 18,,,ModItemInventoryItemCompositeDef Glock18 DisplayName
862510322879,Glock 18,,,ModItemInventoryItemCompositeDef Glock18 DisplayNamePlural
634361704985,Glock 17 с переключателем в режим безудержного веселья и встроенным компенсатором. Автоматическая игрушка под патрон 9x19мм!,,,ModItemInventoryItemCompositeDef Glock18 Description
664492877766,<image UI/Conversation/T_Dialogue_IconBackgroundCircle.tga 400 130 128 120> Особый режим стрельбы: короткая очередь,,,ModItemInventoryItemCompositeDef Glock18 AdditionalHint
559232803436,Именной револьвер,,,ModItemInventoryItemCompositeDef TexRevolver DisplayName
510396898173,Именные револьверы,,,ModItemInventoryItemCompositeDef TexRevolver DisplayNamePlural
663001995652,"Изготовленный на заказ револьвер с удлинённым стволом, рукояткой из слоновой кости и гравировкой золотыми буквами: «ТЕКС».",,,ModItemInventoryItemCompositeDef TexRevolver Description
974174516689,"<image UI/Conversation/T_Dialogue_IconBackgroundCircle.tga 400 130 128 120> Высокий шанс критического попадания
<image UI/Conversation/T_Dialogue_IconBackgroundCircle.tga 400 130 128 120> Увеличенная эффективность прицеливания
<image UI/Conversation/T_Dialogue_IconBackgroundCircle.tga 400 130 128 120> Повышенная износоустойчивость",,,ModItemInventoryItemCompositeDef TexRevolver AdditionalHint
617756641922,РШ-12,,,ModItemInventoryItemCompositeDef HighCalRev DisplayName
706260049893,РШ-12,,,ModItemInventoryItemCompositeDef HighCalRev DisplayNamePlural
556068509129,"РШ-12 (револьвер штурмовой калибра 12 мм) - слонобой из Тулы, под патрон ШАК-12. По идее, нужен для того, чтоб с гарантией останавливать террористов в любых возможных средствах защиты при попадании в любую часть тела. Даже в палец на ноге.",,,ModItemInventoryItemCompositeDef HighCalRev Description
860962613242,"<image UI/Conversation/T_Dialogue_IconBackgroundCircle.tga 400 130 128 120> Огромный урон
<image UI/Conversation/T_Dialogue_IconBackgroundCircle.tga 400 130 128 120> Повышенная бронебойность
<image UI/Conversation/T_Dialogue_IconBackgroundCircle.tga 400 130 128 120> Повышенная износоустойчивость",,,ModItemInventoryItemCompositeDef HighCalRev AdditionalHint
193299812125,ОТКЛЮЧЕНО,,,ModItemInventoryItemCompositeDef M4Commando DisplayName
828429373198,ОТКЛЮЧЕНО,,,ModItemInventoryItemCompositeDef M4Commando DisplayNamePlural
939555928344,"Вопрос: как можно сделать короткоствольную М16 оружием, а не карикатурой? Ответ: снизить дульную скорость пули и раздуть до неприличия дульное пламя.",,,ModItemInventoryItemCompositeDef M4Commando Description
205844701500,"<image UI/Conversation/T_Dialogue_IconBackgroundCircle.tga 400 130 128 120> Высокий шанс критического попадания
<image UI/Conversation/T_Dialogue_IconBackgroundCircle.tga 400 130 128 120> Увеличенная эффективность прицеливания",,,ModItemInventoryItemCompositeDef M4Commando AdditionalHint
321635945358,ОТКЛЮЧЕНО,,,ModItemInventoryItemCompositeDef MP5 DisplayName
657029377157,ОТКЛЮЧЕНО,,,ModItemInventoryItemCompositeDef MP5 DisplayNamePlural
495034108842,"Пистолет-пулемет, которым пользуются контртеррористические подразделения и спецотряды полиции по всему миру. С момента выхода в серию в 60-х годах MP5 успел повидать многое, но широкая доступность бронежилетов и пистолетный 9-мм патрон постепенно снизили его популярность.",,,ModItemInventoryItemCompositeDef MP5 Description
149925825321,"<image UI/Conversation/T_Dialogue_IconBackgroundCircle.tga 400 130 128 120> Увеличенная эффективность прицеливания
<image UI/Conversation/T_Dialogue_IconBackgroundCircle.tga 400 130 128 120> Издает меньше шума",,,ModItemInventoryItemCompositeDef MP5 AdditionalHint
787452739468,MP40,,,ModItemInventoryItemCompositeDef MP40 DisplayName
363525428890,MP40,,,ModItemInventoryItemCompositeDef MP40 DisplayNamePlural
621982039992,"Изначально разработанный для использования экипажами техники и десантниками, MP40 раскрыл свои лучшие качества надежного пистолета-пулемета в городских боях на Восточном фронте.",,,ModItemInventoryItemCompositeDef MP40 Description
644572751350,"<image UI/Conversation/T_Dialogue_IconBackgroundCircle.tga 400 130 128 120> Все ещё стреляет
<image UI/Conversation/T_Dialogue_IconBackgroundCircle.tga 400 130 128 120> Нет режима одиночной стрельбы
<image UI/Conversation/T_Dialogue_IconBackgroundCircle.tga 400 130 128 120> Ужасная надежность",,,ModItemInventoryItemCompositeDef MP40 AdditionalHint
169713333931,MAT-49,,,ModItemInventoryItemCompositeDef MAT49 DisplayName
523082419536,MAT-49,,,ModItemInventoryItemCompositeDef MAT49 DisplayNamePlural
932390860938,"Небольшой послевоенный французский автомат, широко распространенный в бывших французких колониях. Ничем особо примечательным не выделяется, нареканий особых тоже не имеет. Стреляет, и ладно.",,,ModItemInventoryItemCompositeDef MAT49 Description
726286866597,"<image UI/Conversation/T_Dialogue_IconBackgroundCircle.tga 400 130 128 120> Все ещё стреляет
<image UI/Conversation/T_Dialogue_IconBackgroundCircle.tga 400 130 128 120> Нет режима одиночной стрельбы
<image UI/Conversation/T_Dialogue_IconBackgroundCircle.tga 400 130 128 120> Ужасная надежность
<image UI/Conversation/T_Dialogue_IconBackgroundCircle.tga 400 130 128 120> Складной приклад",,,ModItemInventoryItemCompositeDef MAT49 AdditionalHint
473162338946,Thompson,,,ModItemInventoryItemCompositeDef Thompson DisplayName
712662464738,Thompsons,,,ModItemInventoryItemCompositeDef Thompson DisplayNamePlural
842085544580,"Пистолет Пулемет Томпсона несет в себе черты автоматов периода ПМВ - большое количество фрезеровки, полусвободный затвор, большая масса и ручная подгонка движущихся деталей. На фоне куда более технологичных автоматов ВОВ он уже выглядит устаревшим. Пока не снесет голову врага в стальной каске на дистанции сто метров. Каску конечно, не пробьет, но врагу от этого не легче.",,,ModItemInventoryItemCompositeDef Thompson Description
228005640947,"<image UI/Conversation/T_Dialogue_IconBackgroundCircle.tga 400 130 128 120> Мощный патрон
<image UI/Conversation/T_Dialogue_IconBackgroundCircle.tga 400 130 128 120> Низкая точность и дальность
<image UI/Conversation/T_Dialogue_IconBackgroundCircle.tga 400 130 128 120> Высокая отдача",,,ModItemInventoryItemCompositeDef Thompson AdditionalHint
481180063149,ППШ,,,ModItemInventoryItemCompositeDef PPSH DisplayName
900550828699,ППШ,,,ModItemInventoryItemCompositeDef PPSH DisplayNamePlural
628689609225,ППШ-41 (Пистолет-Пулемет конструкции Шпагина) был создан в 1941 году для замены более сложного и дорогого ППД-40. В этом же году принят на вооружение РККА. Впоследствии же стал символом доблести советского солдата и победы советского народа над фашизмом.,,,ModItemInventoryItemCompositeDef PPSH Description
221572340460,"<image UI/Conversation/T_Dialogue_IconBackgroundCircle.tga 400 130 128 120> Повышенная пробиваемость
<image UI/Conversation/T_Dialogue_IconBackgroundCircle.tga 400 130 128 120> Высокая надежность
<image UI/Conversation/T_Dialogue_IconBackgroundCircle.tga 400 130 128 120> Скорострельное
<image UI/Conversation/T_Dialogue_IconBackgroundCircle.tga 400 130 128 120> Высокая отдача",,,ModItemInventoryItemCompositeDef PPSH AdditionalHint
902957434744,M3 Grease Gun,,,ModItemInventoryItemCompositeDef M3GreaseGun DisplayName
140291351568,M3 Grease Guns,,,ModItemInventoryItemCompositeDef M3GreaseGun DisplayNamePlural
485763682877,"Когда в условиях войны фрезеровать Томпсоны становится чересчур дорого, ВПК начинает выдавать вот таких вот ублюдков. А вы ""ноктюрн сыграть смогли бы"" на автоматах из водопроводных труб?",,,ModItemInventoryItemCompositeDef M3GreaseGun Description
258180319002,"<image UI/Conversation/T_Dialogue_IconBackgroundCircle.tga 400 130 128 120> Мощный патрон
<image UI/Conversation/T_Dialogue_IconBackgroundCircle.tga 400 130 128 120> Низкая точность и дальность
<image UI/Conversation/T_Dialogue_IconBackgroundCircle.tga 400 130 128 120> Высокая отдача",,,ModItemInventoryItemCompositeDef M3GreaseGun AdditionalHint
198919457888,Scorpion,,,ModItemInventoryItemCompositeDef Scorpion DisplayName
312837278431,Scorpion,,,ModItemInventoryItemCompositeDef Scorpion DisplayNamePlural
502222074243,Маленький и удаленький чехословацкий автомат под советский пистолетный 9мм патрон. Оказался крайне удачным в использовании в контртеррористических операциях.,,,ModItemInventoryItemCompositeDef Scorpion Description
893730995058,"<image UI/Conversation/T_Dialogue_IconBackgroundCircle.tga 400 130 128 120> Одноручное
<image UI/Conversation/T_Dialogue_IconBackgroundCircle.tga 400 130 128 120> Меньше ОД на выстрел
<image UI/Conversation/T_Dialogue_IconBackgroundCircle.tga 400 130 128 120> Складной приклад",,,ModItemInventoryItemCompositeDef Scorpion AdditionalHint
726134413334,Аграм 2000,,,ModItemInventoryItemCompositeDef Agram2000 DisplayName
661287929383,Аграмы 2000,,,ModItemInventoryItemCompositeDef Agram2000 DisplayNamePlural
340646006235,"Хорватский автомат Аграм 2000 был разработан в 1990-х годах и активно применялся при дроблении на части Югославии. О ""нечестной"" направленности автомата говорит отсутствие приклада и заложенная в конструкцию интеграция съемного глушителя. Несколько этих автоматов без номеров и регистрационных документов расползлось по миру и до сих пор активно используются криминальными элементами.",,,ModItemInventoryItemCompositeDef Agram2000 Description
833638272906,"<image UI/Conversation/T_Dialogue_IconBackgroundCircle.tga 400 130 128 120> Уменьшенная отдача
<image UI/Conversation/T_Dialogue_IconBackgroundCircle.tga 400 130 128 120> Можно поставить глушитель",,,ModItemInventoryItemCompositeDef Agram2000 AdditionalHint
868089921205,Микро Узи,,,ModItemInventoryItemCompositeDef MicroUZI DisplayName
947084271008,Микро Узи,,,ModItemInventoryItemCompositeDef MicroUZI DisplayNamePlural
325911851470,"Максимально компактный и скорострельный израильский пистолет-пулемет. На тот случай, если вы должны кому-то ",,,ModItemInventoryItemCompositeDef MicroUZI Description
679045485002,"<image UI/Conversation/T_Dialogue_IconBackgroundCircle.tga 400 130 128 120> Сниженная эффективность прицеливания
<image UI/Conversation/T_Dialogue_IconBackgroundCircle.tga 400 130 128 120> Одноручное
<image UI/Conversation/T_Dialogue_IconBackgroundCircle.tga 400 130 128 120> Возможности модификаций
<image UI/Conversation/T_Dialogue_IconBackgroundCircle.tga 400 130 128 120> Скорострельное",,,ModItemInventoryItemCompositeDef MicroUZI AdditionalHint
993393399551,Walther MP,,,ModItemInventoryItemCompositeDef MPL DisplayName
961812581941,Walther MP,,,ModItemInventoryItemCompositeDef MPL DisplayNamePlural
942904375361,"Пистолет-пулемет Вальтер MPL имеет вполне удачную конструкцию со свободным затвором с применением штамповки деталей. Сразу видно, что конструкторами был принят во внимание опыт ВОВ. Однако, потенциальными пользователями тоже был принят во внимание опыт ВОВ и оружие под маркой ""Вальтер"" просто не имело никакого шанса на успех на рынке.",,,ModItemInventoryItemCompositeDef MPL Description
397724688397,"<image UI/Conversation/T_Dialogue_IconBackgroundCircle.tga 400 130 128 120> 3 Уровня прицеливания
<image UI/Conversation/T_Dialogue_IconBackgroundCircle.tga 400 130 128 120> Дальнобойное
<image UI/Conversation/T_Dialogue_IconBackgroundCircle.tga 400 130 128 120> Точное",,,ModItemInventoryItemCompositeDef MPL AdditionalHint
789532948949,Carl Gustaf M/45,,,ModItemInventoryItemCompositeDef M45 DisplayName
764261258029,Carl Gustaf M/45,,,ModItemInventoryItemCompositeDef M45 DisplayNamePlural
809856419402,"Этот автомат хоть и выглядит, как продукт инженерии военного времени, сделанный из водопроводной трубы и листового металла, простоял на вооружении армии Швеции вплоть до начала 20-го века. И повезло ему, что пришлось просто стоять.",,,ModItemInventoryItemCompositeDef M45 Description
661795074855,"<image UI/Conversation/T_Dialogue_IconBackgroundCircle.tga 400 130 128 120> Дальнобойное
<image UI/Conversation/T_Dialogue_IconBackgroundCircle.tga 400 130 128 120> Нет режима одиночной стрельбы
<image UI/Conversation/T_Dialogue_IconBackgroundCircle.tga 400 130 128 120> Точное",,,ModItemInventoryItemCompositeDef M45 AdditionalHint
185407889358,Стерлинг,,,ModItemInventoryItemCompositeDef Sterling DisplayName
636793946418,СТЕРЛИНГ,,,ModItemInventoryItemCompositeDef Sterling DisplayNamePlural
759530976138,"Поздневоенный и послевоенный британский автомат. Характерной чертой автомата является примыкаемый сбоку магазин, за который он и удерживается при стрельбе, что удобно в походе, но неудобно в бою. В целом, неплохой автомат. С учетом того, что британский.",,,ModItemInventoryItemCompositeDef Sterling Description
950841016492,"<image UI/Conversation/T_Dialogue_IconBackgroundCircle.tga 400 130 128 120> Увеличенная эффективность прицеливания
<image UI/Conversation/T_Dialogue_IconBackgroundCircle.tga 400 130 128 120> Издает меньше шума",,,ModItemInventoryItemCompositeDef Sterling AdditionalHint
391751892917,Узи Полноразмерный,,,ModItemInventoryItemCompositeDef UZI DisplayName
424882408911,Узи Полноразмерные,,,ModItemInventoryItemCompositeDef UZI DisplayNamePlural
632264645927,"Пистолет-пулемет, разработанный в Израиле как персональное оружие самообороны для солдат тылового эшелона. Задумывался для ведения стрельбы с упором в плечо, однако нередко используется и просто одной рукой. Обладает высокой скорострельностью, но и удручающе высоким рассеиванием.",,,ModItemInventoryItemCompositeDef UZI Description
698984398036,"<image UI/Conversation/T_Dialogue_IconBackgroundCircle.tga 400 130 128 120> 3 уровня прицеливания
<image UI/Conversation/T_Dialogue_IconBackgroundCircle.tga 400 130 128 120> Повышенная точность
<image UI/Conversation/T_Dialogue_IconBackgroundCircle.tga 400 130 128 120> Возможность модификаций",,,ModItemInventoryItemCompositeDef UZI AdditionalHint
184981707001,MAC-10,,,ModItemInventoryItemCompositeDef MAC10 DisplayName
790234829366,MAC-10,,,ModItemInventoryItemCompositeDef MAC10 DisplayNamePlural
230832569888,"Компактный скорострельный американский автомат, сделанный под влиянием УЗИ. Его качества делают его максимально удобным для действий в замкнутых пространствах, заполненных людьми. Например, при захвате заложников в самолете. В смысле, освобождении захваченного самолета.",,,ModItemInventoryItemCompositeDef MAC10 Description
427939571492,"<image UI/Conversation/T_Dialogue_IconBackgroundCircle.tga 400 130 128 120> Одноручное
<image UI/Conversation/T_Dialogue_IconBackgroundCircle.tga 400 130 128 120> Скорострельное
<image UI/Conversation/T_Dialogue_IconBackgroundCircle.tga 400 130 128 120> Мощный патрон",,,ModItemInventoryItemCompositeDef MAC10 AdditionalHint
482604551368,Беретта М12,,,ModItemInventoryItemCompositeDef BerettaM12 DisplayName
914795190661,Беретты М12,,,ModItemInventoryItemCompositeDef BerettaM12 DisplayNamePlural
332274886199,"Хороший итальянский послевоенный пистолет-пулемет, вобравший в себя весь накопленный в ходе ВМВ опыт. Может похвастаться отличной точностью и надежностью при использовании в широком круге условий.",,,ModItemInventoryItemCompositeDef BerettaM12 Description
534785601448,"<image UI/Conversation/T_Dialogue_IconBackgroundCircle.tga 400 130 128 120> 3 Уровня прицеливания
<image UI/Conversation/T_Dialogue_IconBackgroundCircle.tga 400 130 128 120> Дальнобойное
<image UI/Conversation/T_Dialogue_IconBackgroundCircle.tga 400 130 128 120> Точное",,,ModItemInventoryItemCompositeDef BerettaM12 AdditionalHint
472594736106,Spectre M4,,,ModItemInventoryItemCompositeDef SpectreM4 DisplayName
743117893776,Spectre M4,,,ModItemInventoryItemCompositeDef SpectreM4 DisplayNamePlural
980756310608,"Оружие для сил специального назначения и борьбы с терроризмом. Курковый спусковой механизм ""двойного действия"" (прям как на револьверах, ага) обеспечивает безопасное ношение оружия с патроном в патроннике без необходимости досыла патрона в случае контакта с противником.",,,ModItemInventoryItemCompositeDef SpectreM4 Description
686934458674,"<image UI/Conversation/T_Dialogue_IconBackgroundCircle.tga 400 130 128 120> 3 Уровня прицеливания
<image UI/Conversation/T_Dialogue_IconBackgroundCircle.tga 400 130 128 120> Дальнобойное
<image UI/Conversation/T_Dialogue_IconBackgroundCircle.tga 400 130 128 120> Точное",,,ModItemInventoryItemCompositeDef SpectreM4 AdditionalHint
864076976423,TMP,,,ModItemInventoryItemCompositeDef TMP DisplayName
514833691659,TMP,,,ModItemInventoryItemCompositeDef TMP DisplayNamePlural
151160598254,"Современный маленький да удаленький ПП австрийского производства. Изготовлен из высокопрочных полимеров, и является очень удобным оружием, хорошо контролируемым при автоматической стрельбе",,,ModItemInventoryItemCompositeDef TMP Description
760441240658,"<image UI/Conversation/T_Dialogue_IconBackgroundCircle.tga 400 130 128 120> Увеличенная эффективность прицеливания
<image UI/Conversation/T_Dialogue_IconBackgroundCircle.tga 400 130 128 120> Издает меньше шума",,,ModItemInventoryItemCompositeDef TMP AdditionalHint
436154392218,MP5A2,,,ModItemInventoryItemCompositeDef MP5A2 DisplayName
299572078802,MP5A2,,,ModItemInventoryItemCompositeDef MP5A2 DisplayNamePlural
272866610540,"Устаревший вариант немецкого автомата MP5, с УСМ без отсечки стрельбы по три выстрела. Один из самых распространенных полицейских автоматов в мире до сих пор. Отличный выбор для специальных операций любого толка, тысячи обезвреженных террористов по всему миру не дадут соврать.",,,ModItemInventoryItemCompositeDef MP5A2 Description
168963467782,"<image UI/Conversation/T_Dialogue_IconBackgroundCircle.tga 400 130 128 120> 3 Уровня прицеливания
<image UI/Conversation/T_Dialogue_IconBackgroundCircle.tga 400 130 128 120> Дальнобойное
<image UI/Conversation/T_Dialogue_IconBackgroundCircle.tga 400 130 128 120> Точное
<image UI/Conversation/T_Dialogue_IconBackgroundCircle.tga 400 130 128 120> Отсечка по 3 патрона",,,ModItemInventoryItemCompositeDef MP5A2 AdditionalHint
806873565594,MP5K,,,ModItemInventoryItemCompositeDef MP5K DisplayName
709911598309,MP5K,,,ModItemInventoryItemCompositeDef MP5K DisplayNamePlural
534479356961,"Максимально укороченная версия MP5, созданная для боя на ближних дистанциях и самообороны. Для него даже есть специальный чехол-чемоданчик со спусковым крючком в ручке - на случай секретных операций.",,,ModItemInventoryItemCompositeDef MP5K Description
821868937694,"<image UI/Conversation/T_Dialogue_IconBackgroundCircle.tga 400 130 128 120> Сниженная эффективность прицеливания
<image UI/Conversation/T_Dialogue_IconBackgroundCircle.tga 400 130 128 120> Одноручное
<image UI/Conversation/T_Dialogue_IconBackgroundCircle.tga 400 130 128 120> Возможности модификаций
<image UI/Conversation/T_Dialogue_IconBackgroundCircle.tga 400 130 128 120> Скорострельное",,,ModItemInventoryItemCompositeDef MP5K AdditionalHint
116569856434,MP5A4,,,ModItemInventoryItemCompositeDef MP5A4 DisplayName
486538188387,MP5A4,,,ModItemInventoryItemCompositeDef MP5A4 DisplayNamePlural
708501432695,"Современный вариант автомата MP5, допускающий стрельбу как с отсечкой по три выстрела, так и полностью автоматический огонь. Все остальное осталось практически без изменений, автомат сразу хорошим получился.",,,ModItemInventoryItemCompositeDef MP5A4 Description
397260753978,"<image UI/Conversation/T_Dialogue_IconBackgroundCircle.tga 400 130 128 120> 3 Уровня прицеливания
<image UI/Conversation/T_Dialogue_IconBackgroundCircle.tga 400 130 128 120> Дальнобойное
<image UI/Conversation/T_Dialogue_IconBackgroundCircle.tga 400 130 128 120> Точное
<image UI/Conversation/T_Dialogue_IconBackgroundCircle.tga 400 130 128 120> Возможность модификаций",,,ModItemInventoryItemCompositeDef MP5A4 AdditionalHint
561734855744,UMP45,,,ModItemInventoryItemCompositeDef UMP45 DisplayName
911384756792,UMP45,,,ModItemInventoryItemCompositeDef UMP45 DisplayNamePlural
768168562835,"Современный немецкий пистолет-пулемет на основе узлов винтовки G36, но со свободным затвором. Тяжеловат, но ухватист и хорошо контролируется при стрельбе очередями. ",,,ModItemInventoryItemCompositeDef UMP45 Description
254123453451,"<image UI/Conversation/T_Dialogue_IconBackgroundCircle.tga 400 130 128 120> 3 Уровня прицеливания
<image UI/Conversation/T_Dialogue_IconBackgroundCircle.tga 400 130 128 120> Мощный патрон
<image UI/Conversation/T_Dialogue_IconBackgroundCircle.tga 400 130 128 120> Точное
<image UI/Conversation/T_Dialogue_IconBackgroundCircle.tga 400 130 128 120> Не дальнобойное
<image UI/Conversation/T_Dialogue_IconBackgroundCircle.tga 400 130 128 120> Режим очереди по 2 патрона",,,ModItemInventoryItemCompositeDef UMP45 AdditionalHint
772299589775,ПП19 Бизон,,,ModItemInventoryItemCompositeDef PP19Bizon DisplayName
701261750193,ПП19 Бизон,,,ModItemInventoryItemCompositeDef PP19Bizon DisplayNamePlural
923963131573,"Российский пистолет-пулемет, собранный на основе узлов автомата АКС-74, но с использованием автоматики со свободным затвором. Шнековый магазин на 64 патрона в отличие от пистолетов Calico приспособлен в качестве ухватистого цевья, а если добавить к этому малую отдачу, то крыть врага становится очень приятно. Правда, потом приходится набивать эти шнековые магазины, но стрелять-то приятно!",,,ModItemInventoryItemCompositeDef PP19Bizon Description
269133427142,"<image UI/Conversation/T_Dialogue_IconBackgroundCircle.tga 400 130 128 120> 3 Уровня прицеливания
<image UI/Conversation/T_Dialogue_IconBackgroundCircle.tga 400 130 128 120> Мощный патрон
<image UI/Conversation/T_Dialogue_IconBackgroundCircle.tga 400 130 128 120> Точное
<image UI/Conversation/T_Dialogue_IconBackgroundCircle.tga 400 130 128 120> Не дальнобойное
<image UI/Conversation/T_Dialogue_IconBackgroundCircle.tga 400 130 128 120> Режим очереди по 2 патрона",,,ModItemInventoryItemCompositeDef PP19Bizon AdditionalHint
452903547545,MP5SD,,,ModItemInventoryItemCompositeDef MP5SD DisplayName
609726293042,MP5SD,,,ModItemInventoryItemCompositeDef MP5SD DisplayNamePlural
884363795404,"Автомат MP5SD5 изготовлен на основе MP5A4. В конструкцию внесен неотьемный разборный глушитель, позволяющий вести полностью автоматический огонь обычным 9мм боеприпасом. Мечта каждого уважающего себя стелс-пихотинца.",,,ModItemInventoryItemCompositeDef MP5SD Description
414884402694,"<image UI/Conversation/T_Dialogue_IconBackgroundCircle.tga 400 130 128 120> 3 Уровня прицеливания
<image UI/Conversation/T_Dialogue_IconBackgroundCircle.tga 400 130 128 120> Интегрированный глушитель
<image UI/Conversation/T_Dialogue_IconBackgroundCircle.tga 400 130 128 120> Точное
<image UI/Conversation/T_Dialogue_IconBackgroundCircle.tga 400 130 128 120> Отсечка по 3 патрона",,,ModItemInventoryItemCompositeDef MP5SD AdditionalHint
975770861054,MP7,,,ModItemInventoryItemCompositeDef MP7 DisplayName
419953895054,MP7,,,ModItemInventoryItemCompositeDef MP7 DisplayNamePlural
681252656681,"Прямой конкурент бельгийского P90 за звание главного PDWаста в блоке НАТО. Внутри устроен как настоящая большая винтовка, что дает неплохую мощность при использовании патронов малого калибра. ",,,ModItemInventoryItemCompositeDef MP7 Description
208350161727,"<image UI/Conversation/T_Dialogue_IconBackgroundCircle.tga 400 130 128 120> Высокий шанс критического попадания
<image UI/Conversation/T_Dialogue_IconBackgroundCircle.tga 400 130 128 120> Увеличенная эффективность прицеливания",,,ModItemInventoryItemCompositeDef MP7 AdditionalHint
500013930133,P90,,,ModItemInventoryItemCompositeDef P90 DisplayName
554658569753,P90,,,ModItemInventoryItemCompositeDef P90 DisplayNamePlural
160391253966,"Бельгийский пистолет-пулемет футуристичного вида в компоновке буллпап. Разработан специально под новый бронебойный малоимпульсный патрон калибра 5.7мм. Мнения об автомате делятся полярно - кто-то в восторге от его эргономики, кто-то наоборот, проклинает ее.",,,ModItemInventoryItemCompositeDef P90 Description
464345702246,"<image UI/Conversation/T_Dialogue_IconBackgroundCircle.tga 400 130 128 120> Точное
<image UI/Conversation/T_Dialogue_IconBackgroundCircle.tga 400 130 128 120> Скорострельное
<image UI/Conversation/T_Dialogue_IconBackgroundCircle.tga 400 130 128 120> Пробивающий патрон",,,ModItemInventoryItemCompositeDef P90 AdditionalHint
106499815101,Zastava M92,,,ModItemInventoryItemCompositeDef ZastavaM92 DisplayName
435478961244,Zastava M92,,,ModItemInventoryItemCompositeDef ZastavaM92 DisplayNamePlural
580186251954,"Коротыш под 7.62х39мм патрон. В отличие от мифического советско-российского варианта АКМСУ (который никогда не выпускался), этот реально существует и готов доказать это, проделав пару десятков дырок в телах ваших врагов.",,,ModItemInventoryItemCompositeDef ZastavaM92 Description
228542450465,"<image UI/Conversation/T_Dialogue_IconBackgroundCircle.tga 400 130 128 120> Высокая отдача
<image UI/Conversation/T_Dialogue_IconBackgroundCircle.tga 400 130 128 120> Низкая дальность
<image UI/Conversation/T_Dialogue_IconBackgroundCircle.tga 400 130 128 120> Подходит для маневренного боя",,,ModItemInventoryItemCompositeDef ZastavaM92 AdditionalHint
296223742464,CAR-15,,,ModItemInventoryItemCompositeDef CAR15 DisplayName
875063722151,CAR-15,,,ModItemInventoryItemCompositeDef CAR15 DisplayNamePlural
474099942424,"Ранний вариант Colt Commando, на базе винтовки М16А1, получившийся путем обрезания половины ствола. Компактный автомат с громким звуком и большой вспышкой. Не для использования в помещениях.",,,ModItemInventoryItemCompositeDef CAR15 Description
881498370975,"<image UI/Conversation/T_Dialogue_IconBackgroundCircle.tga 400 130 128 120> Возможность вести маневренный бой
<image UI/Conversation/T_Dialogue_IconBackgroundCircle.tga 400 130 128 120> Низкая цена атаки
<image UI/Conversation/T_Dialogue_IconBackgroundCircle.tga 400 130 128 120> Низкая точность и дальность",,,ModItemInventoryItemCompositeDef CAR15 AdditionalHint
882883589623,M4A1,,,ModItemInventoryItemCompositeDef M4A1 DisplayName
664987025992,M4A1,,,ModItemInventoryItemCompositeDef M4A1 DisplayNamePlural
186747788182,"Оружие, созданное для обеспечения гарантированного конституцией США права на самооборону, с возможностью максимально быстрой и простой конвертации в автоматическое оружие, потому что каждому законопослушному гражданину нужен автомат, разве нет?",,,ModItemInventoryItemCompositeDef M4A1 Description
825365505331,"<image UI/Conversation/T_Dialogue_IconBackgroundCircle.tga 400 130 128 120> Возможность вести маневренный бой
<image UI/Conversation/T_Dialogue_IconBackgroundCircle.tga 400 130 128 120> Низкая цена атаки
<image UI/Conversation/T_Dialogue_IconBackgroundCircle.tga 400 130 128 120> Высокая точность",,,ModItemInventoryItemCompositeDef M4A1 AdditionalHint
830792184278,G36c,,,ModItemInventoryItemCompositeDef G36c DisplayName
851022057990,G36c,,,ModItemInventoryItemCompositeDef G36c DisplayNamePlural
482340674377,"Футуристичного вида штурмовая винтовка с интегрированной двойной системой прицеливания. Газовый поршень короткого хода и патрон 5,56 НАТО - что еще нужно для стабильной, прицельной стрельбы?",,,ModItemInventoryItemCompositeDef G36c Description
259515152667,"<image UI/Conversation/T_Dialogue_IconBackgroundCircle.tga 400 130 128 120> Возможность вести маневренный бой
<image UI/Conversation/T_Dialogue_IconBackgroundCircle.tga 400 130 128 120> Низкая цена атаки
<image UI/Conversation/T_Dialogue_IconBackgroundCircle.tga 400 130 128 120> Высокая точность
<image UI/Conversation/T_Dialogue_IconBackgroundCircle.tga 400 130 128 120> Режим очереди по 3 патрона",,,ModItemInventoryItemCompositeDef G36c AdditionalHint
879708176956,АКС-74У,,,ModItemInventoryItemCompositeDef AKSU DisplayName
822983576717,АКС-74У,,,ModItemInventoryItemCompositeDef AKSU DisplayNamePlural
335901073743,"Укороченная версия AK-74, предназначенная для бойцов спецназа и экипажей техники. Для нее пришлось разработать новый газовый двигатель и дульное устройство-дожигатель. Американцы называют эту модель «Krinkov», но у русских в ходу более звучные названия - «Ксюха», а иногда и «Сучка». И да, для АКСУ существует набедренная кобура.",,,ModItemInventoryItemCompositeDef AKSU Description
474761443367,"<image UI/Conversation/T_Dialogue_IconBackgroundCircle.tga 400 130 128 120> Возможность вести маневренный бой
<image UI/Conversation/T_Dialogue_IconBackgroundCircle.tga 400 130 128 120> Низкая цена атаки
<image UI/Conversation/T_Dialogue_IconBackgroundCircle.tga 400 130 128 120> Высокая точность
<image UI/Conversation/T_Dialogue_IconBackgroundCircle.tga 400 130 128 120> Высокий шанс крита",,,ModItemInventoryItemCompositeDef AKSU AdditionalHint
866987100833,Sig 552,,,ModItemInventoryItemCompositeDef Sig552 DisplayName
896776666039,Sig 552,,,ModItemInventoryItemCompositeDef Sig552 DisplayNamePlural
203622796133,Ультракомпактный автомат производства SIG с классической компоновкой и не менее классической газоотводной системой. Серьезное дорогое оружие.,,,ModItemInventoryItemCompositeDef Sig552 Description
700414124681,"<image UI/Conversation/T_Dialogue_IconBackgroundCircle.tga 400 130 128 120> Возможность вести маневренный бой
<image UI/Conversation/T_Dialogue_IconBackgroundCircle.tga 400 130 128 120> Низкая цена атаки
<image UI/Conversation/T_Dialogue_IconBackgroundCircle.tga 400 130 128 120> Высокая точность
<image UI/Conversation/T_Dialogue_IconBackgroundCircle.tga 400 130 128 120> Возможности модификаций",,,ModItemInventoryItemCompositeDef Sig552 AdditionalHint
388806361889,Sig 552 SWAT,,,ModItemInventoryItemCompositeDef Sig552SWAT DisplayName
330867992333,Sig 552 SWAT,,,ModItemInventoryItemCompositeDef Sig552SWAT DisplayNamePlural
444897869757,Ультракомпактный автомат производства SIG с классической компоновкой и не менее классической газоотводной системой. Серьезное дорогое оружие.,,,ModItemInventoryItemCompositeDef Sig552SWAT Description
754834790764,"<image UI/Conversation/T_Dialogue_IconBackgroundCircle.tga 400 130 128 120> Возможность вести маневренный бой
<image UI/Conversation/T_Dialogue_IconBackgroundCircle.tga 400 130 128 120> Низкая цена атаки
<image UI/Conversation/T_Dialogue_IconBackgroundCircle.tga 400 130 128 120> Высокая точность
<image UI/Conversation/T_Dialogue_IconBackgroundCircle.tga 400 130 128 120> Возможности модификаций",,,ModItemInventoryItemCompositeDef Sig552SWAT AdditionalHint
779838191556,АС-ВАЛ,,,ModItemInventoryItemCompositeDef AS_Val DisplayName
965962787590,АС-ВАЛ,,,ModItemInventoryItemCompositeDef AS_Val DisplayNamePlural
321973252805,"Оружие, не имеющее аналогов в мире, или, по крайней мере не имевшее их до распространения патрона .300 Blackout. Да и на сегодняшний день является лучшим специальным автоматом подобного типа.",,,ModItemInventoryItemCompositeDef AS_Val Description
688894016157,"<image UI/Conversation/T_Dialogue_IconBackgroundCircle.tga 400 130 128 120> Возможность вести маневренный бой
<image UI/Conversation/T_Dialogue_IconBackgroundCircle.tga 400 130 128 120> Низкая цена атаки
<image UI/Conversation/T_Dialogue_IconBackgroundCircle.tga 400 130 128 120> Специальный патрон
<image UI/Conversation/T_Dialogue_IconBackgroundCircle.tga 400 130 128 120> Интегрированный глушитель
<image UI/Conversation/T_Dialogue_IconBackgroundCircle.tga 400 130 128 120> Высокий шанс крита",,,ModItemInventoryItemCompositeDef AS_Val AdditionalHint
620616109287,ОТКЛЮЧЕНО,,,ModItemInventoryItemCompositeDef AR15 DisplayName
421206527372,ОТКЛЮЧЕНО,,,ModItemInventoryItemCompositeDef AR15 DisplayNamePlural
259547754550,"Оружие, созданное для обеспечения гарантированного конституцией США права на самооборону, с возможностью максимально быстрой и простой конвертации в автоматическое оружие, потому что каждому законопослушному гражданину нужен автомат, разве нет?",,,ModItemInventoryItemCompositeDef AR15 Description
213671010859,"<image UI/Conversation/T_Dialogue_IconBackgroundCircle.tga 400 130 128 120> Высокий шанс критического попадания
<image UI/Conversation/T_Dialogue_IconBackgroundCircle.tga 400 130 128 120> Низкая цена атаки
<image UI/Conversation/T_Dialogue_IconBackgroundCircle.tga 400 130 128 120> Большое количество модулей
<image UI/Conversation/T_Dialogue_IconBackgroundCircle.tga 400 130 128 120> При установке стандартного приклада нет автоматического огня",,,ModItemInventoryItemCompositeDef AR15 AdditionalHint
847561503717,АК47,,,ModItemInventoryItemCompositeDef AK47 DisplayName
336276554025,АК47,,,ModItemInventoryItemCompositeDef AK47 DisplayNamePlural
275113667304,"Если где-то в мире случается конфликт, вы точно найдете там АК-47. Это аксиома. Старый-добрый «калаш» неприхотлив, прост в использовании, надежен и стоит гроши. Статистика утверждает, что в мире водится более 75 миллионов экземпляров этого зверя.",,,ModItemInventoryItemCompositeDef AK47 Description
701155777761,<image UI/Conversation/T_Dialogue_IconBackgroundCircle.tga 400 130 128 120> Повышенная износоустойчивость,,,ModItemInventoryItemCompositeDef AK47 AdditionalHint
294736997687,Type 56,,,ModItemInventoryItemCompositeDef Type56 DisplayName
841407749387,Type 56,,,ModItemInventoryItemCompositeDef Type56 DisplayNamePlural
854531008352,"Пиратская, в смысле, китайская копия советского автомата АКС. Имеет складной вниз, либо фиксированный деревянный приклад и фрезерованную ствольную коробку. Качество разнится от нестреляющей рухляди до вполне приличного автомата. Длинный игольчатый штык призван делать канапе из лаоваев.",,,ModItemInventoryItemCompositeDef Type56 Description
636364655942,"<image UI/Conversation/T_Dialogue_IconBackgroundCircle.tga 400 130 128 120> Высокая отдача
<image UI/Conversation/T_Dialogue_IconBackgroundCircle.tga 400 130 128 120> Низкая дальность
<image UI/Conversation/T_Dialogue_IconBackgroundCircle.tga 400 130 128 120> Низкая надежность",,,ModItemInventoryItemCompositeDef Type56 AdditionalHint
433590423027,M-14,,,ModItemInventoryItemCompositeDef M14SAW DisplayName
380834399389,M-14,,,ModItemInventoryItemCompositeDef M14SAW DisplayNamePlural
572366580172,"Глубоко модифицированная винтовка M1 - измененный газовый двигатель, магазинное питание, новый на тот момент (начало 1950х) патрон 7.62х51мм. Винтовка оказалась крайне бесполезной в условиях войны в джунглях, из-за чего была заменена M16.",,,ModItemInventoryItemCompositeDef M14SAW Description
459810570521,"<image UI/Conversation/T_Dialogue_IconBackgroundCircle.tga 400 130 128 120> Высокая отдача
<image UI/Conversation/T_Dialogue_IconBackgroundCircle.tga 400 130 128 120> Винтовочный патрон
<image UI/Conversation/T_Dialogue_IconBackgroundCircle.tga 400 130 128 120> Низкая надежность
<image UI/Conversation/T_Dialogue_IconBackgroundCircle.tga 400 130 128 120> Высокая цена атаки",,,ModItemInventoryItemCompositeDef M14SAW AdditionalHint
185329589695,M16A1,,,ModItemInventoryItemCompositeDef M16A1 DisplayName
996523018665,M16A1,,,ModItemInventoryItemCompositeDef M16A1 DisplayNamePlural
540807842727,"Ранний вариант винтовки М16 (AR15), принятый на вооружение US Army в далеком 1967 году. Из-за стремления этой самой US Army сэкономить, винтовка получила кучу проблем с надежностью, отмыть от которых репутацию она не может до сих пор.",,,ModItemInventoryItemCompositeDef M16A1 Description
779972384279,<image UI/Conversation/T_Dialogue_IconBackgroundCircle.tga 400 130 128 120> Низкая надежность,,,ModItemInventoryItemCompositeDef M16A1 AdditionalHint
220029118961,Zastava M70,,,ModItemInventoryItemCompositeDef Zastava_M70 DisplayName
690505630098,Zastava M70,,,ModItemInventoryItemCompositeDef Zastava_M70 DisplayNamePlural
565225387197,Второе поколение автоматов Калашникова с максимально обкатанной и оптимизированной технологией производства. Именно этот автомат стал символом освобождения мирового пролетариата от мирового империализма.,,,ModItemInventoryItemCompositeDef Zastava_M70 Description
907311329202,"<image UI/Conversation/T_Dialogue_IconBackgroundCircle.tga 400 130 128 120> Высокая отдача
<image UI/Conversation/T_Dialogue_IconBackgroundCircle.tga 400 130 128 120> Высокая надежность",,,ModItemInventoryItemCompositeDef Zastava_M70 AdditionalHint
972200337542,FAMAS,,,ModItemInventoryItemCompositeDef FAMAS DisplayName
297539929545,FAMAS,,,ModItemInventoryItemCompositeDef FAMAS DisplayNamePlural
747433759944,"Вся утилитарность и эргономичность буллпап-дизайна. Конструкторы планировали, что магазины для винтовки будут одноразовые и выбрасываться после использования, но даже самый лучший план не в состоянии пережить встречи с реальностью: солдаты начали повторно использовать магазины, что, разумеется, привело к куче разных проблем. Поэтому позже пришлось разрабатывать более прочный магазин.",,,ModItemInventoryItemCompositeDef FAMAS Description
999618490577,"<image UI/Conversation/T_Dialogue_IconBackgroundCircle.tga 400 130 128 120> Низкий урон
<image UI/Conversation/T_Dialogue_IconBackgroundCircle.tga 400 130 128 120> Скорострельное
<image UI/Conversation/T_Dialogue_IconBackgroundCircle.tga 400 130 128 120> Низкая цена атаки
<image UI/Conversation/T_Dialogue_IconBackgroundCircle.tga 400 130 128 120> Повышенная цена перезарядки
<image UI/Conversation/T_Dialogue_IconBackgroundCircle.tga 400 130 128 120> Низкая дальность",,,ModItemInventoryItemCompositeDef FAMAS AdditionalHint
571302959001,Galil,,,ModItemInventoryItemCompositeDef Galil DisplayName
920649900260,Galil,,,ModItemInventoryItemCompositeDef Galil DisplayNamePlural
383348230824,"Изначально разрабатывался со встроенной открывашкой, чтобы солдаты не гробили магазины в попытках вскрывать ими бутылки. По какой-то неизвестной причине пытается косплеить АК-47.",,,ModItemInventoryItemCompositeDef Galil Description
241460687901,"<image UI/Conversation/T_Dialogue_IconBackgroundCircle.tga 400 130 128 120> Винтовочный патрон
<image UI/Conversation/T_Dialogue_IconBackgroundCircle.tga 400 130 128 120> Высокая надежность
<image UI/Conversation/T_Dialogue_IconBackgroundCircle.tga 400 130 128 120> Низкая точность",,,ModItemInventoryItemCompositeDef Galil AdditionalHint
686240686821,M16A2,,,ModItemInventoryItemCompositeDef M16A2 DisplayName
548213604732,M16A2,,,ModItemInventoryItemCompositeDef M16A2 DisplayNamePlural
598399726681,"Пожалуй, самый легендарный образец западного огнестрельного оружия. М16 была первой винтовкой под патрон 5,56 НАТО, разработанный специально под ее 20-дюймовый ствол. Высокая скорость полета пули обеспечивает как точность на дальних дистанциях, так и удобство стрельбы очередями, хоть М16 и проигрывает в убойной силе своему основному конкуренту, АК-47. Главное, не обращайте внимания на досылатель патрона...",,,ModItemInventoryItemCompositeDef M16A2 Description
544518490034,"<image UI/Conversation/T_Dialogue_IconBackgroundCircle.tga 400 130 128 120> Высокая точность и хорошая дальность
<image UI/Conversation/T_Dialogue_IconBackgroundCircle.tga 400 130 128 120> Нет режима автоматической стрельбы",,,ModItemInventoryItemCompositeDef M16A2 AdditionalHint
999635024538,AKM,,,ModItemInventoryItemCompositeDef AKM DisplayName
559179013491,AKM,,,ModItemInventoryItemCompositeDef AKM DisplayNamePlural
206422173105,Второе поколение автоматов Калашникова с максимально обкатанной и оптимизированной технологией производства. Именно этот автомат стал символом освобождения мирового пролетариата от мирового империализма.,,,ModItemInventoryItemCompositeDef AKM Description
374871853859,"<image UI/Conversation/T_Dialogue_IconBackgroundCircle.tga 400 130 128 120> Высокая отдача
<image UI/Conversation/T_Dialogue_IconBackgroundCircle.tga 400 130 128 120> Высокая надежность",,,ModItemInventoryItemCompositeDef AKM AdditionalHint
953214136765,FN-FAL,,,ModItemInventoryItemCompositeDef FNFAL DisplayName
293593828679,FN-FAL,,,ModItemInventoryItemCompositeDef FNFAL DisplayNamePlural
663922800151,"Винтовка FN FAL (Fusil Autamatique Leger - Легкая Автоматическая Винтовка). Своеобразный символ НАТО - производилась в более чем 20 странах, состояла на вооружении в более чем 70 странах. Среди наемников AIM имеет ласковое прозвище - ""фалочка"".",,,ModItemInventoryItemCompositeDef FNFAL Description
985768409147,"<image UI/Conversation/T_Dialogue_IconBackgroundCircle.tga 400 130 128 120> Винтовочный патрон
<image UI/Conversation/T_Dialogue_IconBackgroundCircle.tga 400 130 128 120> Высокая надежность
<image UI/Conversation/T_Dialogue_IconBackgroundCircle.tga 400 130 128 120> Высокая цена атаки",,,ModItemInventoryItemCompositeDef FNFAL AdditionalHint
168139347519,AUG,,,ModItemInventoryItemCompositeDef AUG DisplayName
927517655395,AUG,,,ModItemInventoryItemCompositeDef AUG DisplayNamePlural
769364856118,"Винтовка в комплектации буллпап, изготовленная из немереного количества пластика (и одна из первых попыток создать винтовку с интегрированной оптикой). Является, можно сказать, воплощением идеи перехода от тяжелых и громоздких боевых винтовок калибра 7.62 к более легким штурмовым винтовкам под патрон 5,56 НАТО.",,,ModItemInventoryItemCompositeDef AUG Description
423281925211,"<image UI/Conversation/T_Dialogue_IconBackgroundCircle.tga 400 130 128 120> Возможность вести маневренный бой
<image UI/Conversation/T_Dialogue_IconBackgroundCircle.tga 400 130 128 120> Скорострельное
<image UI/Conversation/T_Dialogue_IconBackgroundCircle.tga 400 130 128 120> Низкая цена атаки, но высокая цена перезарядки
<image UI/Conversation/T_Dialogue_IconBackgroundCircle.tga 400 130 128 120> Низкая точность",,,ModItemInventoryItemCompositeDef AUG AdditionalHint
220462500912,G3A3,,,ModItemInventoryItemCompositeDef G3A3 DisplayName
865494653176,G3A3,,,ModItemInventoryItemCompositeDef G3A3 DisplayNamePlural
267005341100,"С 1959 по 1995 годы - основное стрелковое оружие Бундесвера. A3 - поздний серийный вариант, с пластиковым вентилируемым цевьем и барабанным целиком. В основе автоматики - фирменная схема с роликовым замедлением полусвободного затвора. Странным путем пошла эволюция оружия, в то время как у советов уже был автомат под промежуточный патрон.",,,ModItemInventoryItemCompositeDef G3A3 Description
437684046468,"<image UI/Conversation/T_Dialogue_IconBackgroundCircle.tga 400 130 128 120> Винтовочный патрон
<image UI/Conversation/T_Dialogue_IconBackgroundCircle.tga 400 130 128 120> Высокая надежность
<image UI/Conversation/T_Dialogue_IconBackgroundCircle.tga 400 130 128 120> Высокая точность и дальность
<image UI/Conversation/T_Dialogue_IconBackgroundCircle.tga 400 130 128 120> Высокая цена атаки",,,ModItemInventoryItemCompositeDef G3A3 AdditionalHint
161862766562,M16A4,,,ModItemInventoryItemCompositeDef M16A4 DisplayName
536348214509,M16A4,,,ModItemInventoryItemCompositeDef M16A4 DisplayNamePlural
684844255281,"Оружие, созданное для обеспечения гарантированного конституцией США права на самооборону, с возможностью максимально быстрой и простой конвертации в автоматическое оружие, потому что каждому законопослушному гражданину нужен автомат, разве нет?",,,ModItemInventoryItemCompositeDef M16A4 Description
147345936439,"<image UI/Conversation/T_Dialogue_IconBackgroundCircle.tga 400 130 128 120> Высокая точность и хорошая дальность (для 5.56)
<image UI/Conversation/T_Dialogue_IconBackgroundCircle.tga 400 130 128 120>  Хорошая надежность
<image UI/Conversation/T_Dialogue_IconBackgroundCircle.tga 400 130 128 120> Нет режима автоматической стрельбы",,,ModItemInventoryItemCompositeDef M16A4 AdditionalHint
722466346272,G36,,,ModItemInventoryItemCompositeDef G36 DisplayName
905454635960,G36,,,ModItemInventoryItemCompositeDef G36 DisplayNamePlural
836383022466,"Футуристичного вида штурмовая винтовка с интегрированной двойной системой прицеливания. Газовый поршень короткого хода и патрон 5,56 НАТО - что еще нужно для стабильной, прицельной стрельбы?",,,ModItemInventoryItemCompositeDef G36 Description
463766324900,"<image UI/Conversation/T_Dialogue_IconBackgroundCircle.tga 400 130 128 120> Высокая точность и дальность
<image UI/Conversation/T_Dialogue_IconBackgroundCircle.tga 400 130 128 120> Режим очереди по 3 патрона",,,ModItemInventoryItemCompositeDef G36 AdditionalHint
758980449743,G3A4,,,ModItemInventoryItemCompositeDef G3A4 DisplayName
434643473531,G3A4,,,ModItemInventoryItemCompositeDef G3A4 DisplayNamePlural
339301117514,"Та же G3A3, но с раздвижным телескопическим прикладом, призванным хоть как-то сократить габариты громоздкой винтовки.",,,ModItemInventoryItemCompositeDef G3A4 Description
305549287206,"<image UI/Conversation/T_Dialogue_IconBackgroundCircle.tga 400 130 128 120> Винтовочный патрон
<image UI/Conversation/T_Dialogue_IconBackgroundCircle.tga 400 130 128 120> Высокая надежность
<image UI/Conversation/T_Dialogue_IconBackgroundCircle.tga 400 130 128 120> Высокая точность и дальность
<image UI/Conversation/T_Dialogue_IconBackgroundCircle.tga 400 130 128 120> Складной приклад
<image UI/Conversation/T_Dialogue_IconBackgroundCircle.tga 400 130 128 120> Высокая цена атаки",,,ModItemInventoryItemCompositeDef G3A4 AdditionalHint
807864486419,Sig 550,,,ModItemInventoryItemCompositeDef Sig550 DisplayName
603920639509,Sig 550,,,ModItemInventoryItemCompositeDef Sig550 DisplayNamePlural
929498915972,"Что получится, если АК попытаются изобрести в Швейцарии? Получится одна из самых крутых современных армейских винтовок. Классическая компоновка. Простота конструкции. Швейцарская точность и надежность. Никаких понтов.",,,ModItemInventoryItemCompositeDef Sig550 Description
945970858736,"<image UI/Conversation/T_Dialogue_IconBackgroundCircle.tga 400 130 128 120> Высокая точность и дальность
<image UI/Conversation/T_Dialogue_IconBackgroundCircle.tga 400 130 128 120> Возможности модификаций",,,ModItemInventoryItemCompositeDef Sig550 AdditionalHint
272433720269,Sig 550 RIS,,,ModItemInventoryItemCompositeDef Sig550Custom DisplayName
798139952558,Sig 550 RIS,,,ModItemInventoryItemCompositeDef Sig550Custom DisplayNamePlural
566075228001,"Что получится, если АК попытаются изобрести в Швейцарии? Получится одна из самых крутых современных армейских винтовок. Классическая компоновка. Простота конструкции. Швейцарская точность и надежность. Никаких понтов.",,,ModItemInventoryItemCompositeDef Sig550Custom Description
308282259925,"<image UI/Conversation/T_Dialogue_IconBackgroundCircle.tga 400 130 128 120> Высокая точность и дальность
<image UI/Conversation/T_Dialogue_IconBackgroundCircle.tga 400 130 128 120> Возможности модификаций",,,ModItemInventoryItemCompositeDef Sig550Custom AdditionalHint
498856201701,АК-74,,,ModItemInventoryItemCompositeDef AK74 DisplayName
899054877778,АК-74,,,ModItemInventoryItemCompositeDef AK74 DisplayNamePlural
880248066784,"В районе 1974 года советские конструкторы обновили классический дизайн «калаша» - так и появился на свет этот красавец. В него внесли много изменений, но сердце механизма - газовый поршень длинного хода - осталось в оригинальном виде.",,,ModItemInventoryItemCompositeDef AK74 Description
616506240472,"<image UI/Conversation/T_Dialogue_IconBackgroundCircle.tga 400 130 128 120> Высокая точность и дальность
<image UI/Conversation/T_Dialogue_IconBackgroundCircle.tga 400 130 128 120> Высокий шанс крита",,,ModItemInventoryItemCompositeDef AK74 AdditionalHint
788058405353,АН-94,,,ModItemInventoryItemCompositeDef AN94 DisplayName
262648164312,АН-94,,,ModItemInventoryItemCompositeDef AN94 DisplayNamePlural
967767145469,"В районе 1974 года советские конструкторы обновили классический дизайн «калаша» - так и появился на свет этот красавец. В него внесли много изменений, но сердце механизма - газовый поршень длинного хода - осталось в оригинальном виде.",,,ModItemInventoryItemCompositeDef AN94 Description
752424178514,"<image UI/Conversation/T_Dialogue_IconBackgroundCircle.tga 400 130 128 120> Высокая точность и дальность
<image UI/Conversation/T_Dialogue_IconBackgroundCircle.tga 400 130 128 120> Высокий шанс крита",,,ModItemInventoryItemCompositeDef AN94 AdditionalHint
487511193507,Winchester 1894,,,ModItemInventoryItemCompositeDef Winchester1894 DisplayName
883443868274,Winchester 1894,,,ModItemInventoryItemCompositeDef Winchester1894 DisplayNamePlural
974064419520,"Классическая винтовка прямиком из фильмов про ковбоев и индейцев. Подствольный трубчатый магазин вмещает больше патронов, чем в обычной винтовке с продольно-скользящим затвором. Как она очутилась в здешних краях - тайна, покрытая мраком.",,,ModItemInventoryItemCompositeDef Winchester1894 Description
131315500923,"<image UI/Conversation/T_Dialogue_IconBackgroundCircle.tga 400 130 128 120> Низкая цена атаки
<image UI/Conversation/T_Dialogue_IconBackgroundCircle.tga 400 130 128 120> Сниженная дальнобойность
<image UI/Conversation/T_Dialogue_IconBackgroundCircle.tga 400 130 128 120> Револьверный патрон",,,ModItemInventoryItemCompositeDef Winchester1894 AdditionalHint
961788380704,СКС,,,ModItemInventoryItemCompositeDef SKS DisplayName
176494711002,СКС,,,ModItemInventoryItemCompositeDef SKS DisplayNamePlural
505902341428,"Не востребованный в Советской Армии, тем не менее, весьма любим гражданскими стрелками в России за точность боя. Но это капля в море перед маниакальной страстью к нему стрелков в США. Хорошим тоном считается хотя бы один СКС на коллекцию. Хотя бы и китайский.",,,ModItemInventoryItemCompositeDef SKS Description
115214440494,"<image UI/Conversation/T_Dialogue_IconBackgroundCircle.tga 400 130 128 120> Низкая цена атаки
<image UI/Conversation/T_Dialogue_IconBackgroundCircle.tga 400 130 128 120> Точное и дальнобойное (для 7.62х39)",,,ModItemInventoryItemCompositeDef SKS AdditionalHint
130114172657,СВТ-40,,,ModItemInventoryItemCompositeDef SVT40 DisplayName
641755001597,СВТ-40,,,ModItemInventoryItemCompositeDef SVT40 DisplayNamePlural
860271990651,"""Светлана"" Федоровна Токарева, прошу любить и жаловать. Самозарядная винтовка СССР периода начала ВОВ. ""Света"" оказалась дамой очень капризной и требовательной к уходу, так что с работой в боевых частях Красной армии у нее не заладилось, а вот более подготовленные морские пехотинцы ""Светку"" использовали с удовольствием вплоть до самого конца войны.",,,ModItemInventoryItemCompositeDef SVT40 Description
285658866878,"<image UI/Conversation/T_Dialogue_IconBackgroundCircle.tga 400 130 128 120> Высокая дальнобойность
<image UI/Conversation/T_Dialogue_IconBackgroundCircle.tga 400 130 128 120> Нельзя поставить прицел высокой кратности
<image UI/Conversation/T_Dialogue_IconBackgroundCircle.tga 400 130 128 120> Продольно-скользящий затвор",,,ModItemInventoryItemCompositeDef SVT40 AdditionalHint
367484719110,АВТ-40,,,ModItemInventoryItemCompositeDef AVT40 DisplayName
942986769472,АВТ-40,,,ModItemInventoryItemCompositeDef AVT40 DisplayNamePlural
316917161495,"Автоматическая версия винтовки Токарева. Отличается, собственно, наличием режима полностью автоматического огня. Эффективность этого огня, правда, чрезвычайно низкая, а сама ""Света оказалась для стрельбы очередями слишком хрупкой. Найти винтовку в хорошем состоянии не так-то просто.",,,ModItemInventoryItemCompositeDef AVT40 Description
633154258440,"<image UI/Conversation/T_Dialogue_IconBackgroundCircle.tga 400 130 128 120> Высокая дальнобойность
<image UI/Conversation/T_Dialogue_IconBackgroundCircle.tga 400 130 128 120> Нельзя поставить прицел высокой кратности
<image UI/Conversation/T_Dialogue_IconBackgroundCircle.tga 400 130 128 120> Продольно-скользящий затвор",,,ModItemInventoryItemCompositeDef AVT40 AdditionalHint
501123057305,Мини-14,,,ModItemInventoryItemCompositeDef Mini14 DisplayName
278361876068,Мини-14,,,ModItemInventoryItemCompositeDef Mini14 DisplayNamePlural
309003319209,"Облегченный уменьшенный карабин на базе армейской винтовки М14, максимально доступен для гражданского стрелка - от охоты и самообороны, до обучения стрельбе в тире. Валовый карабин требует серьезной доводки напильником.",,,ModItemInventoryItemCompositeDef Mini14 Description
651056854498,<image UI/Conversation/T_Dialogue_IconBackgroundCircle.tga 400 130 128 120> 5.56,,,ModItemInventoryItemCompositeDef Mini14 AdditionalHint
355962852193,M-21,,,ModItemInventoryItemCompositeDef M21 DisplayName
992107273305,M-21,,,ModItemInventoryItemCompositeDef M21 DisplayNamePlural
446158424124,"Американская армейская снайперская винтовка, представляет собой винтовку М14 со снятым переводчиком огня, и установленным оптическим прицелом. Дешево, сердито, эффективно.",,,ModItemInventoryItemCompositeDef M21 Description
903996606162,<image UI/Conversation/T_Dialogue_IconBackgroundCircle.tga 400 130 128 120> Снайперская версия м14,,,ModItemInventoryItemCompositeDef M21 AdditionalHint
576484957808,G3 SG,,,ModItemInventoryItemCompositeDef G3SniperV1 DisplayName
312697214381,G3 SG,,,ModItemInventoryItemCompositeDef G3SniperV1 DisplayNamePlural
607371169081,"Heckler-Koch G3SG1 - cнайперская целевая винтовка, разработанная путем незначительной доработки серийной штурмовой винтовки G3. Для модернизации отбирались винтовки, показавшие лучшую кучность на заводских тестах.",,,ModItemInventoryItemCompositeDef G3SniperV1 Description
526090694402,<image UI/Conversation/T_Dialogue_IconBackgroundCircle.tga 400 130 128 120> Снайперская версия G3A3,,,ModItemInventoryItemCompositeDef G3SniperV1 AdditionalHint
524754436049,ВСС,,,ModItemInventoryItemCompositeDef VSS DisplayName
240794448842,ВСС,,,ModItemInventoryItemCompositeDef VSS DisplayNamePlural
687233228891,"Культовая среди спецназовцев и геймеров всех мастей советская и российская бесшумная снайперская винтовка. Громкость звука выстрела из нее на уровне звука пневматической винтовки. К огромному сожалению, как и ""Вал"", на экспорт Россией не продается.",,,ModItemInventoryItemCompositeDef VSS Description
392960567716,"<image UI/Conversation/T_Dialogue_IconBackgroundCircle.tga 400 130 128 120> Поддерживает большинство прицелов
<image UI/Conversation/T_Dialogue_IconBackgroundCircle.tga 400 130 128 120> Практически бесшумная
<image UI/Conversation/T_Dialogue_IconBackgroundCircle.tga 400 130 128 120> Есть режим очереди",,,ModItemInventoryItemCompositeDef VSS AdditionalHint
341887486342,СВУ,,,ModItemInventoryItemCompositeDef SVU DisplayName
490562293667,СВУ,,,ModItemInventoryItemCompositeDef SVU DisplayNamePlural
803696120423,"СВД в компоновке буллпап. Из-за чего, а также из-за укороченного ствола, короче старшей сестры на 25 см, что повышает ее эффективность в маневренном городском бою. Однако, из-за компоновки буллпап спуск на длинной тяге вынесен вперед, что для снайперской винтовки неблагоприятно. Стрелок не чувствует момент ""срыва курка"".",,,ModItemInventoryItemCompositeDef SVU Description
499804684579,"<image UI/Conversation/T_Dialogue_IconBackgroundCircle.tga 400 130 128 120> Самозарядная
<image UI/Conversation/T_Dialogue_IconBackgroundCircle.tga 400 130 128 120> Поддерживает большинство прицелов
<image UI/Conversation/T_Dialogue_IconBackgroundCircle.tga 400 130 128 120> Высокая надежность
<image UI/Conversation/T_Dialogue_IconBackgroundCircle.tga 400 130 128 120> Есть режим очереди",,,ModItemInventoryItemCompositeDef SVU AdditionalHint
360227570588,Gewehr 98,,,ModItemInventoryItemCompositeDef Gewehr98 DisplayName
592792554323,Gewehr 98,,,ModItemInventoryItemCompositeDef Gewehr98 DisplayNamePlural
549549291513,"Говорят, что этот шедевр Пауля Маузера стал дедушкой всех «болтов» - ружей с продольно-скользящим затвором. От него ведут родословную чуть ли не все современные снайперские и охотничьи винтовки.",,,ModItemInventoryItemCompositeDef Gewehr98 Description
883027360428,"<image UI/Conversation/T_Dialogue_IconBackgroundCircle.tga 400 130 128 120> Мощный патрон
<image UI/Conversation/T_Dialogue_IconBackgroundCircle.tga 400 130 128 120> Очень шумное
<image UI/Conversation/T_Dialogue_IconBackgroundCircle.tga 400 130 128 120> Продольно-скользящий затвор",,,ModItemInventoryItemCompositeDef Gewehr98 AdditionalHint
408254207510,M700,,,ModItemInventoryItemCompositeDef M700 DisplayName
344932488683,M700,,,ModItemInventoryItemCompositeDef M700 DisplayNamePlural
802433580077,"Гражданская версия точной и убойной винтовки со скользяще-поворотным затвором. Одна из самых популярных, если не самая болтовая винтовка в мире. В руках опытного снайпера способна нагнать страх, ужас, ад и Израиль на любое подразделение врага.",,,ModItemInventoryItemCompositeDef M700 Description
911562672001,"<image UI/Conversation/T_Dialogue_IconBackgroundCircle.tga 400 130 128 120> Несъемный прицел
<image UI/Conversation/T_Dialogue_IconBackgroundCircle.tga 400 130 128 120> Точное и дальнобойное
<image UI/Conversation/T_Dialogue_IconBackgroundCircle.tga 400 130 128 120> Продольно-скользящий затвор",,,ModItemInventoryItemCompositeDef M700 AdditionalHint
732701920290,FR F2,,,ModItemInventoryItemCompositeDef FRF2 DisplayName
731116870045,FR F2,,,ModItemInventoryItemCompositeDef FRF2 DisplayNamePlural
143099944282,"Современная ""болтовка"" на вооружении ВС Франции. Представляет собой модернизированную винтовку FR F1 - измененная ложа, приклад, пластиковый теплоизолирующий кожух на стволе. Используется в разработке системы оружия солдата будущего FELIN. Винтовка будущих 1970-х...",,,ModItemInventoryItemCompositeDef FRF2 Description
564762284106,"<image UI/Conversation/T_Dialogue_IconBackgroundCircle.tga 400 130 128 120> Несъемный прицел
<image UI/Conversation/T_Dialogue_IconBackgroundCircle.tga 400 130 128 120> Точное и дальнобойное
<image UI/Conversation/T_Dialogue_IconBackgroundCircle.tga 400 130 128 120> Магазин на 10 патрон
<image UI/Conversation/T_Dialogue_IconBackgroundCircle.tga 400 130 128 120> Продольно-скользящий затвор",,,ModItemInventoryItemCompositeDef FRF2 AdditionalHint
332519676407,Винтовка Мосина,,,ModItemInventoryItemCompositeDef Mosin DisplayName
155575466542,Винтовки Мосина,,,ModItemInventoryItemCompositeDef Mosin DisplayNamePlural
184716353189,"Основная винтовка советского солдата РККА во время ВОВ. Максимально стрательно была приведена к вариации СН - снят штык, загнута вниз рукоять затвора, приварено посадочное место для прицела. Однако, отсутствие маркировки на стволе выдает самозванку.",,,ModItemInventoryItemCompositeDef Mosin Description
954843079330,"<image UI/Conversation/T_Dialogue_IconBackgroundCircle.tga 400 130 128 120> Высокая дальнобойность
<image UI/Conversation/T_Dialogue_IconBackgroundCircle.tga 400 130 128 120> Нельзя поставить прицел высокой кратности
<image UI/Conversation/T_Dialogue_IconBackgroundCircle.tga 400 130 128 120> Продольно-скользящий затвор",,,ModItemInventoryItemCompositeDef Mosin AdditionalHint
490898404299,Zastava M76,,,ModItemInventoryItemCompositeDef ZastavaM76 DisplayName
992028820739,Zastava M76,,,ModItemInventoryItemCompositeDef ZastavaM76 DisplayNamePlural
900210432459,"Югославская снайперская винтовка, базируется на конструкции советского автомата Калашникова, адаптированной под существенно более мощный патрон 8мм Маузер. Для ""натянутого на глобус"" калаша стреляет неплохо, но до настоящей СВД еще далеко.",,,ModItemInventoryItemCompositeDef ZastavaM76 Description
384965650272,"<image UI/Conversation/T_Dialogue_IconBackgroundCircle.tga 400 130 128 120> Мощный патрон
<image UI/Conversation/T_Dialogue_IconBackgroundCircle.tga 400 130 128 120> Нельзя заменить прицел
<image UI/Conversation/T_Dialogue_IconBackgroundCircle.tga 400 130 128 120> Самозарядная",,,ModItemInventoryItemCompositeDef ZastavaM76 AdditionalHint
767457905117,СВД,,,ModItemInventoryItemCompositeDef DragunovSVD DisplayName
450085538742,СВД,,,ModItemInventoryItemCompositeDef DragunovSVD DisplayNamePlural
192014968211,"Не то, чем кажется на первый взгляд. Выглядит похожей на «калаш», но внутри у нее - газовый поршень короткого хода, снижающий отдачу и позволяющий точнее выполнять последующие выстрелы. Это даже не снайперская винтовка, это - высокоточное оружие поддержки на средних дистанциях.",,,ModItemInventoryItemCompositeDef DragunovSVD Description
657397646890,"<image UI/Conversation/T_Dialogue_IconBackgroundCircle.tga 400 130 128 120> Самозарядная
<image UI/Conversation/T_Dialogue_IconBackgroundCircle.tga 400 130 128 120> Поддерживает большинство прицелов
<image UI/Conversation/T_Dialogue_IconBackgroundCircle.tga 400 130 128 120> Высокая надежность",,,ModItemInventoryItemCompositeDef DragunovSVD AdditionalHint
236851493149,M24,,,ModItemInventoryItemCompositeDef M24Sniper DisplayName
642616206289,M24,,,ModItemInventoryItemCompositeDef M24Sniper DisplayNamePlural
948525225310,"Снайперская система армии США, заменившая М21 (которая, в свою очередь, базировалась на М14). Похоже, самозарядные винтовки так и не смогли обеспечить надежность и точность, которые дает старый добрый продольно-скользящий затвор.",,,ModItemInventoryItemCompositeDef M24Sniper Description
501996252394,"<image UI/Conversation/T_Dialogue_IconBackgroundCircle.tga 400 130 128 120> Поддерживает большинство прицелов
<image UI/Conversation/T_Dialogue_IconBackgroundCircle.tga 400 130 128 120> Точное и дальнобойное
<image UI/Conversation/T_Dialogue_IconBackgroundCircle.tga 400 130 128 120> Продольно-скользящий затвор",,,ModItemInventoryItemCompositeDef M24Sniper AdditionalHint
386997782094,PSG1,,,ModItemInventoryItemCompositeDef PSG1 DisplayName
329708244207,PSG1,,,ModItemInventoryItemCompositeDef PSG1 DisplayNamePlural
646462884292,"Самозарядная высокоточная винтовка, разработанная специально для полиции после Олимпиады в Мюнхене 1972 года. Конструкторы решили обойтись без механического прицела и сразу поставить оптику. Регулируемые приклад, щека приклада, спусковая группа и многое, многое другое. Всем своим видом эта винтовка кричит «Я могу хоть весь день наблюдать за захватом заложников в ожидании отмашки!».",,,ModItemInventoryItemCompositeDef PSG1 Description
733016956477,<image UI/Conversation/T_Dialogue_IconBackgroundCircle.tga 400 130 128 120> Очень высокая точность,,,ModItemInventoryItemCompositeDef PSG1 AdditionalHint
310512223442,M82,,,ModItemInventoryItemCompositeDef BarretM82 DisplayName
426533473098,M82,,,ModItemInventoryItemCompositeDef BarretM82 DisplayNamePlural
557208397047,"Патрон .50 BMG используется в тяжелых пулеметах (отсюда и название). Но что будет, если разработать на его основе самозарядное дальнобойное оружие? Правильно, вы получите прекрасную крупнокалиберную винтовку для поражения бронированных целей. Или «пушку для стрельбы сквозь стены». Впрочем, для компенсации отдачи к стволу этой дуры пришлось прикрутить дульный тормоз размером с саперную лопатку.",,,ModItemInventoryItemCompositeDef BarretM82 Description
983081130969,"<image UI/Conversation/T_Dialogue_IconBackgroundCircle.tga 400 130 128 120> Очень высокий урон
<image UI/Conversation/T_Dialogue_IconBackgroundCircle.tga 400 130 128 120> Высокая цена атаки
<image UI/Conversation/T_Dialogue_IconBackgroundCircle.tga 400 130 128 120> Дальнобойное
<image UI/Conversation/T_Dialogue_IconBackgroundCircle.tga 400 130 128 120> Громоздкое (нет бесплатного перемещения)",,,ModItemInventoryItemCompositeDef BarretM82 AdditionalHint
943405423723,Steyr Scout,,,ModItemInventoryItemCompositeDef ScoutSniper DisplayName
183417426090,Steyr Scout,,,ModItemInventoryItemCompositeDef ScoutSniper DisplayNamePlural
488490603550,"Австрийская снайперская винтовка. Оптический прицел кратности 2.5Х, установлен низко над стволом и с большим выносом вперед, что обеспечивает удобное прицеливание двумя глазами и быстрый захват цели.",,,ModItemInventoryItemCompositeDef ScoutSniper Description
148195756084,"<image UI/Conversation/T_Dialogue_IconBackgroundCircle.tga 400 130 128 120> Очень точное
<image UI/Conversation/T_Dialogue_IconBackgroundCircle.tga 400 130 128 120> Очень Дальнобойное
<image UI/Conversation/T_Dialogue_IconBackgroundCircle.tga 400 130 128 120> Продольно-скользящий затвор",,,ModItemInventoryItemCompositeDef ScoutSniper AdditionalHint
552213195349,Mac 2429,,,ModItemInventoryItemCompositeDef MAC2429 DisplayName
699873507904,Mac 2429,,,ModItemInventoryItemCompositeDef MAC2429 DisplayNamePlural
753860431473,"Французский ручной пулемет, использовавшийся французской армией во второй мировой войне. Такой небольшой опыт эксплуатации не позволил составить какое-то единое мнение о качествах оружия.",,,ModItemInventoryItemCompositeDef MAC2429 Description
950419465121,"<image UI/Conversation/T_Dialogue_IconBackgroundCircle.tga 400 130 128 120> Все еще стреляет
<image UI/Conversation/T_Dialogue_IconBackgroundCircle.tga 400 130 128 120> Легкое (Для пулемета)
<image UI/Conversation/T_Dialogue_IconBackgroundCircle.tga 400 130 128 120> Экономит патроны
<image UI/Conversation/T_Dialogue_IconBackgroundCircle.tga 400 130 128 120> Разваливается в руках",,,ModItemInventoryItemCompositeDef MAC2429 AdditionalHint
208130109185,BAR,,,ModItemInventoryItemCompositeDef BAR DisplayName
491964729306,BAR,,,ModItemInventoryItemCompositeDef BAR DisplayNamePlural
437863566700,"Джон Мозес Браунинг конечно гений, и все такой, но вот с разработкой BAR он явно опоздал. Концепция ""ружья-пулемета"", как в автомате Федорова или пулемете Гочкисса к началу 30-х годов уже безнадежно устарела, и потому BAR выглядит как неуклюжий косплей ручного пулемета, будучи слишком тяжелым для автоматической винтовки. Говорят, с тех пор американцы делать пулеметы так и не научились.",,,ModItemInventoryItemCompositeDef BAR Description
507634708705,"<image UI/Conversation/T_Dialogue_IconBackgroundCircle.tga 400 130 128 120> Все еще стреляет
<image UI/Conversation/T_Dialogue_IconBackgroundCircle.tga 400 130 128 120> Легкое (Для пулемета)
<image UI/Conversation/T_Dialogue_IconBackgroundCircle.tga 400 130 128 120> Экономит патроны
<image UI/Conversation/T_Dialogue_IconBackgroundCircle.tga 400 130 128 120> Разваливается в руках",,,ModItemInventoryItemCompositeDef BAR AdditionalHint
139415578141,ДП-27,,,ModItemInventoryItemCompositeDef DP27 DisplayName
898157383039,ДП-27,,,ModItemInventoryItemCompositeDef DP27 DisplayNamePlural
515250378427,"Ручной пулемет ДП был принят на вооружение РККА в 1927 году и стал одним из первых оружейных образцов, созданных с нуля в молодом Советском государстве. С честью прошел всю Великую Отечественную Войну и уже давно отошел от дел, но тут его нашли вы.",,,ModItemInventoryItemCompositeDef DP27 Description
314809950229,"<image UI/Conversation/T_Dialogue_IconBackgroundCircle.tga 400 130 128 120> Все еще стреляет
<image UI/Conversation/T_Dialogue_IconBackgroundCircle.tga 400 130 128 120> Легкое (Для пулемета)
<image UI/Conversation/T_Dialogue_IconBackgroundCircle.tga 400 130 128 120> Экономит патроны
<image UI/Conversation/T_Dialogue_IconBackgroundCircle.tga 400 130 128 120> Разваливается в руках",,,ModItemInventoryItemCompositeDef DP27 AdditionalHint
701162750877,MG42,,,ModItemInventoryItemCompositeDef MG42 DisplayName
309888556341,MG42,,,ModItemInventoryItemCompositeDef MG42 DisplayNamePlural
772611905636,"Благодаря невероятному темпу стрельбы MG42 позволяет максимально эффективно вести огонь на подавление. Дедушка старый, но дедушка - немец.",,,ModItemInventoryItemCompositeDef MG42 Description
767064492756,"<image UI/Conversation/T_Dialogue_IconBackgroundCircle.tga 400 130 128 120> Все еще стреляет
<image UI/Conversation/T_Dialogue_IconBackgroundCircle.tga 400 130 128 120> Громоздкое (нет бесплатного перемещения)
<image UI/Conversation/T_Dialogue_IconBackgroundCircle.tga 400 130 128 120> Расстреливает весь боекомплект за секунды
<image UI/Conversation/T_Dialogue_IconBackgroundCircle.tga 400 130 128 120> Разваливается в руках",,,ModItemInventoryItemCompositeDef MG42 AdditionalHint
675030648000,"M60 ""Свинья""",,,ModItemInventoryItemCompositeDef M60 DisplayName
140754638237,"M60 ""Свиньи""",,,ModItemInventoryItemCompositeDef M60 DisplayNamePlural
427477222608,"Американский единый пулемет, принятый на вооружение Армии и Флота США в 1957 году. Оказался не слишком удачным, что не помешало ему стать основным оружием поддержки американской пехоты в ходе войны во Вьетнаме. На безрыбье и свин - пулемет.",,,ModItemInventoryItemCompositeDef M60 Description
980935523572,"<image UI/Conversation/T_Dialogue_IconBackgroundCircle.tga 400 130 128 120> Громоздкое (нет бесплатного перемещения)
<image UI/Conversation/T_Dialogue_IconBackgroundCircle.tga 400 130 128 120> Низкая скорострельность
<image UI/Conversation/T_Dialogue_IconBackgroundCircle.tga 400 130 128 120> Имеет проблемы с надежностью",,,ModItemInventoryItemCompositeDef M60 AdditionalHint
274196971379,U100,,,ModItemInventoryItemCompositeDef U100 DisplayName
513469439741,U100,,,ModItemInventoryItemCompositeDef U100 DisplayNamePlural
612374129776,"Размышления на тему ""если автомату дать длинный ствол и большой магазин, получится переавтомат или недопулемет?"" из Сингапура. Вообще, за пулемет аргументов много - это и стрельба с заднего шептала, и сменный ствол. Питание из бубнов, конечно, но тут уж какие были ТЗ у заказчика.",,,ModItemInventoryItemCompositeDef U100 Description
994899562008,"<image UI/Conversation/T_Dialogue_IconBackgroundCircle.tga 400 130 128 120> Легкое (Для пулемета)
<image UI/Conversation/T_Dialogue_IconBackgroundCircle.tga 400 130 128 120> Имеет проблемы с надежностью
<image UI/Conversation/T_Dialogue_IconBackgroundCircle.tga 400 130 128 120> Низкая отдача",,,ModItemInventoryItemCompositeDef U100 AdditionalHint
902013148349,РПК,,,ModItemInventoryItemCompositeDef RPK DisplayName
578099858224,РПК,,,ModItemInventoryItemCompositeDef RPK DisplayNamePlural
447522836612,"Ручной пулемет, созданный на платформе АК: конструкторы поставили ствол потолще и еще несколько модификаций, чтобы РПК мог вести непрерывный огонь. Этот пулемет должен был занять роль оружия поддержки на уровне взвода, учитывая простоту использования и совместимость магазинов с остальными «калашами».",,,ModItemInventoryItemCompositeDef RPK Description
628584725425,"<image UI/Conversation/T_Dialogue_IconBackgroundCircle.tga 400 130 128 120> Легкое (Для пулемета)
<image UI/Conversation/T_Dialogue_IconBackgroundCircle.tga 400 130 128 120> Низкая скорострельность
<image UI/Conversation/T_Dialogue_IconBackgroundCircle.tga 400 130 128 120> Надежное
<image UI/Conversation/T_Dialogue_IconBackgroundCircle.tga 400 130 128 120> Пониженная отдача",,,ModItemInventoryItemCompositeDef RPK AdditionalHint
396403720354,РПД,,,ModItemInventoryItemCompositeDef RPD DisplayName
244584418958,РПД,,,ModItemInventoryItemCompositeDef RPD DisplayNamePlural
721095695459,"Ручной пулемет Дегтярева (РПД) был разработан в 1944 году под новый на тот момент патрон 7.62х39 мм. Впоследствии был заменен на РПК, но успел широко распространиться по странам соцлагеря, так что до сих пор встречается на поле боя.",,,ModItemInventoryItemCompositeDef RPD Description
364144943727,"<image UI/Conversation/T_Dialogue_IconBackgroundCircle.tga 400 130 128 120> Громоздкое (нет бесплатного перемещения)
<image UI/Conversation/T_Dialogue_IconBackgroundCircle.tga 400 130 128 120> Надежное",,,ModItemInventoryItemCompositeDef RPD AdditionalHint
686703345262,MG58,,,ModItemInventoryItemCompositeDef MG58 DisplayName
622579024401,MG58,,,ModItemInventoryItemCompositeDef MG58 DisplayNamePlural
752125656711,"Модифицированный MG42 со стволом из композитума-58, улучшенным прицелом и рядом доработок механизма. Встречайте: MG58. ",,,ModItemInventoryItemCompositeDef MG58 Description
719798581706,"<image UI/Conversation/T_Dialogue_IconBackgroundCircle.tga 400 130 128 120> Громоздкое (нет бесплатного перемещения)
<image UI/Conversation/T_Dialogue_IconBackgroundCircle.tga 400 130 128 120> MG42, но получше",,,ModItemInventoryItemCompositeDef MG58 AdditionalHint
777866477135,M60E3,,,ModItemInventoryItemCompositeDef M60E3 DisplayName
590963577850,M60E3,,,ModItemInventoryItemCompositeDef M60E3 DisplayNamePlural
196353573826,"Американский единый пулемет, принятый на вооружение Армии и Флота США в 1957 году. Оказался не слишком удачным, что не помешало ему стать основным оружием поддержки американской пехоты в ходе войны во Вьетнаме. На безрыбье и свин - пулемет.",,,ModItemInventoryItemCompositeDef M60E3 Description
804376339938,"<image UI/Conversation/T_Dialogue_IconBackgroundCircle.tga 400 130 128 120> Громоздкое (нет бесплатного перемещения)
<image UI/Conversation/T_Dialogue_IconBackgroundCircle.tga 400 130 128 120> Низкая скорострельность
<image UI/Conversation/T_Dialogue_IconBackgroundCircle.tga 400 130 128 120> Меньше затраты ОД на выстрел",,,ModItemInventoryItemCompositeDef M60E3 AdditionalHint
840628229341,M60E4,,,ModItemInventoryItemCompositeDef M60E4 DisplayName
406643195086,M60E4,,,ModItemInventoryItemCompositeDef M60E4 DisplayNamePlural
138386981108,"Последняя на данный момент попытка сделать-таки из ""свина"" нормальный единый пулемет. Но нет, М60 все так же тяжел, капризен, требователен к патронам. Это пулемет-то, требователен к патронам...",,,ModItemInventoryItemCompositeDef M60E4 Description
688401329425,"<image UI/Conversation/T_Dialogue_IconBackgroundCircle.tga 400 130 128 120> Громоздкое (нет бесплатного перемещения)
<image UI/Conversation/T_Dialogue_IconBackgroundCircle.tga 400 130 128 120> Низкая скорострельность",,,ModItemInventoryItemCompositeDef M60E4 AdditionalHint
697248384367,FN MAG,,,ModItemInventoryItemCompositeDef FNMAG DisplayName
913115834367,FN MAG,,,ModItemInventoryItemCompositeDef FNMAG DisplayNamePlural
135017474548,"Единый пулемет бельгийского производства, под патрон 7.62 NATO. Разработанный в 1950х, до сих пор является образцовым оружием. Максимальная универсальность, возможность крепления на технику, на станок, стрельбы с рук и сошек, сменный ствол. Вот только... тяжелый, падлюка.",,,ModItemInventoryItemCompositeDef FNMAG Description
571337519222,"<image UI/Conversation/T_Dialogue_IconBackgroundCircle.tga 400 130 128 120> Громоздкое (нет бесплатного перемещения)
<image UI/Conversation/T_Dialogue_IconBackgroundCircle.tga 400 130 128 120> Высокая скорострельность
<image UI/Conversation/T_Dialogue_IconBackgroundCircle.tga 400 130 128 120> Высокая дальность",,,ModItemInventoryItemCompositeDef FNMAG AdditionalHint
699539890391,РПК-74,,,ModItemInventoryItemCompositeDef RPK74 DisplayName
102234888671,РПК-74,,,ModItemInventoryItemCompositeDef RPK74 DisplayNamePlural
769935993947,Описание в сделку не входило :(,,,ModItemInventoryItemCompositeDef RPK74 Description
986143712455,"<image UI/Conversation/T_Dialogue_IconBackgroundCircle.tga 400 130 128 120> Легкое (Для пулемета)
<image UI/Conversation/T_Dialogue_IconBackgroundCircle.tga 400 130 128 120> Низкая скорострельность
<image UI/Conversation/T_Dialogue_IconBackgroundCircle.tga 400 130 128 120> Надежное
<image UI/Conversation/T_Dialogue_IconBackgroundCircle.tga 400 130 128 120> Пониженная отдача",,,ModItemInventoryItemCompositeDef RPK74 AdditionalHint
406430609148,Minimi,,,ModItemInventoryItemCompositeDef FNMinimi DisplayName
676274427399,Minimi,,,ModItemInventoryItemCompositeDef FNMinimi DisplayNamePlural
720585289259,"Пулемет Minimi под патрон 5.56 НАТО разрабатывался в качестве оружия поддержки на уровне взвода. Он настолько хорошо исполнял свою роль, что его приняли на вооружение ВС США, и теперь весь мир знает его как М249 SAW. Также существует вариант Minimi под патрон 7,62 НАТО.",,,ModItemInventoryItemCompositeDef FNMinimi Description
658020541249,"<image UI/Conversation/T_Dialogue_IconBackgroundCircle.tga 400 130 128 120> Легкое (Для пулемета)
<image UI/Conversation/T_Dialogue_IconBackgroundCircle.tga 400 130 128 120> Очень высокая скорострельность
<image UI/Conversation/T_Dialogue_IconBackgroundCircle.tga 400 130 128 120> Низкая отдача",,,ModItemInventoryItemCompositeDef FNMinimi AdditionalHint
982226088277,HK21,,,ModItemInventoryItemCompositeDef HK21 DisplayName
296685637439,HK21,,,ModItemInventoryItemCompositeDef HK21 DisplayNamePlural
138408344781,"Возьмите штурмовую винтовку и пулемет, соедините их в одно - и на выходе получите HK21. Впрочем, в отличие от многих гибридов, обе свои роли он выполняет на удивление хорошо.",,,ModItemInventoryItemCompositeDef HK21 Description
463738662923,"<image UI/Conversation/T_Dialogue_IconBackgroundCircle.tga 400 130 128 120> Легкое (Для пулемета)
<image UI/Conversation/T_Dialogue_IconBackgroundCircle.tga 400 130 128 120> Очень высокая скорострельность
<image UI/Conversation/T_Dialogue_IconBackgroundCircle.tga 400 130 128 120> Низкая отдача
<image UI/Conversation/T_Dialogue_IconBackgroundCircle.tga 400 130 128 120> Высокая точность",,,ModItemInventoryItemCompositeDef HK21 AdditionalHint
164553690051,HK23e,,,ModItemInventoryItemCompositeDef HK23e DisplayName
808491258671,HK23e,,,ModItemInventoryItemCompositeDef HK23e DisplayNamePlural
916138962648,"HK 23E - последний серийный вариант пулемета HK 21 в калибре 5.56mm NATO. Имеет удлиненную ствольную коробку и модифицированный спусковой механизм, допускающий ведение огня очередями с отсечкой по 3 выстрела.",,,ModItemInventoryItemCompositeDef HK23e Description
894589757511,"<image UI/Conversation/T_Dialogue_IconBackgroundCircle.tga 400 130 128 120> Легкое (Для пулемета)
<image UI/Conversation/T_Dialogue_IconBackgroundCircle.tga 400 130 128 120> Очень высокая скорострельность
<image UI/Conversation/T_Dialogue_IconBackgroundCircle.tga 400 130 128 120> Низкая отдача
<image UI/Conversation/T_Dialogue_IconBackgroundCircle.tga 400 130 128 120> Высокая точность",,,ModItemInventoryItemCompositeDef HK23e AdditionalHint
316346095669,ПКМ,,,ModItemInventoryItemCompositeDef PKM DisplayName
434663809021,ПКМ,,,ModItemInventoryItemCompositeDef PKM DisplayNamePlural
618303824283,"Единый пулемет советской и российской армии. Разработан в 1960-х. Может использоваться на технике, на станке, в пехотном варианте. Легче в полтора раза, чем большинство натовских пулеметов. Легенда надежности.",,,ModItemInventoryItemCompositeDef PKM Description
697265057148,"<image UI/Conversation/T_Dialogue_IconBackgroundCircle.tga 400 130 128 120> Громоздкое (нет бесплатного перемещения)
<image UI/Conversation/T_Dialogue_IconBackgroundCircle.tga 400 130 128 120> Исключительная надежность
<image UI/Conversation/T_Dialogue_IconBackgroundCircle.tga 400 130 128 120> Высокая дальность",,,ModItemInventoryItemCompositeDef PKM AdditionalHint
962741887294,M2 Browning,,,ModItemInventoryItemCompositeDef BrowningM2HMG DisplayName
403369048871,M2 Browning,,,ModItemInventoryItemCompositeDef BrowningM2HMG DisplayNamePlural
730311429139,"Когда на покупку танка денег нет, но жертвовать огневой мощью не вариант.",,,ModItemInventoryItemCompositeDef BrowningM2HMG Description
825797209582,"<image UI/Conversation/T_Dialogue_IconBackgroundCircle.tga 400 130 128 120> Стационарное оружие
<image UI/Conversation/T_Dialogue_IconBackgroundCircle.tga 400 130 128 120> Очень высокий урон
<image UI/Conversation/T_Dialogue_IconBackgroundCircle.tga 400 130 128 120> Очень шумное",,,ModItemInventoryItemCompositeDef BrowningM2HMG AdditionalHint
958980761320,Двустволка,,,ModItemInventoryItemCompositeDef DoubleBarrelShotgun DisplayName
362247337145,Двустволки,,,ModItemInventoryItemCompositeDef DoubleBarrelShotgun DisplayNamePlural
300079183563,"Простое охотничье оружие. Модные боевые дробовики могут быть самозарядными или вообще стрелять очередями, но только эта дедовская двустволка способна выстреливать по два патрона за раз. Как сказал один великий серьезный человек ""Из двух стволов стрелять в два раза веселее"".",,,ModItemInventoryItemCompositeDef DoubleBarrelShotgun Description
803974728574,"<image UI/Conversation/T_Dialogue_IconBackgroundCircle.tga 400 130 128 120> Двустволка
<image UI/Conversation/T_Dialogue_IconBackgroundCircle.tga 400 130 128 120> Может стрелять дуплетом",,,ModItemInventoryItemCompositeDef DoubleBarrelShotgun AdditionalHint
568322631068,Auto-5,,,ModItemInventoryItemCompositeDef Auto5 DisplayName
151473433799,Auto-5,,,ModItemInventoryItemCompositeDef Auto5 DisplayNamePlural
698024100144,"Первый самозарядный дробовик массового производства в мире. Кто бы мог подумать, что он станет идеальным оружием для стычек в джунглях на короткой дистанции?",,,ModItemInventoryItemCompositeDef Auto5 Description
172498628457,<image UI/Conversation/T_Dialogue_IconBackgroundCircle.tga 400 130 128 120> Самозарядный: низкая цена атаки,,,ModItemInventoryItemCompositeDef Auto5 AdditionalHint
314341924289,M1897,,,ModItemInventoryItemCompositeDef M1897 DisplayName
635909496432,M1897,,,ModItemInventoryItemCompositeDef M1897 DisplayNamePlural
908420292060,"Американцы - люди практичные, своевременно отвечающие вызовам времени. Нужно убивать врагов в окопах - выдадим солдату дробовик! У солдата кончились патроны - придадим к дробовику штык! И казалось бы, дядька пулемет давно отправил на свалку истории эти окопные мясорубки, но Легиону Гранд Чиена на занятиях политинформацией об этом рассказать забыли.",,,ModItemInventoryItemCompositeDef M1897 Description
455020895218,<image UI/Conversation/T_Dialogue_IconBackgroundCircle.tga 400 130 128 120> Помповый: высокая цена атаки,,,ModItemInventoryItemCompositeDef M1897 AdditionalHint
884743661665,Вертикалка,,,ModItemInventoryItemCompositeDef Stoeger DisplayName
299766716352,Вертикалки,,,ModItemInventoryItemCompositeDef Stoeger DisplayNamePlural
173614999924,"Бокфлинт - или двуствольное охотничье ружье ""вертикалка"". Для местных выглядит дороговасто, так что, похоже, кое-кто из иностранных туристов-охотников решил перехать в Гранд-Чиен навсегда.",,,ModItemInventoryItemCompositeDef Stoeger Description
151463192777,<image UI/Conversation/T_Dialogue_IconBackgroundCircle.tga 400 130 128 120> Помповый: высокая цена атаки,,,ModItemInventoryItemCompositeDef Stoeger AdditionalHint
158979333373,R870,,,ModItemInventoryItemCompositeDef R870 DisplayName
586410596868,R870,,,ModItemInventoryItemCompositeDef R870 DisplayNamePlural
795520427160,"Классическое ""американское"" помповое гладкоствольное ружье в охотничьей комплектации с подствольным магазином, вмещающим достаточно маленьких и злых патронов 12 калибра. Охота? Самооборона? Массовые беспорядки? Возьмите Рем, он был для этого сделан.",,,ModItemInventoryItemCompositeDef R870 Description
224384324661,<image UI/Conversation/T_Dialogue_IconBackgroundCircle.tga 400 130 128 120> Помповый: высокая цена атаки,,,ModItemInventoryItemCompositeDef R870 AdditionalHint
477319812950,Страйкер,,,ModItemInventoryItemCompositeDef Striker DisplayName
759071718742,Страйкеры,,,ModItemInventoryItemCompositeDef Striker DisplayNamePlural
411082630843,"Большой 12-ти зарядный гладкоствольный револьвер 12 калибра. ""Барабан"" неотъемный, заряжается и разряжается по одному патрону серез специальное окно, взводится вручную отдельной боевой пружиной. Получилась огромная устрашающего вида гаргалыга, весьма популярная у полицейских формирований в Африке. ",,,ModItemInventoryItemCompositeDef Striker Description
826918513106,<image UI/Conversation/T_Dialogue_IconBackgroundCircle.tga 400 130 128 120> Револьверного типа: низкая цена атаки,,,ModItemInventoryItemCompositeDef Striker AdditionalHint
748784724068,Ithaca37,,,ModItemInventoryItemCompositeDef Ithaca DisplayName
983985482936,Ithaca37,,,ModItemInventoryItemCompositeDef Ithaca DisplayNamePlural
748459940945,"Популярное некогда ружье для охоты, самообороны и даже иногда нападения. Сейчас, конечно, сдает позиции более коммерчески успешным образцам, но нет-нет да иногда где-ниубдь мелькнет. Ну вы помните, да - Идем со мной, если хочешь жить!",,,ModItemInventoryItemCompositeDef Ithaca Description
729175436095,<image UI/Conversation/T_Dialogue_IconBackgroundCircle.tga 400 130 128 120> Помповый: высокая цена атаки,,,ModItemInventoryItemCompositeDef Ithaca AdditionalHint
598127343315,M1014,,,ModItemInventoryItemCompositeDef M41Shotgun DisplayName
734968944648,M1014,,,ModItemInventoryItemCompositeDef M41Shotgun DisplayNamePlural
533710014352,"Самозарядный итальянец 12-го калибра. Благодаря неприхотливости и надежности стал любимцем как полиции, так и армии.",,,ModItemInventoryItemCompositeDef M41Shotgun Description
980342064206,"<image UI/Conversation/T_Dialogue_IconBackgroundCircle.tga 400 130 128 120> Увеличенная дальнобойность
<image UI/Conversation/T_Dialogue_IconBackgroundCircle.tga 400 130 128 120> Увеличенная эффективность прицеливания
<image UI/Conversation/T_Dialogue_IconBackgroundCircle.tga 400 130 128 120> Самозарядный: низкая цена атаки",,,ModItemInventoryItemCompositeDef M41Shotgun AdditionalHint
806477445638,SPAS-12,,,ModItemInventoryItemCompositeDef SPAS12 DisplayName
503667891235,SPAS-12,,,ModItemInventoryItemCompositeDef SPAS12 DisplayNamePlural
371856102504,"Харизматичный боевой дробовик, который участвовал, наверное, в каждом боевике 80х и 90х. Кроме запоминающегося внешнего вида примечателен еще тем, что запрещен к продаже во многих странах, включая США. К сожалению, выпуск запчастей и обслуживание имеющихся на руках у владельцев дробовиков SPAS компанией Franchi был прекращен. Рыночек. Порешал.",,,ModItemInventoryItemCompositeDef SPAS12 Description
446963667244,"<image UI/Conversation/T_Dialogue_IconBackgroundCircle.tga 400 130 128 120> Увеличенная эффективность прицеливания
<image UI/Conversation/T_Dialogue_IconBackgroundCircle.tga 400 130 128 120> Самозарядный: низкая цена атаки",,,ModItemInventoryItemCompositeDef SPAS12 AdditionalHint
691432032926,USAS12,,,ModItemInventoryItemCompositeDef USAS12 DisplayName
190616570236,USAS12,,,ModItemInventoryItemCompositeDef USAS12 DisplayNamePlural
143933161451,"Гладкоствольное боевое ружье USAS-12 разработано американцем для американцев, максимально похоже внешне на любимые ими винтовки AR-15. Для продажи в США, однако, оказалось запрещено, поэтому начало скитаться по миру, отметившись в ЮАР и в Южной Корее.",,,ModItemInventoryItemCompositeDef USAS12 Description
542084016914,<image UI/Conversation/T_Dialogue_IconBackgroundCircle.tga 400 130 128 120> Особый режим стрельбы: очередь из дробовика,,,ModItemInventoryItemCompositeDef USAS12 AdditionalHint
350925896314,AA12,,,ModItemInventoryItemCompositeDef AA12 DisplayName
616960509197,AA12,,,ModItemInventoryItemCompositeDef AA12 DisplayNamePlural
360452465782,"АА12 со своим свободным затвором больше похож на пистолет-пулемет, чем на классический дробовик. Ценится за способность вести продолжительную стрельбу благодаря довольно низкой для 12-го калибра отдаче.",,,ModItemInventoryItemCompositeDef AA12 Description
965441888238,<image UI/Conversation/T_Dialogue_IconBackgroundCircle.tga 400 130 128 120> Особый режим стрельбы: очередь из дробовика,,,ModItemInventoryItemCompositeDef AA12 AdditionalHint
783401479277,MGL,,,ModItemInventoryItemCompositeDef MGL DisplayName
294070434072,MGL,,,ModItemInventoryItemCompositeDef MGL DisplayNamePlural
792209575350,Шестизарядный револьверный гранатомет производства ЮАР. Максимально широко распространен по всему миру. Максимально широко распространяет других людей.,,,ModItemInventoryItemCompositeDef MGL Description
547614152882,"<image UI/Conversation/T_Dialogue_IconBackgroundCircle.tga 400 130 128 120> Стреляет дальнобойными 40-мм гранатами
<image UI/Conversation/T_Dialogue_IconBackgroundCircle.tga 400 130 128 120> Вероятность неудачи растет с увеличением расстояния
<image UI/Conversation/T_Dialogue_IconBackgroundCircle.tga 400 130 128 120> Громоздкое (нет бесплатного перемещения)",,,ModItemInventoryItemCompositeDef MGL AdditionalHint
967355866503,M79,,,ModItemInventoryItemCompositeDef M79 DisplayName
209035379542,M79,,,ModItemInventoryItemCompositeDef M79 DisplayNamePlural
404670832927,"Легендарный американский 40 мм пехотный гранатомет времен войны во Вьетнаме, являющийся пращуром современных ""подствольников"". На прикладе ножом в спешке вырезано ""Джонни, они на деревьях!""",,,ModItemInventoryItemCompositeDef M79 Description
614582609209,"<image UI/Conversation/T_Dialogue_IconBackgroundCircle.tga 400 130 128 120> Стреляет дальнобойными 40-мм гранатами
<image UI/Conversation/T_Dialogue_IconBackgroundCircle.tga 400 130 128 120> Вероятность неудачи растет с увеличением расстояния",,,ModItemInventoryItemCompositeDef M79 AdditionalHint
392423673121,China Lake,,,ModItemInventoryItemCompositeDef China_Lake DisplayName
153480309484,China Lake,,,ModItemInventoryItemCompositeDef China_Lake DisplayNamePlural
950218567094,Когда однозарядного 40-мм подствольного гранатомета уже не хватает. MGL предоставляет бойцу простой и эффективный способ завалить поле боя взрывчаткой - или другими типами боеприпасов.,,,ModItemInventoryItemCompositeDef China_Lake Description
829711269189,"<image UI/Conversation/T_Dialogue_IconBackgroundCircle.tga 400 130 128 120> Стреляет дальнобойными 40-мм гранатами
<image UI/Conversation/T_Dialogue_IconBackgroundCircle.tga 400 130 128 120> Вероятность неудачи растет с увеличением расстояния
<image UI/Conversation/T_Dialogue_IconBackgroundCircle.tga 400 130 128 120> Громоздкое (нет бесплатного перемещения)",,,ModItemInventoryItemCompositeDef China_Lake AdditionalHint
272796152033,Миномет,,,ModItemInventoryItemCompositeDef MortarInventoryItem DisplayName
186017172242,Минометы,,,ModItemInventoryItemCompositeDef MortarInventoryItem DisplayNamePlural
471598442971,"60 мм ротный пехотный миномет производства США. Хорошо, когда он на твоей стороне. И плохо, когда не на твоей.",,,ModItemInventoryItemCompositeDef MortarInventoryItem Description
875089606300,"<image UI/Conversation/T_Dialogue_IconBackgroundCircle.tga 400 130 128 120> После небольшой задержки обстреливает указанную область вдалеке
<image UI/Conversation/T_Dialogue_IconBackgroundCircle.tga 400 130 128 120> Громоздкое (нет бесплатного перемещения)",,,ModItemInventoryItemCompositeDef MortarInventoryItem AdditionalHint
577798069026,РПГ-7,,,ModItemInventoryItemCompositeDef RPG7 DisplayName
517779757727,РПГ-7,,,ModItemInventoryItemCompositeDef RPG7 DisplayNamePlural
871670886343,"Ручной противотанковый гранатомет. Часто, когда говорят ""гранатомет"", или ""РПГ"", имеют в виду именно РПГ-7. Снаряжается надкалиберными 40 мм гранатами, с широкой номенклатурой используемых типов боеприпасов. ",,,ModItemInventoryItemCompositeDef RPG7 Description
898554698846,"<image UI/Conversation/T_Dialogue_IconBackgroundCircle.tga 400 130 128 120> Выстреливает снаряд, летящий по прямой до цели
<image UI/Conversation/T_Dialogue_IconBackgroundCircle.tga 400 130 128 120> Наносит небольшой урон стоящим позади стрелка
<image UI/Conversation/T_Dialogue_IconBackgroundCircle.tga 400 130 128 120> Вероятность неудачи растет с увеличением расстояния
<image UI/Conversation/T_Dialogue_IconBackgroundCircle.tga 400 130 128 120> Громоздкое (нет бесплатного перемещения)",,,ModItemInventoryItemCompositeDef RPG7 AdditionalHint
136295884492,Подствол. гранатомет,,,ModItemInventoryItemCompositeDef UnderslungGrenadeLauncher DisplayName
197814872939,Подствол. гранатометы,,,ModItemInventoryItemCompositeDef UnderslungGrenadeLauncher DisplayNamePlural
571618962584,M72LAW2,,,ModItemInventoryItemCompositeDef M72LAW DisplayName
672169315924,M72LAW2,,,ModItemInventoryItemCompositeDef M72LAW DisplayNamePlural
360958891640,"Изначально разработанный как противотанковое оружие, этот реактивный гранатомет сейчас используется против легкой техники, зданий и вообще всего, что не понравится оператору установки.",,,ModItemInventoryItemCompositeDef M72LAW Description
212940999666,"<image UI/Conversation/T_Dialogue_IconBackgroundCircle.tga 400 130 128 120> Выстреливает снаряд, летящий по прямой до цели
<image UI/Conversation/T_Dialogue_IconBackgroundCircle.tga 400 130 128 120> Наносит небольшой урон стоящим позади стрелка
<image UI/Conversation/T_Dialogue_IconBackgroundCircle.tga 400 130 128 120> Вероятность неудачи растет с увеличением расстояния
<image UI/Conversation/T_Dialogue_IconBackgroundCircle.tga 400 130 128 120> Громоздкое (нет бесплатного перемещения)",,,ModItemInventoryItemCompositeDef M72LAW AdditionalHint
655835437728,Граната M24,,,ModItemInventoryItemCompositeDef FragGrenade DisplayName
768269989582,Гранаты M24,,,ModItemInventoryItemCompositeDef FragGrenade DisplayNamePlural
298542241125,<image UI/Conversation/T_Dialogue_IconBackgroundCircle.tga 400 130 128 120> Взрывается при контакте,,,ModItemInventoryItemCompositeDef FragGrenade AdditionalHint
609182030271,Граната Mk2,,,ModItemInventoryItemCompositeDef HE_Grenade DisplayName
649137351724,Гранаты Mk2,,,ModItemInventoryItemCompositeDef HE_Grenade DisplayNamePlural
945007820899,<image UI/Conversation/T_Dialogue_IconBackgroundCircle.tga 400 130 128 120> Взрывается при контакте,,,ModItemInventoryItemCompositeDef HE_Grenade AdditionalHint
148415301104,Самодельная бомба,,,ModItemInventoryItemCompositeDef PipeBomb DisplayName
329151782239,Самодельные бомбы,,,ModItemInventoryItemCompositeDef PipeBomb DisplayNamePlural
524218240083,"<image UI/Conversation/T_Dialogue_IconBackgroundCircle.tga 400 130 128 120> Взрывается через 1 ход (или 5 секунд не в бою)
<image UI/Conversation/T_Dialogue_IconBackgroundCircle.tga 400 130 128 120> Высокая вероятность неудачи
<image UI/Conversation/T_Dialogue_IconBackgroundCircle.tga 400 130 128 120> Вызывает кровотечение",,,ModItemInventoryItemCompositeDef PipeBomb AdditionalHint
405527754639,Светошумовая граната,,,ModItemInventoryItemCompositeDef ConcussiveGrenade DisplayName
803423716392,Светошумовые гранаты,,,ModItemInventoryItemCompositeDef ConcussiveGrenade DisplayNamePlural
630285959154,"<image UI/Conversation/T_Dialogue_IconBackgroundCircle.tga 400 130 128 120> Ослепляет цель
<image UI/Conversation/T_Dialogue_IconBackgroundCircle.tga 400 130 128 120> Отменяет ответный огонь и уменьшает бонусы от укрытия в центре взрыва
<image UI/Conversation/T_Dialogue_IconBackgroundCircle.tga 400 130 128 120> Почти бесшумное",,,ModItemInventoryItemCompositeDef ConcussiveGrenade AdditionalHint
218967800978,Сигнальная шашка,,,ModItemInventoryItemCompositeDef FlareStick DisplayName
949102836629,Сигнальные шашки,,,ModItemInventoryItemCompositeDef FlareStick DisplayNamePlural
454019902658,"<image UI/Conversation/T_Dialogue_IconBackgroundCircle.tga 400 130 128 120> Освещает большую территорию
<image UI/Conversation/T_Dialogue_IconBackgroundCircle.tga 400 130 128 120> Высокая вероятность неудачи
<image UI/Conversation/T_Dialogue_IconBackgroundCircle.tga 400 130 128 120> Бесшумное",,,ModItemInventoryItemCompositeDef FlareStick AdditionalHint
495856773729,ХИС,,,ModItemInventoryItemCompositeDef GlowStick DisplayName
118589876778,ХИС,,,ModItemInventoryItemCompositeDef GlowStick DisplayNamePlural
900827058123,<image UI/Conversation/T_Dialogue_IconBackgroundCircle.tga 400 130 128 120> Освещает небольшую область,,,ModItemInventoryItemCompositeDef GlowStick AdditionalHint
197087230194,Коктейль Молотова,,,ModItemInventoryItemCompositeDef Molotov DisplayName
524402783050,Коктейли Молотова,,,ModItemInventoryItemCompositeDef Molotov DisplayNamePlural
736312499226,"<image UI/Conversation/T_Dialogue_IconBackgroundCircle.tga 400 130 128 120> Воспламеняет место попадания и вызывает у целей <color EmStyle>горение</color>
<image UI/Conversation/T_Dialogue_IconBackgroundCircle.tga 400 130 128 120> Высокая вероятность неудачи",,,ModItemInventoryItemCompositeDef Molotov AdditionalHint
446034504724,Дымовая граната,,,ModItemInventoryItemCompositeDef SmokeGrenade DisplayName
190533794124,Дымовые гранаты,,,ModItemInventoryItemCompositeDef SmokeGrenade DisplayNamePlural
325306443953,"<image UI/Conversation/T_Dialogue_IconBackgroundCircle.tga 400 130 128 120> Выстрелы, совершенные сквозь облака газа, дают лишь <color EmStyle>незначительные попадания</color>
<image UI/Conversation/T_Dialogue_IconBackgroundCircle.tga 400 130 128 120> Не наносит урона
<image UI/Conversation/T_Dialogue_IconBackgroundCircle.tga 400 130 128 120> Почти бесшумна",,,ModItemInventoryItemCompositeDef SmokeGrenade AdditionalHint
315230093872,Граната со слез. газом,,,ModItemInventoryItemCompositeDef TearGasGrenade DisplayName
633125038262,Гранаты со слез. газом,,,ModItemInventoryItemCompositeDef TearGasGrenade DisplayNamePlural
382594599351,"<image UI/Conversation/T_Dialogue_IconBackgroundCircle.tga 400 130 128 120> Вызывает <color EmStyle>слепоту</color>
<image UI/Conversation/T_Dialogue_IconBackgroundCircle.tga 400 130 128 120> Выстрелы, совершенные сквозь облака газа, дают лишь <color EmStyle>незначительные попадания</color>
<image UI/Conversation/T_Dialogue_IconBackgroundCircle.tga 400 130 128 120> Не наносит урона
<image UI/Conversation/T_Dialogue_IconBackgroundCircle.tga 400 130 128 120> Высокая вероятность неудачи
<image UI/Conversation/T_Dialogue_IconBackgroundCircle.tga 400 130 128 120> Почти бесшумна",,,ModItemInventoryItemCompositeDef TearGasGrenade AdditionalHint
436531901276,Граната с горч. газом,,,ModItemInventoryItemCompositeDef ToxicGasGrenade DisplayName
267116155278,Гранаты с горч. газом,,,ModItemInventoryItemCompositeDef ToxicGasGrenade DisplayNamePlural
414268723845,"<image UI/Conversation/T_Dialogue_IconBackgroundCircle.tga 400 130 128 120> Вызывает <color EmStyle>удушье</color>
<image UI/Conversation/T_Dialogue_IconBackgroundCircle.tga 400 130 128 120> Выстрелы, совершенные сквозь облака газа, дают лишь незначительные попадания
<image UI/Conversation/T_Dialogue_IconBackgroundCircle.tga 400 130 128 120> Высокая вероятность неудачи
<image UI/Conversation/T_Dialogue_IconBackgroundCircle.tga 400 130 128 120> Почти бесшумна",,,ModItemInventoryItemCompositeDef ToxicGasGrenade AdditionalHint
536506055069,Кумулятивный заряд,,,ModItemInventoryItemCompositeDef ShapedCharge DisplayName
861935678411,Кумулятивные заряды,,,ModItemInventoryItemCompositeDef ShapedCharge DisplayNamePlural
761371985583,"<image UI/Conversation/T_Dialogue_IconBackgroundCircle.tga 400 130 128 120> Наносит урон по сектору
<image UI/Conversation/T_Dialogue_IconBackgroundCircle.tga 400 130 128 120> Высокая вероятность неудачи при использовании всеми, кроме Барри",,,ModItemInventoryItemCompositeDef ShapedCharge AdditionalHint
573574630952,Бесконтактная С4,,,ModItemInventoryItemCompositeDef ProximityC4 DisplayName
966111007120,Бесконтактная С4,,,ModItemInventoryItemCompositeDef ProximityC4 DisplayNamePlural
224655812511,"<image UI/Conversation/T_Dialogue_IconBackgroundCircle.tga 400 130 128 120> Взрывается, когда враг подходит к заряду на близкое расстояние",,,ModItemInventoryItemCompositeDef ProximityC4 AdditionalHint
668842547393,Бесконтактная ТЭН,,,ModItemInventoryItemCompositeDef ProximityPETN DisplayName
810980081250,Бесконтактная ТЭН,,,ModItemInventoryItemCompositeDef ProximityPETN DisplayNamePlural
779499077536,"<image UI/Conversation/T_Dialogue_IconBackgroundCircle.tga 400 130 128 120> Взрывается, когда враг подходит к заряду на близкое расстояние",,,ModItemInventoryItemCompositeDef ProximityPETN AdditionalHint
546129123767,Бесконтактный динамит,,,ModItemInventoryItemCompositeDef ProximityTNT DisplayName
164266712269,Бесконтактный динамит,,,ModItemInventoryItemCompositeDef ProximityTNT DisplayNamePlural
375890319557,"<image UI/Conversation/T_Dialogue_IconBackgroundCircle.tga 400 130 128 120> Взрывается, когда враг подходит к заряду на близкое расстояние
<image UI/Conversation/T_Dialogue_IconBackgroundCircle.tga 400 130 128 120> Высокая вероятность неудачи",,,ModItemInventoryItemCompositeDef ProximityTNT AdditionalHint
106465708989,Дистанционная С4,,,ModItemInventoryItemCompositeDef RemoteC4 DisplayName
737598528656,Дистанционная С4,,,ModItemInventoryItemCompositeDef RemoteC4 DisplayNamePlural
368779185982,<image UI/Conversation/T_Dialogue_IconBackgroundCircle.tga 400 130 128 120> Заряд подрывается с помощью пульта ДУ,,,ModItemInventoryItemCompositeDef RemoteC4 AdditionalHint
945988577801,Дистанционная ТЭН,,,ModItemInventoryItemCompositeDef RemotePETN DisplayName
515991700974,Дистанционная ТЭН,,,ModItemInventoryItemCompositeDef RemotePETN DisplayNamePlural
712990303092,<image UI/Conversation/T_Dialogue_IconBackgroundCircle.tga 400 130 128 120> Заряд подрывается с помощью пульта ДУ,,,ModItemInventoryItemCompositeDef RemotePETN AdditionalHint
891971466367,Дистанционный динамит,,,ModItemInventoryItemCompositeDef RemoteTNT DisplayName
782975012753,Дистанционный динамит,,,ModItemInventoryItemCompositeDef RemoteTNT DisplayNamePlural
343392841621,"<image UI/Conversation/T_Dialogue_IconBackgroundCircle.tga 400 130 128 120> Заряд подрывается с помощью пульта ДУ
<image UI/Conversation/T_Dialogue_IconBackgroundCircle.tga 400 130 128 120> Высокая вероятность неудачи",,,ModItemInventoryItemCompositeDef RemoteTNT AdditionalHint
298565110615,C4 с таймером,,,ModItemInventoryItemCompositeDef TimedC4 DisplayName
694094414952,C4 с таймером,,,ModItemInventoryItemCompositeDef TimedC4 DisplayNamePlural
377890721582,<image UI/Conversation/T_Dialogue_IconBackgroundCircle.tga 400 130 128 120> Взрывается через 1 ход (или 5 секунд не в бою),,,ModItemInventoryItemCompositeDef TimedC4 AdditionalHint
889962003949,ТЭН с таймером,,,ModItemInventoryItemCompositeDef TimedPETN DisplayName
187370715048,ТЭН с таймером,,,ModItemInventoryItemCompositeDef TimedPETN DisplayNamePlural
370089653766,<image UI/Conversation/T_Dialogue_IconBackgroundCircle.tga 400 130 128 120> Взрывается через 1 ход (или 5 секунд не в бою),,,ModItemInventoryItemCompositeDef TimedPETN AdditionalHint
308754319774,Динамит с таймером,,,ModItemInventoryItemCompositeDef TimedTNT DisplayName
244565831872,Динамит с таймером,,,ModItemInventoryItemCompositeDef TimedTNT DisplayNamePlural
319393461447,"<image UI/Conversation/T_Dialogue_IconBackgroundCircle.tga 400 130 128 120> Взрывается через 1 ход (или 5 секунд не в бою)
<image UI/Conversation/T_Dialogue_IconBackgroundCircle.tga 400 130 128 120> Высокая вероятность неудачи",,,ModItemInventoryItemCompositeDef TimedTNT AdditionalHint
776245354326,Порох,,,ModItemInventoryItemCompositeDef BlackPowder DisplayName
131934501209,Порох,,,ModItemInventoryItemCompositeDef BlackPowder DisplayNamePlural
819392598605,<image UI/Conversation/T_Dialogue_IconBackgroundCircle.tga 400 130 128 120> Используется в ходе операций «Изготовление боеприпасов» и «Изготовление взрывчатки»,,,ModItemInventoryItemCompositeDef BlackPowder AdditionalHint
261791014009,C4,,,ModItemInventoryItemCompositeDef C4 DisplayName
659974065772,C4,,,ModItemInventoryItemCompositeDef C4 DisplayNamePlural
929865197331,"<image UI/Conversation/T_Dialogue_IconBackgroundCircle.tga 400 130 128 120> Добавьте взрыватель, чтобы создать взрывчатку",,,ModItemInventoryItemCompositeDef C4 AdditionalHint
789560186675,ТЭН,,,ModItemInventoryItemCompositeDef PETN DisplayName
271611614190,ТЭНы,,,ModItemInventoryItemCompositeDef PETN DisplayNamePlural
445218344705,"Мощная пластическая взрывчатка, используется как в подрывных зарядах, так и в военных целях.",,,ModItemInventoryItemCompositeDef PETN Description
107625797163,"<image UI/Conversation/T_Dialogue_IconBackgroundCircle.tga 400 130 128 120> Добавьте взрыватель, чтобы создать взрывчатку",,,ModItemInventoryItemCompositeDef PETN AdditionalHint
796529325237,Динамит,,,ModItemInventoryItemCompositeDef TNT DisplayName
330747403655,Динамит,,,ModItemInventoryItemCompositeDef TNT DisplayNamePlural
375818950565,Излюбленная палочка-выручалочка американских железнодорожных рабочих и усатых злодеев. С такой шашкой любой выйдет в дамки.,,,ModItemInventoryItemCompositeDef TNT Description
457192558117,"<image UI/Conversation/T_Dialogue_IconBackgroundCircle.tga 400 130 128 120> Добавьте взрыватель, чтобы создать взрывчатку
<image UI/Conversation/T_Dialogue_IconBackgroundCircle.tga 400 130 128 120> Увеличенный радиус взрыва",,,ModItemInventoryItemCompositeDef TNT AdditionalHint
344905687776,Ракетница,,,ModItemInventoryItemCompositeDef FlareHandgun DisplayName
631592446607,Ракетницы,,,ModItemInventoryItemCompositeDef FlareHandgun DisplayNamePlural
241987901372,"Казнозарядный однозарядный пистолет, которым можно освещать территорию.",,,ModItemInventoryItemCompositeDef FlareHandgun Description
311577126814,"<image UI/Conversation/T_Dialogue_IconBackgroundCircle.tga 400 130 128 120> Освещает большую территорию
<image UI/Conversation/T_Dialogue_IconBackgroundCircle.tga 400 130 128 120> Увеличенная дальность действия
<image UI/Conversation/T_Dialogue_IconBackgroundCircle.tga 400 130 128 120> Бесшумное",,,ModItemInventoryItemCompositeDef FlareHandgun AdditionalHint
704834094751,Люгер,,,ModItemInventoryItemCompositeDef Luger DisplayName
719960765889,Люгер,,,ModItemInventoryItemCompositeDef Luger DisplayNamePlural
572064744120,"""Пионер"" от мира  полуавтоматических пистолетов, кроме собственно распространения полуавтоматических пистолетов, послуживший принятию на вооружение патрона 9мм Люгер/Парабеллум. Para bellum! Всегда Para bellum!
",,,ModItemInventoryItemCompositeDef Luger Description
783134416438,"<image UI/Conversation/T_Dialogue_IconBackgroundCircle.tga 400 130 128 120> Все еще стреляет
<image UI/Conversation/T_Dialogue_IconBackgroundCircle.tga 400 130 128 120> Высокая степень износа",,,ModItemInventoryItemCompositeDef Luger AdditionalHint
320173593066,P-210,,,ModItemInventoryItemCompositeDef P210 DisplayName
291420794714,P-210,,,ModItemInventoryItemCompositeDef P210 DisplayNamePlural
963721256610,"Самый дорогой военный пистолет в мире, самый точный военный пистолет в мире, самый надежный военный пистолет в мире. Нельзя сказать, что самый редкий военный пистолет в мире, но стремится к этому.",,,ModItemInventoryItemCompositeDef P210 Description
976735915893,<image UI/Conversation/T_Dialogue_IconBackgroundCircle.tga 400 130 128 120> Очень точный,,,ModItemInventoryItemCompositeDef P210 AdditionalHint
472938144513,Пистолет Макарова,,,ModItemInventoryItemCompositeDef Makarov DisplayName
803043991672,Пистолеты Макарова,,,ModItemInventoryItemCompositeDef Makarov DisplayNamePlural
659328508756,"Самый известный советский и российский пистолет. В современных реалиях его принято ругать, но чаще всего это делают те, кто стреляет разве что в монстров с экрана монитора.",,,ModItemInventoryItemCompositeDef Makarov Description
785449724773,"<image UI/Conversation/T_Dialogue_IconBackgroundCircle.tga 400 130 128 120> Уменьшенные затраты ОД на выстрел
<image UI/Conversation/T_Dialogue_IconBackgroundCircle.tga 400 130 128 120> Низкая дальность
<image UI/Conversation/T_Dialogue_IconBackgroundCircle.tga 400 130 128 120> Высокая надежность",,,ModItemInventoryItemCompositeDef Makarov AdditionalHint
510119854079,Пистолет ТТ,,,ModItemInventoryItemCompositeDef TT33 DisplayName
728100128183,Пистолеты ТТ,,,ModItemInventoryItemCompositeDef TT33 DisplayNamePlural
726149375733,"Пистолет ""Тульский-Токарева"" представляет собой очередную вариацию схемы Браунинга на избитую советскую тему ""у нас есть куча патронов на складах, нужно оружие для них"".",,,ModItemInventoryItemCompositeDef TT33 Description
571439313102,"<image UI/Conversation/T_Dialogue_IconBackgroundCircle.tga 400 130 128 120> Высокая дальность
<image UI/Conversation/T_Dialogue_IconBackgroundCircle.tga 400 130 128 120>Низкая точность
<image UI/Conversation/T_Dialogue_IconBackgroundCircle.tga 400 130 128 120> Шумное
<image UI/Conversation/T_Dialogue_IconBackgroundCircle.tga 400 130 128 120> Повышенная бронебойность",,,ModItemInventoryItemCompositeDef TT33 AdditionalHint
927282311721,Hi-Power,,,ModItemInventoryItemCompositeDef HiPower DisplayName
122137713178,Hi-Power,,,ModItemInventoryItemCompositeDef HiPower DisplayNamePlural
915279079403,"Если 1911 - это прадедушка всех пистолетов в мире, то Хай-Пауэр - это их двоюродный дедушка. Считается одним из самых безопасных пистолетов в мире из-за  наличия одинарного УСМ, которое исключает выстрел без предварительного взвода курка.",,,ModItemInventoryItemCompositeDef HiPower Description
505635634084,"<image UI/Conversation/T_Dialogue_IconBackgroundCircle.tga 400 130 128 120> Надежность
 ",,,ModItemInventoryItemCompositeDef HiPower AdditionalHint
863043384355,Colt M1911,,,ModItemInventoryItemCompositeDef Colt1911 DisplayName
381984809233,Colt M1911,,,ModItemInventoryItemCompositeDef Colt1911 DisplayNamePlural
206207782261,"Дедушка недавно отметил 100-летний юбилей, но уходить куда-то вовсе не собирается, пока, дословно ""не изобретут эти ваши лазеры-шмазеры и световые мечи"".",,,ModItemInventoryItemCompositeDef Colt1911 Description
315430552037,"<image UI/Conversation/T_Dialogue_IconBackgroundCircle.tga 400 130 128 120> Высокий урон
<image UI/Conversation/T_Dialogue_IconBackgroundCircle.tga 400 130 128 120> Низкая дальность
<image UI/Conversation/T_Dialogue_IconBackgroundCircle.tga 400 130 128 120> Низкая точность
<image UI/Conversation/T_Dialogue_IconBackgroundCircle.tga 400 130 128 120> Высокий шанс критического попадания
<image UI/Conversation/T_Dialogue_IconBackgroundCircle.tga 400 130 128 120> Повышенная надежность
",,,ModItemInventoryItemCompositeDef Colt1911 AdditionalHint
411305012012,Peacemaker,,,ModItemInventoryItemCompositeDef ColtPeacemaker DisplayName
445220783823,Peacemaker,,,ModItemInventoryItemCompositeDef ColtPeacemaker DisplayNamePlural
804677695220,"Старый, заслуженный револьвер одинарного действия, разработанный для армии США. Главное, носите c пустой каморой под курком, если не хотите лишиться ноги.",,,ModItemInventoryItemCompositeDef ColtPeacemaker Description
114077101009,"<image UI/Conversation/T_Dialogue_IconBackgroundCircle.tga 400 130 128 120> Высокий урон
<image UI/Conversation/T_Dialogue_IconBackgroundCircle.tga 400 130 128 120> Высокая дальность
<image UI/Conversation/T_Dialogue_IconBackgroundCircle.tga 400 130 128 120> Повышенная износоустойчивость
<image UI/Conversation/T_Dialogue_IconBackgroundCircle.tga 400 130 128 120> Больше ОД на выстрел
<image UI/Conversation/T_Dialogue_IconBackgroundCircle.tga 400 130 128 120> Повышенный шанс критического попадания
<image UI/Conversation/T_Dialogue_IconBackgroundCircle.tga 400 130 128 120> Издает много шума",,,ModItemInventoryItemCompositeDef ColtPeacemaker AdditionalHint
677175678570,Beretta 92F,,,ModItemInventoryItemCompositeDef Bereta92 DisplayName
378100936052,Beretta 92F,,,ModItemInventoryItemCompositeDef Bereta92 DisplayNamePlural
564195486051,"Личное оружие, заменившее легендарный «Кольт» М1911. Выдержать сравнение с ним, конечно, было нелегко, но итальянец справился.",,,ModItemInventoryItemCompositeDef Bereta92 Description
623805935751,"<image UI/Conversation/T_Dialogue_IconBackgroundCircle.tga 400 130 128 120> Высокая точность
<image UI/Conversation/T_Dialogue_IconBackgroundCircle.tga 400 130 128 120> Издаёт меньше шума
<image UI/Conversation/T_Dialogue_IconBackgroundCircle.tga 400 130 128 120> Возможность модификаций",,,ModItemInventoryItemCompositeDef Bereta92 AdditionalHint
547142671119,CZ75,,,ModItemInventoryItemCompositeDef CZ75 DisplayName
553074570440,CZ75,,,ModItemInventoryItemCompositeDef CZ75 DisplayNamePlural
150199524789,"Спортивный, боевой, полицейский, гражданский пистолет из Чехии. Практически, победитель оружейного ""Евровидения"", но первое место принадлежит тому, кого нельзя называть. Иначе придется его купить.",,,ModItemInventoryItemCompositeDef CZ75 Description
875428474979,"<image UI/Conversation/T_Dialogue_IconBackgroundCircle.tga 400 130 128 120> Высокая точность
<image UI/Conversation/T_Dialogue_IconBackgroundCircle.tga 400 130 128 120> Увеличенная надежность",,,ModItemInventoryItemCompositeDef CZ75 AdditionalHint
409584918894,P-220,,,ModItemInventoryItemCompositeDef P220 DisplayName
752923196329,P-220,,,ModItemInventoryItemCompositeDef P220 DisplayNamePlural
327801915077,"Если вам требуется хороший пистолет, первым в очереди из претендентов всегда будет стоять пистолет из Швейцарии. Там принято делать простое и надежное оружие. Конечно, там еще принято делать простое и надежное дорогое оружие, но для себя не жаль никаких денег.",,,ModItemInventoryItemCompositeDef P220 Description
150993121809,"<image UI/Conversation/T_Dialogue_IconBackgroundCircle.tga 400 130 128 120> Высокий урон
<image UI/Conversation/T_Dialogue_IconBackgroundCircle.tga 400 130 128 120> Низкая дальность
<image UI/Conversation/T_Dialogue_IconBackgroundCircle.tga 400 130 128 120> Высокий шанс критического попадания
<image UI/Conversation/T_Dialogue_IconBackgroundCircle.tga 400 130 128 120> Повышенная надежность
<image UI/Conversation/T_Dialogue_IconBackgroundCircle.tga 400 130 128 120>
Возможность модификаций",,,ModItemInventoryItemCompositeDef P220 AdditionalHint
693156635485,Anaconda,,,ModItemInventoryItemCompositeDef ColtAnaconda DisplayName
562209051476,Anaconda,,,ModItemInventoryItemCompositeDef ColtAnaconda DisplayNamePlural
172482275676,Самовзводный револьвер с откидным барабаном. Обеспечивает высокую надежность и убойную силу с каждым выстрелом.,,,ModItemInventoryItemCompositeDef ColtAnaconda Description
773436991899,"<image UI/Conversation/T_Dialogue_IconBackgroundCircle.tga 400 130 128 120> Огромный урон
<image UI/Conversation/T_Dialogue_IconBackgroundCircle.tga 400 130 128 120> Высокая дальность
<image UI/Conversation/T_Dialogue_IconBackgroundCircle.tga 400 130 128 120> Повышенная износоустойчивость
<image UI/Conversation/T_Dialogue_IconBackgroundCircle.tga 400 130 128 120> Больше ОД на выстрел
<image UI/Conversation/T_Dialogue_IconBackgroundCircle.tga 400 130 128 120> Повышенный шанс критического попадания
<image UI/Conversation/T_Dialogue_IconBackgroundCircle.tga 400 130 128 120> Издает много шума",,,ModItemInventoryItemCompositeDef ColtAnaconda AdditionalHint
515886328950,"MP-446 ""Викинг""",,,ModItemInventoryItemCompositeDef MP446VIKING DisplayName
989276624426,"MP-446 ""Викинг""",,,ModItemInventoryItemCompositeDef MP446VIKING DisplayNamePlural
454858898004,"Гражданская и спортивная версия российского армейского пистолета Ярыгина. Само по себе словосочетание ""гражданский пистолет в России"" выглядит насмешкой над предполагаемыми пользователями оружия, но на экспорт-то продавать его никто не запрещает.",,,ModItemInventoryItemCompositeDef MP446VIKING Description
960079046417,"<image UI/Conversation/T_Dialogue_IconBackgroundCircle.tga 400 130 128 120> Высокая точность
<image UI/Conversation/T_Dialogue_IconBackgroundCircle.tga 400 130 128 120> Высокая надежность
<image UI/Conversation/T_Dialogue_IconBackgroundCircle.tga 400 130 128 120> Возможность модификаций",,,ModItemInventoryItemCompositeDef MP446VIKING AdditionalHint
417318901044,USP45 Tactical,,,ModItemInventoryItemCompositeDef USP45 DisplayName
666350790597,USP45 Tactical,,,ModItemInventoryItemCompositeDef USP45 DisplayNamePlural
329319380258,"Пистолет с грубыми формами, но с тонкой душевной организацией. Одних только вариантов УСМ, в зависимости от места службы, может быть более дюжины. Прочен, как будто сделан из адамантия.",,,ModItemInventoryItemCompositeDef USP45 Description
968429927407,"<image UI/Conversation/T_Dialogue_IconBackgroundCircle.tga 400 130 128 120> Высокий урон
<image UI/Conversation/T_Dialogue_IconBackgroundCircle.tga 400 130 128 120> Высокая точность
<image UI/Conversation/T_Dialogue_IconBackgroundCircle.tga 400 130 128 120> Высокий шанс критического попадания
<image UI/Conversation/T_Dialogue_IconBackgroundCircle.tga 400 130 128 120> Повышенная надежность
<image UI/Conversation/T_Dialogue_IconBackgroundCircle.tga 400 130 128 120>
Возможность модификаций",,,ModItemInventoryItemCompositeDef USP45 AdditionalHint
549717730517,Пистолет Стечкина,,,ModItemInventoryItemCompositeDef APS DisplayName
410813394383,Пистолеты Стечкина,,,ModItemInventoryItemCompositeDef APS DisplayNamePlural
543086616381,"Маленькая ручная гаубица. Большой и серьезный советский пистолет, для офицеров, экипажей техники, артиллеристов и прочих, кому пистолета мало, а автомат не положен.",,,ModItemInventoryItemCompositeDef APS Description
897110959641,"<image UI/Conversation/T_Dialogue_IconBackgroundCircle.tga 400 130 128 120>Издает меньше шума
<image UI/Conversation/T_Dialogue_IconBackgroundCircle.tga 400 130 128 120>
Низкий урон
<image UI/Conversation/T_Dialogue_IconBackgroundCircle.tga 400 130 128 120> Особый режим стрельбы: короткая очередь",,,ModItemInventoryItemCompositeDef APS AdditionalHint
142770727621,P-226,,,ModItemInventoryItemCompositeDef P226 DisplayName
427897655498,P-226,,,ModItemInventoryItemCompositeDef P226 DisplayNamePlural
115371789254,"Простой, точный и надежный, как швейцарские часы, парень очень хотел стать новым пистолетом для американской армии. Конкурс он проиграл, но не расстроился и занял оружейные почти всех остальных силовых структур Европы и США.",,,ModItemInventoryItemCompositeDef P226 Description
971988288008,"<image UI/Conversation/T_Dialogue_IconBackgroundCircle.tga 400 130 128 120> Высокая точность
<image UI/Conversation/T_Dialogue_IconBackgroundCircle.tga 400 130 128 120> Возможность модификаций",,,ModItemInventoryItemCompositeDef P226 AdditionalHint
120153069878,Desert Eagle,,,ModItemInventoryItemCompositeDef DesertEagle DisplayName
165368759897,Desert Eagle,,,ModItemInventoryItemCompositeDef DesertEagle DisplayNamePlural
563760976125,"Все знают про Desert Eagle калибра .50, но ствол калибра .44 делает эту «ручную пушку» чуть более практичной и доступной.",,,ModItemInventoryItemCompositeDef DesertEagle Description
444673154869,"<image UI/Conversation/T_Dialogue_IconBackgroundCircle.tga 400 130 128 120> Огромный урон
<image UI/Conversation/T_Dialogue_IconBackgroundCircle.tga 400 130 128 120> Очень шумное",,,ModItemInventoryItemCompositeDef DesertEagle AdditionalHint
210211612688,Glock 18,,,ModItemInventoryItemCompositeDef Glock18 DisplayName
862510322879,Glock 18,,,ModItemInventoryItemCompositeDef Glock18 DisplayNamePlural
634361704985,Glock 17 с переключателем в режим безудержного веселья и встроенным компенсатором. Автоматическая игрушка под патрон 9x19мм!,,,ModItemInventoryItemCompositeDef Glock18 Description
664492877766,<image UI/Conversation/T_Dialogue_IconBackgroundCircle.tga 400 130 128 120> Особый режим стрельбы: короткая очередь,,,ModItemInventoryItemCompositeDef Glock18 AdditionalHint
559232803436,Именной револьвер,,,ModItemInventoryItemCompositeDef TexRevolver DisplayName
510396898173,Именные револьверы,,,ModItemInventoryItemCompositeDef TexRevolver DisplayNamePlural
663001995652,"Изготовленный на заказ револьвер с удлинённым стволом, рукояткой из слоновой кости и гравировкой золотыми буквами: «ТЕКС».",,,ModItemInventoryItemCompositeDef TexRevolver Description
974174516689,"<image UI/Conversation/T_Dialogue_IconBackgroundCircle.tga 400 130 128 120> Высокий шанс критического попадания
<image UI/Conversation/T_Dialogue_IconBackgroundCircle.tga 400 130 128 120> Увеличенная эффективность прицеливания
<image UI/Conversation/T_Dialogue_IconBackgroundCircle.tga 400 130 128 120> Повышенная износоустойчивость",,,ModItemInventoryItemCompositeDef TexRevolver AdditionalHint
617756641922,РШ-12,,,ModItemInventoryItemCompositeDef HighCalRev DisplayName
706260049893,РШ-12,,,ModItemInventoryItemCompositeDef HighCalRev DisplayNamePlural
556068509129,"РШ-12 (револьвер штурмовой калибра 12 мм) - слонобой из Тулы, под патрон ШАК-12. По идее, нужен для того, чтоб с гарантией останавливать террористов в любых возможных средствах защиты при попадании в любую часть тела. Даже в палец на ноге.",,,ModItemInventoryItemCompositeDef HighCalRev Description
860962613242,"<image UI/Conversation/T_Dialogue_IconBackgroundCircle.tga 400 130 128 120> Огромный урон
<image UI/Conversation/T_Dialogue_IconBackgroundCircle.tga 400 130 128 120> Повышенная бронебойность
<image UI/Conversation/T_Dialogue_IconBackgroundCircle.tga 400 130 128 120> Повышенная износоустойчивость",,,ModItemInventoryItemCompositeDef HighCalRev AdditionalHint
704834094751,Люгер,,,ModItemInventoryItemCompositeDef Luger DisplayName
719960765889,Люгер,,,ModItemInventoryItemCompositeDef Luger DisplayNamePlural
572064744120,"""Пионер"" от мира  полуавтоматических пистолетов, кроме собственно распространения полуавтоматических пистолетов, послуживший принятию на вооружение патрона 9мм Люгер/Парабеллум. Para bellum! Всегда Para bellum!
",,,ModItemInventoryItemCompositeDef Luger Description
783134416438,"<image UI/Conversation/T_Dialogue_IconBackgroundCircle.tga 400 130 128 120> Все еще стреляет
<image UI/Conversation/T_Dialogue_IconBackgroundCircle.tga 400 130 128 120> Высокая степень износа",,,ModItemInventoryItemCompositeDef Luger AdditionalHint
320173593066,P-210,,,ModItemInventoryItemCompositeDef P210 DisplayName
291420794714,P-210,,,ModItemInventoryItemCompositeDef P210 DisplayNamePlural
963721256610,"Самый дорогой военный пистолет в мире, самый точный военный пистолет в мире, самый надежный военный пистолет в мире. Нельзя сказать, что самый редкий военный пистолет в мире, но стремится к этому.",,,ModItemInventoryItemCompositeDef P210 Description
976735915893,<image UI/Conversation/T_Dialogue_IconBackgroundCircle.tga 400 130 128 120> Очень точный,,,ModItemInventoryItemCompositeDef P210 AdditionalHint
472938144513,Пистолет Макарова,,,ModItemInventoryItemCompositeDef Makarov DisplayName
803043991672,Пистолеты Макарова,,,ModItemInventoryItemCompositeDef Makarov DisplayNamePlural
659328508756,"Самый известный советский и российский пистолет. В современных реалиях его принято ругать, но чаще всего это делают те, кто стреляет разве что в монстров с экрана монитора.",,,ModItemInventoryItemCompositeDef Makarov Description
785449724773,"<image UI/Conversation/T_Dialogue_IconBackgroundCircle.tga 400 130 128 120> Уменьшенные затраты ОД на выстрел
<image UI/Conversation/T_Dialogue_IconBackgroundCircle.tga 400 130 128 120> Низкая дальность
<image UI/Conversation/T_Dialogue_IconBackgroundCircle.tga 400 130 128 120> Высокая надежность",,,ModItemInventoryItemCompositeDef Makarov AdditionalHint
510119854079,Пистолет ТТ,,,ModItemInventoryItemCompositeDef TT33 DisplayName
728100128183,Пистолеты ТТ,,,ModItemInventoryItemCompositeDef TT33 DisplayNamePlural
726149375733,"Пистолет ""Тульский-Токарева"" представляет собой очередную вариацию схемы Браунинга на избитую советскую тему ""у нас есть куча патронов на складах, нужно оружие для них"".",,,ModItemInventoryItemCompositeDef TT33 Description
571439313102,"<image UI/Conversation/T_Dialogue_IconBackgroundCircle.tga 400 130 128 120> Высокая дальность
<image UI/Conversation/T_Dialogue_IconBackgroundCircle.tga 400 130 128 120>Низкая точность
<image UI/Conversation/T_Dialogue_IconBackgroundCircle.tga 400 130 128 120> Шумное
<image UI/Conversation/T_Dialogue_IconBackgroundCircle.tga 400 130 128 120> Повышенная бронебойность",,,ModItemInventoryItemCompositeDef TT33 AdditionalHint
927282311721,Hi-Power,,,ModItemInventoryItemCompositeDef HiPower DisplayName
122137713178,Hi-Power,,,ModItemInventoryItemCompositeDef HiPower DisplayNamePlural
915279079403,"Если 1911 - это прадедушка всех пистолетов в мире, то Хай-Пауэр - это их двоюродный дедушка. Считается одним из самых безопасных пистолетов в мире из-за  наличия одинарного УСМ, которое исключает выстрел без предварительного взвода курка.",,,ModItemInventoryItemCompositeDef HiPower Description
505635634084,"<image UI/Conversation/T_Dialogue_IconBackgroundCircle.tga 400 130 128 120> Надежность
 ",,,ModItemInventoryItemCompositeDef HiPower AdditionalHint
863043384355,Colt M1911,,,ModItemInventoryItemCompositeDef Colt1911 DisplayName
381984809233,Colt M1911,,,ModItemInventoryItemCompositeDef Colt1911 DisplayNamePlural
206207782261,"Дедушка недавно отметил 100-летний юбилей, но уходить куда-то вовсе не собирается, пока, дословно ""не изобретут эти ваши лазеры-шмазеры и световые мечи"".",,,ModItemInventoryItemCompositeDef Colt1911 Description
315430552037,"<image UI/Conversation/T_Dialogue_IconBackgroundCircle.tga 400 130 128 120> Высокий урон
<image UI/Conversation/T_Dialogue_IconBackgroundCircle.tga 400 130 128 120> Низкая дальность
<image UI/Conversation/T_Dialogue_IconBackgroundCircle.tga 400 130 128 120> Низкая точность
<image UI/Conversation/T_Dialogue_IconBackgroundCircle.tga 400 130 128 120> Высокий шанс критического попадания
<image UI/Conversation/T_Dialogue_IconBackgroundCircle.tga 400 130 128 120> Повышенная надежность
",,,ModItemInventoryItemCompositeDef Colt1911 AdditionalHint
411305012012,Peacemaker,,,ModItemInventoryItemCompositeDef ColtPeacemaker DisplayName
445220783823,Peacemaker,,,ModItemInventoryItemCompositeDef ColtPeacemaker DisplayNamePlural
804677695220,"Старый, заслуженный револьвер одинарного действия, разработанный для армии США. Главное, носите c пустой каморой под курком, если не хотите лишиться ноги.",,,ModItemInventoryItemCompositeDef ColtPeacemaker Description
114077101009,"<image UI/Conversation/T_Dialogue_IconBackgroundCircle.tga 400 130 128 120> Высокий урон
<image UI/Conversation/T_Dialogue_IconBackgroundCircle.tga 400 130 128 120> Высокая дальность
<image UI/Conversation/T_Dialogue_IconBackgroundCircle.tga 400 130 128 120> Повышенная износоустойчивость
<image UI/Conversation/T_Dialogue_IconBackgroundCircle.tga 400 130 128 120> Больше ОД на выстрел
<image UI/Conversation/T_Dialogue_IconBackgroundCircle.tga 400 130 128 120> Повышенный шанс критического попадания
<image UI/Conversation/T_Dialogue_IconBackgroundCircle.tga 400 130 128 120> Издает много шума",,,ModItemInventoryItemCompositeDef ColtPeacemaker AdditionalHint
677175678570,Beretta 92F,,,ModItemInventoryItemCompositeDef Bereta92 DisplayName
378100936052,Beretta 92F,,,ModItemInventoryItemCompositeDef Bereta92 DisplayNamePlural
564195486051,"Личное оружие, заменившее легендарный «Кольт» М1911. Выдержать сравнение с ним, конечно, было нелегко, но итальянец справился.",,,ModItemInventoryItemCompositeDef Bereta92 Description
623805935751,"<image UI/Conversation/T_Dialogue_IconBackgroundCircle.tga 400 130 128 120> Высокая точность
<image UI/Conversation/T_Dialogue_IconBackgroundCircle.tga 400 130 128 120> Издаёт меньше шума
<image UI/Conversation/T_Dialogue_IconBackgroundCircle.tga 400 130 128 120> Возможность модификаций",,,ModItemInventoryItemCompositeDef Bereta92 AdditionalHint
547142671119,CZ75,,,ModItemInventoryItemCompositeDef CZ75 DisplayName
553074570440,CZ75,,,ModItemInventoryItemCompositeDef CZ75 DisplayNamePlural
150199524789,"Спортивный, боевой, полицейский, гражданский пистолет из Чехии. Практически, победитель оружейного ""Евровидения"", но первое место принадлежит тому, кого нельзя называть. Иначе придется его купить.",,,ModItemInventoryItemCompositeDef CZ75 Description
875428474979,"<image UI/Conversation/T_Dialogue_IconBackgroundCircle.tga 400 130 128 120> Высокая точность
<image UI/Conversation/T_Dialogue_IconBackgroundCircle.tga 400 130 128 120> Увеличенная надежность",,,ModItemInventoryItemCompositeDef CZ75 AdditionalHint
409584918894,P-220,,,ModItemInventoryItemCompositeDef P220 DisplayName
752923196329,P-220,,,ModItemInventoryItemCompositeDef P220 DisplayNamePlural
327801915077,"Если вам требуется хороший пистолет, первым в очереди из претендентов всегда будет стоять пистолет из Швейцарии. Там принято делать простое и надежное оружие. Конечно, там еще принято делать простое и надежное дорогое оружие, но для себя не жаль никаких денег.",,,ModItemInventoryItemCompositeDef P220 Description
150993121809,"<image UI/Conversation/T_Dialogue_IconBackgroundCircle.tga 400 130 128 120> Высокий урон
<image UI/Conversation/T_Dialogue_IconBackgroundCircle.tga 400 130 128 120> Низкая дальность
<image UI/Conversation/T_Dialogue_IconBackgroundCircle.tga 400 130 128 120> Высокий шанс критического попадания
<image UI/Conversation/T_Dialogue_IconBackgroundCircle.tga 400 130 128 120> Повышенная надежность
<image UI/Conversation/T_Dialogue_IconBackgroundCircle.tga 400 130 128 120>
Возможность модификаций",,,ModItemInventoryItemCompositeDef P220 AdditionalHint
693156635485,Anaconda,,,ModItemInventoryItemCompositeDef ColtAnaconda DisplayName
562209051476,Anaconda,,,ModItemInventoryItemCompositeDef ColtAnaconda DisplayNamePlural
172482275676,Самовзводный револьвер с откидным барабаном. Обеспечивает высокую надежность и убойную силу с каждым выстрелом.,,,ModItemInventoryItemCompositeDef ColtAnaconda Description
773436991899,"<image UI/Conversation/T_Dialogue_IconBackgroundCircle.tga 400 130 128 120> Огромный урон
<image UI/Conversation/T_Dialogue_IconBackgroundCircle.tga 400 130 128 120> Высокая дальность
<image UI/Conversation/T_Dialogue_IconBackgroundCircle.tga 400 130 128 120> Повышенная износоустойчивость
<image UI/Conversation/T_Dialogue_IconBackgroundCircle.tga 400 130 128 120> Больше ОД на выстрел
<image UI/Conversation/T_Dialogue_IconBackgroundCircle.tga 400 130 128 120> Повышенный шанс критического попадания
<image UI/Conversation/T_Dialogue_IconBackgroundCircle.tga 400 130 128 120> Издает много шума",,,ModItemInventoryItemCompositeDef ColtAnaconda AdditionalHint
515886328950,"MP-446 ""Викинг""",,,ModItemInventoryItemCompositeDef MP446VIKING DisplayName
989276624426,"MP-446 ""Викинг""",,,ModItemInventoryItemCompositeDef MP446VIKING DisplayNamePlural
454858898004,"Гражданская и спортивная версия российского армейского пистолета Ярыгина. Само по себе словосочетание ""гражданский пистолет в России"" выглядит насмешкой над предполагаемыми пользователями оружия, но на экспорт-то продавать его никто не запрещает.",,,ModItemInventoryItemCompositeDef MP446VIKING Description
960079046417,"<image UI/Conversation/T_Dialogue_IconBackgroundCircle.tga 400 130 128 120> Высокая точность
<image UI/Conversation/T_Dialogue_IconBackgroundCircle.tga 400 130 128 120> Высокая надежность
<image UI/Conversation/T_Dialogue_IconBackgroundCircle.tga 400 130 128 120> Возможность модификаций",,,ModItemInventoryItemCompositeDef MP446VIKING AdditionalHint
417318901044,USP45 Tactical,,,ModItemInventoryItemCompositeDef USP45 DisplayName
666350790597,USP45 Tactical,,,ModItemInventoryItemCompositeDef USP45 DisplayNamePlural
329319380258,"Пистолет с грубыми формами, но с тонкой душевной организацией. Одних только вариантов УСМ, в зависимости от места службы, может быть более дюжины. Прочен, как будто сделан из адамантия.",,,ModItemInventoryItemCompositeDef USP45 Description
968429927407,"<image UI/Conversation/T_Dialogue_IconBackgroundCircle.tga 400 130 128 120> Высокий урон
<image UI/Conversation/T_Dialogue_IconBackgroundCircle.tga 400 130 128 120> Высокая точность
<image UI/Conversation/T_Dialogue_IconBackgroundCircle.tga 400 130 128 120> Высокий шанс критического попадания
<image UI/Conversation/T_Dialogue_IconBackgroundCircle.tga 400 130 128 120> Повышенная надежность
<image UI/Conversation/T_Dialogue_IconBackgroundCircle.tga 400 130 128 120>
Возможность модификаций",,,ModItemInventoryItemCompositeDef USP45 AdditionalHint
549717730517,Пистолет Стечкина,,,ModItemInventoryItemCompositeDef APS DisplayName
410813394383,Пистолеты Стечкина,,,ModItemInventoryItemCompositeDef APS DisplayNamePlural
543086616381,"Маленькая ручная гаубица. Большой и серьезный советский пистолет, для офицеров, экипажей техники, артиллеристов и прочих, кому пистолета мало, а автомат не положен.",,,ModItemInventoryItemCompositeDef APS Description
897110959641,"<image UI/Conversation/T_Dialogue_IconBackgroundCircle.tga 400 130 128 120>Издает меньше шума
<image UI/Conversation/T_Dialogue_IconBackgroundCircle.tga 400 130 128 120>
Низкий урон
<image UI/Conversation/T_Dialogue_IconBackgroundCircle.tga 400 130 128 120> Особый режим стрельбы: короткая очередь",,,ModItemInventoryItemCompositeDef APS AdditionalHint
142770727621,P-226,,,ModItemInventoryItemCompositeDef P226 DisplayName
427897655498,P-226,,,ModItemInventoryItemCompositeDef P226 DisplayNamePlural
115371789254,"Простой, точный и надежный, как швейцарские часы, парень очень хотел стать новым пистолетом для американской армии. Конкурс он проиграл, но не расстроился и занял оружейные почти всех остальных силовых структур Европы и США.",,,ModItemInventoryItemCompositeDef P226 Description
971988288008,"<image UI/Conversation/T_Dialogue_IconBackgroundCircle.tga 400 130 128 120> Высокая точность
<image UI/Conversation/T_Dialogue_IconBackgroundCircle.tga 400 130 128 120> Возможность модификаций",,,ModItemInventoryItemCompositeDef P226 AdditionalHint
120153069878,Desert Eagle,,,ModItemInventoryItemCompositeDef DesertEagle DisplayName
165368759897,Desert Eagle,,,ModItemInventoryItemCompositeDef DesertEagle DisplayNamePlural
563760976125,"Все знают про Desert Eagle калибра .50, но ствол калибра .44 делает эту «ручную пушку» чуть более практичной и доступной.",,,ModItemInventoryItemCompositeDef DesertEagle Description
444673154869,"<image UI/Conversation/T_Dialogue_IconBackgroundCircle.tga 400 130 128 120> Огромный урон
<image UI/Conversation/T_Dialogue_IconBackgroundCircle.tga 400 130 128 120> Очень шумное",,,ModItemInventoryItemCompositeDef DesertEagle AdditionalHint
210211612688,Glock 18,,,ModItemInventoryItemCompositeDef Glock18 DisplayName
862510322879,Glock 18,,,ModItemInventoryItemCompositeDef Glock18 DisplayNamePlural
634361704985,Glock 17 с переключателем в режим безудержного веселья и встроенным компенсатором. Автоматическая игрушка под патрон 9x19мм!,,,ModItemInventoryItemCompositeDef Glock18 Description
664492877766,<image UI/Conversation/T_Dialogue_IconBackgroundCircle.tga 400 130 128 120> Особый режим стрельбы: короткая очередь,,,ModItemInventoryItemCompositeDef Glock18 AdditionalHint
559232803436,Именной револьвер,,,ModItemInventoryItemCompositeDef TexRevolver DisplayName
510396898173,Именные револьверы,,,ModItemInventoryItemCompositeDef TexRevolver DisplayNamePlural
663001995652,"Изготовленный на заказ револьвер с удлинённым стволом, рукояткой из слоновой кости и гравировкой золотыми буквами: «ТЕКС».",,,ModItemInventoryItemCompositeDef TexRevolver Description
974174516689,"<image UI/Conversation/T_Dialogue_IconBackgroundCircle.tga 400 130 128 120> Высокий шанс критического попадания
<image UI/Conversation/T_Dialogue_IconBackgroundCircle.tga 400 130 128 120> Увеличенная эффективность прицеливания
<image UI/Conversation/T_Dialogue_IconBackgroundCircle.tga 400 130 128 120> Повышенная износоустойчивость",,,ModItemInventoryItemCompositeDef TexRevolver AdditionalHint
617756641922,РШ-12,,,ModItemInventoryItemCompositeDef HighCalRev DisplayName
706260049893,РШ-12,,,ModItemInventoryItemCompositeDef HighCalRev DisplayNamePlural
556068509129,"РШ-12 (револьвер штурмовой калибра 12 мм) - слонобой из Тулы, под патрон ШАК-12. По идее, нужен для того, чтоб с гарантией останавливать террористов в любых возможных средствах защиты при попадании в любую часть тела. Даже в палец на ноге.",,,ModItemInventoryItemCompositeDef HighCalRev Description
860962613242,"<image UI/Conversation/T_Dialogue_IconBackgroundCircle.tga 400 130 128 120> Огромный урон
<image UI/Conversation/T_Dialogue_IconBackgroundCircle.tga 400 130 128 120> Повышенная бронебойность
<image UI/Conversation/T_Dialogue_IconBackgroundCircle.tga 400 130 128 120> Повышенная износоустойчивость",,,ModItemInventoryItemCompositeDef HighCalRev AdditionalHint
193299812125,ОТКЛЮЧЕНО,,,ModItemInventoryItemCompositeDef M4Commando DisplayName
828429373198,ОТКЛЮЧЕНО,,,ModItemInventoryItemCompositeDef M4Commando DisplayNamePlural
939555928344,"Вопрос: как можно сделать короткоствольную М16 оружием, а не карикатурой? Ответ: снизить дульную скорость пули и раздуть до неприличия дульное пламя.",,,ModItemInventoryItemCompositeDef M4Commando Description
205844701500,"<image UI/Conversation/T_Dialogue_IconBackgroundCircle.tga 400 130 128 120> Высокий шанс критического попадания
<image UI/Conversation/T_Dialogue_IconBackgroundCircle.tga 400 130 128 120> Увеличенная эффективность прицеливания",,,ModItemInventoryItemCompositeDef M4Commando AdditionalHint
321635945358,ОТКЛЮЧЕНО,,,ModItemInventoryItemCompositeDef MP5 DisplayName
657029377157,ОТКЛЮЧЕНО,,,ModItemInventoryItemCompositeDef MP5 DisplayNamePlural
495034108842,"Пистолет-пулемет, которым пользуются контртеррористические подразделения и спецотряды полиции по всему миру. С момента выхода в серию в 60-х годах MP5 успел повидать многое, но широкая доступность бронежилетов и пистолетный 9-мм патрон постепенно снизили его популярность.",,,ModItemInventoryItemCompositeDef MP5 Description
149925825321,"<image UI/Conversation/T_Dialogue_IconBackgroundCircle.tga 400 130 128 120> Увеличенная эффективность прицеливания
<image UI/Conversation/T_Dialogue_IconBackgroundCircle.tga 400 130 128 120> Издает меньше шума",,,ModItemInventoryItemCompositeDef MP5 AdditionalHint
787452739468,MP40,,,ModItemInventoryItemCompositeDef MP40 DisplayName
363525428890,MP40,,,ModItemInventoryItemCompositeDef MP40 DisplayNamePlural
621982039992,"Изначально разработанный для использования экипажами техники и десантниками, MP40 раскрыл свои лучшие качества надежного пистолета-пулемета в городских боях на Восточном фронте.",,,ModItemInventoryItemCompositeDef MP40 Description
644572751350,"<image UI/Conversation/T_Dialogue_IconBackgroundCircle.tga 400 130 128 120> Все ещё стреляет
<image UI/Conversation/T_Dialogue_IconBackgroundCircle.tga 400 130 128 120> Нет режима одиночной стрельбы
<image UI/Conversation/T_Dialogue_IconBackgroundCircle.tga 400 130 128 120> Ужасная надежность",,,ModItemInventoryItemCompositeDef MP40 AdditionalHint
169713333931,MAT-49,,,ModItemInventoryItemCompositeDef MAT49 DisplayName
523082419536,MAT-49,,,ModItemInventoryItemCompositeDef MAT49 DisplayNamePlural
932390860938,"Небольшой послевоенный французский автомат, широко распространенный в бывших французких колониях. Ничем особо примечательным не выделяется, нареканий особых тоже не имеет. Стреляет, и ладно.",,,ModItemInventoryItemCompositeDef MAT49 Description
726286866597,"<image UI/Conversation/T_Dialogue_IconBackgroundCircle.tga 400 130 128 120> Все ещё стреляет
<image UI/Conversation/T_Dialogue_IconBackgroundCircle.tga 400 130 128 120> Нет режима одиночной стрельбы
<image UI/Conversation/T_Dialogue_IconBackgroundCircle.tga 400 130 128 120> Ужасная надежность
<image UI/Conversation/T_Dialogue_IconBackgroundCircle.tga 400 130 128 120> Складной приклад",,,ModItemInventoryItemCompositeDef MAT49 AdditionalHint
473162338946,Thompson,,,ModItemInventoryItemCompositeDef Thompson DisplayName
712662464738,Thompsons,,,ModItemInventoryItemCompositeDef Thompson DisplayNamePlural
842085544580,"Пистолет Пулемет Томпсона несет в себе черты автоматов периода ПМВ - большое количество фрезеровки, полусвободный затвор, большая масса и ручная подгонка движущихся деталей. На фоне куда более технологичных автоматов ВОВ он уже выглядит устаревшим. Пока не снесет голову врага в стальной каске на дистанции сто метров. Каску конечно, не пробьет, но врагу от этого не легче.",,,ModItemInventoryItemCompositeDef Thompson Description
228005640947,"<image UI/Conversation/T_Dialogue_IconBackgroundCircle.tga 400 130 128 120> Мощный патрон
<image UI/Conversation/T_Dialogue_IconBackgroundCircle.tga 400 130 128 120> Низкая точность и дальность
<image UI/Conversation/T_Dialogue_IconBackgroundCircle.tga 400 130 128 120> Высокая отдача",,,ModItemInventoryItemCompositeDef Thompson AdditionalHint
481180063149,ППШ,,,ModItemInventoryItemCompositeDef PPSH DisplayName
900550828699,ППШ,,,ModItemInventoryItemCompositeDef PPSH DisplayNamePlural
628689609225,ППШ-41 (Пистолет-Пулемет конструкции Шпагина) был создан в 1941 году для замены более сложного и дорогого ППД-40. В этом же году принят на вооружение РККА. Впоследствии же стал символом доблести советского солдата и победы советского народа над фашизмом.,,,ModItemInventoryItemCompositeDef PPSH Description
221572340460,"<image UI/Conversation/T_Dialogue_IconBackgroundCircle.tga 400 130 128 120> Повышенная пробиваемость
<image UI/Conversation/T_Dialogue_IconBackgroundCircle.tga 400 130 128 120> Высокая надежность
<image UI/Conversation/T_Dialogue_IconBackgroundCircle.tga 400 130 128 120> Скорострельное
<image UI/Conversation/T_Dialogue_IconBackgroundCircle.tga 400 130 128 120> Высокая отдача",,,ModItemInventoryItemCompositeDef PPSH AdditionalHint
902957434744,M3 Grease Gun,,,ModItemInventoryItemCompositeDef M3GreaseGun DisplayName
140291351568,M3 Grease Guns,,,ModItemInventoryItemCompositeDef M3GreaseGun DisplayNamePlural
485763682877,"Когда в условиях войны фрезеровать Томпсоны становится чересчур дорого, ВПК начинает выдавать вот таких вот ублюдков. А вы ""ноктюрн сыграть смогли бы"" на автоматах из водопроводных труб?",,,ModItemInventoryItemCompositeDef M3GreaseGun Description
258180319002,"<image UI/Conversation/T_Dialogue_IconBackgroundCircle.tga 400 130 128 120> Мощный патрон
<image UI/Conversation/T_Dialogue_IconBackgroundCircle.tga 400 130 128 120> Низкая точность и дальность
<image UI/Conversation/T_Dialogue_IconBackgroundCircle.tga 400 130 128 120> Высокая отдача",,,ModItemInventoryItemCompositeDef M3GreaseGun AdditionalHint
198919457888,Scorpion,,,ModItemInventoryItemCompositeDef Scorpion DisplayName
312837278431,Scorpion,,,ModItemInventoryItemCompositeDef Scorpion DisplayNamePlural
502222074243,Маленький и удаленький чехословацкий автомат под советский пистолетный 9мм патрон. Оказался крайне удачным в использовании в контртеррористических операциях.,,,ModItemInventoryItemCompositeDef Scorpion Description
893730995058,"<image UI/Conversation/T_Dialogue_IconBackgroundCircle.tga 400 130 128 120> Одноручное
<image UI/Conversation/T_Dialogue_IconBackgroundCircle.tga 400 130 128 120> Меньше ОД на выстрел
<image UI/Conversation/T_Dialogue_IconBackgroundCircle.tga 400 130 128 120> Складной приклад",,,ModItemInventoryItemCompositeDef Scorpion AdditionalHint
726134413334,Аграм 2000,,,ModItemInventoryItemCompositeDef Agram2000 DisplayName
661287929383,Аграмы 2000,,,ModItemInventoryItemCompositeDef Agram2000 DisplayNamePlural
340646006235,"Хорватский автомат Аграм 2000 был разработан в 1990-х годах и активно применялся при дроблении на части Югославии. О ""нечестной"" направленности автомата говорит отсутствие приклада и заложенная в конструкцию интеграция съемного глушителя. Несколько этих автоматов без номеров и регистрационных документов расползлось по миру и до сих пор активно используются криминальными элементами.",,,ModItemInventoryItemCompositeDef Agram2000 Description
833638272906,"<image UI/Conversation/T_Dialogue_IconBackgroundCircle.tga 400 130 128 120> Уменьшенная отдача
<image UI/Conversation/T_Dialogue_IconBackgroundCircle.tga 400 130 128 120> Можно поставить глушитель",,,ModItemInventoryItemCompositeDef Agram2000 AdditionalHint
868089921205,Микро Узи,,,ModItemInventoryItemCompositeDef MicroUZI DisplayName
947084271008,Микро Узи,,,ModItemInventoryItemCompositeDef MicroUZI DisplayNamePlural
325911851470,"Максимально компактный и скорострельный израильский пистолет-пулемет. На тот случай, если вы должны кому-то ",,,ModItemInventoryItemCompositeDef MicroUZI Description
679045485002,"<image UI/Conversation/T_Dialogue_IconBackgroundCircle.tga 400 130 128 120> Сниженная эффективность прицеливания
<image UI/Conversation/T_Dialogue_IconBackgroundCircle.tga 400 130 128 120> Одноручное
<image UI/Conversation/T_Dialogue_IconBackgroundCircle.tga 400 130 128 120> Возможности модификаций
<image UI/Conversation/T_Dialogue_IconBackgroundCircle.tga 400 130 128 120> Скорострельное",,,ModItemInventoryItemCompositeDef MicroUZI AdditionalHint
993393399551,Walther MP,,,ModItemInventoryItemCompositeDef MPL DisplayName
961812581941,Walther MP,,,ModItemInventoryItemCompositeDef MPL DisplayNamePlural
942904375361,"Пистолет-пулемет Вальтер MPL имеет вполне удачную конструкцию со свободным затвором с применением штамповки деталей. Сразу видно, что конструкторами был принят во внимание опыт ВОВ. Однако, потенциальными пользователями тоже был принят во внимание опыт ВОВ и оружие под маркой ""Вальтер"" просто не имело никакого шанса на успех на рынке.",,,ModItemInventoryItemCompositeDef MPL Description
397724688397,"<image UI/Conversation/T_Dialogue_IconBackgroundCircle.tga 400 130 128 120> 3 Уровня прицеливания
<image UI/Conversation/T_Dialogue_IconBackgroundCircle.tga 400 130 128 120> Дальнобойное
<image UI/Conversation/T_Dialogue_IconBackgroundCircle.tga 400 130 128 120> Точное",,,ModItemInventoryItemCompositeDef MPL AdditionalHint
789532948949,Carl Gustaf M/45,,,ModItemInventoryItemCompositeDef M45 DisplayName
764261258029,Carl Gustaf M/45,,,ModItemInventoryItemCompositeDef M45 DisplayNamePlural
809856419402,"Этот автомат хоть и выглядит, как продукт инженерии военного времени, сделанный из водопроводной трубы и листового металла, простоял на вооружении армии Швеции вплоть до начала 20-го века. И повезло ему, что пришлось просто стоять.",,,ModItemInventoryItemCompositeDef M45 Description
661795074855,"<image UI/Conversation/T_Dialogue_IconBackgroundCircle.tga 400 130 128 120> Дальнобойное
<image UI/Conversation/T_Dialogue_IconBackgroundCircle.tga 400 130 128 120> Нет режима одиночной стрельбы
<image UI/Conversation/T_Dialogue_IconBackgroundCircle.tga 400 130 128 120> Точное",,,ModItemInventoryItemCompositeDef M45 AdditionalHint
185407889358,Стерлинг,,,ModItemInventoryItemCompositeDef Sterling DisplayName
636793946418,СТЕРЛИНГ,,,ModItemInventoryItemCompositeDef Sterling DisplayNamePlural
759530976138,"Поздневоенный и послевоенный британский автомат. Характерной чертой автомата является примыкаемый сбоку магазин, за который он и удерживается при стрельбе, что удобно в походе, но неудобно в бою. В целом, неплохой автомат. С учетом того, что британский.",,,ModItemInventoryItemCompositeDef Sterling Description
950841016492,"<image UI/Conversation/T_Dialogue_IconBackgroundCircle.tga 400 130 128 120> Увеличенная эффективность прицеливания
<image UI/Conversation/T_Dialogue_IconBackgroundCircle.tga 400 130 128 120> Издает меньше шума",,,ModItemInventoryItemCompositeDef Sterling AdditionalHint
391751892917,Узи Полноразмерный,,,ModItemInventoryItemCompositeDef UZI DisplayName
424882408911,Узи Полноразмерные,,,ModItemInventoryItemCompositeDef UZI DisplayNamePlural
632264645927,"Пистолет-пулемет, разработанный в Израиле как персональное оружие самообороны для солдат тылового эшелона. Задумывался для ведения стрельбы с упором в плечо, однако нередко используется и просто одной рукой. Обладает высокой скорострельностью, но и удручающе высоким рассеиванием.",,,ModItemInventoryItemCompositeDef UZI Description
698984398036,"<image UI/Conversation/T_Dialogue_IconBackgroundCircle.tga 400 130 128 120> 3 уровня прицеливания
<image UI/Conversation/T_Dialogue_IconBackgroundCircle.tga 400 130 128 120> Повышенная точность
<image UI/Conversation/T_Dialogue_IconBackgroundCircle.tga 400 130 128 120> Возможность модификаций",,,ModItemInventoryItemCompositeDef UZI AdditionalHint
184981707001,MAC-10,,,ModItemInventoryItemCompositeDef MAC10 DisplayName
790234829366,MAC-10,,,ModItemInventoryItemCompositeDef MAC10 DisplayNamePlural
230832569888,"Компактный скорострельный американский автомат, сделанный под влиянием УЗИ. Его качества делают его максимально удобным для действий в замкнутых пространствах, заполненных людьми. Например, при захвате заложников в самолете. В смысле, освобождении захваченного самолета.",,,ModItemInventoryItemCompositeDef MAC10 Description
427939571492,"<image UI/Conversation/T_Dialogue_IconBackgroundCircle.tga 400 130 128 120> Одноручное
<image UI/Conversation/T_Dialogue_IconBackgroundCircle.tga 400 130 128 120> Скорострельное
<image UI/Conversation/T_Dialogue_IconBackgroundCircle.tga 400 130 128 120> Мощный патрон",,,ModItemInventoryItemCompositeDef MAC10 AdditionalHint
482604551368,Беретта М12,,,ModItemInventoryItemCompositeDef BerettaM12 DisplayName
914795190661,Беретты М12,,,ModItemInventoryItemCompositeDef BerettaM12 DisplayNamePlural
332274886199,"Хороший итальянский послевоенный пистолет-пулемет, вобравший в себя весь накопленный в ходе ВМВ опыт. Может похвастаться отличной точностью и надежностью при использовании в широком круге условий.",,,ModItemInventoryItemCompositeDef BerettaM12 Description
534785601448,"<image UI/Conversation/T_Dialogue_IconBackgroundCircle.tga 400 130 128 120> 3 Уровня прицеливания
<image UI/Conversation/T_Dialogue_IconBackgroundCircle.tga 400 130 128 120> Дальнобойное
<image UI/Conversation/T_Dialogue_IconBackgroundCircle.tga 400 130 128 120> Точное",,,ModItemInventoryItemCompositeDef BerettaM12 AdditionalHint
472594736106,Spectre M4,,,ModItemInventoryItemCompositeDef SpectreM4 DisplayName
743117893776,Spectre M4,,,ModItemInventoryItemCompositeDef SpectreM4 DisplayNamePlural
980756310608,"Оружие для сил специального назначения и борьбы с терроризмом. Курковый спусковой механизм ""двойного действия"" (прям как на револьверах, ага) обеспечивает безопасное ношение оружия с патроном в патроннике без необходимости досыла патрона в случае контакта с противником.",,,ModItemInventoryItemCompositeDef SpectreM4 Description
686934458674,"<image UI/Conversation/T_Dialogue_IconBackgroundCircle.tga 400 130 128 120> 3 Уровня прицеливания
<image UI/Conversation/T_Dialogue_IconBackgroundCircle.tga 400 130 128 120> Дальнобойное
<image UI/Conversation/T_Dialogue_IconBackgroundCircle.tga 400 130 128 120> Точное",,,ModItemInventoryItemCompositeDef SpectreM4 AdditionalHint
864076976423,TMP,,,ModItemInventoryItemCompositeDef TMP DisplayName
514833691659,TMP,,,ModItemInventoryItemCompositeDef TMP DisplayNamePlural
151160598254,"Современный маленький да удаленький ПП австрийского производства. Изготовлен из высокопрочных полимеров, и является очень удобным оружием, хорошо контролируемым при автоматической стрельбе",,,ModItemInventoryItemCompositeDef TMP Description
760441240658,"<image UI/Conversation/T_Dialogue_IconBackgroundCircle.tga 400 130 128 120> Увеличенная эффективность прицеливания
<image UI/Conversation/T_Dialogue_IconBackgroundCircle.tga 400 130 128 120> Издает меньше шума",,,ModItemInventoryItemCompositeDef TMP AdditionalHint
436154392218,MP5A2,,,ModItemInventoryItemCompositeDef MP5A2 DisplayName
299572078802,MP5A2,,,ModItemInventoryItemCompositeDef MP5A2 DisplayNamePlural
272866610540,"Устаревший вариант немецкого автомата MP5, с УСМ без отсечки стрельбы по три выстрела. Один из самых распространенных полицейских автоматов в мире до сих пор. Отличный выбор для специальных операций любого толка, тысячи обезвреженных террористов по всему миру не дадут соврать.",,,ModItemInventoryItemCompositeDef MP5A2 Description
168963467782,"<image UI/Conversation/T_Dialogue_IconBackgroundCircle.tga 400 130 128 120> 3 Уровня прицеливания
<image UI/Conversation/T_Dialogue_IconBackgroundCircle.tga 400 130 128 120> Дальнобойное
<image UI/Conversation/T_Dialogue_IconBackgroundCircle.tga 400 130 128 120> Точное
<image UI/Conversation/T_Dialogue_IconBackgroundCircle.tga 400 130 128 120> Отсечка по 3 патрона",,,ModItemInventoryItemCompositeDef MP5A2 AdditionalHint
806873565594,MP5K,,,ModItemInventoryItemCompositeDef MP5K DisplayName
709911598309,MP5K,,,ModItemInventoryItemCompositeDef MP5K DisplayNamePlural
534479356961,"Максимально укороченная версия MP5, созданная для боя на ближних дистанциях и самообороны. Для него даже есть специальный чехол-чемоданчик со спусковым крючком в ручке - на случай секретных операций.",,,ModItemInventoryItemCompositeDef MP5K Description
821868937694,"<image UI/Conversation/T_Dialogue_IconBackgroundCircle.tga 400 130 128 120> Сниженная эффективность прицеливания
<image UI/Conversation/T_Dialogue_IconBackgroundCircle.tga 400 130 128 120> Одноручное
<image UI/Conversation/T_Dialogue_IconBackgroundCircle.tga 400 130 128 120> Возможности модификаций
<image UI/Conversation/T_Dialogue_IconBackgroundCircle.tga 400 130 128 120> Скорострельное",,,ModItemInventoryItemCompositeDef MP5K AdditionalHint
116569856434,MP5A4,,,ModItemInventoryItemCompositeDef MP5A4 DisplayName
486538188387,MP5A4,,,ModItemInventoryItemCompositeDef MP5A4 DisplayNamePlural
708501432695,"Современный вариант автомата MP5, допускающий стрельбу как с отсечкой по три выстрела, так и полностью автоматический огонь. Все остальное осталось практически без изменений, автомат сразу хорошим получился.",,,ModItemInventoryItemCompositeDef MP5A4 Description
397260753978,"<image UI/Conversation/T_Dialogue_IconBackgroundCircle.tga 400 130 128 120> 3 Уровня прицеливания
<image UI/Conversation/T_Dialogue_IconBackgroundCircle.tga 400 130 128 120> Дальнобойное
<image UI/Conversation/T_Dialogue_IconBackgroundCircle.tga 400 130 128 120> Точное
<image UI/Conversation/T_Dialogue_IconBackgroundCircle.tga 400 130 128 120> Возможность модификаций",,,ModItemInventoryItemCompositeDef MP5A4 AdditionalHint
561734855744,UMP45,,,ModItemInventoryItemCompositeDef UMP45 DisplayName
911384756792,UMP45,,,ModItemInventoryItemCompositeDef UMP45 DisplayNamePlural
768168562835,"Современный немецкий пистолет-пулемет на основе узлов винтовки G36, но со свободным затвором. Тяжеловат, но ухватист и хорошо контролируется при стрельбе очередями. ",,,ModItemInventoryItemCompositeDef UMP45 Description
254123453451,"<image UI/Conversation/T_Dialogue_IconBackgroundCircle.tga 400 130 128 120> 3 Уровня прицеливания
<image UI/Conversation/T_Dialogue_IconBackgroundCircle.tga 400 130 128 120> Мощный патрон
<image UI/Conversation/T_Dialogue_IconBackgroundCircle.tga 400 130 128 120> Точное
<image UI/Conversation/T_Dialogue_IconBackgroundCircle.tga 400 130 128 120> Не дальнобойное
<image UI/Conversation/T_Dialogue_IconBackgroundCircle.tga 400 130 128 120> Режим очереди по 2 патрона",,,ModItemInventoryItemCompositeDef UMP45 AdditionalHint
772299589775,ПП19 Бизон,,,ModItemInventoryItemCompositeDef PP19Bizon DisplayName
701261750193,ПП19 Бизон,,,ModItemInventoryItemCompositeDef PP19Bizon DisplayNamePlural
923963131573,"Российский пистолет-пулемет, собранный на основе узлов автомата АКС-74, но с использованием автоматики со свободным затвором. Шнековый магазин на 64 патрона в отличие от пистолетов Calico приспособлен в качестве ухватистого цевья, а если добавить к этому малую отдачу, то крыть врага становится очень приятно. Правда, потом приходится набивать эти шнековые магазины, но стрелять-то приятно!",,,ModItemInventoryItemCompositeDef PP19Bizon Description
269133427142,"<image UI/Conversation/T_Dialogue_IconBackgroundCircle.tga 400 130 128 120> 3 Уровня прицеливания
<image UI/Conversation/T_Dialogue_IconBackgroundCircle.tga 400 130 128 120> Мощный патрон
<image UI/Conversation/T_Dialogue_IconBackgroundCircle.tga 400 130 128 120> Точное
<image UI/Conversation/T_Dialogue_IconBackgroundCircle.tga 400 130 128 120> Не дальнобойное
<image UI/Conversation/T_Dialogue_IconBackgroundCircle.tga 400 130 128 120> Режим очереди по 2 патрона",,,ModItemInventoryItemCompositeDef PP19Bizon AdditionalHint
452903547545,MP5SD,,,ModItemInventoryItemCompositeDef MP5SD DisplayName
609726293042,MP5SD,,,ModItemInventoryItemCompositeDef MP5SD DisplayNamePlural
884363795404,"Автомат MP5SD5 изготовлен на основе MP5A4. В конструкцию внесен неотьемный разборный глушитель, позволяющий вести полностью автоматический огонь обычным 9мм боеприпасом. Мечта каждого уважающего себя стелс-пихотинца.",,,ModItemInventoryItemCompositeDef MP5SD Description
414884402694,"<image UI/Conversation/T_Dialogue_IconBackgroundCircle.tga 400 130 128 120> 3 Уровня прицеливания
<image UI/Conversation/T_Dialogue_IconBackgroundCircle.tga 400 130 128 120> Интегрированный глушитель
<image UI/Conversation/T_Dialogue_IconBackgroundCircle.tga 400 130 128 120> Точное
<image UI/Conversation/T_Dialogue_IconBackgroundCircle.tga 400 130 128 120> Отсечка по 3 патрона",,,ModItemInventoryItemCompositeDef MP5SD AdditionalHint
975770861054,MP7,,,ModItemInventoryItemCompositeDef MP7 DisplayName
419953895054,MP7,,,ModItemInventoryItemCompositeDef MP7 DisplayNamePlural
681252656681,"Прямой конкурент бельгийского P90 за звание главного PDWаста в блоке НАТО. Внутри устроен как настоящая большая винтовка, что дает неплохую мощность при использовании патронов малого калибра. ",,,ModItemInventoryItemCompositeDef MP7 Description
208350161727,"<image UI/Conversation/T_Dialogue_IconBackgroundCircle.tga 400 130 128 120> Высокий шанс критического попадания
<image UI/Conversation/T_Dialogue_IconBackgroundCircle.tga 400 130 128 120> Увеличенная эффективность прицеливания",,,ModItemInventoryItemCompositeDef MP7 AdditionalHint
500013930133,P90,,,ModItemInventoryItemCompositeDef P90 DisplayName
554658569753,P90,,,ModItemInventoryItemCompositeDef P90 DisplayNamePlural
160391253966,"Бельгийский пистолет-пулемет футуристичного вида в компоновке буллпап. Разработан специально под новый бронебойный малоимпульсный патрон калибра 5.7мм. Мнения об автомате делятся полярно - кто-то в восторге от его эргономики, кто-то наоборот, проклинает ее.",,,ModItemInventoryItemCompositeDef P90 Description
464345702246,"<image UI/Conversation/T_Dialogue_IconBackgroundCircle.tga 400 130 128 120> Точное
<image UI/Conversation/T_Dialogue_IconBackgroundCircle.tga 400 130 128 120> Скорострельное
<image UI/Conversation/T_Dialogue_IconBackgroundCircle.tga 400 130 128 120> Пробивающий патрон",,,ModItemInventoryItemCompositeDef P90 AdditionalHint
193299812125,ОТКЛЮЧЕНО,,,ModItemInventoryItemCompositeDef M4Commando DisplayName
828429373198,ОТКЛЮЧЕНО,,,ModItemInventoryItemCompositeDef M4Commando DisplayNamePlural
939555928344,"Вопрос: как можно сделать короткоствольную М16 оружием, а не карикатурой? Ответ: снизить дульную скорость пули и раздуть до неприличия дульное пламя.",,,ModItemInventoryItemCompositeDef M4Commando Description
205844701500,"<image UI/Conversation/T_Dialogue_IconBackgroundCircle.tga 400 130 128 120> Высокий шанс критического попадания
<image UI/Conversation/T_Dialogue_IconBackgroundCircle.tga 400 130 128 120> Увеличенная эффективность прицеливания",,,ModItemInventoryItemCompositeDef M4Commando AdditionalHint
321635945358,ОТКЛЮЧЕНО,,,ModItemInventoryItemCompositeDef MP5 DisplayName
657029377157,ОТКЛЮЧЕНО,,,ModItemInventoryItemCompositeDef MP5 DisplayNamePlural
495034108842,"Пистолет-пулемет, которым пользуются контртеррористические подразделения и спецотряды полиции по всему миру. С момента выхода в серию в 60-х годах MP5 успел повидать многое, но широкая доступность бронежилетов и пистолетный 9-мм патрон постепенно снизили его популярность.",,,ModItemInventoryItemCompositeDef MP5 Description
149925825321,"<image UI/Conversation/T_Dialogue_IconBackgroundCircle.tga 400 130 128 120> Увеличенная эффективность прицеливания
<image UI/Conversation/T_Dialogue_IconBackgroundCircle.tga 400 130 128 120> Издает меньше шума",,,ModItemInventoryItemCompositeDef MP5 AdditionalHint
787452739468,MP40,,,ModItemInventoryItemCompositeDef MP40 DisplayName
363525428890,MP40,,,ModItemInventoryItemCompositeDef MP40 DisplayNamePlural
621982039992,"Изначально разработанный для использования экипажами техники и десантниками, MP40 раскрыл свои лучшие качества надежного пистолета-пулемета в городских боях на Восточном фронте.",,,ModItemInventoryItemCompositeDef MP40 Description
644572751350,"<image UI/Conversation/T_Dialogue_IconBackgroundCircle.tga 400 130 128 120> Все ещё стреляет
<image UI/Conversation/T_Dialogue_IconBackgroundCircle.tga 400 130 128 120> Нет режима одиночной стрельбы
<image UI/Conversation/T_Dialogue_IconBackgroundCircle.tga 400 130 128 120> Ужасная надежность",,,ModItemInventoryItemCompositeDef MP40 AdditionalHint
169713333931,MAT-49,,,ModItemInventoryItemCompositeDef MAT49 DisplayName
523082419536,MAT-49,,,ModItemInventoryItemCompositeDef MAT49 DisplayNamePlural
932390860938,"Небольшой послевоенный французский автомат, широко распространенный в бывших французких колониях. Ничем особо примечательным не выделяется, нареканий особых тоже не имеет. Стреляет, и ладно.",,,ModItemInventoryItemCompositeDef MAT49 Description
726286866597,"<image UI/Conversation/T_Dialogue_IconBackgroundCircle.tga 400 130 128 120> Все ещё стреляет
<image UI/Conversation/T_Dialogue_IconBackgroundCircle.tga 400 130 128 120> Нет режима одиночной стрельбы
<image UI/Conversation/T_Dialogue_IconBackgroundCircle.tga 400 130 128 120> Ужасная надежность
<image UI/Conversation/T_Dialogue_IconBackgroundCircle.tga 400 130 128 120> Складной приклад",,,ModItemInventoryItemCompositeDef MAT49 AdditionalHint
473162338946,Thompson,,,ModItemInventoryItemCompositeDef Thompson DisplayName
712662464738,Thompsons,,,ModItemInventoryItemCompositeDef Thompson DisplayNamePlural
842085544580,"Пистолет Пулемет Томпсона несет в себе черты автоматов периода ПМВ - большое количество фрезеровки, полусвободный затвор, большая масса и ручная подгонка движущихся деталей. На фоне куда более технологичных автоматов ВОВ он уже выглядит устаревшим. Пока не снесет голову врага в стальной каске на дистанции сто метров. Каску конечно, не пробьет, но врагу от этого не легче.",,,ModItemInventoryItemCompositeDef Thompson Description
228005640947,"<image UI/Conversation/T_Dialogue_IconBackgroundCircle.tga 400 130 128 120> Мощный патрон
<image UI/Conversation/T_Dialogue_IconBackgroundCircle.tga 400 130 128 120> Низкая точность и дальность
<image UI/Conversation/T_Dialogue_IconBackgroundCircle.tga 400 130 128 120> Высокая отдача",,,ModItemInventoryItemCompositeDef Thompson AdditionalHint
481180063149,ППШ,,,ModItemInventoryItemCompositeDef PPSH DisplayName
900550828699,ППШ,,,ModItemInventoryItemCompositeDef PPSH DisplayNamePlural
628689609225,ППШ-41 (Пистолет-Пулемет конструкции Шпагина) был создан в 1941 году для замены более сложного и дорогого ППД-40. В этом же году принят на вооружение РККА. Впоследствии же стал символом доблести советского солдата и победы советского народа над фашизмом.,,,ModItemInventoryItemCompositeDef PPSH Description
221572340460,"<image UI/Conversation/T_Dialogue_IconBackgroundCircle.tga 400 130 128 120> Повышенная пробиваемость
<image UI/Conversation/T_Dialogue_IconBackgroundCircle.tga 400 130 128 120> Высокая надежность
<image UI/Conversation/T_Dialogue_IconBackgroundCircle.tga 400 130 128 120> Скорострельное
<image UI/Conversation/T_Dialogue_IconBackgroundCircle.tga 400 130 128 120> Высокая отдача",,,ModItemInventoryItemCompositeDef PPSH AdditionalHint
902957434744,M3 Grease Gun,,,ModItemInventoryItemCompositeDef M3GreaseGun DisplayName
140291351568,M3 Grease Guns,,,ModItemInventoryItemCompositeDef M3GreaseGun DisplayNamePlural
485763682877,"Когда в условиях войны фрезеровать Томпсоны становится чересчур дорого, ВПК начинает выдавать вот таких вот ублюдков. А вы ""ноктюрн сыграть смогли бы"" на автоматах из водопроводных труб?",,,ModItemInventoryItemCompositeDef M3GreaseGun Description
258180319002,"<image UI/Conversation/T_Dialogue_IconBackgroundCircle.tga 400 130 128 120> Мощный патрон
<image UI/Conversation/T_Dialogue_IconBackgroundCircle.tga 400 130 128 120> Низкая точность и дальность
<image UI/Conversation/T_Dialogue_IconBackgroundCircle.tga 400 130 128 120> Высокая отдача",,,ModItemInventoryItemCompositeDef M3GreaseGun AdditionalHint
198919457888,Scorpion,,,ModItemInventoryItemCompositeDef Scorpion DisplayName
312837278431,Scorpion,,,ModItemInventoryItemCompositeDef Scorpion DisplayNamePlural
502222074243,Маленький и удаленький чехословацкий автомат под советский пистолетный 9мм патрон. Оказался крайне удачным в использовании в контртеррористических операциях.,,,ModItemInventoryItemCompositeDef Scorpion Description
893730995058,"<image UI/Conversation/T_Dialogue_IconBackgroundCircle.tga 400 130 128 120> Одноручное
<image UI/Conversation/T_Dialogue_IconBackgroundCircle.tga 400 130 128 120> Меньше ОД на выстрел
<image UI/Conversation/T_Dialogue_IconBackgroundCircle.tga 400 130 128 120> Складной приклад",,,ModItemInventoryItemCompositeDef Scorpion AdditionalHint
726134413334,Аграм 2000,,,ModItemInventoryItemCompositeDef Agram2000 DisplayName
661287929383,Аграмы 2000,,,ModItemInventoryItemCompositeDef Agram2000 DisplayNamePlural
340646006235,"Хорватский автомат Аграм 2000 был разработан в 1990-х годах и активно применялся при дроблении на части Югославии. О ""нечестной"" направленности автомата говорит отсутствие приклада и заложенная в конструкцию интеграция съемного глушителя. Несколько этих автоматов без номеров и регистрационных документов расползлось по миру и до сих пор активно используются криминальными элементами.",,,ModItemInventoryItemCompositeDef Agram2000 Description
833638272906,"<image UI/Conversation/T_Dialogue_IconBackgroundCircle.tga 400 130 128 120> Уменьшенная отдача
<image UI/Conversation/T_Dialogue_IconBackgroundCircle.tga 400 130 128 120> Можно поставить глушитель",,,ModItemInventoryItemCompositeDef Agram2000 AdditionalHint
868089921205,Микро Узи,,,ModItemInventoryItemCompositeDef MicroUZI DisplayName
947084271008,Микро Узи,,,ModItemInventoryItemCompositeDef MicroUZI DisplayNamePlural
325911851470,"Максимально компактный и скорострельный израильский пистолет-пулемет. На тот случай, если вы должны кому-то ",,,ModItemInventoryItemCompositeDef MicroUZI Description
679045485002,"<image UI/Conversation/T_Dialogue_IconBackgroundCircle.tga 400 130 128 120> Сниженная эффективность прицеливания
<image UI/Conversation/T_Dialogue_IconBackgroundCircle.tga 400 130 128 120> Одноручное
<image UI/Conversation/T_Dialogue_IconBackgroundCircle.tga 400 130 128 120> Возможности модификаций
<image UI/Conversation/T_Dialogue_IconBackgroundCircle.tga 400 130 128 120> Скорострельное",,,ModItemInventoryItemCompositeDef MicroUZI AdditionalHint
993393399551,Walther MP,,,ModItemInventoryItemCompositeDef MPL DisplayName
961812581941,Walther MP,,,ModItemInventoryItemCompositeDef MPL DisplayNamePlural
942904375361,"Пистолет-пулемет Вальтер MPL имеет вполне удачную конструкцию со свободным затвором с применением штамповки деталей. Сразу видно, что конструкторами был принят во внимание опыт ВОВ. Однако, потенциальными пользователями тоже был принят во внимание опыт ВОВ и оружие под маркой ""Вальтер"" просто не имело никакого шанса на успех на рынке.",,,ModItemInventoryItemCompositeDef MPL Description
397724688397,"<image UI/Conversation/T_Dialogue_IconBackgroundCircle.tga 400 130 128 120> 3 Уровня прицеливания
<image UI/Conversation/T_Dialogue_IconBackgroundCircle.tga 400 130 128 120> Дальнобойное
<image UI/Conversation/T_Dialogue_IconBackgroundCircle.tga 400 130 128 120> Точное",,,ModItemInventoryItemCompositeDef MPL AdditionalHint
789532948949,Carl Gustaf M/45,,,ModItemInventoryItemCompositeDef M45 DisplayName
764261258029,Carl Gustaf M/45,,,ModItemInventoryItemCompositeDef M45 DisplayNamePlural
809856419402,"Этот автомат хоть и выглядит, как продукт инженерии военного времени, сделанный из водопроводной трубы и листового металла, простоял на вооружении армии Швеции вплоть до начала 20-го века. И повезло ему, что пришлось просто стоять.",,,ModItemInventoryItemCompositeDef M45 Description
661795074855,"<image UI/Conversation/T_Dialogue_IconBackgroundCircle.tga 400 130 128 120> Дальнобойное
<image UI/Conversation/T_Dialogue_IconBackgroundCircle.tga 400 130 128 120> Нет режима одиночной стрельбы
<image UI/Conversation/T_Dialogue_IconBackgroundCircle.tga 400 130 128 120> Точное",,,ModItemInventoryItemCompositeDef M45 AdditionalHint
185407889358,Стерлинг,,,ModItemInventoryItemCompositeDef Sterling DisplayName
636793946418,СТЕРЛИНГ,,,ModItemInventoryItemCompositeDef Sterling DisplayNamePlural
759530976138,"Поздневоенный и послевоенный британский автомат. Характерной чертой автомата является примыкаемый сбоку магазин, за который он и удерживается при стрельбе, что удобно в походе, но неудобно в бою. В целом, неплохой автомат. С учетом того, что британский.",,,ModItemInventoryItemCompositeDef Sterling Description
950841016492,"<image UI/Conversation/T_Dialogue_IconBackgroundCircle.tga 400 130 128 120> Увеличенная эффективность прицеливания
<image UI/Conversation/T_Dialogue_IconBackgroundCircle.tga 400 130 128 120> Издает меньше шума",,,ModItemInventoryItemCompositeDef Sterling AdditionalHint
391751892917,Узи Полноразмерный,,,ModItemInventoryItemCompositeDef UZI DisplayName
424882408911,Узи Полноразмерные,,,ModItemInventoryItemCompositeDef UZI DisplayNamePlural
632264645927,"Пистолет-пулемет, разработанный в Израиле как персональное оружие самообороны для солдат тылового эшелона. Задумывался для ведения стрельбы с упором в плечо, однако нередко используется и просто одной рукой. Обладает высокой скорострельностью, но и удручающе высоким рассеиванием.",,,ModItemInventoryItemCompositeDef UZI Description
698984398036,"<image UI/Conversation/T_Dialogue_IconBackgroundCircle.tga 400 130 128 120> 3 уровня прицеливания
<image UI/Conversation/T_Dialogue_IconBackgroundCircle.tga 400 130 128 120> Повышенная точность
<image UI/Conversation/T_Dialogue_IconBackgroundCircle.tga 400 130 128 120> Возможность модификаций",,,ModItemInventoryItemCompositeDef UZI AdditionalHint
184981707001,MAC-10,,,ModItemInventoryItemCompositeDef MAC10 DisplayName
790234829366,MAC-10,,,ModItemInventoryItemCompositeDef MAC10 DisplayNamePlural
230832569888,"Компактный скорострельный американский автомат, сделанный под влиянием УЗИ. Его качества делают его максимально удобным для действий в замкнутых пространствах, заполненных людьми. Например, при захвате заложников в самолете. В смысле, освобождении захваченного самолета.",,,ModItemInventoryItemCompositeDef MAC10 Description
427939571492,"<image UI/Conversation/T_Dialogue_IconBackgroundCircle.tga 400 130 128 120> Одноручное
<image UI/Conversation/T_Dialogue_IconBackgroundCircle.tga 400 130 128 120> Скорострельное
<image UI/Conversation/T_Dialogue_IconBackgroundCircle.tga 400 130 128 120> Мощный патрон",,,ModItemInventoryItemCompositeDef MAC10 AdditionalHint
482604551368,Беретта М12,,,ModItemInventoryItemCompositeDef BerettaM12 DisplayName
914795190661,Беретты М12,,,ModItemInventoryItemCompositeDef BerettaM12 DisplayNamePlural
332274886199,"Хороший итальянский послевоенный пистолет-пулемет, вобравший в себя весь накопленный в ходе ВМВ опыт. Может похвастаться отличной точностью и надежностью при использовании в широком круге условий.",,,ModItemInventoryItemCompositeDef BerettaM12 Description
534785601448,"<image UI/Conversation/T_Dialogue_IconBackgroundCircle.tga 400 130 128 120> 3 Уровня прицеливания
<image UI/Conversation/T_Dialogue_IconBackgroundCircle.tga 400 130 128 120> Дальнобойное
<image UI/Conversation/T_Dialogue_IconBackgroundCircle.tga 400 130 128 120> Точное",,,ModItemInventoryItemCompositeDef BerettaM12 AdditionalHint
472594736106,Spectre M4,,,ModItemInventoryItemCompositeDef SpectreM4 DisplayName
743117893776,Spectre M4,,,ModItemInventoryItemCompositeDef SpectreM4 DisplayNamePlural
980756310608,"Оружие для сил специального назначения и борьбы с терроризмом. Курковый спусковой механизм ""двойного действия"" (прям как на револьверах, ага) обеспечивает безопасное ношение оружия с патроном в патроннике без необходимости досыла патрона в случае контакта с противником.",,,ModItemInventoryItemCompositeDef SpectreM4 Description
686934458674,"<image UI/Conversation/T_Dialogue_IconBackgroundCircle.tga 400 130 128 120> 3 Уровня прицеливания
<image UI/Conversation/T_Dialogue_IconBackgroundCircle.tga 400 130 128 120> Дальнобойное
<image UI/Conversation/T_Dialogue_IconBackgroundCircle.tga 400 130 128 120> Точное",,,ModItemInventoryItemCompositeDef SpectreM4 AdditionalHint
864076976423,TMP,,,ModItemInventoryItemCompositeDef TMP DisplayName
514833691659,TMP,,,ModItemInventoryItemCompositeDef TMP DisplayNamePlural
151160598254,"Современный маленький да удаленький ПП австрийского производства. Изготовлен из высокопрочных полимеров, и является очень удобным оружием, хорошо контролируемым при автоматической стрельбе",,,ModItemInventoryItemCompositeDef TMP Description
760441240658,"<image UI/Conversation/T_Dialogue_IconBackgroundCircle.tga 400 130 128 120> Увеличенная эффективность прицеливания
<image UI/Conversation/T_Dialogue_IconBackgroundCircle.tga 400 130 128 120> Издает меньше шума",,,ModItemInventoryItemCompositeDef TMP AdditionalHint
436154392218,MP5A2,,,ModItemInventoryItemCompositeDef MP5A2 DisplayName
299572078802,MP5A2,,,ModItemInventoryItemCompositeDef MP5A2 DisplayNamePlural
272866610540,"Устаревший вариант немецкого автомата MP5, с УСМ без отсечки стрельбы по три выстрела. Один из самых распространенных полицейских автоматов в мире до сих пор. Отличный выбор для специальных операций любого толка, тысячи обезвреженных террористов по всему миру не дадут соврать.",,,ModItemInventoryItemCompositeDef MP5A2 Description
168963467782,"<image UI/Conversation/T_Dialogue_IconBackgroundCircle.tga 400 130 128 120> 3 Уровня прицеливания
<image UI/Conversation/T_Dialogue_IconBackgroundCircle.tga 400 130 128 120> Дальнобойное
<image UI/Conversation/T_Dialogue_IconBackgroundCircle.tga 400 130 128 120> Точное
<image UI/Conversation/T_Dialogue_IconBackgroundCircle.tga 400 130 128 120> Отсечка по 3 патрона",,,ModItemInventoryItemCompositeDef MP5A2 AdditionalHint
806873565594,MP5K,,,ModItemInventoryItemCompositeDef MP5K DisplayName
709911598309,MP5K,,,ModItemInventoryItemCompositeDef MP5K DisplayNamePlural
534479356961,"Максимально укороченная версия MP5, созданная для боя на ближних дистанциях и самообороны. Для него даже есть специальный чехол-чемоданчик со спусковым крючком в ручке - на случай секретных операций.",,,ModItemInventoryItemCompositeDef MP5K Description
821868937694,"<image UI/Conversation/T_Dialogue_IconBackgroundCircle.tga 400 130 128 120> Сниженная эффективность прицеливания
<image UI/Conversation/T_Dialogue_IconBackgroundCircle.tga 400 130 128 120> Одноручное
<image UI/Conversation/T_Dialogue_IconBackgroundCircle.tga 400 130 128 120> Возможности модификаций
<image UI/Conversation/T_Dialogue_IconBackgroundCircle.tga 400 130 128 120> Скорострельное",,,ModItemInventoryItemCompositeDef MP5K AdditionalHint
116569856434,MP5A4,,,ModItemInventoryItemCompositeDef MP5A4 DisplayName
486538188387,MP5A4,,,ModItemInventoryItemCompositeDef MP5A4 DisplayNamePlural
708501432695,"Современный вариант автомата MP5, допускающий стрельбу как с отсечкой по три выстрела, так и полностью автоматический огонь. Все остальное осталось практически без изменений, автомат сразу хорошим получился.",,,ModItemInventoryItemCompositeDef MP5A4 Description
397260753978,"<image UI/Conversation/T_Dialogue_IconBackgroundCircle.tga 400 130 128 120> 3 Уровня прицеливания
<image UI/Conversation/T_Dialogue_IconBackgroundCircle.tga 400 130 128 120> Дальнобойное
<image UI/Conversation/T_Dialogue_IconBackgroundCircle.tga 400 130 128 120> Точное
<image UI/Conversation/T_Dialogue_IconBackgroundCircle.tga 400 130 128 120> Возможность модификаций",,,ModItemInventoryItemCompositeDef MP5A4 AdditionalHint
561734855744,UMP45,,,ModItemInventoryItemCompositeDef UMP45 DisplayName
911384756792,UMP45,,,ModItemInventoryItemCompositeDef UMP45 DisplayNamePlural
768168562835,"Современный немецкий пистолет-пулемет на основе узлов винтовки G36, но со свободным затвором. Тяжеловат, но ухватист и хорошо контролируется при стрельбе очередями. ",,,ModItemInventoryItemCompositeDef UMP45 Description
254123453451,"<image UI/Conversation/T_Dialogue_IconBackgroundCircle.tga 400 130 128 120> 3 Уровня прицеливания
<image UI/Conversation/T_Dialogue_IconBackgroundCircle.tga 400 130 128 120> Мощный патрон
<image UI/Conversation/T_Dialogue_IconBackgroundCircle.tga 400 130 128 120> Точное
<image UI/Conversation/T_Dialogue_IconBackgroundCircle.tga 400 130 128 120> Не дальнобойное
<image UI/Conversation/T_Dialogue_IconBackgroundCircle.tga 400 130 128 120> Режим очереди по 2 патрона",,,ModItemInventoryItemCompositeDef UMP45 AdditionalHint
772299589775,ПП19 Бизон,,,ModItemInventoryItemCompositeDef PP19Bizon DisplayName
701261750193,ПП19 Бизон,,,ModItemInventoryItemCompositeDef PP19Bizon DisplayNamePlural
923963131573,"Российский пистолет-пулемет, собранный на основе узлов автомата АКС-74, но с использованием автоматики со свободным затвором. Шнековый магазин на 64 патрона в отличие от пистолетов Calico приспособлен в качестве ухватистого цевья, а если добавить к этому малую отдачу, то крыть врага становится очень приятно. Правда, потом приходится набивать эти шнековые магазины, но стрелять-то приятно!",,,ModItemInventoryItemCompositeDef PP19Bizon Description
269133427142,"<image UI/Conversation/T_Dialogue_IconBackgroundCircle.tga 400 130 128 120> 3 Уровня прицеливания
<image UI/Conversation/T_Dialogue_IconBackgroundCircle.tga 400 130 128 120> Мощный патрон
<image UI/Conversation/T_Dialogue_IconBackgroundCircle.tga 400 130 128 120> Точное
<image UI/Conversation/T_Dialogue_IconBackgroundCircle.tga 400 130 128 120> Не дальнобойное
<image UI/Conversation/T_Dialogue_IconBackgroundCircle.tga 400 130 128 120> Режим очереди по 2 патрона",,,ModItemInventoryItemCompositeDef PP19Bizon AdditionalHint
452903547545,MP5SD,,,ModItemInventoryItemCompositeDef MP5SD DisplayName
609726293042,MP5SD,,,ModItemInventoryItemCompositeDef MP5SD DisplayNamePlural
884363795404,"Автомат MP5SD5 изготовлен на основе MP5A4. В конструкцию внесен неотьемный разборный глушитель, позволяющий вести полностью автоматический огонь обычным 9мм боеприпасом. Мечта каждого уважающего себя стелс-пихотинца.",,,ModItemInventoryItemCompositeDef MP5SD Description
414884402694,"<image UI/Conversation/T_Dialogue_IconBackgroundCircle.tga 400 130 128 120> 3 Уровня прицеливания
<image UI/Conversation/T_Dialogue_IconBackgroundCircle.tga 400 130 128 120> Интегрированный глушитель
<image UI/Conversation/T_Dialogue_IconBackgroundCircle.tga 400 130 128 120> Точное
<image UI/Conversation/T_Dialogue_IconBackgroundCircle.tga 400 130 128 120> Отсечка по 3 патрона",,,ModItemInventoryItemCompositeDef MP5SD AdditionalHint
975770861054,MP7,,,ModItemInventoryItemCompositeDef MP7 DisplayName
419953895054,MP7,,,ModItemInventoryItemCompositeDef MP7 DisplayNamePlural
681252656681,"Прямой конкурент бельгийского P90 за звание главного PDWаста в блоке НАТО. Внутри устроен как настоящая большая винтовка, что дает неплохую мощность при использовании патронов малого калибра. ",,,ModItemInventoryItemCompositeDef MP7 Description
208350161727,"<image UI/Conversation/T_Dialogue_IconBackgroundCircle.tga 400 130 128 120> Высокий шанс критического попадания
<image UI/Conversation/T_Dialogue_IconBackgroundCircle.tga 400 130 128 120> Увеличенная эффективность прицеливания",,,ModItemInventoryItemCompositeDef MP7 AdditionalHint
500013930133,P90,,,ModItemInventoryItemCompositeDef P90 DisplayName
554658569753,P90,,,ModItemInventoryItemCompositeDef P90 DisplayNamePlural
160391253966,"Бельгийский пистолет-пулемет футуристичного вида в компоновке буллпап. Разработан специально под новый бронебойный малоимпульсный патрон калибра 5.7мм. Мнения об автомате делятся полярно - кто-то в восторге от его эргономики, кто-то наоборот, проклинает ее.",,,ModItemInventoryItemCompositeDef P90 Description
464345702246,"<image UI/Conversation/T_Dialogue_IconBackgroundCircle.tga 400 130 128 120> Точное
<image UI/Conversation/T_Dialogue_IconBackgroundCircle.tga 400 130 128 120> Скорострельное
<image UI/Conversation/T_Dialogue_IconBackgroundCircle.tga 400 130 128 120> Пробивающий патрон",,,ModItemInventoryItemCompositeDef P90 AdditionalHint
106499815101,Zastava M92,,,ModItemInventoryItemCompositeDef ZastavaM92 DisplayName
435478961244,Zastava M92,,,ModItemInventoryItemCompositeDef ZastavaM92 DisplayNamePlural
580186251954,"Коротыш под 7.62х39мм патрон. В отличие от мифического советско-российского варианта АКМСУ (который никогда не выпускался), этот реально существует и готов доказать это, проделав пару десятков дырок в телах ваших врагов.",,,ModItemInventoryItemCompositeDef ZastavaM92 Description
228542450465,"<image UI/Conversation/T_Dialogue_IconBackgroundCircle.tga 400 130 128 120> Высокая отдача
<image UI/Conversation/T_Dialogue_IconBackgroundCircle.tga 400 130 128 120> Низкая дальность
<image UI/Conversation/T_Dialogue_IconBackgroundCircle.tga 400 130 128 120> Подходит для маневренного боя",,,ModItemInventoryItemCompositeDef ZastavaM92 AdditionalHint
296223742464,CAR-15,,,ModItemInventoryItemCompositeDef CAR15 DisplayName
875063722151,CAR-15,,,ModItemInventoryItemCompositeDef CAR15 DisplayNamePlural
474099942424,"Ранний вариант Colt Commando, на базе винтовки М16А1, получившийся путем обрезания половины ствола. Компактный автомат с громким звуком и большой вспышкой. Не для использования в помещениях.",,,ModItemInventoryItemCompositeDef CAR15 Description
881498370975,"<image UI/Conversation/T_Dialogue_IconBackgroundCircle.tga 400 130 128 120> Возможность вести маневренный бой
<image UI/Conversation/T_Dialogue_IconBackgroundCircle.tga 400 130 128 120> Низкая цена атаки
<image UI/Conversation/T_Dialogue_IconBackgroundCircle.tga 400 130 128 120> Низкая точность и дальность",,,ModItemInventoryItemCompositeDef CAR15 AdditionalHint
882883589623,M4A1,,,ModItemInventoryItemCompositeDef M4A1 DisplayName
664987025992,M4A1,,,ModItemInventoryItemCompositeDef M4A1 DisplayNamePlural
186747788182,"Оружие, созданное для обеспечения гарантированного конституцией США права на самооборону, с возможностью максимально быстрой и простой конвертации в автоматическое оружие, потому что каждому законопослушному гражданину нужен автомат, разве нет?",,,ModItemInventoryItemCompositeDef M4A1 Description
825365505331,"<image UI/Conversation/T_Dialogue_IconBackgroundCircle.tga 400 130 128 120> Возможность вести маневренный бой
<image UI/Conversation/T_Dialogue_IconBackgroundCircle.tga 400 130 128 120> Низкая цена атаки
<image UI/Conversation/T_Dialogue_IconBackgroundCircle.tga 400 130 128 120> Высокая точность",,,ModItemInventoryItemCompositeDef M4A1 AdditionalHint
830792184278,G36c,,,ModItemInventoryItemCompositeDef G36c DisplayName
851022057990,G36c,,,ModItemInventoryItemCompositeDef G36c DisplayNamePlural
482340674377,"Футуристичного вида штурмовая винтовка с интегрированной двойной системой прицеливания. Газовый поршень короткого хода и патрон 5,56 НАТО - что еще нужно для стабильной, прицельной стрельбы?",,,ModItemInventoryItemCompositeDef G36c Description
259515152667,"<image UI/Conversation/T_Dialogue_IconBackgroundCircle.tga 400 130 128 120> Возможность вести маневренный бой
<image UI/Conversation/T_Dialogue_IconBackgroundCircle.tga 400 130 128 120> Низкая цена атаки
<image UI/Conversation/T_Dialogue_IconBackgroundCircle.tga 400 130 128 120> Высокая точность
<image UI/Conversation/T_Dialogue_IconBackgroundCircle.tga 400 130 128 120> Режим очереди по 3 патрона",,,ModItemInventoryItemCompositeDef G36c AdditionalHint
879708176956,АКС-74У,,,ModItemInventoryItemCompositeDef AKSU DisplayName
822983576717,АКС-74У,,,ModItemInventoryItemCompositeDef AKSU DisplayNamePlural
335901073743,"Укороченная версия AK-74, предназначенная для бойцов спецназа и экипажей техники. Для нее пришлось разработать новый газовый двигатель и дульное устройство-дожигатель. Американцы называют эту модель «Krinkov», но у русских в ходу более звучные названия - «Ксюха», а иногда и «Сучка». И да, для АКСУ существует набедренная кобура.",,,ModItemInventoryItemCompositeDef AKSU Description
474761443367,"<image UI/Conversation/T_Dialogue_IconBackgroundCircle.tga 400 130 128 120> Возможность вести маневренный бой
<image UI/Conversation/T_Dialogue_IconBackgroundCircle.tga 400 130 128 120> Низкая цена атаки
<image UI/Conversation/T_Dialogue_IconBackgroundCircle.tga 400 130 128 120> Высокая точность
<image UI/Conversation/T_Dialogue_IconBackgroundCircle.tga 400 130 128 120> Высокий шанс крита",,,ModItemInventoryItemCompositeDef AKSU AdditionalHint
866987100833,Sig 552,,,ModItemInventoryItemCompositeDef Sig552 DisplayName
896776666039,Sig 552,,,ModItemInventoryItemCompositeDef Sig552 DisplayNamePlural
203622796133,Ультракомпактный автомат производства SIG с классической компоновкой и не менее классической газоотводной системой. Серьезное дорогое оружие.,,,ModItemInventoryItemCompositeDef Sig552 Description
700414124681,"<image UI/Conversation/T_Dialogue_IconBackgroundCircle.tga 400 130 128 120> Возможность вести маневренный бой
<image UI/Conversation/T_Dialogue_IconBackgroundCircle.tga 400 130 128 120> Низкая цена атаки
<image UI/Conversation/T_Dialogue_IconBackgroundCircle.tga 400 130 128 120> Высокая точность
<image UI/Conversation/T_Dialogue_IconBackgroundCircle.tga 400 130 128 120> Возможности модификаций",,,ModItemInventoryItemCompositeDef Sig552 AdditionalHint
388806361889,Sig 552 SWAT,,,ModItemInventoryItemCompositeDef Sig552SWAT DisplayName
330867992333,Sig 552 SWAT,,,ModItemInventoryItemCompositeDef Sig552SWAT DisplayNamePlural
444897869757,Ультракомпактный автомат производства SIG с классической компоновкой и не менее классической газоотводной системой. Серьезное дорогое оружие.,,,ModItemInventoryItemCompositeDef Sig552SWAT Description
754834790764,"<image UI/Conversation/T_Dialogue_IconBackgroundCircle.tga 400 130 128 120> Возможность вести маневренный бой
<image UI/Conversation/T_Dialogue_IconBackgroundCircle.tga 400 130 128 120> Низкая цена атаки
<image UI/Conversation/T_Dialogue_IconBackgroundCircle.tga 400 130 128 120> Высокая точность
<image UI/Conversation/T_Dialogue_IconBackgroundCircle.tga 400 130 128 120> Возможности модификаций",,,ModItemInventoryItemCompositeDef Sig552SWAT AdditionalHint
779838191556,АС-ВАЛ,,,ModItemInventoryItemCompositeDef AS_Val DisplayName
965962787590,АС-ВАЛ,,,ModItemInventoryItemCompositeDef AS_Val DisplayNamePlural
321973252805,"Оружие, не имеющее аналогов в мире, или, по крайней мере не имевшее их до распространения патрона .300 Blackout. Да и на сегодняшний день является лучшим специальным автоматом подобного типа.",,,ModItemInventoryItemCompositeDef AS_Val Description
688894016157,"<image UI/Conversation/T_Dialogue_IconBackgroundCircle.tga 400 130 128 120> Возможность вести маневренный бой
<image UI/Conversation/T_Dialogue_IconBackgroundCircle.tga 400 130 128 120> Низкая цена атаки
<image UI/Conversation/T_Dialogue_IconBackgroundCircle.tga 400 130 128 120> Специальный патрон
<image UI/Conversation/T_Dialogue_IconBackgroundCircle.tga 400 130 128 120> Интегрированный глушитель
<image UI/Conversation/T_Dialogue_IconBackgroundCircle.tga 400 130 128 120> Высокий шанс крита",,,ModItemInventoryItemCompositeDef AS_Val AdditionalHint
106499815101,Zastava M92,,,ModItemInventoryItemCompositeDef ZastavaM92 DisplayName
435478961244,Zastava M92,,,ModItemInventoryItemCompositeDef ZastavaM92 DisplayNamePlural
580186251954,"Коротыш под 7.62х39мм патрон. В отличие от мифического советско-российского варианта АКМСУ (который никогда не выпускался), этот реально существует и готов доказать это, проделав пару десятков дырок в телах ваших врагов.",,,ModItemInventoryItemCompositeDef ZastavaM92 Description
228542450465,"<image UI/Conversation/T_Dialogue_IconBackgroundCircle.tga 400 130 128 120> Высокая отдача
<image UI/Conversation/T_Dialogue_IconBackgroundCircle.tga 400 130 128 120> Низкая дальность
<image UI/Conversation/T_Dialogue_IconBackgroundCircle.tga 400 130 128 120> Подходит для маневренного боя",,,ModItemInventoryItemCompositeDef ZastavaM92 AdditionalHint
296223742464,CAR-15,,,ModItemInventoryItemCompositeDef CAR15 DisplayName
875063722151,CAR-15,,,ModItemInventoryItemCompositeDef CAR15 DisplayNamePlural
474099942424,"Ранний вариант Colt Commando, на базе винтовки М16А1, получившийся путем обрезания половины ствола. Компактный автомат с громким звуком и большой вспышкой. Не для использования в помещениях.",,,ModItemInventoryItemCompositeDef CAR15 Description
881498370975,"<image UI/Conversation/T_Dialogue_IconBackgroundCircle.tga 400 130 128 120> Возможность вести маневренный бой
<image UI/Conversation/T_Dialogue_IconBackgroundCircle.tga 400 130 128 120> Низкая цена атаки
<image UI/Conversation/T_Dialogue_IconBackgroundCircle.tga 400 130 128 120> Низкая точность и дальность",,,ModItemInventoryItemCompositeDef CAR15 AdditionalHint
882883589623,M4A1,,,ModItemInventoryItemCompositeDef M4A1 DisplayName
664987025992,M4A1,,,ModItemInventoryItemCompositeDef M4A1 DisplayNamePlural
186747788182,"Оружие, созданное для обеспечения гарантированного конституцией США права на самооборону, с возможностью максимально быстрой и простой конвертации в автоматическое оружие, потому что каждому законопослушному гражданину нужен автомат, разве нет?",,,ModItemInventoryItemCompositeDef M4A1 Description
825365505331,"<image UI/Conversation/T_Dialogue_IconBackgroundCircle.tga 400 130 128 120> Возможность вести маневренный бой
<image UI/Conversation/T_Dialogue_IconBackgroundCircle.tga 400 130 128 120> Низкая цена атаки
<image UI/Conversation/T_Dialogue_IconBackgroundCircle.tga 400 130 128 120> Высокая точность",,,ModItemInventoryItemCompositeDef M4A1 AdditionalHint
830792184278,G36c,,,ModItemInventoryItemCompositeDef G36c DisplayName
851022057990,G36c,,,ModItemInventoryItemCompositeDef G36c DisplayNamePlural
482340674377,"Футуристичного вида штурмовая винтовка с интегрированной двойной системой прицеливания. Газовый поршень короткого хода и патрон 5,56 НАТО - что еще нужно для стабильной, прицельной стрельбы?",,,ModItemInventoryItemCompositeDef G36c Description
259515152667,"<image UI/Conversation/T_Dialogue_IconBackgroundCircle.tga 400 130 128 120> Возможность вести маневренный бой
<image UI/Conversation/T_Dialogue_IconBackgroundCircle.tga 400 130 128 120> Низкая цена атаки
<image UI/Conversation/T_Dialogue_IconBackgroundCircle.tga 400 130 128 120> Высокая точность
<image UI/Conversation/T_Dialogue_IconBackgroundCircle.tga 400 130 128 120> Режим очереди по 3 патрона",,,ModItemInventoryItemCompositeDef G36c AdditionalHint
879708176956,АКС-74У,,,ModItemInventoryItemCompositeDef AKSU DisplayName
822983576717,АКС-74У,,,ModItemInventoryItemCompositeDef AKSU DisplayNamePlural
335901073743,"Укороченная версия AK-74, предназначенная для бойцов спецназа и экипажей техники. Для нее пришлось разработать новый газовый двигатель и дульное устройство-дожигатель. Американцы называют эту модель «Krinkov», но у русских в ходу более звучные названия - «Ксюха», а иногда и «Сучка». И да, для АКСУ существует набедренная кобура.",,,ModItemInventoryItemCompositeDef AKSU Description
474761443367,"<image UI/Conversation/T_Dialogue_IconBackgroundCircle.tga 400 130 128 120> Возможность вести маневренный бой
<image UI/Conversation/T_Dialogue_IconBackgroundCircle.tga 400 130 128 120> Низкая цена атаки
<image UI/Conversation/T_Dialogue_IconBackgroundCircle.tga 400 130 128 120> Высокая точность
<image UI/Conversation/T_Dialogue_IconBackgroundCircle.tga 400 130 128 120> Высокий шанс крита",,,ModItemInventoryItemCompositeDef AKSU AdditionalHint
866987100833,Sig 552,,,ModItemInventoryItemCompositeDef Sig552 DisplayName
896776666039,Sig 552,,,ModItemInventoryItemCompositeDef Sig552 DisplayNamePlural
203622796133,Ультракомпактный автомат производства SIG с классической компоновкой и не менее классической газоотводной системой. Серьезное дорогое оружие.,,,ModItemInventoryItemCompositeDef Sig552 Description
700414124681,"<image UI/Conversation/T_Dialogue_IconBackgroundCircle.tga 400 130 128 120> Возможность вести маневренный бой
<image UI/Conversation/T_Dialogue_IconBackgroundCircle.tga 400 130 128 120> Низкая цена атаки
<image UI/Conversation/T_Dialogue_IconBackgroundCircle.tga 400 130 128 120> Высокая точность
<image UI/Conversation/T_Dialogue_IconBackgroundCircle.tga 400 130 128 120> Возможности модификаций",,,ModItemInventoryItemCompositeDef Sig552 AdditionalHint
388806361889,Sig 552 SWAT,,,ModItemInventoryItemCompositeDef Sig552SWAT DisplayName
330867992333,Sig 552 SWAT,,,ModItemInventoryItemCompositeDef Sig552SWAT DisplayNamePlural
444897869757,Ультракомпактный автомат производства SIG с классической компоновкой и не менее классической газоотводной системой. Серьезное дорогое оружие.,,,ModItemInventoryItemCompositeDef Sig552SWAT Description
754834790764,"<image UI/Conversation/T_Dialogue_IconBackgroundCircle.tga 400 130 128 120> Возможность вести маневренный бой
<image UI/Conversation/T_Dialogue_IconBackgroundCircle.tga 400 130 128 120> Низкая цена атаки
<image UI/Conversation/T_Dialogue_IconBackgroundCircle.tga 400 130 128 120> Высокая точность
<image UI/Conversation/T_Dialogue_IconBackgroundCircle.tga 400 130 128 120> Возможности модификаций",,,ModItemInventoryItemCompositeDef Sig552SWAT AdditionalHint
779838191556,АС-ВАЛ,,,ModItemInventoryItemCompositeDef AS_Val DisplayName
965962787590,АС-ВАЛ,,,ModItemInventoryItemCompositeDef AS_Val DisplayNamePlural
321973252805,"Оружие, не имеющее аналогов в мире, или, по крайней мере не имевшее их до распространения патрона .300 Blackout. Да и на сегодняшний день является лучшим специальным автоматом подобного типа.",,,ModItemInventoryItemCompositeDef AS_Val Description
688894016157,"<image UI/Conversation/T_Dialogue_IconBackgroundCircle.tga 400 130 128 120> Возможность вести маневренный бой
<image UI/Conversation/T_Dialogue_IconBackgroundCircle.tga 400 130 128 120> Низкая цена атаки
<image UI/Conversation/T_Dialogue_IconBackgroundCircle.tga 400 130 128 120> Специальный патрон
<image UI/Conversation/T_Dialogue_IconBackgroundCircle.tga 400 130 128 120> Интегрированный глушитель
<image UI/Conversation/T_Dialogue_IconBackgroundCircle.tga 400 130 128 120> Высокий шанс крита",,,ModItemInventoryItemCompositeDef AS_Val AdditionalHint
620616109287,ОТКЛЮЧЕНО,,,ModItemInventoryItemCompositeDef AR15 DisplayName
421206527372,ОТКЛЮЧЕНО,,,ModItemInventoryItemCompositeDef AR15 DisplayNamePlural
259547754550,"Оружие, созданное для обеспечения гарантированного конституцией США права на самооборону, с возможностью максимально быстрой и простой конвертации в автоматическое оружие, потому что каждому законопослушному гражданину нужен автомат, разве нет?",,,ModItemInventoryItemCompositeDef AR15 Description
213671010859,"<image UI/Conversation/T_Dialogue_IconBackgroundCircle.tga 400 130 128 120> Высокий шанс критического попадания
<image UI/Conversation/T_Dialogue_IconBackgroundCircle.tga 400 130 128 120> Низкая цена атаки
<image UI/Conversation/T_Dialogue_IconBackgroundCircle.tga 400 130 128 120> Большое количество модулей
<image UI/Conversation/T_Dialogue_IconBackgroundCircle.tga 400 130 128 120> При установке стандартного приклада нет автоматического огня",,,ModItemInventoryItemCompositeDef AR15 AdditionalHint
847561503717,АК47,,,ModItemInventoryItemCompositeDef AK47 DisplayName
336276554025,АК47,,,ModItemInventoryItemCompositeDef AK47 DisplayNamePlural
275113667304,"Если где-то в мире случается конфликт, вы точно найдете там АК-47. Это аксиома. Старый-добрый «калаш» неприхотлив, прост в использовании, надежен и стоит гроши. Статистика утверждает, что в мире водится более 75 миллионов экземпляров этого зверя.",,,ModItemInventoryItemCompositeDef AK47 Description
701155777761,<image UI/Conversation/T_Dialogue_IconBackgroundCircle.tga 400 130 128 120> Повышенная износоустойчивость,,,ModItemInventoryItemCompositeDef AK47 AdditionalHint
294736997687,Type 56,,,ModItemInventoryItemCompositeDef Type56 DisplayName
841407749387,Type 56,,,ModItemInventoryItemCompositeDef Type56 DisplayNamePlural
854531008352,"Пиратская, в смысле, китайская копия советского автомата АКС. Имеет складной вниз, либо фиксированный деревянный приклад и фрезерованную ствольную коробку. Качество разнится от нестреляющей рухляди до вполне приличного автомата. Длинный игольчатый штык призван делать канапе из лаоваев.",,,ModItemInventoryItemCompositeDef Type56 Description
636364655942,"<image UI/Conversation/T_Dialogue_IconBackgroundCircle.tga 400 130 128 120> Высокая отдача
<image UI/Conversation/T_Dialogue_IconBackgroundCircle.tga 400 130 128 120> Низкая дальность
<image UI/Conversation/T_Dialogue_IconBackgroundCircle.tga 400 130 128 120> Низкая надежность",,,ModItemInventoryItemCompositeDef Type56 AdditionalHint
433590423027,M-14,,,ModItemInventoryItemCompositeDef M14SAW DisplayName
380834399389,M-14,,,ModItemInventoryItemCompositeDef M14SAW DisplayNamePlural
572366580172,"Глубоко модифицированная винтовка M1 - измененный газовый двигатель, магазинное питание, новый на тот момент (начало 1950х) патрон 7.62х51мм. Винтовка оказалась крайне бесполезной в условиях войны в джунглях, из-за чего была заменена M16.",,,ModItemInventoryItemCompositeDef M14SAW Description
459810570521,"<image UI/Conversation/T_Dialogue_IconBackgroundCircle.tga 400 130 128 120> Высокая отдача
<image UI/Conversation/T_Dialogue_IconBackgroundCircle.tga 400 130 128 120> Винтовочный патрон
<image UI/Conversation/T_Dialogue_IconBackgroundCircle.tga 400 130 128 120> Низкая надежность
<image UI/Conversation/T_Dialogue_IconBackgroundCircle.tga 400 130 128 120> Высокая цена атаки",,,ModItemInventoryItemCompositeDef M14SAW AdditionalHint
185329589695,M16A1,,,ModItemInventoryItemCompositeDef M16A1 DisplayName
996523018665,M16A1,,,ModItemInventoryItemCompositeDef M16A1 DisplayNamePlural
540807842727,"Ранний вариант винтовки М16 (AR15), принятый на вооружение US Army в далеком 1967 году. Из-за стремления этой самой US Army сэкономить, винтовка получила кучу проблем с надежностью, отмыть от которых репутацию она не может до сих пор.",,,ModItemInventoryItemCompositeDef M16A1 Description
779972384279,<image UI/Conversation/T_Dialogue_IconBackgroundCircle.tga 400 130 128 120> Низкая надежность,,,ModItemInventoryItemCompositeDef M16A1 AdditionalHint
220029118961,Zastava M70,,,ModItemInventoryItemCompositeDef Zastava_M70 DisplayName
690505630098,Zastava M70,,,ModItemInventoryItemCompositeDef Zastava_M70 DisplayNamePlural
565225387197,Второе поколение автоматов Калашникова с максимально обкатанной и оптимизированной технологией производства. Именно этот автомат стал символом освобождения мирового пролетариата от мирового империализма.,,,ModItemInventoryItemCompositeDef Zastava_M70 Description
907311329202,"<image UI/Conversation/T_Dialogue_IconBackgroundCircle.tga 400 130 128 120> Высокая отдача
<image UI/Conversation/T_Dialogue_IconBackgroundCircle.tga 400 130 128 120> Высокая надежность",,,ModItemInventoryItemCompositeDef Zastava_M70 AdditionalHint
972200337542,FAMAS,,,ModItemInventoryItemCompositeDef FAMAS DisplayName
297539929545,FAMAS,,,ModItemInventoryItemCompositeDef FAMAS DisplayNamePlural
747433759944,"Вся утилитарность и эргономичность буллпап-дизайна. Конструкторы планировали, что магазины для винтовки будут одноразовые и выбрасываться после использования, но даже самый лучший план не в состоянии пережить встречи с реальностью: солдаты начали повторно использовать магазины, что, разумеется, привело к куче разных проблем. Поэтому позже пришлось разрабатывать более прочный магазин.",,,ModItemInventoryItemCompositeDef FAMAS Description
999618490577,"<image UI/Conversation/T_Dialogue_IconBackgroundCircle.tga 400 130 128 120> Низкий урон
<image UI/Conversation/T_Dialogue_IconBackgroundCircle.tga 400 130 128 120> Скорострельное
<image UI/Conversation/T_Dialogue_IconBackgroundCircle.tga 400 130 128 120> Низкая цена атаки
<image UI/Conversation/T_Dialogue_IconBackgroundCircle.tga 400 130 128 120> Повышенная цена перезарядки
<image UI/Conversation/T_Dialogue_IconBackgroundCircle.tga 400 130 128 120> Низкая дальность",,,ModItemInventoryItemCompositeDef FAMAS AdditionalHint
571302959001,Galil,,,ModItemInventoryItemCompositeDef Galil DisplayName
920649900260,Galil,,,ModItemInventoryItemCompositeDef Galil DisplayNamePlural
383348230824,"Изначально разрабатывался со встроенной открывашкой, чтобы солдаты не гробили магазины в попытках вскрывать ими бутылки. По какой-то неизвестной причине пытается косплеить АК-47.",,,ModItemInventoryItemCompositeDef Galil Description
241460687901,"<image UI/Conversation/T_Dialogue_IconBackgroundCircle.tga 400 130 128 120> Винтовочный патрон
<image UI/Conversation/T_Dialogue_IconBackgroundCircle.tga 400 130 128 120> Высокая надежность
<image UI/Conversation/T_Dialogue_IconBackgroundCircle.tga 400 130 128 120> Низкая точность",,,ModItemInventoryItemCompositeDef Galil AdditionalHint
686240686821,M16A2,,,ModItemInventoryItemCompositeDef M16A2 DisplayName
548213604732,M16A2,,,ModItemInventoryItemCompositeDef M16A2 DisplayNamePlural
598399726681,"Пожалуй, самый легендарный образец западного огнестрельного оружия. М16 была первой винтовкой под патрон 5,56 НАТО, разработанный специально под ее 20-дюймовый ствол. Высокая скорость полета пули обеспечивает как точность на дальних дистанциях, так и удобство стрельбы очередями, хоть М16 и проигрывает в убойной силе своему основному конкуренту, АК-47. Главное, не обращайте внимания на досылатель патрона...",,,ModItemInventoryItemCompositeDef M16A2 Description
544518490034,"<image UI/Conversation/T_Dialogue_IconBackgroundCircle.tga 400 130 128 120> Высокая точность и хорошая дальность
<image UI/Conversation/T_Dialogue_IconBackgroundCircle.tga 400 130 128 120> Нет режима автоматической стрельбы",,,ModItemInventoryItemCompositeDef M16A2 AdditionalHint
999635024538,AKM,,,ModItemInventoryItemCompositeDef AKM DisplayName
559179013491,AKM,,,ModItemInventoryItemCompositeDef AKM DisplayNamePlural
206422173105,Второе поколение автоматов Калашникова с максимально обкатанной и оптимизированной технологией производства. Именно этот автомат стал символом освобождения мирового пролетариата от мирового империализма.,,,ModItemInventoryItemCompositeDef AKM Description
374871853859,"<image UI/Conversation/T_Dialogue_IconBackgroundCircle.tga 400 130 128 120> Высокая отдача
<image UI/Conversation/T_Dialogue_IconBackgroundCircle.tga 400 130 128 120> Высокая надежность",,,ModItemInventoryItemCompositeDef AKM AdditionalHint
953214136765,FN-FAL,,,ModItemInventoryItemCompositeDef FNFAL DisplayName
293593828679,FN-FAL,,,ModItemInventoryItemCompositeDef FNFAL DisplayNamePlural
663922800151,"Винтовка FN FAL (Fusil Autamatique Leger - Легкая Автоматическая Винтовка). Своеобразный символ НАТО - производилась в более чем 20 странах, состояла на вооружении в более чем 70 странах. Среди наемников AIM имеет ласковое прозвище - ""фалочка"".",,,ModItemInventoryItemCompositeDef FNFAL Description
985768409147,"<image UI/Conversation/T_Dialogue_IconBackgroundCircle.tga 400 130 128 120> Винтовочный патрон
<image UI/Conversation/T_Dialogue_IconBackgroundCircle.tga 400 130 128 120> Высокая надежность
<image UI/Conversation/T_Dialogue_IconBackgroundCircle.tga 400 130 128 120> Высокая цена атаки",,,ModItemInventoryItemCompositeDef FNFAL AdditionalHint
168139347519,AUG,,,ModItemInventoryItemCompositeDef AUG DisplayName
927517655395,AUG,,,ModItemInventoryItemCompositeDef AUG DisplayNamePlural
769364856118,"Винтовка в комплектации буллпап, изготовленная из немереного количества пластика (и одна из первых попыток создать винтовку с интегрированной оптикой). Является, можно сказать, воплощением идеи перехода от тяжелых и громоздких боевых винтовок калибра 7.62 к более легким штурмовым винтовкам под патрон 5,56 НАТО.",,,ModItemInventoryItemCompositeDef AUG Description
423281925211,"<image UI/Conversation/T_Dialogue_IconBackgroundCircle.tga 400 130 128 120> Возможность вести маневренный бой
<image UI/Conversation/T_Dialogue_IconBackgroundCircle.tga 400 130 128 120> Скорострельное
<image UI/Conversation/T_Dialogue_IconBackgroundCircle.tga 400 130 128 120> Низкая цена атаки, но высокая цена перезарядки
<image UI/Conversation/T_Dialogue_IconBackgroundCircle.tga 400 130 128 120> Низкая точность",,,ModItemInventoryItemCompositeDef AUG AdditionalHint
220462500912,G3A3,,,ModItemInventoryItemCompositeDef G3A3 DisplayName
865494653176,G3A3,,,ModItemInventoryItemCompositeDef G3A3 DisplayNamePlural
267005341100,"С 1959 по 1995 годы - основное стрелковое оружие Бундесвера. A3 - поздний серийный вариант, с пластиковым вентилируемым цевьем и барабанным целиком. В основе автоматики - фирменная схема с роликовым замедлением полусвободного затвора. Странным путем пошла эволюция оружия, в то время как у советов уже был автомат под промежуточный патрон.",,,ModItemInventoryItemCompositeDef G3A3 Description
437684046468,"<image UI/Conversation/T_Dialogue_IconBackgroundCircle.tga 400 130 128 120> Винтовочный патрон
<image UI/Conversation/T_Dialogue_IconBackgroundCircle.tga 400 130 128 120> Высокая надежность
<image UI/Conversation/T_Dialogue_IconBackgroundCircle.tga 400 130 128 120> Высокая точность и дальность
<image UI/Conversation/T_Dialogue_IconBackgroundCircle.tga 400 130 128 120> Высокая цена атаки",,,ModItemInventoryItemCompositeDef G3A3 AdditionalHint
161862766562,M16A4,,,ModItemInventoryItemCompositeDef M16A4 DisplayName
536348214509,M16A4,,,ModItemInventoryItemCompositeDef M16A4 DisplayNamePlural
684844255281,"Оружие, созданное для обеспечения гарантированного конституцией США права на самооборону, с возможностью максимально быстрой и простой конвертации в автоматическое оружие, потому что каждому законопослушному гражданину нужен автомат, разве нет?",,,ModItemInventoryItemCompositeDef M16A4 Description
147345936439,"<image UI/Conversation/T_Dialogue_IconBackgroundCircle.tga 400 130 128 120> Высокая точность и хорошая дальность (для 5.56)
<image UI/Conversation/T_Dialogue_IconBackgroundCircle.tga 400 130 128 120>  Хорошая надежность
<image UI/Conversation/T_Dialogue_IconBackgroundCircle.tga 400 130 128 120> Нет режима автоматической стрельбы",,,ModItemInventoryItemCompositeDef M16A4 AdditionalHint
722466346272,G36,,,ModItemInventoryItemCompositeDef G36 DisplayName
905454635960,G36,,,ModItemInventoryItemCompositeDef G36 DisplayNamePlural
836383022466,"Футуристичного вида штурмовая винтовка с интегрированной двойной системой прицеливания. Газовый поршень короткого хода и патрон 5,56 НАТО - что еще нужно для стабильной, прицельной стрельбы?",,,ModItemInventoryItemCompositeDef G36 Description
463766324900,"<image UI/Conversation/T_Dialogue_IconBackgroundCircle.tga 400 130 128 120> Высокая точность и дальность
<image UI/Conversation/T_Dialogue_IconBackgroundCircle.tga 400 130 128 120> Режим очереди по 3 патрона",,,ModItemInventoryItemCompositeDef G36 AdditionalHint
758980449743,G3A4,,,ModItemInventoryItemCompositeDef G3A4 DisplayName
434643473531,G3A4,,,ModItemInventoryItemCompositeDef G3A4 DisplayNamePlural
339301117514,"Та же G3A3, но с раздвижным телескопическим прикладом, призванным хоть как-то сократить габариты громоздкой винтовки.",,,ModItemInventoryItemCompositeDef G3A4 Description
305549287206,"<image UI/Conversation/T_Dialogue_IconBackgroundCircle.tga 400 130 128 120> Винтовочный патрон
<image UI/Conversation/T_Dialogue_IconBackgroundCircle.tga 400 130 128 120> Высокая надежность
<image UI/Conversation/T_Dialogue_IconBackgroundCircle.tga 400 130 128 120> Высокая точность и дальность
<image UI/Conversation/T_Dialogue_IconBackgroundCircle.tga 400 130 128 120> Складной приклад
<image UI/Conversation/T_Dialogue_IconBackgroundCircle.tga 400 130 128 120> Высокая цена атаки",,,ModItemInventoryItemCompositeDef G3A4 AdditionalHint
807864486419,Sig 550,,,ModItemInventoryItemCompositeDef Sig550 DisplayName
603920639509,Sig 550,,,ModItemInventoryItemCompositeDef Sig550 DisplayNamePlural
929498915972,"Что получится, если АК попытаются изобрести в Швейцарии? Получится одна из самых крутых современных армейских винтовок. Классическая компоновка. Простота конструкции. Швейцарская точность и надежность. Никаких понтов.",,,ModItemInventoryItemCompositeDef Sig550 Description
945970858736,"<image UI/Conversation/T_Dialogue_IconBackgroundCircle.tga 400 130 128 120> Высокая точность и дальность
<image UI/Conversation/T_Dialogue_IconBackgroundCircle.tga 400 130 128 120> Возможности модификаций",,,ModItemInventoryItemCompositeDef Sig550 AdditionalHint
272433720269,Sig 550 RIS,,,ModItemInventoryItemCompositeDef Sig550Custom DisplayName
798139952558,Sig 550 RIS,,,ModItemInventoryItemCompositeDef Sig550Custom DisplayNamePlural
566075228001,"Что получится, если АК попытаются изобрести в Швейцарии? Получится одна из самых крутых современных армейских винтовок. Классическая компоновка. Простота конструкции. Швейцарская точность и надежность. Никаких понтов.",,,ModItemInventoryItemCompositeDef Sig550Custom Description
308282259925,"<image UI/Conversation/T_Dialogue_IconBackgroundCircle.tga 400 130 128 120> Высокая точность и дальность
<image UI/Conversation/T_Dialogue_IconBackgroundCircle.tga 400 130 128 120> Возможности модификаций",,,ModItemInventoryItemCompositeDef Sig550Custom AdditionalHint
498856201701,АК-74,,,ModItemInventoryItemCompositeDef AK74 DisplayName
899054877778,АК-74,,,ModItemInventoryItemCompositeDef AK74 DisplayNamePlural
880248066784,"В районе 1974 года советские конструкторы обновили классический дизайн «калаша» - так и появился на свет этот красавец. В него внесли много изменений, но сердце механизма - газовый поршень длинного хода - осталось в оригинальном виде.",,,ModItemInventoryItemCompositeDef AK74 Description
616506240472,"<image UI/Conversation/T_Dialogue_IconBackgroundCircle.tga 400 130 128 120> Высокая точность и дальность
<image UI/Conversation/T_Dialogue_IconBackgroundCircle.tga 400 130 128 120> Высокий шанс крита",,,ModItemInventoryItemCompositeDef AK74 AdditionalHint
788058405353,АН-94,,,ModItemInventoryItemCompositeDef AN94 DisplayName
262648164312,АН-94,,,ModItemInventoryItemCompositeDef AN94 DisplayNamePlural
967767145469,"В районе 1974 года советские конструкторы обновили классический дизайн «калаша» - так и появился на свет этот красавец. В него внесли много изменений, но сердце механизма - газовый поршень длинного хода - осталось в оригинальном виде.",,,ModItemInventoryItemCompositeDef AN94 Description
752424178514,"<image UI/Conversation/T_Dialogue_IconBackgroundCircle.tga 400 130 128 120> Высокая точность и дальность
<image UI/Conversation/T_Dialogue_IconBackgroundCircle.tga 400 130 128 120> Высокий шанс крита",,,ModItemInventoryItemCompositeDef AN94 AdditionalHint
620616109287,ОТКЛЮЧЕНО,,,ModItemInventoryItemCompositeDef AR15 DisplayName
421206527372,ОТКЛЮЧЕНО,,,ModItemInventoryItemCompositeDef AR15 DisplayNamePlural
259547754550,"Оружие, созданное для обеспечения гарантированного конституцией США права на самооборону, с возможностью максимально быстрой и простой конвертации в автоматическое оружие, потому что каждому законопослушному гражданину нужен автомат, разве нет?",,,ModItemInventoryItemCompositeDef AR15 Description
213671010859,"<image UI/Conversation/T_Dialogue_IconBackgroundCircle.tga 400 130 128 120> Высокий шанс критического попадания
<image UI/Conversation/T_Dialogue_IconBackgroundCircle.tga 400 130 128 120> Низкая цена атаки
<image UI/Conversation/T_Dialogue_IconBackgroundCircle.tga 400 130 128 120> Большое количество модулей
<image UI/Conversation/T_Dialogue_IconBackgroundCircle.tga 400 130 128 120> При установке стандартного приклада нет автоматического огня",,,ModItemInventoryItemCompositeDef AR15 AdditionalHint
847561503717,АК47,,,ModItemInventoryItemCompositeDef AK47 DisplayName
336276554025,АК47,,,ModItemInventoryItemCompositeDef AK47 DisplayNamePlural
275113667304,"Если где-то в мире случается конфликт, вы точно найдете там АК-47. Это аксиома. Старый-добрый «калаш» неприхотлив, прост в использовании, надежен и стоит гроши. Статистика утверждает, что в мире водится более 75 миллионов экземпляров этого зверя.",,,ModItemInventoryItemCompositeDef AK47 Description
701155777761,<image UI/Conversation/T_Dialogue_IconBackgroundCircle.tga 400 130 128 120> Повышенная износоустойчивость,,,ModItemInventoryItemCompositeDef AK47 AdditionalHint
294736997687,Type 56,,,ModItemInventoryItemCompositeDef Type56 DisplayName
841407749387,Type 56,,,ModItemInventoryItemCompositeDef Type56 DisplayNamePlural
854531008352,"Пиратская, в смысле, китайская копия советского автомата АКС. Имеет складной вниз, либо фиксированный деревянный приклад и фрезерованную ствольную коробку. Качество разнится от нестреляющей рухляди до вполне приличного автомата. Длинный игольчатый штык призван делать канапе из лаоваев.",,,ModItemInventoryItemCompositeDef Type56 Description
636364655942,"<image UI/Conversation/T_Dialogue_IconBackgroundCircle.tga 400 130 128 120> Высокая отдача
<image UI/Conversation/T_Dialogue_IconBackgroundCircle.tga 400 130 128 120> Низкая дальность
<image UI/Conversation/T_Dialogue_IconBackgroundCircle.tga 400 130 128 120> Низкая надежность",,,ModItemInventoryItemCompositeDef Type56 AdditionalHint
433590423027,M-14,,,ModItemInventoryItemCompositeDef M14SAW DisplayName
380834399389,M-14,,,ModItemInventoryItemCompositeDef M14SAW DisplayNamePlural
572366580172,"Глубоко модифицированная винтовка M1 - измененный газовый двигатель, магазинное питание, новый на тот момент (начало 1950х) патрон 7.62х51мм. Винтовка оказалась крайне бесполезной в условиях войны в джунглях, из-за чего была заменена M16.",,,ModItemInventoryItemCompositeDef M14SAW Description
459810570521,"<image UI/Conversation/T_Dialogue_IconBackgroundCircle.tga 400 130 128 120> Высокая отдача
<image UI/Conversation/T_Dialogue_IconBackgroundCircle.tga 400 130 128 120> Винтовочный патрон
<image UI/Conversation/T_Dialogue_IconBackgroundCircle.tga 400 130 128 120> Низкая надежность
<image UI/Conversation/T_Dialogue_IconBackgroundCircle.tga 400 130 128 120> Высокая цена атаки",,,ModItemInventoryItemCompositeDef M14SAW AdditionalHint
185329589695,M16A1,,,ModItemInventoryItemCompositeDef M16A1 DisplayName
996523018665,M16A1,,,ModItemInventoryItemCompositeDef M16A1 DisplayNamePlural
540807842727,"Ранний вариант винтовки М16 (AR15), принятый на вооружение US Army в далеком 1967 году. Из-за стремления этой самой US Army сэкономить, винтовка получила кучу проблем с надежностью, отмыть от которых репутацию она не может до сих пор.",,,ModItemInventoryItemCompositeDef M16A1 Description
779972384279,<image UI/Conversation/T_Dialogue_IconBackgroundCircle.tga 400 130 128 120> Низкая надежность,,,ModItemInventoryItemCompositeDef M16A1 AdditionalHint
220029118961,Zastava M70,,,ModItemInventoryItemCompositeDef Zastava_M70 DisplayName
690505630098,Zastava M70,,,ModItemInventoryItemCompositeDef Zastava_M70 DisplayNamePlural
565225387197,Второе поколение автоматов Калашникова с максимально обкатанной и оптимизированной технологией производства. Именно этот автомат стал символом освобождения мирового пролетариата от мирового империализма.,,,ModItemInventoryItemCompositeDef Zastava_M70 Description
907311329202,"<image UI/Conversation/T_Dialogue_IconBackgroundCircle.tga 400 130 128 120> Высокая отдача
<image UI/Conversation/T_Dialogue_IconBackgroundCircle.tga 400 130 128 120> Высокая надежность",,,ModItemInventoryItemCompositeDef Zastava_M70 AdditionalHint
972200337542,FAMAS,,,ModItemInventoryItemCompositeDef FAMAS DisplayName
297539929545,FAMAS,,,ModItemInventoryItemCompositeDef FAMAS DisplayNamePlural
747433759944,"Вся утилитарность и эргономичность буллпап-дизайна. Конструкторы планировали, что магазины для винтовки будут одноразовые и выбрасываться после использования, но даже самый лучший план не в состоянии пережить встречи с реальностью: солдаты начали повторно использовать магазины, что, разумеется, привело к куче разных проблем. Поэтому позже пришлось разрабатывать более прочный магазин.",,,ModItemInventoryItemCompositeDef FAMAS Description
999618490577,"<image UI/Conversation/T_Dialogue_IconBackgroundCircle.tga 400 130 128 120> Низкий урон
<image UI/Conversation/T_Dialogue_IconBackgroundCircle.tga 400 130 128 120> Скорострельное
<image UI/Conversation/T_Dialogue_IconBackgroundCircle.tga 400 130 128 120> Низкая цена атаки
<image UI/Conversation/T_Dialogue_IconBackgroundCircle.tga 400 130 128 120> Повышенная цена перезарядки
<image UI/Conversation/T_Dialogue_IconBackgroundCircle.tga 400 130 128 120> Низкая дальность",,,ModItemInventoryItemCompositeDef FAMAS AdditionalHint
571302959001,Galil,,,ModItemInventoryItemCompositeDef Galil DisplayName
920649900260,Galil,,,ModItemInventoryItemCompositeDef Galil DisplayNamePlural
383348230824,"Изначально разрабатывался со встроенной открывашкой, чтобы солдаты не гробили магазины в попытках вскрывать ими бутылки. По какой-то неизвестной причине пытается косплеить АК-47.",,,ModItemInventoryItemCompositeDef Galil Description
241460687901,"<image UI/Conversation/T_Dialogue_IconBackgroundCircle.tga 400 130 128 120> Винтовочный патрон
<image UI/Conversation/T_Dialogue_IconBackgroundCircle.tga 400 130 128 120> Высокая надежность
<image UI/Conversation/T_Dialogue_IconBackgroundCircle.tga 400 130 128 120> Низкая точность",,,ModItemInventoryItemCompositeDef Galil AdditionalHint
686240686821,M16A2,,,ModItemInventoryItemCompositeDef M16A2 DisplayName
548213604732,M16A2,,,ModItemInventoryItemCompositeDef M16A2 DisplayNamePlural
598399726681,"Пожалуй, самый легендарный образец западного огнестрельного оружия. М16 была первой винтовкой под патрон 5,56 НАТО, разработанный специально под ее 20-дюймовый ствол. Высокая скорость полета пули обеспечивает как точность на дальних дистанциях, так и удобство стрельбы очередями, хоть М16 и проигрывает в убойной силе своему основному конкуренту, АК-47. Главное, не обращайте внимания на досылатель патрона...",,,ModItemInventoryItemCompositeDef M16A2 Description
544518490034,"<image UI/Conversation/T_Dialogue_IconBackgroundCircle.tga 400 130 128 120> Высокая точность и хорошая дальность
<image UI/Conversation/T_Dialogue_IconBackgroundCircle.tga 400 130 128 120> Нет режима автоматической стрельбы",,,ModItemInventoryItemCompositeDef M16A2 AdditionalHint
999635024538,AKM,,,ModItemInventoryItemCompositeDef AKM DisplayName
559179013491,AKM,,,ModItemInventoryItemCompositeDef AKM DisplayNamePlural
206422173105,Второе поколение автоматов Калашникова с максимально обкатанной и оптимизированной технологией производства. Именно этот автомат стал символом освобождения мирового пролетариата от мирового империализма.,,,ModItemInventoryItemCompositeDef AKM Description
374871853859,"<image UI/Conversation/T_Dialogue_IconBackgroundCircle.tga 400 130 128 120> Высокая отдача
<image UI/Conversation/T_Dialogue_IconBackgroundCircle.tga 400 130 128 120> Высокая надежность",,,ModItemInventoryItemCompositeDef AKM AdditionalHint
953214136765,FN-FAL,,,ModItemInventoryItemCompositeDef FNFAL DisplayName
293593828679,FN-FAL,,,ModItemInventoryItemCompositeDef FNFAL DisplayNamePlural
663922800151,"Винтовка FN FAL (Fusil Autamatique Leger - Легкая Автоматическая Винтовка). Своеобразный символ НАТО - производилась в более чем 20 странах, состояла на вооружении в более чем 70 странах. Среди наемников AIM имеет ласковое прозвище - ""фалочка"".",,,ModItemInventoryItemCompositeDef FNFAL Description
985768409147,"<image UI/Conversation/T_Dialogue_IconBackgroundCircle.tga 400 130 128 120> Винтовочный патрон
<image UI/Conversation/T_Dialogue_IconBackgroundCircle.tga 400 130 128 120> Высокая надежность
<image UI/Conversation/T_Dialogue_IconBackgroundCircle.tga 400 130 128 120> Высокая цена атаки",,,ModItemInventoryItemCompositeDef FNFAL AdditionalHint
168139347519,AUG,,,ModItemInventoryItemCompositeDef AUG DisplayName
927517655395,AUG,,,ModItemInventoryItemCompositeDef AUG DisplayNamePlural
769364856118,"Винтовка в комплектации буллпап, изготовленная из немереного количества пластика (и одна из первых попыток создать винтовку с интегрированной оптикой). Является, можно сказать, воплощением идеи перехода от тяжелых и громоздких боевых винтовок калибра 7.62 к более легким штурмовым винтовкам под патрон 5,56 НАТО.",,,ModItemInventoryItemCompositeDef AUG Description
423281925211,"<image UI/Conversation/T_Dialogue_IconBackgroundCircle.tga 400 130 128 120> Возможность вести маневренный бой
<image UI/Conversation/T_Dialogue_IconBackgroundCircle.tga 400 130 128 120> Скорострельное
<image UI/Conversation/T_Dialogue_IconBackgroundCircle.tga 400 130 128 120> Низкая цена атаки, но высокая цена перезарядки
<image UI/Conversation/T_Dialogue_IconBackgroundCircle.tga 400 130 128 120> Низкая точность",,,ModItemInventoryItemCompositeDef AUG AdditionalHint
220462500912,G3A3,,,ModItemInventoryItemCompositeDef G3A3 DisplayName
865494653176,G3A3,,,ModItemInventoryItemCompositeDef G3A3 DisplayNamePlural
267005341100,"С 1959 по 1995 годы - основное стрелковое оружие Бундесвера. A3 - поздний серийный вариант, с пластиковым вентилируемым цевьем и барабанным целиком. В основе автоматики - фирменная схема с роликовым замедлением полусвободного затвора. Странным путем пошла эволюция оружия, в то время как у советов уже был автомат под промежуточный патрон.",,,ModItemInventoryItemCompositeDef G3A3 Description
437684046468,"<image UI/Conversation/T_Dialogue_IconBackgroundCircle.tga 400 130 128 120> Винтовочный патрон
<image UI/Conversation/T_Dialogue_IconBackgroundCircle.tga 400 130 128 120> Высокая надежность
<image UI/Conversation/T_Dialogue_IconBackgroundCircle.tga 400 130 128 120> Высокая точность и дальность
<image UI/Conversation/T_Dialogue_IconBackgroundCircle.tga 400 130 128 120> Высокая цена атаки",,,ModItemInventoryItemCompositeDef G3A3 AdditionalHint
161862766562,M16A4,,,ModItemInventoryItemCompositeDef M16A4 DisplayName
536348214509,M16A4,,,ModItemInventoryItemCompositeDef M16A4 DisplayNamePlural
684844255281,"Оружие, созданное для обеспечения гарантированного конституцией США права на самооборону, с возможностью максимально быстрой и простой конвертации в автоматическое оружие, потому что каждому законопослушному гражданину нужен автомат, разве нет?",,,ModItemInventoryItemCompositeDef M16A4 Description
147345936439,"<image UI/Conversation/T_Dialogue_IconBackgroundCircle.tga 400 130 128 120> Высокая точность и хорошая дальность (для 5.56)
<image UI/Conversation/T_Dialogue_IconBackgroundCircle.tga 400 130 128 120>  Хорошая надежность
<image UI/Conversation/T_Dialogue_IconBackgroundCircle.tga 400 130 128 120> Нет режима автоматической стрельбы",,,ModItemInventoryItemCompositeDef M16A4 AdditionalHint
722466346272,G36,,,ModItemInventoryItemCompositeDef G36 DisplayName
905454635960,G36,,,ModItemInventoryItemCompositeDef G36 DisplayNamePlural
836383022466,"Футуристичного вида штурмовая винтовка с интегрированной двойной системой прицеливания. Газовый поршень короткого хода и патрон 5,56 НАТО - что еще нужно для стабильной, прицельной стрельбы?",,,ModItemInventoryItemCompositeDef G36 Description
463766324900,"<image UI/Conversation/T_Dialogue_IconBackgroundCircle.tga 400 130 128 120> Высокая точность и дальность
<image UI/Conversation/T_Dialogue_IconBackgroundCircle.tga 400 130 128 120> Режим очереди по 3 патрона",,,ModItemInventoryItemCompositeDef G36 AdditionalHint
758980449743,G3A4,,,ModItemInventoryItemCompositeDef G3A4 DisplayName
434643473531,G3A4,,,ModItemInventoryItemCompositeDef G3A4 DisplayNamePlural
339301117514,"Та же G3A3, но с раздвижным телескопическим прикладом, призванным хоть как-то сократить габариты громоздкой винтовки.",,,ModItemInventoryItemCompositeDef G3A4 Description
305549287206,"<image UI/Conversation/T_Dialogue_IconBackgroundCircle.tga 400 130 128 120> Винтовочный патрон
<image UI/Conversation/T_Dialogue_IconBackgroundCircle.tga 400 130 128 120> Высокая надежность
<image UI/Conversation/T_Dialogue_IconBackgroundCircle.tga 400 130 128 120> Высокая точность и дальность
<image UI/Conversation/T_Dialogue_IconBackgroundCircle.tga 400 130 128 120> Складной приклад
<image UI/Conversation/T_Dialogue_IconBackgroundCircle.tga 400 130 128 120> Высокая цена атаки",,,ModItemInventoryItemCompositeDef G3A4 AdditionalHint
807864486419,Sig 550,,,ModItemInventoryItemCompositeDef Sig550 DisplayName
603920639509,Sig 550,,,ModItemInventoryItemCompositeDef Sig550 DisplayNamePlural
929498915972,"Что получится, если АК попытаются изобрести в Швейцарии? Получится одна из самых крутых современных армейских винтовок. Классическая компоновка. Простота конструкции. Швейцарская точность и надежность. Никаких понтов.",,,ModItemInventoryItemCompositeDef Sig550 Description
945970858736,"<image UI/Conversation/T_Dialogue_IconBackgroundCircle.tga 400 130 128 120> Высокая точность и дальность
<image UI/Conversation/T_Dialogue_IconBackgroundCircle.tga 400 130 128 120> Возможности модификаций",,,ModItemInventoryItemCompositeDef Sig550 AdditionalHint
272433720269,Sig 550 RIS,,,ModItemInventoryItemCompositeDef Sig550Custom DisplayName
798139952558,Sig 550 RIS,,,ModItemInventoryItemCompositeDef Sig550Custom DisplayNamePlural
566075228001,"Что получится, если АК попытаются изобрести в Швейцарии? Получится одна из самых крутых современных армейских винтовок. Классическая компоновка. Простота конструкции. Швейцарская точность и надежность. Никаких понтов.",,,ModItemInventoryItemCompositeDef Sig550Custom Description
308282259925,"<image UI/Conversation/T_Dialogue_IconBackgroundCircle.tga 400 130 128 120> Высокая точность и дальность
<image UI/Conversation/T_Dialogue_IconBackgroundCircle.tga 400 130 128 120> Возможности модификаций",,,ModItemInventoryItemCompositeDef Sig550Custom AdditionalHint
498856201701,АК-74,,,ModItemInventoryItemCompositeDef AK74 DisplayName
899054877778,АК-74,,,ModItemInventoryItemCompositeDef AK74 DisplayNamePlural
880248066784,"В районе 1974 года советские конструкторы обновили классический дизайн «калаша» - так и появился на свет этот красавец. В него внесли много изменений, но сердце механизма - газовый поршень длинного хода - осталось в оригинальном виде.",,,ModItemInventoryItemCompositeDef AK74 Description
616506240472,"<image UI/Conversation/T_Dialogue_IconBackgroundCircle.tga 400 130 128 120> Высокая точность и дальность
<image UI/Conversation/T_Dialogue_IconBackgroundCircle.tga 400 130 128 120> Высокий шанс крита",,,ModItemInventoryItemCompositeDef AK74 AdditionalHint
788058405353,АН-94,,,ModItemInventoryItemCompositeDef AN94 DisplayName
262648164312,АН-94,,,ModItemInventoryItemCompositeDef AN94 DisplayNamePlural
967767145469,"В районе 1974 года советские конструкторы обновили классический дизайн «калаша» - так и появился на свет этот красавец. В него внесли много изменений, но сердце механизма - газовый поршень длинного хода - осталось в оригинальном виде.",,,ModItemInventoryItemCompositeDef AN94 Description
752424178514,"<image UI/Conversation/T_Dialogue_IconBackgroundCircle.tga 400 130 128 120> Высокая точность и дальность
<image UI/Conversation/T_Dialogue_IconBackgroundCircle.tga 400 130 128 120> Высокий шанс крита",,,ModItemInventoryItemCompositeDef AN94 AdditionalHint
487511193507,Winchester 1894,,,ModItemInventoryItemCompositeDef Winchester1894 DisplayName
883443868274,Winchester 1894,,,ModItemInventoryItemCompositeDef Winchester1894 DisplayNamePlural
974064419520,"Классическая винтовка прямиком из фильмов про ковбоев и индейцев. Подствольный трубчатый магазин вмещает больше патронов, чем в обычной винтовке с продольно-скользящим затвором. Как она очутилась в здешних краях - тайна, покрытая мраком.",,,ModItemInventoryItemCompositeDef Winchester1894 Description
131315500923,"<image UI/Conversation/T_Dialogue_IconBackgroundCircle.tga 400 130 128 120> Низкая цена атаки
<image UI/Conversation/T_Dialogue_IconBackgroundCircle.tga 400 130 128 120> Сниженная дальнобойность
<image UI/Conversation/T_Dialogue_IconBackgroundCircle.tga 400 130 128 120> Револьверный патрон",,,ModItemInventoryItemCompositeDef Winchester1894 AdditionalHint
961788380704,СКС,,,ModItemInventoryItemCompositeDef SKS DisplayName
176494711002,СКС,,,ModItemInventoryItemCompositeDef SKS DisplayNamePlural
505902341428,"Не востребованный в Советской Армии, тем не менее, весьма любим гражданскими стрелками в России за точность боя. Но это капля в море перед маниакальной страстью к нему стрелков в США. Хорошим тоном считается хотя бы один СКС на коллекцию. Хотя бы и китайский.",,,ModItemInventoryItemCompositeDef SKS Description
115214440494,"<image UI/Conversation/T_Dialogue_IconBackgroundCircle.tga 400 130 128 120> Низкая цена атаки
<image UI/Conversation/T_Dialogue_IconBackgroundCircle.tga 400 130 128 120> Точное и дальнобойное (для 7.62х39)",,,ModItemInventoryItemCompositeDef SKS AdditionalHint
130114172657,СВТ-40,,,ModItemInventoryItemCompositeDef SVT40 DisplayName
641755001597,СВТ-40,,,ModItemInventoryItemCompositeDef SVT40 DisplayNamePlural
860271990651,"""Светлана"" Федоровна Токарева, прошу любить и жаловать. Самозарядная винтовка СССР периода начала ВОВ. ""Света"" оказалась дамой очень капризной и требовательной к уходу, так что с работой в боевых частях Красной армии у нее не заладилось, а вот более подготовленные морские пехотинцы ""Светку"" использовали с удовольствием вплоть до самого конца войны.",,,ModItemInventoryItemCompositeDef SVT40 Description
285658866878,"<image UI/Conversation/T_Dialogue_IconBackgroundCircle.tga 400 130 128 120> Высокая дальнобойность
<image UI/Conversation/T_Dialogue_IconBackgroundCircle.tga 400 130 128 120> Нельзя поставить прицел высокой кратности
<image UI/Conversation/T_Dialogue_IconBackgroundCircle.tga 400 130 128 120> Продольно-скользящий затвор",,,ModItemInventoryItemCompositeDef SVT40 AdditionalHint
367484719110,АВТ-40,,,ModItemInventoryItemCompositeDef AVT40 DisplayName
942986769472,АВТ-40,,,ModItemInventoryItemCompositeDef AVT40 DisplayNamePlural
316917161495,"Автоматическая версия винтовки Токарева. Отличается, собственно, наличием режима полностью автоматического огня. Эффективность этого огня, правда, чрезвычайно низкая, а сама ""Света оказалась для стрельбы очередями слишком хрупкой. Найти винтовку в хорошем состоянии не так-то просто.",,,ModItemInventoryItemCompositeDef AVT40 Description
633154258440,"<image UI/Conversation/T_Dialogue_IconBackgroundCircle.tga 400 130 128 120> Высокая дальнобойность
<image UI/Conversation/T_Dialogue_IconBackgroundCircle.tga 400 130 128 120> Нельзя поставить прицел высокой кратности
<image UI/Conversation/T_Dialogue_IconBackgroundCircle.tga 400 130 128 120> Продольно-скользящий затвор",,,ModItemInventoryItemCompositeDef AVT40 AdditionalHint
501123057305,Мини-14,,,ModItemInventoryItemCompositeDef Mini14 DisplayName
278361876068,Мини-14,,,ModItemInventoryItemCompositeDef Mini14 DisplayNamePlural
309003319209,"Облегченный уменьшенный карабин на базе армейской винтовки М14, максимально доступен для гражданского стрелка - от охоты и самообороны, до обучения стрельбе в тире. Валовый карабин требует серьезной доводки напильником.",,,ModItemInventoryItemCompositeDef Mini14 Description
651056854498,<image UI/Conversation/T_Dialogue_IconBackgroundCircle.tga 400 130 128 120> 5.56,,,ModItemInventoryItemCompositeDef Mini14 AdditionalHint
355962852193,M-21,,,ModItemInventoryItemCompositeDef M21 DisplayName
992107273305,M-21,,,ModItemInventoryItemCompositeDef M21 DisplayNamePlural
446158424124,"Американская армейская снайперская винтовка, представляет собой винтовку М14 со снятым переводчиком огня, и установленным оптическим прицелом. Дешево, сердито, эффективно.",,,ModItemInventoryItemCompositeDef M21 Description
903996606162,<image UI/Conversation/T_Dialogue_IconBackgroundCircle.tga 400 130 128 120> Снайперская версия м14,,,ModItemInventoryItemCompositeDef M21 AdditionalHint
576484957808,G3 SG,,,ModItemInventoryItemCompositeDef G3SniperV1 DisplayName
312697214381,G3 SG,,,ModItemInventoryItemCompositeDef G3SniperV1 DisplayNamePlural
607371169081,"Heckler-Koch G3SG1 - cнайперская целевая винтовка, разработанная путем незначительной доработки серийной штурмовой винтовки G3. Для модернизации отбирались винтовки, показавшие лучшую кучность на заводских тестах.",,,ModItemInventoryItemCompositeDef G3SniperV1 Description
526090694402,<image UI/Conversation/T_Dialogue_IconBackgroundCircle.tga 400 130 128 120> Снайперская версия G3A3,,,ModItemInventoryItemCompositeDef G3SniperV1 AdditionalHint
524754436049,ВСС,,,ModItemInventoryItemCompositeDef VSS DisplayName
240794448842,ВСС,,,ModItemInventoryItemCompositeDef VSS DisplayNamePlural
687233228891,"Культовая среди спецназовцев и геймеров всех мастей советская и российская бесшумная снайперская винтовка. Громкость звука выстрела из нее на уровне звука пневматической винтовки. К огромному сожалению, как и ""Вал"", на экспорт Россией не продается.",,,ModItemInventoryItemCompositeDef VSS Description
392960567716,"<image UI/Conversation/T_Dialogue_IconBackgroundCircle.tga 400 130 128 120> Поддерживает большинство прицелов
<image UI/Conversation/T_Dialogue_IconBackgroundCircle.tga 400 130 128 120> Практически бесшумная
<image UI/Conversation/T_Dialogue_IconBackgroundCircle.tga 400 130 128 120> Есть режим очереди",,,ModItemInventoryItemCompositeDef VSS AdditionalHint
341887486342,СВУ,,,ModItemInventoryItemCompositeDef SVU DisplayName
490562293667,СВУ,,,ModItemInventoryItemCompositeDef SVU DisplayNamePlural
803696120423,"СВД в компоновке буллпап. Из-за чего, а также из-за укороченного ствола, короче старшей сестры на 25 см, что повышает ее эффективность в маневренном городском бою. Однако, из-за компоновки буллпап спуск на длинной тяге вынесен вперед, что для снайперской винтовки неблагоприятно. Стрелок не чувствует момент ""срыва курка"".",,,ModItemInventoryItemCompositeDef SVU Description
499804684579,"<image UI/Conversation/T_Dialogue_IconBackgroundCircle.tga 400 130 128 120> Самозарядная
<image UI/Conversation/T_Dialogue_IconBackgroundCircle.tga 400 130 128 120> Поддерживает большинство прицелов
<image UI/Conversation/T_Dialogue_IconBackgroundCircle.tga 400 130 128 120> Высокая надежность
<image UI/Conversation/T_Dialogue_IconBackgroundCircle.tga 400 130 128 120> Есть режим очереди",,,ModItemInventoryItemCompositeDef SVU AdditionalHint
487511193507,Winchester 1894,,,ModItemInventoryItemCompositeDef Winchester1894 DisplayName
883443868274,Winchester 1894,,,ModItemInventoryItemCompositeDef Winchester1894 DisplayNamePlural
974064419520,"Классическая винтовка прямиком из фильмов про ковбоев и индейцев. Подствольный трубчатый магазин вмещает больше патронов, чем в обычной винтовке с продольно-скользящим затвором. Как она очутилась в здешних краях - тайна, покрытая мраком.",,,ModItemInventoryItemCompositeDef Winchester1894 Description
131315500923,"<image UI/Conversation/T_Dialogue_IconBackgroundCircle.tga 400 130 128 120> Низкая цена атаки
<image UI/Conversation/T_Dialogue_IconBackgroundCircle.tga 400 130 128 120> Сниженная дальнобойность
<image UI/Conversation/T_Dialogue_IconBackgroundCircle.tga 400 130 128 120> Револьверный патрон",,,ModItemInventoryItemCompositeDef Winchester1894 AdditionalHint
961788380704,СКС,,,ModItemInventoryItemCompositeDef SKS DisplayName
176494711002,СКС,,,ModItemInventoryItemCompositeDef SKS DisplayNamePlural
505902341428,"Не востребованный в Советской Армии, тем не менее, весьма любим гражданскими стрелками в России за точность боя. Но это капля в море перед маниакальной страстью к нему стрелков в США. Хорошим тоном считается хотя бы один СКС на коллекцию. Хотя бы и китайский.",,,ModItemInventoryItemCompositeDef SKS Description
115214440494,"<image UI/Conversation/T_Dialogue_IconBackgroundCircle.tga 400 130 128 120> Низкая цена атаки
<image UI/Conversation/T_Dialogue_IconBackgroundCircle.tga 400 130 128 120> Точное и дальнобойное (для 7.62х39)",,,ModItemInventoryItemCompositeDef SKS AdditionalHint
130114172657,СВТ-40,,,ModItemInventoryItemCompositeDef SVT40 DisplayName
641755001597,СВТ-40,,,ModItemInventoryItemCompositeDef SVT40 DisplayNamePlural
860271990651,"""Светлана"" Федоровна Токарева, прошу любить и жаловать. Самозарядная винтовка СССР периода начала ВОВ. ""Света"" оказалась дамой очень капризной и требовательной к уходу, так что с работой в боевых частях Красной армии у нее не заладилось, а вот более подготовленные морские пехотинцы ""Светку"" использовали с удовольствием вплоть до самого конца войны.",,,ModItemInventoryItemCompositeDef SVT40 Description
285658866878,"<image UI/Conversation/T_Dialogue_IconBackgroundCircle.tga 400 130 128 120> Высокая дальнобойность
<image UI/Conversation/T_Dialogue_IconBackgroundCircle.tga 400 130 128 120> Нельзя поставить прицел высокой кратности
<image UI/Conversation/T_Dialogue_IconBackgroundCircle.tga 400 130 128 120> Продольно-скользящий затвор",,,ModItemInventoryItemCompositeDef SVT40 AdditionalHint
367484719110,АВТ-40,,,ModItemInventoryItemCompositeDef AVT40 DisplayName
942986769472,АВТ-40,,,ModItemInventoryItemCompositeDef AVT40 DisplayNamePlural
316917161495,"Автоматическая версия винтовки Токарева. Отличается, собственно, наличием режима полностью автоматического огня. Эффективность этого огня, правда, чрезвычайно низкая, а сама ""Света оказалась для стрельбы очередями слишком хрупкой. Найти винтовку в хорошем состоянии не так-то просто.",,,ModItemInventoryItemCompositeDef AVT40 Description
633154258440,"<image UI/Conversation/T_Dialogue_IconBackgroundCircle.tga 400 130 128 120> Высокая дальнобойность
<image UI/Conversation/T_Dialogue_IconBackgroundCircle.tga 400 130 128 120> Нельзя поставить прицел высокой кратности
<image UI/Conversation/T_Dialogue_IconBackgroundCircle.tga 400 130 128 120> Продольно-скользящий затвор",,,ModItemInventoryItemCompositeDef AVT40 AdditionalHint
501123057305,Мини-14,,,ModItemInventoryItemCompositeDef Mini14 DisplayName
278361876068,Мини-14,,,ModItemInventoryItemCompositeDef Mini14 DisplayNamePlural
309003319209,"Облегченный уменьшенный карабин на базе армейской винтовки М14, максимально доступен для гражданского стрелка - от охоты и самообороны, до обучения стрельбе в тире. Валовый карабин требует серьезной доводки напильником.",,,ModItemInventoryItemCompositeDef Mini14 Description
651056854498,<image UI/Conversation/T_Dialogue_IconBackgroundCircle.tga 400 130 128 120> 5.56,,,ModItemInventoryItemCompositeDef Mini14 AdditionalHint
355962852193,M-21,,,ModItemInventoryItemCompositeDef M21 DisplayName
992107273305,M-21,,,ModItemInventoryItemCompositeDef M21 DisplayNamePlural
446158424124,"Американская армейская снайперская винтовка, представляет собой винтовку М14 со снятым переводчиком огня, и установленным оптическим прицелом. Дешево, сердито, эффективно.",,,ModItemInventoryItemCompositeDef M21 Description
903996606162,<image UI/Conversation/T_Dialogue_IconBackgroundCircle.tga 400 130 128 120> Снайперская версия м14,,,ModItemInventoryItemCompositeDef M21 AdditionalHint
576484957808,G3 SG,,,ModItemInventoryItemCompositeDef G3SniperV1 DisplayName
312697214381,G3 SG,,,ModItemInventoryItemCompositeDef G3SniperV1 DisplayNamePlural
607371169081,"Heckler-Koch G3SG1 - cнайперская целевая винтовка, разработанная путем незначительной доработки серийной штурмовой винтовки G3. Для модернизации отбирались винтовки, показавшие лучшую кучность на заводских тестах.",,,ModItemInventoryItemCompositeDef G3SniperV1 Description
526090694402,<image UI/Conversation/T_Dialogue_IconBackgroundCircle.tga 400 130 128 120> Снайперская версия G3A3,,,ModItemInventoryItemCompositeDef G3SniperV1 AdditionalHint
524754436049,ВСС,,,ModItemInventoryItemCompositeDef VSS DisplayName
240794448842,ВСС,,,ModItemInventoryItemCompositeDef VSS DisplayNamePlural
687233228891,"Культовая среди спецназовцев и геймеров всех мастей советская и российская бесшумная снайперская винтовка. Громкость звука выстрела из нее на уровне звука пневматической винтовки. К огромному сожалению, как и ""Вал"", на экспорт Россией не продается.",,,ModItemInventoryItemCompositeDef VSS Description
392960567716,"<image UI/Conversation/T_Dialogue_IconBackgroundCircle.tga 400 130 128 120> Поддерживает большинство прицелов
<image UI/Conversation/T_Dialogue_IconBackgroundCircle.tga 400 130 128 120> Практически бесшумная
<image UI/Conversation/T_Dialogue_IconBackgroundCircle.tga 400 130 128 120> Есть режим очереди",,,ModItemInventoryItemCompositeDef VSS AdditionalHint
341887486342,СВУ,,,ModItemInventoryItemCompositeDef SVU DisplayName
490562293667,СВУ,,,ModItemInventoryItemCompositeDef SVU DisplayNamePlural
803696120423,"СВД в компоновке буллпап. Из-за чего, а также из-за укороченного ствола, короче старшей сестры на 25 см, что повышает ее эффективность в маневренном городском бою. Однако, из-за компоновки буллпап спуск на длинной тяге вынесен вперед, что для снайперской винтовки неблагоприятно. Стрелок не чувствует момент ""срыва курка"".",,,ModItemInventoryItemCompositeDef SVU Description
499804684579,"<image UI/Conversation/T_Dialogue_IconBackgroundCircle.tga 400 130 128 120> Самозарядная
<image UI/Conversation/T_Dialogue_IconBackgroundCircle.tga 400 130 128 120> Поддерживает большинство прицелов
<image UI/Conversation/T_Dialogue_IconBackgroundCircle.tga 400 130 128 120> Высокая надежность
<image UI/Conversation/T_Dialogue_IconBackgroundCircle.tga 400 130 128 120> Есть режим очереди",,,ModItemInventoryItemCompositeDef SVU AdditionalHint
360227570588,Gewehr 98,,,ModItemInventoryItemCompositeDef Gewehr98 DisplayName
592792554323,Gewehr 98,,,ModItemInventoryItemCompositeDef Gewehr98 DisplayNamePlural
549549291513,"Говорят, что этот шедевр Пауля Маузера стал дедушкой всех «болтов» - ружей с продольно-скользящим затвором. От него ведут родословную чуть ли не все современные снайперские и охотничьи винтовки.",,,ModItemInventoryItemCompositeDef Gewehr98 Description
883027360428,"<image UI/Conversation/T_Dialogue_IconBackgroundCircle.tga 400 130 128 120> Мощный патрон
<image UI/Conversation/T_Dialogue_IconBackgroundCircle.tga 400 130 128 120> Очень шумное
<image UI/Conversation/T_Dialogue_IconBackgroundCircle.tga 400 130 128 120> Продольно-скользящий затвор",,,ModItemInventoryItemCompositeDef Gewehr98 AdditionalHint
408254207510,M700,,,ModItemInventoryItemCompositeDef M700 DisplayName
344932488683,M700,,,ModItemInventoryItemCompositeDef M700 DisplayNamePlural
802433580077,"Гражданская версия точной и убойной винтовки со скользяще-поворотным затвором. Одна из самых популярных, если не самая болтовая винтовка в мире. В руках опытного снайпера способна нагнать страх, ужас, ад и Израиль на любое подразделение врага.",,,ModItemInventoryItemCompositeDef M700 Description
911562672001,"<image UI/Conversation/T_Dialogue_IconBackgroundCircle.tga 400 130 128 120> Несъемный прицел
<image UI/Conversation/T_Dialogue_IconBackgroundCircle.tga 400 130 128 120> Точное и дальнобойное
<image UI/Conversation/T_Dialogue_IconBackgroundCircle.tga 400 130 128 120> Продольно-скользящий затвор",,,ModItemInventoryItemCompositeDef M700 AdditionalHint
732701920290,FR F2,,,ModItemInventoryItemCompositeDef FRF2 DisplayName
731116870045,FR F2,,,ModItemInventoryItemCompositeDef FRF2 DisplayNamePlural
143099944282,"Современная ""болтовка"" на вооружении ВС Франции. Представляет собой модернизированную винтовку FR F1 - измененная ложа, приклад, пластиковый теплоизолирующий кожух на стволе. Используется в разработке системы оружия солдата будущего FELIN. Винтовка будущих 1970-х...",,,ModItemInventoryItemCompositeDef FRF2 Description
564762284106,"<image UI/Conversation/T_Dialogue_IconBackgroundCircle.tga 400 130 128 120> Несъемный прицел
<image UI/Conversation/T_Dialogue_IconBackgroundCircle.tga 400 130 128 120> Точное и дальнобойное
<image UI/Conversation/T_Dialogue_IconBackgroundCircle.tga 400 130 128 120> Магазин на 10 патрон
<image UI/Conversation/T_Dialogue_IconBackgroundCircle.tga 400 130 128 120> Продольно-скользящий затвор",,,ModItemInventoryItemCompositeDef FRF2 AdditionalHint
332519676407,Винтовка Мосина,,,ModItemInventoryItemCompositeDef Mosin DisplayName
155575466542,Винтовки Мосина,,,ModItemInventoryItemCompositeDef Mosin DisplayNamePlural
184716353189,"Основная винтовка советского солдата РККА во время ВОВ. Максимально стрательно была приведена к вариации СН - снят штык, загнута вниз рукоять затвора, приварено посадочное место для прицела. Однако, отсутствие маркировки на стволе выдает самозванку.",,,ModItemInventoryItemCompositeDef Mosin Description
954843079330,"<image UI/Conversation/T_Dialogue_IconBackgroundCircle.tga 400 130 128 120> Высокая дальнобойность
<image UI/Conversation/T_Dialogue_IconBackgroundCircle.tga 400 130 128 120> Нельзя поставить прицел высокой кратности
<image UI/Conversation/T_Dialogue_IconBackgroundCircle.tga 400 130 128 120> Продольно-скользящий затвор",,,ModItemInventoryItemCompositeDef Mosin AdditionalHint
490898404299,Zastava M76,,,ModItemInventoryItemCompositeDef ZastavaM76 DisplayName
992028820739,Zastava M76,,,ModItemInventoryItemCompositeDef ZastavaM76 DisplayNamePlural
900210432459,"Югославская снайперская винтовка, базируется на конструкции советского автомата Калашникова, адаптированной под существенно более мощный патрон 8мм Маузер. Для ""натянутого на глобус"" калаша стреляет неплохо, но до настоящей СВД еще далеко.",,,ModItemInventoryItemCompositeDef ZastavaM76 Description
384965650272,"<image UI/Conversation/T_Dialogue_IconBackgroundCircle.tga 400 130 128 120> Мощный патрон
<image UI/Conversation/T_Dialogue_IconBackgroundCircle.tga 400 130 128 120> Нельзя заменить прицел
<image UI/Conversation/T_Dialogue_IconBackgroundCircle.tga 400 130 128 120> Самозарядная",,,ModItemInventoryItemCompositeDef ZastavaM76 AdditionalHint
767457905117,СВД,,,ModItemInventoryItemCompositeDef DragunovSVD DisplayName
450085538742,СВД,,,ModItemInventoryItemCompositeDef DragunovSVD DisplayNamePlural
192014968211,"Не то, чем кажется на первый взгляд. Выглядит похожей на «калаш», но внутри у нее - газовый поршень короткого хода, снижающий отдачу и позволяющий точнее выполнять последующие выстрелы. Это даже не снайперская винтовка, это - высокоточное оружие поддержки на средних дистанциях.",,,ModItemInventoryItemCompositeDef DragunovSVD Description
657397646890,"<image UI/Conversation/T_Dialogue_IconBackgroundCircle.tga 400 130 128 120> Самозарядная
<image UI/Conversation/T_Dialogue_IconBackgroundCircle.tga 400 130 128 120> Поддерживает большинство прицелов
<image UI/Conversation/T_Dialogue_IconBackgroundCircle.tga 400 130 128 120> Высокая надежность",,,ModItemInventoryItemCompositeDef DragunovSVD AdditionalHint
236851493149,M24,,,ModItemInventoryItemCompositeDef M24Sniper DisplayName
642616206289,M24,,,ModItemInventoryItemCompositeDef M24Sniper DisplayNamePlural
948525225310,"Снайперская система армии США, заменившая М21 (которая, в свою очередь, базировалась на М14). Похоже, самозарядные винтовки так и не смогли обеспечить надежность и точность, которые дает старый добрый продольно-скользящий затвор.",,,ModItemInventoryItemCompositeDef M24Sniper Description
501996252394,"<image UI/Conversation/T_Dialogue_IconBackgroundCircle.tga 400 130 128 120> Поддерживает большинство прицелов
<image UI/Conversation/T_Dialogue_IconBackgroundCircle.tga 400 130 128 120> Точное и дальнобойное
<image UI/Conversation/T_Dialogue_IconBackgroundCircle.tga 400 130 128 120> Продольно-скользящий затвор",,,ModItemInventoryItemCompositeDef M24Sniper AdditionalHint
386997782094,PSG1,,,ModItemInventoryItemCompositeDef PSG1 DisplayName
329708244207,PSG1,,,ModItemInventoryItemCompositeDef PSG1 DisplayNamePlural
646462884292,"Самозарядная высокоточная винтовка, разработанная специально для полиции после Олимпиады в Мюнхене 1972 года. Конструкторы решили обойтись без механического прицела и сразу поставить оптику. Регулируемые приклад, щека приклада, спусковая группа и многое, многое другое. Всем своим видом эта винтовка кричит «Я могу хоть весь день наблюдать за захватом заложников в ожидании отмашки!».",,,ModItemInventoryItemCompositeDef PSG1 Description
733016956477,<image UI/Conversation/T_Dialogue_IconBackgroundCircle.tga 400 130 128 120> Очень высокая точность,,,ModItemInventoryItemCompositeDef PSG1 AdditionalHint
310512223442,M82,,,ModItemInventoryItemCompositeDef BarretM82 DisplayName
426533473098,M82,,,ModItemInventoryItemCompositeDef BarretM82 DisplayNamePlural
557208397047,"Патрон .50 BMG используется в тяжелых пулеметах (отсюда и название). Но что будет, если разработать на его основе самозарядное дальнобойное оружие? Правильно, вы получите прекрасную крупнокалиберную винтовку для поражения бронированных целей. Или «пушку для стрельбы сквозь стены». Впрочем, для компенсации отдачи к стволу этой дуры пришлось прикрутить дульный тормоз размером с саперную лопатку.",,,ModItemInventoryItemCompositeDef BarretM82 Description
983081130969,"<image UI/Conversation/T_Dialogue_IconBackgroundCircle.tga 400 130 128 120> Очень высокий урон
<image UI/Conversation/T_Dialogue_IconBackgroundCircle.tga 400 130 128 120> Высокая цена атаки
<image UI/Conversation/T_Dialogue_IconBackgroundCircle.tga 400 130 128 120> Дальнобойное
<image UI/Conversation/T_Dialogue_IconBackgroundCircle.tga 400 130 128 120> Громоздкое (нет бесплатного перемещения)",,,ModItemInventoryItemCompositeDef BarretM82 AdditionalHint
943405423723,Steyr Scout,,,ModItemInventoryItemCompositeDef ScoutSniper DisplayName
183417426090,Steyr Scout,,,ModItemInventoryItemCompositeDef ScoutSniper DisplayNamePlural
488490603550,"Австрийская снайперская винтовка. Оптический прицел кратности 2.5Х, установлен низко над стволом и с большим выносом вперед, что обеспечивает удобное прицеливание двумя глазами и быстрый захват цели.",,,ModItemInventoryItemCompositeDef ScoutSniper Description
148195756084,"<image UI/Conversation/T_Dialogue_IconBackgroundCircle.tga 400 130 128 120> Очень точное
<image UI/Conversation/T_Dialogue_IconBackgroundCircle.tga 400 130 128 120> Очень Дальнобойное
<image UI/Conversation/T_Dialogue_IconBackgroundCircle.tga 400 130 128 120> Продольно-скользящий затвор",,,ModItemInventoryItemCompositeDef ScoutSniper AdditionalHint
360227570588,Gewehr 98,,,ModItemInventoryItemCompositeDef Gewehr98 DisplayName
592792554323,Gewehr 98,,,ModItemInventoryItemCompositeDef Gewehr98 DisplayNamePlural
549549291513,"Говорят, что этот шедевр Пауля Маузера стал дедушкой всех «болтов» - ружей с продольно-скользящим затвором. От него ведут родословную чуть ли не все современные снайперские и охотничьи винтовки.",,,ModItemInventoryItemCompositeDef Gewehr98 Description
883027360428,"<image UI/Conversation/T_Dialogue_IconBackgroundCircle.tga 400 130 128 120> Мощный патрон
<image UI/Conversation/T_Dialogue_IconBackgroundCircle.tga 400 130 128 120> Очень шумное
<image UI/Conversation/T_Dialogue_IconBackgroundCircle.tga 400 130 128 120> Продольно-скользящий затвор",,,ModItemInventoryItemCompositeDef Gewehr98 AdditionalHint
408254207510,M700,,,ModItemInventoryItemCompositeDef M700 DisplayName
344932488683,M700,,,ModItemInventoryItemCompositeDef M700 DisplayNamePlural
802433580077,"Гражданская версия точной и убойной винтовки со скользяще-поворотным затвором. Одна из самых популярных, если не самая болтовая винтовка в мире. В руках опытного снайпера способна нагнать страх, ужас, ад и Израиль на любое подразделение врага.",,,ModItemInventoryItemCompositeDef M700 Description
911562672001,"<image UI/Conversation/T_Dialogue_IconBackgroundCircle.tga 400 130 128 120> Несъемный прицел
<image UI/Conversation/T_Dialogue_IconBackgroundCircle.tga 400 130 128 120> Точное и дальнобойное
<image UI/Conversation/T_Dialogue_IconBackgroundCircle.tga 400 130 128 120> Продольно-скользящий затвор",,,ModItemInventoryItemCompositeDef M700 AdditionalHint
732701920290,FR F2,,,ModItemInventoryItemCompositeDef FRF2 DisplayName
731116870045,FR F2,,,ModItemInventoryItemCompositeDef FRF2 DisplayNamePlural
143099944282,"Современная ""болтовка"" на вооружении ВС Франции. Представляет собой модернизированную винтовку FR F1 - измененная ложа, приклад, пластиковый теплоизолирующий кожух на стволе. Используется в разработке системы оружия солдата будущего FELIN. Винтовка будущих 1970-х...",,,ModItemInventoryItemCompositeDef FRF2 Description
564762284106,"<image UI/Conversation/T_Dialogue_IconBackgroundCircle.tga 400 130 128 120> Несъемный прицел
<image UI/Conversation/T_Dialogue_IconBackgroundCircle.tga 400 130 128 120> Точное и дальнобойное
<image UI/Conversation/T_Dialogue_IconBackgroundCircle.tga 400 130 128 120> Магазин на 10 патрон
<image UI/Conversation/T_Dialogue_IconBackgroundCircle.tga 400 130 128 120> Продольно-скользящий затвор",,,ModItemInventoryItemCompositeDef FRF2 AdditionalHint
332519676407,Винтовка Мосина,,,ModItemInventoryItemCompositeDef Mosin DisplayName
155575466542,Винтовки Мосина,,,ModItemInventoryItemCompositeDef Mosin DisplayNamePlural
184716353189,"Основная винтовка советского солдата РККА во время ВОВ. Максимально стрательно была приведена к вариации СН - снят штык, загнута вниз рукоять затвора, приварено посадочное место для прицела. Однако, отсутствие маркировки на стволе выдает самозванку.",,,ModItemInventoryItemCompositeDef Mosin Description
954843079330,"<image UI/Conversation/T_Dialogue_IconBackgroundCircle.tga 400 130 128 120> Высокая дальнобойность
<image UI/Conversation/T_Dialogue_IconBackgroundCircle.tga 400 130 128 120> Нельзя поставить прицел высокой кратности
<image UI/Conversation/T_Dialogue_IconBackgroundCircle.tga 400 130 128 120> Продольно-скользящий затвор",,,ModItemInventoryItemCompositeDef Mosin AdditionalHint
490898404299,Zastava M76,,,ModItemInventoryItemCompositeDef ZastavaM76 DisplayName
992028820739,Zastava M76,,,ModItemInventoryItemCompositeDef ZastavaM76 DisplayNamePlural
900210432459,"Югославская снайперская винтовка, базируется на конструкции советского автомата Калашникова, адаптированной под существенно более мощный патрон 8мм Маузер. Для ""натянутого на глобус"" калаша стреляет неплохо, но до настоящей СВД еще далеко.",,,ModItemInventoryItemCompositeDef ZastavaM76 Description
384965650272,"<image UI/Conversation/T_Dialogue_IconBackgroundCircle.tga 400 130 128 120> Мощный патрон
<image UI/Conversation/T_Dialogue_IconBackgroundCircle.tga 400 130 128 120> Нельзя заменить прицел
<image UI/Conversation/T_Dialogue_IconBackgroundCircle.tga 400 130 128 120> Самозарядная",,,ModItemInventoryItemCompositeDef ZastavaM76 AdditionalHint
767457905117,СВД,,,ModItemInventoryItemCompositeDef DragunovSVD DisplayName
450085538742,СВД,,,ModItemInventoryItemCompositeDef DragunovSVD DisplayNamePlural
192014968211,"Не то, чем кажется на первый взгляд. Выглядит похожей на «калаш», но внутри у нее - газовый поршень короткого хода, снижающий отдачу и позволяющий точнее выполнять последующие выстрелы. Это даже не снайперская винтовка, это - высокоточное оружие поддержки на средних дистанциях.",,,ModItemInventoryItemCompositeDef DragunovSVD Description
657397646890,"<image UI/Conversation/T_Dialogue_IconBackgroundCircle.tga 400 130 128 120> Самозарядная
<image UI/Conversation/T_Dialogue_IconBackgroundCircle.tga 400 130 128 120> Поддерживает большинство прицелов
<image UI/Conversation/T_Dialogue_IconBackgroundCircle.tga 400 130 128 120> Высокая надежность",,,ModItemInventoryItemCompositeDef DragunovSVD AdditionalHint
236851493149,M24,,,ModItemInventoryItemCompositeDef M24Sniper DisplayName
642616206289,M24,,,ModItemInventoryItemCompositeDef M24Sniper DisplayNamePlural
948525225310,"Снайперская система армии США, заменившая М21 (которая, в свою очередь, базировалась на М14). Похоже, самозарядные винтовки так и не смогли обеспечить надежность и точность, которые дает старый добрый продольно-скользящий затвор.",,,ModItemInventoryItemCompositeDef M24Sniper Description
501996252394,"<image UI/Conversation/T_Dialogue_IconBackgroundCircle.tga 400 130 128 120> Поддерживает большинство прицелов
<image UI/Conversation/T_Dialogue_IconBackgroundCircle.tga 400 130 128 120> Точное и дальнобойное
<image UI/Conversation/T_Dialogue_IconBackgroundCircle.tga 400 130 128 120> Продольно-скользящий затвор",,,ModItemInventoryItemCompositeDef M24Sniper AdditionalHint
386997782094,PSG1,,,ModItemInventoryItemCompositeDef PSG1 DisplayName
329708244207,PSG1,,,ModItemInventoryItemCompositeDef PSG1 DisplayNamePlural
646462884292,"Самозарядная высокоточная винтовка, разработанная специально для полиции после Олимпиады в Мюнхене 1972 года. Конструкторы решили обойтись без механического прицела и сразу поставить оптику. Регулируемые приклад, щека приклада, спусковая группа и многое, многое другое. Всем своим видом эта винтовка кричит «Я могу хоть весь день наблюдать за захватом заложников в ожидании отмашки!».",,,ModItemInventoryItemCompositeDef PSG1 Description
733016956477,<image UI/Conversation/T_Dialogue_IconBackgroundCircle.tga 400 130 128 120> Очень высокая точность,,,ModItemInventoryItemCompositeDef PSG1 AdditionalHint
310512223442,M82,,,ModItemInventoryItemCompositeDef BarretM82 DisplayName
426533473098,M82,,,ModItemInventoryItemCompositeDef BarretM82 DisplayNamePlural
557208397047,"Патрон .50 BMG используется в тяжелых пулеметах (отсюда и название). Но что будет, если разработать на его основе самозарядное дальнобойное оружие? Правильно, вы получите прекрасную крупнокалиберную винтовку для поражения бронированных целей. Или «пушку для стрельбы сквозь стены». Впрочем, для компенсации отдачи к стволу этой дуры пришлось прикрутить дульный тормоз размером с саперную лопатку.",,,ModItemInventoryItemCompositeDef BarretM82 Description
983081130969,"<image UI/Conversation/T_Dialogue_IconBackgroundCircle.tga 400 130 128 120> Очень высокий урон
<image UI/Conversation/T_Dialogue_IconBackgroundCircle.tga 400 130 128 120> Высокая цена атаки
<image UI/Conversation/T_Dialogue_IconBackgroundCircle.tga 400 130 128 120> Дальнобойное
<image UI/Conversation/T_Dialogue_IconBackgroundCircle.tga 400 130 128 120> Громоздкое (нет бесплатного перемещения)",,,ModItemInventoryItemCompositeDef BarretM82 AdditionalHint
943405423723,Steyr Scout,,,ModItemInventoryItemCompositeDef ScoutSniper DisplayName
183417426090,Steyr Scout,,,ModItemInventoryItemCompositeDef ScoutSniper DisplayNamePlural
488490603550,"Австрийская снайперская винтовка. Оптический прицел кратности 2.5Х, установлен низко над стволом и с большим выносом вперед, что обеспечивает удобное прицеливание двумя глазами и быстрый захват цели.",,,ModItemInventoryItemCompositeDef ScoutSniper Description
148195756084,"<image UI/Conversation/T_Dialogue_IconBackgroundCircle.tga 400 130 128 120> Очень точное
<image UI/Conversation/T_Dialogue_IconBackgroundCircle.tga 400 130 128 120> Очень Дальнобойное
<image UI/Conversation/T_Dialogue_IconBackgroundCircle.tga 400 130 128 120> Продольно-скользящий затвор",,,ModItemInventoryItemCompositeDef ScoutSniper AdditionalHint
552213195349,Mac 2429,,,ModItemInventoryItemCompositeDef MAC2429 DisplayName
699873507904,Mac 2429,,,ModItemInventoryItemCompositeDef MAC2429 DisplayNamePlural
753860431473,"Французский ручной пулемет, использовавшийся французской армией во второй мировой войне. Такой небольшой опыт эксплуатации не позволил составить какое-то единое мнение о качествах оружия.",,,ModItemInventoryItemCompositeDef MAC2429 Description
950419465121,"<image UI/Conversation/T_Dialogue_IconBackgroundCircle.tga 400 130 128 120> Все еще стреляет
<image UI/Conversation/T_Dialogue_IconBackgroundCircle.tga 400 130 128 120> Легкое (Для пулемета)
<image UI/Conversation/T_Dialogue_IconBackgroundCircle.tga 400 130 128 120> Экономит патроны
<image UI/Conversation/T_Dialogue_IconBackgroundCircle.tga 400 130 128 120> Разваливается в руках",,,ModItemInventoryItemCompositeDef MAC2429 AdditionalHint
208130109185,BAR,,,ModItemInventoryItemCompositeDef BAR DisplayName
491964729306,BAR,,,ModItemInventoryItemCompositeDef BAR DisplayNamePlural
437863566700,"Джон Мозес Браунинг конечно гений, и все такой, но вот с разработкой BAR он явно опоздал. Концепция ""ружья-пулемета"", как в автомате Федорова или пулемете Гочкисса к началу 30-х годов уже безнадежно устарела, и потому BAR выглядит как неуклюжий косплей ручного пулемета, будучи слишком тяжелым для автоматической винтовки. Говорят, с тех пор американцы делать пулеметы так и не научились.",,,ModItemInventoryItemCompositeDef BAR Description
507634708705,"<image UI/Conversation/T_Dialogue_IconBackgroundCircle.tga 400 130 128 120> Все еще стреляет
<image UI/Conversation/T_Dialogue_IconBackgroundCircle.tga 400 130 128 120> Легкое (Для пулемета)
<image UI/Conversation/T_Dialogue_IconBackgroundCircle.tga 400 130 128 120> Экономит патроны
<image UI/Conversation/T_Dialogue_IconBackgroundCircle.tga 400 130 128 120> Разваливается в руках",,,ModItemInventoryItemCompositeDef BAR AdditionalHint
139415578141,ДП-27,,,ModItemInventoryItemCompositeDef DP27 DisplayName
898157383039,ДП-27,,,ModItemInventoryItemCompositeDef DP27 DisplayNamePlural
515250378427,"Ручной пулемет ДП был принят на вооружение РККА в 1927 году и стал одним из первых оружейных образцов, созданных с нуля в молодом Советском государстве. С честью прошел всю Великую Отечественную Войну и уже давно отошел от дел, но тут его нашли вы.",,,ModItemInventoryItemCompositeDef DP27 Description
314809950229,"<image UI/Conversation/T_Dialogue_IconBackgroundCircle.tga 400 130 128 120> Все еще стреляет
<image UI/Conversation/T_Dialogue_IconBackgroundCircle.tga 400 130 128 120> Легкое (Для пулемета)
<image UI/Conversation/T_Dialogue_IconBackgroundCircle.tga 400 130 128 120> Экономит патроны
<image UI/Conversation/T_Dialogue_IconBackgroundCircle.tga 400 130 128 120> Разваливается в руках",,,ModItemInventoryItemCompositeDef DP27 AdditionalHint
701162750877,MG42,,,ModItemInventoryItemCompositeDef MG42 DisplayName
309888556341,MG42,,,ModItemInventoryItemCompositeDef MG42 DisplayNamePlural
772611905636,"Благодаря невероятному темпу стрельбы MG42 позволяет максимально эффективно вести огонь на подавление. Дедушка старый, но дедушка - немец.",,,ModItemInventoryItemCompositeDef MG42 Description
767064492756,"<image UI/Conversation/T_Dialogue_IconBackgroundCircle.tga 400 130 128 120> Все еще стреляет
<image UI/Conversation/T_Dialogue_IconBackgroundCircle.tga 400 130 128 120> Громоздкое (нет бесплатного перемещения)
<image UI/Conversation/T_Dialogue_IconBackgroundCircle.tga 400 130 128 120> Расстреливает весь боекомплект за секунды
<image UI/Conversation/T_Dialogue_IconBackgroundCircle.tga 400 130 128 120> Разваливается в руках",,,ModItemInventoryItemCompositeDef MG42 AdditionalHint
675030648000,"M60 ""Свинья""",,,ModItemInventoryItemCompositeDef M60 DisplayName
140754638237,"M60 ""Свиньи""",,,ModItemInventoryItemCompositeDef M60 DisplayNamePlural
427477222608,"Американский единый пулемет, принятый на вооружение Армии и Флота США в 1957 году. Оказался не слишком удачным, что не помешало ему стать основным оружием поддержки американской пехоты в ходе войны во Вьетнаме. На безрыбье и свин - пулемет.",,,ModItemInventoryItemCompositeDef M60 Description
980935523572,"<image UI/Conversation/T_Dialogue_IconBackgroundCircle.tga 400 130 128 120> Громоздкое (нет бесплатного перемещения)
<image UI/Conversation/T_Dialogue_IconBackgroundCircle.tga 400 130 128 120> Низкая скорострельность
<image UI/Conversation/T_Dialogue_IconBackgroundCircle.tga 400 130 128 120> Имеет проблемы с надежностью",,,ModItemInventoryItemCompositeDef M60 AdditionalHint
274196971379,U100,,,ModItemInventoryItemCompositeDef U100 DisplayName
513469439741,U100,,,ModItemInventoryItemCompositeDef U100 DisplayNamePlural
612374129776,"Размышления на тему ""если автомату дать длинный ствол и большой магазин, получится переавтомат или недопулемет?"" из Сингапура. Вообще, за пулемет аргументов много - это и стрельба с заднего шептала, и сменный ствол. Питание из бубнов, конечно, но тут уж какие были ТЗ у заказчика.",,,ModItemInventoryItemCompositeDef U100 Description
994899562008,"<image UI/Conversation/T_Dialogue_IconBackgroundCircle.tga 400 130 128 120> Легкое (Для пулемета)
<image UI/Conversation/T_Dialogue_IconBackgroundCircle.tga 400 130 128 120> Имеет проблемы с надежностью
<image UI/Conversation/T_Dialogue_IconBackgroundCircle.tga 400 130 128 120> Низкая отдача",,,ModItemInventoryItemCompositeDef U100 AdditionalHint
902013148349,РПК,,,ModItemInventoryItemCompositeDef RPK DisplayName
578099858224,РПК,,,ModItemInventoryItemCompositeDef RPK DisplayNamePlural
447522836612,"Ручной пулемет, созданный на платформе АК: конструкторы поставили ствол потолще и еще несколько модификаций, чтобы РПК мог вести непрерывный огонь. Этот пулемет должен был занять роль оружия поддержки на уровне взвода, учитывая простоту использования и совместимость магазинов с остальными «калашами».",,,ModItemInventoryItemCompositeDef RPK Description
628584725425,"<image UI/Conversation/T_Dialogue_IconBackgroundCircle.tga 400 130 128 120> Легкое (Для пулемета)
<image UI/Conversation/T_Dialogue_IconBackgroundCircle.tga 400 130 128 120> Низкая скорострельность
<image UI/Conversation/T_Dialogue_IconBackgroundCircle.tga 400 130 128 120> Надежное
<image UI/Conversation/T_Dialogue_IconBackgroundCircle.tga 400 130 128 120> Пониженная отдача",,,ModItemInventoryItemCompositeDef RPK AdditionalHint
396403720354,РПД,,,ModItemInventoryItemCompositeDef RPD DisplayName
244584418958,РПД,,,ModItemInventoryItemCompositeDef RPD DisplayNamePlural
721095695459,"Ручной пулемет Дегтярева (РПД) был разработан в 1944 году под новый на тот момент патрон 7.62х39 мм. Впоследствии был заменен на РПК, но успел широко распространиться по странам соцлагеря, так что до сих пор встречается на поле боя.",,,ModItemInventoryItemCompositeDef RPD Description
364144943727,"<image UI/Conversation/T_Dialogue_IconBackgroundCircle.tga 400 130 128 120> Громоздкое (нет бесплатного перемещения)
<image UI/Conversation/T_Dialogue_IconBackgroundCircle.tga 400 130 128 120> Надежное",,,ModItemInventoryItemCompositeDef RPD AdditionalHint
686703345262,MG58,,,ModItemInventoryItemCompositeDef MG58 DisplayName
622579024401,MG58,,,ModItemInventoryItemCompositeDef MG58 DisplayNamePlural
752125656711,"Модифицированный MG42 со стволом из композитума-58, улучшенным прицелом и рядом доработок механизма. Встречайте: MG58. ",,,ModItemInventoryItemCompositeDef MG58 Description
719798581706,"<image UI/Conversation/T_Dialogue_IconBackgroundCircle.tga 400 130 128 120> Громоздкое (нет бесплатного перемещения)
<image UI/Conversation/T_Dialogue_IconBackgroundCircle.tga 400 130 128 120> MG42, но получше",,,ModItemInventoryItemCompositeDef MG58 AdditionalHint
777866477135,M60E3,,,ModItemInventoryItemCompositeDef M60E3 DisplayName
590963577850,M60E3,,,ModItemInventoryItemCompositeDef M60E3 DisplayNamePlural
196353573826,"Американский единый пулемет, принятый на вооружение Армии и Флота США в 1957 году. Оказался не слишком удачным, что не помешало ему стать основным оружием поддержки американской пехоты в ходе войны во Вьетнаме. На безрыбье и свин - пулемет.",,,ModItemInventoryItemCompositeDef M60E3 Description
804376339938,"<image UI/Conversation/T_Dialogue_IconBackgroundCircle.tga 400 130 128 120> Громоздкое (нет бесплатного перемещения)
<image UI/Conversation/T_Dialogue_IconBackgroundCircle.tga 400 130 128 120> Низкая скорострельность
<image UI/Conversation/T_Dialogue_IconBackgroundCircle.tga 400 130 128 120> Меньше затраты ОД на выстрел",,,ModItemInventoryItemCompositeDef M60E3 AdditionalHint
840628229341,M60E4,,,ModItemInventoryItemCompositeDef M60E4 DisplayName
406643195086,M60E4,,,ModItemInventoryItemCompositeDef M60E4 DisplayNamePlural
138386981108,"Последняя на данный момент попытка сделать-таки из ""свина"" нормальный единый пулемет. Но нет, М60 все так же тяжел, капризен, требователен к патронам. Это пулемет-то, требователен к патронам...",,,ModItemInventoryItemCompositeDef M60E4 Description
688401329425,"<image UI/Conversation/T_Dialogue_IconBackgroundCircle.tga 400 130 128 120> Громоздкое (нет бесплатного перемещения)
<image UI/Conversation/T_Dialogue_IconBackgroundCircle.tga 400 130 128 120> Низкая скорострельность",,,ModItemInventoryItemCompositeDef M60E4 AdditionalHint
697248384367,FN MAG,,,ModItemInventoryItemCompositeDef FNMAG DisplayName
913115834367,FN MAG,,,ModItemInventoryItemCompositeDef FNMAG DisplayNamePlural
135017474548,"Единый пулемет бельгийского производства, под патрон 7.62 NATO. Разработанный в 1950х, до сих пор является образцовым оружием. Максимальная универсальность, возможность крепления на технику, на станок, стрельбы с рук и сошек, сменный ствол. Вот только... тяжелый, падлюка.",,,ModItemInventoryItemCompositeDef FNMAG Description
571337519222,"<image UI/Conversation/T_Dialogue_IconBackgroundCircle.tga 400 130 128 120> Громоздкое (нет бесплатного перемещения)
<image UI/Conversation/T_Dialogue_IconBackgroundCircle.tga 400 130 128 120> Высокая скорострельность
<image UI/Conversation/T_Dialogue_IconBackgroundCircle.tga 400 130 128 120> Высокая дальность",,,ModItemInventoryItemCompositeDef FNMAG AdditionalHint
699539890391,РПК-74,,,ModItemInventoryItemCompositeDef RPK74 DisplayName
102234888671,РПК-74,,,ModItemInventoryItemCompositeDef RPK74 DisplayNamePlural
769935993947,Описание в сделку не входило :(,,,ModItemInventoryItemCompositeDef RPK74 Description
986143712455,"<image UI/Conversation/T_Dialogue_IconBackgroundCircle.tga 400 130 128 120> Легкое (Для пулемета)
<image UI/Conversation/T_Dialogue_IconBackgroundCircle.tga 400 130 128 120> Низкая скорострельность
<image UI/Conversation/T_Dialogue_IconBackgroundCircle.tga 400 130 128 120> Надежное
<image UI/Conversation/T_Dialogue_IconBackgroundCircle.tga 400 130 128 120> Пониженная отдача",,,ModItemInventoryItemCompositeDef RPK74 AdditionalHint
406430609148,Minimi,,,ModItemInventoryItemCompositeDef FNMinimi DisplayName
676274427399,Minimi,,,ModItemInventoryItemCompositeDef FNMinimi DisplayNamePlural
720585289259,"Пулемет Minimi под патрон 5.56 НАТО разрабатывался в качестве оружия поддержки на уровне взвода. Он настолько хорошо исполнял свою роль, что его приняли на вооружение ВС США, и теперь весь мир знает его как М249 SAW. Также существует вариант Minimi под патрон 7,62 НАТО.",,,ModItemInventoryItemCompositeDef FNMinimi Description
658020541249,"<image UI/Conversation/T_Dialogue_IconBackgroundCircle.tga 400 130 128 120> Легкое (Для пулемета)
<image UI/Conversation/T_Dialogue_IconBackgroundCircle.tga 400 130 128 120> Очень высокая скорострельность
<image UI/Conversation/T_Dialogue_IconBackgroundCircle.tga 400 130 128 120> Низкая отдача",,,ModItemInventoryItemCompositeDef FNMinimi AdditionalHint
982226088277,HK21,,,ModItemInventoryItemCompositeDef HK21 DisplayName
296685637439,HK21,,,ModItemInventoryItemCompositeDef HK21 DisplayNamePlural
138408344781,"Возьмите штурмовую винтовку и пулемет, соедините их в одно - и на выходе получите HK21. Впрочем, в отличие от многих гибридов, обе свои роли он выполняет на удивление хорошо.",,,ModItemInventoryItemCompositeDef HK21 Description
463738662923,"<image UI/Conversation/T_Dialogue_IconBackgroundCircle.tga 400 130 128 120> Легкое (Для пулемета)
<image UI/Conversation/T_Dialogue_IconBackgroundCircle.tga 400 130 128 120> Очень высокая скорострельность
<image UI/Conversation/T_Dialogue_IconBackgroundCircle.tga 400 130 128 120> Низкая отдача
<image UI/Conversation/T_Dialogue_IconBackgroundCircle.tga 400 130 128 120> Высокая точность",,,ModItemInventoryItemCompositeDef HK21 AdditionalHint
164553690051,HK23e,,,ModItemInventoryItemCompositeDef HK23e DisplayName
808491258671,HK23e,,,ModItemInventoryItemCompositeDef HK23e DisplayNamePlural
916138962648,"HK 23E - последний серийный вариант пулемета HK 21 в калибре 5.56mm NATO. Имеет удлиненную ствольную коробку и модифицированный спусковой механизм, допускающий ведение огня очередями с отсечкой по 3 выстрела.",,,ModItemInventoryItemCompositeDef HK23e Description
894589757511,"<image UI/Conversation/T_Dialogue_IconBackgroundCircle.tga 400 130 128 120> Легкое (Для пулемета)
<image UI/Conversation/T_Dialogue_IconBackgroundCircle.tga 400 130 128 120> Очень высокая скорострельность
<image UI/Conversation/T_Dialogue_IconBackgroundCircle.tga 400 130 128 120> Низкая отдача
<image UI/Conversation/T_Dialogue_IconBackgroundCircle.tga 400 130 128 120> Высокая точность",,,ModItemInventoryItemCompositeDef HK23e AdditionalHint
316346095669,ПКМ,,,ModItemInventoryItemCompositeDef PKM DisplayName
434663809021,ПКМ,,,ModItemInventoryItemCompositeDef PKM DisplayNamePlural
618303824283,"Единый пулемет советской и российской армии. Разработан в 1960-х. Может использоваться на технике, на станке, в пехотном варианте. Легче в полтора раза, чем большинство натовских пулеметов. Легенда надежности.",,,ModItemInventoryItemCompositeDef PKM Description
697265057148,"<image UI/Conversation/T_Dialogue_IconBackgroundCircle.tga 400 130 128 120> Громоздкое (нет бесплатного перемещения)
<image UI/Conversation/T_Dialogue_IconBackgroundCircle.tga 400 130 128 120> Исключительная надежность
<image UI/Conversation/T_Dialogue_IconBackgroundCircle.tga 400 130 128 120> Высокая дальность",,,ModItemInventoryItemCompositeDef PKM AdditionalHint
962741887294,M2 Browning,,,ModItemInventoryItemCompositeDef BrowningM2HMG DisplayName
403369048871,M2 Browning,,,ModItemInventoryItemCompositeDef BrowningM2HMG DisplayNamePlural
730311429139,"Когда на покупку танка денег нет, но жертвовать огневой мощью не вариант.",,,ModItemInventoryItemCompositeDef BrowningM2HMG Description
825797209582,"<image UI/Conversation/T_Dialogue_IconBackgroundCircle.tga 400 130 128 120> Стационарное оружие
<image UI/Conversation/T_Dialogue_IconBackgroundCircle.tga 400 130 128 120> Очень высокий урон
<image UI/Conversation/T_Dialogue_IconBackgroundCircle.tga 400 130 128 120> Очень шумное",,,ModItemInventoryItemCompositeDef BrowningM2HMG AdditionalHint
552213195349,Mac 2429,,,ModItemInventoryItemCompositeDef MAC2429 DisplayName
699873507904,Mac 2429,,,ModItemInventoryItemCompositeDef MAC2429 DisplayNamePlural
753860431473,"Французский ручной пулемет, использовавшийся французской армией во второй мировой войне. Такой небольшой опыт эксплуатации не позволил составить какое-то единое мнение о качествах оружия.",,,ModItemInventoryItemCompositeDef MAC2429 Description
950419465121,"<image UI/Conversation/T_Dialogue_IconBackgroundCircle.tga 400 130 128 120> Все еще стреляет
<image UI/Conversation/T_Dialogue_IconBackgroundCircle.tga 400 130 128 120> Легкое (Для пулемета)
<image UI/Conversation/T_Dialogue_IconBackgroundCircle.tga 400 130 128 120> Экономит патроны
<image UI/Conversation/T_Dialogue_IconBackgroundCircle.tga 400 130 128 120> Разваливается в руках",,,ModItemInventoryItemCompositeDef MAC2429 AdditionalHint
208130109185,BAR,,,ModItemInventoryItemCompositeDef BAR DisplayName
491964729306,BAR,,,ModItemInventoryItemCompositeDef BAR DisplayNamePlural
437863566700,"Джон Мозес Браунинг конечно гений, и все такой, но вот с разработкой BAR он явно опоздал. Концепция ""ружья-пулемета"", как в автомате Федорова или пулемете Гочкисса к началу 30-х годов уже безнадежно устарела, и потому BAR выглядит как неуклюжий косплей ручного пулемета, будучи слишком тяжелым для автоматической винтовки. Говорят, с тех пор американцы делать пулеметы так и не научились.",,,ModItemInventoryItemCompositeDef BAR Description
507634708705,"<image UI/Conversation/T_Dialogue_IconBackgroundCircle.tga 400 130 128 120> Все еще стреляет
<image UI/Conversation/T_Dialogue_IconBackgroundCircle.tga 400 130 128 120> Легкое (Для пулемета)
<image UI/Conversation/T_Dialogue_IconBackgroundCircle.tga 400 130 128 120> Экономит патроны
<image UI/Conversation/T_Dialogue_IconBackgroundCircle.tga 400 130 128 120> Разваливается в руках",,,ModItemInventoryItemCompositeDef BAR AdditionalHint
139415578141,ДП-27,,,ModItemInventoryItemCompositeDef DP27 DisplayName
898157383039,ДП-27,,,ModItemInventoryItemCompositeDef DP27 DisplayNamePlural
515250378427,"Ручной пулемет ДП был принят на вооружение РККА в 1927 году и стал одним из первых оружейных образцов, созданных с нуля в молодом Советском государстве. С честью прошел всю Великую Отечественную Войну и уже давно отошел от дел, но тут его нашли вы.",,,ModItemInventoryItemCompositeDef DP27 Description
314809950229,"<image UI/Conversation/T_Dialogue_IconBackgroundCircle.tga 400 130 128 120> Все еще стреляет
<image UI/Conversation/T_Dialogue_IconBackgroundCircle.tga 400 130 128 120> Легкое (Для пулемета)
<image UI/Conversation/T_Dialogue_IconBackgroundCircle.tga 400 130 128 120> Экономит патроны
<image UI/Conversation/T_Dialogue_IconBackgroundCircle.tga 400 130 128 120> Разваливается в руках",,,ModItemInventoryItemCompositeDef DP27 AdditionalHint
701162750877,MG42,,,ModItemInventoryItemCompositeDef MG42 DisplayName
309888556341,MG42,,,ModItemInventoryItemCompositeDef MG42 DisplayNamePlural
772611905636,"Благодаря невероятному темпу стрельбы MG42 позволяет максимально эффективно вести огонь на подавление. Дедушка старый, но дедушка - немец.",,,ModItemInventoryItemCompositeDef MG42 Description
767064492756,"<image UI/Conversation/T_Dialogue_IconBackgroundCircle.tga 400 130 128 120> Все еще стреляет
<image UI/Conversation/T_Dialogue_IconBackgroundCircle.tga 400 130 128 120> Громоздкое (нет бесплатного перемещения)
<image UI/Conversation/T_Dialogue_IconBackgroundCircle.tga 400 130 128 120> Расстреливает весь боекомплект за секунды
<image UI/Conversation/T_Dialogue_IconBackgroundCircle.tga 400 130 128 120> Разваливается в руках",,,ModItemInventoryItemCompositeDef MG42 AdditionalHint
675030648000,"M60 ""Свинья""",,,ModItemInventoryItemCompositeDef M60 DisplayName
140754638237,"M60 ""Свиньи""",,,ModItemInventoryItemCompositeDef M60 DisplayNamePlural
427477222608,"Американский единый пулемет, принятый на вооружение Армии и Флота США в 1957 году. Оказался не слишком удачным, что не помешало ему стать основным оружием поддержки американской пехоты в ходе войны во Вьетнаме. На безрыбье и свин - пулемет.",,,ModItemInventoryItemCompositeDef M60 Description
980935523572,"<image UI/Conversation/T_Dialogue_IconBackgroundCircle.tga 400 130 128 120> Громоздкое (нет бесплатного перемещения)
<image UI/Conversation/T_Dialogue_IconBackgroundCircle.tga 400 130 128 120> Низкая скорострельность
<image UI/Conversation/T_Dialogue_IconBackgroundCircle.tga 400 130 128 120> Имеет проблемы с надежностью",,,ModItemInventoryItemCompositeDef M60 AdditionalHint
274196971379,U100,,,ModItemInventoryItemCompositeDef U100 DisplayName
513469439741,U100,,,ModItemInventoryItemCompositeDef U100 DisplayNamePlural
612374129776,"Размышления на тему ""если автомату дать длинный ствол и большой магазин, получится переавтомат или недопулемет?"" из Сингапура. Вообще, за пулемет аргументов много - это и стрельба с заднего шептала, и сменный ствол. Питание из бубнов, конечно, но тут уж какие были ТЗ у заказчика.",,,ModItemInventoryItemCompositeDef U100 Description
994899562008,"<image UI/Conversation/T_Dialogue_IconBackgroundCircle.tga 400 130 128 120> Легкое (Для пулемета)
<image UI/Conversation/T_Dialogue_IconBackgroundCircle.tga 400 130 128 120> Имеет проблемы с надежностью
<image UI/Conversation/T_Dialogue_IconBackgroundCircle.tga 400 130 128 120> Низкая отдача",,,ModItemInventoryItemCompositeDef U100 AdditionalHint
902013148349,РПК,,,ModItemInventoryItemCompositeDef RPK DisplayName
578099858224,РПК,,,ModItemInventoryItemCompositeDef RPK DisplayNamePlural
447522836612,"Ручной пулемет, созданный на платформе АК: конструкторы поставили ствол потолще и еще несколько модификаций, чтобы РПК мог вести непрерывный огонь. Этот пулемет должен был занять роль оружия поддержки на уровне взвода, учитывая простоту использования и совместимость магазинов с остальными «калашами».",,,ModItemInventoryItemCompositeDef RPK Description
628584725425,"<image UI/Conversation/T_Dialogue_IconBackgroundCircle.tga 400 130 128 120> Легкое (Для пулемета)
<image UI/Conversation/T_Dialogue_IconBackgroundCircle.tga 400 130 128 120> Низкая скорострельность
<image UI/Conversation/T_Dialogue_IconBackgroundCircle.tga 400 130 128 120> Надежное
<image UI/Conversation/T_Dialogue_IconBackgroundCircle.tga 400 130 128 120> Пониженная отдача",,,ModItemInventoryItemCompositeDef RPK AdditionalHint
396403720354,РПД,,,ModItemInventoryItemCompositeDef RPD DisplayName
244584418958,РПД,,,ModItemInventoryItemCompositeDef RPD DisplayNamePlural
721095695459,"Ручной пулемет Дегтярева (РПД) был разработан в 1944 году под новый на тот момент патрон 7.62х39 мм. Впоследствии был заменен на РПК, но успел широко распространиться по странам соцлагеря, так что до сих пор встречается на поле боя.",,,ModItemInventoryItemCompositeDef RPD Description
364144943727,"<image UI/Conversation/T_Dialogue_IconBackgroundCircle.tga 400 130 128 120> Громоздкое (нет бесплатного перемещения)
<image UI/Conversation/T_Dialogue_IconBackgroundCircle.tga 400 130 128 120> Надежное",,,ModItemInventoryItemCompositeDef RPD AdditionalHint
686703345262,MG58,,,ModItemInventoryItemCompositeDef MG58 DisplayName
622579024401,MG58,,,ModItemInventoryItemCompositeDef MG58 DisplayNamePlural
752125656711,"Модифицированный MG42 со стволом из композитума-58, улучшенным прицелом и рядом доработок механизма. Встречайте: MG58. ",,,ModItemInventoryItemCompositeDef MG58 Description
719798581706,"<image UI/Conversation/T_Dialogue_IconBackgroundCircle.tga 400 130 128 120> Громоздкое (нет бесплатного перемещения)
<image UI/Conversation/T_Dialogue_IconBackgroundCircle.tga 400 130 128 120> MG42, но получше",,,ModItemInventoryItemCompositeDef MG58 AdditionalHint
777866477135,M60E3,,,ModItemInventoryItemCompositeDef M60E3 DisplayName
590963577850,M60E3,,,ModItemInventoryItemCompositeDef M60E3 DisplayNamePlural
196353573826,"Американский единый пулемет, принятый на вооружение Армии и Флота США в 1957 году. Оказался не слишком удачным, что не помешало ему стать основным оружием поддержки американской пехоты в ходе войны во Вьетнаме. На безрыбье и свин - пулемет.",,,ModItemInventoryItemCompositeDef M60E3 Description
804376339938,"<image UI/Conversation/T_Dialogue_IconBackgroundCircle.tga 400 130 128 120> Громоздкое (нет бесплатного перемещения)
<image UI/Conversation/T_Dialogue_IconBackgroundCircle.tga 400 130 128 120> Низкая скорострельность
<image UI/Conversation/T_Dialogue_IconBackgroundCircle.tga 400 130 128 120> Меньше затраты ОД на выстрел",,,ModItemInventoryItemCompositeDef M60E3 AdditionalHint
840628229341,M60E4,,,ModItemInventoryItemCompositeDef M60E4 DisplayName
406643195086,M60E4,,,ModItemInventoryItemCompositeDef M60E4 DisplayNamePlural
138386981108,"Последняя на данный момент попытка сделать-таки из ""свина"" нормальный единый пулемет. Но нет, М60 все так же тяжел, капризен, требователен к патронам. Это пулемет-то, требователен к патронам...",,,ModItemInventoryItemCompositeDef M60E4 Description
688401329425,"<image UI/Conversation/T_Dialogue_IconBackgroundCircle.tga 400 130 128 120> Громоздкое (нет бесплатного перемещения)
<image UI/Conversation/T_Dialogue_IconBackgroundCircle.tga 400 130 128 120> Низкая скорострельность",,,ModItemInventoryItemCompositeDef M60E4 AdditionalHint
697248384367,FN MAG,,,ModItemInventoryItemCompositeDef FNMAG DisplayName
913115834367,FN MAG,,,ModItemInventoryItemCompositeDef FNMAG DisplayNamePlural
135017474548,"Единый пулемет бельгийского производства, под патрон 7.62 NATO. Разработанный в 1950х, до сих пор является образцовым оружием. Максимальная универсальность, возможность крепления на технику, на станок, стрельбы с рук и сошек, сменный ствол. Вот только... тяжелый, падлюка.",,,ModItemInventoryItemCompositeDef FNMAG Description
571337519222,"<image UI/Conversation/T_Dialogue_IconBackgroundCircle.tga 400 130 128 120> Громоздкое (нет бесплатного перемещения)
<image UI/Conversation/T_Dialogue_IconBackgroundCircle.tga 400 130 128 120> Высокая скорострельность
<image UI/Conversation/T_Dialogue_IconBackgroundCircle.tga 400 130 128 120> Высокая дальность",,,ModItemInventoryItemCompositeDef FNMAG AdditionalHint
699539890391,РПК-74,,,ModItemInventoryItemCompositeDef RPK74 DisplayName
102234888671,РПК-74,,,ModItemInventoryItemCompositeDef RPK74 DisplayNamePlural
769935993947,Описание в сделку не входило :(,,,ModItemInventoryItemCompositeDef RPK74 Description
986143712455,"<image UI/Conversation/T_Dialogue_IconBackgroundCircle.tga 400 130 128 120> Легкое (Для пулемета)
<image UI/Conversation/T_Dialogue_IconBackgroundCircle.tga 400 130 128 120> Низкая скорострельность
<image UI/Conversation/T_Dialogue_IconBackgroundCircle.tga 400 130 128 120> Надежное
<image UI/Conversation/T_Dialogue_IconBackgroundCircle.tga 400 130 128 120> Пониженная отдача",,,ModItemInventoryItemCompositeDef RPK74 AdditionalHint
406430609148,Minimi,,,ModItemInventoryItemCompositeDef FNMinimi DisplayName
676274427399,Minimi,,,ModItemInventoryItemCompositeDef FNMinimi DisplayNamePlural
720585289259,"Пулемет Minimi под патрон 5.56 НАТО разрабатывался в качестве оружия поддержки на уровне взвода. Он настолько хорошо исполнял свою роль, что его приняли на вооружение ВС США, и теперь весь мир знает его как М249 SAW. Также существует вариант Minimi под патрон 7,62 НАТО.",,,ModItemInventoryItemCompositeDef FNMinimi Description
658020541249,"<image UI/Conversation/T_Dialogue_IconBackgroundCircle.tga 400 130 128 120> Легкое (Для пулемета)
<image UI/Conversation/T_Dialogue_IconBackgroundCircle.tga 400 130 128 120> Очень высокая скорострельность
<image UI/Conversation/T_Dialogue_IconBackgroundCircle.tga 400 130 128 120> Низкая отдача",,,ModItemInventoryItemCompositeDef FNMinimi AdditionalHint
982226088277,HK21,,,ModItemInventoryItemCompositeDef HK21 DisplayName
296685637439,HK21,,,ModItemInventoryItemCompositeDef HK21 DisplayNamePlural
138408344781,"Возьмите штурмовую винтовку и пулемет, соедините их в одно - и на выходе получите HK21. Впрочем, в отличие от многих гибридов, обе свои роли он выполняет на удивление хорошо.",,,ModItemInventoryItemCompositeDef HK21 Description
463738662923,"<image UI/Conversation/T_Dialogue_IconBackgroundCircle.tga 400 130 128 120> Легкое (Для пулемета)
<image UI/Conversation/T_Dialogue_IconBackgroundCircle.tga 400 130 128 120> Очень высокая скорострельность
<image UI/Conversation/T_Dialogue_IconBackgroundCircle.tga 400 130 128 120> Низкая отдача
<image UI/Conversation/T_Dialogue_IconBackgroundCircle.tga 400 130 128 120> Высокая точность",,,ModItemInventoryItemCompositeDef HK21 AdditionalHint
164553690051,HK23e,,,ModItemInventoryItemCompositeDef HK23e DisplayName
808491258671,HK23e,,,ModItemInventoryItemCompositeDef HK23e DisplayNamePlural
916138962648,"HK 23E - последний серийный вариант пулемета HK 21 в калибре 5.56mm NATO. Имеет удлиненную ствольную коробку и модифицированный спусковой механизм, допускающий ведение огня очередями с отсечкой по 3 выстрела.",,,ModItemInventoryItemCompositeDef HK23e Description
894589757511,"<image UI/Conversation/T_Dialogue_IconBackgroundCircle.tga 400 130 128 120> Легкое (Для пулемета)
<image UI/Conversation/T_Dialogue_IconBackgroundCircle.tga 400 130 128 120> Очень высокая скорострельность
<image UI/Conversation/T_Dialogue_IconBackgroundCircle.tga 400 130 128 120> Низкая отдача
<image UI/Conversation/T_Dialogue_IconBackgroundCircle.tga 400 130 128 120> Высокая точность",,,ModItemInventoryItemCompositeDef HK23e AdditionalHint
316346095669,ПКМ,,,ModItemInventoryItemCompositeDef PKM DisplayName
434663809021,ПКМ,,,ModItemInventoryItemCompositeDef PKM DisplayNamePlural
618303824283,"Единый пулемет советской и российской армии. Разработан в 1960-х. Может использоваться на технике, на станке, в пехотном варианте. Легче в полтора раза, чем большинство натовских пулеметов. Легенда надежности.",,,ModItemInventoryItemCompositeDef PKM Description
697265057148,"<image UI/Conversation/T_Dialogue_IconBackgroundCircle.tga 400 130 128 120> Громоздкое (нет бесплатного перемещения)
<image UI/Conversation/T_Dialogue_IconBackgroundCircle.tga 400 130 128 120> Исключительная надежность
<image UI/Conversation/T_Dialogue_IconBackgroundCircle.tga 400 130 128 120> Высокая дальность",,,ModItemInventoryItemCompositeDef PKM AdditionalHint
962741887294,M2 Browning,,,ModItemInventoryItemCompositeDef BrowningM2HMG DisplayName
403369048871,M2 Browning,,,ModItemInventoryItemCompositeDef BrowningM2HMG DisplayNamePlural
730311429139,"Когда на покупку танка денег нет, но жертвовать огневой мощью не вариант.",,,ModItemInventoryItemCompositeDef BrowningM2HMG Description
825797209582,"<image UI/Conversation/T_Dialogue_IconBackgroundCircle.tga 400 130 128 120> Стационарное оружие
<image UI/Conversation/T_Dialogue_IconBackgroundCircle.tga 400 130 128 120> Очень высокий урон
<image UI/Conversation/T_Dialogue_IconBackgroundCircle.tga 400 130 128 120> Очень шумное",,,ModItemInventoryItemCompositeDef BrowningM2HMG AdditionalHint
958980761320,Двустволка,,,ModItemInventoryItemCompositeDef DoubleBarrelShotgun DisplayName
362247337145,Двустволки,,,ModItemInventoryItemCompositeDef DoubleBarrelShotgun DisplayNamePlural
300079183563,"Простое охотничье оружие. Модные боевые дробовики могут быть самозарядными или вообще стрелять очередями, но только эта дедовская двустволка способна выстреливать по два патрона за раз. Как сказал один великий серьезный человек ""Из двух стволов стрелять в два раза веселее"".",,,ModItemInventoryItemCompositeDef DoubleBarrelShotgun Description
803974728574,"<image UI/Conversation/T_Dialogue_IconBackgroundCircle.tga 400 130 128 120> Двустволка
<image UI/Conversation/T_Dialogue_IconBackgroundCircle.tga 400 130 128 120> Может стрелять дуплетом",,,ModItemInventoryItemCompositeDef DoubleBarrelShotgun AdditionalHint
568322631068,Auto-5,,,ModItemInventoryItemCompositeDef Auto5 DisplayName
151473433799,Auto-5,,,ModItemInventoryItemCompositeDef Auto5 DisplayNamePlural
698024100144,"Первый самозарядный дробовик массового производства в мире. Кто бы мог подумать, что он станет идеальным оружием для стычек в джунглях на короткой дистанции?",,,ModItemInventoryItemCompositeDef Auto5 Description
172498628457,<image UI/Conversation/T_Dialogue_IconBackgroundCircle.tga 400 130 128 120> Самозарядный: низкая цена атаки,,,ModItemInventoryItemCompositeDef Auto5 AdditionalHint
314341924289,M1897,,,ModItemInventoryItemCompositeDef M1897 DisplayName
635909496432,M1897,,,ModItemInventoryItemCompositeDef M1897 DisplayNamePlural
908420292060,"Американцы - люди практичные, своевременно отвечающие вызовам времени. Нужно убивать врагов в окопах - выдадим солдату дробовик! У солдата кончились патроны - придадим к дробовику штык! И казалось бы, дядька пулемет давно отправил на свалку истории эти окопные мясорубки, но Легиону Гранд Чиена на занятиях политинформацией об этом рассказать забыли.",,,ModItemInventoryItemCompositeDef M1897 Description
455020895218,<image UI/Conversation/T_Dialogue_IconBackgroundCircle.tga 400 130 128 120> Помповый: высокая цена атаки,,,ModItemInventoryItemCompositeDef M1897 AdditionalHint
884743661665,Вертикалка,,,ModItemInventoryItemCompositeDef Stoeger DisplayName
299766716352,Вертикалки,,,ModItemInventoryItemCompositeDef Stoeger DisplayNamePlural
173614999924,"Бокфлинт - или двуствольное охотничье ружье ""вертикалка"". Для местных выглядит дороговасто, так что, похоже, кое-кто из иностранных туристов-охотников решил перехать в Гранд-Чиен навсегда.",,,ModItemInventoryItemCompositeDef Stoeger Description
151463192777,<image UI/Conversation/T_Dialogue_IconBackgroundCircle.tga 400 130 128 120> Помповый: высокая цена атаки,,,ModItemInventoryItemCompositeDef Stoeger AdditionalHint
158979333373,R870,,,ModItemInventoryItemCompositeDef R870 DisplayName
586410596868,R870,,,ModItemInventoryItemCompositeDef R870 DisplayNamePlural
795520427160,"Классическое ""американское"" помповое гладкоствольное ружье в охотничьей комплектации с подствольным магазином, вмещающим достаточно маленьких и злых патронов 12 калибра. Охота? Самооборона? Массовые беспорядки? Возьмите Рем, он был для этого сделан.",,,ModItemInventoryItemCompositeDef R870 Description
224384324661,<image UI/Conversation/T_Dialogue_IconBackgroundCircle.tga 400 130 128 120> Помповый: высокая цена атаки,,,ModItemInventoryItemCompositeDef R870 AdditionalHint
477319812950,Страйкер,,,ModItemInventoryItemCompositeDef Striker DisplayName
759071718742,Страйкеры,,,ModItemInventoryItemCompositeDef Striker DisplayNamePlural
411082630843,"Большой 12-ти зарядный гладкоствольный револьвер 12 калибра. ""Барабан"" неотъемный, заряжается и разряжается по одному патрону серез специальное окно, взводится вручную отдельной боевой пружиной. Получилась огромная устрашающего вида гаргалыга, весьма популярная у полицейских формирований в Африке. ",,,ModItemInventoryItemCompositeDef Striker Description
826918513106,<image UI/Conversation/T_Dialogue_IconBackgroundCircle.tga 400 130 128 120> Револьверного типа: низкая цена атаки,,,ModItemInventoryItemCompositeDef Striker AdditionalHint
748784724068,Ithaca37,,,ModItemInventoryItemCompositeDef Ithaca DisplayName
983985482936,Ithaca37,,,ModItemInventoryItemCompositeDef Ithaca DisplayNamePlural
748459940945,"Популярное некогда ружье для охоты, самообороны и даже иногда нападения. Сейчас, конечно, сдает позиции более коммерчески успешным образцам, но нет-нет да иногда где-ниубдь мелькнет. Ну вы помните, да - Идем со мной, если хочешь жить!",,,ModItemInventoryItemCompositeDef Ithaca Description
729175436095,<image UI/Conversation/T_Dialogue_IconBackgroundCircle.tga 400 130 128 120> Помповый: высокая цена атаки,,,ModItemInventoryItemCompositeDef Ithaca AdditionalHint
598127343315,M1014,,,ModItemInventoryItemCompositeDef M41Shotgun DisplayName
734968944648,M1014,,,ModItemInventoryItemCompositeDef M41Shotgun DisplayNamePlural
533710014352,"Самозарядный итальянец 12-го калибра. Благодаря неприхотливости и надежности стал любимцем как полиции, так и армии.",,,ModItemInventoryItemCompositeDef M41Shotgun Description
980342064206,"<image UI/Conversation/T_Dialogue_IconBackgroundCircle.tga 400 130 128 120> Увеличенная дальнобойность
<image UI/Conversation/T_Dialogue_IconBackgroundCircle.tga 400 130 128 120> Увеличенная эффективность прицеливания
<image UI/Conversation/T_Dialogue_IconBackgroundCircle.tga 400 130 128 120> Самозарядный: низкая цена атаки",,,ModItemInventoryItemCompositeDef M41Shotgun AdditionalHint
806477445638,SPAS-12,,,ModItemInventoryItemCompositeDef SPAS12 DisplayName
503667891235,SPAS-12,,,ModItemInventoryItemCompositeDef SPAS12 DisplayNamePlural
371856102504,"Харизматичный боевой дробовик, который участвовал, наверное, в каждом боевике 80х и 90х. Кроме запоминающегося внешнего вида примечателен еще тем, что запрещен к продаже во многих странах, включая США. К сожалению, выпуск запчастей и обслуживание имеющихся на руках у владельцев дробовиков SPAS компанией Franchi был прекращен. Рыночек. Порешал.",,,ModItemInventoryItemCompositeDef SPAS12 Description
446963667244,"<image UI/Conversation/T_Dialogue_IconBackgroundCircle.tga 400 130 128 120> Увеличенная эффективность прицеливания
<image UI/Conversation/T_Dialogue_IconBackgroundCircle.tga 400 130 128 120> Самозарядный: низкая цена атаки",,,ModItemInventoryItemCompositeDef SPAS12 AdditionalHint
691432032926,USAS12,,,ModItemInventoryItemCompositeDef USAS12 DisplayName
190616570236,USAS12,,,ModItemInventoryItemCompositeDef USAS12 DisplayNamePlural
143933161451,"Гладкоствольное боевое ружье USAS-12 разработано американцем для американцев, максимально похоже внешне на любимые ими винтовки AR-15. Для продажи в США, однако, оказалось запрещено, поэтому начало скитаться по миру, отметившись в ЮАР и в Южной Корее.",,,ModItemInventoryItemCompositeDef USAS12 Description
542084016914,<image UI/Conversation/T_Dialogue_IconBackgroundCircle.tga 400 130 128 120> Особый режим стрельбы: очередь из дробовика,,,ModItemInventoryItemCompositeDef USAS12 AdditionalHint
350925896314,AA12,,,ModItemInventoryItemCompositeDef AA12 DisplayName
616960509197,AA12,,,ModItemInventoryItemCompositeDef AA12 DisplayNamePlural
360452465782,"АА12 со своим свободным затвором больше похож на пистолет-пулемет, чем на классический дробовик. Ценится за способность вести продолжительную стрельбу благодаря довольно низкой для 12-го калибра отдаче.",,,ModItemInventoryItemCompositeDef AA12 Description
965441888238,<image UI/Conversation/T_Dialogue_IconBackgroundCircle.tga 400 130 128 120> Особый режим стрельбы: очередь из дробовика,,,ModItemInventoryItemCompositeDef AA12 AdditionalHint
958980761320,Двустволка,,,ModItemInventoryItemCompositeDef DoubleBarrelShotgun DisplayName
362247337145,Двустволки,,,ModItemInventoryItemCompositeDef DoubleBarrelShotgun DisplayNamePlural
300079183563,"Простое охотничье оружие. Модные боевые дробовики могут быть самозарядными или вообще стрелять очередями, но только эта дедовская двустволка способна выстреливать по два патрона за раз. Как сказал один великий серьезный человек ""Из двух стволов стрелять в два раза веселее"".",,,ModItemInventoryItemCompositeDef DoubleBarrelShotgun Description
803974728574,"<image UI/Conversation/T_Dialogue_IconBackgroundCircle.tga 400 130 128 120> Двустволка
<image UI/Conversation/T_Dialogue_IconBackgroundCircle.tga 400 130 128 120> Может стрелять дуплетом",,,ModItemInventoryItemCompositeDef DoubleBarrelShotgun AdditionalHint
568322631068,Auto-5,,,ModItemInventoryItemCompositeDef Auto5 DisplayName
151473433799,Auto-5,,,ModItemInventoryItemCompositeDef Auto5 DisplayNamePlural
698024100144,"Первый самозарядный дробовик массового производства в мире. Кто бы мог подумать, что он станет идеальным оружием для стычек в джунглях на короткой дистанции?",,,ModItemInventoryItemCompositeDef Auto5 Description
172498628457,<image UI/Conversation/T_Dialogue_IconBackgroundCircle.tga 400 130 128 120> Самозарядный: низкая цена атаки,,,ModItemInventoryItemCompositeDef Auto5 AdditionalHint
314341924289,M1897,,,ModItemInventoryItemCompositeDef M1897 DisplayName
635909496432,M1897,,,ModItemInventoryItemCompositeDef M1897 DisplayNamePlural
908420292060,"Американцы - люди практичные, своевременно отвечающие вызовам времени. Нужно убивать врагов в окопах - выдадим солдату дробовик! У солдата кончились патроны - придадим к дробовику штык! И казалось бы, дядька пулемет давно отправил на свалку истории эти окопные мясорубки, но Легиону Гранд Чиена на занятиях политинформацией об этом рассказать забыли.",,,ModItemInventoryItemCompositeDef M1897 Description
455020895218,<image UI/Conversation/T_Dialogue_IconBackgroundCircle.tga 400 130 128 120> Помповый: высокая цена атаки,,,ModItemInventoryItemCompositeDef M1897 AdditionalHint
884743661665,Вертикалка,,,ModItemInventoryItemCompositeDef Stoeger DisplayName
299766716352,Вертикалки,,,ModItemInventoryItemCompositeDef Stoeger DisplayNamePlural
173614999924,"Бокфлинт - или двуствольное охотничье ружье ""вертикалка"". Для местных выглядит дороговасто, так что, похоже, кое-кто из иностранных туристов-охотников решил перехать в Гранд-Чиен навсегда.",,,ModItemInventoryItemCompositeDef Stoeger Description
151463192777,<image UI/Conversation/T_Dialogue_IconBackgroundCircle.tga 400 130 128 120> Помповый: высокая цена атаки,,,ModItemInventoryItemCompositeDef Stoeger AdditionalHint
158979333373,R870,,,ModItemInventoryItemCompositeDef R870 DisplayName
586410596868,R870,,,ModItemInventoryItemCompositeDef R870 DisplayNamePlural
795520427160,"Классическое ""американское"" помповое гладкоствольное ружье в охотничьей комплектации с подствольным магазином, вмещающим достаточно маленьких и злых патронов 12 калибра. Охота? Самооборона? Массовые беспорядки? Возьмите Рем, он был для этого сделан.",,,ModItemInventoryItemCompositeDef R870 Description
224384324661,<image UI/Conversation/T_Dialogue_IconBackgroundCircle.tga 400 130 128 120> Помповый: высокая цена атаки,,,ModItemInventoryItemCompositeDef R870 AdditionalHint
477319812950,Страйкер,,,ModItemInventoryItemCompositeDef Striker DisplayName
759071718742,Страйкеры,,,ModItemInventoryItemCompositeDef Striker DisplayNamePlural
411082630843,"Большой 12-ти зарядный гладкоствольный револьвер 12 калибра. ""Барабан"" неотъемный, заряжается и разряжается по одному патрону серез специальное окно, взводится вручную отдельной боевой пружиной. Получилась огромная устрашающего вида гаргалыга, весьма популярная у полицейских формирований в Африке. ",,,ModItemInventoryItemCompositeDef Striker Description
826918513106,<image UI/Conversation/T_Dialogue_IconBackgroundCircle.tga 400 130 128 120> Револьверного типа: низкая цена атаки,,,ModItemInventoryItemCompositeDef Striker AdditionalHint
748784724068,Ithaca37,,,ModItemInventoryItemCompositeDef Ithaca DisplayName
983985482936,Ithaca37,,,ModItemInventoryItemCompositeDef Ithaca DisplayNamePlural
748459940945,"Популярное некогда ружье для охоты, самообороны и даже иногда нападения. Сейчас, конечно, сдает позиции более коммерчески успешным образцам, но нет-нет да иногда где-ниубдь мелькнет. Ну вы помните, да - Идем со мной, если хочешь жить!",,,ModItemInventoryItemCompositeDef Ithaca Description
729175436095,<image UI/Conversation/T_Dialogue_IconBackgroundCircle.tga 400 130 128 120> Помповый: высокая цена атаки,,,ModItemInventoryItemCompositeDef Ithaca AdditionalHint
598127343315,M1014,,,ModItemInventoryItemCompositeDef M41Shotgun DisplayName
734968944648,M1014,,,ModItemInventoryItemCompositeDef M41Shotgun DisplayNamePlural
533710014352,"Самозарядный итальянец 12-го калибра. Благодаря неприхотливости и надежности стал любимцем как полиции, так и армии.",,,ModItemInventoryItemCompositeDef M41Shotgun Description
980342064206,"<image UI/Conversation/T_Dialogue_IconBackgroundCircle.tga 400 130 128 120> Увеличенная дальнобойность
<image UI/Conversation/T_Dialogue_IconBackgroundCircle.tga 400 130 128 120> Увеличенная эффективность прицеливания
<image UI/Conversation/T_Dialogue_IconBackgroundCircle.tga 400 130 128 120> Самозарядный: низкая цена атаки",,,ModItemInventoryItemCompositeDef M41Shotgun AdditionalHint
806477445638,SPAS-12,,,ModItemInventoryItemCompositeDef SPAS12 DisplayName
503667891235,SPAS-12,,,ModItemInventoryItemCompositeDef SPAS12 DisplayNamePlural
371856102504,"Харизматичный боевой дробовик, который участвовал, наверное, в каждом боевике 80х и 90х. Кроме запоминающегося внешнего вида примечателен еще тем, что запрещен к продаже во многих странах, включая США. К сожалению, выпуск запчастей и обслуживание имеющихся на руках у владельцев дробовиков SPAS компанией Franchi был прекращен. Рыночек. Порешал.",,,ModItemInventoryItemCompositeDef SPAS12 Description
446963667244,"<image UI/Conversation/T_Dialogue_IconBackgroundCircle.tga 400 130 128 120> Увеличенная эффективность прицеливания
<image UI/Conversation/T_Dialogue_IconBackgroundCircle.tga 400 130 128 120> Самозарядный: низкая цена атаки",,,ModItemInventoryItemCompositeDef SPAS12 AdditionalHint
691432032926,USAS12,,,ModItemInventoryItemCompositeDef USAS12 DisplayName
190616570236,USAS12,,,ModItemInventoryItemCompositeDef USAS12 DisplayNamePlural
143933161451,"Гладкоствольное боевое ружье USAS-12 разработано американцем для американцев, максимально похоже внешне на любимые ими винтовки AR-15. Для продажи в США, однако, оказалось запрещено, поэтому начало скитаться по миру, отметившись в ЮАР и в Южной Корее.",,,ModItemInventoryItemCompositeDef USAS12 Description
542084016914,<image UI/Conversation/T_Dialogue_IconBackgroundCircle.tga 400 130 128 120> Особый режим стрельбы: очередь из дробовика,,,ModItemInventoryItemCompositeDef USAS12 AdditionalHint
350925896314,AA12,,,ModItemInventoryItemCompositeDef AA12 DisplayName
616960509197,AA12,,,ModItemInventoryItemCompositeDef AA12 DisplayNamePlural
360452465782,"АА12 со своим свободным затвором больше похож на пистолет-пулемет, чем на классический дробовик. Ценится за способность вести продолжительную стрельбу благодаря довольно низкой для 12-го калибра отдаче.",,,ModItemInventoryItemCompositeDef AA12 Description
965441888238,<image UI/Conversation/T_Dialogue_IconBackgroundCircle.tga 400 130 128 120> Особый режим стрельбы: очередь из дробовика,,,ModItemInventoryItemCompositeDef AA12 AdditionalHint
783401479277,MGL,,,ModItemInventoryItemCompositeDef MGL DisplayName
294070434072,MGL,,,ModItemInventoryItemCompositeDef MGL DisplayNamePlural
792209575350,Шестизарядный револьверный гранатомет производства ЮАР. Максимально широко распространен по всему миру. Максимально широко распространяет других людей.,,,ModItemInventoryItemCompositeDef MGL Description
547614152882,"<image UI/Conversation/T_Dialogue_IconBackgroundCircle.tga 400 130 128 120> Стреляет дальнобойными 40-мм гранатами
<image UI/Conversation/T_Dialogue_IconBackgroundCircle.tga 400 130 128 120> Вероятность неудачи растет с увеличением расстояния
<image UI/Conversation/T_Dialogue_IconBackgroundCircle.tga 400 130 128 120> Громоздкое (нет бесплатного перемещения)",,,ModItemInventoryItemCompositeDef MGL AdditionalHint
967355866503,M79,,,ModItemInventoryItemCompositeDef M79 DisplayName
209035379542,M79,,,ModItemInventoryItemCompositeDef M79 DisplayNamePlural
404670832927,"Легендарный американский 40 мм пехотный гранатомет времен войны во Вьетнаме, являющийся пращуром современных ""подствольников"". На прикладе ножом в спешке вырезано ""Джонни, они на деревьях!""",,,ModItemInventoryItemCompositeDef M79 Description
614582609209,"<image UI/Conversation/T_Dialogue_IconBackgroundCircle.tga 400 130 128 120> Стреляет дальнобойными 40-мм гранатами
<image UI/Conversation/T_Dialogue_IconBackgroundCircle.tga 400 130 128 120> Вероятность неудачи растет с увеличением расстояния",,,ModItemInventoryItemCompositeDef M79 AdditionalHint
392423673121,China Lake,,,ModItemInventoryItemCompositeDef China_Lake DisplayName
153480309484,China Lake,,,ModItemInventoryItemCompositeDef China_Lake DisplayNamePlural
950218567094,Когда однозарядного 40-мм подствольного гранатомета уже не хватает. MGL предоставляет бойцу простой и эффективный способ завалить поле боя взрывчаткой - или другими типами боеприпасов.,,,ModItemInventoryItemCompositeDef China_Lake Description
829711269189,"<image UI/Conversation/T_Dialogue_IconBackgroundCircle.tga 400 130 128 120> Стреляет дальнобойными 40-мм гранатами
<image UI/Conversation/T_Dialogue_IconBackgroundCircle.tga 400 130 128 120> Вероятность неудачи растет с увеличением расстояния
<image UI/Conversation/T_Dialogue_IconBackgroundCircle.tga 400 130 128 120> Громоздкое (нет бесплатного перемещения)",,,ModItemInventoryItemCompositeDef China_Lake AdditionalHint
272796152033,Миномет,,,ModItemInventoryItemCompositeDef MortarInventoryItem DisplayName
186017172242,Минометы,,,ModItemInventoryItemCompositeDef MortarInventoryItem DisplayNamePlural
471598442971,"60 мм ротный пехотный миномет производства США. Хорошо, когда он на твоей стороне. И плохо, когда не на твоей.",,,ModItemInventoryItemCompositeDef MortarInventoryItem Description
875089606300,"<image UI/Conversation/T_Dialogue_IconBackgroundCircle.tga 400 130 128 120> После небольшой задержки обстреливает указанную область вдалеке
<image UI/Conversation/T_Dialogue_IconBackgroundCircle.tga 400 130 128 120> Громоздкое (нет бесплатного перемещения)",,,ModItemInventoryItemCompositeDef MortarInventoryItem AdditionalHint
577798069026,РПГ-7,,,ModItemInventoryItemCompositeDef RPG7 DisplayName
517779757727,РПГ-7,,,ModItemInventoryItemCompositeDef RPG7 DisplayNamePlural
871670886343,"Ручной противотанковый гранатомет. Часто, когда говорят ""гранатомет"", или ""РПГ"", имеют в виду именно РПГ-7. Снаряжается надкалиберными 40 мм гранатами, с широкой номенклатурой используемых типов боеприпасов. ",,,ModItemInventoryItemCompositeDef RPG7 Description
898554698846,"<image UI/Conversation/T_Dialogue_IconBackgroundCircle.tga 400 130 128 120> Выстреливает снаряд, летящий по прямой до цели
<image UI/Conversation/T_Dialogue_IconBackgroundCircle.tga 400 130 128 120> Наносит небольшой урон стоящим позади стрелка
<image UI/Conversation/T_Dialogue_IconBackgroundCircle.tga 400 130 128 120> Вероятность неудачи растет с увеличением расстояния
<image UI/Conversation/T_Dialogue_IconBackgroundCircle.tga 400 130 128 120> Громоздкое (нет бесплатного перемещения)",,,ModItemInventoryItemCompositeDef RPG7 AdditionalHint
136295884492,Подствол. гранатомет,,,ModItemInventoryItemCompositeDef UnderslungGrenadeLauncher DisplayName
197814872939,Подствол. гранатометы,,,ModItemInventoryItemCompositeDef UnderslungGrenadeLauncher DisplayNamePlural
571618962584,M72LAW2,,,ModItemInventoryItemCompositeDef M72LAW DisplayName
672169315924,M72LAW2,,,ModItemInventoryItemCompositeDef M72LAW DisplayNamePlural
360958891640,"Изначально разработанный как противотанковое оружие, этот реактивный гранатомет сейчас используется против легкой техники, зданий и вообще всего, что не понравится оператору установки.",,,ModItemInventoryItemCompositeDef M72LAW Description
212940999666,"<image UI/Conversation/T_Dialogue_IconBackgroundCircle.tga 400 130 128 120> Выстреливает снаряд, летящий по прямой до цели
<image UI/Conversation/T_Dialogue_IconBackgroundCircle.tga 400 130 128 120> Наносит небольшой урон стоящим позади стрелка
<image UI/Conversation/T_Dialogue_IconBackgroundCircle.tga 400 130 128 120> Вероятность неудачи растет с увеличением расстояния
<image UI/Conversation/T_Dialogue_IconBackgroundCircle.tga 400 130 128 120> Громоздкое (нет бесплатного перемещения)",,,ModItemInventoryItemCompositeDef M72LAW AdditionalHint
783401479277,MGL,,,ModItemInventoryItemCompositeDef MGL DisplayName
294070434072,MGL,,,ModItemInventoryItemCompositeDef MGL DisplayNamePlural
792209575350,Шестизарядный револьверный гранатомет производства ЮАР. Максимально широко распространен по всему миру. Максимально широко распространяет других людей.,,,ModItemInventoryItemCompositeDef MGL Description
547614152882,"<image UI/Conversation/T_Dialogue_IconBackgroundCircle.tga 400 130 128 120> Стреляет дальнобойными 40-мм гранатами
<image UI/Conversation/T_Dialogue_IconBackgroundCircle.tga 400 130 128 120> Вероятность неудачи растет с увеличением расстояния
<image UI/Conversation/T_Dialogue_IconBackgroundCircle.tga 400 130 128 120> Громоздкое (нет бесплатного перемещения)",,,ModItemInventoryItemCompositeDef MGL AdditionalHint
967355866503,M79,,,ModItemInventoryItemCompositeDef M79 DisplayName
209035379542,M79,,,ModItemInventoryItemCompositeDef M79 DisplayNamePlural
404670832927,"Легендарный американский 40 мм пехотный гранатомет времен войны во Вьетнаме, являющийся пращуром современных ""подствольников"". На прикладе ножом в спешке вырезано ""Джонни, они на деревьях!""",,,ModItemInventoryItemCompositeDef M79 Description
614582609209,"<image UI/Conversation/T_Dialogue_IconBackgroundCircle.tga 400 130 128 120> Стреляет дальнобойными 40-мм гранатами
<image UI/Conversation/T_Dialogue_IconBackgroundCircle.tga 400 130 128 120> Вероятность неудачи растет с увеличением расстояния",,,ModItemInventoryItemCompositeDef M79 AdditionalHint
392423673121,China Lake,,,ModItemInventoryItemCompositeDef China_Lake DisplayName
153480309484,China Lake,,,ModItemInventoryItemCompositeDef China_Lake DisplayNamePlural
950218567094,Когда однозарядного 40-мм подствольного гранатомета уже не хватает. MGL предоставляет бойцу простой и эффективный способ завалить поле боя взрывчаткой - или другими типами боеприпасов.,,,ModItemInventoryItemCompositeDef China_Lake Description
829711269189,"<image UI/Conversation/T_Dialogue_IconBackgroundCircle.tga 400 130 128 120> Стреляет дальнобойными 40-мм гранатами
<image UI/Conversation/T_Dialogue_IconBackgroundCircle.tga 400 130 128 120> Вероятность неудачи растет с увеличением расстояния
<image UI/Conversation/T_Dialogue_IconBackgroundCircle.tga 400 130 128 120> Громоздкое (нет бесплатного перемещения)",,,ModItemInventoryItemCompositeDef China_Lake AdditionalHint
272796152033,Миномет,,,ModItemInventoryItemCompositeDef MortarInventoryItem DisplayName
186017172242,Минометы,,,ModItemInventoryItemCompositeDef MortarInventoryItem DisplayNamePlural
471598442971,"60 мм ротный пехотный миномет производства США. Хорошо, когда он на твоей стороне. И плохо, когда не на твоей.",,,ModItemInventoryItemCompositeDef MortarInventoryItem Description
875089606300,"<image UI/Conversation/T_Dialogue_IconBackgroundCircle.tga 400 130 128 120> После небольшой задержки обстреливает указанную область вдалеке
<image UI/Conversation/T_Dialogue_IconBackgroundCircle.tga 400 130 128 120> Громоздкое (нет бесплатного перемещения)",,,ModItemInventoryItemCompositeDef MortarInventoryItem AdditionalHint
577798069026,РПГ-7,,,ModItemInventoryItemCompositeDef RPG7 DisplayName
517779757727,РПГ-7,,,ModItemInventoryItemCompositeDef RPG7 DisplayNamePlural
871670886343,"Ручной противотанковый гранатомет. Часто, когда говорят ""гранатомет"", или ""РПГ"", имеют в виду именно РПГ-7. Снаряжается надкалиберными 40 мм гранатами, с широкой номенклатурой используемых типов боеприпасов. ",,,ModItemInventoryItemCompositeDef RPG7 Description
898554698846,"<image UI/Conversation/T_Dialogue_IconBackgroundCircle.tga 400 130 128 120> Выстреливает снаряд, летящий по прямой до цели
<image UI/Conversation/T_Dialogue_IconBackgroundCircle.tga 400 130 128 120> Наносит небольшой урон стоящим позади стрелка
<image UI/Conversation/T_Dialogue_IconBackgroundCircle.tga 400 130 128 120> Вероятность неудачи растет с увеличением расстояния
<image UI/Conversation/T_Dialogue_IconBackgroundCircle.tga 400 130 128 120> Громоздкое (нет бесплатного перемещения)",,,ModItemInventoryItemCompositeDef RPG7 AdditionalHint
136295884492,Подствол. гранатомет,,,ModItemInventoryItemCompositeDef UnderslungGrenadeLauncher DisplayName
197814872939,Подствол. гранатометы,,,ModItemInventoryItemCompositeDef UnderslungGrenadeLauncher DisplayNamePlural
571618962584,M72LAW2,,,ModItemInventoryItemCompositeDef M72LAW DisplayName
672169315924,M72LAW2,,,ModItemInventoryItemCompositeDef M72LAW DisplayNamePlural
360958891640,"Изначально разработанный как противотанковое оружие, этот реактивный гранатомет сейчас используется против легкой техники, зданий и вообще всего, что не понравится оператору установки.",,,ModItemInventoryItemCompositeDef M72LAW Description
212940999666,"<image UI/Conversation/T_Dialogue_IconBackgroundCircle.tga 400 130 128 120> Выстреливает снаряд, летящий по прямой до цели
<image UI/Conversation/T_Dialogue_IconBackgroundCircle.tga 400 130 128 120> Наносит небольшой урон стоящим позади стрелка
<image UI/Conversation/T_Dialogue_IconBackgroundCircle.tga 400 130 128 120> Вероятность неудачи растет с увеличением расстояния
<image UI/Conversation/T_Dialogue_IconBackgroundCircle.tga 400 130 128 120> Громоздкое (нет бесплатного перемещения)",,,ModItemInventoryItemCompositeDef M72LAW AdditionalHint
655835437728,Граната M24,,,ModItemInventoryItemCompositeDef FragGrenade DisplayName
768269989582,Гранаты M24,,,ModItemInventoryItemCompositeDef FragGrenade DisplayNamePlural
298542241125,<image UI/Conversation/T_Dialogue_IconBackgroundCircle.tga 400 130 128 120> Взрывается при контакте,,,ModItemInventoryItemCompositeDef FragGrenade AdditionalHint
609182030271,Граната Mk2,,,ModItemInventoryItemCompositeDef HE_Grenade DisplayName
649137351724,Гранаты Mk2,,,ModItemInventoryItemCompositeDef HE_Grenade DisplayNamePlural
945007820899,<image UI/Conversation/T_Dialogue_IconBackgroundCircle.tga 400 130 128 120> Взрывается при контакте,,,ModItemInventoryItemCompositeDef HE_Grenade AdditionalHint
148415301104,Самодельная бомба,,,ModItemInventoryItemCompositeDef PipeBomb DisplayName
329151782239,Самодельные бомбы,,,ModItemInventoryItemCompositeDef PipeBomb DisplayNamePlural
524218240083,"<image UI/Conversation/T_Dialogue_IconBackgroundCircle.tga 400 130 128 120> Взрывается через 1 ход (или 5 секунд не в бою)
<image UI/Conversation/T_Dialogue_IconBackgroundCircle.tga 400 130 128 120> Высокая вероятность неудачи
<image UI/Conversation/T_Dialogue_IconBackgroundCircle.tga 400 130 128 120> Вызывает кровотечение",,,ModItemInventoryItemCompositeDef PipeBomb AdditionalHint
405527754639,Светошумовая граната,,,ModItemInventoryItemCompositeDef ConcussiveGrenade DisplayName
803423716392,Светошумовые гранаты,,,ModItemInventoryItemCompositeDef ConcussiveGrenade DisplayNamePlural
630285959154,"<image UI/Conversation/T_Dialogue_IconBackgroundCircle.tga 400 130 128 120> Ослепляет цель
<image UI/Conversation/T_Dialogue_IconBackgroundCircle.tga 400 130 128 120> Отменяет ответный огонь и уменьшает бонусы от укрытия в центре взрыва
<image UI/Conversation/T_Dialogue_IconBackgroundCircle.tga 400 130 128 120> Почти бесшумное",,,ModItemInventoryItemCompositeDef ConcussiveGrenade AdditionalHint
218967800978,Сигнальная шашка,,,ModItemInventoryItemCompositeDef FlareStick DisplayName
949102836629,Сигнальные шашки,,,ModItemInventoryItemCompositeDef FlareStick DisplayNamePlural
454019902658,"<image UI/Conversation/T_Dialogue_IconBackgroundCircle.tga 400 130 128 120> Освещает большую территорию
<image UI/Conversation/T_Dialogue_IconBackgroundCircle.tga 400 130 128 120> Высокая вероятность неудачи
<image UI/Conversation/T_Dialogue_IconBackgroundCircle.tga 400 130 128 120> Бесшумное",,,ModItemInventoryItemCompositeDef FlareStick AdditionalHint
495856773729,ХИС,,,ModItemInventoryItemCompositeDef GlowStick DisplayName
118589876778,ХИС,,,ModItemInventoryItemCompositeDef GlowStick DisplayNamePlural
900827058123,<image UI/Conversation/T_Dialogue_IconBackgroundCircle.tga 400 130 128 120> Освещает небольшую область,,,ModItemInventoryItemCompositeDef GlowStick AdditionalHint
197087230194,Коктейль Молотова,,,ModItemInventoryItemCompositeDef Molotov DisplayName
524402783050,Коктейли Молотова,,,ModItemInventoryItemCompositeDef Molotov DisplayNamePlural
736312499226,"<image UI/Conversation/T_Dialogue_IconBackgroundCircle.tga 400 130 128 120> Воспламеняет место попадания и вызывает у целей <color EmStyle>горение</color>
<image UI/Conversation/T_Dialogue_IconBackgroundCircle.tga 400 130 128 120> Высокая вероятность неудачи",,,ModItemInventoryItemCompositeDef Molotov AdditionalHint
446034504724,Дымовая граната,,,ModItemInventoryItemCompositeDef SmokeGrenade DisplayName
190533794124,Дымовые гранаты,,,ModItemInventoryItemCompositeDef SmokeGrenade DisplayNamePlural
325306443953,"<image UI/Conversation/T_Dialogue_IconBackgroundCircle.tga 400 130 128 120> Выстрелы, совершенные сквозь облака газа, дают лишь <color EmStyle>незначительные попадания</color>
<image UI/Conversation/T_Dialogue_IconBackgroundCircle.tga 400 130 128 120> Не наносит урона
<image UI/Conversation/T_Dialogue_IconBackgroundCircle.tga 400 130 128 120> Почти бесшумна",,,ModItemInventoryItemCompositeDef SmokeGrenade AdditionalHint
315230093872,Граната со слез. газом,,,ModItemInventoryItemCompositeDef TearGasGrenade DisplayName
633125038262,Гранаты со слез. газом,,,ModItemInventoryItemCompositeDef TearGasGrenade DisplayNamePlural
382594599351,"<image UI/Conversation/T_Dialogue_IconBackgroundCircle.tga 400 130 128 120> Вызывает <color EmStyle>слепоту</color>
<image UI/Conversation/T_Dialogue_IconBackgroundCircle.tga 400 130 128 120> Выстрелы, совершенные сквозь облака газа, дают лишь <color EmStyle>незначительные попадания</color>
<image UI/Conversation/T_Dialogue_IconBackgroundCircle.tga 400 130 128 120> Не наносит урона
<image UI/Conversation/T_Dialogue_IconBackgroundCircle.tga 400 130 128 120> Высокая вероятность неудачи
<image UI/Conversation/T_Dialogue_IconBackgroundCircle.tga 400 130 128 120> Почти бесшумна",,,ModItemInventoryItemCompositeDef TearGasGrenade AdditionalHint
436531901276,Граната с горч. газом,,,ModItemInventoryItemCompositeDef ToxicGasGrenade DisplayName
267116155278,Гранаты с горч. газом,,,ModItemInventoryItemCompositeDef ToxicGasGrenade DisplayNamePlural
414268723845,"<image UI/Conversation/T_Dialogue_IconBackgroundCircle.tga 400 130 128 120> Вызывает <color EmStyle>удушье</color>
<image UI/Conversation/T_Dialogue_IconBackgroundCircle.tga 400 130 128 120> Выстрелы, совершенные сквозь облака газа, дают лишь незначительные попадания
<image UI/Conversation/T_Dialogue_IconBackgroundCircle.tga 400 130 128 120> Высокая вероятность неудачи
<image UI/Conversation/T_Dialogue_IconBackgroundCircle.tga 400 130 128 120> Почти бесшумна",,,ModItemInventoryItemCompositeDef ToxicGasGrenade AdditionalHint
536506055069,Кумулятивный заряд,,,ModItemInventoryItemCompositeDef ShapedCharge DisplayName
861935678411,Кумулятивные заряды,,,ModItemInventoryItemCompositeDef ShapedCharge DisplayNamePlural
761371985583,"<image UI/Conversation/T_Dialogue_IconBackgroundCircle.tga 400 130 128 120> Наносит урон по сектору
<image UI/Conversation/T_Dialogue_IconBackgroundCircle.tga 400 130 128 120> Высокая вероятность неудачи при использовании всеми, кроме Барри",,,ModItemInventoryItemCompositeDef ShapedCharge AdditionalHint
655835437728,Граната M24,,,ModItemInventoryItemCompositeDef FragGrenade DisplayName
768269989582,Гранаты M24,,,ModItemInventoryItemCompositeDef FragGrenade DisplayNamePlural
298542241125,<image UI/Conversation/T_Dialogue_IconBackgroundCircle.tga 400 130 128 120> Взрывается при контакте,,,ModItemInventoryItemCompositeDef FragGrenade AdditionalHint
609182030271,Граната Mk2,,,ModItemInventoryItemCompositeDef HE_Grenade DisplayName
649137351724,Гранаты Mk2,,,ModItemInventoryItemCompositeDef HE_Grenade DisplayNamePlural
945007820899,<image UI/Conversation/T_Dialogue_IconBackgroundCircle.tga 400 130 128 120> Взрывается при контакте,,,ModItemInventoryItemCompositeDef HE_Grenade AdditionalHint
148415301104,Самодельная бомба,,,ModItemInventoryItemCompositeDef PipeBomb DisplayName
329151782239,Самодельные бомбы,,,ModItemInventoryItemCompositeDef PipeBomb DisplayNamePlural
524218240083,"<image UI/Conversation/T_Dialogue_IconBackgroundCircle.tga 400 130 128 120> Взрывается через 1 ход (или 5 секунд не в бою)
<image UI/Conversation/T_Dialogue_IconBackgroundCircle.tga 400 130 128 120> Высокая вероятность неудачи
<image UI/Conversation/T_Dialogue_IconBackgroundCircle.tga 400 130 128 120> Вызывает кровотечение",,,ModItemInventoryItemCompositeDef PipeBomb AdditionalHint
405527754639,Светошумовая граната,,,ModItemInventoryItemCompositeDef ConcussiveGrenade DisplayName
803423716392,Светошумовые гранаты,,,ModItemInventoryItemCompositeDef ConcussiveGrenade DisplayNamePlural
630285959154,"<image UI/Conversation/T_Dialogue_IconBackgroundCircle.tga 400 130 128 120> Ослепляет цель
<image UI/Conversation/T_Dialogue_IconBackgroundCircle.tga 400 130 128 120> Отменяет ответный огонь и уменьшает бонусы от укрытия в центре взрыва
<image UI/Conversation/T_Dialogue_IconBackgroundCircle.tga 400 130 128 120> Почти бесшумное",,,ModItemInventoryItemCompositeDef ConcussiveGrenade AdditionalHint
218967800978,Сигнальная шашка,,,ModItemInventoryItemCompositeDef FlareStick DisplayName
949102836629,Сигнальные шашки,,,ModItemInventoryItemCompositeDef FlareStick DisplayNamePlural
454019902658,"<image UI/Conversation/T_Dialogue_IconBackgroundCircle.tga 400 130 128 120> Освещает большую территорию
<image UI/Conversation/T_Dialogue_IconBackgroundCircle.tga 400 130 128 120> Высокая вероятность неудачи
<image UI/Conversation/T_Dialogue_IconBackgroundCircle.tga 400 130 128 120> Бесшумное",,,ModItemInventoryItemCompositeDef FlareStick AdditionalHint
495856773729,ХИС,,,ModItemInventoryItemCompositeDef GlowStick DisplayName
118589876778,ХИС,,,ModItemInventoryItemCompositeDef GlowStick DisplayNamePlural
900827058123,<image UI/Conversation/T_Dialogue_IconBackgroundCircle.tga 400 130 128 120> Освещает небольшую область,,,ModItemInventoryItemCompositeDef GlowStick AdditionalHint
197087230194,Коктейль Молотова,,,ModItemInventoryItemCompositeDef Molotov DisplayName
524402783050,Коктейли Молотова,,,ModItemInventoryItemCompositeDef Molotov DisplayNamePlural
736312499226,"<image UI/Conversation/T_Dialogue_IconBackgroundCircle.tga 400 130 128 120> Воспламеняет место попадания и вызывает у целей <color EmStyle>горение</color>
<image UI/Conversation/T_Dialogue_IconBackgroundCircle.tga 400 130 128 120> Высокая вероятность неудачи",,,ModItemInventoryItemCompositeDef Molotov AdditionalHint
446034504724,Дымовая граната,,,ModItemInventoryItemCompositeDef SmokeGrenade DisplayName
190533794124,Дымовые гранаты,,,ModItemInventoryItemCompositeDef SmokeGrenade DisplayNamePlural
325306443953,"<image UI/Conversation/T_Dialogue_IconBackgroundCircle.tga 400 130 128 120> Выстрелы, совершенные сквозь облака газа, дают лишь <color EmStyle>незначительные попадания</color>
<image UI/Conversation/T_Dialogue_IconBackgroundCircle.tga 400 130 128 120> Не наносит урона
<image UI/Conversation/T_Dialogue_IconBackgroundCircle.tga 400 130 128 120> Почти бесшумна",,,ModItemInventoryItemCompositeDef SmokeGrenade AdditionalHint
315230093872,Граната со слез. газом,,,ModItemInventoryItemCompositeDef TearGasGrenade DisplayName
633125038262,Гранаты со слез. газом,,,ModItemInventoryItemCompositeDef TearGasGrenade DisplayNamePlural
382594599351,"<image UI/Conversation/T_Dialogue_IconBackgroundCircle.tga 400 130 128 120> Вызывает <color EmStyle>слепоту</color>
<image UI/Conversation/T_Dialogue_IconBackgroundCircle.tga 400 130 128 120> Выстрелы, совершенные сквозь облака газа, дают лишь <color EmStyle>незначительные попадания</color>
<image UI/Conversation/T_Dialogue_IconBackgroundCircle.tga 400 130 128 120> Не наносит урона
<image UI/Conversation/T_Dialogue_IconBackgroundCircle.tga 400 130 128 120> Высокая вероятность неудачи
<image UI/Conversation/T_Dialogue_IconBackgroundCircle.tga 400 130 128 120> Почти бесшумна",,,ModItemInventoryItemCompositeDef TearGasGrenade AdditionalHint
436531901276,Граната с горч. газом,,,ModItemInventoryItemCompositeDef ToxicGasGrenade DisplayName
267116155278,Гранаты с горч. газом,,,ModItemInventoryItemCompositeDef ToxicGasGrenade DisplayNamePlural
414268723845,"<image UI/Conversation/T_Dialogue_IconBackgroundCircle.tga 400 130 128 120> Вызывает <color EmStyle>удушье</color>
<image UI/Conversation/T_Dialogue_IconBackgroundCircle.tga 400 130 128 120> Выстрелы, совершенные сквозь облака газа, дают лишь незначительные попадания
<image UI/Conversation/T_Dialogue_IconBackgroundCircle.tga 400 130 128 120> Высокая вероятность неудачи
<image UI/Conversation/T_Dialogue_IconBackgroundCircle.tga 400 130 128 120> Почти бесшумна",,,ModItemInventoryItemCompositeDef ToxicGasGrenade AdditionalHint
536506055069,Кумулятивный заряд,,,ModItemInventoryItemCompositeDef ShapedCharge DisplayName
861935678411,Кумулятивные заряды,,,ModItemInventoryItemCompositeDef ShapedCharge DisplayNamePlural
761371985583,"<image UI/Conversation/T_Dialogue_IconBackgroundCircle.tga 400 130 128 120> Наносит урон по сектору
<image UI/Conversation/T_Dialogue_IconBackgroundCircle.tga 400 130 128 120> Высокая вероятность неудачи при использовании всеми, кроме Барри",,,ModItemInventoryItemCompositeDef ShapedCharge AdditionalHint
573574630952,Бесконтактная С4,,,ModItemInventoryItemCompositeDef ProximityC4 DisplayName
966111007120,Бесконтактная С4,,,ModItemInventoryItemCompositeDef ProximityC4 DisplayNamePlural
224655812511,"<image UI/Conversation/T_Dialogue_IconBackgroundCircle.tga 400 130 128 120> Взрывается, когда враг подходит к заряду на близкое расстояние",,,ModItemInventoryItemCompositeDef ProximityC4 AdditionalHint
668842547393,Бесконтактная ТЭН,,,ModItemInventoryItemCompositeDef ProximityPETN DisplayName
810980081250,Бесконтактная ТЭН,,,ModItemInventoryItemCompositeDef ProximityPETN DisplayNamePlural
779499077536,"<image UI/Conversation/T_Dialogue_IconBackgroundCircle.tga 400 130 128 120> Взрывается, когда враг подходит к заряду на близкое расстояние",,,ModItemInventoryItemCompositeDef ProximityPETN AdditionalHint
546129123767,Бесконтактный динамит,,,ModItemInventoryItemCompositeDef ProximityTNT DisplayName
164266712269,Бесконтактный динамит,,,ModItemInventoryItemCompositeDef ProximityTNT DisplayNamePlural
375890319557,"<image UI/Conversation/T_Dialogue_IconBackgroundCircle.tga 400 130 128 120> Взрывается, когда враг подходит к заряду на близкое расстояние
<image UI/Conversation/T_Dialogue_IconBackgroundCircle.tga 400 130 128 120> Высокая вероятность неудачи",,,ModItemInventoryItemCompositeDef ProximityTNT AdditionalHint
106465708989,Дистанционная С4,,,ModItemInventoryItemCompositeDef RemoteC4 DisplayName
737598528656,Дистанционная С4,,,ModItemInventoryItemCompositeDef RemoteC4 DisplayNamePlural
368779185982,<image UI/Conversation/T_Dialogue_IconBackgroundCircle.tga 400 130 128 120> Заряд подрывается с помощью пульта ДУ,,,ModItemInventoryItemCompositeDef RemoteC4 AdditionalHint
945988577801,Дистанционная ТЭН,,,ModItemInventoryItemCompositeDef RemotePETN DisplayName
515991700974,Дистанционная ТЭН,,,ModItemInventoryItemCompositeDef RemotePETN DisplayNamePlural
712990303092,<image UI/Conversation/T_Dialogue_IconBackgroundCircle.tga 400 130 128 120> Заряд подрывается с помощью пульта ДУ,,,ModItemInventoryItemCompositeDef RemotePETN AdditionalHint
891971466367,Дистанционный динамит,,,ModItemInventoryItemCompositeDef RemoteTNT DisplayName
782975012753,Дистанционный динамит,,,ModItemInventoryItemCompositeDef RemoteTNT DisplayNamePlural
343392841621,"<image UI/Conversation/T_Dialogue_IconBackgroundCircle.tga 400 130 128 120> Заряд подрывается с помощью пульта ДУ
<image UI/Conversation/T_Dialogue_IconBackgroundCircle.tga 400 130 128 120> Высокая вероятность неудачи",,,ModItemInventoryItemCompositeDef RemoteTNT AdditionalHint
298565110615,C4 с таймером,,,ModItemInventoryItemCompositeDef TimedC4 DisplayName
694094414952,C4 с таймером,,,ModItemInventoryItemCompositeDef TimedC4 DisplayNamePlural
377890721582,<image UI/Conversation/T_Dialogue_IconBackgroundCircle.tga 400 130 128 120> Взрывается через 1 ход (или 5 секунд не в бою),,,ModItemInventoryItemCompositeDef TimedC4 AdditionalHint
889962003949,ТЭН с таймером,,,ModItemInventoryItemCompositeDef TimedPETN DisplayName
187370715048,ТЭН с таймером,,,ModItemInventoryItemCompositeDef TimedPETN DisplayNamePlural
370089653766,<image UI/Conversation/T_Dialogue_IconBackgroundCircle.tga 400 130 128 120> Взрывается через 1 ход (или 5 секунд не в бою),,,ModItemInventoryItemCompositeDef TimedPETN AdditionalHint
308754319774,Динамит с таймером,,,ModItemInventoryItemCompositeDef TimedTNT DisplayName
244565831872,Динамит с таймером,,,ModItemInventoryItemCompositeDef TimedTNT DisplayNamePlural
319393461447,"<image UI/Conversation/T_Dialogue_IconBackgroundCircle.tga 400 130 128 120> Взрывается через 1 ход (или 5 секунд не в бою)
<image UI/Conversation/T_Dialogue_IconBackgroundCircle.tga 400 130 128 120> Высокая вероятность неудачи",,,ModItemInventoryItemCompositeDef TimedTNT AdditionalHint
776245354326,Порох,,,ModItemInventoryItemCompositeDef BlackPowder DisplayName
131934501209,Порох,,,ModItemInventoryItemCompositeDef BlackPowder DisplayNamePlural
819392598605,<image UI/Conversation/T_Dialogue_IconBackgroundCircle.tga 400 130 128 120> Используется в ходе операций «Изготовление боеприпасов» и «Изготовление взрывчатки»,,,ModItemInventoryItemCompositeDef BlackPowder AdditionalHint
261791014009,C4,,,ModItemInventoryItemCompositeDef C4 DisplayName
659974065772,C4,,,ModItemInventoryItemCompositeDef C4 DisplayNamePlural
929865197331,"<image UI/Conversation/T_Dialogue_IconBackgroundCircle.tga 400 130 128 120> Добавьте взрыватель, чтобы создать взрывчатку",,,ModItemInventoryItemCompositeDef C4 AdditionalHint
789560186675,ТЭН,,,ModItemInventoryItemCompositeDef PETN DisplayName
271611614190,ТЭНы,,,ModItemInventoryItemCompositeDef PETN DisplayNamePlural
445218344705,"Мощная пластическая взрывчатка, используется как в подрывных зарядах, так и в военных целях.",,,ModItemInventoryItemCompositeDef PETN Description
107625797163,"<image UI/Conversation/T_Dialogue_IconBackgroundCircle.tga 400 130 128 120> Добавьте взрыватель, чтобы создать взрывчатку",,,ModItemInventoryItemCompositeDef PETN AdditionalHint
796529325237,Динамит,,,ModItemInventoryItemCompositeDef TNT DisplayName
330747403655,Динамит,,,ModItemInventoryItemCompositeDef TNT DisplayNamePlural
375818950565,Излюбленная палочка-выручалочка американских железнодорожных рабочих и усатых злодеев. С такой шашкой любой выйдет в дамки.,,,ModItemInventoryItemCompositeDef TNT Description
457192558117,"<image UI/Conversation/T_Dialogue_IconBackgroundCircle.tga 400 130 128 120> Добавьте взрыватель, чтобы создать взрывчатку
<image UI/Conversation/T_Dialogue_IconBackgroundCircle.tga 400 130 128 120> Увеличенный радиус взрыва",,,ModItemInventoryItemCompositeDef TNT AdditionalHint
573574630952,Бесконтактная С4,,,ModItemInventoryItemCompositeDef ProximityC4 DisplayName
966111007120,Бесконтактная С4,,,ModItemInventoryItemCompositeDef ProximityC4 DisplayNamePlural
224655812511,"<image UI/Conversation/T_Dialogue_IconBackgroundCircle.tga 400 130 128 120> Взрывается, когда враг подходит к заряду на близкое расстояние",,,ModItemInventoryItemCompositeDef ProximityC4 AdditionalHint
668842547393,Бесконтактная ТЭН,,,ModItemInventoryItemCompositeDef ProximityPETN DisplayName
810980081250,Бесконтактная ТЭН,,,ModItemInventoryItemCompositeDef ProximityPETN DisplayNamePlural
779499077536,"<image UI/Conversation/T_Dialogue_IconBackgroundCircle.tga 400 130 128 120> Взрывается, когда враг подходит к заряду на близкое расстояние",,,ModItemInventoryItemCompositeDef ProximityPETN AdditionalHint
546129123767,Бесконтактный динамит,,,ModItemInventoryItemCompositeDef ProximityTNT DisplayName
164266712269,Бесконтактный динамит,,,ModItemInventoryItemCompositeDef ProximityTNT DisplayNamePlural
375890319557,"<image UI/Conversation/T_Dialogue_IconBackgroundCircle.tga 400 130 128 120> Взрывается, когда враг подходит к заряду на близкое расстояние
<image UI/Conversation/T_Dialogue_IconBackgroundCircle.tga 400 130 128 120> Высокая вероятность неудачи",,,ModItemInventoryItemCompositeDef ProximityTNT AdditionalHint
106465708989,Дистанционная С4,,,ModItemInventoryItemCompositeDef RemoteC4 DisplayName
737598528656,Дистанционная С4,,,ModItemInventoryItemCompositeDef RemoteC4 DisplayNamePlural
368779185982,<image UI/Conversation/T_Dialogue_IconBackgroundCircle.tga 400 130 128 120> Заряд подрывается с помощью пульта ДУ,,,ModItemInventoryItemCompositeDef RemoteC4 AdditionalHint
945988577801,Дистанционная ТЭН,,,ModItemInventoryItemCompositeDef RemotePETN DisplayName
515991700974,Дистанционная ТЭН,,,ModItemInventoryItemCompositeDef RemotePETN DisplayNamePlural
712990303092,<image UI/Conversation/T_Dialogue_IconBackgroundCircle.tga 400 130 128 120> Заряд подрывается с помощью пульта ДУ,,,ModItemInventoryItemCompositeDef RemotePETN AdditionalHint
891971466367,Дистанционный динамит,,,ModItemInventoryItemCompositeDef RemoteTNT DisplayName
782975012753,Дистанционный динамит,,,ModItemInventoryItemCompositeDef RemoteTNT DisplayNamePlural
343392841621,"<image UI/Conversation/T_Dialogue_IconBackgroundCircle.tga 400 130 128 120> Заряд подрывается с помощью пульта ДУ
<image UI/Conversation/T_Dialogue_IconBackgroundCircle.tga 400 130 128 120> Высокая вероятность неудачи",,,ModItemInventoryItemCompositeDef RemoteTNT AdditionalHint
298565110615,C4 с таймером,,,ModItemInventoryItemCompositeDef TimedC4 DisplayName
694094414952,C4 с таймером,,,ModItemInventoryItemCompositeDef TimedC4 DisplayNamePlural
377890721582,<image UI/Conversation/T_Dialogue_IconBackgroundCircle.tga 400 130 128 120> Взрывается через 1 ход (или 5 секунд не в бою),,,ModItemInventoryItemCompositeDef TimedC4 AdditionalHint
889962003949,ТЭН с таймером,,,ModItemInventoryItemCompositeDef TimedPETN DisplayName
187370715048,ТЭН с таймером,,,ModItemInventoryItemCompositeDef TimedPETN DisplayNamePlural
370089653766,<image UI/Conversation/T_Dialogue_IconBackgroundCircle.tga 400 130 128 120> Взрывается через 1 ход (или 5 секунд не в бою),,,ModItemInventoryItemCompositeDef TimedPETN AdditionalHint
308754319774,Динамит с таймером,,,ModItemInventoryItemCompositeDef TimedTNT DisplayName
244565831872,Динамит с таймером,,,ModItemInventoryItemCompositeDef TimedTNT DisplayNamePlural
319393461447,"<image UI/Conversation/T_Dialogue_IconBackgroundCircle.tga 400 130 128 120> Взрывается через 1 ход (или 5 секунд не в бою)
<image UI/Conversation/T_Dialogue_IconBackgroundCircle.tga 400 130 128 120> Высокая вероятность неудачи",,,ModItemInventoryItemCompositeDef TimedTNT AdditionalHint
776245354326,Порох,,,ModItemInventoryItemCompositeDef BlackPowder DisplayName
131934501209,Порох,,,ModItemInventoryItemCompositeDef BlackPowder DisplayNamePlural
819392598605,<image UI/Conversation/T_Dialogue_IconBackgroundCircle.tga 400 130 128 120> Используется в ходе операций «Изготовление боеприпасов» и «Изготовление взрывчатки»,,,ModItemInventoryItemCompositeDef BlackPowder AdditionalHint
261791014009,C4,,,ModItemInventoryItemCompositeDef C4 DisplayName
659974065772,C4,,,ModItemInventoryItemCompositeDef C4 DisplayNamePlural
929865197331,"<image UI/Conversation/T_Dialogue_IconBackgroundCircle.tga 400 130 128 120> Добавьте взрыватель, чтобы создать взрывчатку",,,ModItemInventoryItemCompositeDef C4 AdditionalHint
789560186675,ТЭН,,,ModItemInventoryItemCompositeDef PETN DisplayName
271611614190,ТЭНы,,,ModItemInventoryItemCompositeDef PETN DisplayNamePlural
445218344705,"Мощная пластическая взрывчатка, используется как в подрывных зарядах, так и в военных целях.",,,ModItemInventoryItemCompositeDef PETN Description
107625797163,"<image UI/Conversation/T_Dialogue_IconBackgroundCircle.tga 400 130 128 120> Добавьте взрыватель, чтобы создать взрывчатку",,,ModItemInventoryItemCompositeDef PETN AdditionalHint
796529325237,Динамит,,,ModItemInventoryItemCompositeDef TNT DisplayName
330747403655,Динамит,,,ModItemInventoryItemCompositeDef TNT DisplayNamePlural
375818950565,Излюбленная палочка-выручалочка американских железнодорожных рабочих и усатых злодеев. С такой шашкой любой выйдет в дамки.,,,ModItemInventoryItemCompositeDef TNT Description
457192558117,"<image UI/Conversation/T_Dialogue_IconBackgroundCircle.tga 400 130 128 120> Добавьте взрыватель, чтобы создать взрывчатку
<image UI/Conversation/T_Dialogue_IconBackgroundCircle.tga 400 130 128 120> Увеличенный радиус взрыва",,,ModItemInventoryItemCompositeDef TNT AdditionalHint
441852012193,Стандартный оптический прицел,,,ModItemWeaponComponent AUGScope_Default DisplayName
257319151734,Гранатомет,,,ModItemWeaponComponent GrenadeLauncher_AUG DisplayName
442108004279,Вертикальная рукоять,,,ModItemWeaponComponent VerticalGrip_AUG DisplayName
202034549728,Самодельный глушитель,,,ModItemWeaponComponent ImprovisedSuppressor_Anaconda DisplayName
655142837568,Глушитель,,,ModItemWeaponComponent Suppressor_Anaconda DisplayName
727049730564,Магазин повышенной емкости,,,ModItemWeaponComponent Auto5_Basic_LMag DisplayName
379214506928,Базовая конфигурация,,,ModItemWeaponComponent Auto5_Basic_NMag DisplayName
911126905798,"Длинный ствол, магазин повышенной емкости",,,ModItemWeaponComponent Auto5_Long_LMag DisplayName
853684866664,Длинный ствол,,,ModItemWeaponComponent Auto5_Long_NMag DisplayName
245194528164,Короткий ствол,,,ModItemWeaponComponent Auto5_Short_NMag DisplayName
526799550467,Сошки,,,ModItemWeaponComponent Bipod_Galil DisplayName
182882130897,Стандартный дульный тормоз,,,ModItemWeaponComponent Galil_Brake_Default DisplayName
572893256229,Гранатомет,,,ModItemWeaponComponent GrenadeLauncher_Galil DisplayName
563380121914,Укороченный ствол,,,ModItemWeaponComponent BarrelShortShotgun_Benelli DisplayName
184493021676,Гранатомет,,,ModItemWeaponComponent GrenadeLauncher_M14 DisplayName
674027417660,Стандартный дульный тормоз,,,ModItemWeaponComponent M14_Default_Muzzle DisplayName
431264939689,Тактическая рукоять,,,ModItemWeaponComponent TacGrip_M14 DisplayName
492750328780,Гранатомет,,,ModItemWeaponComponent GrenadeLauncher_M16A1 DisplayName
860554671882,Гранатомет,,,ModItemWeaponComponent GrenadeLauncher_Commando DisplayName
291801976985,Вертикальная рукоять,,,ModItemWeaponComponent VerticalGrip_Commando DisplayName
651206879953,Сошки,,,ModItemWeaponComponent Bipod_MG42 DisplayName
875731475724,Тактическое устройство,,,ModItemWeaponComponent FlashlightDot_PSG_M1 DisplayName
963698128407,Фонарик,,,ModItemWeaponComponent Flashlight_PSG_M1 DisplayName
841174949604,Коллиматор,,,ModItemWeaponComponent LaserDot_PSG_M1 DisplayName
788505505812,Стандартный оптический прицел,,,ModItemWeaponComponent PSG_DefaultScope DisplayName
524417680473,УФ-прицел,,,ModItemWeaponComponent UVDot_PSG_M1 DisplayName
236370866133,Вертикальная рукоять,,,ModItemWeaponComponent RPK74_VerticalGrip DisplayName
198897613871,Стандартное цевье,,,ModItemWeaponComponent RPK74_Hanguard_Basic DisplayName
511013919584,Сошки,,,ModItemWeaponComponent Bipod_Under DisplayName
419311040635,ГП-25,,,ModItemWeaponComponent GP25 DisplayName
554866777639,Крепление для ВАЛ/ВСС,,,ModItemWeaponComponent Val_VSS_wing2 DisplayName
420967600930,Крепление для ВАЛ/ВСС,,,ModItemWeaponComponent Val_VSS_wing1 DisplayName
211321885553,Мощный Фонарь,,,ModItemWeaponComponent VSSFlashLight DisplayName
300247331118,Цевьё АК,,,ModItemWeaponComponent Handguard DisplayName
393064035447,Сложенный приклад,,,ModItemWeaponComponent FoldStocks DisplayName
482148776529,Разложенный приклад,,,ModItemWeaponComponent UnfoldStocks DisplayName
606489199880,Деревянный приклад АК,,,ModItemWeaponComponent StockFull DisplayName
790282084355,Заводской ствол,,,ModItemWeaponComponent BarrelsDefs DisplayName
263208007463,Заводской дульный тормоз,,,ModItemWeaponComponent DefMuzzle DisplayName
761690701615,Оптический прицел,,,ModItemWeaponComponent AnotherOptic DisplayName
907030444988,Улучшеный коллиматор,,,ModItemWeaponComponent AdvancedHOLO DisplayName
172978763554,Разложенная сошка,,,ModItemWeaponComponent UnfoldBipod DisplayName
548670435899,Сложенная сошка,,,ModItemWeaponComponent FoldBipod DisplayName
445823262426,Эргономичный приклад Sig,,,ModItemWeaponComponent SigErgoStock DisplayName
409233804174,Эргономичная рукоять для Sig,,,ModItemWeaponComponent SigErgoHandGrip DisplayName
224206224483,Заводская рукоять Sig,,,ModItemWeaponComponent SigDefHandGuard DisplayName
534619842092,Механика,,,ModItemWeaponComponent IronSight DisplayName
309290046721,Штык-нож для М16,,,ModItemWeaponComponent M16Bayonet DisplayName
426560677933,ЛЦУ на уникальном спецкреплении,,,ModItemWeaponComponent M16BarrelRedDot DisplayName
281348139798,Гранатомет,,,ModItemWeaponComponent M16A1LaunchHandGuard DisplayName
546525599165,Мультикалиберная банка,,,ModItemWeaponComponent ModernSupressor DisplayName
848188416551,Кастомный магазин STANAG,,,ModItemWeaponComponent M4ModernStanag DisplayName
496160205543,Сошка от KSP 58,,,ModItemWeaponComponent KSP_BIPOD DisplayName
735538416848,Современные крепления с планками для М60,,,ModItemWeaponComponent M60E4ModernMount DisplayName
132025927048,Цевье с рукоятью для cовременных М60,,,ModItemWeaponComponent M60E3HandGrip DisplayName
379035031373,Рукоять удержания,,,ModItemWeaponComponent U100Handle DisplayName
507170861950,Боковые направляющие,,,ModItemWeaponComponent MP7_SideRail DisplayName
362402270345,Коллиматор для ближних дистанций,,,ModItemWeaponComponent CollimatorMP7 DisplayName
132369343600,Разложенная рукоять,,,ModItemWeaponComponent MP7_Unfld_Grip DisplayName
332979992407,Сложенная рукоять,,,ModItemWeaponComponent Mp7_Fld_Grip DisplayName
360651861030,ЛЦУ для Цевья MP5A4,,,ModItemWeaponComponent MP5A4RedDot DisplayName
985972197569,Фонарь для MP5A4,,,ModItemWeaponComponent MP5A4FlashLight DisplayName
626993206164,Магазин для МР5 на 30 патронов,,,ModItemWeaponComponent MP5MagV2 DisplayName
455034598169,Кастомный приклад ПКМ,,,ModItemWeaponComponent PKMModStock DisplayName
315254737942,Модифицированная рукоять ПКМ,,,ModItemWeaponComponent PKMModHandGrip DisplayName
936692107956,Комплект кастомных планок для ПКМ,,,ModItemWeaponComponent PKMModern DisplayName
729649280754,Заводская рукоять ПКМ,,,ModItemWeaponComponent PKMDefHandGrip DisplayName
818642449653,Патронтаж для 870го рема,,,ModItemWeaponComponent R870AmmoSide_1 DisplayName
992972804189,Крепление с универсальной планкой для G3,,,ModItemWeaponComponent G3Mount DisplayName
406372360416,Заводской пламегаситель G3 SG,,,ModItemWeaponComponent G3MuzzleV2 DisplayName
981821457586,Крепление для рукоятки переноски от CAR15,,,ModItemWeaponComponent CAR15Mount DisplayName
679784255246,Увеличивает цену атаки в ОД на <ShotAP>.,,,ModItemWeaponComponentEffect IncreaseShotAP Description
155442967414,Уменьшает отдачу на <Recoil>,,,ModItemWeaponComponentEffect RecoilDecrease Description
303498233184,Добавляет 1 выстрел без отдачи в положении лежа,,,ModItemWeaponComponentEffect ShotsBeforeRecoilProne Description
763543306028,Увеличивает отдачу на <Recoil>,,,ModItemWeaponComponentEffect RecoilIncrease Description
124159879366,Увеличивает бонус стрельбы навскидку на <EffectiveRange>,,,ModItemWeaponComponentEffect EffectiveRange_Increase Description
765355528885,Уменьшает бонус стрельбы навскидку на <EffectiveRange>,,,ModItemWeaponComponentEffect EffectiveRange_Decrease Description
707168771945,Уменьшает звук выстрела до <NoiseMultiplier>% от стандартого,,,ModItemWeaponComponentEffect SilentShots Description
831279761645,Уменьшает дальность наполовину,,,ModItemWeaponComponentEffect ReduceRange50Percent Description
222573608134,Уменьшает эффективность прицеливания на 15%,,,ModItemWeaponComponentEffect ReduceAimAccuracy15Percent Description
147259032089,Увеличивает эффективность прицеливания на 15%,,,ModItemWeaponComponentEffect IncreaseAimAccuracy15Percent Description
998316040552,Уменьшает эффективность прицеливания на 20%,,,ModItemWeaponComponentEffect ReduceAimAccuracy20Percent Description
634138289878,Уменьшает эффективность прицеливания на 50%,,,ModItemWeaponComponentEffect ReduceAimAccuracy50Percent Description
210096485412,Уменьшает эффективность прицеливания на 80%,,,ModItemWeaponComponentEffect ReduceAimAccuracy80Percent Description
834291945671,Разблокирует <color EmStyle>Маневренный бой</color>.,,,ModItemWeaponComponentEffect EnableRunNGun Description
912995831820,Нельзя стрелять с одной руки,,,ModItemWeaponComponentEffect TwoHanded Description
905646787765,Уменьшение количества уровней прицеливания на <MaxAimActionsDecrease>,,,ModItemWeaponComponentEffect DecreaseMaxAimActions Description
726921883131,Увеличение количества уровней прицеливания на <IncreaseMaxAimActions>,,,ModItemWeaponComponentEffect IncreaseMaxAimActions Description
723688041397,"Если ваше первое действие - атака, то оно производится, как если бы у вас был <min_aim>-й уровень прицеливания. Не действует на атаки в режиме контроля",,,ModItemWeaponComponentEffect FirstShotIncreasedAim Description
227319382714,Уменьшает количество выстрелов в очереди на <color EmStyle>25%</color>,,,ModItemWeaponComponentEffect ReduceBurst25Percent Description
267012150857,Уменьшает количество выстрелов в автоогне на <color EmStyle>50%</color>,,,ModItemWeaponComponentEffect ReduceAuto50Percent Description
372434067928,Уменьшает количество выстрелов в автоогне на <color EmStyle>50%</color>,,,ModItemWeaponComponentEffect ReduceAuto25Percent Description
619242393329,Уменьшает количество выстрелов в очереди на <color EmStyle>50%</color>,,,ModItemWeaponComponentEffect ReduceBurst50Percent Description
720519067653,Уменьшает количество выстрелов в автоогне на <color EmStyle>75%</color>,,,ModItemWeaponComponentEffect ReduceAuto75Percent Description
703347727664,Увеличивает размер <color EmStyle>короткой очереди</color> на 25%.,,,ModItemWeaponComponentEffect ExtraBurstShots Description
703347727664,Увеличивает размер <color EmStyle>длинной очереди</color> на 25%.,,,ModItemWeaponComponentEffect ExtraAutoShots Description
586274232131,Громоздкое,,,ModItemWeaponComponentEffect Cumbersome Description
380672980666,Бонус к стрельбе на дистанции до 10 клеток,,,ModItemWeaponComponentEffect PointBlankBonus Description
879800342345,Сошки,,,ModItemWeaponComponent Bipod DisplayName
928480071483,Короткий ствол,,,ModItemWeaponComponent BarrelShort_AUG DisplayName
289320256080,Короткий нарезной ствол с возрастающим шагом,,,ModItemWeaponComponent BarrelShortImproved_AUG DisplayName
809839566679,Удлиненный ствол с сошками,,,ModItemWeaponComponent BarrelLong_AUG DisplayName
816796570762,Удлиненный нарезной ствол с возрастающим шагом (с сошками),,,ModItemWeaponComponent BarrelLongImproved_AUG DisplayName
691552369727,Утяжеленный ствол,,,ModItemWeaponComponent BarrelHeavy DisplayName
798912434710,Удлиненный ствол,,,ModItemWeaponComponent BarrelLong DisplayName
852176633290,Удлиненный нарезной ствол с возрастающим шагом,,,ModItemWeaponComponent BarrelLongImproved DisplayName
807789574452,Удлиненный ствол,,,ModItemWeaponComponent BarrelLongShotgun DisplayName
620585440891,Стандартный ствол,,,ModItemWeaponComponent BarrelNormal DisplayName
790308378417,Нарезной ствол с возрастающим шагом,,,ModItemWeaponComponent BarrelNormalImproved DisplayName
245194528164,Короткий ствол,,,ModItemWeaponComponent BarrelShort DisplayName
837372947792,Короткий нарезной ствол с возрастающим шагом,,,ModItemWeaponComponent BarrelShortImproved DisplayName
849289197281,Укороченный ствол,,,ModItemWeaponComponent BarrelShortShotgun DisplayName
785427900359,Ствол под калибр .50 BMG,,,ModItemWeaponComponent Barrel50BMG_DesertEagle DisplayName
354812931622,Штык-нож,,,ModItemWeaponComponent Type56Bayo DisplayName
241110715254,Штык-нож,,,ModItemWeaponComponent Type56BayoF DisplayName
540055379780,Складывающийся приклад,,,ModItemWeaponComponent StockFolded DisplayName
970106018912,Тяжелый приклад,,,ModItemWeaponComponent StockHeavy DisplayName
850663002598,Легкий приклад,,,ModItemWeaponComponent StockLight DisplayName
529575194811,Складной приклад (Сложенный),,,ModItemWeaponComponent StockLightFolded DisplayName
253215049581,Рамочный приклад (Разложенный),,,ModItemWeaponComponent StockLightUnFolded DisplayName
775383830180,Нет приклада,,,ModItemWeaponComponent StockNo DisplayName
631032173069,Стандартный приклад,,,ModItemWeaponComponent StockNormal DisplayName
313668040260,Вертикальная рукоять,,,ModItemWeaponComponent VerticalGrip DisplayName
626615433212,Вертикальная рукоять (Сложенная),,,ModItemWeaponComponent VerticalGripFld DisplayName
281412795059,Вертикальная рукоять,,,ModItemWeaponComponent VerticalGrip_M14 DisplayName
700623216668,Вертикальная рукоять,,,ModItemWeaponComponent AK47_VerticalGrip DisplayName
535697882612,Вертикальная рукоять,,,ModItemWeaponComponent AKSU_VerticalGrip DisplayName
563715899115,Вертикальная рукоять,,,ModItemWeaponComponent VerticalGrip_M16 DisplayName
676118610148,Тактическая рукоять,,,ModItemWeaponComponent TacGrip DisplayName
700618018887,Фонарик,,,ModItemWeaponComponent FlashlightOff DisplayName
500461275609,Фонарик,,,ModItemWeaponComponent Flashlight DisplayName
875608027899,Фонарик,,,ModItemWeaponComponent Flashlight_R870 DisplayName
968729166053,Фонарик,,,ModItemWeaponComponent Flashlight_Anaconda DisplayName
676630739482,Фонарик,,,ModItemWeaponComponent Flashlight_aa12 DisplayName
599763053072,Тактическое устройство,,,ModItemWeaponComponent FlashlightDot DisplayName
638946230736,Тактическое устройство,,,ModItemWeaponComponent FlashlightDot_aa12 DisplayName
646651177477,Тактическое устройство,,,ModItemWeaponComponent FlashlightDot_Anaconda DisplayName
394807232613,Лазерный целеуказатель,,,ModItemWeaponComponent LaserDot DisplayName
405161321170,Коллиматор,,,ModItemWeaponComponent LaserDot_Anaconda DisplayName
427210220552,Коллиматор,,,ModItemWeaponComponent LaserDot_aa12 DisplayName
199081852714,УФ-прицел,,,ModItemWeaponComponent UVDot DisplayName
506806756026,УФ-прицел,,,ModItemWeaponComponent UVDot_Anaconda DisplayName
739522307124,УФ-прицел,,,ModItemWeaponComponent UVDot_aa12 DisplayName
676342825645,Компенсатор,,,ModItemWeaponComponent Compensator DisplayName
383554280885,Глушитель,,,ModItemWeaponComponent PistolSuppressor DisplayName
639861964876,Масляной фильтр,,,ModItemWeaponComponent ImprovisedSuppressor DisplayName
949066206030,Глушитель,,,ModItemWeaponComponent Suppressor DisplayName
860965544908,Улучшенный глушитель,,,ModItemWeaponComponent SuppressorImproved DisplayName
913646347240,Глушитель Интегрированный,,,ModItemWeaponComponent SuppressorIntegrated DisplayName
903509237063,Улучшенный компенсатор,,,ModItemWeaponComponent AUGCompensator_3 DisplayName
293888390949,Стандартный компенсатор,,,ModItemWeaponComponent AUGCompensator_1 DisplayName
640771121494,Плоский чок,,,ModItemWeaponComponent DuckbillChoke DisplayName
808377268861,Полный чок,,,ModItemWeaponComponent FullChoke DisplayName
664099136724,Усилитель отдачи,,,ModItemWeaponComponent MuzzleBooster DisplayName
885847711847,Стандартный механический прицел,,,ModItemWeaponComponent DefaultIronsight_AR15 DisplayName
697020602032,Ул. механический прицел,,,ModItemWeaponComponent ImprovedIronsight_AR15 DisplayName
649826621253,Базовый механический прицел,,,ModItemWeaponComponent BaseIronsight_Anaconda DisplayName
434214967295,Снайперский прицел с 5-кратным увеличением,,,ModItemWeaponComponent LROptics_DragunovDefault DisplayName
767525470073,Стандартный механический прицел,,,ModItemWeaponComponent GewehrDefaultSight DisplayName
813847402970,Улучшенный зеркальный прицел,,,ModItemWeaponComponent ReflexSightAdvanced_Glock DisplayName
849796022465,Ул. механический прицел,,,ModItemWeaponComponent ImprovedIronsight DisplayName
997246680419,Коллиматор,,,ModItemWeaponComponent ReflexSight DisplayName
828562540830,Улучшенный коллиматор,,,ModItemWeaponComponent ReflexSightAdvanced DisplayName
334947143407,Прицел малой кратности,,,ModItemWeaponComponent ScopeCOG DisplayName
739676174855,Штурмовой прицел,,,ModItemWeaponComponent ScopeCOGQuick DisplayName
844523910352,Оптический прицел,,,ModItemWeaponComponent LROptics DisplayName
756379377948,Снайперский прицел с 10-кратным увеличением,,,ModItemWeaponComponent LROpticsAdvanced DisplayName
835203483425,Ночной прицел,,,ModItemWeaponComponent ThermalScope DisplayName
980094702313,Ремень,,,ModItemWeaponComponent HolsterBelt DisplayName
797056139531,Гранатомет,,,ModItemWeaponComponent GrenadeLauncher DisplayName
522852901787,Пистолет,,,ModItemWeaponComponent Freeswap DisplayName
723546674616,Ускорение перезарядки,,,ModItemWeaponComponent SpeedLoader DisplayName
187052914510,Сложенный прицел,,,ModItemWeaponComponent M70_Fld_GL DisplayName
122862183328,Разложенный прицел,,,ModItemWeaponComponent M70_Unfld_GL DisplayName
363948554993,Наствольная граната для М70,,,ModItemWeaponComponent M70_Grenade DisplayName
611374830153,Default Mag,,,ModItemWeaponComponent MagNormal DisplayName
330952772905,Быстросъемный магазин,,,ModItemWeaponComponent MagQuick DisplayName
726815502836,Магазин на 20 патрон,,,ModItemWeaponComponent MagSmall30_20 DisplayName
110389139487,Магазин на 15 патрон,,,ModItemWeaponComponent MagSmall30_15 DisplayName
948754621396,Магазин на 10 патрон,,,ModItemWeaponComponent MagSmall20_10 DisplayName
704921521469,Expanded Mag,,,ModItemWeaponComponent MagLarge DisplayName
385006615309,Магазин на 10 патрон,,,ModItemWeaponComponent MagLarge_5_10 DisplayName
670281965243,Магазин на 40 патрон,,,ModItemWeaponComponent MagLarge_30_40 DisplayName
499385795999,Магазин на 45 патрон,,,ModItemWeaponComponent MagLarge_30_45 DisplayName
385943069235,Магазин на 42 патрона,,,ModItemWeaponComponent MagLarge_30_42 DisplayName
426203800139,Магазин на 20 патрон,,,ModItemWeaponComponent MagLarge_10_20 DisplayName
522043096781,Магазин на 30 патрон,,,ModItemWeaponComponent MagLarge_20_30 DisplayName
434770845621,Магазин на 40 патрон,,,ModItemWeaponComponent MagLarge_25_40 DisplayName
100761815371,Эргономичный увеличенный магазин,,,ModItemWeaponComponent MagLargeFine DisplayName
603956294727,Улучшенный магазин,,,ModItemWeaponComponent MagNormalFine DisplayName
586879047908,Бубен,,,ModItemWeaponComponent MagLarger DisplayName
480420170561,Бубен,,,ModItemWeaponComponent MagDrum_30-50 DisplayName
885599458611,Бубен,,,ModItemWeaponComponent MagDrum_35-71 DisplayName
683446424521,Бубен,,,ModItemWeaponComponent MagDrum_30-75 DisplayName
190864367112,Бубен,,,ModItemWeaponComponent MagDrum_30-100 DisplayName
476306807479,Бубен,,,ModItemWeaponComponent MagDrum_30-100_cumbersome DisplayName
418445790442,Короб,,,ModItemWeaponComponent MagBelt_40-100 DisplayName
206141475839,Увеличенный короб,,,ModItemWeaponComponent MagBelt_100-200 DisplayName
420273412012,Expanded Mag,,,ModItemWeaponComponent MagBelt DisplayName
330177071699,LMG and MG Magazines,,,ModItemWeaponComponent MagBeltLarge DisplayName
755593099223,Магазин увеличенной емкости,,,ModItemWeaponComponent BigMag DisplayName
241656491257,"Ещё один бубенец, только пулеметный",,,ModItemWeaponComponent MGmug DisplayName
442728888586,Бубенец,,,ModItemWeaponComponent Bubny DisplayName
373877901864,Компенсатор,,,ModItemInventoryItemCompositeDef Compensator DisplayName
604843786409,Компенсаторы,,,ModItemInventoryItemCompositeDef Compensator DisplayNamePlural
616025016429,<image UI/Conversation/T_Dialogue_IconBackgroundCircle.tga 400 130 128 120> Компенсатор. Можно поставить через экран модификаций,,,ModItemInventoryItemCompositeDef Compensator AdditionalHint
338893662198,Компенсатор,,,ModItemInventoryItemCompositeDef Suppressor DisplayName
651705405915,Компенсаторы,,,ModItemInventoryItemCompositeDef Suppressor DisplayNamePlural
920446867503,"<image UI/Conversation/T_Dialogue_IconBackgroundCircle.tga 400 130 128 120> Компенсатор, который можно поставить в оружие",,,ModItemInventoryItemCompositeDef Suppressor AdditionalHint
989198911892,Компенсатор,,,ModItemInventoryItemCompositeDef Suppressor_Rifle DisplayName
879804597406,Компенсаторы,,,ModItemInventoryItemCompositeDef Suppressor_Rifle DisplayNamePlural
490018603549,"<image UI/Conversation/T_Dialogue_IconBackgroundCircle.tga 400 130 128 120> Компенсатор, который можно поставить в оружие",,,ModItemInventoryItemCompositeDef Suppressor_Rifle AdditionalHint
267361271549,Компенсатор,,,ModItemInventoryItemCompositeDef OilFilter DisplayName
241087613304,Компенсаторы,,,ModItemInventoryItemCompositeDef OilFilter DisplayNamePlural
912093351293,"<image UI/Conversation/T_Dialogue_IconBackgroundCircle.tga 400 130 128 120> Компенсатор, который можно поставить в оружие",,,ModItemInventoryItemCompositeDef OilFilter AdditionalHint
330386737608,Стальная труба,,,ModItemInventoryItemCompositeDef FineSteelPipe DisplayName
146948403499,Стальные трубы,,,ModItemInventoryItemCompositeDef FineSteelPipe DisplayNamePlural
199384815826,<image UI/Conversation/T_Dialogue_IconBackgroundCircle.tga 400 130 128 120> Используется при создании улучшенных компонентов для оружия,,,ModItemInventoryItemCompositeDef FineSteelPipe AdditionalHint
256780720615,Медикаменты,,,ModItemInventoryItemCompositeDef Meds DisplayName
288045839454,Медикаменты,,,ModItemInventoryItemCompositeDef Meds DisplayNamePlural
118554179614,"<image UI/Conversation/T_Dialogue_IconBackgroundCircle.tga 400 130 128 120> Используются для операции «Лечение ран» в виде со спутника
<image UI/Conversation/T_Dialogue_IconBackgroundCircle.tga 400 130 128 120> Используются для восполнения аптечек и наборов первой помощи",,,ModItemInventoryItemCompositeDef Meds AdditionalHint
504595812474,Чип,,,ModItemInventoryItemCompositeDef Microchip DisplayName
129388086980,Чипы,,,ModItemInventoryItemCompositeDef Microchip DisplayNamePlural
652781802614,<image UI/Conversation/T_Dialogue_IconBackgroundCircle.tga 400 130 128 120> Используется при создании улучшенных компонентов для оружия,,,ModItemInventoryItemCompositeDef Microchip AdditionalHint
258821099861,Линза,,,ModItemInventoryItemCompositeDef OpticalLens DisplayName
103808989228,Линзы,,,ModItemInventoryItemCompositeDef OpticalLens DisplayNamePlural
741628522083,<image UI/Conversation/T_Dialogue_IconBackgroundCircle.tga 400 130 128 120> Используется при создании улучшенных компонентов для оружия,,,ModItemInventoryItemCompositeDef OpticalLens AdditionalHint
403803194660,Запчасти,,,ModItemInventoryItemCompositeDef Parts DisplayName
905956321755,Запчасти,,,ModItemInventoryItemCompositeDef Parts DisplayNamePlural
821802297491,"<image UI/Conversation/T_Dialogue_IconBackgroundCircle.tga 400 130 128 120> Используются для модификации оружия
<image UI/Conversation/T_Dialogue_IconBackgroundCircle.tga 400 130 128 120> Используются для операции «Ремонт предметов» в виде со спутника.",,,ModItemInventoryItemCompositeDef Parts AdditionalHint
441852012193,Стандартный оптический прицел,,,ModItemWeaponComponent AUGScope_Default DisplayName
257319151734,Гранатомет,,,ModItemWeaponComponent GrenadeLauncher_AUG DisplayName
442108004279,Вертикальная рукоять,,,ModItemWeaponComponent VerticalGrip_AUG DisplayName
202034549728,Самодельный глушитель,,,ModItemWeaponComponent ImprovisedSuppressor_Anaconda DisplayName
655142837568,Глушитель,,,ModItemWeaponComponent Suppressor_Anaconda DisplayName
727049730564,Магазин повышенной емкости,,,ModItemWeaponComponent Auto5_Basic_LMag DisplayName
379214506928,Базовая конфигурация,,,ModItemWeaponComponent Auto5_Basic_NMag DisplayName
911126905798,"Длинный ствол, магазин повышенной емкости",,,ModItemWeaponComponent Auto5_Long_LMag DisplayName
853684866664,Длинный ствол,,,ModItemWeaponComponent Auto5_Long_NMag DisplayName
245194528164,Короткий ствол,,,ModItemWeaponComponent Auto5_Short_NMag DisplayName
526799550467,Сошки,,,ModItemWeaponComponent Bipod_Galil DisplayName
182882130897,Стандартный дульный тормоз,,,ModItemWeaponComponent Galil_Brake_Default DisplayName
572893256229,Гранатомет,,,ModItemWeaponComponent GrenadeLauncher_Galil DisplayName
563380121914,Укороченный ствол,,,ModItemWeaponComponent BarrelShortShotgun_Benelli DisplayName
184493021676,Гранатомет,,,ModItemWeaponComponent GrenadeLauncher_M14 DisplayName
674027417660,Стандартный дульный тормоз,,,ModItemWeaponComponent M14_Default_Muzzle DisplayName
431264939689,Тактическая рукоять,,,ModItemWeaponComponent TacGrip_M14 DisplayName
492750328780,Гранатомет,,,ModItemWeaponComponent GrenadeLauncher_M16A1 DisplayName
860554671882,Гранатомет,,,ModItemWeaponComponent GrenadeLauncher_Commando DisplayName
291801976985,Вертикальная рукоять,,,ModItemWeaponComponent VerticalGrip_Commando DisplayName
651206879953,Сошки,,,ModItemWeaponComponent Bipod_MG42 DisplayName
875731475724,Тактическое устройство,,,ModItemWeaponComponent FlashlightDot_PSG_M1 DisplayName
963698128407,Фонарик,,,ModItemWeaponComponent Flashlight_PSG_M1 DisplayName
841174949604,Коллиматор,,,ModItemWeaponComponent LaserDot_PSG_M1 DisplayName
788505505812,Стандартный оптический прицел,,,ModItemWeaponComponent PSG_DefaultScope DisplayName
524417680473,УФ-прицел,,,ModItemWeaponComponent UVDot_PSG_M1 DisplayName
236370866133,Вертикальная рукоять,,,ModItemWeaponComponent RPK74_VerticalGrip DisplayName
198897613871,Стандартное цевье,,,ModItemWeaponComponent RPK74_Hanguard_Basic DisplayName
511013919584,Сошки,,,ModItemWeaponComponent Bipod_Under DisplayName
419311040635,ГП-25,,,ModItemWeaponComponent GP25 DisplayName
554866777639,Крепление для ВАЛ/ВСС,,,ModItemWeaponComponent Val_VSS_wing2 DisplayName
420967600930,Крепление для ВАЛ/ВСС,,,ModItemWeaponComponent Val_VSS_wing1 DisplayName
211321885553,Мощный Фонарь,,,ModItemWeaponComponent VSSFlashLight DisplayName
300247331118,Цевьё АК,,,ModItemWeaponComponent Handguard DisplayName
393064035447,Сложенный приклад,,,ModItemWeaponComponent FoldStocks DisplayName
482148776529,Разложенный приклад,,,ModItemWeaponComponent UnfoldStocks DisplayName
606489199880,Деревянный приклад АК,,,ModItemWeaponComponent StockFull DisplayName
790282084355,Заводской ствол,,,ModItemWeaponComponent BarrelsDefs DisplayName
263208007463,Заводской дульный тормоз,,,ModItemWeaponComponent DefMuzzle DisplayName
761690701615,Оптический прицел,,,ModItemWeaponComponent AnotherOptic DisplayName
907030444988,Улучшеный коллиматор,,,ModItemWeaponComponent AdvancedHOLO DisplayName
172978763554,Разложенная сошка,,,ModItemWeaponComponent UnfoldBipod DisplayName
548670435899,Сложенная сошка,,,ModItemWeaponComponent FoldBipod DisplayName
445823262426,Эргономичный приклад Sig,,,ModItemWeaponComponent SigErgoStock DisplayName
409233804174,Эргономичная рукоять для Sig,,,ModItemWeaponComponent SigErgoHandGrip DisplayName
224206224483,Заводская рукоять Sig,,,ModItemWeaponComponent SigDefHandGuard DisplayName
534619842092,Механика,,,ModItemWeaponComponent IronSight DisplayName
309290046721,Штык-нож для М16,,,ModItemWeaponComponent M16Bayonet DisplayName
426560677933,ЛЦУ на уникальном спецкреплении,,,ModItemWeaponComponent M16BarrelRedDot DisplayName
281348139798,Гранатомет,,,ModItemWeaponComponent M16A1LaunchHandGuard DisplayName
546525599165,Мультикалиберная банка,,,ModItemWeaponComponent ModernSupressor DisplayName
848188416551,Кастомный магазин STANAG,,,ModItemWeaponComponent M4ModernStanag DisplayName
496160205543,Сошка от KSP 58,,,ModItemWeaponComponent KSP_BIPOD DisplayName
735538416848,Современные крепления с планками для М60,,,ModItemWeaponComponent M60E4ModernMount DisplayName
132025927048,Цевье с рукоятью для cовременных М60,,,ModItemWeaponComponent M60E3HandGrip DisplayName
379035031373,Рукоять удержания,,,ModItemWeaponComponent U100Handle DisplayName
507170861950,Боковые направляющие,,,ModItemWeaponComponent MP7_SideRail DisplayName
362402270345,Коллиматор для ближних дистанций,,,ModItemWeaponComponent CollimatorMP7 DisplayName
132369343600,Разложенная рукоять,,,ModItemWeaponComponent MP7_Unfld_Grip DisplayName
332979992407,Сложенная рукоять,,,ModItemWeaponComponent Mp7_Fld_Grip DisplayName
360651861030,ЛЦУ для Цевья MP5A4,,,ModItemWeaponComponent MP5A4RedDot DisplayName
985972197569,Фонарь для MP5A4,,,ModItemWeaponComponent MP5A4FlashLight DisplayName
626993206164,Магазин для МР5 на 30 патронов,,,ModItemWeaponComponent MP5MagV2 DisplayName
455034598169,Кастомный приклад ПКМ,,,ModItemWeaponComponent PKMModStock DisplayName
315254737942,Модифицированная рукоять ПКМ,,,ModItemWeaponComponent PKMModHandGrip DisplayName
936692107956,Комплект кастомных планок для ПКМ,,,ModItemWeaponComponent PKMModern DisplayName
729649280754,Заводская рукоять ПКМ,,,ModItemWeaponComponent PKMDefHandGrip DisplayName
818642449653,Патронтаж для 870го рема,,,ModItemWeaponComponent R870AmmoSide_1 DisplayName
992972804189,Крепление с универсальной планкой для G3,,,ModItemWeaponComponent G3Mount DisplayName
406372360416,Заводской пламегаситель G3 SG,,,ModItemWeaponComponent G3MuzzleV2 DisplayName
981821457586,Крепление для рукоятки переноски от CAR15,,,ModItemWeaponComponent CAR15Mount DisplayName
441852012193,Стандартный оптический прицел,,,ModItemWeaponComponent AUGScope_Default DisplayName
257319151734,Гранатомет,,,ModItemWeaponComponent GrenadeLauncher_AUG DisplayName
442108004279,Вертикальная рукоять,,,ModItemWeaponComponent VerticalGrip_AUG DisplayName
202034549728,Самодельный глушитель,,,ModItemWeaponComponent ImprovisedSuppressor_Anaconda DisplayName
655142837568,Глушитель,,,ModItemWeaponComponent Suppressor_Anaconda DisplayName
727049730564,Магазин повышенной емкости,,,ModItemWeaponComponent Auto5_Basic_LMag DisplayName
379214506928,Базовая конфигурация,,,ModItemWeaponComponent Auto5_Basic_NMag DisplayName
911126905798,"Длинный ствол, магазин повышенной емкости",,,ModItemWeaponComponent Auto5_Long_LMag DisplayName
853684866664,Длинный ствол,,,ModItemWeaponComponent Auto5_Long_NMag DisplayName
245194528164,Короткий ствол,,,ModItemWeaponComponent Auto5_Short_NMag DisplayName
526799550467,Сошки,,,ModItemWeaponComponent Bipod_Galil DisplayName
182882130897,Стандартный дульный тормоз,,,ModItemWeaponComponent Galil_Brake_Default DisplayName
572893256229,Гранатомет,,,ModItemWeaponComponent GrenadeLauncher_Galil DisplayName
563380121914,Укороченный ствол,,,ModItemWeaponComponent BarrelShortShotgun_Benelli DisplayName
184493021676,Гранатомет,,,ModItemWeaponComponent GrenadeLauncher_M14 DisplayName
674027417660,Стандартный дульный тормоз,,,ModItemWeaponComponent M14_Default_Muzzle DisplayName
431264939689,Тактическая рукоять,,,ModItemWeaponComponent TacGrip_M14 DisplayName
492750328780,Гранатомет,,,ModItemWeaponComponent GrenadeLauncher_M16A1 DisplayName
860554671882,Гранатомет,,,ModItemWeaponComponent GrenadeLauncher_Commando DisplayName
291801976985,Вертикальная рукоять,,,ModItemWeaponComponent VerticalGrip_Commando DisplayName
651206879953,Сошки,,,ModItemWeaponComponent Bipod_MG42 DisplayName
875731475724,Тактическое устройство,,,ModItemWeaponComponent FlashlightDot_PSG_M1 DisplayName
963698128407,Фонарик,,,ModItemWeaponComponent Flashlight_PSG_M1 DisplayName
841174949604,Коллиматор,,,ModItemWeaponComponent LaserDot_PSG_M1 DisplayName
788505505812,Стандартный оптический прицел,,,ModItemWeaponComponent PSG_DefaultScope DisplayName
524417680473,УФ-прицел,,,ModItemWeaponComponent UVDot_PSG_M1 DisplayName
236370866133,Вертикальная рукоять,,,ModItemWeaponComponent RPK74_VerticalGrip DisplayName
198897613871,Стандартное цевье,,,ModItemWeaponComponent RPK74_Hanguard_Basic DisplayName
511013919584,Сошки,,,ModItemWeaponComponent Bipod_Under DisplayName
419311040635,ГП-25,,,ModItemWeaponComponent GP25 DisplayName
554866777639,Крепление для ВАЛ/ВСС,,,ModItemWeaponComponent Val_VSS_wing2 DisplayName
420967600930,Крепление для ВАЛ/ВСС,,,ModItemWeaponComponent Val_VSS_wing1 DisplayName
211321885553,Мощный Фонарь,,,ModItemWeaponComponent VSSFlashLight DisplayName
300247331118,Цевьё АК,,,ModItemWeaponComponent Handguard DisplayName
393064035447,Сложенный приклад,,,ModItemWeaponComponent FoldStocks DisplayName
482148776529,Разложенный приклад,,,ModItemWeaponComponent UnfoldStocks DisplayName
606489199880,Деревянный приклад АК,,,ModItemWeaponComponent StockFull DisplayName
790282084355,Заводской ствол,,,ModItemWeaponComponent BarrelsDefs DisplayName
263208007463,Заводской дульный тормоз,,,ModItemWeaponComponent DefMuzzle DisplayName
761690701615,Оптический прицел,,,ModItemWeaponComponent AnotherOptic DisplayName
907030444988,Улучшеный коллиматор,,,ModItemWeaponComponent AdvancedHOLO DisplayName
172978763554,Разложенная сошка,,,ModItemWeaponComponent UnfoldBipod DisplayName
548670435899,Сложенная сошка,,,ModItemWeaponComponent FoldBipod DisplayName
445823262426,Эргономичный приклад Sig,,,ModItemWeaponComponent SigErgoStock DisplayName
409233804174,Эргономичная рукоять для Sig,,,ModItemWeaponComponent SigErgoHandGrip DisplayName
224206224483,Заводская рукоять Sig,,,ModItemWeaponComponent SigDefHandGuard DisplayName
534619842092,Механика,,,ModItemWeaponComponent IronSight DisplayName
309290046721,Штык-нож для М16,,,ModItemWeaponComponent M16Bayonet DisplayName
426560677933,ЛЦУ на уникальном спецкреплении,,,ModItemWeaponComponent M16BarrelRedDot DisplayName
281348139798,Гранатомет,,,ModItemWeaponComponent M16A1LaunchHandGuard DisplayName
546525599165,Мультикалиберная банка,,,ModItemWeaponComponent ModernSupressor DisplayName
848188416551,Кастомный магазин STANAG,,,ModItemWeaponComponent M4ModernStanag DisplayName
496160205543,Сошка от KSP 58,,,ModItemWeaponComponent KSP_BIPOD DisplayName
735538416848,Современные крепления с планками для М60,,,ModItemWeaponComponent M60E4ModernMount DisplayName
132025927048,Цевье с рукоятью для cовременных М60,,,ModItemWeaponComponent M60E3HandGrip DisplayName
379035031373,Рукоять удержания,,,ModItemWeaponComponent U100Handle DisplayName
507170861950,Боковые направляющие,,,ModItemWeaponComponent MP7_SideRail DisplayName
362402270345,Коллиматор для ближних дистанций,,,ModItemWeaponComponent CollimatorMP7 DisplayName
132369343600,Разложенная рукоять,,,ModItemWeaponComponent MP7_Unfld_Grip DisplayName
332979992407,Сложенная рукоять,,,ModItemWeaponComponent Mp7_Fld_Grip DisplayName
360651861030,ЛЦУ для Цевья MP5A4,,,ModItemWeaponComponent MP5A4RedDot DisplayName
985972197569,Фонарь для MP5A4,,,ModItemWeaponComponent MP5A4FlashLight DisplayName
626993206164,Магазин для МР5 на 30 патронов,,,ModItemWeaponComponent MP5MagV2 DisplayName
455034598169,Кастомный приклад ПКМ,,,ModItemWeaponComponent PKMModStock DisplayName
315254737942,Модифицированная рукоять ПКМ,,,ModItemWeaponComponent PKMModHandGrip DisplayName
936692107956,Комплект кастомных планок для ПКМ,,,ModItemWeaponComponent PKMModern DisplayName
729649280754,Заводская рукоять ПКМ,,,ModItemWeaponComponent PKMDefHandGrip DisplayName
818642449653,Патронтаж для 870го рема,,,ModItemWeaponComponent R870AmmoSide_1 DisplayName
992972804189,Крепление с универсальной планкой для G3,,,ModItemWeaponComponent G3Mount DisplayName
406372360416,Заводской пламегаситель G3 SG,,,ModItemWeaponComponent G3MuzzleV2 DisplayName
981821457586,Крепление для рукоятки переноски от CAR15,,,ModItemWeaponComponent CAR15Mount DisplayName
679784255246,Увеличивает цену атаки в ОД на <ShotAP>.,,,ModItemWeaponComponentEffect IncreaseShotAP Description
155442967414,Уменьшает отдачу на <Recoil>,,,ModItemWeaponComponentEffect RecoilDecrease Description
303498233184,Добавляет 1 выстрел без отдачи в положении лежа,,,ModItemWeaponComponentEffect ShotsBeforeRecoilProne Description
763543306028,Увеличивает отдачу на <Recoil>,,,ModItemWeaponComponentEffect RecoilIncrease Description
124159879366,Увеличивает бонус стрельбы навскидку на <EffectiveRange>,,,ModItemWeaponComponentEffect EffectiveRange_Increase Description
765355528885,Уменьшает бонус стрельбы навскидку на <EffectiveRange>,,,ModItemWeaponComponentEffect EffectiveRange_Decrease Description
707168771945,Уменьшает звук выстрела до <NoiseMultiplier>% от стандартого,,,ModItemWeaponComponentEffect SilentShots Description
831279761645,Уменьшает дальность наполовину,,,ModItemWeaponComponentEffect ReduceRange50Percent Description
222573608134,Уменьшает эффективность прицеливания на 15%,,,ModItemWeaponComponentEffect ReduceAimAccuracy15Percent Description
147259032089,Увеличивает эффективность прицеливания на 15%,,,ModItemWeaponComponentEffect IncreaseAimAccuracy15Percent Description
998316040552,Уменьшает эффективность прицеливания на 20%,,,ModItemWeaponComponentEffect ReduceAimAccuracy20Percent Description
634138289878,Уменьшает эффективность прицеливания на 50%,,,ModItemWeaponComponentEffect ReduceAimAccuracy50Percent Description
210096485412,Уменьшает эффективность прицеливания на 80%,,,ModItemWeaponComponentEffect ReduceAimAccuracy80Percent Description
834291945671,Разблокирует <color EmStyle>Маневренный бой</color>.,,,ModItemWeaponComponentEffect EnableRunNGun Description
912995831820,Нельзя стрелять с одной руки,,,ModItemWeaponComponentEffect TwoHanded Description
905646787765,Уменьшение количества уровней прицеливания на <MaxAimActionsDecrease>,,,ModItemWeaponComponentEffect DecreaseMaxAimActions Description
726921883131,Увеличение количества уровней прицеливания на <IncreaseMaxAimActions>,,,ModItemWeaponComponentEffect IncreaseMaxAimActions Description
723688041397,"Если ваше первое действие - атака, то оно производится, как если бы у вас был <min_aim>-й уровень прицеливания. Не действует на атаки в режиме контроля",,,ModItemWeaponComponentEffect FirstShotIncreasedAim Description
227319382714,Уменьшает количество выстрелов в очереди на <color EmStyle>25%</color>,,,ModItemWeaponComponentEffect ReduceBurst25Percent Description
267012150857,Уменьшает количество выстрелов в автоогне на <color EmStyle>50%</color>,,,ModItemWeaponComponentEffect ReduceAuto50Percent Description
372434067928,Уменьшает количество выстрелов в автоогне на <color EmStyle>50%</color>,,,ModItemWeaponComponentEffect ReduceAuto25Percent Description
619242393329,Уменьшает количество выстрелов в очереди на <color EmStyle>50%</color>,,,ModItemWeaponComponentEffect ReduceBurst50Percent Description
720519067653,Уменьшает количество выстрелов в автоогне на <color EmStyle>75%</color>,,,ModItemWeaponComponentEffect ReduceAuto75Percent Description
703347727664,Увеличивает размер <color EmStyle>короткой очереди</color> на 25%.,,,ModItemWeaponComponentEffect ExtraBurstShots Description
703347727664,Увеличивает размер <color EmStyle>длинной очереди</color> на 25%.,,,ModItemWeaponComponentEffect ExtraAutoShots Description
586274232131,Громоздкое,,,ModItemWeaponComponentEffect Cumbersome Description
380672980666,Бонус к стрельбе на дистанции до 10 клеток,,,ModItemWeaponComponentEffect PointBlankBonus Description
679784255246,Увеличивает цену атаки в ОД на <ShotAP>.,,,ModItemWeaponComponentEffect IncreaseShotAP Description
155442967414,Уменьшает отдачу на <Recoil>,,,ModItemWeaponComponentEffect RecoilDecrease Description
303498233184,Добавляет 1 выстрел без отдачи в положении лежа,,,ModItemWeaponComponentEffect ShotsBeforeRecoilProne Description
763543306028,Увеличивает отдачу на <Recoil>,,,ModItemWeaponComponentEffect RecoilIncrease Description
124159879366,Увеличивает бонус стрельбы навскидку на <EffectiveRange>,,,ModItemWeaponComponentEffect EffectiveRange_Increase Description
765355528885,Уменьшает бонус стрельбы навскидку на <EffectiveRange>,,,ModItemWeaponComponentEffect EffectiveRange_Decrease Description
707168771945,Уменьшает звук выстрела до <NoiseMultiplier>% от стандартого,,,ModItemWeaponComponentEffect SilentShots Description
831279761645,Уменьшает дальность наполовину,,,ModItemWeaponComponentEffect ReduceRange50Percent Description
222573608134,Уменьшает эффективность прицеливания на 15%,,,ModItemWeaponComponentEffect ReduceAimAccuracy15Percent Description
147259032089,Увеличивает эффективность прицеливания на 15%,,,ModItemWeaponComponentEffect IncreaseAimAccuracy15Percent Description
998316040552,Уменьшает эффективность прицеливания на 20%,,,ModItemWeaponComponentEffect ReduceAimAccuracy20Percent Description
634138289878,Уменьшает эффективность прицеливания на 50%,,,ModItemWeaponComponentEffect ReduceAimAccuracy50Percent Description
210096485412,Уменьшает эффективность прицеливания на 80%,,,ModItemWeaponComponentEffect ReduceAimAccuracy80Percent Description
834291945671,Разблокирует <color EmStyle>Маневренный бой</color>.,,,ModItemWeaponComponentEffect EnableRunNGun Description
912995831820,Нельзя стрелять с одной руки,,,ModItemWeaponComponentEffect TwoHanded Description
905646787765,Уменьшение количества уровней прицеливания на <MaxAimActionsDecrease>,,,ModItemWeaponComponentEffect DecreaseMaxAimActions Description
726921883131,Увеличение количества уровней прицеливания на <IncreaseMaxAimActions>,,,ModItemWeaponComponentEffect IncreaseMaxAimActions Description
723688041397,"Если ваше первое действие - атака, то оно производится, как если бы у вас был <min_aim>-й уровень прицеливания. Не действует на атаки в режиме контроля",,,ModItemWeaponComponentEffect FirstShotIncreasedAim Description
227319382714,Уменьшает количество выстрелов в очереди на <color EmStyle>25%</color>,,,ModItemWeaponComponentEffect ReduceBurst25Percent Description
267012150857,Уменьшает количество выстрелов в автоогне на <color EmStyle>50%</color>,,,ModItemWeaponComponentEffect ReduceAuto50Percent Description
372434067928,Уменьшает количество выстрелов в автоогне на <color EmStyle>50%</color>,,,ModItemWeaponComponentEffect ReduceAuto25Percent Description
619242393329,Уменьшает количество выстрелов в очереди на <color EmStyle>50%</color>,,,ModItemWeaponComponentEffect ReduceBurst50Percent Description
720519067653,Уменьшает количество выстрелов в автоогне на <color EmStyle>75%</color>,,,ModItemWeaponComponentEffect ReduceAuto75Percent Description
703347727664,Увеличивает размер <color EmStyle>короткой очереди</color> на 25%.,,,ModItemWeaponComponentEffect ExtraBurstShots Description
703347727664,Увеличивает размер <color EmStyle>длинной очереди</color> на 25%.,,,ModItemWeaponComponentEffect ExtraAutoShots Description
586274232131,Громоздкое,,,ModItemWeaponComponentEffect Cumbersome Description
380672980666,Бонус к стрельбе на дистанции до 10 клеток,,,ModItemWeaponComponentEffect PointBlankBonus Description
879800342345,Сошки,,,ModItemWeaponComponent Bipod DisplayName
928480071483,Короткий ствол,,,ModItemWeaponComponent BarrelShort_AUG DisplayName
289320256080,Короткий нарезной ствол с возрастающим шагом,,,ModItemWeaponComponent BarrelShortImproved_AUG DisplayName
809839566679,Удлиненный ствол с сошками,,,ModItemWeaponComponent BarrelLong_AUG DisplayName
816796570762,Удлиненный нарезной ствол с возрастающим шагом (с сошками),,,ModItemWeaponComponent BarrelLongImproved_AUG DisplayName
691552369727,Утяжеленный ствол,,,ModItemWeaponComponent BarrelHeavy DisplayName
798912434710,Удлиненный ствол,,,ModItemWeaponComponent BarrelLong DisplayName
852176633290,Удлиненный нарезной ствол с возрастающим шагом,,,ModItemWeaponComponent BarrelLongImproved DisplayName
807789574452,Удлиненный ствол,,,ModItemWeaponComponent BarrelLongShotgun DisplayName
620585440891,Стандартный ствол,,,ModItemWeaponComponent BarrelNormal DisplayName
790308378417,Нарезной ствол с возрастающим шагом,,,ModItemWeaponComponent BarrelNormalImproved DisplayName
245194528164,Короткий ствол,,,ModItemWeaponComponent BarrelShort DisplayName
837372947792,Короткий нарезной ствол с возрастающим шагом,,,ModItemWeaponComponent BarrelShortImproved DisplayName
849289197281,Укороченный ствол,,,ModItemWeaponComponent BarrelShortShotgun DisplayName
785427900359,Ствол под калибр .50 BMG,,,ModItemWeaponComponent Barrel50BMG_DesertEagle DisplayName
354812931622,Штык-нож,,,ModItemWeaponComponent Type56Bayo DisplayName
241110715254,Штык-нож,,,ModItemWeaponComponent Type56BayoF DisplayName
540055379780,Складывающийся приклад,,,ModItemWeaponComponent StockFolded DisplayName
970106018912,Тяжелый приклад,,,ModItemWeaponComponent StockHeavy DisplayName
850663002598,Легкий приклад,,,ModItemWeaponComponent StockLight DisplayName
529575194811,Складной приклад (Сложенный),,,ModItemWeaponComponent StockLightFolded DisplayName
253215049581,Рамочный приклад (Разложенный),,,ModItemWeaponComponent StockLightUnFolded DisplayName
775383830180,Нет приклада,,,ModItemWeaponComponent StockNo DisplayName
631032173069,Стандартный приклад,,,ModItemWeaponComponent StockNormal DisplayName
313668040260,Вертикальная рукоять,,,ModItemWeaponComponent VerticalGrip DisplayName
626615433212,Вертикальная рукоять (Сложенная),,,ModItemWeaponComponent VerticalGripFld DisplayName
281412795059,Вертикальная рукоять,,,ModItemWeaponComponent VerticalGrip_M14 DisplayName
700623216668,Вертикальная рукоять,,,ModItemWeaponComponent AK47_VerticalGrip DisplayName
535697882612,Вертикальная рукоять,,,ModItemWeaponComponent AKSU_VerticalGrip DisplayName
563715899115,Вертикальная рукоять,,,ModItemWeaponComponent VerticalGrip_M16 DisplayName
676118610148,Тактическая рукоять,,,ModItemWeaponComponent TacGrip DisplayName
700618018887,Фонарик,,,ModItemWeaponComponent FlashlightOff DisplayName
500461275609,Фонарик,,,ModItemWeaponComponent Flashlight DisplayName
875608027899,Фонарик,,,ModItemWeaponComponent Flashlight_R870 DisplayName
968729166053,Фонарик,,,ModItemWeaponComponent Flashlight_Anaconda DisplayName
676630739482,Фонарик,,,ModItemWeaponComponent Flashlight_aa12 DisplayName
599763053072,Тактическое устройство,,,ModItemWeaponComponent FlashlightDot DisplayName
638946230736,Тактическое устройство,,,ModItemWeaponComponent FlashlightDot_aa12 DisplayName
646651177477,Тактическое устройство,,,ModItemWeaponComponent FlashlightDot_Anaconda DisplayName
394807232613,Лазерный целеуказатель,,,ModItemWeaponComponent LaserDot DisplayName
405161321170,Коллиматор,,,ModItemWeaponComponent LaserDot_Anaconda DisplayName
427210220552,Коллиматор,,,ModItemWeaponComponent LaserDot_aa12 DisplayName
199081852714,УФ-прицел,,,ModItemWeaponComponent UVDot DisplayName
506806756026,УФ-прицел,,,ModItemWeaponComponent UVDot_Anaconda DisplayName
739522307124,УФ-прицел,,,ModItemWeaponComponent UVDot_aa12 DisplayName
676342825645,Компенсатор,,,ModItemWeaponComponent Compensator DisplayName
383554280885,Глушитель,,,ModItemWeaponComponent PistolSuppressor DisplayName
639861964876,Масляной фильтр,,,ModItemWeaponComponent ImprovisedSuppressor DisplayName
949066206030,Глушитель,,,ModItemWeaponComponent Suppressor DisplayName
860965544908,Улучшенный глушитель,,,ModItemWeaponComponent SuppressorImproved DisplayName
913646347240,Глушитель Интегрированный,,,ModItemWeaponComponent SuppressorIntegrated DisplayName
903509237063,Улучшенный компенсатор,,,ModItemWeaponComponent AUGCompensator_3 DisplayName
293888390949,Стандартный компенсатор,,,ModItemWeaponComponent AUGCompensator_1 DisplayName
640771121494,Плоский чок,,,ModItemWeaponComponent DuckbillChoke DisplayName
808377268861,Полный чок,,,ModItemWeaponComponent FullChoke DisplayName
664099136724,Усилитель отдачи,,,ModItemWeaponComponent MuzzleBooster DisplayName
885847711847,Стандартный механический прицел,,,ModItemWeaponComponent DefaultIronsight_AR15 DisplayName
697020602032,Ул. механический прицел,,,ModItemWeaponComponent ImprovedIronsight_AR15 DisplayName
649826621253,Базовый механический прицел,,,ModItemWeaponComponent BaseIronsight_Anaconda DisplayName
434214967295,Снайперский прицел с 5-кратным увеличением,,,ModItemWeaponComponent LROptics_DragunovDefault DisplayName
767525470073,Стандартный механический прицел,,,ModItemWeaponComponent GewehrDefaultSight DisplayName
813847402970,Улучшенный зеркальный прицел,,,ModItemWeaponComponent ReflexSightAdvanced_Glock DisplayName
849796022465,Ул. механический прицел,,,ModItemWeaponComponent ImprovedIronsight DisplayName
997246680419,Коллиматор,,,ModItemWeaponComponent ReflexSight DisplayName
828562540830,Улучшенный коллиматор,,,ModItemWeaponComponent ReflexSightAdvanced DisplayName
334947143407,Прицел малой кратности,,,ModItemWeaponComponent ScopeCOG DisplayName
739676174855,Штурмовой прицел,,,ModItemWeaponComponent ScopeCOGQuick DisplayName
844523910352,Оптический прицел,,,ModItemWeaponComponent LROptics DisplayName
756379377948,Снайперский прицел с 10-кратным увеличением,,,ModItemWeaponComponent LROpticsAdvanced DisplayName
835203483425,Ночной прицел,,,ModItemWeaponComponent ThermalScope DisplayName
980094702313,Ремень,,,ModItemWeaponComponent HolsterBelt DisplayName
797056139531,Гранатомет,,,ModItemWeaponComponent GrenadeLauncher DisplayName
522852901787,Пистолет,,,ModItemWeaponComponent Freeswap DisplayName
723546674616,Ускорение перезарядки,,,ModItemWeaponComponent SpeedLoader DisplayName
187052914510,Сложенный прицел,,,ModItemWeaponComponent M70_Fld_GL DisplayName
122862183328,Разложенный прицел,,,ModItemWeaponComponent M70_Unfld_GL DisplayName
363948554993,Наствольная граната для М70,,,ModItemWeaponComponent M70_Grenade DisplayName
879800342345,Сошки,,,ModItemWeaponComponent Bipod DisplayName
928480071483,Короткий ствол,,,ModItemWeaponComponent BarrelShort_AUG DisplayName
289320256080,Короткий нарезной ствол с возрастающим шагом,,,ModItemWeaponComponent BarrelShortImproved_AUG DisplayName
809839566679,Удлиненный ствол с сошками,,,ModItemWeaponComponent BarrelLong_AUG DisplayName
816796570762,Удлиненный нарезной ствол с возрастающим шагом (с сошками),,,ModItemWeaponComponent BarrelLongImproved_AUG DisplayName
691552369727,Утяжеленный ствол,,,ModItemWeaponComponent BarrelHeavy DisplayName
798912434710,Удлиненный ствол,,,ModItemWeaponComponent BarrelLong DisplayName
852176633290,Удлиненный нарезной ствол с возрастающим шагом,,,ModItemWeaponComponent BarrelLongImproved DisplayName
807789574452,Удлиненный ствол,,,ModItemWeaponComponent BarrelLongShotgun DisplayName
620585440891,Стандартный ствол,,,ModItemWeaponComponent BarrelNormal DisplayName
790308378417,Нарезной ствол с возрастающим шагом,,,ModItemWeaponComponent BarrelNormalImproved DisplayName
245194528164,Короткий ствол,,,ModItemWeaponComponent BarrelShort DisplayName
837372947792,Короткий нарезной ствол с возрастающим шагом,,,ModItemWeaponComponent BarrelShortImproved DisplayName
849289197281,Укороченный ствол,,,ModItemWeaponComponent BarrelShortShotgun DisplayName
785427900359,Ствол под калибр .50 BMG,,,ModItemWeaponComponent Barrel50BMG_DesertEagle DisplayName
928480071483,Короткий ствол,,,ModItemWeaponComponent BarrelShort_AUG DisplayName
289320256080,Короткий нарезной ствол с возрастающим шагом,,,ModItemWeaponComponent BarrelShortImproved_AUG DisplayName
809839566679,Удлиненный ствол с сошками,,,ModItemWeaponComponent BarrelLong_AUG DisplayName
816796570762,Удлиненный нарезной ствол с возрастающим шагом (с сошками),,,ModItemWeaponComponent BarrelLongImproved_AUG DisplayName
691552369727,Утяжеленный ствол,,,ModItemWeaponComponent BarrelHeavy DisplayName
798912434710,Удлиненный ствол,,,ModItemWeaponComponent BarrelLong DisplayName
852176633290,Удлиненный нарезной ствол с возрастающим шагом,,,ModItemWeaponComponent BarrelLongImproved DisplayName
807789574452,Удлиненный ствол,,,ModItemWeaponComponent BarrelLongShotgun DisplayName
620585440891,Стандартный ствол,,,ModItemWeaponComponent BarrelNormal DisplayName
790308378417,Нарезной ствол с возрастающим шагом,,,ModItemWeaponComponent BarrelNormalImproved DisplayName
245194528164,Короткий ствол,,,ModItemWeaponComponent BarrelShort DisplayName
837372947792,Короткий нарезной ствол с возрастающим шагом,,,ModItemWeaponComponent BarrelShortImproved DisplayName
849289197281,Укороченный ствол,,,ModItemWeaponComponent BarrelShortShotgun DisplayName
785427900359,Ствол под калибр .50 BMG,,,ModItemWeaponComponent Barrel50BMG_DesertEagle DisplayName
354812931622,Штык-нож,,,ModItemWeaponComponent Type56Bayo DisplayName
241110715254,Штык-нож,,,ModItemWeaponComponent Type56BayoF DisplayName
354812931622,Штык-нож,,,ModItemWeaponComponent Type56Bayo DisplayName
241110715254,Штык-нож,,,ModItemWeaponComponent Type56BayoF DisplayName
540055379780,Складывающийся приклад,,,ModItemWeaponComponent StockFolded DisplayName
970106018912,Тяжелый приклад,,,ModItemWeaponComponent StockHeavy DisplayName
850663002598,Легкий приклад,,,ModItemWeaponComponent StockLight DisplayName
529575194811,Складной приклад (Сложенный),,,ModItemWeaponComponent StockLightFolded DisplayName
253215049581,Рамочный приклад (Разложенный),,,ModItemWeaponComponent StockLightUnFolded DisplayName
775383830180,Нет приклада,,,ModItemWeaponComponent StockNo DisplayName
631032173069,Стандартный приклад,,,ModItemWeaponComponent StockNormal DisplayName
540055379780,Складывающийся приклад,,,ModItemWeaponComponent StockFolded DisplayName
970106018912,Тяжелый приклад,,,ModItemWeaponComponent StockHeavy DisplayName
850663002598,Легкий приклад,,,ModItemWeaponComponent StockLight DisplayName
529575194811,Складной приклад (Сложенный),,,ModItemWeaponComponent StockLightFolded DisplayName
253215049581,Рамочный приклад (Разложенный),,,ModItemWeaponComponent StockLightUnFolded DisplayName
775383830180,Нет приклада,,,ModItemWeaponComponent StockNo DisplayName
631032173069,Стандартный приклад,,,ModItemWeaponComponent StockNormal DisplayName
313668040260,Вертикальная рукоять,,,ModItemWeaponComponent VerticalGrip DisplayName
626615433212,Вертикальная рукоять (Сложенная),,,ModItemWeaponComponent VerticalGripFld DisplayName
281412795059,Вертикальная рукоять,,,ModItemWeaponComponent VerticalGrip_M14 DisplayName
700623216668,Вертикальная рукоять,,,ModItemWeaponComponent AK47_VerticalGrip DisplayName
535697882612,Вертикальная рукоять,,,ModItemWeaponComponent AKSU_VerticalGrip DisplayName
563715899115,Вертикальная рукоять,,,ModItemWeaponComponent VerticalGrip_M16 DisplayName
676118610148,Тактическая рукоять,,,ModItemWeaponComponent TacGrip DisplayName
313668040260,Вертикальная рукоять,,,ModItemWeaponComponent VerticalGrip DisplayName
626615433212,Вертикальная рукоять (Сложенная),,,ModItemWeaponComponent VerticalGripFld DisplayName
281412795059,Вертикальная рукоять,,,ModItemWeaponComponent VerticalGrip_M14 DisplayName
700623216668,Вертикальная рукоять,,,ModItemWeaponComponent AK47_VerticalGrip DisplayName
535697882612,Вертикальная рукоять,,,ModItemWeaponComponent AKSU_VerticalGrip DisplayName
563715899115,Вертикальная рукоять,,,ModItemWeaponComponent VerticalGrip_M16 DisplayName
676118610148,Тактическая рукоять,,,ModItemWeaponComponent TacGrip DisplayName
700618018887,Фонарик,,,ModItemWeaponComponent FlashlightOff DisplayName
500461275609,Фонарик,,,ModItemWeaponComponent Flashlight DisplayName
875608027899,Фонарик,,,ModItemWeaponComponent Flashlight_R870 DisplayName
968729166053,Фонарик,,,ModItemWeaponComponent Flashlight_Anaconda DisplayName
676630739482,Фонарик,,,ModItemWeaponComponent Flashlight_aa12 DisplayName
599763053072,Тактическое устройство,,,ModItemWeaponComponent FlashlightDot DisplayName
638946230736,Тактическое устройство,,,ModItemWeaponComponent FlashlightDot_aa12 DisplayName
646651177477,Тактическое устройство,,,ModItemWeaponComponent FlashlightDot_Anaconda DisplayName
394807232613,Лазерный целеуказатель,,,ModItemWeaponComponent LaserDot DisplayName
405161321170,Коллиматор,,,ModItemWeaponComponent LaserDot_Anaconda DisplayName
427210220552,Коллиматор,,,ModItemWeaponComponent LaserDot_aa12 DisplayName
199081852714,УФ-прицел,,,ModItemWeaponComponent UVDot DisplayName
506806756026,УФ-прицел,,,ModItemWeaponComponent UVDot_Anaconda DisplayName
739522307124,УФ-прицел,,,ModItemWeaponComponent UVDot_aa12 DisplayName
700618018887,Фонарик,,,ModItemWeaponComponent FlashlightOff DisplayName
500461275609,Фонарик,,,ModItemWeaponComponent Flashlight DisplayName
875608027899,Фонарик,,,ModItemWeaponComponent Flashlight_R870 DisplayName
968729166053,Фонарик,,,ModItemWeaponComponent Flashlight_Anaconda DisplayName
676630739482,Фонарик,,,ModItemWeaponComponent Flashlight_aa12 DisplayName
599763053072,Тактическое устройство,,,ModItemWeaponComponent FlashlightDot DisplayName
638946230736,Тактическое устройство,,,ModItemWeaponComponent FlashlightDot_aa12 DisplayName
646651177477,Тактическое устройство,,,ModItemWeaponComponent FlashlightDot_Anaconda DisplayName
394807232613,Лазерный целеуказатель,,,ModItemWeaponComponent LaserDot DisplayName
405161321170,Коллиматор,,,ModItemWeaponComponent LaserDot_Anaconda DisplayName
427210220552,Коллиматор,,,ModItemWeaponComponent LaserDot_aa12 DisplayName
199081852714,УФ-прицел,,,ModItemWeaponComponent UVDot DisplayName
506806756026,УФ-прицел,,,ModItemWeaponComponent UVDot_Anaconda DisplayName
739522307124,УФ-прицел,,,ModItemWeaponComponent UVDot_aa12 DisplayName
676342825645,Компенсатор,,,ModItemWeaponComponent Compensator DisplayName
383554280885,Глушитель,,,ModItemWeaponComponent PistolSuppressor DisplayName
639861964876,Масляной фильтр,,,ModItemWeaponComponent ImprovisedSuppressor DisplayName
949066206030,Глушитель,,,ModItemWeaponComponent Suppressor DisplayName
860965544908,Улучшенный глушитель,,,ModItemWeaponComponent SuppressorImproved DisplayName
913646347240,Глушитель Интегрированный,,,ModItemWeaponComponent SuppressorIntegrated DisplayName
903509237063,Улучшенный компенсатор,,,ModItemWeaponComponent AUGCompensator_3 DisplayName
293888390949,Стандартный компенсатор,,,ModItemWeaponComponent AUGCompensator_1 DisplayName
640771121494,Плоский чок,,,ModItemWeaponComponent DuckbillChoke DisplayName
808377268861,Полный чок,,,ModItemWeaponComponent FullChoke DisplayName
664099136724,Усилитель отдачи,,,ModItemWeaponComponent MuzzleBooster DisplayName
676342825645,Компенсатор,,,ModItemWeaponComponent Compensator DisplayName
383554280885,Глушитель,,,ModItemWeaponComponent PistolSuppressor DisplayName
639861964876,Масляной фильтр,,,ModItemWeaponComponent ImprovisedSuppressor DisplayName
949066206030,Глушитель,,,ModItemWeaponComponent Suppressor DisplayName
860965544908,Улучшенный глушитель,,,ModItemWeaponComponent SuppressorImproved DisplayName
913646347240,Глушитель Интегрированный,,,ModItemWeaponComponent SuppressorIntegrated DisplayName
903509237063,Улучшенный компенсатор,,,ModItemWeaponComponent AUGCompensator_3 DisplayName
293888390949,Стандартный компенсатор,,,ModItemWeaponComponent AUGCompensator_1 DisplayName
640771121494,Плоский чок,,,ModItemWeaponComponent DuckbillChoke DisplayName
808377268861,Полный чок,,,ModItemWeaponComponent FullChoke DisplayName
664099136724,Усилитель отдачи,,,ModItemWeaponComponent MuzzleBooster DisplayName
885847711847,Стандартный механический прицел,,,ModItemWeaponComponent DefaultIronsight_AR15 DisplayName
697020602032,Ул. механический прицел,,,ModItemWeaponComponent ImprovedIronsight_AR15 DisplayName
649826621253,Базовый механический прицел,,,ModItemWeaponComponent BaseIronsight_Anaconda DisplayName
434214967295,Снайперский прицел с 5-кратным увеличением,,,ModItemWeaponComponent LROptics_DragunovDefault DisplayName
767525470073,Стандартный механический прицел,,,ModItemWeaponComponent GewehrDefaultSight DisplayName
813847402970,Улучшенный зеркальный прицел,,,ModItemWeaponComponent ReflexSightAdvanced_Glock DisplayName
849796022465,Ул. механический прицел,,,ModItemWeaponComponent ImprovedIronsight DisplayName
885847711847,Стандартный механический прицел,,,ModItemWeaponComponent DefaultIronsight_AR15 DisplayName
697020602032,Ул. механический прицел,,,ModItemWeaponComponent ImprovedIronsight_AR15 DisplayName
649826621253,Базовый механический прицел,,,ModItemWeaponComponent BaseIronsight_Anaconda DisplayName
434214967295,Снайперский прицел с 5-кратным увеличением,,,ModItemWeaponComponent LROptics_DragunovDefault DisplayName
767525470073,Стандартный механический прицел,,,ModItemWeaponComponent GewehrDefaultSight DisplayName
813847402970,Улучшенный зеркальный прицел,,,ModItemWeaponComponent ReflexSightAdvanced_Glock DisplayName
849796022465,Ул. механический прицел,,,ModItemWeaponComponent ImprovedIronsight DisplayName
997246680419,Коллиматор,,,ModItemWeaponComponent ReflexSight DisplayName
828562540830,Улучшенный коллиматор,,,ModItemWeaponComponent ReflexSightAdvanced DisplayName
334947143407,Прицел малой кратности,,,ModItemWeaponComponent ScopeCOG DisplayName
739676174855,Штурмовой прицел,,,ModItemWeaponComponent ScopeCOGQuick DisplayName
844523910352,Оптический прицел,,,ModItemWeaponComponent LROptics DisplayName
756379377948,Снайперский прицел с 10-кратным увеличением,,,ModItemWeaponComponent LROpticsAdvanced DisplayName
835203483425,Ночной прицел,,,ModItemWeaponComponent ThermalScope DisplayName
997246680419,Коллиматор,,,ModItemWeaponComponent ReflexSight DisplayName
828562540830,Улучшенный коллиматор,,,ModItemWeaponComponent ReflexSightAdvanced DisplayName
334947143407,Прицел малой кратности,,,ModItemWeaponComponent ScopeCOG DisplayName
739676174855,Штурмовой прицел,,,ModItemWeaponComponent ScopeCOGQuick DisplayName
844523910352,Оптический прицел,,,ModItemWeaponComponent LROptics DisplayName
756379377948,Снайперский прицел с 10-кратным увеличением,,,ModItemWeaponComponent LROpticsAdvanced DisplayName
835203483425,Ночной прицел,,,ModItemWeaponComponent ThermalScope DisplayName
980094702313,Ремень,,,ModItemWeaponComponent HolsterBelt DisplayName
797056139531,Гранатомет,,,ModItemWeaponComponent GrenadeLauncher DisplayName
522852901787,Пистолет,,,ModItemWeaponComponent Freeswap DisplayName
723546674616,Ускорение перезарядки,,,ModItemWeaponComponent SpeedLoader DisplayName
187052914510,Сложенный прицел,,,ModItemWeaponComponent M70_Fld_GL DisplayName
122862183328,Разложенный прицел,,,ModItemWeaponComponent M70_Unfld_GL DisplayName
363948554993,Наствольная граната для М70,,,ModItemWeaponComponent M70_Grenade DisplayName
611374830153,Default Mag,,,ModItemWeaponComponent MagNormal DisplayName
330952772905,Быстросъемный магазин,,,ModItemWeaponComponent MagQuick DisplayName
726815502836,Магазин на 20 патрон,,,ModItemWeaponComponent MagSmall30_20 DisplayName
110389139487,Магазин на 15 патрон,,,ModItemWeaponComponent MagSmall30_15 DisplayName
948754621396,Магазин на 10 патрон,,,ModItemWeaponComponent MagSmall20_10 DisplayName
704921521469,Expanded Mag,,,ModItemWeaponComponent MagLarge DisplayName
385006615309,Магазин на 10 патрон,,,ModItemWeaponComponent MagLarge_5_10 DisplayName
670281965243,Магазин на 40 патрон,,,ModItemWeaponComponent MagLarge_30_40 DisplayName
499385795999,Магазин на 45 патрон,,,ModItemWeaponComponent MagLarge_30_45 DisplayName
385943069235,Магазин на 42 патрона,,,ModItemWeaponComponent MagLarge_30_42 DisplayName
426203800139,Магазин на 20 патрон,,,ModItemWeaponComponent MagLarge_10_20 DisplayName
522043096781,Магазин на 30 патрон,,,ModItemWeaponComponent MagLarge_20_30 DisplayName
434770845621,Магазин на 40 патрон,,,ModItemWeaponComponent MagLarge_25_40 DisplayName
100761815371,Эргономичный увеличенный магазин,,,ModItemWeaponComponent MagLargeFine DisplayName
603956294727,Улучшенный магазин,,,ModItemWeaponComponent MagNormalFine DisplayName
586879047908,Бубен,,,ModItemWeaponComponent MagLarger DisplayName
480420170561,Бубен,,,ModItemWeaponComponent MagDrum_30-50 DisplayName
885599458611,Бубен,,,ModItemWeaponComponent MagDrum_35-71 DisplayName
683446424521,Бубен,,,ModItemWeaponComponent MagDrum_30-75 DisplayName
190864367112,Бубен,,,ModItemWeaponComponent MagDrum_30-100 DisplayName
476306807479,Бубен,,,ModItemWeaponComponent MagDrum_30-100_cumbersome DisplayName
418445790442,Короб,,,ModItemWeaponComponent MagBelt_40-100 DisplayName
206141475839,Увеличенный короб,,,ModItemWeaponComponent MagBelt_100-200 DisplayName
420273412012,Expanded Mag,,,ModItemWeaponComponent MagBelt DisplayName
330177071699,LMG and MG Magazines,,,ModItemWeaponComponent MagBeltLarge DisplayName
755593099223,Магазин увеличенной емкости,,,ModItemWeaponComponent BigMag DisplayName
241656491257,"Ещё один бубенец, только пулеметный",,,ModItemWeaponComponent MGmug DisplayName
442728888586,Бубенец,,,ModItemWeaponComponent Bubny DisplayName
611374830153,Default Mag,,,ModItemWeaponComponent MagNormal DisplayName
330952772905,Быстросъемный магазин,,,ModItemWeaponComponent MagQuick DisplayName
726815502836,Магазин на 20 патрон,,,ModItemWeaponComponent MagSmall30_20 DisplayName
110389139487,Магазин на 15 патрон,,,ModItemWeaponComponent MagSmall30_15 DisplayName
948754621396,Магазин на 10 патрон,,,ModItemWeaponComponent MagSmall20_10 DisplayName
330952772905,Быстросъемный магазин,,,ModItemWeaponComponent MagQuick DisplayName
726815502836,Магазин на 20 патрон,,,ModItemWeaponComponent MagSmall30_20 DisplayName
110389139487,Магазин на 15 патрон,,,ModItemWeaponComponent MagSmall30_15 DisplayName
948754621396,Магазин на 10 патрон,,,ModItemWeaponComponent MagSmall20_10 DisplayName
704921521469,Expanded Mag,,,ModItemWeaponComponent MagLarge DisplayName
385006615309,Магазин на 10 патрон,,,ModItemWeaponComponent MagLarge_5_10 DisplayName
670281965243,Магазин на 40 патрон,,,ModItemWeaponComponent MagLarge_30_40 DisplayName
499385795999,Магазин на 45 патрон,,,ModItemWeaponComponent MagLarge_30_45 DisplayName
385943069235,Магазин на 42 патрона,,,ModItemWeaponComponent MagLarge_30_42 DisplayName
426203800139,Магазин на 20 патрон,,,ModItemWeaponComponent MagLarge_10_20 DisplayName
522043096781,Магазин на 30 патрон,,,ModItemWeaponComponent MagLarge_20_30 DisplayName
434770845621,Магазин на 40 патрон,,,ModItemWeaponComponent MagLarge_25_40 DisplayName
704921521469,Expanded Mag,,,ModItemWeaponComponent MagLarge DisplayName
385006615309,Магазин на 10 патрон,,,ModItemWeaponComponent MagLarge_5_10 DisplayName
670281965243,Магазин на 40 патрон,,,ModItemWeaponComponent MagLarge_30_40 DisplayName
499385795999,Магазин на 45 патрон,,,ModItemWeaponComponent MagLarge_30_45 DisplayName
385943069235,Магазин на 42 патрона,,,ModItemWeaponComponent MagLarge_30_42 DisplayName
426203800139,Магазин на 20 патрон,,,ModItemWeaponComponent MagLarge_10_20 DisplayName
522043096781,Магазин на 30 патрон,,,ModItemWeaponComponent MagLarge_20_30 DisplayName
434770845621,Магазин на 40 патрон,,,ModItemWeaponComponent MagLarge_25_40 DisplayName
100761815371,Эргономичный увеличенный магазин,,,ModItemWeaponComponent MagLargeFine DisplayName
603956294727,Улучшенный магазин,,,ModItemWeaponComponent MagNormalFine DisplayName
586879047908,Бубен,,,ModItemWeaponComponent MagLarger DisplayName
480420170561,Бубен,,,ModItemWeaponComponent MagDrum_30-50 DisplayName
885599458611,Бубен,,,ModItemWeaponComponent MagDrum_35-71 DisplayName
683446424521,Бубен,,,ModItemWeaponComponent MagDrum_30-75 DisplayName
190864367112,Бубен,,,ModItemWeaponComponent MagDrum_30-100 DisplayName
476306807479,Бубен,,,ModItemWeaponComponent MagDrum_30-100_cumbersome DisplayName
418445790442,Короб,,,ModItemWeaponComponent MagBelt_40-100 DisplayName
206141475839,Увеличенный короб,,,ModItemWeaponComponent MagBelt_100-200 DisplayName
480420170561,Бубен,,,ModItemWeaponComponent MagDrum_30-50 DisplayName
885599458611,Бубен,,,ModItemWeaponComponent MagDrum_35-71 DisplayName
683446424521,Бубен,,,ModItemWeaponComponent MagDrum_30-75 DisplayName
190864367112,Бубен,,,ModItemWeaponComponent MagDrum_30-100 DisplayName
476306807479,Бубен,,,ModItemWeaponComponent MagDrum_30-100_cumbersome DisplayName
418445790442,Короб,,,ModItemWeaponComponent MagBelt_40-100 DisplayName
206141475839,Увеличенный короб,,,ModItemWeaponComponent MagBelt_100-200 DisplayName
420273412012,Expanded Mag,,,ModItemWeaponComponent MagBelt DisplayName
330177071699,LMG and MG Magazines,,,ModItemWeaponComponent MagBeltLarge DisplayName
755593099223,Магазин увеличенной емкости,,,ModItemWeaponComponent BigMag DisplayName
241656491257,"Ещё один бубенец, только пулеметный",,,ModItemWeaponComponent MGmug DisplayName
442728888586,Бубенец,,,ModItemWeaponComponent Bubny DisplayName
373877901864,Компенсатор,,,ModItemInventoryItemCompositeDef Compensator DisplayName
604843786409,Компенсаторы,,,ModItemInventoryItemCompositeDef Compensator DisplayNamePlural
616025016429,<image UI/Conversation/T_Dialogue_IconBackgroundCircle.tga 400 130 128 120> Компенсатор. Можно поставить через экран модификаций,,,ModItemInventoryItemCompositeDef Compensator AdditionalHint
338893662198,Компенсатор,,,ModItemInventoryItemCompositeDef Suppressor DisplayName
651705405915,Компенсаторы,,,ModItemInventoryItemCompositeDef Suppressor DisplayNamePlural
920446867503,"<image UI/Conversation/T_Dialogue_IconBackgroundCircle.tga 400 130 128 120> Компенсатор, который можно поставить в оружие",,,ModItemInventoryItemCompositeDef Suppressor AdditionalHint
989198911892,Компенсатор,,,ModItemInventoryItemCompositeDef Suppressor_Rifle DisplayName
879804597406,Компенсаторы,,,ModItemInventoryItemCompositeDef Suppressor_Rifle DisplayNamePlural
490018603549,"<image UI/Conversation/T_Dialogue_IconBackgroundCircle.tga 400 130 128 120> Компенсатор, который можно поставить в оружие",,,ModItemInventoryItemCompositeDef Suppressor_Rifle AdditionalHint
267361271549,Компенсатор,,,ModItemInventoryItemCompositeDef OilFilter DisplayName
241087613304,Компенсаторы,,,ModItemInventoryItemCompositeDef OilFilter DisplayNamePlural
912093351293,"<image UI/Conversation/T_Dialogue_IconBackgroundCircle.tga 400 130 128 120> Компенсатор, который можно поставить в оружие",,,ModItemInventoryItemCompositeDef OilFilter AdditionalHint
330386737608,Стальная труба,,,ModItemInventoryItemCompositeDef FineSteelPipe DisplayName
146948403499,Стальные трубы,,,ModItemInventoryItemCompositeDef FineSteelPipe DisplayNamePlural
199384815826,<image UI/Conversation/T_Dialogue_IconBackgroundCircle.tga 400 130 128 120> Используется при создании улучшенных компонентов для оружия,,,ModItemInventoryItemCompositeDef FineSteelPipe AdditionalHint
256780720615,Медикаменты,,,ModItemInventoryItemCompositeDef Meds DisplayName
288045839454,Медикаменты,,,ModItemInventoryItemCompositeDef Meds DisplayNamePlural
118554179614,"<image UI/Conversation/T_Dialogue_IconBackgroundCircle.tga 400 130 128 120> Используются для операции «Лечение ран» в виде со спутника
<image UI/Conversation/T_Dialogue_IconBackgroundCircle.tga 400 130 128 120> Используются для восполнения аптечек и наборов первой помощи",,,ModItemInventoryItemCompositeDef Meds AdditionalHint
504595812474,Чип,,,ModItemInventoryItemCompositeDef Microchip DisplayName
129388086980,Чипы,,,ModItemInventoryItemCompositeDef Microchip DisplayNamePlural
652781802614,<image UI/Conversation/T_Dialogue_IconBackgroundCircle.tga 400 130 128 120> Используется при создании улучшенных компонентов для оружия,,,ModItemInventoryItemCompositeDef Microchip AdditionalHint
258821099861,Линза,,,ModItemInventoryItemCompositeDef OpticalLens DisplayName
103808989228,Линзы,,,ModItemInventoryItemCompositeDef OpticalLens DisplayNamePlural
741628522083,<image UI/Conversation/T_Dialogue_IconBackgroundCircle.tga 400 130 128 120> Используется при создании улучшенных компонентов для оружия,,,ModItemInventoryItemCompositeDef OpticalLens AdditionalHint
403803194660,Запчасти,,,ModItemInventoryItemCompositeDef Parts DisplayName
905956321755,Запчасти,,,ModItemInventoryItemCompositeDef Parts DisplayNamePlural
821802297491,"<image UI/Conversation/T_Dialogue_IconBackgroundCircle.tga 400 130 128 120> Используются для модификации оружия
<image UI/Conversation/T_Dialogue_IconBackgroundCircle.tga 400 130 128 120> Используются для операции «Ремонт предметов» в виде со спутника.",,,ModItemInventoryItemCompositeDef Parts AdditionalHint
373877901864,Компенсатор,,,ModItemInventoryItemCompositeDef Compensator DisplayName
604843786409,Компенсаторы,,,ModItemInventoryItemCompositeDef Compensator DisplayNamePlural
616025016429,<image UI/Conversation/T_Dialogue_IconBackgroundCircle.tga 400 130 128 120> Компенсатор. Можно поставить через экран модификаций,,,ModItemInventoryItemCompositeDef Compensator AdditionalHint
338893662198,Компенсатор,,,ModItemInventoryItemCompositeDef Suppressor DisplayName
651705405915,Компенсаторы,,,ModItemInventoryItemCompositeDef Suppressor DisplayNamePlural
920446867503,"<image UI/Conversation/T_Dialogue_IconBackgroundCircle.tga 400 130 128 120> Компенсатор, который можно поставить в оружие",,,ModItemInventoryItemCompositeDef Suppressor AdditionalHint
989198911892,Компенсатор,,,ModItemInventoryItemCompositeDef Suppressor_Rifle DisplayName
879804597406,Компенсаторы,,,ModItemInventoryItemCompositeDef Suppressor_Rifle DisplayNamePlural
490018603549,"<image UI/Conversation/T_Dialogue_IconBackgroundCircle.tga 400 130 128 120> Компенсатор, который можно поставить в оружие",,,ModItemInventoryItemCompositeDef Suppressor_Rifle AdditionalHint
267361271549,Компенсатор,,,ModItemInventoryItemCompositeDef OilFilter DisplayName
241087613304,Компенсаторы,,,ModItemInventoryItemCompositeDef OilFilter DisplayNamePlural
912093351293,"<image UI/Conversation/T_Dialogue_IconBackgroundCircle.tga 400 130 128 120> Компенсатор, который можно поставить в оружие",,,ModItemInventoryItemCompositeDef OilFilter AdditionalHint
330386737608,Стальная труба,,,ModItemInventoryItemCompositeDef FineSteelPipe DisplayName
146948403499,Стальные трубы,,,ModItemInventoryItemCompositeDef FineSteelPipe DisplayNamePlural
199384815826,<image UI/Conversation/T_Dialogue_IconBackgroundCircle.tga 400 130 128 120> Используется при создании улучшенных компонентов для оружия,,,ModItemInventoryItemCompositeDef FineSteelPipe AdditionalHint
256780720615,Медикаменты,,,ModItemInventoryItemCompositeDef Meds DisplayName
288045839454,Медикаменты,,,ModItemInventoryItemCompositeDef Meds DisplayNamePlural
118554179614,"<image UI/Conversation/T_Dialogue_IconBackgroundCircle.tga 400 130 128 120> Используются для операции «Лечение ран» в виде со спутника
<image UI/Conversation/T_Dialogue_IconBackgroundCircle.tga 400 130 128 120> Используются для восполнения аптечек и наборов первой помощи",,,ModItemInventoryItemCompositeDef Meds AdditionalHint
504595812474,Чип,,,ModItemInventoryItemCompositeDef Microchip DisplayName
129388086980,Чипы,,,ModItemInventoryItemCompositeDef Microchip DisplayNamePlural
652781802614,<image UI/Conversation/T_Dialogue_IconBackgroundCircle.tga 400 130 128 120> Используется при создании улучшенных компонентов для оружия,,,ModItemInventoryItemCompositeDef Microchip AdditionalHint
258821099861,Линза,,,ModItemInventoryItemCompositeDef OpticalLens DisplayName
103808989228,Линзы,,,ModItemInventoryItemCompositeDef OpticalLens DisplayNamePlural
741628522083,<image UI/Conversation/T_Dialogue_IconBackgroundCircle.tga 400 130 128 120> Используется при создании улучшенных компонентов для оружия,,,ModItemInventoryItemCompositeDef OpticalLens AdditionalHint
403803194660,Запчасти,,,ModItemInventoryItemCompositeDef Parts DisplayName
905956321755,Запчасти,,,ModItemInventoryItemCompositeDef Parts DisplayNamePlural
821802297491,"<image UI/Conversation/T_Dialogue_IconBackgroundCircle.tga 400 130 128 120> Используются для модификации оружия
<image UI/Conversation/T_Dialogue_IconBackgroundCircle.tga 400 130 128 120> Используются для операции «Ремонт предметов» в виде со спутника.",,,ModItemInventoryItemCompositeDef Parts AdditionalHint
341928452200,Мачете,,,ModItemInventoryItemCompositeDef Machete DisplayName
768346538723,Мачете,,,ModItemInventoryItemCompositeDef Machete DisplayNamePlural
166943372795,"Хозяйственный инструмент для прокладывания дороги через джунги, рубки тростника или бананов. Или людей.",,,ModItemInventoryItemCompositeDef Machete Description
555296534849,<image UI/Conversation/T_Dialogue_IconBackgroundCircle.tga 400 130 128 120> Увеличенный доп. урон от силы,,,ModItemInventoryItemCompositeDef Machete AdditionalHint
301992801043,Сбалансирован. мачете,,,ModItemInventoryItemCompositeDef Machete_Balanced DisplayName
514639173804,Сбалансирован. мачете,,,ModItemInventoryItemCompositeDef Machete_Balanced DisplayNamePlural
166943372795,"Хозяйственный инструмент для прокладывания дороги через джунги, рубки тростника или бананов. Или людей.",,,ModItemInventoryItemCompositeDef Machete_Balanced Description
990137192998,"<image UI/Conversation/T_Dialogue_IconBackgroundCircle.tga 400 130 128 120> Увеличенный доп. урон от силы 
<image UI/Conversation/T_Dialogue_IconBackgroundCircle.tga 400 130 128 120> Сбалансированное: увеличенная эффективность прицеливания",,,ModItemInventoryItemCompositeDef Machete_Balanced AdditionalHint
256688204139,Заточенное мачете,,,ModItemInventoryItemCompositeDef Machete_Sharpened DisplayName
878077306495,Заточенные мачете,,,ModItemInventoryItemCompositeDef Machete_Sharpened DisplayNamePlural
726416857062,"Хозяйственный инструмент для прокладывания дороги через джунги, рубки тростника или бананов. Или людей.",,,ModItemInventoryItemCompositeDef Machete_Sharpened Description
266584820321,"<image UI/Conversation/T_Dialogue_IconBackgroundCircle.tga 400 130 128 120> Увеличенный доп. урон от силы
<image UI/Conversation/T_Dialogue_IconBackgroundCircle.tga 400 130 128 120> Заточенное: высокий урон",,,ModItemInventoryItemCompositeDef Machete_Sharpened AdditionalHint
977515640538,Без оружия,,,ModItemInventoryItemCompositeDef Unarmed DisplayName
342417064376,Без оружия,,,ModItemInventoryItemCompositeDef Unarmed DisplayNamePlural
362977570902,"<image UI/Conversation/T_Dialogue_IconBackgroundCircle.tga 400 130 128 120> Небольшой урон
<image UI/Conversation/T_Dialogue_IconBackgroundCircle.tga 400 130 128 120> Увеличенный эффект от силы
<image UI/Conversation/T_Dialogue_IconBackgroundCircle.tga 400 130 128 120> Очень высокий шанс критического попадания
<image UI/Conversation/T_Dialogue_IconBackgroundCircle.tga 400 130 128 120> Значительно увеличенная эффективность прицеливания",,,ModItemInventoryItemCompositeDef Unarmed AdditionalHint
556723258477,Боевой нож,,,ModItemInventoryItemCompositeDef Knife DisplayName
933363974334,Боевые ножи,,,ModItemInventoryItemCompositeDef Knife DisplayNamePlural
990541308530,Что может быть лучше ближнего боя?,,,ModItemInventoryItemCompositeDef Knife Description
298073871142,<image UI/Conversation/T_Dialogue_IconBackgroundCircle.tga 400 130 128 120> Низкая цена атаки,,,ModItemInventoryItemCompositeDef Knife AdditionalHint
196727089052,Сбалансированный нож,,,ModItemInventoryItemCompositeDef Knife_Balanced DisplayName
790781943670,Сбалансированные ножи,,,ModItemInventoryItemCompositeDef Knife_Balanced DisplayNamePlural
437026082415,Что может быть лучше ближнего боя?,,,ModItemInventoryItemCompositeDef Knife_Balanced Description
292484561875,"<image UI/Conversation/T_Dialogue_IconBackgroundCircle.tga 400 130 128 120> Сбалансированное: увеличенная дальность броска
<image UI/Conversation/T_Dialogue_IconBackgroundCircle.tga 400 130 128 120> Сбалансированное: увеличенная эффективность прицеливания
<image UI/Conversation/T_Dialogue_IconBackgroundCircle.tga 400 130 128 120> Низкая цена атаки",,,ModItemInventoryItemCompositeDef Knife_Balanced AdditionalHint
384679832847,Заточенный нож,,,ModItemInventoryItemCompositeDef Knife_Sharpened DisplayName
528788148299,Заточенные ножи,,,ModItemInventoryItemCompositeDef Knife_Sharpened DisplayNamePlural
601008504987,Что может быть лучше ближнего боя?,,,ModItemInventoryItemCompositeDef Knife_Sharpened Description
453471659895,"<image UI/Conversation/T_Dialogue_IconBackgroundCircle.tga 400 130 128 120> Заточенное: высокий урон
<image UI/Conversation/T_Dialogue_IconBackgroundCircle.tga 400 130 128 120> Низкая цена атаки",,,ModItemInventoryItemCompositeDef Knife_Sharpened AdditionalHint
177925748381,Бесконечные ножи,,,ModItemInventoryItemCompositeDef EndlessKnives DisplayName
857132265732,Бесконечные ножи,,,ModItemInventoryItemCompositeDef EndlessKnives DisplayNamePlural
892055593315,"Блад лично выбирал и точил каждый режик и ножик из своего набора. Вот тем, большим, можно рубить хворост, вот этим, широким - делать вырезку. А вот этот для скальпов. И этот. И вон тот.",,,ModItemInventoryItemCompositeDef EndlessKnives Description
881531131743,"<image UI/Conversation/T_Dialogue_IconBackgroundCircle.tga 400 130 128 120> Всегда под рукой!
<image UI/Conversation/T_Dialogue_IconBackgroundCircle.tga 400 130 128 120> Низкая цена атаки
<image UI/Conversation/T_Dialogue_IconBackgroundCircle.tga 400 130 128 120> Увеличенная эффективность прицеливания",,,ModItemInventoryItemCompositeDef EndlessKnives AdditionalHint
401101286319,Штык-Нож от М16,,,ModItemInventoryItemCompositeDef M16Bayonet DisplayName
400578863808,Штык-Нож от М16,,,ModItemInventoryItemCompositeDef M16Bayonet DisplayNamePlural
752746948673,Что может быть лучше ближнего боя?,,,ModItemInventoryItemCompositeDef M16Bayonet Description
799906930648,"<image UI/Conversation/T_Dialogue_IconBackgroundCircle.tga 400 130 128 120> Сбалансированное: увеличенная дальность броска
<image UI/Conversation/T_Dialogue_IconBackgroundCircle.tga 400 130 128 120> Сбалансированное: увеличенная эффективность прицеливания
<image UI/Conversation/T_Dialogue_IconBackgroundCircle.tga 400 130 128 120> Низкая цена атаки",,,ModItemInventoryItemCompositeDef M16Bayonet AdditionalHint
198000684136,Саперная лопата,,,ModItemInventoryItemCompositeDef Trench_Shovel DisplayName
969097868983,Саперная лопата,,,ModItemInventoryItemCompositeDef Trench_Shovel DisplayNamePlural
760991039519,"Мультитул советского солдата. Эффективен как в проведении инженерных работ, так и в качестве холодного оружия.",,,ModItemInventoryItemCompositeDef Trench_Shovel Description
718848467105,<image UI/Conversation/T_Dialogue_IconBackgroundCircle.tga 400 130 128 120> Увеличенный доп. урон от силы,,,ModItemInventoryItemCompositeDef Trench_Shovel AdditionalHint
578314412086,Охотничий нож,,,ModItemInventoryItemCompositeDef GutHookKnife DisplayName
196248819443,Охотничьи ножи,,,ModItemInventoryItemCompositeDef GutHookKnife DisplayNamePlural
255307950042,"Специальным шкуродером такой опытный охотник, как Омрын может освежевать оленя за пятнадцать минут.",,,ModItemInventoryItemCompositeDef GutHookKnife Description
607097037019,"<image UI/Conversation/T_Dialogue_IconBackgroundCircle.tga 400 130 128 120> Вызывает <color EmStyle>кровотечение</color>
<image UI/Conversation/T_Dialogue_IconBackgroundCircle.tga 400 130 128 120> Низкая цена атаки
<image UI/Conversation/T_Dialogue_IconBackgroundCircle.tga 400 130 128 120> Увеличенная эффективность прицеливания",,,ModItemInventoryItemCompositeDef GutHookKnife AdditionalHint
530791304363,«Гордость Легиона»,,,ModItemInventoryItemCompositeDef PierreMachete DisplayName
873208239212,«Гордость Легиона»,,,ModItemInventoryItemCompositeDef PierreMachete DisplayNamePlural
268450073257,"<image UI/Conversation/T_Dialogue_IconBackgroundCircle.tga 400 130 128 120> Увеличенный доп. урон от силы
<image UI/Conversation/T_Dialogue_IconBackgroundCircle.tga 400 130 128 120> Низкая цена атаки",,,ModItemInventoryItemCompositeDef PierreMachete AdditionalHint
341928452200,Мачете,,,ModItemInventoryItemCompositeDef Machete DisplayName
768346538723,Мачете,,,ModItemInventoryItemCompositeDef Machete DisplayNamePlural
166943372795,"Хозяйственный инструмент для прокладывания дороги через джунги, рубки тростника или бананов. Или людей.",,,ModItemInventoryItemCompositeDef Machete Description
555296534849,<image UI/Conversation/T_Dialogue_IconBackgroundCircle.tga 400 130 128 120> Увеличенный доп. урон от силы,,,ModItemInventoryItemCompositeDef Machete AdditionalHint
301992801043,Сбалансирован. мачете,,,ModItemInventoryItemCompositeDef Machete_Balanced DisplayName
514639173804,Сбалансирован. мачете,,,ModItemInventoryItemCompositeDef Machete_Balanced DisplayNamePlural
166943372795,"Хозяйственный инструмент для прокладывания дороги через джунги, рубки тростника или бананов. Или людей.",,,ModItemInventoryItemCompositeDef Machete_Balanced Description
990137192998,"<image UI/Conversation/T_Dialogue_IconBackgroundCircle.tga 400 130 128 120> Увеличенный доп. урон от силы 
<image UI/Conversation/T_Dialogue_IconBackgroundCircle.tga 400 130 128 120> Сбалансированное: увеличенная эффективность прицеливания",,,ModItemInventoryItemCompositeDef Machete_Balanced AdditionalHint
256688204139,Заточенное мачете,,,ModItemInventoryItemCompositeDef Machete_Sharpened DisplayName
878077306495,Заточенные мачете,,,ModItemInventoryItemCompositeDef Machete_Sharpened DisplayNamePlural
726416857062,"Хозяйственный инструмент для прокладывания дороги через джунги, рубки тростника или бананов. Или людей.",,,ModItemInventoryItemCompositeDef Machete_Sharpened Description
266584820321,"<image UI/Conversation/T_Dialogue_IconBackgroundCircle.tga 400 130 128 120> Увеличенный доп. урон от силы
<image UI/Conversation/T_Dialogue_IconBackgroundCircle.tga 400 130 128 120> Заточенное: высокий урон",,,ModItemInventoryItemCompositeDef Machete_Sharpened AdditionalHint
977515640538,Без оружия,,,ModItemInventoryItemCompositeDef Unarmed DisplayName
342417064376,Без оружия,,,ModItemInventoryItemCompositeDef Unarmed DisplayNamePlural
362977570902,"<image UI/Conversation/T_Dialogue_IconBackgroundCircle.tga 400 130 128 120> Небольшой урон
<image UI/Conversation/T_Dialogue_IconBackgroundCircle.tga 400 130 128 120> Увеличенный эффект от силы
<image UI/Conversation/T_Dialogue_IconBackgroundCircle.tga 400 130 128 120> Очень высокий шанс критического попадания
<image UI/Conversation/T_Dialogue_IconBackgroundCircle.tga 400 130 128 120> Значительно увеличенная эффективность прицеливания",,,ModItemInventoryItemCompositeDef Unarmed AdditionalHint
556723258477,Боевой нож,,,ModItemInventoryItemCompositeDef Knife DisplayName
933363974334,Боевые ножи,,,ModItemInventoryItemCompositeDef Knife DisplayNamePlural
990541308530,Что может быть лучше ближнего боя?,,,ModItemInventoryItemCompositeDef Knife Description
298073871142,<image UI/Conversation/T_Dialogue_IconBackgroundCircle.tga 400 130 128 120> Низкая цена атаки,,,ModItemInventoryItemCompositeDef Knife AdditionalHint
196727089052,Сбалансированный нож,,,ModItemInventoryItemCompositeDef Knife_Balanced DisplayName
790781943670,Сбалансированные ножи,,,ModItemInventoryItemCompositeDef Knife_Balanced DisplayNamePlural
437026082415,Что может быть лучше ближнего боя?,,,ModItemInventoryItemCompositeDef Knife_Balanced Description
292484561875,"<image UI/Conversation/T_Dialogue_IconBackgroundCircle.tga 400 130 128 120> Сбалансированное: увеличенная дальность броска
<image UI/Conversation/T_Dialogue_IconBackgroundCircle.tga 400 130 128 120> Сбалансированное: увеличенная эффективность прицеливания
<image UI/Conversation/T_Dialogue_IconBackgroundCircle.tga 400 130 128 120> Низкая цена атаки",,,ModItemInventoryItemCompositeDef Knife_Balanced AdditionalHint
384679832847,Заточенный нож,,,ModItemInventoryItemCompositeDef Knife_Sharpened DisplayName
528788148299,Заточенные ножи,,,ModItemInventoryItemCompositeDef Knife_Sharpened DisplayNamePlural
601008504987,Что может быть лучше ближнего боя?,,,ModItemInventoryItemCompositeDef Knife_Sharpened Description
453471659895,"<image UI/Conversation/T_Dialogue_IconBackgroundCircle.tga 400 130 128 120> Заточенное: высокий урон
<image UI/Conversation/T_Dialogue_IconBackgroundCircle.tga 400 130 128 120> Низкая цена атаки",,,ModItemInventoryItemCompositeDef Knife_Sharpened AdditionalHint
177925748381,Бесконечные ножи,,,ModItemInventoryItemCompositeDef EndlessKnives DisplayName
857132265732,Бесконечные ножи,,,ModItemInventoryItemCompositeDef EndlessKnives DisplayNamePlural
892055593315,"Блад лично выбирал и точил каждый режик и ножик из своего набора. Вот тем, большим, можно рубить хворост, вот этим, широким - делать вырезку. А вот этот для скальпов. И этот. И вон тот.",,,ModItemInventoryItemCompositeDef EndlessKnives Description
881531131743,"<image UI/Conversation/T_Dialogue_IconBackgroundCircle.tga 400 130 128 120> Всегда под рукой!
<image UI/Conversation/T_Dialogue_IconBackgroundCircle.tga 400 130 128 120> Низкая цена атаки
<image UI/Conversation/T_Dialogue_IconBackgroundCircle.tga 400 130 128 120> Увеличенная эффективность прицеливания",,,ModItemInventoryItemCompositeDef EndlessKnives AdditionalHint
401101286319,Штык-Нож от М16,,,ModItemInventoryItemCompositeDef M16Bayonet DisplayName
400578863808,Штык-Нож от М16,,,ModItemInventoryItemCompositeDef M16Bayonet DisplayNamePlural
752746948673,Что может быть лучше ближнего боя?,,,ModItemInventoryItemCompositeDef M16Bayonet Description
799906930648,"<image UI/Conversation/T_Dialogue_IconBackgroundCircle.tga 400 130 128 120> Сбалансированное: увеличенная дальность броска
<image UI/Conversation/T_Dialogue_IconBackgroundCircle.tga 400 130 128 120> Сбалансированное: увеличенная эффективность прицеливания
<image UI/Conversation/T_Dialogue_IconBackgroundCircle.tga 400 130 128 120> Низкая цена атаки",,,ModItemInventoryItemCompositeDef M16Bayonet AdditionalHint
198000684136,Саперная лопата,,,ModItemInventoryItemCompositeDef Trench_Shovel DisplayName
969097868983,Саперная лопата,,,ModItemInventoryItemCompositeDef Trench_Shovel DisplayNamePlural
760991039519,"Мультитул советского солдата. Эффективен как в проведении инженерных работ, так и в качестве холодного оружия.",,,ModItemInventoryItemCompositeDef Trench_Shovel Description
718848467105,<image UI/Conversation/T_Dialogue_IconBackgroundCircle.tga 400 130 128 120> Увеличенный доп. урон от силы,,,ModItemInventoryItemCompositeDef Trench_Shovel AdditionalHint
578314412086,Охотничий нож,,,ModItemInventoryItemCompositeDef GutHookKnife DisplayName
196248819443,Охотничьи ножи,,,ModItemInventoryItemCompositeDef GutHookKnife DisplayNamePlural
255307950042,"Специальным шкуродером такой опытный охотник, как Омрын может освежевать оленя за пятнадцать минут.",,,ModItemInventoryItemCompositeDef GutHookKnife Description
607097037019,"<image UI/Conversation/T_Dialogue_IconBackgroundCircle.tga 400 130 128 120> Вызывает <color EmStyle>кровотечение</color>
<image UI/Conversation/T_Dialogue_IconBackgroundCircle.tga 400 130 128 120> Низкая цена атаки
<image UI/Conversation/T_Dialogue_IconBackgroundCircle.tga 400 130 128 120> Увеличенная эффективность прицеливания",,,ModItemInventoryItemCompositeDef GutHookKnife AdditionalHint
530791304363,«Гордость Легиона»,,,ModItemInventoryItemCompositeDef PierreMachete DisplayName
873208239212,«Гордость Легиона»,,,ModItemInventoryItemCompositeDef PierreMachete DisplayNamePlural
268450073257,"<image UI/Conversation/T_Dialogue_IconBackgroundCircle.tga 400 130 128 120> Увеличенный доп. урон от силы
<image UI/Conversation/T_Dialogue_IconBackgroundCircle.tga 400 130 128 120> Низкая цена атаки",,,ModItemInventoryItemCompositeDef PierreMachete AdditionalHint
514123212828,Противогаз,,,ModItemInventoryItemCompositeDef GasMask DisplayName
889165471890,Противогазы,,,ModItemInventoryItemCompositeDef GasMask DisplayNamePlural
710695454764,"<image UI/Conversation/T_Dialogue_IconBackgroundCircle.tga 400 130 128 120> Снижает макс. ОД на 1
<image UI/Conversation/T_Dialogue_IconBackgroundCircle.tga 400 130 128 120> Защищает от газовых гранат и газовых минометных выстрелов
<image UI/Conversation/T_Dialogue_IconBackgroundCircle.tga 400 130 128 120> Нельзя совмещать с обивкой или керамическими пластинами",,,ModItemInventoryItemCompositeDef GasMask AdditionalHint
378637318493,ПНВ,,,ModItemInventoryItemCompositeDef NightVisionGoggles DisplayName
183379219136,ПНВ,,,ModItemInventoryItemCompositeDef NightVisionGoggles DisplayNamePlural
547942264125,"<image UI/Conversation/T_Dialogue_IconBackgroundCircle.tga 400 130 128 120> Снижает штрафы к точности ночью и в подземных секторах
<image UI/Conversation/T_Dialogue_IconBackgroundCircle.tga 400 130 128 120> Не суммируется с чертой «Ночные операции»
<image UI/Conversation/T_Dialogue_IconBackgroundCircle.tga 400 130 128 120> Нельзя совмещать с обивкой или керамическими пластинами",,,ModItemInventoryItemCompositeDef NightVisionGoggles AdditionalHint
514123212828,Противогаз,,,ModItemInventoryItemCompositeDef GasMask DisplayName
889165471890,Противогазы,,,ModItemInventoryItemCompositeDef GasMask DisplayNamePlural
710695454764,"<image UI/Conversation/T_Dialogue_IconBackgroundCircle.tga 400 130 128 120> Снижает макс. ОД на 1
<image UI/Conversation/T_Dialogue_IconBackgroundCircle.tga 400 130 128 120> Защищает от газовых гранат и газовых минометных выстрелов
<image UI/Conversation/T_Dialogue_IconBackgroundCircle.tga 400 130 128 120> Нельзя совмещать с обивкой или керамическими пластинами",,,ModItemInventoryItemCompositeDef GasMask AdditionalHint
378637318493,ПНВ,,,ModItemInventoryItemCompositeDef NightVisionGoggles DisplayName
183379219136,ПНВ,,,ModItemInventoryItemCompositeDef NightVisionGoggles DisplayNamePlural
547942264125,"<image UI/Conversation/T_Dialogue_IconBackgroundCircle.tga 400 130 128 120> Снижает штрафы к точности ночью и в подземных секторах
<image UI/Conversation/T_Dialogue_IconBackgroundCircle.tga 400 130 128 120> Не суммируется с чертой «Ночные операции»
<image UI/Conversation/T_Dialogue_IconBackgroundCircle.tga 400 130 128 120> Нельзя совмещать с обивкой или керамическими пластинами",,,ModItemInventoryItemCompositeDef NightVisionGoggles AdditionalHint
229531595753,Боевой стимулятор,,,ModItemInventoryItemCompositeDef CombatStim DisplayName
616488959531,Боевые стимуляторы,,,ModItemInventoryItemCompositeDef CombatStim DisplayNamePlural
775113618511,"<image UI/Conversation/T_Dialogue_IconBackgroundCircle.tga 400 130 128 120> Используется через меню предмета
<image UI/Conversation/T_Dialogue_IconBackgroundCircle.tga 400 130 128 120> Одноразовый предмет
<image UI/Conversation/T_Dialogue_IconBackgroundCircle.tga 400 130 128 120> Дает доп. ОД до конца след. хода
<image UI/Conversation/T_Dialogue_IconBackgroundCircle.tga 400 130 128 120> Снижает запас энергии после окончания действия эффекта",,,ModItemInventoryItemCompositeDef CombatStim AdditionalHint
381733467323,ИСП.,,,ModItemInventoryItemCompositeDef CombatStim action_name
924176671377,Набор первой помощи,,,ModItemInventoryItemCompositeDef FirstAidKit DisplayName
369867911389,Наборы первой помощи,,,ModItemInventoryItemCompositeDef FirstAidKit DisplayNamePlural
296242253199,"<image UI/Conversation/T_Dialogue_IconBackgroundCircle.tga 400 130 128 120> Восстанавливает потерянные ОЗ и стабилизирует состояние умирающих персонажей
<image UI/Conversation/T_Dialogue_IconBackgroundCircle.tga 400 130 128 120> Требуется для использования перевязки
<image UI/Conversation/T_Dialogue_IconBackgroundCircle.tga 400 130 128 120> Тратится при каждом употреблении, но запас медикаментов можно восполнить
<image UI/Conversation/T_Dialogue_IconBackgroundCircle.tga 400 130 128 120> Используется автоматически, просто находясь в инвентаре",,,ModItemInventoryItemCompositeDef FirstAidKit AdditionalHint
813938971207,Аптечка,,,ModItemInventoryItemCompositeDef Medkit DisplayName
852713054275,Аптечки,,,ModItemInventoryItemCompositeDef Medkit DisplayNamePlural
716530857521,"<image UI/Conversation/T_Dialogue_IconBackgroundCircle.tga 400 130 128 120> Восстанавливает потерянные ОЗ и стабилизирует состояние умирающих персонажей
<image UI/Conversation/T_Dialogue_IconBackgroundCircle.tga 400 130 128 120> Требуется для использования перевязки
<image UI/Conversation/T_Dialogue_IconBackgroundCircle.tga 400 130 128 120> Перевязка восстанавливает на 25% ОЗ больше
<image UI/Conversation/T_Dialogue_IconBackgroundCircle.tga 400 130 128 120> Тратится при каждом употреблении, но запас медикаментов можно восполнить
<image UI/Conversation/T_Dialogue_IconBackgroundCircle.tga 400 130 128 120> Используется автоматически, просто находясь в инвентаре",,,ModItemInventoryItemCompositeDef Medkit AdditionalHint
328060236308,Метавирон,,,ModItemInventoryItemCompositeDef MetaviraShot DisplayName
370168267282,Метавирон,,,ModItemInventoryItemCompositeDef MetaviraShot DisplayNamePlural
289931943039,"Чудесное лекарство, добываемое из сока парового дерева, растущего исключительно на острове Метавира.",,,ModItemInventoryItemCompositeDef MetaviraShot Description
870595642916,"<image UI/Conversation/T_Dialogue_IconBackgroundCircle.tga 400 130 128 120> Используется через меню предмета
<image UI/Conversation/T_Dialogue_IconBackgroundCircle.tga 400 130 128 120> Одноразовый предмет
<image UI/Conversation/T_Dialogue_IconBackgroundCircle.tga 400 130 128 120> Полностью восстанавливает запас ОЗ
<image UI/Conversation/T_Dialogue_IconBackgroundCircle.tga 400 130 128 120> Исцеляет все ранения",,,ModItemInventoryItemCompositeDef MetaviraShot AdditionalHint
329562087548,ИСП.,,,ModItemInventoryItemCompositeDef MetaviraShot action_name
194815896711,Реаниматор,,,ModItemInventoryItemCompositeDef Reanimationsset DisplayName
151833463139,Реаниматоры,,,ModItemInventoryItemCompositeDef Reanimationsset DisplayNamePlural
368984399813,"<image UI/Conversation/T_Dialogue_IconBackgroundCircle.tga 400 130 128 120> Восстанавливает потерянные ОЗ и стабилизирует состояние умирающих персонажей
<image UI/Conversation/T_Dialogue_IconBackgroundCircle.tga 400 130 128 120> Требуется для использования перевязки
<image UI/Conversation/T_Dialogue_IconBackgroundCircle.tga 400 130 128 120> Перевязка восстанавливает на 60% ОЗ больше
<image UI/Conversation/T_Dialogue_IconBackgroundCircle.tga 400 130 128 120> Тратится при каждом употреблении, но запас медикаментов можно восполнить
<image UI/Conversation/T_Dialogue_IconBackgroundCircle.tga 400 130 128 120> Используется автоматически, просто находясь в инвентаре",,,ModItemInventoryItemCompositeDef Reanimationsset AdditionalHint
229531595753,Боевой стимулятор,,,ModItemInventoryItemCompositeDef CombatStim DisplayName
616488959531,Боевые стимуляторы,,,ModItemInventoryItemCompositeDef CombatStim DisplayNamePlural
775113618511,"<image UI/Conversation/T_Dialogue_IconBackgroundCircle.tga 400 130 128 120> Используется через меню предмета
<image UI/Conversation/T_Dialogue_IconBackgroundCircle.tga 400 130 128 120> Одноразовый предмет
<image UI/Conversation/T_Dialogue_IconBackgroundCircle.tga 400 130 128 120> Дает доп. ОД до конца след. хода
<image UI/Conversation/T_Dialogue_IconBackgroundCircle.tga 400 130 128 120> Снижает запас энергии после окончания действия эффекта",,,ModItemInventoryItemCompositeDef CombatStim AdditionalHint
381733467323,ИСП.,,,ModItemInventoryItemCompositeDef CombatStim action_name
924176671377,Набор первой помощи,,,ModItemInventoryItemCompositeDef FirstAidKit DisplayName
369867911389,Наборы первой помощи,,,ModItemInventoryItemCompositeDef FirstAidKit DisplayNamePlural
296242253199,"<image UI/Conversation/T_Dialogue_IconBackgroundCircle.tga 400 130 128 120> Восстанавливает потерянные ОЗ и стабилизирует состояние умирающих персонажей
<image UI/Conversation/T_Dialogue_IconBackgroundCircle.tga 400 130 128 120> Требуется для использования перевязки
<image UI/Conversation/T_Dialogue_IconBackgroundCircle.tga 400 130 128 120> Тратится при каждом употреблении, но запас медикаментов можно восполнить
<image UI/Conversation/T_Dialogue_IconBackgroundCircle.tga 400 130 128 120> Используется автоматически, просто находясь в инвентаре",,,ModItemInventoryItemCompositeDef FirstAidKit AdditionalHint
813938971207,Аптечка,,,ModItemInventoryItemCompositeDef Medkit DisplayName
852713054275,Аптечки,,,ModItemInventoryItemCompositeDef Medkit DisplayNamePlural
716530857521,"<image UI/Conversation/T_Dialogue_IconBackgroundCircle.tga 400 130 128 120> Восстанавливает потерянные ОЗ и стабилизирует состояние умирающих персонажей
<image UI/Conversation/T_Dialogue_IconBackgroundCircle.tga 400 130 128 120> Требуется для использования перевязки
<image UI/Conversation/T_Dialogue_IconBackgroundCircle.tga 400 130 128 120> Перевязка восстанавливает на 25% ОЗ больше
<image UI/Conversation/T_Dialogue_IconBackgroundCircle.tga 400 130 128 120> Тратится при каждом употреблении, но запас медикаментов можно восполнить
<image UI/Conversation/T_Dialogue_IconBackgroundCircle.tga 400 130 128 120> Используется автоматически, просто находясь в инвентаре",,,ModItemInventoryItemCompositeDef Medkit AdditionalHint
328060236308,Метавирон,,,ModItemInventoryItemCompositeDef MetaviraShot DisplayName
370168267282,Метавирон,,,ModItemInventoryItemCompositeDef MetaviraShot DisplayNamePlural
289931943039,"Чудесное лекарство, добываемое из сока парового дерева, растущего исключительно на острове Метавира.",,,ModItemInventoryItemCompositeDef MetaviraShot Description
870595642916,"<image UI/Conversation/T_Dialogue_IconBackgroundCircle.tga 400 130 128 120> Используется через меню предмета
<image UI/Conversation/T_Dialogue_IconBackgroundCircle.tga 400 130 128 120> Одноразовый предмет
<image UI/Conversation/T_Dialogue_IconBackgroundCircle.tga 400 130 128 120> Полностью восстанавливает запас ОЗ
<image UI/Conversation/T_Dialogue_IconBackgroundCircle.tga 400 130 128 120> Исцеляет все ранения",,,ModItemInventoryItemCompositeDef MetaviraShot AdditionalHint
329562087548,ИСП.,,,ModItemInventoryItemCompositeDef MetaviraShot action_name
194815896711,Реаниматор,,,ModItemInventoryItemCompositeDef Reanimationsset DisplayName
151833463139,Реаниматоры,,,ModItemInventoryItemCompositeDef Reanimationsset DisplayNamePlural
368984399813,"<image UI/Conversation/T_Dialogue_IconBackgroundCircle.tga 400 130 128 120> Восстанавливает потерянные ОЗ и стабилизирует состояние умирающих персонажей
<image UI/Conversation/T_Dialogue_IconBackgroundCircle.tga 400 130 128 120> Требуется для использования перевязки
<image UI/Conversation/T_Dialogue_IconBackgroundCircle.tga 400 130 128 120> Перевязка восстанавливает на 60% ОЗ больше
<image UI/Conversation/T_Dialogue_IconBackgroundCircle.tga 400 130 128 120> Тратится при каждом употреблении, но запас медикаментов можно восполнить
<image UI/Conversation/T_Dialogue_IconBackgroundCircle.tga 400 130 128 120> Используется автоматически, просто находясь в инвентаре",,,ModItemInventoryItemCompositeDef Reanimationsset AdditionalHint
934469235909,Плазменная фомка,,,ModItemInventoryItemCompositeDef PlasmaGun_Crowbar DisplayName
180342569433,Плазменные фомки,,,ModItemInventoryItemCompositeDef PlasmaGun_Crowbar DisplayNamePlural
145259346191,"<image UI/Conversation/T_Dialogue_IconBackgroundCircle.tga 400 130 128 120> В идеальном вакууме стреляет смертоносными сгустками плазмы. Во всех остальных случаях работает как фомка
<image UI/Conversation/T_Dialogue_IconBackgroundCircle.tga 400 130 128 120> Вскрывает замки на дверях и контейнерах (в зависимости от силы)
<image UI/Conversation/T_Dialogue_IconBackgroundCircle.tga 400 130 128 120> Дает бонус к проверке навыка при взломе замков
<image UI/Conversation/T_Dialogue_IconBackgroundCircle.tga 400 130 128 120> Может повредить содержимое контейнера
<image UI/Conversation/T_Dialogue_IconBackgroundCircle.tga 400 130 128 120> Изнашивается при каждом употреблении
<image UI/Conversation/T_Dialogue_IconBackgroundCircle.tga 400 130 128 120> Поддается ремонту
<image UI/Conversation/T_Dialogue_IconBackgroundCircle.tga 400 130 128 120> Используется автоматически, просто находясь в инвентаре",,,ModItemInventoryItemCompositeDef PlasmaGun_Crowbar AdditionalHint
206715377278,Фомка,,,ModItemInventoryItemCompositeDef Crowbar DisplayName
206523641724,Фомки,,,ModItemInventoryItemCompositeDef Crowbar DisplayNamePlural
262143934733,"<image UI/Conversation/T_Dialogue_IconBackgroundCircle.tga 400 130 128 120> Вскрывает замки на дверях и контейнерах (в зависимости от силы)
<image UI/Conversation/T_Dialogue_IconBackgroundCircle.tga 400 130 128 120> Может повредить содержимое контейнера
<image UI/Conversation/T_Dialogue_IconBackgroundCircle.tga 400 130 128 120> Изнашивается при каждом употреблении
<image UI/Conversation/T_Dialogue_IconBackgroundCircle.tga 400 130 128 120> Не поддается ремонту
<image UI/Conversation/T_Dialogue_IconBackgroundCircle.tga 400 130 128 120> Используется автоматически, просто находясь в инвентаре",,,ModItemInventoryItemCompositeDef Crowbar AdditionalHint
181850978099,Набор отмычек,,,ModItemInventoryItemCompositeDef Lockpick DisplayName
215318953160,Наборы отмычек,,,ModItemInventoryItemCompositeDef Lockpick DisplayNamePlural
952535735183,"<image UI/Conversation/T_Dialogue_IconBackgroundCircle.tga 400 130 128 120> Вскрывает замки на дверях и контейнерах (зависит от навыка механики)
<image UI/Conversation/T_Dialogue_IconBackgroundCircle.tga 400 130 128 120> Неквалифицированное применение может безвозвратно повредить замок
<image UI/Conversation/T_Dialogue_IconBackgroundCircle.tga 400 130 128 120> Изнашивается при каждом употреблении
<image UI/Conversation/T_Dialogue_IconBackgroundCircle.tga 400 130 128 120> Не поддается ремонту
<image UI/Conversation/T_Dialogue_IconBackgroundCircle.tga 400 130 128 120> Используется автоматически, просто находясь в инвентаре",,,ModItemInventoryItemCompositeDef Lockpick AdditionalHint
497955317649,Кусачки,,,ModItemInventoryItemCompositeDef Wirecutter DisplayName
877542920850,Кусачки,,,ModItemInventoryItemCompositeDef Wirecutter DisplayNamePlural
665578556702,"<image UI/Conversation/T_Dialogue_IconBackgroundCircle.tga 400 130 128 120> Перерезают проволочные ограждения
<image UI/Conversation/T_Dialogue_IconBackgroundCircle.tga 400 130 128 120> Изнашиваются при каждом употреблении
<image UI/Conversation/T_Dialogue_IconBackgroundCircle.tga 400 130 128 120> Не поддаются ремонту
<image UI/Conversation/T_Dialogue_IconBackgroundCircle.tga 400 130 128 120> Используются автоматически, просто находясь в инвентаре",,,ModItemInventoryItemCompositeDef Wirecutter AdditionalHint
934469235909,Плазменная фомка,,,ModItemInventoryItemCompositeDef PlasmaGun_Crowbar DisplayName
180342569433,Плазменные фомки,,,ModItemInventoryItemCompositeDef PlasmaGun_Crowbar DisplayNamePlural
145259346191,"<image UI/Conversation/T_Dialogue_IconBackgroundCircle.tga 400 130 128 120> В идеальном вакууме стреляет смертоносными сгустками плазмы. Во всех остальных случаях работает как фомка
<image UI/Conversation/T_Dialogue_IconBackgroundCircle.tga 400 130 128 120> Вскрывает замки на дверях и контейнерах (в зависимости от силы)
<image UI/Conversation/T_Dialogue_IconBackgroundCircle.tga 400 130 128 120> Дает бонус к проверке навыка при взломе замков
<image UI/Conversation/T_Dialogue_IconBackgroundCircle.tga 400 130 128 120> Может повредить содержимое контейнера
<image UI/Conversation/T_Dialogue_IconBackgroundCircle.tga 400 130 128 120> Изнашивается при каждом употреблении
<image UI/Conversation/T_Dialogue_IconBackgroundCircle.tga 400 130 128 120> Поддается ремонту
<image UI/Conversation/T_Dialogue_IconBackgroundCircle.tga 400 130 128 120> Используется автоматически, просто находясь в инвентаре",,,ModItemInventoryItemCompositeDef PlasmaGun_Crowbar AdditionalHint
206715377278,Фомка,,,ModItemInventoryItemCompositeDef Crowbar DisplayName
206523641724,Фомки,,,ModItemInventoryItemCompositeDef Crowbar DisplayNamePlural
262143934733,"<image UI/Conversation/T_Dialogue_IconBackgroundCircle.tga 400 130 128 120> Вскрывает замки на дверях и контейнерах (в зависимости от силы)
<image UI/Conversation/T_Dialogue_IconBackgroundCircle.tga 400 130 128 120> Может повредить содержимое контейнера
<image UI/Conversation/T_Dialogue_IconBackgroundCircle.tga 400 130 128 120> Изнашивается при каждом употреблении
<image UI/Conversation/T_Dialogue_IconBackgroundCircle.tga 400 130 128 120> Не поддается ремонту
<image UI/Conversation/T_Dialogue_IconBackgroundCircle.tga 400 130 128 120> Используется автоматически, просто находясь в инвентаре",,,ModItemInventoryItemCompositeDef Crowbar AdditionalHint
181850978099,Набор отмычек,,,ModItemInventoryItemCompositeDef Lockpick DisplayName
215318953160,Наборы отмычек,,,ModItemInventoryItemCompositeDef Lockpick DisplayNamePlural
952535735183,"<image UI/Conversation/T_Dialogue_IconBackgroundCircle.tga 400 130 128 120> Вскрывает замки на дверях и контейнерах (зависит от навыка механики)
<image UI/Conversation/T_Dialogue_IconBackgroundCircle.tga 400 130 128 120> Неквалифицированное применение может безвозвратно повредить замок
<image UI/Conversation/T_Dialogue_IconBackgroundCircle.tga 400 130 128 120> Изнашивается при каждом употреблении
<image UI/Conversation/T_Dialogue_IconBackgroundCircle.tga 400 130 128 120> Не поддается ремонту
<image UI/Conversation/T_Dialogue_IconBackgroundCircle.tga 400 130 128 120> Используется автоматически, просто находясь в инвентаре",,,ModItemInventoryItemCompositeDef Lockpick AdditionalHint
497955317649,Кусачки,,,ModItemInventoryItemCompositeDef Wirecutter DisplayName
877542920850,Кусачки,,,ModItemInventoryItemCompositeDef Wirecutter DisplayNamePlural
665578556702,"<image UI/Conversation/T_Dialogue_IconBackgroundCircle.tga 400 130 128 120> Перерезают проволочные ограждения
<image UI/Conversation/T_Dialogue_IconBackgroundCircle.tga 400 130 128 120> Изнашиваются при каждом употреблении
<image UI/Conversation/T_Dialogue_IconBackgroundCircle.tga 400 130 128 120> Не поддаются ремонту
<image UI/Conversation/T_Dialogue_IconBackgroundCircle.tga 400 130 128 120> Используются автоматически, просто находясь в инвентаре",,,ModItemInventoryItemCompositeDef Wirecutter AdditionalHint
207571628753,КПК Фазы,,,ModItemInventoryItemCompositeDef CustomPDA DisplayName
292780700182,КПК Фазы,,,ModItemInventoryItemCompositeDef CustomPDA DisplayNamePlural
266400588920,Полезная штука для выхода в сеть и взлома военных компьютеров.,,,ModItemInventoryItemCompositeDef CustomPDA Description
437181202446,"<image UI/Conversation/T_Dialogue_IconBackgroundCircle.tga 400 130 128 120> Дает доп. разведданные при взломе
<image UI/Conversation/T_Dialogue_IconBackgroundCircle.tga 400 130 128 120> На нем очень милые наклеечки",,,ModItemInventoryItemCompositeDef CustomPDA AdditionalHint
443637897075,Ушанка,,,ModItemInventoryItemCompositeDef IvanUshanka DisplayName
327259403405,Ушанки,,,ModItemInventoryItemCompositeDef IvanUshanka DisplayNamePlural
625902603298,<image UI/Conversation/T_Dialogue_IconBackgroundCircle.tga 400 130 128 120> Защищает от капитализма,,,ModItemInventoryItemCompositeDef IvanUshanka AdditionalHint
705264858200,Кожаный жилет,,,ModItemInventoryItemCompositeDef NailsLeatherVest DisplayName
578965374572,Кожаные жилеты,,,ModItemInventoryItemCompositeDef NailsLeatherVest DisplayNamePlural
364084819961,"<image UI/Conversation/T_Dialogue_IconBackgroundCircle.tga 400 130 128 120> На спине вышит символ «Всадников смерти»
<image UI/Conversation/T_Dialogue_IconBackgroundCircle.tga 400 130 128 120> Притягивает женщин и драки",,,ModItemInventoryItemCompositeDef NailsLeatherVest AdditionalHint
911345821305,Набор отмычек Вики,,,ModItemInventoryItemCompositeDef Personal_Vicki_CustomTools DisplayName
918340420195,Набор отмычек Вики,,,ModItemInventoryItemCompositeDef Personal_Vicki_CustomTools DisplayNamePlural
734583781455,"<image UI/Conversation/T_Dialogue_IconBackgroundCircle.tga 400 130 128 120> Вскрывает замки на дверях и контейнерах (зависит от навыка механики)
<image UI/Conversation/T_Dialogue_IconBackgroundCircle.tga 400 130 128 120> Дает бонус к проверке навыка при вскрытии замков
<image UI/Conversation/T_Dialogue_IconBackgroundCircle.tga 400 130 128 120> Изнашивается при каждом употреблении
<image UI/Conversation/T_Dialogue_IconBackgroundCircle.tga 400 130 128 120> Поддается ремонту
<image UI/Conversation/T_Dialogue_IconBackgroundCircle.tga 400 130 128 120> Используется автоматически, просто находясь в инвентаре",,,ModItemInventoryItemCompositeDef Personal_Vicki_CustomTools AdditionalHint
942070768634,Печенька,,,ModItemInventoryItemCompositeDef Cookie DisplayName
134944709629,Печеньки,,,ModItemInventoryItemCompositeDef Cookie DisplayNamePlural
239601413811,"<image UI/Conversation/T_Dialogue_IconBackgroundCircle.tga 400 130 128 120> Используется через меню предмета
<image UI/Conversation/T_Dialogue_IconBackgroundCircle.tga 400 130 128 120> Одноразовый предмет
<image UI/Conversation/T_Dialogue_IconBackgroundCircle.tga 400 130 128 120> Вкусно и питательно",,,ModItemInventoryItemCompositeDef Cookie AdditionalHint
143417717749,СЪЕСТЬ,,,ModItemInventoryItemCompositeDef Cookie action_name
122601449385,Травяной сбор,,,ModItemInventoryItemCompositeDef HerbalMedicine DisplayName
641546907524,Травяной сбор,,,ModItemInventoryItemCompositeDef HerbalMedicine DisplayNamePlural
719560889583,"<image UI/Conversation/T_Dialogue_IconBackgroundCircle.tga 400 130 128 120> Используется через меню предмета
<image UI/Conversation/T_Dialogue_IconBackgroundCircle.tga 400 130 128 120> Одноразовый предмет
<image UI/Conversation/T_Dialogue_IconBackgroundCircle.tga 400 130 128 120> Укрепляет силу воли
<image UI/Conversation/T_Dialogue_IconBackgroundCircle.tga 400 130 128 120> Непредсказуемые побочные эффекты
<image UI/Conversation/T_Dialogue_IconBackgroundCircle.tga 400 130 128 120> Без ГМО",,,ModItemInventoryItemCompositeDef HerbalMedicine AdditionalHint
486790870873,ПРИМЕНИТЬ,,,ModItemInventoryItemCompositeDef HerbalMedicine action_name
578590126329,Тед,,,ModItemInventoryItemCompositeDef Ted DisplayName
490052219920,Теды,,,ModItemInventoryItemCompositeDef Ted DisplayNamePlural
693172410073,"Тед мёртв, детка",,,ModItemInventoryItemCompositeDef Ted AdditionalHint
794078218431,Трофей,,,ModItemInventoryItemCompositeDef Trophy DisplayName
492675456280,Трофеи,,,ModItemInventoryItemCompositeDef Trophy DisplayNamePlural
326845725789,Удобно для отчётности.,,,ModItemInventoryItemCompositeDef Trophy AdditionalHint
207571628753,КПК Фазы,,,ModItemInventoryItemCompositeDef CustomPDA DisplayName
292780700182,КПК Фазы,,,ModItemInventoryItemCompositeDef CustomPDA DisplayNamePlural
266400588920,Полезная штука для выхода в сеть и взлома военных компьютеров.,,,ModItemInventoryItemCompositeDef CustomPDA Description
437181202446,"<image UI/Conversation/T_Dialogue_IconBackgroundCircle.tga 400 130 128 120> Дает доп. разведданные при взломе
<image UI/Conversation/T_Dialogue_IconBackgroundCircle.tga 400 130 128 120> На нем очень милые наклеечки",,,ModItemInventoryItemCompositeDef CustomPDA AdditionalHint
443637897075,Ушанка,,,ModItemInventoryItemCompositeDef IvanUshanka DisplayName
327259403405,Ушанки,,,ModItemInventoryItemCompositeDef IvanUshanka DisplayNamePlural
625902603298,<image UI/Conversation/T_Dialogue_IconBackgroundCircle.tga 400 130 128 120> Защищает от капитализма,,,ModItemInventoryItemCompositeDef IvanUshanka AdditionalHint
705264858200,Кожаный жилет,,,ModItemInventoryItemCompositeDef NailsLeatherVest DisplayName
578965374572,Кожаные жилеты,,,ModItemInventoryItemCompositeDef NailsLeatherVest DisplayNamePlural
364084819961,"<image UI/Conversation/T_Dialogue_IconBackgroundCircle.tga 400 130 128 120> На спине вышит символ «Всадников смерти»
<image UI/Conversation/T_Dialogue_IconBackgroundCircle.tga 400 130 128 120> Притягивает женщин и драки",,,ModItemInventoryItemCompositeDef NailsLeatherVest AdditionalHint
911345821305,Набор отмычек Вики,,,ModItemInventoryItemCompositeDef Personal_Vicki_CustomTools DisplayName
918340420195,Набор отмычек Вики,,,ModItemInventoryItemCompositeDef Personal_Vicki_CustomTools DisplayNamePlural
734583781455,"<image UI/Conversation/T_Dialogue_IconBackgroundCircle.tga 400 130 128 120> Вскрывает замки на дверях и контейнерах (зависит от навыка механики)
<image UI/Conversation/T_Dialogue_IconBackgroundCircle.tga 400 130 128 120> Дает бонус к проверке навыка при вскрытии замков
<image UI/Conversation/T_Dialogue_IconBackgroundCircle.tga 400 130 128 120> Изнашивается при каждом употреблении
<image UI/Conversation/T_Dialogue_IconBackgroundCircle.tga 400 130 128 120> Поддается ремонту
<image UI/Conversation/T_Dialogue_IconBackgroundCircle.tga 400 130 128 120> Используется автоматически, просто находясь в инвентаре",,,ModItemInventoryItemCompositeDef Personal_Vicki_CustomTools AdditionalHint
942070768634,Печенька,,,ModItemInventoryItemCompositeDef Cookie DisplayName
134944709629,Печеньки,,,ModItemInventoryItemCompositeDef Cookie DisplayNamePlural
239601413811,"<image UI/Conversation/T_Dialogue_IconBackgroundCircle.tga 400 130 128 120> Используется через меню предмета
<image UI/Conversation/T_Dialogue_IconBackgroundCircle.tga 400 130 128 120> Одноразовый предмет
<image UI/Conversation/T_Dialogue_IconBackgroundCircle.tga 400 130 128 120> Вкусно и питательно",,,ModItemInventoryItemCompositeDef Cookie AdditionalHint
143417717749,СЪЕСТЬ,,,ModItemInventoryItemCompositeDef Cookie action_name
122601449385,Травяной сбор,,,ModItemInventoryItemCompositeDef HerbalMedicine DisplayName
641546907524,Травяной сбор,,,ModItemInventoryItemCompositeDef HerbalMedicine DisplayNamePlural
719560889583,"<image UI/Conversation/T_Dialogue_IconBackgroundCircle.tga 400 130 128 120> Используется через меню предмета
<image UI/Conversation/T_Dialogue_IconBackgroundCircle.tga 400 130 128 120> Одноразовый предмет
<image UI/Conversation/T_Dialogue_IconBackgroundCircle.tga 400 130 128 120> Укрепляет силу воли
<image UI/Conversation/T_Dialogue_IconBackgroundCircle.tga 400 130 128 120> Непредсказуемые побочные эффекты
<image UI/Conversation/T_Dialogue_IconBackgroundCircle.tga 400 130 128 120> Без ГМО",,,ModItemInventoryItemCompositeDef HerbalMedicine AdditionalHint
486790870873,ПРИМЕНИТЬ,,,ModItemInventoryItemCompositeDef HerbalMedicine action_name
578590126329,Тед,,,ModItemInventoryItemCompositeDef Ted DisplayName
490052219920,Теды,,,ModItemInventoryItemCompositeDef Ted DisplayNamePlural
693172410073,"Тед мёртв, детка",,,ModItemInventoryItemCompositeDef Ted AdditionalHint
794078218431,Трофей,,,ModItemInventoryItemCompositeDef Trophy DisplayName
492675456280,Трофеи,,,ModItemInventoryItemCompositeDef Trophy DisplayNamePlural
326845725789,Удобно для отчётности.,,,ModItemInventoryItemCompositeDef Trophy AdditionalHint
827435960446,Жетон Зигфрида,,,ModItemInventoryItemCompositeDef Coin DisplayName
610515569063,"Зигфрид сказал, что эта монета откроет вам двери Понтового клуба.",,,ModItemInventoryItemCompositeDef Coin Description
870427536918,Канистры с дизелем,,,ModItemInventoryItemCompositeDef Diesel DisplayName
781201154795,Это - украденный у Зигфрида дизель.,,,ModItemInventoryItemCompositeDef Diesel Description
716614954267,Золотые часы,,,ModItemInventoryItemCompositeDef GoldenWatch DisplayName
488315788451,Золотые часы Генриха.,,,ModItemInventoryItemCompositeDef GoldenWatch Description
164126806480,История болезни,,,ModItemInventoryItemCompositeDef MedicalReport DisplayName
143423910070,"«Уилкокс оказался идеальным подопытным. Его организм отреагировал на новый штамм именно так, как я и предполагал. Клетки крови пропустили фазу мутации и перешли сразу в фазу полного хаоса. Надеюсь, мне удастся скрыть мое открытие от доктора Кроненберг».",,,ModItemInventoryItemCompositeDef MedicalReport Description
746973478839,Завещание фермера,,,ModItemInventoryItemCompositeDef PaBaggzWill DisplayName
881015495304,"«Кто б ни нашел эту бамажку, убедитесь, что до нее не дотянут свои грязные пальцы мои тупые роцтвенички! 
А если этот ты роцственичек сейчас читаешь эту бамажку, то вот что я тебе скажу: ПОДАВИСЬ ТЫ ЕЙ И ЗДОХНИ!»",,,ModItemInventoryItemCompositeDef PaBaggzWill Description
551361039387,Листовки с манифестом,,,ModItemInventoryItemCompositeDef Pamphlets DisplayName
460491793504,Листовки с манифестом,,,ModItemInventoryItemCompositeDef Pamphlets DisplayNamePlural
289744396286,"Сборник слоганов и речей товарища Чимуренги, Льва Саванны, главы Народного революционного временного правительства.",,,ModItemInventoryItemCompositeDef Pamphlets Description
962724620524,"<image UI/Conversation/T_Dialogue_IconBackgroundCircle.tga 400 130 128 120> Объединяет пролетариев всех стран
<image UI/Conversation/T_Dialogue_IconBackgroundCircle.tga 400 130 128 120> С отвратительными иллюстрациями",,,ModItemInventoryItemCompositeDef Pamphlets AdditionalHint
657859736602,Листовки с манифестом,,,ModItemInventoryItemCompositeDef Pamphlets_LysRouge DisplayName
511793192069,Листовки с манифестом,,,ModItemInventoryItemCompositeDef Pamphlets_LysRouge DisplayNamePlural
676684282736,"Сборник слоганов и речей товарища Чимуренги, Льва Саванны, главы Народного революционного временного правительства. Иллюстрирован фотографиями полуодетых представительниц рабочего класса.",,,ModItemInventoryItemCompositeDef Pamphlets_LysRouge Description
317047454062,"<image UI/Conversation/T_Dialogue_IconBackgroundCircle.tga 400 130 128 120> Объединяет пролетариев всех стран
<image UI/Conversation/T_Dialogue_IconBackgroundCircle.tga 400 130 128 120> Содержит фотографии девочек из «Ле-Ли-Руж»: уж они-то помогут вам поднять ваш ствол на подвиги!",,,ModItemInventoryItemCompositeDef Pamphlets_LysRouge AdditionalHint
362943733758,Паспорт США,,,ModItemInventoryItemCompositeDef US_Passport DisplayName
523359829462,Паспорт США,,,ModItemInventoryItemCompositeDef US_Passport DisplayNamePlural
942317750300,Загранпаспорт на имя некой Карен Гослинг,,,ModItemInventoryItemCompositeDef US_Passport Description
411000427081,"<image UI/Conversation/T_Dialogue_IconBackgroundCircle.tga 400 130 128 120> Пропуск в страну, где угроза пожаловаться менеджеру решает любые проблемы",,,ModItemInventoryItemCompositeDef US_Passport AdditionalHint
689882559090,Образец вируса,,,ModItemInventoryItemCompositeDef VirusSample DisplayName
130593701173,Образцы вируса,,,ModItemInventoryItemCompositeDef VirusSample DisplayNamePlural
740403231223,"Биологический материал, необходимый для расшифровки генома вируса красного бешенства. Не кантовать.",,,ModItemInventoryItemCompositeDef VirusSample Description
837023925890,<image UI/Conversation/T_Dialogue_IconBackgroundCircle.tga 400 130 128 120> Во время сбора образца не пострадало ни одной летучей мыши,,,ModItemInventoryItemCompositeDef VirusSample AdditionalHint
570257686581,Карта клада в церкви,,,ModItemInventoryItemCompositeDef WeirdosMap DisplayName
784030358071,Карта клада в церкви,,,ModItemInventoryItemCompositeDef WeirdosMap DisplayNamePlural
536533265847,Неаккуратно нарисованная карта сокровищ. Внутренность флитаунской церкви отмечена жирным крестом.,,,ModItemInventoryItemCompositeDef WeirdosMap Description
765943723272,Рыжий кудрявый парик,,,ModItemInventoryItemCompositeDef Wig DisplayName
825867038417,Рыжий кудрявый парик,,,ModItemInventoryItemCompositeDef Wig DisplayNamePlural
543815194049,85 - баба ягодка опять.,,,ModItemInventoryItemCompositeDef Wig Description
625955634706,Дневник,,,ModItemInventoryItemCompositeDef WorkerDiary DisplayName
517536614005,"«Когда умерла Жозефина, я не знал, что мне с собой делать. Я подался в <color EmStyle>Ландсбах</color>, потому что слышал, тут неплохие заработки.<newline><newline>Вкалывать в шахте оказалось труднее, чем я думал, так что я вступил в этот их <color EmStyle>Понтовый клуб</color>, чтоб было где спустить пар. Оказалось, на ринге за неделю можно заработать столько же, сколько за два месяца в этой чертовой шахте!<newline><newline>Местные меня теперь уважают, потому что я здоровый, ловкий и запросто могу вырубить любого. Даже прозвище мне дали - <color EmStyle>Костолом</color>! Вчера <color EmStyle>Рикошет</color> сказал, <color EmStyle>Зигфрид</color> предлагает мне стать одним из его личных охранников. Иду на повышение, однако!»",,,ModItemInventoryItemCompositeDef WorkerDiary Description
462016642721,Дневник Уилкокса,,,ModItemInventoryItemCompositeDef WriterDiary DisplayName
596726259266,"«Уже некоторое время я наблюдаю за <color EmStyle>Вандой</color> и этой ее необычной сектой. Они практикуют весьма необычную разновидность вуду - поклонение неким <color EmStyle>Древним</color>. Я беседовал с сектантами, участвовал в их трапезах, пил их ритуальный напиток, изучал их архаичный диалект. И хотя это далеко не первая секта на моей практике, изучая их, я начинаю опасаться за собственный <color EmStyle>рассудок</color>!<newline><newline>Ни ритуальный забой куриц, ни прочие их языческие обряды не были для меня в новинку. Удивило (да что скрывать - напугало!) меня другое: вскоре я и сам начал слышать зов. Зов... <color EmStyle>Древних</color>.<newline><newline><color EmStyle>Ванда</color> сказала мне, что тех, кто не внимает ему, ждет верная смерть. И вот оно началось: люди вокруг начали умирать! <color EmStyle>Ванда</color> намерена посадить особые растения у родника, чтобы все в деревне тоже услышали зов <color EmStyle>Древних</color>».",,,ModItemInventoryItemCompositeDef WriterDiary Description
495092911969,Письмо Хавьеру,,,ModItemInventoryItemCompositeDef WriterLetter DisplayName
938400763932,"«Мой дорогой <color EmStyle>Хавьер</color>! Я опасаюсь за свою жизнь. Они начинают догадываться, что я слишком многое узнал. Мои находки, заметки - даже собственные воспаленные фантазии, что приходили мне на ум, когда я слушал их словно бы день и ночь отдававшиеся в моей голове неблагозвучные песнопения - всё это хранится в моем <color EmStyle>дневнике</color>.<newline><newline>Если со мною что-нибудь приключится, прошу тебя: забери его и обнародуй, чтобы власти этой страны узнали, что здесь творится. Ты - единственный, на кого я могу положиться, поэтому я спрятал дневник и оставил тебе подсказки, как его найти. Ищи их в тех местах, где в былые, более счастливые времена мы с тобой беседовали и смеялись.<newline><newline>С любовью,<newline><color EmStyle>Роджер Уилкокс</color>».",,,ModItemInventoryItemCompositeDef WriterLetter Description
430316016191,Вырванная страница,,,ModItemInventoryItemCompositeDef WriterPage DisplayName
847469045518,"«Я был слеп... Как я не догадался? Нет никакого проклятья! Есть лишь это алчное чудовище, <color EmStyle>док Роберт</color>. Вчера ночью я проследил за ним. Он встречался с какими-то разбойничьего вида типами в их тайном лагере неподалёку отсюда. Я притаился и подслушал, о чём они говорили.<newline><newline><color EmStyle>Доктор</color> намерен заразить часть местных жителей какой-то диковинной болезнью и запугать остальных, заставив беспрекословно себя слушаться. Как только это произойдёт, разбойники смогут без труда захватить деревню и сделать из неё базу контрабандистов!<newline><newline>Должно быть, от ужаса я невольно вскрикнул, потому что они что-то услыхали и принялись кричать: «Кто там?» Я бросился бежать и не останавливался, пока не добрался до своей хижины. Даже сейчас, когда я пишу эти строки, сердце моё всё ещё бешено колотится от бега и от воспоминаний о пережитом ужасе.<newline><newline>Я должен спрятать свой дневник на случай, если со мной произойдёт непоправимое, и проследить, чтобы <color EmStyle>Хавьер</color> его нашёл!»",,,ModItemInventoryItemCompositeDef WriterPage Description
827435960446,Жетон Зигфрида,,,ModItemInventoryItemCompositeDef Coin DisplayName
610515569063,"Зигфрид сказал, что эта монета откроет вам двери Понтового клуба.",,,ModItemInventoryItemCompositeDef Coin Description
870427536918,Канистры с дизелем,,,ModItemInventoryItemCompositeDef Diesel DisplayName
781201154795,Это - украденный у Зигфрида дизель.,,,ModItemInventoryItemCompositeDef Diesel Description
716614954267,Золотые часы,,,ModItemInventoryItemCompositeDef GoldenWatch DisplayName
488315788451,Золотые часы Генриха.,,,ModItemInventoryItemCompositeDef GoldenWatch Description
164126806480,История болезни,,,ModItemInventoryItemCompositeDef MedicalReport DisplayName
143423910070,"«Уилкокс оказался идеальным подопытным. Его организм отреагировал на новый штамм именно так, как я и предполагал. Клетки крови пропустили фазу мутации и перешли сразу в фазу полного хаоса. Надеюсь, мне удастся скрыть мое открытие от доктора Кроненберг».",,,ModItemInventoryItemCompositeDef MedicalReport Description
746973478839,Завещание фермера,,,ModItemInventoryItemCompositeDef PaBaggzWill DisplayName
881015495304,"«Кто б ни нашел эту бамажку, убедитесь, что до нее не дотянут свои грязные пальцы мои тупые роцтвенички! 
А если этот ты роцственичек сейчас читаешь эту бамажку, то вот что я тебе скажу: ПОДАВИСЬ ТЫ ЕЙ И ЗДОХНИ!»",,,ModItemInventoryItemCompositeDef PaBaggzWill Description
551361039387,Листовки с манифестом,,,ModItemInventoryItemCompositeDef Pamphlets DisplayName
460491793504,Листовки с манифестом,,,ModItemInventoryItemCompositeDef Pamphlets DisplayNamePlural
289744396286,"Сборник слоганов и речей товарища Чимуренги, Льва Саванны, главы Народного революционного временного правительства.",,,ModItemInventoryItemCompositeDef Pamphlets Description
962724620524,"<image UI/Conversation/T_Dialogue_IconBackgroundCircle.tga 400 130 128 120> Объединяет пролетариев всех стран
<image UI/Conversation/T_Dialogue_IconBackgroundCircle.tga 400 130 128 120> С отвратительными иллюстрациями",,,ModItemInventoryItemCompositeDef Pamphlets AdditionalHint
657859736602,Листовки с манифестом,,,ModItemInventoryItemCompositeDef Pamphlets_LysRouge DisplayName
511793192069,Листовки с манифестом,,,ModItemInventoryItemCompositeDef Pamphlets_LysRouge DisplayNamePlural
676684282736,"Сборник слоганов и речей товарища Чимуренги, Льва Саванны, главы Народного революционного временного правительства. Иллюстрирован фотографиями полуодетых представительниц рабочего класса.",,,ModItemInventoryItemCompositeDef Pamphlets_LysRouge Description
317047454062,"<image UI/Conversation/T_Dialogue_IconBackgroundCircle.tga 400 130 128 120> Объединяет пролетариев всех стран
<image UI/Conversation/T_Dialogue_IconBackgroundCircle.tga 400 130 128 120> Содержит фотографии девочек из «Ле-Ли-Руж»: уж они-то помогут вам поднять ваш ствол на подвиги!",,,ModItemInventoryItemCompositeDef Pamphlets_LysRouge AdditionalHint
362943733758,Паспорт США,,,ModItemInventoryItemCompositeDef US_Passport DisplayName
523359829462,Паспорт США,,,ModItemInventoryItemCompositeDef US_Passport DisplayNamePlural
942317750300,Загранпаспорт на имя некой Карен Гослинг,,,ModItemInventoryItemCompositeDef US_Passport Description
411000427081,"<image UI/Conversation/T_Dialogue_IconBackgroundCircle.tga 400 130 128 120> Пропуск в страну, где угроза пожаловаться менеджеру решает любые проблемы",,,ModItemInventoryItemCompositeDef US_Passport AdditionalHint
689882559090,Образец вируса,,,ModItemInventoryItemCompositeDef VirusSample DisplayName
130593701173,Образцы вируса,,,ModItemInventoryItemCompositeDef VirusSample DisplayNamePlural
740403231223,"Биологический материал, необходимый для расшифровки генома вируса красного бешенства. Не кантовать.",,,ModItemInventoryItemCompositeDef VirusSample Description
837023925890,<image UI/Conversation/T_Dialogue_IconBackgroundCircle.tga 400 130 128 120> Во время сбора образца не пострадало ни одной летучей мыши,,,ModItemInventoryItemCompositeDef VirusSample AdditionalHint
570257686581,Карта клада в церкви,,,ModItemInventoryItemCompositeDef WeirdosMap DisplayName
784030358071,Карта клада в церкви,,,ModItemInventoryItemCompositeDef WeirdosMap DisplayNamePlural
536533265847,Неаккуратно нарисованная карта сокровищ. Внутренность флитаунской церкви отмечена жирным крестом.,,,ModItemInventoryItemCompositeDef WeirdosMap Description
765943723272,Рыжий кудрявый парик,,,ModItemInventoryItemCompositeDef Wig DisplayName
825867038417,Рыжий кудрявый парик,,,ModItemInventoryItemCompositeDef Wig DisplayNamePlural
543815194049,85 - баба ягодка опять.,,,ModItemInventoryItemCompositeDef Wig Description
625955634706,Дневник,,,ModItemInventoryItemCompositeDef WorkerDiary DisplayName
517536614005,"«Когда умерла Жозефина, я не знал, что мне с собой делать. Я подался в <color EmStyle>Ландсбах</color>, потому что слышал, тут неплохие заработки.<newline><newline>Вкалывать в шахте оказалось труднее, чем я думал, так что я вступил в этот их <color EmStyle>Понтовый клуб</color>, чтоб было где спустить пар. Оказалось, на ринге за неделю можно заработать столько же, сколько за два месяца в этой чертовой шахте!<newline><newline>Местные меня теперь уважают, потому что я здоровый, ловкий и запросто могу вырубить любого. Даже прозвище мне дали - <color EmStyle>Костолом</color>! Вчера <color EmStyle>Рикошет</color> сказал, <color EmStyle>Зигфрид</color> предлагает мне стать одним из его личных охранников. Иду на повышение, однако!»",,,ModItemInventoryItemCompositeDef WorkerDiary Description
462016642721,Дневник Уилкокса,,,ModItemInventoryItemCompositeDef WriterDiary DisplayName
596726259266,"«Уже некоторое время я наблюдаю за <color EmStyle>Вандой</color> и этой ее необычной сектой. Они практикуют весьма необычную разновидность вуду - поклонение неким <color EmStyle>Древним</color>. Я беседовал с сектантами, участвовал в их трапезах, пил их ритуальный напиток, изучал их архаичный диалект. И хотя это далеко не первая секта на моей практике, изучая их, я начинаю опасаться за собственный <color EmStyle>рассудок</color>!<newline><newline>Ни ритуальный забой куриц, ни прочие их языческие обряды не были для меня в новинку. Удивило (да что скрывать - напугало!) меня другое: вскоре я и сам начал слышать зов. Зов... <color EmStyle>Древних</color>.<newline><newline><color EmStyle>Ванда</color> сказала мне, что тех, кто не внимает ему, ждет верная смерть. И вот оно началось: люди вокруг начали умирать! <color EmStyle>Ванда</color> намерена посадить особые растения у родника, чтобы все в деревне тоже услышали зов <color EmStyle>Древних</color>».",,,ModItemInventoryItemCompositeDef WriterDiary Description
495092911969,Письмо Хавьеру,,,ModItemInventoryItemCompositeDef WriterLetter DisplayName
938400763932,"«Мой дорогой <color EmStyle>Хавьер</color>! Я опасаюсь за свою жизнь. Они начинают догадываться, что я слишком многое узнал. Мои находки, заметки - даже собственные воспаленные фантазии, что приходили мне на ум, когда я слушал их словно бы день и ночь отдававшиеся в моей голове неблагозвучные песнопения - всё это хранится в моем <color EmStyle>дневнике</color>.<newline><newline>Если со мною что-нибудь приключится, прошу тебя: забери его и обнародуй, чтобы власти этой страны узнали, что здесь творится. Ты - единственный, на кого я могу положиться, поэтому я спрятал дневник и оставил тебе подсказки, как его найти. Ищи их в тех местах, где в былые, более счастливые времена мы с тобой беседовали и смеялись.<newline><newline>С любовью,<newline><color EmStyle>Роджер Уилкокс</color>».",,,ModItemInventoryItemCompositeDef WriterLetter Description
430316016191,Вырванная страница,,,ModItemInventoryItemCompositeDef WriterPage DisplayName
847469045518,"«Я был слеп... Как я не догадался? Нет никакого проклятья! Есть лишь это алчное чудовище, <color EmStyle>док Роберт</color>. Вчера ночью я проследил за ним. Он встречался с какими-то разбойничьего вида типами в их тайном лагере неподалёку отсюда. Я притаился и подслушал, о чём они говорили.<newline><newline><color EmStyle>Доктор</color> намерен заразить часть местных жителей какой-то диковинной болезнью и запугать остальных, заставив беспрекословно себя слушаться. Как только это произойдёт, разбойники смогут без труда захватить деревню и сделать из неё базу контрабандистов!<newline><newline>Должно быть, от ужаса я невольно вскрикнул, потому что они что-то услыхали и принялись кричать: «Кто там?» Я бросился бежать и не останавливался, пока не добрался до своей хижины. Даже сейчас, когда я пишу эти строки, сердце моё всё ещё бешено колотится от бега и от воспоминаний о пережитом ужасе.<newline><newline>Я должен спрятать свой дневник на случай, если со мной произойдёт непоправимое, и проследить, чтобы <color EmStyle>Хавьер</color> его нашёл!»",,,ModItemInventoryItemCompositeDef WriterPage Description
630724408594,Паркур!,,,ModItemInventoryItemCompositeDef SkillMag_Agility DisplayName
691435640998,Паркур!,,,ModItemInventoryItemCompositeDef SkillMag_Agility DisplayNamePlural
489199300777,"«Я почти уверен, что кричать <color EmStyle>«Паркур»</color> не обязательно».",,,ModItemInventoryItemCompositeDef SkillMag_Agility Description
597382312995,"<image UI/Conversation/T_Dialogue_IconBackgroundCircle.tga 400 130 128 120> Используется через меню предмета
<image UI/Conversation/T_Dialogue_IconBackgroundCircle.tga 400 130 128 120> Одноразовый предмет
<image UI/Conversation/T_Dialogue_IconBackgroundCircle.tga 400 130 128 120> Повышает проворность",,,ModItemInventoryItemCompositeDef SkillMag_Agility AdditionalHint
463982693555,ЧИТАТЬ,,,ModItemInventoryItemCompositeDef SkillMag_Agility action_name
487930750217,Легкость рук,,,ModItemInventoryItemCompositeDef SkillMag_Dexterity DisplayName
673004035156,Легкость рук,,,ModItemInventoryItemCompositeDef SkillMag_Dexterity DisplayNamePlural
506600813860,Гораздо интереснее «Ежедневных фокусов».,,,ModItemInventoryItemCompositeDef SkillMag_Dexterity Description
797797219004,"<image UI/Conversation/T_Dialogue_IconBackgroundCircle.tga 400 130 128 120> Используется через меню предмета
<image UI/Conversation/T_Dialogue_IconBackgroundCircle.tga 400 130 128 120> Одноразовый предмет
<image UI/Conversation/T_Dialogue_IconBackgroundCircle.tga 400 130 128 120> Повышает ловкость",,,ModItemInventoryItemCompositeDef SkillMag_Dexterity AdditionalHint
473986798572,ЧИТАТЬ,,,ModItemInventoryItemCompositeDef SkillMag_Dexterity action_name
710416313666,Красный провод,,,ModItemInventoryItemCompositeDef SkillMag_Explosives DisplayName
677050699484,Красный провод,,,ModItemInventoryItemCompositeDef SkillMag_Explosives DisplayNamePlural
807154356068,"Говорят, издательство недавно сгорело на работе.",,,ModItemInventoryItemCompositeDef SkillMag_Explosives Description
448082864319,"<image UI/Conversation/T_Dialogue_IconBackgroundCircle.tga 400 130 128 120> Используется через меню предмета
<image UI/Conversation/T_Dialogue_IconBackgroundCircle.tga 400 130 128 120> Одноразовый предмет
<image UI/Conversation/T_Dialogue_IconBackgroundCircle.tga 400 130 128 120> Повышает навык «Взрывчатка»",,,ModItemInventoryItemCompositeDef SkillMag_Explosives AdditionalHint
152721933572,ЧИТАТЬ,,,ModItemInventoryItemCompositeDef SkillMag_Explosives action_name
131590238643,Здоровое питание,,,ModItemInventoryItemCompositeDef SkillMag_Health DisplayName
174753580586,Здоровое питание,,,ModItemInventoryItemCompositeDef SkillMag_Health DisplayNamePlural
473448050965,На зависть всем врачам.,,,ModItemInventoryItemCompositeDef SkillMag_Health Description
695028054688,"<image UI/Conversation/T_Dialogue_IconBackgroundCircle.tga 400 130 128 120> Используется через меню предмета
<image UI/Conversation/T_Dialogue_IconBackgroundCircle.tga 400 130 128 120> Одноразовый предмет
<image UI/Conversation/T_Dialogue_IconBackgroundCircle.tga 400 130 128 120> Повышает здоровье",,,ModItemInventoryItemCompositeDef SkillMag_Health AdditionalHint
335118716490,ЧИТАТЬ,,,ModItemInventoryItemCompositeDef SkillMag_Health action_name
577336750801,Шутки-самосмейки,,,ModItemInventoryItemCompositeDef SkillMag_Leadership DisplayName
590915231240,Шутки-самосмейки,,,ModItemInventoryItemCompositeDef SkillMag_Leadership DisplayNamePlural
539668160560,Как стать душой частной военной компании.,,,ModItemInventoryItemCompositeDef SkillMag_Leadership Description
965131122443,"<image UI/Conversation/T_Dialogue_IconBackgroundCircle.tga 400 130 128 120> Используется через меню предмета
<image UI/Conversation/T_Dialogue_IconBackgroundCircle.tga 400 130 128 120> Одноразовый предмет
<image UI/Conversation/T_Dialogue_IconBackgroundCircle.tga 400 130 128 120> Повышает лидерство",,,ModItemInventoryItemCompositeDef SkillMag_Leadership AdditionalHint
914171038529,ЧИТАТЬ,,,ModItemInventoryItemCompositeDef SkillMag_Leadership action_name
928573512606,Начинать надо издалека,,,ModItemInventoryItemCompositeDef SkillMag_Marksmanship DisplayName
147458147901,Начинать надо издалека,,,ModItemInventoryItemCompositeDef SkillMag_Marksmanship DisplayNamePlural
638150409258,"«Братишка, ты лучше сядь».",,,ModItemInventoryItemCompositeDef SkillMag_Marksmanship Description
730186052301,"<image UI/Conversation/T_Dialogue_IconBackgroundCircle.tga 400 130 128 120> Используется через меню предмета
<image UI/Conversation/T_Dialogue_IconBackgroundCircle.tga 400 130 128 120> Одноразовый предмет
<image UI/Conversation/T_Dialogue_IconBackgroundCircle.tga 400 130 128 120> Повышает меткость",,,ModItemInventoryItemCompositeDef SkillMag_Marksmanship AdditionalHint
793074878333,ЧИТАТЬ,,,ModItemInventoryItemCompositeDef SkillMag_Marksmanship action_name
124257560060,Поршни и цилиндры,,,ModItemInventoryItemCompositeDef SkillMag_Mechanical DisplayName
401151848718,Поршни и цилиндры,,,ModItemInventoryItemCompositeDef SkillMag_Mechanical DisplayNamePlural
917053657200,Не путать с одноимённым журналом 18+.,,,ModItemInventoryItemCompositeDef SkillMag_Mechanical Description
990445537482,"<image UI/Conversation/T_Dialogue_IconBackgroundCircle.tga 400 130 128 120> Используется через меню предмета
<image UI/Conversation/T_Dialogue_IconBackgroundCircle.tga 400 130 128 120> Одноразовый предмет
<image UI/Conversation/T_Dialogue_IconBackgroundCircle.tga 400 130 128 120> Повышает навык «Механика»",,,ModItemInventoryItemCompositeDef SkillMag_Mechanical AdditionalHint
711190141252,ЧИТАТЬ,,,ModItemInventoryItemCompositeDef SkillMag_Mechanical action_name
307091936698,"Для тех, кто вяжет",,,ModItemInventoryItemCompositeDef SkillMag_Medical DisplayName
654119258491,"Для тех, кто вяжет",,,ModItemInventoryItemCompositeDef SkillMag_Medical DisplayNamePlural
475949466167,Модные схемы для перевязки и узорная работа жгутом.,,,ModItemInventoryItemCompositeDef SkillMag_Medical Description
136943176811,"<image UI/Conversation/T_Dialogue_IconBackgroundCircle.tga 400 130 128 120> Используется через меню предмета
<image UI/Conversation/T_Dialogue_IconBackgroundCircle.tga 400 130 128 120> Одноразовый предмет
<image UI/Conversation/T_Dialogue_IconBackgroundCircle.tga 400 130 128 120> Повышает навык «Медицина»",,,ModItemInventoryItemCompositeDef SkillMag_Medical AdditionalHint
119079771803,ЧИТАТЬ,,,ModItemInventoryItemCompositeDef SkillMag_Medical action_name
618768441972,Качай железо!,,,ModItemInventoryItemCompositeDef SkillMag_Strength DisplayName
778711018287,Качай железо!,,,ModItemInventoryItemCompositeDef SkillMag_Strength DisplayNamePlural
840257110862,Сила есть - интеллекта не надо.,,,ModItemInventoryItemCompositeDef SkillMag_Strength Description
596345734981,"<image UI/Conversation/T_Dialogue_IconBackgroundCircle.tga 400 130 128 120> Используется через меню предмета
<image UI/Conversation/T_Dialogue_IconBackgroundCircle.tga 400 130 128 120> Одноразовый предмет
<image UI/Conversation/T_Dialogue_IconBackgroundCircle.tga 400 130 128 120> Повышает силу",,,ModItemInventoryItemCompositeDef SkillMag_Strength AdditionalHint
771899052340,ЧИТАТЬ,,,ModItemInventoryItemCompositeDef SkillMag_Strength action_name
972242933505,Руководство Бори Гриля,,,ModItemInventoryItemCompositeDef SkillMag_Wisdom DisplayName
707397432040,Руководство Бори Гриля,,,ModItemInventoryItemCompositeDef SkillMag_Wisdom DisplayNamePlural
494813276634,Руководство по выживанию. Если вам откусил ногу медведь - пописайте на рану.,,,ModItemInventoryItemCompositeDef SkillMag_Wisdom Description
422939718547,"<image UI/Conversation/T_Dialogue_IconBackgroundCircle.tga 400 130 128 120> Используется через меню предмета
<image UI/Conversation/T_Dialogue_IconBackgroundCircle.tga 400 130 128 120> Одноразовый предмет
<image UI/Conversation/T_Dialogue_IconBackgroundCircle.tga 400 130 128 120> Повышает интеллект",,,ModItemInventoryItemCompositeDef SkillMag_Wisdom AdditionalHint
763122138438,ЧИТАТЬ,,,ModItemInventoryItemCompositeDef SkillMag_Wisdom action_name
630724408594,Паркур!,,,ModItemInventoryItemCompositeDef SkillMag_Agility DisplayName
691435640998,Паркур!,,,ModItemInventoryItemCompositeDef SkillMag_Agility DisplayNamePlural
489199300777,"«Я почти уверен, что кричать <color EmStyle>«Паркур»</color> не обязательно».",,,ModItemInventoryItemCompositeDef SkillMag_Agility Description
597382312995,"<image UI/Conversation/T_Dialogue_IconBackgroundCircle.tga 400 130 128 120> Используется через меню предмета
<image UI/Conversation/T_Dialogue_IconBackgroundCircle.tga 400 130 128 120> Одноразовый предмет
<image UI/Conversation/T_Dialogue_IconBackgroundCircle.tga 400 130 128 120> Повышает проворность",,,ModItemInventoryItemCompositeDef SkillMag_Agility AdditionalHint
463982693555,ЧИТАТЬ,,,ModItemInventoryItemCompositeDef SkillMag_Agility action_name
487930750217,Легкость рук,,,ModItemInventoryItemCompositeDef SkillMag_Dexterity DisplayName
673004035156,Легкость рук,,,ModItemInventoryItemCompositeDef SkillMag_Dexterity DisplayNamePlural
506600813860,Гораздо интереснее «Ежедневных фокусов».,,,ModItemInventoryItemCompositeDef SkillMag_Dexterity Description
797797219004,"<image UI/Conversation/T_Dialogue_IconBackgroundCircle.tga 400 130 128 120> Используется через меню предмета
<image UI/Conversation/T_Dialogue_IconBackgroundCircle.tga 400 130 128 120> Одноразовый предмет
<image UI/Conversation/T_Dialogue_IconBackgroundCircle.tga 400 130 128 120> Повышает ловкость",,,ModItemInventoryItemCompositeDef SkillMag_Dexterity AdditionalHint
473986798572,ЧИТАТЬ,,,ModItemInventoryItemCompositeDef SkillMag_Dexterity action_name
710416313666,Красный провод,,,ModItemInventoryItemCompositeDef SkillMag_Explosives DisplayName
677050699484,Красный провод,,,ModItemInventoryItemCompositeDef SkillMag_Explosives DisplayNamePlural
807154356068,"Говорят, издательство недавно сгорело на работе.",,,ModItemInventoryItemCompositeDef SkillMag_Explosives Description
448082864319,"<image UI/Conversation/T_Dialogue_IconBackgroundCircle.tga 400 130 128 120> Используется через меню предмета
<image UI/Conversation/T_Dialogue_IconBackgroundCircle.tga 400 130 128 120> Одноразовый предмет
<image UI/Conversation/T_Dialogue_IconBackgroundCircle.tga 400 130 128 120> Повышает навык «Взрывчатка»",,,ModItemInventoryItemCompositeDef SkillMag_Explosives AdditionalHint
152721933572,ЧИТАТЬ,,,ModItemInventoryItemCompositeDef SkillMag_Explosives action_name
131590238643,Здоровое питание,,,ModItemInventoryItemCompositeDef SkillMag_Health DisplayName
174753580586,Здоровое питание,,,ModItemInventoryItemCompositeDef SkillMag_Health DisplayNamePlural
473448050965,На зависть всем врачам.,,,ModItemInventoryItemCompositeDef SkillMag_Health Description
695028054688,"<image UI/Conversation/T_Dialogue_IconBackgroundCircle.tga 400 130 128 120> Используется через меню предмета
<image UI/Conversation/T_Dialogue_IconBackgroundCircle.tga 400 130 128 120> Одноразовый предмет
<image UI/Conversation/T_Dialogue_IconBackgroundCircle.tga 400 130 128 120> Повышает здоровье",,,ModItemInventoryItemCompositeDef SkillMag_Health AdditionalHint
335118716490,ЧИТАТЬ,,,ModItemInventoryItemCompositeDef SkillMag_Health action_name
577336750801,Шутки-самосмейки,,,ModItemInventoryItemCompositeDef SkillMag_Leadership DisplayName
590915231240,Шутки-самосмейки,,,ModItemInventoryItemCompositeDef SkillMag_Leadership DisplayNamePlural
539668160560,Как стать душой частной военной компании.,,,ModItemInventoryItemCompositeDef SkillMag_Leadership Description
965131122443,"<image UI/Conversation/T_Dialogue_IconBackgroundCircle.tga 400 130 128 120> Используется через меню предмета
<image UI/Conversation/T_Dialogue_IconBackgroundCircle.tga 400 130 128 120> Одноразовый предмет
<image UI/Conversation/T_Dialogue_IconBackgroundCircle.tga 400 130 128 120> Повышает лидерство",,,ModItemInventoryItemCompositeDef SkillMag_Leadership AdditionalHint
914171038529,ЧИТАТЬ,,,ModItemInventoryItemCompositeDef SkillMag_Leadership action_name
928573512606,Начинать надо издалека,,,ModItemInventoryItemCompositeDef SkillMag_Marksmanship DisplayName
147458147901,Начинать надо издалека,,,ModItemInventoryItemCompositeDef SkillMag_Marksmanship DisplayNamePlural
638150409258,"«Братишка, ты лучше сядь».",,,ModItemInventoryItemCompositeDef SkillMag_Marksmanship Description
730186052301,"<image UI/Conversation/T_Dialogue_IconBackgroundCircle.tga 400 130 128 120> Используется через меню предмета
<image UI/Conversation/T_Dialogue_IconBackgroundCircle.tga 400 130 128 120> Одноразовый предмет
<image UI/Conversation/T_Dialogue_IconBackgroundCircle.tga 400 130 128 120> Повышает меткость",,,ModItemInventoryItemCompositeDef SkillMag_Marksmanship AdditionalHint
793074878333,ЧИТАТЬ,,,ModItemInventoryItemCompositeDef SkillMag_Marksmanship action_name
124257560060,Поршни и цилиндры,,,ModItemInventoryItemCompositeDef SkillMag_Mechanical DisplayName
401151848718,Поршни и цилиндры,,,ModItemInventoryItemCompositeDef SkillMag_Mechanical DisplayNamePlural
917053657200,Не путать с одноимённым журналом 18+.,,,ModItemInventoryItemCompositeDef SkillMag_Mechanical Description
990445537482,"<image UI/Conversation/T_Dialogue_IconBackgroundCircle.tga 400 130 128 120> Используется через меню предмета
<image UI/Conversation/T_Dialogue_IconBackgroundCircle.tga 400 130 128 120> Одноразовый предмет
<image UI/Conversation/T_Dialogue_IconBackgroundCircle.tga 400 130 128 120> Повышает навык «Механика»",,,ModItemInventoryItemCompositeDef SkillMag_Mechanical AdditionalHint
711190141252,ЧИТАТЬ,,,ModItemInventoryItemCompositeDef SkillMag_Mechanical action_name
307091936698,"Для тех, кто вяжет",,,ModItemInventoryItemCompositeDef SkillMag_Medical DisplayName
654119258491,"Для тех, кто вяжет",,,ModItemInventoryItemCompositeDef SkillMag_Medical DisplayNamePlural
475949466167,Модные схемы для перевязки и узорная работа жгутом.,,,ModItemInventoryItemCompositeDef SkillMag_Medical Description
136943176811,"<image UI/Conversation/T_Dialogue_IconBackgroundCircle.tga 400 130 128 120> Используется через меню предмета
<image UI/Conversation/T_Dialogue_IconBackgroundCircle.tga 400 130 128 120> Одноразовый предмет
<image UI/Conversation/T_Dialogue_IconBackgroundCircle.tga 400 130 128 120> Повышает навык «Медицина»",,,ModItemInventoryItemCompositeDef SkillMag_Medical AdditionalHint
119079771803,ЧИТАТЬ,,,ModItemInventoryItemCompositeDef SkillMag_Medical action_name
618768441972,Качай железо!,,,ModItemInventoryItemCompositeDef SkillMag_Strength DisplayName
778711018287,Качай железо!,,,ModItemInventoryItemCompositeDef SkillMag_Strength DisplayNamePlural
840257110862,Сила есть - интеллекта не надо.,,,ModItemInventoryItemCompositeDef SkillMag_Strength Description
596345734981,"<image UI/Conversation/T_Dialogue_IconBackgroundCircle.tga 400 130 128 120> Используется через меню предмета
<image UI/Conversation/T_Dialogue_IconBackgroundCircle.tga 400 130 128 120> Одноразовый предмет
<image UI/Conversation/T_Dialogue_IconBackgroundCircle.tga 400 130 128 120> Повышает силу",,,ModItemInventoryItemCompositeDef SkillMag_Strength AdditionalHint
771899052340,ЧИТАТЬ,,,ModItemInventoryItemCompositeDef SkillMag_Strength action_name
972242933505,Руководство Бори Гриля,,,ModItemInventoryItemCompositeDef SkillMag_Wisdom DisplayName
707397432040,Руководство Бори Гриля,,,ModItemInventoryItemCompositeDef SkillMag_Wisdom DisplayNamePlural
494813276634,Руководство по выживанию. Если вам откусил ногу медведь - пописайте на рану.,,,ModItemInventoryItemCompositeDef SkillMag_Wisdom Description
422939718547,"<image UI/Conversation/T_Dialogue_IconBackgroundCircle.tga 400 130 128 120> Используется через меню предмета
<image UI/Conversation/T_Dialogue_IconBackgroundCircle.tga 400 130 128 120> Одноразовый предмет
<image UI/Conversation/T_Dialogue_IconBackgroundCircle.tga 400 130 128 120> Повышает интеллект",,,ModItemInventoryItemCompositeDef SkillMag_Wisdom AdditionalHint
763122138438,ЧИТАТЬ,,,ModItemInventoryItemCompositeDef SkillMag_Wisdom action_name
176680467808,Лег. камуфляжная броня,,,ModItemInventoryItemCompositeDef CamoArmor_Light DisplayName
245181127534,Лег. камуфляжная броня,,,ModItemInventoryItemCompositeDef CamoArmor_Light DisplayNamePlural
269575301180,"<image UI/Conversation/T_Dialogue_IconBackgroundCircle.tga 400 130 128 120> Усложняет обнаружение противником
<image UI/Conversation/T_Dialogue_IconBackgroundCircle.tga 400 130 128 120> Против камуфлированных целей прицеливание работает хуже
<image UI/Conversation/T_Dialogue_IconBackgroundCircle.tga 400 130 128 120> Нельзя совмещать с обивкой или керамическими пластинами",,,ModItemInventoryItemCompositeDef CamoArmor_Light AdditionalHint
809083860417,Лег. камуфляжная броня с композитумом,,,ModItemInventoryItemCompositeDef CamoArmor_Light_Kompositum DisplayName
917048102694,Лег. камуфляжная броня с композитумом,,,ModItemInventoryItemCompositeDef CamoArmor_Light_Kompositum DisplayNamePlural
463559312941,"<image UI/Conversation/T_Dialogue_IconBackgroundCircle.tga 400 130 128 120> Усложняет обнаружение противником
<image UI/Conversation/T_Dialogue_IconBackgroundCircle.tga 400 130 128 120> Против камуфлированных целей прицеливание работает хуже
<image UI/Conversation/T_Dialogue_IconBackgroundCircle.tga 400 130 128 120> Совмещена с композитумом-58",,,ModItemInventoryItemCompositeDef CamoArmor_Light_Kompositum AdditionalHint
677597769278,Ср. камуфляжная броня,,,ModItemInventoryItemCompositeDef CamoArmor_Medium DisplayName
181139609750,Ср. камуфляжная броня,,,ModItemInventoryItemCompositeDef CamoArmor_Medium DisplayNamePlural
985483183023,"<image UI/Conversation/T_Dialogue_IconBackgroundCircle.tga 400 130 128 120> Усложняет обнаружение противником
<image UI/Conversation/T_Dialogue_IconBackgroundCircle.tga 400 130 128 120> Против камуфлированных целей прицеливание работает хуже
<image UI/Conversation/T_Dialogue_IconBackgroundCircle.tga 400 130 128 120> Нельзя совмещать с обивкой или керамическими пластинами",,,ModItemInventoryItemCompositeDef CamoArmor_Medium AdditionalHint
590810449248,Ср. камуфляжная броня с композитумом,,,ModItemInventoryItemCompositeDef CamoArmor_Medium_Kompositum DisplayName
538225683768,Ср. камуфляжная броня с композитумом,,,ModItemInventoryItemCompositeDef CamoArmor_Medium_Kompositum DisplayNamePlural
149455538270,"<image UI/Conversation/T_Dialogue_IconBackgroundCircle.tga 400 130 128 120> Усложняет обнаружение противником
<image UI/Conversation/T_Dialogue_IconBackgroundCircle.tga 400 130 128 120> Против камуфлированных целей прицеливание работает хуже
<image UI/Conversation/T_Dialogue_IconBackgroundCircle.tga 400 130 128 120> Совмещена с композитумом-58",,,ModItemInventoryItemCompositeDef CamoArmor_Medium_Kompositum AdditionalHint
612033604870,Противооскол. броня,,,ModItemInventoryItemCompositeDef FlakArmor DisplayName
406643233960,Противооскол. броня,,,ModItemInventoryItemCompositeDef FlakArmor DisplayNamePlural
135880051710,Противооскол. броня,,,ModItemInventoryItemCompositeDef FlakArmor_CeramicPlates DisplayName
142056492700,Противооскол. броня,,,ModItemInventoryItemCompositeDef FlakArmor_CeramicPlates DisplayNamePlural
880407302657,"<image UI/Conversation/T_Dialogue_IconBackgroundCircle.tga 400 130 128 120> Уменьшение урона (улучшено керамическими пластинами) 
<image UI/Conversation/T_Dialogue_IconBackgroundCircle.tga 400 130 128 120> Керамические пластины ломаются после <color 124 130 96><RevertConditionCounter></color> попаданий",,,ModItemInventoryItemCompositeDef FlakArmor_CeramicPlates AdditionalHint
638287958448,Противооскол. броня с композитумом,,,ModItemInventoryItemCompositeDef FlakArmor_Kompositum DisplayName
599738000664,Противооскол. броня с композитумом,,,ModItemInventoryItemCompositeDef FlakArmor_Kompositum DisplayNamePlural
338160900130,<image UI/Conversation/T_Dialogue_IconBackgroundCircle.tga 400 130 128 120> Совмещена с композитумом-58,,,ModItemInventoryItemCompositeDef FlakArmor_Kompositum AdditionalHint
498898352412,Противооскол. броня,,,ModItemInventoryItemCompositeDef FlakArmor_WeavePadding DisplayName
816901331839,Противооскол. броня,,,ModItemInventoryItemCompositeDef FlakArmor_WeavePadding DisplayNamePlural
534547008279,<image UI/Conversation/T_Dialogue_IconBackgroundCircle.tga 400 130 128 120> Уменьшение урона (улучшено обивкой),,,ModItemInventoryItemCompositeDef FlakArmor_WeavePadding AdditionalHint
775356299127,Противооскол. поножи,,,ModItemInventoryItemCompositeDef FlakLeggings DisplayName
779452662384,Противооскол. поножи,,,ModItemInventoryItemCompositeDef FlakLeggings DisplayNamePlural
216575034395,Противооскол. поножи с композитумом,,,ModItemInventoryItemCompositeDef FlakLeggings_Kompositum DisplayName
737706779906,Противооскол. поножи с композитумом,,,ModItemInventoryItemCompositeDef FlakLeggings_Kompositum DisplayNamePlural
159580702234,<image UI/Conversation/T_Dialogue_IconBackgroundCircle.tga 400 130 128 120> Совмещены с композитумом-58,,,ModItemInventoryItemCompositeDef FlakLeggings_Kompositum AdditionalHint
879043784786,Противооскол. поножи,,,ModItemInventoryItemCompositeDef FlakLeggings_WeavePadding DisplayName
109162060015,Противооскол. поножи,,,ModItemInventoryItemCompositeDef FlakLeggings_WeavePadding DisplayNamePlural
634168663357,<image UI/Conversation/T_Dialogue_IconBackgroundCircle.tga 400 130 128 120> Уменьшение урона (улучшено обивкой),,,ModItemInventoryItemCompositeDef FlakLeggings_WeavePadding AdditionalHint
638630093798,Противооскол. жилет,,,ModItemInventoryItemCompositeDef FlakVest DisplayName
414954258016,Противооскол. жилеты,,,ModItemInventoryItemCompositeDef FlakVest DisplayNamePlural
376468045664,Противооскол. жилет,,,ModItemInventoryItemCompositeDef FlakVest_CeramicPlates DisplayName
415106411582,Противооскол. жилеты,,,ModItemInventoryItemCompositeDef FlakVest_CeramicPlates DisplayNamePlural
989195542514,"<image UI/Conversation/T_Dialogue_IconBackgroundCircle.tga 400 130 128 120> Уменьшение урона (улучшено керамическими пластинами) 
<image UI/Conversation/T_Dialogue_IconBackgroundCircle.tga 400 130 128 120> Керамические пластины ломаются после <color 124 130 96><RevertConditionCounter></color> попаданий",,,ModItemInventoryItemCompositeDef FlakVest_CeramicPlates AdditionalHint
990879324447,Противооскол. жилет с композитумом,,,ModItemInventoryItemCompositeDef FlakVest_Kompositum DisplayName
138280566841,Противооскол. жилеты с композитумом,,,ModItemInventoryItemCompositeDef FlakVest_Kompositum DisplayNamePlural
963354304515,<image UI/Conversation/T_Dialogue_IconBackgroundCircle.tga 400 130 128 120> Совмещен с композитумом-58,,,ModItemInventoryItemCompositeDef FlakVest_Kompositum AdditionalHint
671915260166,Противооскол. жилет,,,ModItemInventoryItemCompositeDef FlakVest_WeavePadding DisplayName
762378763698,Противооскол. жилеты,,,ModItemInventoryItemCompositeDef FlakVest_WeavePadding DisplayNamePlural
151609995365,<image UI/Conversation/T_Dialogue_IconBackgroundCircle.tga 400 130 128 120> Уменьшение урона (улучшено обивкой),,,ModItemInventoryItemCompositeDef FlakVest_WeavePadding AdditionalHint
228069854290,Легкий шлем,,,ModItemInventoryItemCompositeDef LightHelmet DisplayName
733878481011,Легкие шлемы,,,ModItemInventoryItemCompositeDef LightHelmet DisplayNamePlural
814275127871,Легкий шлем с композитумом,,,ModItemInventoryItemCompositeDef LightHelmet_Kompositum DisplayName
876163433457,Легкие шлемы с композитумом,,,ModItemInventoryItemCompositeDef LightHelmet_Kompositum DisplayNamePlural
490769479545,<image UI/Conversation/T_Dialogue_IconBackgroundCircle.tga 400 130 128 120> Совмещен с композитумом-58,,,ModItemInventoryItemCompositeDef LightHelmet_Kompositum AdditionalHint
949393035512,Легкий шлем,,,ModItemInventoryItemCompositeDef LightHelmet_WeavePadding DisplayName
168224329987,Легкие шлемы,,,ModItemInventoryItemCompositeDef LightHelmet_WeavePadding DisplayNamePlural
242887718487,<image UI/Conversation/T_Dialogue_IconBackgroundCircle.tga 400 130 128 120> Уменьшение урона (улучшено обивкой),,,ModItemInventoryItemCompositeDef LightHelmet_WeavePadding AdditionalHint
754596814376,Тяжелый жилет,,,ModItemInventoryItemCompositeDef HeavyArmorChestplate DisplayName
162979481042,Тяжелые жилеты,,,ModItemInventoryItemCompositeDef HeavyArmorChestplate DisplayNamePlural
114849173325,<image UI/Conversation/T_Dialogue_IconBackgroundCircle.tga 400 130 128 120> Громоздкое (нет бесплатного перемещения),,,ModItemInventoryItemCompositeDef HeavyArmorChestplate AdditionalHint
440347915749,Тяжелый жилет,,,ModItemInventoryItemCompositeDef HeavyArmorChestplate_CeramicPlates DisplayName
883207086130,Тяжелые жилеты,,,ModItemInventoryItemCompositeDef HeavyArmorChestplate_CeramicPlates DisplayNamePlural
445718228934,"<image UI/Conversation/T_Dialogue_IconBackgroundCircle.tga 400 130 128 120> Уменьшение урона (улучшено керамическими пластинами)
<image UI/Conversation/T_Dialogue_IconBackgroundCircle.tga 400 130 128 120> Керамические пластины ломаются после <color 124 130 96><RevertConditionCounter></color> попаданий
<image UI/Conversation/T_Dialogue_IconBackgroundCircle.tga 400 130 128 120> Громоздкое (нет бесплатного перемещения)",,,ModItemInventoryItemCompositeDef HeavyArmorChestplate_CeramicPlates AdditionalHint
984664321988,Тяжелый жилет с композитумом,,,ModItemInventoryItemCompositeDef HeavyArmorChestplate_Kompositum DisplayName
480981247125,Тяжелые жилеты с композитумом,,,ModItemInventoryItemCompositeDef HeavyArmorChestplate_Kompositum DisplayNamePlural
582028486755,"<image UI/Conversation/T_Dialogue_IconBackgroundCircle.tga 400 130 128 120> Громоздкое (нет бесплатного перемещения)
<image UI/Conversation/T_Dialogue_IconBackgroundCircle.tga 400 130 128 120> Совмещено с композитумом-58",,,ModItemInventoryItemCompositeDef HeavyArmorChestplate_Kompositum AdditionalHint
814111881138,Тяжелый жилет,,,ModItemInventoryItemCompositeDef HeavyArmorChestplate_WeavePadding DisplayName
799485075416,Тяжелые жилеты,,,ModItemInventoryItemCompositeDef HeavyArmorChestplate_WeavePadding DisplayNamePlural
718835019569,"<image UI/Conversation/T_Dialogue_IconBackgroundCircle.tga 400 130 128 120> Уменьшение урона (улучшено обивкой)
<image UI/Conversation/T_Dialogue_IconBackgroundCircle.tga 400 130 128 120> Громоздкое (нет бесплатного перемещения)",,,ModItemInventoryItemCompositeDef HeavyArmorChestplate_WeavePadding AdditionalHint
859735509201,Тяжелый шлем,,,ModItemInventoryItemCompositeDef HeavyArmorHelmet DisplayName
661364064144,Тяжелые шлемы,,,ModItemInventoryItemCompositeDef HeavyArmorHelmet DisplayNamePlural
182213296782,<image UI/Conversation/T_Dialogue_IconBackgroundCircle.tga 400 130 128 120> Громоздкое (нет бесплатного перемещения),,,ModItemInventoryItemCompositeDef HeavyArmorHelmet AdditionalHint
609270857232,Тяжелый шлем с композитумом,,,ModItemInventoryItemCompositeDef HeavyArmorHelmet_Kompositum DisplayName
935805626814,Тяжелые шлемы с композитумом,,,ModItemInventoryItemCompositeDef HeavyArmorHelmet_Kompositum DisplayNamePlural
682687453939,"<image UI/Conversation/T_Dialogue_IconBackgroundCircle.tga 400 130 128 120> Громоздкое (нет бесплатного перемещения)
<image UI/Conversation/T_Dialogue_IconBackgroundCircle.tga 400 130 128 120> Совмещено с композитумом-58",,,ModItemInventoryItemCompositeDef HeavyArmorHelmet_Kompositum AdditionalHint
825884219505,Тяжелый шлем,,,ModItemInventoryItemCompositeDef HeavyArmorHelmet_WeavePadding DisplayName
524651216325,Тяжелые шлемы,,,ModItemInventoryItemCompositeDef HeavyArmorHelmet_WeavePadding DisplayNamePlural
401733130773,"<image UI/Conversation/T_Dialogue_IconBackgroundCircle.tga 400 130 128 120> Уменьшение урона (улучшено обивкой)
<image UI/Conversation/T_Dialogue_IconBackgroundCircle.tga 400 130 128 120> Громоздкое (нет бесплатного перемещения)",,,ModItemInventoryItemCompositeDef HeavyArmorHelmet_WeavePadding AdditionalHint
527721097011,Тяжелые поножи,,,ModItemInventoryItemCompositeDef HeavyArmorLeggings DisplayName
529453567249,Тяжелые поножи,,,ModItemInventoryItemCompositeDef HeavyArmorLeggings DisplayNamePlural
384866989315,<image UI/Conversation/T_Dialogue_IconBackgroundCircle.tga 400 130 128 120> Громоздкое (нет бесплатного перемещения),,,ModItemInventoryItemCompositeDef HeavyArmorLeggings AdditionalHint
323411627919,Тяжелые поножи с композитумом,,,ModItemInventoryItemCompositeDef HeavyArmorLeggings_Kompositum DisplayName
598686624041,Тяжелые поножи с композитумом,,,ModItemInventoryItemCompositeDef HeavyArmorLeggings_Kompositum DisplayNamePlural
280869603163,"<image UI/Conversation/T_Dialogue_IconBackgroundCircle.tga 400 130 128 120> Громоздкое (нет бесплатного перемещения)
<image UI/Conversation/T_Dialogue_IconBackgroundCircle.tga 400 130 128 120> Совмещено с композитумом-58",,,ModItemInventoryItemCompositeDef HeavyArmorLeggings_Kompositum AdditionalHint
856878373526,Тяжелые поножи,,,ModItemInventoryItemCompositeDef HeavyArmorLeggings_WeavePadding DisplayName
791419567704,Тяжелые поножи,,,ModItemInventoryItemCompositeDef HeavyArmorLeggings_WeavePadding DisplayNamePlural
333324704149,"<image UI/Conversation/T_Dialogue_IconBackgroundCircle.tga 400 130 128 120> Уменьшение урона (улучшено обивкой)
<image UI/Conversation/T_Dialogue_IconBackgroundCircle.tga 400 130 128 120> Громоздкое (нет бесплатного перемещения)",,,ModItemInventoryItemCompositeDef HeavyArmorLeggings_WeavePadding AdditionalHint
911518580122,Тяжелая броня,,,ModItemInventoryItemCompositeDef HeavyArmorTorso DisplayName
765289767718,Тяжелая броня,,,ModItemInventoryItemCompositeDef HeavyArmorTorso DisplayNamePlural
532145267048,<image UI/Conversation/T_Dialogue_IconBackgroundCircle.tga 400 130 128 120> Громоздкое (нет бесплатного перемещения),,,ModItemInventoryItemCompositeDef HeavyArmorTorso AdditionalHint
886023642493,Тяжелая броня,,,ModItemInventoryItemCompositeDef HeavyArmorTorso_CeramicPlates DisplayName
497423657836,Тяжелая броня,,,ModItemInventoryItemCompositeDef HeavyArmorTorso_CeramicPlates DisplayNamePlural
444519571576,"<image UI/Conversation/T_Dialogue_IconBackgroundCircle.tga 400 130 128 120> Уменьшение урона (улучшено керамическими пластинами)
<image UI/Conversation/T_Dialogue_IconBackgroundCircle.tga 400 130 128 120> Керамические пластины ломаются после <color 124 130 96><RevertConditionCounter></color> попаданий
<image UI/Conversation/T_Dialogue_IconBackgroundCircle.tga 400 130 128 120> Громоздкое (нет бесплатного перемещения)",,,ModItemInventoryItemCompositeDef HeavyArmorTorso_CeramicPlates AdditionalHint
181490651174,Тяжелая броня с композитумом,,,ModItemInventoryItemCompositeDef HeavyArmorTorso_Kompositum DisplayName
764894323039,Тяжелая броня с композитумом,,,ModItemInventoryItemCompositeDef HeavyArmorTorso_Kompositum DisplayNamePlural
298476924717,"<image UI/Conversation/T_Dialogue_IconBackgroundCircle.tga 400 130 128 120> Громоздкое (нет бесплатного перемещения)
<image UI/Conversation/T_Dialogue_IconBackgroundCircle.tga 400 130 128 120> Совмещено с композитумом-58",,,ModItemInventoryItemCompositeDef HeavyArmorTorso_Kompositum AdditionalHint
954547296613,Тяжелая броня,,,ModItemInventoryItemCompositeDef HeavyArmorTorso_WeavePadding DisplayName
352262315508,Тяжелая броня,,,ModItemInventoryItemCompositeDef HeavyArmorTorso_WeavePadding DisplayNamePlural
291156604381,"<image UI/Conversation/T_Dialogue_IconBackgroundCircle.tga 400 130 128 120> Уменьшение урона (улучшено обивкой)
<image UI/Conversation/T_Dialogue_IconBackgroundCircle.tga 400 130 128 120> Громоздкое (нет бесплатного перемещения)",,,ModItemInventoryItemCompositeDef HeavyArmorTorso_WeavePadding AdditionalHint
171999081293,Кевларовый жилет,,,ModItemInventoryItemCompositeDef KevlarChestplate DisplayName
140977241030,Кевларовые жилеты,,,ModItemInventoryItemCompositeDef KevlarChestplate DisplayNamePlural
719033707774,Кевларовый жилет,,,ModItemInventoryItemCompositeDef KevlarChestplate_CeramicPlates DisplayName
909068412127,Кевларовые жилеты,,,ModItemInventoryItemCompositeDef KevlarChestplate_CeramicPlates DisplayNamePlural
412930930936,"<image UI/Conversation/T_Dialogue_IconBackgroundCircle.tga 400 130 128 120> Уменьшение урона (улучшено керамическими пластинами) 
<image UI/Conversation/T_Dialogue_IconBackgroundCircle.tga 400 130 128 120> Керамические пластины ломаются после <color 124 130 96><RevertConditionCounter></color> попаданий",,,ModItemInventoryItemCompositeDef KevlarChestplate_CeramicPlates AdditionalHint
530972902878,Кевларовый жилет с композитумом,,,ModItemInventoryItemCompositeDef KevlarChestplate_Kompositum DisplayName
856355659942,Кевларовые жилеты с композитумом,,,ModItemInventoryItemCompositeDef KevlarChestplate_Kompositum DisplayNamePlural
551968918766,<image UI/Conversation/T_Dialogue_IconBackgroundCircle.tga 400 130 128 120> Совмещен с композитумом-58,,,ModItemInventoryItemCompositeDef KevlarChestplate_Kompositum AdditionalHint
658453307514,Кевларовый жилет,,,ModItemInventoryItemCompositeDef KevlarChestplate_WeavePadding DisplayName
595433110248,Кевларовые жилеты,,,ModItemInventoryItemCompositeDef KevlarChestplate_WeavePadding DisplayNamePlural
992417108694,<image UI/Conversation/T_Dialogue_IconBackgroundCircle.tga 400 130 128 120> Уменьшение урона (улучшено обивкой),,,ModItemInventoryItemCompositeDef KevlarChestplate_WeavePadding AdditionalHint
727410775892,Кевларовый шлем,,,ModItemInventoryItemCompositeDef KevlarHelmet DisplayName
420298800307,Кевларовые шлемы,,,ModItemInventoryItemCompositeDef KevlarHelmet DisplayNamePlural
461433004456,Кевларовый шлем с композитумом,,,ModItemInventoryItemCompositeDef KevlarHelmet_Kompositum DisplayName
194938987161,Кевларовые шлемы с композитумом,,,ModItemInventoryItemCompositeDef KevlarHelmet_Kompositum DisplayNamePlural
683341693163,<image UI/Conversation/T_Dialogue_IconBackgroundCircle.tga 400 130 128 120> Совмещен с композитумом-58,,,ModItemInventoryItemCompositeDef KevlarHelmet_Kompositum AdditionalHint
578064514576,Кевларовый шлем,,,ModItemInventoryItemCompositeDef KevlarHelmet_WeavePadding DisplayName
992657978670,Кевларовые шлемы,,,ModItemInventoryItemCompositeDef KevlarHelmet_WeavePadding DisplayNamePlural
631236464593,<image UI/Conversation/T_Dialogue_IconBackgroundCircle.tga 400 130 128 120> Уменьшение урона (улучшено обивкой),,,ModItemInventoryItemCompositeDef KevlarHelmet_WeavePadding AdditionalHint
147514683515,Кевларовые поножи,,,ModItemInventoryItemCompositeDef KevlarLeggings DisplayName
122895896849,Кевларовые поножи,,,ModItemInventoryItemCompositeDef KevlarLeggings DisplayNamePlural
214894053042,Кевларовые поножи с композитумом,,,ModItemInventoryItemCompositeDef KevlarLeggings_Kompositum DisplayName
780396007032,Кевларовые поножи с композитумом,,,ModItemInventoryItemCompositeDef KevlarLeggings_Kompositum DisplayNamePlural
995306061923,<image UI/Conversation/T_Dialogue_IconBackgroundCircle.tga 400 130 128 120> Совмещен с композитумом-58,,,ModItemInventoryItemCompositeDef KevlarLeggings_Kompositum AdditionalHint
524245451766,Кевларовые поножи,,,ModItemInventoryItemCompositeDef KevlarLeggings_WeavePadding DisplayName
714437491681,Кевларовые поножи,,,ModItemInventoryItemCompositeDef KevlarLeggings_WeavePadding DisplayNamePlural
461555887626,<image UI/Conversation/T_Dialogue_IconBackgroundCircle.tga 400 130 128 120> Уменьшение урона (улучшено обивкой),,,ModItemInventoryItemCompositeDef KevlarLeggings_WeavePadding AdditionalHint
895477849807,Кевларовая броня,,,ModItemInventoryItemCompositeDef KevlarVest DisplayName
981824319120,Кевларовая броня,,,ModItemInventoryItemCompositeDef KevlarVest DisplayNamePlural
598227833265,Кевларовая броня,,,ModItemInventoryItemCompositeDef KevlarVest_CeramicPlates DisplayName
384155043172,Кевларовая броня,,,ModItemInventoryItemCompositeDef KevlarVest_CeramicPlates DisplayNamePlural
124583488574,"<image UI/Conversation/T_Dialogue_IconBackgroundCircle.tga 400 130 128 120> Уменьшение урона (улучшено керамическими пластинами) 
<image UI/Conversation/T_Dialogue_IconBackgroundCircle.tga 400 130 128 120> Керамические пластины ломаются после <color 124 130 96><RevertConditionCounter></color> попаданий",,,ModItemInventoryItemCompositeDef KevlarVest_CeramicPlates AdditionalHint
823900978072,Кевларовая броня с композитумом,,,ModItemInventoryItemCompositeDef KevlarVest_Kompositum DisplayName
409339668841,Кевларовая броня с композитумом,,,ModItemInventoryItemCompositeDef KevlarVest_Kompositum DisplayNamePlural
800129119632,<image UI/Conversation/T_Dialogue_IconBackgroundCircle.tga 400 130 128 120> Совмещен с композитумом-58,,,ModItemInventoryItemCompositeDef KevlarVest_Kompositum AdditionalHint
499127758353,Кевларовая броня,,,ModItemInventoryItemCompositeDef KevlarVest_WeavePadding DisplayName
861841151262,Кевларовая броня,,,ModItemInventoryItemCompositeDef KevlarVest_WeavePadding DisplayNamePlural
983595909003,<image UI/Conversation/T_Dialogue_IconBackgroundCircle.tga 400 130 128 120> Уменьшение урона (улучшено обивкой),,,ModItemInventoryItemCompositeDef KevlarVest_WeavePadding AdditionalHint
989253845237,Блестящий шлем,,,ModItemInventoryItemCompositeDef PostApoHelmet DisplayName
621073497977,Блестящие шлемы,,,ModItemInventoryItemCompositeDef PostApoHelmet DisplayNamePlural
411421104846,"<image UI/Conversation/T_Dialogue_IconBackgroundCircle.tga 400 130 128 120> Ломается ОЧЕНЬ часто
<image UI/Conversation/T_Dialogue_IconBackgroundCircle.tga 400 130 128 120> Плюс 100 к безумию",,,ModItemInventoryItemCompositeDef PostApoHelmet AdditionalHint
726783320445,Шлем «Отряда смерти»,,,ModItemInventoryItemCompositeDef ShamanHelmet DisplayName
170212068235,Шлемы «Отряда смерти»,,,ModItemInventoryItemCompositeDef ShamanHelmet DisplayNamePlural
115086347301,<image UI/Conversation/T_Dialogue_IconBackgroundCircle.tga 400 130 128 120> Нельзя совмещать с обивкой или керамическими пластинами,,,ModItemInventoryItemCompositeDef ShamanHelmet AdditionalHint
211442403430,Поножи «Отряда смерти»,,,ModItemInventoryItemCompositeDef ShamanLeggings DisplayName
950499779265,Поножи «Отряда смерти»,,,ModItemInventoryItemCompositeDef ShamanLeggings DisplayNamePlural
195459271638,<image UI/Conversation/T_Dialogue_IconBackgroundCircle.tga 400 130 128 120> Нельзя совмещать с обивкой или керамическими пластинами,,,ModItemInventoryItemCompositeDef ShamanLeggings AdditionalHint
982881322601,Броня «Отряда смерти»,,,ModItemInventoryItemCompositeDef ShamanTorso DisplayName
690619539512,Броня «Отряда смерти»,,,ModItemInventoryItemCompositeDef ShamanTorso DisplayNamePlural
478349261963,<image UI/Conversation/T_Dialogue_IconBackgroundCircle.tga 400 130 128 120> Нельзя совмещать с обивкой или керамическими пластинами,,,ModItemInventoryItemCompositeDef ShamanTorso AdditionalHint
176680467808,Лег. камуфляжная броня,,,ModItemInventoryItemCompositeDef CamoArmor_Light DisplayName
245181127534,Лег. камуфляжная броня,,,ModItemInventoryItemCompositeDef CamoArmor_Light DisplayNamePlural
269575301180,"<image UI/Conversation/T_Dialogue_IconBackgroundCircle.tga 400 130 128 120> Усложняет обнаружение противником
<image UI/Conversation/T_Dialogue_IconBackgroundCircle.tga 400 130 128 120> Против камуфлированных целей прицеливание работает хуже
<image UI/Conversation/T_Dialogue_IconBackgroundCircle.tga 400 130 128 120> Нельзя совмещать с обивкой или керамическими пластинами",,,ModItemInventoryItemCompositeDef CamoArmor_Light AdditionalHint
809083860417,Лег. камуфляжная броня с композитумом,,,ModItemInventoryItemCompositeDef CamoArmor_Light_Kompositum DisplayName
917048102694,Лег. камуфляжная броня с композитумом,,,ModItemInventoryItemCompositeDef CamoArmor_Light_Kompositum DisplayNamePlural
463559312941,"<image UI/Conversation/T_Dialogue_IconBackgroundCircle.tga 400 130 128 120> Усложняет обнаружение противником
<image UI/Conversation/T_Dialogue_IconBackgroundCircle.tga 400 130 128 120> Против камуфлированных целей прицеливание работает хуже
<image UI/Conversation/T_Dialogue_IconBackgroundCircle.tga 400 130 128 120> Совмещена с композитумом-58",,,ModItemInventoryItemCompositeDef CamoArmor_Light_Kompositum AdditionalHint
677597769278,Ср. камуфляжная броня,,,ModItemInventoryItemCompositeDef CamoArmor_Medium DisplayName
181139609750,Ср. камуфляжная броня,,,ModItemInventoryItemCompositeDef CamoArmor_Medium DisplayNamePlural
985483183023,"<image UI/Conversation/T_Dialogue_IconBackgroundCircle.tga 400 130 128 120> Усложняет обнаружение противником
<image UI/Conversation/T_Dialogue_IconBackgroundCircle.tga 400 130 128 120> Против камуфлированных целей прицеливание работает хуже
<image UI/Conversation/T_Dialogue_IconBackgroundCircle.tga 400 130 128 120> Нельзя совмещать с обивкой или керамическими пластинами",,,ModItemInventoryItemCompositeDef CamoArmor_Medium AdditionalHint
590810449248,Ср. камуфляжная броня с композитумом,,,ModItemInventoryItemCompositeDef CamoArmor_Medium_Kompositum DisplayName
538225683768,Ср. камуфляжная броня с композитумом,,,ModItemInventoryItemCompositeDef CamoArmor_Medium_Kompositum DisplayNamePlural
149455538270,"<image UI/Conversation/T_Dialogue_IconBackgroundCircle.tga 400 130 128 120> Усложняет обнаружение противником
<image UI/Conversation/T_Dialogue_IconBackgroundCircle.tga 400 130 128 120> Против камуфлированных целей прицеливание работает хуже
<image UI/Conversation/T_Dialogue_IconBackgroundCircle.tga 400 130 128 120> Совмещена с композитумом-58",,,ModItemInventoryItemCompositeDef CamoArmor_Medium_Kompositum AdditionalHint
612033604870,Противооскол. броня,,,ModItemInventoryItemCompositeDef FlakArmor DisplayName
406643233960,Противооскол. броня,,,ModItemInventoryItemCompositeDef FlakArmor DisplayNamePlural
135880051710,Противооскол. броня,,,ModItemInventoryItemCompositeDef FlakArmor_CeramicPlates DisplayName
142056492700,Противооскол. броня,,,ModItemInventoryItemCompositeDef FlakArmor_CeramicPlates DisplayNamePlural
880407302657,"<image UI/Conversation/T_Dialogue_IconBackgroundCircle.tga 400 130 128 120> Уменьшение урона (улучшено керамическими пластинами) 
<image UI/Conversation/T_Dialogue_IconBackgroundCircle.tga 400 130 128 120> Керамические пластины ломаются после <color 124 130 96><RevertConditionCounter></color> попаданий",,,ModItemInventoryItemCompositeDef FlakArmor_CeramicPlates AdditionalHint
638287958448,Противооскол. броня с композитумом,,,ModItemInventoryItemCompositeDef FlakArmor_Kompositum DisplayName
599738000664,Противооскол. броня с композитумом,,,ModItemInventoryItemCompositeDef FlakArmor_Kompositum DisplayNamePlural
338160900130,<image UI/Conversation/T_Dialogue_IconBackgroundCircle.tga 400 130 128 120> Совмещена с композитумом-58,,,ModItemInventoryItemCompositeDef FlakArmor_Kompositum AdditionalHint
498898352412,Противооскол. броня,,,ModItemInventoryItemCompositeDef FlakArmor_WeavePadding DisplayName
816901331839,Противооскол. броня,,,ModItemInventoryItemCompositeDef FlakArmor_WeavePadding DisplayNamePlural
534547008279,<image UI/Conversation/T_Dialogue_IconBackgroundCircle.tga 400 130 128 120> Уменьшение урона (улучшено обивкой),,,ModItemInventoryItemCompositeDef FlakArmor_WeavePadding AdditionalHint
775356299127,Противооскол. поножи,,,ModItemInventoryItemCompositeDef FlakLeggings DisplayName
779452662384,Противооскол. поножи,,,ModItemInventoryItemCompositeDef FlakLeggings DisplayNamePlural
216575034395,Противооскол. поножи с композитумом,,,ModItemInventoryItemCompositeDef FlakLeggings_Kompositum DisplayName
737706779906,Противооскол. поножи с композитумом,,,ModItemInventoryItemCompositeDef FlakLeggings_Kompositum DisplayNamePlural
159580702234,<image UI/Conversation/T_Dialogue_IconBackgroundCircle.tga 400 130 128 120> Совмещены с композитумом-58,,,ModItemInventoryItemCompositeDef FlakLeggings_Kompositum AdditionalHint
879043784786,Противооскол. поножи,,,ModItemInventoryItemCompositeDef FlakLeggings_WeavePadding DisplayName
109162060015,Противооскол. поножи,,,ModItemInventoryItemCompositeDef FlakLeggings_WeavePadding DisplayNamePlural
634168663357,<image UI/Conversation/T_Dialogue_IconBackgroundCircle.tga 400 130 128 120> Уменьшение урона (улучшено обивкой),,,ModItemInventoryItemCompositeDef FlakLeggings_WeavePadding AdditionalHint
638630093798,Противооскол. жилет,,,ModItemInventoryItemCompositeDef FlakVest DisplayName
414954258016,Противооскол. жилеты,,,ModItemInventoryItemCompositeDef FlakVest DisplayNamePlural
376468045664,Противооскол. жилет,,,ModItemInventoryItemCompositeDef FlakVest_CeramicPlates DisplayName
415106411582,Противооскол. жилеты,,,ModItemInventoryItemCompositeDef FlakVest_CeramicPlates DisplayNamePlural
989195542514,"<image UI/Conversation/T_Dialogue_IconBackgroundCircle.tga 400 130 128 120> Уменьшение урона (улучшено керамическими пластинами) 
<image UI/Conversation/T_Dialogue_IconBackgroundCircle.tga 400 130 128 120> Керамические пластины ломаются после <color 124 130 96><RevertConditionCounter></color> попаданий",,,ModItemInventoryItemCompositeDef FlakVest_CeramicPlates AdditionalHint
990879324447,Противооскол. жилет с композитумом,,,ModItemInventoryItemCompositeDef FlakVest_Kompositum DisplayName
138280566841,Противооскол. жилеты с композитумом,,,ModItemInventoryItemCompositeDef FlakVest_Kompositum DisplayNamePlural
963354304515,<image UI/Conversation/T_Dialogue_IconBackgroundCircle.tga 400 130 128 120> Совмещен с композитумом-58,,,ModItemInventoryItemCompositeDef FlakVest_Kompositum AdditionalHint
671915260166,Противооскол. жилет,,,ModItemInventoryItemCompositeDef FlakVest_WeavePadding DisplayName
762378763698,Противооскол. жилеты,,,ModItemInventoryItemCompositeDef FlakVest_WeavePadding DisplayNamePlural
151609995365,<image UI/Conversation/T_Dialogue_IconBackgroundCircle.tga 400 130 128 120> Уменьшение урона (улучшено обивкой),,,ModItemInventoryItemCompositeDef FlakVest_WeavePadding AdditionalHint
228069854290,Легкий шлем,,,ModItemInventoryItemCompositeDef LightHelmet DisplayName
733878481011,Легкие шлемы,,,ModItemInventoryItemCompositeDef LightHelmet DisplayNamePlural
814275127871,Легкий шлем с композитумом,,,ModItemInventoryItemCompositeDef LightHelmet_Kompositum DisplayName
876163433457,Легкие шлемы с композитумом,,,ModItemInventoryItemCompositeDef LightHelmet_Kompositum DisplayNamePlural
490769479545,<image UI/Conversation/T_Dialogue_IconBackgroundCircle.tga 400 130 128 120> Совмещен с композитумом-58,,,ModItemInventoryItemCompositeDef LightHelmet_Kompositum AdditionalHint
949393035512,Легкий шлем,,,ModItemInventoryItemCompositeDef LightHelmet_WeavePadding DisplayName
168224329987,Легкие шлемы,,,ModItemInventoryItemCompositeDef LightHelmet_WeavePadding DisplayNamePlural
242887718487,<image UI/Conversation/T_Dialogue_IconBackgroundCircle.tga 400 130 128 120> Уменьшение урона (улучшено обивкой),,,ModItemInventoryItemCompositeDef LightHelmet_WeavePadding AdditionalHint
754596814376,Тяжелый жилет,,,ModItemInventoryItemCompositeDef HeavyArmorChestplate DisplayName
162979481042,Тяжелые жилеты,,,ModItemInventoryItemCompositeDef HeavyArmorChestplate DisplayNamePlural
114849173325,<image UI/Conversation/T_Dialogue_IconBackgroundCircle.tga 400 130 128 120> Громоздкое (нет бесплатного перемещения),,,ModItemInventoryItemCompositeDef HeavyArmorChestplate AdditionalHint
440347915749,Тяжелый жилет,,,ModItemInventoryItemCompositeDef HeavyArmorChestplate_CeramicPlates DisplayName
883207086130,Тяжелые жилеты,,,ModItemInventoryItemCompositeDef HeavyArmorChestplate_CeramicPlates DisplayNamePlural
445718228934,"<image UI/Conversation/T_Dialogue_IconBackgroundCircle.tga 400 130 128 120> Уменьшение урона (улучшено керамическими пластинами)
<image UI/Conversation/T_Dialogue_IconBackgroundCircle.tga 400 130 128 120> Керамические пластины ломаются после <color 124 130 96><RevertConditionCounter></color> попаданий
<image UI/Conversation/T_Dialogue_IconBackgroundCircle.tga 400 130 128 120> Громоздкое (нет бесплатного перемещения)",,,ModItemInventoryItemCompositeDef HeavyArmorChestplate_CeramicPlates AdditionalHint
984664321988,Тяжелый жилет с композитумом,,,ModItemInventoryItemCompositeDef HeavyArmorChestplate_Kompositum DisplayName
480981247125,Тяжелые жилеты с композитумом,,,ModItemInventoryItemCompositeDef HeavyArmorChestplate_Kompositum DisplayNamePlural
582028486755,"<image UI/Conversation/T_Dialogue_IconBackgroundCircle.tga 400 130 128 120> Громоздкое (нет бесплатного перемещения)
<image UI/Conversation/T_Dialogue_IconBackgroundCircle.tga 400 130 128 120> Совмещено с композитумом-58",,,ModItemInventoryItemCompositeDef HeavyArmorChestplate_Kompositum AdditionalHint
814111881138,Тяжелый жилет,,,ModItemInventoryItemCompositeDef HeavyArmorChestplate_WeavePadding DisplayName
799485075416,Тяжелые жилеты,,,ModItemInventoryItemCompositeDef HeavyArmorChestplate_WeavePadding DisplayNamePlural
718835019569,"<image UI/Conversation/T_Dialogue_IconBackgroundCircle.tga 400 130 128 120> Уменьшение урона (улучшено обивкой)
<image UI/Conversation/T_Dialogue_IconBackgroundCircle.tga 400 130 128 120> Громоздкое (нет бесплатного перемещения)",,,ModItemInventoryItemCompositeDef HeavyArmorChestplate_WeavePadding AdditionalHint
859735509201,Тяжелый шлем,,,ModItemInventoryItemCompositeDef HeavyArmorHelmet DisplayName
661364064144,Тяжелые шлемы,,,ModItemInventoryItemCompositeDef HeavyArmorHelmet DisplayNamePlural
182213296782,<image UI/Conversation/T_Dialogue_IconBackgroundCircle.tga 400 130 128 120> Громоздкое (нет бесплатного перемещения),,,ModItemInventoryItemCompositeDef HeavyArmorHelmet AdditionalHint
609270857232,Тяжелый шлем с композитумом,,,ModItemInventoryItemCompositeDef HeavyArmorHelmet_Kompositum DisplayName
935805626814,Тяжелые шлемы с композитумом,,,ModItemInventoryItemCompositeDef HeavyArmorHelmet_Kompositum DisplayNamePlural
682687453939,"<image UI/Conversation/T_Dialogue_IconBackgroundCircle.tga 400 130 128 120> Громоздкое (нет бесплатного перемещения)
<image UI/Conversation/T_Dialogue_IconBackgroundCircle.tga 400 130 128 120> Совмещено с композитумом-58",,,ModItemInventoryItemCompositeDef HeavyArmorHelmet_Kompositum AdditionalHint
825884219505,Тяжелый шлем,,,ModItemInventoryItemCompositeDef HeavyArmorHelmet_WeavePadding DisplayName
524651216325,Тяжелые шлемы,,,ModItemInventoryItemCompositeDef HeavyArmorHelmet_WeavePadding DisplayNamePlural
401733130773,"<image UI/Conversation/T_Dialogue_IconBackgroundCircle.tga 400 130 128 120> Уменьшение урона (улучшено обивкой)
<image UI/Conversation/T_Dialogue_IconBackgroundCircle.tga 400 130 128 120> Громоздкое (нет бесплатного перемещения)",,,ModItemInventoryItemCompositeDef HeavyArmorHelmet_WeavePadding AdditionalHint
527721097011,Тяжелые поножи,,,ModItemInventoryItemCompositeDef HeavyArmorLeggings DisplayName
529453567249,Тяжелые поножи,,,ModItemInventoryItemCompositeDef HeavyArmorLeggings DisplayNamePlural
384866989315,<image UI/Conversation/T_Dialogue_IconBackgroundCircle.tga 400 130 128 120> Громоздкое (нет бесплатного перемещения),,,ModItemInventoryItemCompositeDef HeavyArmorLeggings AdditionalHint
323411627919,Тяжелые поножи с композитумом,,,ModItemInventoryItemCompositeDef HeavyArmorLeggings_Kompositum DisplayName
598686624041,Тяжелые поножи с композитумом,,,ModItemInventoryItemCompositeDef HeavyArmorLeggings_Kompositum DisplayNamePlural
280869603163,"<image UI/Conversation/T_Dialogue_IconBackgroundCircle.tga 400 130 128 120> Громоздкое (нет бесплатного перемещения)
<image UI/Conversation/T_Dialogue_IconBackgroundCircle.tga 400 130 128 120> Совмещено с композитумом-58",,,ModItemInventoryItemCompositeDef HeavyArmorLeggings_Kompositum AdditionalHint
856878373526,Тяжелые поножи,,,ModItemInventoryItemCompositeDef HeavyArmorLeggings_WeavePadding DisplayName
791419567704,Тяжелые поножи,,,ModItemInventoryItemCompositeDef HeavyArmorLeggings_WeavePadding DisplayNamePlural
333324704149,"<image UI/Conversation/T_Dialogue_IconBackgroundCircle.tga 400 130 128 120> Уменьшение урона (улучшено обивкой)
<image UI/Conversation/T_Dialogue_IconBackgroundCircle.tga 400 130 128 120> Громоздкое (нет бесплатного перемещения)",,,ModItemInventoryItemCompositeDef HeavyArmorLeggings_WeavePadding AdditionalHint
911518580122,Тяжелая броня,,,ModItemInventoryItemCompositeDef HeavyArmorTorso DisplayName
765289767718,Тяжелая броня,,,ModItemInventoryItemCompositeDef HeavyArmorTorso DisplayNamePlural
532145267048,<image UI/Conversation/T_Dialogue_IconBackgroundCircle.tga 400 130 128 120> Громоздкое (нет бесплатного перемещения),,,ModItemInventoryItemCompositeDef HeavyArmorTorso AdditionalHint
886023642493,Тяжелая броня,,,ModItemInventoryItemCompositeDef HeavyArmorTorso_CeramicPlates DisplayName
497423657836,Тяжелая броня,,,ModItemInventoryItemCompositeDef HeavyArmorTorso_CeramicPlates DisplayNamePlural
444519571576,"<image UI/Conversation/T_Dialogue_IconBackgroundCircle.tga 400 130 128 120> Уменьшение урона (улучшено керамическими пластинами)
<image UI/Conversation/T_Dialogue_IconBackgroundCircle.tga 400 130 128 120> Керамические пластины ломаются после <color 124 130 96><RevertConditionCounter></color> попаданий
<image UI/Conversation/T_Dialogue_IconBackgroundCircle.tga 400 130 128 120> Громоздкое (нет бесплатного перемещения)",,,ModItemInventoryItemCompositeDef HeavyArmorTorso_CeramicPlates AdditionalHint
181490651174,Тяжелая броня с композитумом,,,ModItemInventoryItemCompositeDef HeavyArmorTorso_Kompositum DisplayName
764894323039,Тяжелая броня с композитумом,,,ModItemInventoryItemCompositeDef HeavyArmorTorso_Kompositum DisplayNamePlural
298476924717,"<image UI/Conversation/T_Dialogue_IconBackgroundCircle.tga 400 130 128 120> Громоздкое (нет бесплатного перемещения)
<image UI/Conversation/T_Dialogue_IconBackgroundCircle.tga 400 130 128 120> Совмещено с композитумом-58",,,ModItemInventoryItemCompositeDef HeavyArmorTorso_Kompositum AdditionalHint
954547296613,Тяжелая броня,,,ModItemInventoryItemCompositeDef HeavyArmorTorso_WeavePadding DisplayName
352262315508,Тяжелая броня,,,ModItemInventoryItemCompositeDef HeavyArmorTorso_WeavePadding DisplayNamePlural
291156604381,"<image UI/Conversation/T_Dialogue_IconBackgroundCircle.tga 400 130 128 120> Уменьшение урона (улучшено обивкой)
<image UI/Conversation/T_Dialogue_IconBackgroundCircle.tga 400 130 128 120> Громоздкое (нет бесплатного перемещения)",,,ModItemInventoryItemCompositeDef HeavyArmorTorso_WeavePadding AdditionalHint
171999081293,Кевларовый жилет,,,ModItemInventoryItemCompositeDef KevlarChestplate DisplayName
140977241030,Кевларовые жилеты,,,ModItemInventoryItemCompositeDef KevlarChestplate DisplayNamePlural
719033707774,Кевларовый жилет,,,ModItemInventoryItemCompositeDef KevlarChestplate_CeramicPlates DisplayName
909068412127,Кевларовые жилеты,,,ModItemInventoryItemCompositeDef KevlarChestplate_CeramicPlates DisplayNamePlural
412930930936,"<image UI/Conversation/T_Dialogue_IconBackgroundCircle.tga 400 130 128 120> Уменьшение урона (улучшено керамическими пластинами) 
<image UI/Conversation/T_Dialogue_IconBackgroundCircle.tga 400 130 128 120> Керамические пластины ломаются после <color 124 130 96><RevertConditionCounter></color> попаданий",,,ModItemInventoryItemCompositeDef KevlarChestplate_CeramicPlates AdditionalHint
530972902878,Кевларовый жилет с композитумом,,,ModItemInventoryItemCompositeDef KevlarChestplate_Kompositum DisplayName
856355659942,Кевларовые жилеты с композитумом,,,ModItemInventoryItemCompositeDef KevlarChestplate_Kompositum DisplayNamePlural
551968918766,<image UI/Conversation/T_Dialogue_IconBackgroundCircle.tga 400 130 128 120> Совмещен с композитумом-58,,,ModItemInventoryItemCompositeDef KevlarChestplate_Kompositum AdditionalHint
658453307514,Кевларовый жилет,,,ModItemInventoryItemCompositeDef KevlarChestplate_WeavePadding DisplayName
595433110248,Кевларовые жилеты,,,ModItemInventoryItemCompositeDef KevlarChestplate_WeavePadding DisplayNamePlural
992417108694,<image UI/Conversation/T_Dialogue_IconBackgroundCircle.tga 400 130 128 120> Уменьшение урона (улучшено обивкой),,,ModItemInventoryItemCompositeDef KevlarChestplate_WeavePadding AdditionalHint
727410775892,Кевларовый шлем,,,ModItemInventoryItemCompositeDef KevlarHelmet DisplayName
420298800307,Кевларовые шлемы,,,ModItemInventoryItemCompositeDef KevlarHelmet DisplayNamePlural
461433004456,Кевларовый шлем с композитумом,,,ModItemInventoryItemCompositeDef KevlarHelmet_Kompositum DisplayName
194938987161,Кевларовые шлемы с композитумом,,,ModItemInventoryItemCompositeDef KevlarHelmet_Kompositum DisplayNamePlural
683341693163,<image UI/Conversation/T_Dialogue_IconBackgroundCircle.tga 400 130 128 120> Совмещен с композитумом-58,,,ModItemInventoryItemCompositeDef KevlarHelmet_Kompositum AdditionalHint
578064514576,Кевларовый шлем,,,ModItemInventoryItemCompositeDef KevlarHelmet_WeavePadding DisplayName
992657978670,Кевларовые шлемы,,,ModItemInventoryItemCompositeDef KevlarHelmet_WeavePadding DisplayNamePlural
631236464593,<image UI/Conversation/T_Dialogue_IconBackgroundCircle.tga 400 130 128 120> Уменьшение урона (улучшено обивкой),,,ModItemInventoryItemCompositeDef KevlarHelmet_WeavePadding AdditionalHint
147514683515,Кевларовые поножи,,,ModItemInventoryItemCompositeDef KevlarLeggings DisplayName
122895896849,Кевларовые поножи,,,ModItemInventoryItemCompositeDef KevlarLeggings DisplayNamePlural
214894053042,Кевларовые поножи с композитумом,,,ModItemInventoryItemCompositeDef KevlarLeggings_Kompositum DisplayName
780396007032,Кевларовые поножи с композитумом,,,ModItemInventoryItemCompositeDef KevlarLeggings_Kompositum DisplayNamePlural
995306061923,<image UI/Conversation/T_Dialogue_IconBackgroundCircle.tga 400 130 128 120> Совмещен с композитумом-58,,,ModItemInventoryItemCompositeDef KevlarLeggings_Kompositum AdditionalHint
524245451766,Кевларовые поножи,,,ModItemInventoryItemCompositeDef KevlarLeggings_WeavePadding DisplayName
714437491681,Кевларовые поножи,,,ModItemInventoryItemCompositeDef KevlarLeggings_WeavePadding DisplayNamePlural
461555887626,<image UI/Conversation/T_Dialogue_IconBackgroundCircle.tga 400 130 128 120> Уменьшение урона (улучшено обивкой),,,ModItemInventoryItemCompositeDef KevlarLeggings_WeavePadding AdditionalHint
895477849807,Кевларовая броня,,,ModItemInventoryItemCompositeDef KevlarVest DisplayName
981824319120,Кевларовая броня,,,ModItemInventoryItemCompositeDef KevlarVest DisplayNamePlural
598227833265,Кевларовая броня,,,ModItemInventoryItemCompositeDef KevlarVest_CeramicPlates DisplayName
384155043172,Кевларовая броня,,,ModItemInventoryItemCompositeDef KevlarVest_CeramicPlates DisplayNamePlural
124583488574,"<image UI/Conversation/T_Dialogue_IconBackgroundCircle.tga 400 130 128 120> Уменьшение урона (улучшено керамическими пластинами) 
<image UI/Conversation/T_Dialogue_IconBackgroundCircle.tga 400 130 128 120> Керамические пластины ломаются после <color 124 130 96><RevertConditionCounter></color> попаданий",,,ModItemInventoryItemCompositeDef KevlarVest_CeramicPlates AdditionalHint
823900978072,Кевларовая броня с композитумом,,,ModItemInventoryItemCompositeDef KevlarVest_Kompositum DisplayName
409339668841,Кевларовая броня с композитумом,,,ModItemInventoryItemCompositeDef KevlarVest_Kompositum DisplayNamePlural
800129119632,<image UI/Conversation/T_Dialogue_IconBackgroundCircle.tga 400 130 128 120> Совмещен с композитумом-58,,,ModItemInventoryItemCompositeDef KevlarVest_Kompositum AdditionalHint
499127758353,Кевларовая броня,,,ModItemInventoryItemCompositeDef KevlarVest_WeavePadding DisplayName
861841151262,Кевларовая броня,,,ModItemInventoryItemCompositeDef KevlarVest_WeavePadding DisplayNamePlural
983595909003,<image UI/Conversation/T_Dialogue_IconBackgroundCircle.tga 400 130 128 120> Уменьшение урона (улучшено обивкой),,,ModItemInventoryItemCompositeDef KevlarVest_WeavePadding AdditionalHint
989253845237,Блестящий шлем,,,ModItemInventoryItemCompositeDef PostApoHelmet DisplayName
621073497977,Блестящие шлемы,,,ModItemInventoryItemCompositeDef PostApoHelmet DisplayNamePlural
411421104846,"<image UI/Conversation/T_Dialogue_IconBackgroundCircle.tga 400 130 128 120> Ломается ОЧЕНЬ часто
<image UI/Conversation/T_Dialogue_IconBackgroundCircle.tga 400 130 128 120> Плюс 100 к безумию",,,ModItemInventoryItemCompositeDef PostApoHelmet AdditionalHint
726783320445,Шлем «Отряда смерти»,,,ModItemInventoryItemCompositeDef ShamanHelmet DisplayName
170212068235,Шлемы «Отряда смерти»,,,ModItemInventoryItemCompositeDef ShamanHelmet DisplayNamePlural
115086347301,<image UI/Conversation/T_Dialogue_IconBackgroundCircle.tga 400 130 128 120> Нельзя совмещать с обивкой или керамическими пластинами,,,ModItemInventoryItemCompositeDef ShamanHelmet AdditionalHint
211442403430,Поножи «Отряда смерти»,,,ModItemInventoryItemCompositeDef ShamanLeggings DisplayName
950499779265,Поножи «Отряда смерти»,,,ModItemInventoryItemCompositeDef ShamanLeggings DisplayNamePlural
195459271638,<image UI/Conversation/T_Dialogue_IconBackgroundCircle.tga 400 130 128 120> Нельзя совмещать с обивкой или керамическими пластинами,,,ModItemInventoryItemCompositeDef ShamanLeggings AdditionalHint
982881322601,Броня «Отряда смерти»,,,ModItemInventoryItemCompositeDef ShamanTorso DisplayName
690619539512,Броня «Отряда смерти»,,,ModItemInventoryItemCompositeDef ShamanTorso DisplayNamePlural
478349261963,<image UI/Conversation/T_Dialogue_IconBackgroundCircle.tga 400 130 128 120> Нельзя совмещать с обивкой или керамическими пластинами,,,ModItemInventoryItemCompositeDef ShamanTorso AdditionalHint
412147335923,Плита 3 класса защиты,,,ModItemInventoryItemCompositeDef PlateLevel3 DisplayName
971702583857,Плита 3 класса защиты,,,ModItemInventoryItemCompositeDef PlateLevel3 DisplayNamePlural
548431226087,Плита 3 класса защиты,,,ModItemInventoryItemCompositeDef PlateLevel3 Description
405754596547,"Обеспечивает защиту по 3 классу. Вставляется в бронежилеты.

Является средней броней, но не отнимает свободное перемещение.",,,ModItemInventoryItemCompositeDef PlateLevel3 AdditionalHint
671613123916,Плита 4 класса защиты,,,ModItemInventoryItemCompositeDef PlateLevel4 DisplayName
748941445361,Плита 4 класса защиты,,,ModItemInventoryItemCompositeDef PlateLevel4 DisplayNamePlural
526253934890,Плита 3 класса защиты,,,ModItemInventoryItemCompositeDef PlateLevel4 Description
391914276833,"Обеспечивает защиту по 4 классу. Вставляется в бронежилеты.

Является тяжелой броней, но не отнимает свободное перемещение.",,,ModItemInventoryItemCompositeDef PlateLevel4 AdditionalHint
456809595548,Плита 5 класса защиты,,,ModItemInventoryItemCompositeDef PlateLevel5 DisplayName
223718703476,Плита 5 класса защиты,,,ModItemInventoryItemCompositeDef PlateLevel5 DisplayNamePlural
396584313243,Плита 3 класса защиты,,,ModItemInventoryItemCompositeDef PlateLevel5 Description
955119681007,"Обеспечивает защиту по 5 классу. Вставляется в бронежилеты.

Является тяжелой броней, но не отнимает свободное перемещение.",,,ModItemInventoryItemCompositeDef PlateLevel5 AdditionalHint
412147335923,Плита 3 класса защиты,,,ModItemInventoryItemCompositeDef PlateLevel3 DisplayName
971702583857,Плита 3 класса защиты,,,ModItemInventoryItemCompositeDef PlateLevel3 DisplayNamePlural
548431226087,Плита 3 класса защиты,,,ModItemInventoryItemCompositeDef PlateLevel3 Description
405754596547,"Обеспечивает защиту по 3 классу. Вставляется в бронежилеты.

Является средней броней, но не отнимает свободное перемещение.",,,ModItemInventoryItemCompositeDef PlateLevel3 AdditionalHint
671613123916,Плита 4 класса защиты,,,ModItemInventoryItemCompositeDef PlateLevel4 DisplayName
748941445361,Плита 4 класса защиты,,,ModItemInventoryItemCompositeDef PlateLevel4 DisplayNamePlural
526253934890,Плита 3 класса защиты,,,ModItemInventoryItemCompositeDef PlateLevel4 Description
391914276833,"Обеспечивает защиту по 4 классу. Вставляется в бронежилеты.

Является тяжелой броней, но не отнимает свободное перемещение.",,,ModItemInventoryItemCompositeDef PlateLevel4 AdditionalHint
456809595548,Плита 5 класса защиты,,,ModItemInventoryItemCompositeDef PlateLevel5 DisplayName
223718703476,Плита 5 класса защиты,,,ModItemInventoryItemCompositeDef PlateLevel5 DisplayNamePlural
396584313243,Плита 3 класса защиты,,,ModItemInventoryItemCompositeDef PlateLevel5 Description
955119681007,"Обеспечивает защиту по 5 классу. Вставляется в бронежилеты.

Является тяжелой броней, но не отнимает свободное перемещение.",,,ModItemInventoryItemCompositeDef PlateLevel5 AdditionalHint
189110321770,Авангард,,,ModItemCharacterEffectCompositeDef TrueGrit DisplayName
148394924427,"Вам дается <color EmStyle>Сила воли</color> (<color EmStyle><outOfCoverGrit></color>), если вы заканчиваете ход вне <color EmStyle>укрытия</color>.

Вам дается <color EmStyle>Сила воли</color> (<color EmStyle><nextToEnemyGrit></color>), если вы заканчиваете ход <color EmStyle>вплотную</color> к врагу.",,,ModItemCharacterEffectCompositeDef TrueGrit Description
396779014153,Перевязка,,,ModItemCombatAction Bandage DisplayName
526280528838,"Оказание медицинской помощи раненому союзнику. Требует времени, в течение которого вы не сможете совершать другие действия. Перевязываемый союзник не может перемещаться, но может атаковать.

<color EmStyle>Тяжелое ранение</color>: стабилизация состояния <color EmStyle>союзника</color>. Другие случаи: <color EmStyle>восстановление <hp>% макс. запаса ОЗ раненого</color> (в зависимости от навыка «<color EmStyle><color EmStyle>Медицина</color></color>»). Ваш персонаж переходит в положение <color EmStyle>присев</color>.",,,ModItemCombatAction Bandage Description
784997336525,ПЕРЕВЯЗКА,,,ModItemCombatAction Bandage QueuedBadgeText
181998766448,Ранение в голову,,,ModItemCharacterEffectCompositeDef Headshot DisplayName
447069832271,Ранение в торс,,,ModItemCharacterEffectCompositeDef Torsoshot DisplayName
339175554729,Ранение в руки,,,ModItemCharacterEffectCompositeDef Armsshot DisplayName
678060793389,Ранение в пах,,,ModItemCharacterEffectCompositeDef Groinshot DisplayName
964143657837,Ранение в пах,,,ModItemCharacterEffectCompositeDef BleedingChance DisplayName
824791034603,Ранение в ноги,,,ModItemCharacterEffectCompositeDef Legsshot DisplayName
178686111281,Тяжелое ранение,,,ModItemCharacterEffectCompositeDef BleedingOut DisplayName
949887253741,"Этот персонаж находится в <color EmStyle>критическом состоянии</color> и истечет кровью, если его не <color EmStyle>перевязать</color>. Каждый ход персонаж будет терять 8 единиц здоровья.",,,ModItemCharacterEffectCompositeDef BleedingOut Description
493661822865,Кровотечение,,,ModItemCharacterEffectCompositeDef Bleeding DisplayName
480129347913,Этот боец каждый ход будет <color EmStyle>получать урон до <DamagePerTurn> ОЗ</color> за уровень кровотечения до тех пор пока не будет <color EmStyle>перевязан</color>. При третьем уровне кровотечения макс. количество <color EmStyle>ОД будет снижено на <APLoss></color>.,,,ModItemCharacterEffectCompositeDef Bleeding Description
178159687738,<color EmStyle><DisplayName></color> истекает кровью,,,ModItemCharacterEffectCompositeDef Bleeding AddEffectText
978241654998,Ранен,,,ModItemCharacterEffectCompositeDef Wounded DisplayName
731483332533,Макс. количество <color EmStyle>ОЗ снижается на <MaxHpReductionPerStack></color> за каждую рану. Так же с каждой раной снижается <color EmStyle>Точность</color>. Можно вылечить операцией <color EmStyle>Лечение ран</color> в режиме Вида со спутника.,,,ModItemCharacterEffectCompositeDef Wounded Description
860438949472,Снижение точности,,,ModItemCharacterEffectCompositeDef Inaccurate DisplayName
357747212084,"Значительный <color EmStyle>штраф к точности</color> для всех атак. 
Имеет шанс вылечиться со временем после лечения или при высоком здоровье",,,ModItemCharacterEffectCompositeDef Inaccurate Description
646152654944,Замедление,,,ModItemCharacterEffectCompositeDef Slowed DisplayName
563433902454,"<color EmStyle>Стоимость перемещения</color> повышена на <color EmStyle><move_ap_modifier>%</color> за уровень.
Имеет шанс вылечиться со временем после лечения или при высоком здоровье",,,ModItemCharacterEffectCompositeDef Slowed Description
797210647549,<color EmStyle><DisplayName></color> в состоянии замедления,,,ModItemCharacterEffectCompositeDef Slowed AddEffectText
731309212705,Потеря сознания,,,ModItemCharacterEffectCompositeDef Unconscious DisplayName
255748680681,Без сознания и не может ничего делать.,,,ModItemCharacterEffectCompositeDef Unconscious Description
521033515926,<color EmStyle><DisplayName></color> без сознания,,,ModItemCharacterEffectCompositeDef Unconscious AddEffectText
616226220116,<color EmStyle><DisplayName></color> приходит в себя,,,ModItemCharacterEffectCompositeDef Unconscious RemoveEffectText
187686721472,Голова,,,ModItemTargetBodyPart Default Head display_name
352003624111,"Выстрел в голову: существенное снижение вероятности попадания, огромный урон. Цель имеет шанс <color EmStyle>потерять сознание</color> или <color EmStyle>ослепнуть на 1 ход</color>",,,ModItemTargetBodyPart Default Head description
203567597346,ГОЛОВА,,,ModItemTargetBodyPart Default Head display_name_caps
326350667181,Шея,,,ModItemTargetBodyPart Default Neck display_name
220408665606,"Выстрел в шею: снижение вероятности попадания, увеличение урона, негативные эффекты в зависимости от вида оружия. . Цель имеет шанс потерять сознание или ослепнуть на 1 ход",,,ModItemTargetBodyPart Default Neck description
599246731116,ШЕЯ,,,ModItemTargetBodyPart Default Neck display_name_caps
950792344528,Руки,,,ModItemTargetBodyPart Default Arms display_name
840654062911,"Выстрел в руки: снижение вероятности попадания, уменьшение урона, Цель имеет шанс получить <color EmStyle>Снижение точности</color> или <color EmStyle>Оцепенение</color>",,,ModItemTargetBodyPart Default Arms description
583532991434,РУКИ,,,ModItemTargetBodyPart Default Arms display_name_caps
433313860253,Торс,,,ModItemTargetBodyPart Default Torso display_name
802858658525,Выстрел в торс. Цель имеет шанс <color EmStyle>Упасть</color> или <color EmStyle>Получить 1 уровень усталости</color>,,,ModItemTargetBodyPart Default Torso description
721482041772,ТОРС,,,ModItemTargetBodyPart Default Torso display_name_caps
170330241617,Пах,,,ModItemTargetBodyPart Default Groin display_name
646379937369,"Выстрел в пах: снижение вероятности попадания, увеличение урона. Цель имеет шанс <color EmStyle>получить до трех кровотечений</color>",,,ModItemTargetBodyPart Default Groin description
947656758801,ПАХ,,,ModItemTargetBodyPart Default Groin display_name_caps
305269429822,Ноги,,,ModItemTargetBodyPart Default Legs display_name
153886702431,"Выстрел в ноги: снижение вероятности попадания, уменьшение урона. Цель имеет шанс <color EmStyle>получить эффект замедления</color> или <color EmStyle>упасть</color>",,,ModItemTargetBodyPart Default Legs description
997773904580,НОГИ,,,ModItemTargetBodyPart Default Legs display_name_caps
189110321770,Авангард,,,ModItemCharacterEffectCompositeDef TrueGrit DisplayName
148394924427,"Вам дается <color EmStyle>Сила воли</color> (<color EmStyle><outOfCoverGrit></color>), если вы заканчиваете ход вне <color EmStyle>укрытия</color>.

Вам дается <color EmStyle>Сила воли</color> (<color EmStyle><nextToEnemyGrit></color>), если вы заканчиваете ход <color EmStyle>вплотную</color> к врагу.",,,ModItemCharacterEffectCompositeDef TrueGrit Description
189110321770,Авангард,,,ModItemCharacterEffectCompositeDef TrueGrit DisplayName
148394924427,"Вам дается <color EmStyle>Сила воли</color> (<color EmStyle><outOfCoverGrit></color>), если вы заканчиваете ход вне <color EmStyle>укрытия</color>.

Вам дается <color EmStyle>Сила воли</color> (<color EmStyle><nextToEnemyGrit></color>), если вы заканчиваете ход <color EmStyle>вплотную</color> к врагу.",,,ModItemCharacterEffectCompositeDef TrueGrit Description
396779014153,Перевязка,,,ModItemCombatAction Bandage DisplayName
526280528838,"Оказание медицинской помощи раненому союзнику. Требует времени, в течение которого вы не сможете совершать другие действия. Перевязываемый союзник не может перемещаться, но может атаковать.

<color EmStyle>Тяжелое ранение</color>: стабилизация состояния <color EmStyle>союзника</color>. Другие случаи: <color EmStyle>восстановление <hp>% макс. запаса ОЗ раненого</color> (в зависимости от навыка «<color EmStyle><color EmStyle>Медицина</color></color>»). Ваш персонаж переходит в положение <color EmStyle>присев</color>.",,,ModItemCombatAction Bandage Description
784997336525,ПЕРЕВЯЗКА,,,ModItemCombatAction Bandage QueuedBadgeText
396779014153,Перевязка,,,ModItemCombatAction Bandage DisplayName
526280528838,"Оказание медицинской помощи раненому союзнику. Требует времени, в течение которого вы не сможете совершать другие действия. Перевязываемый союзник не может перемещаться, но может атаковать.

<color EmStyle>Тяжелое ранение</color>: стабилизация состояния <color EmStyle>союзника</color>. Другие случаи: <color EmStyle>восстановление <hp>% макс. запаса ОЗ раненого</color> (в зависимости от навыка «<color EmStyle><color EmStyle>Медицина</color></color>»). Ваш персонаж переходит в положение <color EmStyle>присев</color>.",,,ModItemCombatAction Bandage Description
784997336525,ПЕРЕВЯЗКА,,,ModItemCombatAction Bandage QueuedBadgeText
181998766448,Ранение в голову,,,ModItemCharacterEffectCompositeDef Headshot DisplayName
447069832271,Ранение в торс,,,ModItemCharacterEffectCompositeDef Torsoshot DisplayName
339175554729,Ранение в руки,,,ModItemCharacterEffectCompositeDef Armsshot DisplayName
678060793389,Ранение в пах,,,ModItemCharacterEffectCompositeDef Groinshot DisplayName
964143657837,Ранение в пах,,,ModItemCharacterEffectCompositeDef BleedingChance DisplayName
824791034603,Ранение в ноги,,,ModItemCharacterEffectCompositeDef Legsshot DisplayName
178686111281,Тяжелое ранение,,,ModItemCharacterEffectCompositeDef BleedingOut DisplayName
949887253741,"Этот персонаж находится в <color EmStyle>критическом состоянии</color> и истечет кровью, если его не <color EmStyle>перевязать</color>. Каждый ход персонаж будет терять 8 единиц здоровья.",,,ModItemCharacterEffectCompositeDef BleedingOut Description
493661822865,Кровотечение,,,ModItemCharacterEffectCompositeDef Bleeding DisplayName
480129347913,Этот боец каждый ход будет <color EmStyle>получать урон до <DamagePerTurn> ОЗ</color> за уровень кровотечения до тех пор пока не будет <color EmStyle>перевязан</color>. При третьем уровне кровотечения макс. количество <color EmStyle>ОД будет снижено на <APLoss></color>.,,,ModItemCharacterEffectCompositeDef Bleeding Description
178159687738,<color EmStyle><DisplayName></color> истекает кровью,,,ModItemCharacterEffectCompositeDef Bleeding AddEffectText
978241654998,Ранен,,,ModItemCharacterEffectCompositeDef Wounded DisplayName
731483332533,Макс. количество <color EmStyle>ОЗ снижается на <MaxHpReductionPerStack></color> за каждую рану. Так же с каждой раной снижается <color EmStyle>Точность</color>. Можно вылечить операцией <color EmStyle>Лечение ран</color> в режиме Вида со спутника.,,,ModItemCharacterEffectCompositeDef Wounded Description
860438949472,Снижение точности,,,ModItemCharacterEffectCompositeDef Inaccurate DisplayName
357747212084,"Значительный <color EmStyle>штраф к точности</color> для всех атак. 
Имеет шанс вылечиться со временем после лечения или при высоком здоровье",,,ModItemCharacterEffectCompositeDef Inaccurate Description
646152654944,Замедление,,,ModItemCharacterEffectCompositeDef Slowed DisplayName
563433902454,"<color EmStyle>Стоимость перемещения</color> повышена на <color EmStyle><move_ap_modifier>%</color> за уровень.
Имеет шанс вылечиться со временем после лечения или при высоком здоровье",,,ModItemCharacterEffectCompositeDef Slowed Description
797210647549,<color EmStyle><DisplayName></color> в состоянии замедления,,,ModItemCharacterEffectCompositeDef Slowed AddEffectText
731309212705,Потеря сознания,,,ModItemCharacterEffectCompositeDef Unconscious DisplayName
255748680681,Без сознания и не может ничего делать.,,,ModItemCharacterEffectCompositeDef Unconscious Description
521033515926,<color EmStyle><DisplayName></color> без сознания,,,ModItemCharacterEffectCompositeDef Unconscious AddEffectText
616226220116,<color EmStyle><DisplayName></color> приходит в себя,,,ModItemCharacterEffectCompositeDef Unconscious RemoveEffectText
181998766448,Ранение в голову,,,ModItemCharacterEffectCompositeDef Headshot DisplayName
447069832271,Ранение в торс,,,ModItemCharacterEffectCompositeDef Torsoshot DisplayName
339175554729,Ранение в руки,,,ModItemCharacterEffectCompositeDef Armsshot DisplayName
678060793389,Ранение в пах,,,ModItemCharacterEffectCompositeDef Groinshot DisplayName
964143657837,Ранение в пах,,,ModItemCharacterEffectCompositeDef BleedingChance DisplayName
824791034603,Ранение в ноги,,,ModItemCharacterEffectCompositeDef Legsshot DisplayName
178686111281,Тяжелое ранение,,,ModItemCharacterEffectCompositeDef BleedingOut DisplayName
949887253741,"Этот персонаж находится в <color EmStyle>критическом состоянии</color> и истечет кровью, если его не <color EmStyle>перевязать</color>. Каждый ход персонаж будет терять 8 единиц здоровья.",,,ModItemCharacterEffectCompositeDef BleedingOut Description
493661822865,Кровотечение,,,ModItemCharacterEffectCompositeDef Bleeding DisplayName
480129347913,Этот боец каждый ход будет <color EmStyle>получать урон до <DamagePerTurn> ОЗ</color> за уровень кровотечения до тех пор пока не будет <color EmStyle>перевязан</color>. При третьем уровне кровотечения макс. количество <color EmStyle>ОД будет снижено на <APLoss></color>.,,,ModItemCharacterEffectCompositeDef Bleeding Description
178159687738,<color EmStyle><DisplayName></color> истекает кровью,,,ModItemCharacterEffectCompositeDef Bleeding AddEffectText
978241654998,Ранен,,,ModItemCharacterEffectCompositeDef Wounded DisplayName
731483332533,Макс. количество <color EmStyle>ОЗ снижается на <MaxHpReductionPerStack></color> за каждую рану. Так же с каждой раной снижается <color EmStyle>Точность</color>. Можно вылечить операцией <color EmStyle>Лечение ран</color> в режиме Вида со спутника.,,,ModItemCharacterEffectCompositeDef Wounded Description
860438949472,Снижение точности,,,ModItemCharacterEffectCompositeDef Inaccurate DisplayName
357747212084,"Значительный <color EmStyle>штраф к точности</color> для всех атак. 
Имеет шанс вылечиться со временем после лечения или при высоком здоровье",,,ModItemCharacterEffectCompositeDef Inaccurate Description
646152654944,Замедление,,,ModItemCharacterEffectCompositeDef Slowed DisplayName
563433902454,"<color EmStyle>Стоимость перемещения</color> повышена на <color EmStyle><move_ap_modifier>%</color> за уровень.
Имеет шанс вылечиться со временем после лечения или при высоком здоровье",,,ModItemCharacterEffectCompositeDef Slowed Description
797210647549,<color EmStyle><DisplayName></color> в состоянии замедления,,,ModItemCharacterEffectCompositeDef Slowed AddEffectText
731309212705,Потеря сознания,,,ModItemCharacterEffectCompositeDef Unconscious DisplayName
255748680681,Без сознания и не может ничего делать.,,,ModItemCharacterEffectCompositeDef Unconscious Description
521033515926,<color EmStyle><DisplayName></color> без сознания,,,ModItemCharacterEffectCompositeDef Unconscious AddEffectText
616226220116,<color EmStyle><DisplayName></color> приходит в себя,,,ModItemCharacterEffectCompositeDef Unconscious RemoveEffectText
187686721472,Голова,,,ModItemTargetBodyPart Default Head display_name
352003624111,"Выстрел в голову: существенное снижение вероятности попадания, огромный урон. Цель имеет шанс <color EmStyle>потерять сознание</color> или <color EmStyle>ослепнуть на 1 ход</color>",,,ModItemTargetBodyPart Default Head description
203567597346,ГОЛОВА,,,ModItemTargetBodyPart Default Head display_name_caps
326350667181,Шея,,,ModItemTargetBodyPart Default Neck display_name
220408665606,"Выстрел в шею: снижение вероятности попадания, увеличение урона, негативные эффекты в зависимости от вида оружия. . Цель имеет шанс потерять сознание или ослепнуть на 1 ход",,,ModItemTargetBodyPart Default Neck description
599246731116,ШЕЯ,,,ModItemTargetBodyPart Default Neck display_name_caps
950792344528,Руки,,,ModItemTargetBodyPart Default Arms display_name
840654062911,"Выстрел в руки: снижение вероятности попадания, уменьшение урона, Цель имеет шанс получить <color EmStyle>Снижение точности</color> или <color EmStyle>Оцепенение</color>",,,ModItemTargetBodyPart Default Arms description
583532991434,РУКИ,,,ModItemTargetBodyPart Default Arms display_name_caps
433313860253,Торс,,,ModItemTargetBodyPart Default Torso display_name
802858658525,Выстрел в торс. Цель имеет шанс <color EmStyle>Упасть</color> или <color EmStyle>Получить 1 уровень усталости</color>,,,ModItemTargetBodyPart Default Torso description
721482041772,ТОРС,,,ModItemTargetBodyPart Default Torso display_name_caps
170330241617,Пах,,,ModItemTargetBodyPart Default Groin display_name
646379937369,"Выстрел в пах: снижение вероятности попадания, увеличение урона. Цель имеет шанс <color EmStyle>получить до трех кровотечений</color>",,,ModItemTargetBodyPart Default Groin description
947656758801,ПАХ,,,ModItemTargetBodyPart Default Groin display_name_caps
305269429822,Ноги,,,ModItemTargetBodyPart Default Legs display_name
153886702431,"Выстрел в ноги: снижение вероятности попадания, уменьшение урона. Цель имеет шанс <color EmStyle>получить эффект замедления</color> или <color EmStyle>упасть</color>",,,ModItemTargetBodyPart Default Legs description
997773904580,НОГИ,,,ModItemTargetBodyPart Default Legs display_name_caps
187686721472,Голова,,,ModItemTargetBodyPart Default Head display_name
352003624111,"Выстрел в голову: существенное снижение вероятности попадания, огромный урон. Цель имеет шанс <color EmStyle>потерять сознание</color> или <color EmStyle>ослепнуть на 1 ход</color>",,,ModItemTargetBodyPart Default Head description
203567597346,ГОЛОВА,,,ModItemTargetBodyPart Default Head display_name_caps
326350667181,Шея,,,ModItemTargetBodyPart Default Neck display_name
220408665606,"Выстрел в шею: снижение вероятности попадания, увеличение урона, негативные эффекты в зависимости от вида оружия. . Цель имеет шанс потерять сознание или ослепнуть на 1 ход",,,ModItemTargetBodyPart Default Neck description
599246731116,ШЕЯ,,,ModItemTargetBodyPart Default Neck display_name_caps
950792344528,Руки,,,ModItemTargetBodyPart Default Arms display_name
840654062911,"Выстрел в руки: снижение вероятности попадания, уменьшение урона, Цель имеет шанс получить <color EmStyle>Снижение точности</color> или <color EmStyle>Оцепенение</color>",,,ModItemTargetBodyPart Default Arms description
583532991434,РУКИ,,,ModItemTargetBodyPart Default Arms display_name_caps
433313860253,Торс,,,ModItemTargetBodyPart Default Torso display_name
802858658525,Выстрел в торс. Цель имеет шанс <color EmStyle>Упасть</color> или <color EmStyle>Получить 1 уровень усталости</color>,,,ModItemTargetBodyPart Default Torso description
721482041772,ТОРС,,,ModItemTargetBodyPart Default Torso display_name_caps
170330241617,Пах,,,ModItemTargetBodyPart Default Groin display_name
646379937369,"Выстрел в пах: снижение вероятности попадания, увеличение урона. Цель имеет шанс <color EmStyle>получить до трех кровотечений</color>",,,ModItemTargetBodyPart Default Groin description
947656758801,ПАХ,,,ModItemTargetBodyPart Default Groin display_name_caps
305269429822,Ноги,,,ModItemTargetBodyPart Default Legs display_name
153886702431,"Выстрел в ноги: снижение вероятности попадания, уменьшение урона. Цель имеет шанс <color EmStyle>получить эффект замедления</color> или <color EmStyle>упасть</color>",,,ModItemTargetBodyPart Default Legs description
997773904580,НОГИ,,,ModItemTargetBodyPart Default Legs display_name_caps
642677071568,Сложить приклад,,,ModItemCombatAction FoldStock DisplayName
394010684897,Сложить приклад,,,ModItemCombatAction FoldStock Description
171163648326,FOLDING,,,ModItemCombatAction FoldStock QueuedBadgeText
933700043791,Разложить приклад,,,ModItemCombatAction UnFoldStock DisplayName
639009959878,Разложить приклад,,,ModItemCombatAction UnFoldStock Description
576944043709,FOLDING,,,ModItemCombatAction UnFoldStock QueuedBadgeText
817323214317,Включить фонарик,,,ModItemCombatAction FlashlightOn DisplayName
945565911111,Включить фонарик,,,ModItemCombatAction FlashlightOn Description
320714082432,FOLDING,,,ModItemCombatAction FlashlightOn QueuedBadgeText
781311247334,Выключить фонарик,,,ModItemCombatAction FlashlightOff DisplayName
692973597723,Выключить фонарик,,,ModItemCombatAction FlashlightOff Description
907034522055,FOLDING,,,ModItemCombatAction FlashlightOff QueuedBadgeText
852511579138,Одиночный выстрел,,,ModItemCombatAction SingleShot DisplayName
966393309953,Одиночный,,,ModItemCombatAction SingleShot DisplayNameShort
136425723224,"Дешевая атака, позволяющая экономить боеприпасы.",,,ModItemCombatAction SingleShot Description
535180861442,Короткая очередь,,,ModItemCombatAction BurstFire DisplayName
298570052756,Очередь,,,ModItemCombatAction BurstFire DisplayNameShort
758883157397,Выстрел <color EmStyle><num> патронами</color> по цели. Точность снижается под влиянием отдачи,,,ModItemCombatAction BurstFire Description
848303880383,Короткая очередь,,,ModItemCombatAction AbakanBurst DisplayName
508994795710,Очередь,,,ModItemCombatAction AbakanBurst DisplayNameShort
249521076006,Выстрел <color EmStyle><num> патронами</color> по цели без отдачи. ,,,ModItemCombatAction AbakanBurst Description
755578532159,Длинная очередь,,,ModItemCombatAction AutoFire DisplayName
679328490747,Авто,,,ModItemCombatAction AutoFire DisplayNameShort
969587423057,Стрельба длинной очередью из <color EmStyle><bullets> патронов</color>. Точность снижается под влиянием отдачи,,,ModItemCombatAction AutoFire Description
423976891114,Длинная очередь,,,ModItemCombatAction AbakanAutoFire DisplayName
799466524304,Авто,,,ModItemCombatAction AbakanAutoFire DisplayNameShort
762424891476,"Стрельба длинной очередью из <color EmStyle><bullets> патронов</color>.
Первые два выстрела без отдачи. Дальше точность снижается под влиянием отдачи",,,ModItemCombatAction AbakanAutoFire Description
459313357205,Выстрел в движении,,,ModItemCombatAction MobileShot DisplayName
929338368540,"<color EmStyle>Один раз за ход</color>.
Переход на новую позицию и два выстрела по ближайшим целям.
<color EmStyle>Использует свободное перемещение</color>.",,,ModItemCombatAction MobileShot Description
936391767602,Двойной выстрел,,,ModItemCombatAction DualShot DisplayName
581882608681,Двойной,,,ModItemCombatAction DualShot DisplayNameShort
754461996853,Атака «Двойной выстрел» включает в себя по одной базовой атаке каждым видом оружия.,,,ModItemCombatAction DualShot Description
958096304827,Длинная очередь,,,ModItemCombatAction MGBurstFire DisplayName
549486350970,"Стрельба очередью<coneDescription>. Точность снижается с увеличением расстояния до цели, а также при неприцельной стрельбе.<interrupts_info>",,,ModItemCombatAction MGBurstFire Description
222394967496,Выстрел из дробовика,,,ModItemCombatAction Buckshot DisplayName
189140892597,Одиночный,,,ModItemCombatAction Buckshot DisplayNameShort
405986418486,"Все враждебные цели в укрытиях получают статус «<color EmStyle>Вне укрытия</color>».
Цели также получают дополнительный статус в зависимости от типа боеприпасов. Все цели, оказавшиеся в зоне атаки, получают дополнительный урон.",,,ModItemCombatAction Buckshot Description
556598086942,Очередь из дробовика,,,ModItemCombatAction BuckshotBurst DisplayName
747781926957,Очередь,,,ModItemCombatAction BuckshotBurst DisplayNameShort
110619077739,"Все враждебные цели в укрытиях получают статус «<color EmStyle>Вне укрытия</color>».
Выстрел <color EmStyle><num_shots> патронами</color> по цели. Точность снижается с увеличением расстояния. Все цели, оказавшиеся в зоне атаки, получают дополнительный урон.",,,ModItemCombatAction BuckshotBurst Description
642528657235,Выстрел дуплетом,,,ModItemCombatAction DoubleBarrel DisplayName
776809448120,Двойной,,,ModItemCombatAction DoubleBarrel DisplayNameShort
529669839654,"Все враждебные цели в укрытиях получают статус «<color EmStyle>Вне укрытия</color>».
Цели также получают дополнительный статус в зависимости от типа боеприпасов. Все цели, оказавшиеся в зоне атаки, получают дополнительный урон.",,,ModItemCombatAction DoubleBarrel Description
987232383564,Отвлекающий выстрел,,,ModItemCombatAction CancelShotCone DisplayName
629484126378,"Не провоцирует <color EmStyle>атаки</color> типа «<color EmStyle>Прерывание</color>».
Снимает статусы »<color EmStyle>Контроль</color>» и «<color EmStyle>Сосредоточение огня</color>» при попадании.",,,ModItemCombatAction CancelShotCone Description
620788614905,Атака с дробовиком,,,ModItemCombatAction AttackShotgun DisplayName
120015062225,Атака выбранным оружием. Цели в секторе атаки гарантированно получают урон. Для некоторых видов оружия предусмотрены альтернативные режимы стрельбы.,,,ModItemCombatAction AttackShotgun Description
280863168648,«Затвор»,,,ModItemCombatAction Bolting DisplayName
670801475893,Передернуть затвор,,,ModItemCombatAction Bolting Description
135694363613,Передернуть затвор,,,ModItemCombatAction Bolting QueuedBadgeText
733587423751,Пристрелка,,,ModItemCharacterEffectCompositeDef TakeAim DisplayName
866084366219,<color EmStyle>Повторные атаки</color> по одной и той же <color EmStyle>цели</color> получают все больший бонус к <color EmStyle>точности</color>.,,,ModItemCharacterEffectCompositeDef TakeAim Description
938747433410,Reduced <em>Accuracy</em> penalty when using <em>Burst Fire</em> or <em>Full Auto</em>.,,,
938747433410,Увеличивает количество выстрелов,,,
662768584689,Attacks and <GameTerm('Setup')> with <em>Heavy Weapons</em> and <em>Machine Guns</em> have reduced <em>AP</em> cost.,,,
662768584689,Уменьшен расход <em>ОД</em> на атаки из <em>тяжелого вооружения</em> и <em>пулеметов</em> и приведение его в <GameTerm('Setup')>.,,,
515755043627,"Can <em>Sneak</em> while standing.

Gains <em><gritOnStealthKill></em> <GameTerm('Grit')> on successful <GameTerm('StealthKills')>.",,,
308665060788,"Умеет <em>красться</em> стоя. Имеет свою маскировку. Бонус к скрытности не зависит от положения тела.

Получает <GameTerm('Grit')> (<em><gritOnStealthKill></em>), выполняя успешные <GameTerm('StealthKills')>.",,,
134491465845,<placeholder>,,,ModItemCombatAction Jazz_Perk_00 DisplayName
910921051787,00:00,,,ModItemCharacterEffectCompositeDef Jazz_Perk_00 DisplayName
734512539741,"При активации взрывчатка с таймером, кинутая Споуком, взорвётся в начале вражеского хода.",,,ModItemCharacterEffectCompositeDef Jazz_Perk_00 Description
410799075394,Отдача,,,ModItemGameTerm Default Recoil Name
334264440070,Отдача влияет на потерю точности каждого последующего выстрела при стрельбе очередями. Наемники с более высокой силой стреляют с меньшей отдачей.,,,ModItemGameTerm Default Recoil Description
484884657728,Эффективная дальность,,,ModItemGameTerm Default EffectiveRange Name
913146646069,"Дальность, при которой шанс попасть выше 80% при стрельбе наемником с навыками 100",,,ModItemGameTerm Default EffectiveRange Description
216504287888,Дальность прицельно,,,ModItemGameTerm Default EffAimRange Name
625043197486,"Дальность, при которой шанс попасть выше 85% при стрельбе с максимально возможным уровнем прицеливания",,,ModItemGameTerm Default EffAimRange Description
441152763554,В укрытии,,,ModItemChanceToHitModifier Default RangeAttackTargetStanceCover display_name
431268474352,Автоогонь,,,ModItemChanceToHitModifier Default Autofire display_name
645151562441,Прицеливание,,,ModItemChanceToHitModifier Default Aim display_name
463803937496,Подсветка лазером,,,ModItemChanceToHitModifier Default Laser display_name
414972681032,Стрельба в упор,,,ModItemChanceToHitModifier Default PointBlank display_name
494374753773,Стрельба вслепую,,,ModItemChanceToHitModifier Default SeenBySpotter display_name
653990765042,Нет линии огня,,,ModItemChanceToHitModifier Default NoLineOfSight display_name
152995492443,Нападение из засады,,,ModItemChanceToHitModifier Default MeleeStealthStrike display_name
647228359778,Всего уровней прицеливания,,,ModItemWeaponPropertyDef Default MaxAimActions display_name
825507727308,Прицел,,,ModItemWeaponPropertyDef Default MaxAimActions short_display_name
962107942782,Сектор контроля,,,ModItemWeaponPropertyDef Default OverwatchAngle display_name
200680367268,Сектор контроля,,,ModItemWeaponPropertyDef Default OverwatchAngle short_display_name
350403807727,Отдача,,,ModItemWeaponPropertyDef Default Recoil display_name
348227413386,Отдача,,,ModItemWeaponPropertyDef Default Recoil short_display_name
317046431643,Потеря точности при каждом последующем выстреле в очереди,,,ModItemWeaponPropertyDef Default Recoil description
734712982264,Длина очереди,,,ModItemWeaponPropertyDef Default BurstShots display_name
525430263193,Длина очереди,,,ModItemWeaponPropertyDef Default BurstShots short_display_name
303075832215,Количество патрон в очереди,,,ModItemWeaponPropertyDef Default BurstShots description
828271035319,Длина автоогня,,,ModItemWeaponPropertyDef Default AutoShots display_name
736096582521,Длина автоогня,,,ModItemWeaponPropertyDef Default AutoShots short_display_name
406014285154,Количество патрон в режиме автоогня,,,ModItemWeaponPropertyDef Default AutoShots description
673404089539,Количество ОД на передергивание затвора,,,ModItemWeaponPropertyDef Default BoltingAP display_name
714485442143,Количество ОД на передергивание затвора,,,ModItemWeaponPropertyDef Default BoltingAP short_display_name
170933053532,Количество ОД на передергивание затвора,,,ModItemWeaponPropertyDef Default BoltingAP description
916147006967,Уровень изношенности оружия,,,ModItemWeaponPropertyDef Default Deterioration display_name
754361009747,ИЗНОС,,,ModItemWeaponPropertyDef Default Deterioration short_display_name
684591729588,Уровень изношенности оружия,,,ModItemWeaponPropertyDef Default Deterioration description
504616292909,Дальность,,,ModItemWeaponPropertyDef Default WeaponRange display_name
990738888313,ДЛНСТ,,,ModItemWeaponPropertyDef Default WeaponRange short_display_name
425961266563,"Максимальное расстояние, на которое можно прицельно стрелять из оружия.",,,ModItemWeaponPropertyDef Default WeaponRange description
386708552913,Бонус прицеливания,,,ModItemWeaponPropertyDef Default AimAccuracy display_name
990424903530,Точность,,,ModItemWeaponPropertyDef Default AimAccuracy short_display_name
767762669765,"Величина, на которую повышается меткость за каждый уровень прицеливания.",,,ModItemWeaponPropertyDef Default AimAccuracy description
716526277330,Бонус навскидку,,,ModItemWeaponPropertyDef Default EffectiveRange display_name
502151778209,ЭффДЛНСТ,,,ModItemWeaponPropertyDef Default EffectiveRange short_display_name
375744564104,Бонус при стрельбе навскидку,,,ModItemWeaponPropertyDef Default EffectiveRange description
481439569600,Громкость выстрела,,,ModItemWeaponPropertyDef Default Noise display_name
488898767957,ГРОМКОСТЬ,,,ModItemWeaponPropertyDef Default Noise short_display_name
779315375089,"Дальность, на которой выстрел из оружия слышен",,,ModItemWeaponPropertyDef Default Noise description
697255314500,Урон,,,ModItemWeaponPropertyDef Default Damage display_name
829811404479,УРОН,,,ModItemWeaponPropertyDef Default Damage short_display_name
533575727863,"Количество очков здоровья, которое теряет небронированная цель при попадании по ней.",,,ModItemWeaponPropertyDef Default Damage description
301664401420,Урон,,,ModItemWeaponPropertyDef Default BaseDamage display_name
334584776986,УРОН,,,ModItemWeaponPropertyDef Default BaseDamage short_display_name
636311907900,"Количество очков здоровья, которое теряет небронированная цель при попадании по ней.",,,ModItemWeaponPropertyDef Default BaseDamage description
578734398323,Прицельная дальность,,,ModItemWeaponPropertyDef Default AimWeaponRange display_name
340033824898,ДЛНСТ,,,ModItemWeaponPropertyDef Default AimWeaponRange short_display_name
558053146687,"Максимальное расстояние, на которое можно прицельно стрелять из оружия.",,,ModItemWeaponPropertyDef Default AimWeaponRange description
911183298141,Дальность навскидку,,,ModItemWeaponPropertyDef Default UnAimWeaponRange display_name
763958779706,ДЛНСТ,,,ModItemWeaponPropertyDef Default UnAimWeaponRange short_display_name
798879358474,"Максимальное расстояние, на которое можно прицельно стрелять из оружия.",,,ModItemWeaponPropertyDef Default UnAimWeaponRange description
395052281805,"HMGothic Rough A, 24",,,ModItemTextStyle PDAQuests_HeaderBig TextFont
988003992088,"HMGothic Rough A, 16",,,ModItemTextStyle AmmoGreenColor TextFont
921918534827,"HMGothic Rough A, 16",,,ModItemTextStyle AmmoTracerColor TextFont
551198920817,"HMGothic Rough A, 16",,,ModItemTextStyle AmmoEPRColor TextFont
741353093736,"HMGothic Rough A, 16",,,ModItemTextStyle AmmoAPColor TextFont
592627075945,"HMGothic Rough A, 16",,,ModItemTextStyle AmmoMatchColor TextFont
428737864329,"HMGothic Rough A, 16",,,ModItemTextStyle AmmoHPColor TextFont
699134443932,"HMGothic Rough A, 16",,,ModItemTextStyle AmmoBasicColor TextFont
808889887972,"HMGothic Rough A, 20",,,ModItemTextStyle WeaponModExtraModifications TextFont
405330707808,"HMGothic Rough A, 30",,,ModItemTextStyle WeaponModSubHeaderDark TextFont
849061127175,"HMGothic Rough A, 30",,,ModItemTextStyle WeaponModSubHeaderLight TextFont
642677071568,Сложить приклад,,,ModItemCombatAction FoldStock DisplayName
394010684897,Сложить приклад,,,ModItemCombatAction FoldStock Description
171163648326,FOLDING,,,ModItemCombatAction FoldStock QueuedBadgeText
933700043791,Разложить приклад,,,ModItemCombatAction UnFoldStock DisplayName
639009959878,Разложить приклад,,,ModItemCombatAction UnFoldStock Description
576944043709,FOLDING,,,ModItemCombatAction UnFoldStock QueuedBadgeText
817323214317,Включить фонарик,,,ModItemCombatAction FlashlightOn DisplayName
945565911111,Включить фонарик,,,ModItemCombatAction FlashlightOn Description
320714082432,FOLDING,,,ModItemCombatAction FlashlightOn QueuedBadgeText
781311247334,Выключить фонарик,,,ModItemCombatAction FlashlightOff DisplayName
692973597723,Выключить фонарик,,,ModItemCombatAction FlashlightOff Description
907034522055,FOLDING,,,ModItemCombatAction FlashlightOff QueuedBadgeText
852511579138,Одиночный выстрел,,,ModItemCombatAction SingleShot DisplayName
966393309953,Одиночный,,,ModItemCombatAction SingleShot DisplayNameShort
136425723224,"Дешевая атака, позволяющая экономить боеприпасы.",,,ModItemCombatAction SingleShot Description
535180861442,Короткая очередь,,,ModItemCombatAction BurstFire DisplayName
298570052756,Очередь,,,ModItemCombatAction BurstFire DisplayNameShort
758883157397,Выстрел <color EmStyle><num> патронами</color> по цели. Точность снижается под влиянием отдачи,,,ModItemCombatAction BurstFire Description
848303880383,Короткая очередь,,,ModItemCombatAction AbakanBurst DisplayName
508994795710,Очередь,,,ModItemCombatAction AbakanBurst DisplayNameShort
249521076006,Выстрел <color EmStyle><num> патронами</color> по цели без отдачи. ,,,ModItemCombatAction AbakanBurst Description
755578532159,Длинная очередь,,,ModItemCombatAction AutoFire DisplayName
679328490747,Авто,,,ModItemCombatAction AutoFire DisplayNameShort
969587423057,Стрельба длинной очередью из <color EmStyle><bullets> патронов</color>. Точность снижается под влиянием отдачи,,,ModItemCombatAction AutoFire Description
423976891114,Длинная очередь,,,ModItemCombatAction AbakanAutoFire DisplayName
799466524304,Авто,,,ModItemCombatAction AbakanAutoFire DisplayNameShort
762424891476,"Стрельба длинной очередью из <color EmStyle><bullets> патронов</color>.
Первые два выстрела без отдачи. Дальше точность снижается под влиянием отдачи",,,ModItemCombatAction AbakanAutoFire Description
459313357205,Выстрел в движении,,,ModItemCombatAction MobileShot DisplayName
929338368540,"<color EmStyle>Один раз за ход</color>.
Переход на новую позицию и два выстрела по ближайшим целям.
<color EmStyle>Использует свободное перемещение</color>.",,,ModItemCombatAction MobileShot Description
936391767602,Двойной выстрел,,,ModItemCombatAction DualShot DisplayName
581882608681,Двойной,,,ModItemCombatAction DualShot DisplayNameShort
754461996853,Атака «Двойной выстрел» включает в себя по одной базовой атаке каждым видом оружия.,,,ModItemCombatAction DualShot Description
958096304827,Длинная очередь,,,ModItemCombatAction MGBurstFire DisplayName
549486350970,"Стрельба очередью<coneDescription>. Точность снижается с увеличением расстояния до цели, а также при неприцельной стрельбе.<interrupts_info>",,,ModItemCombatAction MGBurstFire Description
222394967496,Выстрел из дробовика,,,ModItemCombatAction Buckshot DisplayName
189140892597,Одиночный,,,ModItemCombatAction Buckshot DisplayNameShort
405986418486,"Все враждебные цели в укрытиях получают статус «<color EmStyle>Вне укрытия</color>».
Цели также получают дополнительный статус в зависимости от типа боеприпасов. Все цели, оказавшиеся в зоне атаки, получают дополнительный урон.",,,ModItemCombatAction Buckshot Description
556598086942,Очередь из дробовика,,,ModItemCombatAction BuckshotBurst DisplayName
747781926957,Очередь,,,ModItemCombatAction BuckshotBurst DisplayNameShort
110619077739,"Все враждебные цели в укрытиях получают статус «<color EmStyle>Вне укрытия</color>».
Выстрел <color EmStyle><num_shots> патронами</color> по цели. Точность снижается с увеличением расстояния. Все цели, оказавшиеся в зоне атаки, получают дополнительный урон.",,,ModItemCombatAction BuckshotBurst Description
642528657235,Выстрел дуплетом,,,ModItemCombatAction DoubleBarrel DisplayName
776809448120,Двойной,,,ModItemCombatAction DoubleBarrel DisplayNameShort
529669839654,"Все враждебные цели в укрытиях получают статус «<color EmStyle>Вне укрытия</color>».
Цели также получают дополнительный статус в зависимости от типа боеприпасов. Все цели, оказавшиеся в зоне атаки, получают дополнительный урон.",,,ModItemCombatAction DoubleBarrel Description
987232383564,Отвлекающий выстрел,,,ModItemCombatAction CancelShotCone DisplayName
629484126378,"Не провоцирует <color EmStyle>атаки</color> типа «<color EmStyle>Прерывание</color>».
Снимает статусы »<color EmStyle>Контроль</color>» и «<color EmStyle>Сосредоточение огня</color>» при попадании.",,,ModItemCombatAction CancelShotCone Description
620788614905,Атака с дробовиком,,,ModItemCombatAction AttackShotgun DisplayName
120015062225,Атака выбранным оружием. Цели в секторе атаки гарантированно получают урон. Для некоторых видов оружия предусмотрены альтернативные режимы стрельбы.,,,ModItemCombatAction AttackShotgun Description
280863168648,«Затвор»,,,ModItemCombatAction Bolting DisplayName
670801475893,Передернуть затвор,,,ModItemCombatAction Bolting Description
135694363613,Передернуть затвор,,,ModItemCombatAction Bolting QueuedBadgeText
642677071568,Сложить приклад,,,ModItemCombatAction FoldStock DisplayName
394010684897,Сложить приклад,,,ModItemCombatAction FoldStock Description
171163648326,FOLDING,,,ModItemCombatAction FoldStock QueuedBadgeText
933700043791,Разложить приклад,,,ModItemCombatAction UnFoldStock DisplayName
639009959878,Разложить приклад,,,ModItemCombatAction UnFoldStock Description
576944043709,FOLDING,,,ModItemCombatAction UnFoldStock QueuedBadgeText
817323214317,Включить фонарик,,,ModItemCombatAction FlashlightOn DisplayName
945565911111,Включить фонарик,,,ModItemCombatAction FlashlightOn Description
320714082432,FOLDING,,,ModItemCombatAction FlashlightOn QueuedBadgeText
781311247334,Выключить фонарик,,,ModItemCombatAction FlashlightOff DisplayName
692973597723,Выключить фонарик,,,ModItemCombatAction FlashlightOff Description
907034522055,FOLDING,,,ModItemCombatAction FlashlightOff QueuedBadgeText
642677071568,Сложить приклад,,,ModItemCombatAction FoldStock DisplayName
394010684897,Сложить приклад,,,ModItemCombatAction FoldStock Description
171163648326,FOLDING,,,ModItemCombatAction FoldStock QueuedBadgeText
933700043791,Разложить приклад,,,ModItemCombatAction UnFoldStock DisplayName
639009959878,Разложить приклад,,,ModItemCombatAction UnFoldStock Description
576944043709,FOLDING,,,ModItemCombatAction UnFoldStock QueuedBadgeText
817323214317,Включить фонарик,,,ModItemCombatAction FlashlightOn DisplayName
945565911111,Включить фонарик,,,ModItemCombatAction FlashlightOn Description
320714082432,FOLDING,,,ModItemCombatAction FlashlightOn QueuedBadgeText
781311247334,Выключить фонарик,,,ModItemCombatAction FlashlightOff DisplayName
692973597723,Выключить фонарик,,,ModItemCombatAction FlashlightOff Description
907034522055,FOLDING,,,ModItemCombatAction FlashlightOff QueuedBadgeText
852511579138,Одиночный выстрел,,,ModItemCombatAction SingleShot DisplayName
966393309953,Одиночный,,,ModItemCombatAction SingleShot DisplayNameShort
136425723224,"Дешевая атака, позволяющая экономить боеприпасы.",,,ModItemCombatAction SingleShot Description
535180861442,Короткая очередь,,,ModItemCombatAction BurstFire DisplayName
298570052756,Очередь,,,ModItemCombatAction BurstFire DisplayNameShort
758883157397,Выстрел <color EmStyle><num> патронами</color> по цели. Точность снижается под влиянием отдачи,,,ModItemCombatAction BurstFire Description
848303880383,Короткая очередь,,,ModItemCombatAction AbakanBurst DisplayName
508994795710,Очередь,,,ModItemCombatAction AbakanBurst DisplayNameShort
249521076006,Выстрел <color EmStyle><num> патронами</color> по цели без отдачи. ,,,ModItemCombatAction AbakanBurst Description
755578532159,Длинная очередь,,,ModItemCombatAction AutoFire DisplayName
679328490747,Авто,,,ModItemCombatAction AutoFire DisplayNameShort
969587423057,Стрельба длинной очередью из <color EmStyle><bullets> патронов</color>. Точность снижается под влиянием отдачи,,,ModItemCombatAction AutoFire Description
423976891114,Длинная очередь,,,ModItemCombatAction AbakanAutoFire DisplayName
799466524304,Авто,,,ModItemCombatAction AbakanAutoFire DisplayNameShort
762424891476,"Стрельба длинной очередью из <color EmStyle><bullets> патронов</color>.
Первые два выстрела без отдачи. Дальше точность снижается под влиянием отдачи",,,ModItemCombatAction AbakanAutoFire Description
459313357205,Выстрел в движении,,,ModItemCombatAction MobileShot DisplayName
929338368540,"<color EmStyle>Один раз за ход</color>.
Переход на новую позицию и два выстрела по ближайшим целям.
<color EmStyle>Использует свободное перемещение</color>.",,,ModItemCombatAction MobileShot Description
936391767602,Двойной выстрел,,,ModItemCombatAction DualShot DisplayName
581882608681,Двойной,,,ModItemCombatAction DualShot DisplayNameShort
754461996853,Атака «Двойной выстрел» включает в себя по одной базовой атаке каждым видом оружия.,,,ModItemCombatAction DualShot Description
958096304827,Длинная очередь,,,ModItemCombatAction MGBurstFire DisplayName
549486350970,"Стрельба очередью<coneDescription>. Точность снижается с увеличением расстояния до цели, а также при неприцельной стрельбе.<interrupts_info>",,,ModItemCombatAction MGBurstFire Description
222394967496,Выстрел из дробовика,,,ModItemCombatAction Buckshot DisplayName
189140892597,Одиночный,,,ModItemCombatAction Buckshot DisplayNameShort
405986418486,"Все враждебные цели в укрытиях получают статус «<color EmStyle>Вне укрытия</color>».
Цели также получают дополнительный статус в зависимости от типа боеприпасов. Все цели, оказавшиеся в зоне атаки, получают дополнительный урон.",,,ModItemCombatAction Buckshot Description
556598086942,Очередь из дробовика,,,ModItemCombatAction BuckshotBurst DisplayName
747781926957,Очередь,,,ModItemCombatAction BuckshotBurst DisplayNameShort
110619077739,"Все враждебные цели в укрытиях получают статус «<color EmStyle>Вне укрытия</color>».
Выстрел <color EmStyle><num_shots> патронами</color> по цели. Точность снижается с увеличением расстояния. Все цели, оказавшиеся в зоне атаки, получают дополнительный урон.",,,ModItemCombatAction BuckshotBurst Description
642528657235,Выстрел дуплетом,,,ModItemCombatAction DoubleBarrel DisplayName
776809448120,Двойной,,,ModItemCombatAction DoubleBarrel DisplayNameShort
529669839654,"Все враждебные цели в укрытиях получают статус «<color EmStyle>Вне укрытия</color>».
Цели также получают дополнительный статус в зависимости от типа боеприпасов. Все цели, оказавшиеся в зоне атаки, получают дополнительный урон.",,,ModItemCombatAction DoubleBarrel Description
987232383564,Отвлекающий выстрел,,,ModItemCombatAction CancelShotCone DisplayName
629484126378,"Не провоцирует <color EmStyle>атаки</color> типа «<color EmStyle>Прерывание</color>».
Снимает статусы »<color EmStyle>Контроль</color>» и «<color EmStyle>Сосредоточение огня</color>» при попадании.",,,ModItemCombatAction CancelShotCone Description
620788614905,Атака с дробовиком,,,ModItemCombatAction AttackShotgun DisplayName
120015062225,Атака выбранным оружием. Цели в секторе атаки гарантированно получают урон. Для некоторых видов оружия предусмотрены альтернативные режимы стрельбы.,,,ModItemCombatAction AttackShotgun Description
852511579138,Одиночный выстрел,,,ModItemCombatAction SingleShot DisplayName
966393309953,Одиночный,,,ModItemCombatAction SingleShot DisplayNameShort
136425723224,"Дешевая атака, позволяющая экономить боеприпасы.",,,ModItemCombatAction SingleShot Description
535180861442,Короткая очередь,,,ModItemCombatAction BurstFire DisplayName
298570052756,Очередь,,,ModItemCombatAction BurstFire DisplayNameShort
758883157397,Выстрел <color EmStyle><num> патронами</color> по цели. Точность снижается под влиянием отдачи,,,ModItemCombatAction BurstFire Description
848303880383,Короткая очередь,,,ModItemCombatAction AbakanBurst DisplayName
508994795710,Очередь,,,ModItemCombatAction AbakanBurst DisplayNameShort
249521076006,Выстрел <color EmStyle><num> патронами</color> по цели без отдачи. ,,,ModItemCombatAction AbakanBurst Description
755578532159,Длинная очередь,,,ModItemCombatAction AutoFire DisplayName
679328490747,Авто,,,ModItemCombatAction AutoFire DisplayNameShort
969587423057,Стрельба длинной очередью из <color EmStyle><bullets> патронов</color>. Точность снижается под влиянием отдачи,,,ModItemCombatAction AutoFire Description
423976891114,Длинная очередь,,,ModItemCombatAction AbakanAutoFire DisplayName
799466524304,Авто,,,ModItemCombatAction AbakanAutoFire DisplayNameShort
762424891476,"Стрельба длинной очередью из <color EmStyle><bullets> патронов</color>.
Первые два выстрела без отдачи. Дальше точность снижается под влиянием отдачи",,,ModItemCombatAction AbakanAutoFire Description
459313357205,Выстрел в движении,,,ModItemCombatAction MobileShot DisplayName
929338368540,"<color EmStyle>Один раз за ход</color>.
Переход на новую позицию и два выстрела по ближайшим целям.
<color EmStyle>Использует свободное перемещение</color>.",,,ModItemCombatAction MobileShot Description
936391767602,Двойной выстрел,,,ModItemCombatAction DualShot DisplayName
581882608681,Двойной,,,ModItemCombatAction DualShot DisplayNameShort
754461996853,Атака «Двойной выстрел» включает в себя по одной базовой атаке каждым видом оружия.,,,ModItemCombatAction DualShot Description
958096304827,Длинная очередь,,,ModItemCombatAction MGBurstFire DisplayName
549486350970,"Стрельба очередью<coneDescription>. Точность снижается с увеличением расстояния до цели, а также при неприцельной стрельбе.<interrupts_info>",,,ModItemCombatAction MGBurstFire Description
222394967496,Выстрел из дробовика,,,ModItemCombatAction Buckshot DisplayName
189140892597,Одиночный,,,ModItemCombatAction Buckshot DisplayNameShort
405986418486,"Все враждебные цели в укрытиях получают статус «<color EmStyle>Вне укрытия</color>».
Цели также получают дополнительный статус в зависимости от типа боеприпасов. Все цели, оказавшиеся в зоне атаки, получают дополнительный урон.",,,ModItemCombatAction Buckshot Description
556598086942,Очередь из дробовика,,,ModItemCombatAction BuckshotBurst DisplayName
747781926957,Очередь,,,ModItemCombatAction BuckshotBurst DisplayNameShort
110619077739,"Все враждебные цели в укрытиях получают статус «<color EmStyle>Вне укрытия</color>».
Выстрел <color EmStyle><num_shots> патронами</color> по цели. Точность снижается с увеличением расстояния. Все цели, оказавшиеся в зоне атаки, получают дополнительный урон.",,,ModItemCombatAction BuckshotBurst Description
642528657235,Выстрел дуплетом,,,ModItemCombatAction DoubleBarrel DisplayName
776809448120,Двойной,,,ModItemCombatAction DoubleBarrel DisplayNameShort
529669839654,"Все враждебные цели в укрытиях получают статус «<color EmStyle>Вне укрытия</color>».
Цели также получают дополнительный статус в зависимости от типа боеприпасов. Все цели, оказавшиеся в зоне атаки, получают дополнительный урон.",,,ModItemCombatAction DoubleBarrel Description
987232383564,Отвлекающий выстрел,,,ModItemCombatAction CancelShotCone DisplayName
629484126378,"Не провоцирует <color EmStyle>атаки</color> типа «<color EmStyle>Прерывание</color>».
Снимает статусы »<color EmStyle>Контроль</color>» и «<color EmStyle>Сосредоточение огня</color>» при попадании.",,,ModItemCombatAction CancelShotCone Description
620788614905,Атака с дробовиком,,,ModItemCombatAction AttackShotgun DisplayName
120015062225,Атака выбранным оружием. Цели в секторе атаки гарантированно получают урон. Для некоторых видов оружия предусмотрены альтернативные режимы стрельбы.,,,ModItemCombatAction AttackShotgun Description
280863168648,«Затвор»,,,ModItemCombatAction Bolting DisplayName
670801475893,Передернуть затвор,,,ModItemCombatAction Bolting Description
135694363613,Передернуть затвор,,,ModItemCombatAction Bolting QueuedBadgeText
733587423751,Пристрелка,,,ModItemCharacterEffectCompositeDef TakeAim DisplayName
866084366219,<color EmStyle>Повторные атаки</color> по одной и той же <color EmStyle>цели</color> получают все больший бонус к <color EmStyle>точности</color>.,,,ModItemCharacterEffectCompositeDef TakeAim Description
938747433410,Reduced <em>Accuracy</em> penalty when using <em>Burst Fire</em> or <em>Full Auto</em>.,,,
938747433410,Увеличивает количество выстрелов,,,
662768584689,Attacks and <GameTerm('Setup')> with <em>Heavy Weapons</em> and <em>Machine Guns</em> have reduced <em>AP</em> cost.,,,
662768584689,Уменьшен расход <em>ОД</em> на атаки из <em>тяжелого вооружения</em> и <em>пулеметов</em> и приведение его в <GameTerm('Setup')>.,,,
515755043627,"Can <em>Sneak</em> while standing.

Gains <em><gritOnStealthKill></em> <GameTerm('Grit')> on successful <GameTerm('StealthKills')>.",,,
308665060788,"Умеет <em>красться</em> стоя. Имеет свою маскировку. Бонус к скрытности не зависит от положения тела.

Получает <GameTerm('Grit')> (<em><gritOnStealthKill></em>), выполняя успешные <GameTerm('StealthKills')>.",,,
134491465845,<placeholder>,,,ModItemCombatAction Jazz_Perk_00 DisplayName
910921051787,00:00,,,ModItemCharacterEffectCompositeDef Jazz_Perk_00 DisplayName
734512539741,"При активации взрывчатка с таймером, кинутая Споуком, взорвётся в начале вражеского хода.",,,ModItemCharacterEffectCompositeDef Jazz_Perk_00 Description
733587423751,Пристрелка,,,ModItemCharacterEffectCompositeDef TakeAim DisplayName
866084366219,<color EmStyle>Повторные атаки</color> по одной и той же <color EmStyle>цели</color> получают все больший бонус к <color EmStyle>точности</color>.,,,ModItemCharacterEffectCompositeDef TakeAim Description
938747433410,Reduced <em>Accuracy</em> penalty when using <em>Burst Fire</em> or <em>Full Auto</em>.,,,
938747433410,Увеличивает количество выстрелов,,,
662768584689,Attacks and <GameTerm('Setup')> with <em>Heavy Weapons</em> and <em>Machine Guns</em> have reduced <em>AP</em> cost.,,,
662768584689,Уменьшен расход <em>ОД</em> на атаки из <em>тяжелого вооружения</em> и <em>пулеметов</em> и приведение его в <GameTerm('Setup')>.,,,
515755043627,"Can <em>Sneak</em> while standing.

Gains <em><gritOnStealthKill></em> <GameTerm('Grit')> on successful <GameTerm('StealthKills')>.",,,
308665060788,"Умеет <em>красться</em> стоя. Имеет свою маскировку. Бонус к скрытности не зависит от положения тела.

Получает <GameTerm('Grit')> (<em><gritOnStealthKill></em>), выполняя успешные <GameTerm('StealthKills')>.",,,
733587423751,Пристрелка,,,ModItemCharacterEffectCompositeDef TakeAim DisplayName
866084366219,<color EmStyle>Повторные атаки</color> по одной и той же <color EmStyle>цели</color> получают все больший бонус к <color EmStyle>точности</color>.,,,ModItemCharacterEffectCompositeDef TakeAim Description
938747433410,Reduced <em>Accuracy</em> penalty when using <em>Burst Fire</em> or <em>Full Auto</em>.,,,
938747433410,Увеличивает количество выстрелов,,,
662768584689,Attacks and <GameTerm('Setup')> with <em>Heavy Weapons</em> and <em>Machine Guns</em> have reduced <em>AP</em> cost.,,,
662768584689,Уменьшен расход <em>ОД</em> на атаки из <em>тяжелого вооружения</em> и <em>пулеметов</em> и приведение его в <GameTerm('Setup')>.,,,
515755043627,"Can <em>Sneak</em> while standing.

Gains <em><gritOnStealthKill></em> <GameTerm('Grit')> on successful <GameTerm('StealthKills')>.",,,
308665060788,"Умеет <em>красться</em> стоя. Имеет свою маскировку. Бонус к скрытности не зависит от положения тела.

Получает <GameTerm('Grit')> (<em><gritOnStealthKill></em>), выполняя успешные <GameTerm('StealthKills')>.",,,
134491465845,<placeholder>,,,ModItemCombatAction Jazz_Perk_00 DisplayName
910921051787,00:00,,,ModItemCharacterEffectCompositeDef Jazz_Perk_00 DisplayName
734512539741,"При активации взрывчатка с таймером, кинутая Споуком, взорвётся в начале вражеского хода.",,,ModItemCharacterEffectCompositeDef Jazz_Perk_00 Description
134491465845,<placeholder>,,,ModItemCombatAction Jazz_Perk_00 DisplayName
910921051787,00:00,,,ModItemCharacterEffectCompositeDef Jazz_Perk_00 DisplayName
734512539741,"При активации взрывчатка с таймером, кинутая Споуком, взорвётся в начале вражеского хода.",,,ModItemCharacterEffectCompositeDef Jazz_Perk_00 Description
410799075394,Отдача,,,ModItemGameTerm Default Recoil Name
334264440070,Отдача влияет на потерю точности каждого последующего выстрела при стрельбе очередями. Наемники с более высокой силой стреляют с меньшей отдачей.,,,ModItemGameTerm Default Recoil Description
216504287888,Дальность прицельно,,,ModItemGameTerm Default EffAimRange Name
625043197486,"Дальность, при которой шанс попасть выше 85% при стрельбе с максимально возможным уровнем прицеливания",,,ModItemGameTerm Default EffAimRange Description
441152763554,В укрытии,,,ModItemChanceToHitModifier Default RangeAttackTargetStanceCover display_name
431268474352,Автоогонь,,,ModItemChanceToHitModifier Default Autofire display_name
645151562441,Прицеливание,,,ModItemChanceToHitModifier Default Aim display_name
463803937496,Подсветка лазером,,,ModItemChanceToHitModifier Default Laser display_name
414972681032,Стрельба в упор,,,ModItemChanceToHitModifier Default PointBlank display_name
494374753773,Стрельба вслепую,,,ModItemChanceToHitModifier Default SeenBySpotter display_name
653990765042,Нет линии огня,,,ModItemChanceToHitModifier Default NoLineOfSight display_name
152995492443,Нападение из засады,,,ModItemChanceToHitModifier Default MeleeStealthStrike display_name
441152763554,В укрытии,,,ModItemChanceToHitModifier Default RangeAttackTargetStanceCover display_name
431268474352,Автоогонь,,,ModItemChanceToHitModifier Default Autofire display_name
645151562441,Прицеливание,,,ModItemChanceToHitModifier Default Aim display_name
463803937496,Подсветка лазером,,,ModItemChanceToHitModifier Default Laser display_name
414972681032,Стрельба в упор,,,ModItemChanceToHitModifier Default PointBlank display_name
494374753773,Стрельба вслепую,,,ModItemChanceToHitModifier Default SeenBySpotter display_name
653990765042,Нет линии огня,,,ModItemChanceToHitModifier Default NoLineOfSight display_name
152995492443,Нападение из засады,,,ModItemChanceToHitModifier Default MeleeStealthStrike display_name
647228359778,Всего уровней прицеливания,,,ModItemWeaponPropertyDef Default MaxAimActions display_name
825507727308,Прицел,,,ModItemWeaponPropertyDef Default MaxAimActions short_display_name
962107942782,Сектор контроля,,,ModItemWeaponPropertyDef Default OverwatchAngle display_name
200680367268,Сектор контроля,,,ModItemWeaponPropertyDef Default OverwatchAngle short_display_name
350403807727,Отдача,,,ModItemWeaponPropertyDef Default Recoil display_name
348227413386,Отдача,,,ModItemWeaponPropertyDef Default Recoil short_display_name
317046431643,Потеря точности при каждом последующем выстреле в очереди,,,ModItemWeaponPropertyDef Default Recoil description
734712982264,Длина очереди,,,ModItemWeaponPropertyDef Default BurstShots display_name
525430263193,Длина очереди,,,ModItemWeaponPropertyDef Default BurstShots short_display_name
303075832215,Количество патрон в очереди,,,ModItemWeaponPropertyDef Default BurstShots description
828271035319,Длина автоогня,,,ModItemWeaponPropertyDef Default AutoShots display_name
736096582521,Длина автоогня,,,ModItemWeaponPropertyDef Default AutoShots short_display_name
406014285154,Количество патрон в режиме автоогня,,,ModItemWeaponPropertyDef Default AutoShots description
673404089539,Количество ОД на передергивание затвора,,,ModItemWeaponPropertyDef Default BoltingAP display_name
714485442143,Количество ОД на передергивание затвора,,,ModItemWeaponPropertyDef Default BoltingAP short_display_name
170933053532,Количество ОД на передергивание затвора,,,ModItemWeaponPropertyDef Default BoltingAP description
916147006967,Уровень изношенности оружия,,,ModItemWeaponPropertyDef Default Deterioration display_name
754361009747,ИЗНОС,,,ModItemWeaponPropertyDef Default Deterioration short_display_name
684591729588,Уровень изношенности оружия,,,ModItemWeaponPropertyDef Default Deterioration description
504616292909,Дальность,,,ModItemWeaponPropertyDef Default WeaponRange display_name
990738888313,ДЛНСТ,,,ModItemWeaponPropertyDef Default WeaponRange short_display_name
425961266563,"Максимальное расстояние, на которое можно прицельно стрелять из оружия.",,,ModItemWeaponPropertyDef Default WeaponRange description
386708552913,Бонус прицеливания,,,ModItemWeaponPropertyDef Default AimAccuracy display_name
990424903530,Точность,,,ModItemWeaponPropertyDef Default AimAccuracy short_display_name
767762669765,"Величина, на которую повышается меткость за каждый уровень прицеливания.",,,ModItemWeaponPropertyDef Default AimAccuracy description
481439569600,Громкость выстрела,,,ModItemWeaponPropertyDef Default Noise display_name
488898767957,ГРОМКОСТЬ,,,ModItemWeaponPropertyDef Default Noise short_display_name
779315375089,"Дальность, на которой выстрел из оружия слышен",,,ModItemWeaponPropertyDef Default Noise description
697255314500,Урон,,,ModItemWeaponPropertyDef Default Damage display_name
829811404479,УРОН,,,ModItemWeaponPropertyDef Default Damage short_display_name
533575727863,"Количество очков здоровья, которое теряет небронированная цель при попадании по ней.",,,ModItemWeaponPropertyDef Default Damage description
301664401420,Урон,,,ModItemWeaponPropertyDef Default BaseDamage display_name
334584776986,УРОН,,,ModItemWeaponPropertyDef Default BaseDamage short_display_name
636311907900,"Количество очков здоровья, которое теряет небронированная цель при попадании по ней.",,,ModItemWeaponPropertyDef Default BaseDamage description
578734398323,Прицельная дальность,,,ModItemWeaponPropertyDef Default AimWeaponRange display_name
340033824898,ДЛНСТ,,,ModItemWeaponPropertyDef Default AimWeaponRange short_display_name
558053146687,"Максимальное расстояние, на которое можно прицельно стрелять из оружия.",,,ModItemWeaponPropertyDef Default AimWeaponRange description
911183298141,Дальность навскидку,,,ModItemWeaponPropertyDef Default UnAimWeaponRange display_name
763958779706,ДЛНСТ,,,ModItemWeaponPropertyDef Default UnAimWeaponRange short_display_name
798879358474,"Максимальное расстояние, на которое можно прицельно стрелять из оружия.",,,ModItemWeaponPropertyDef Default UnAimWeaponRange description
647228359778,Всего уровней прицеливания,,,ModItemWeaponPropertyDef Default MaxAimActions display_name
825507727308,Прицел,,,ModItemWeaponPropertyDef Default MaxAimActions short_display_name
962107942782,Сектор контроля,,,ModItemWeaponPropertyDef Default OverwatchAngle display_name
200680367268,Сектор контроля,,,ModItemWeaponPropertyDef Default OverwatchAngle short_display_name
350403807727,Отдача,,,ModItemWeaponPropertyDef Default Recoil display_name
348227413386,Отдача,,,ModItemWeaponPropertyDef Default Recoil short_display_name
317046431643,Потеря точности при каждом последующем выстреле в очереди,,,ModItemWeaponPropertyDef Default Recoil description
734712982264,Длина очереди,,,ModItemWeaponPropertyDef Default BurstShots display_name
525430263193,Длина очереди,,,ModItemWeaponPropertyDef Default BurstShots short_display_name
303075832215,Количество патрон в очереди,,,ModItemWeaponPropertyDef Default BurstShots description
828271035319,Длина автоогня,,,ModItemWeaponPropertyDef Default AutoShots display_name
736096582521,Длина автоогня,,,ModItemWeaponPropertyDef Default AutoShots short_display_name
406014285154,Количество патрон в режиме автоогня,,,ModItemWeaponPropertyDef Default AutoShots description
673404089539,Количество ОД на передергивание затвора,,,ModItemWeaponPropertyDef Default BoltingAP display_name
714485442143,Количество ОД на передергивание затвора,,,ModItemWeaponPropertyDef Default BoltingAP short_display_name
170933053532,Количество ОД на передергивание затвора,,,ModItemWeaponPropertyDef Default BoltingAP description
916147006967,Уровень изношенности оружия,,,ModItemWeaponPropertyDef Default Deterioration display_name
754361009747,ИЗНОС,,,ModItemWeaponPropertyDef Default Deterioration short_display_name
684591729588,Уровень изношенности оружия,,,ModItemWeaponPropertyDef Default Deterioration description
504616292909,Дальность,,,ModItemWeaponPropertyDef Default WeaponRange display_name
990738888313,ДЛНСТ,,,ModItemWeaponPropertyDef Default WeaponRange short_display_name
425961266563,"Максимальное расстояние, на которое можно прицельно стрелять из оружия.",,,ModItemWeaponPropertyDef Default WeaponRange description
386708552913,Бонус прицеливания,,,ModItemWeaponPropertyDef Default AimAccuracy display_name
990424903530,Точность,,,ModItemWeaponPropertyDef Default AimAccuracy short_display_name
767762669765,"Величина, на которую повышается меткость за каждый уровень прицеливания.",,,ModItemWeaponPropertyDef Default AimAccuracy description
481439569600,Громкость выстрела,,,ModItemWeaponPropertyDef Default Noise display_name
488898767957,ГРОМКОСТЬ,,,ModItemWeaponPropertyDef Default Noise short_display_name
779315375089,"Дальность, на которой выстрел из оружия слышен",,,ModItemWeaponPropertyDef Default Noise description
697255314500,Урон,,,ModItemWeaponPropertyDef Default Damage display_name
829811404479,УРОН,,,ModItemWeaponPropertyDef Default Damage short_display_name
533575727863,"Количество очков здоровья, которое теряет небронированная цель при попадании по ней.",,,ModItemWeaponPropertyDef Default Damage description
301664401420,Урон,,,ModItemWeaponPropertyDef Default BaseDamage display_name
334584776986,УРОН,,,ModItemWeaponPropertyDef Default BaseDamage short_display_name
636311907900,"Количество очков здоровья, которое теряет небронированная цель при попадании по ней.",,,ModItemWeaponPropertyDef Default BaseDamage description
578734398323,Прицельная дальность,,,ModItemWeaponPropertyDef Default AimWeaponRange display_name
340033824898,ДЛНСТ,,,ModItemWeaponPropertyDef Default AimWeaponRange short_display_name
558053146687,"Максимальное расстояние, на которое можно прицельно стрелять из оружия.",,,ModItemWeaponPropertyDef Default AimWeaponRange description
911183298141,Дальность навскидку,,,ModItemWeaponPropertyDef Default UnAimWeaponRange display_name
763958779706,ДЛНСТ,,,ModItemWeaponPropertyDef Default UnAimWeaponRange short_display_name
798879358474,"Максимальное расстояние, на которое можно прицельно стрелять из оружия.",,,ModItemWeaponPropertyDef Default UnAimWeaponRange description
395052281805,"HMGothic Rough A, 24",,,ModItemTextStyle PDAQuests_HeaderBig TextFont
988003992088,"HMGothic Rough A, 16",,,ModItemTextStyle AmmoGreenColor TextFont
921918534827,"HMGothic Rough A, 16",,,ModItemTextStyle AmmoTracerColor TextFont
551198920817,"HMGothic Rough A, 16",,,ModItemTextStyle AmmoEPRColor TextFont
741353093736,"HMGothic Rough A, 16",,,ModItemTextStyle AmmoAPColor TextFont
592627075945,"HMGothic Rough A, 16",,,ModItemTextStyle AmmoMatchColor TextFont
428737864329,"HMGothic Rough A, 16",,,ModItemTextStyle AmmoHPColor TextFont
699134443932,"HMGothic Rough A, 16",,,ModItemTextStyle AmmoBasicColor TextFont
808889887972,"HMGothic Rough A, 20",,,ModItemTextStyle WeaponModExtraModifications TextFont
405330707808,"HMGothic Rough A, 30",,,ModItemTextStyle WeaponModSubHeaderDark TextFont
849061127175,"HMGothic Rough A, 30",,,ModItemTextStyle WeaponModSubHeaderLight TextFont
395052281805,"HMGothic Rough A, 24",,,ModItemTextStyle PDAQuests_HeaderBig TextFont
988003992088,"HMGothic Rough A, 16",,,ModItemTextStyle AmmoGreenColor TextFont
921918534827,"HMGothic Rough A, 16",,,ModItemTextStyle AmmoTracerColor TextFont
551198920817,"HMGothic Rough A, 16",,,ModItemTextStyle AmmoEPRColor TextFont
741353093736,"HMGothic Rough A, 16",,,ModItemTextStyle AmmoAPColor TextFont
592627075945,"HMGothic Rough A, 16",,,ModItemTextStyle AmmoMatchColor TextFont
428737864329,"HMGothic Rough A, 16",,,ModItemTextStyle AmmoHPColor TextFont
699134443932,"HMGothic Rough A, 16",,,ModItemTextStyle AmmoBasicColor TextFont
808889887972,"HMGothic Rough A, 20",,,ModItemTextStyle WeaponModExtraModifications TextFont
405330707808,"HMGothic Rough A, 30",,,ModItemTextStyle WeaponModSubHeaderDark TextFont
849061127175,"HMGothic Rough A, 30",,,ModItemTextStyle WeaponModSubHeaderLight TextFont
168610041054,Медикаменты,,,ModItemInventoryTab Melee display_name
676523167241,Медикаменты,,,ModItemInventoryTab Meds display_name
824863331455,Гранаты,,,ModItemInventoryTab Grenades display_name
997463242483,Ресурсы,,,ModItemInventoryTab resources display_name
861708451830,<DisplayName>,,,ModItemXTemplate ModifyWeaponDlg Text
956866504441,ХАРАКТЕРИСТИКИ ОРУЖИЯ,,,ModItemXTemplate ModifyWeaponDlg Text
178602563073,<Description>,,,ModItemXTemplate ModifyWeaponDlg Text
736496148618,<description>,,,ModItemXTemplate ModifyWeaponDlg RolloverText
765234251810,Бронебойность,,,ModItemXTemplate ModifyWeaponDlg RolloverTitle
670960456349,Бронебойность,,,ModItemXTemplate ModifyWeaponDlg Text
380584575755,СОСТОЯНИЕ,,,ModItemXTemplate ModifyWeaponDlg Text
501582522685,ИЗНОС,,,ModItemXTemplate ModifyWeaponDlg Text
724164674065,ОРУЖИЕ СЛОМАНО. НЕВОЗМОЖНО МОДИФИЦИРОВАТЬ,,,ModItemXTemplate ModifyWeaponDlg Text
578032984870,ИГРОК  МОДИФИЦИРУЕТ ЭТО ОРУЖИЕ,,,ModItemXTemplate ModifyWeaponDlg Text
652962926717,НЕВОЗМОЖНО МОДИФИЦИРОВАТЬ: ОРУЖИЕ НЕ В ИНВЕНТАРЕ НАЁМНИКА,,,ModItemXTemplate ModifyWeaponDlg Text
321044611364,ПРЕДЫДУЩЕЕ,,,ModItemXTemplate ModifyWeaponDlg ActionName
152597115354,СЛЕДУЮЩЕЕ,,,ModItemXTemplate ModifyWeaponDlg ActionName
511665740284,СБРОСИТЬ ПОЛОЖЕНИЕ,,,ModItemXTemplate ModifyWeaponDlg ActionName
404134694445,ЗАКРЫТЬ,,,ModItemXTemplate ModifyWeaponDlg ActionName
564757151079,<DisplayName>,,,ModItemXTemplate ModifyWeaponDlg_Icons Text
521102263214,ХАРАКТЕРИСТИКИ ОРУЖИЯ,,,ModItemXTemplate ModifyWeaponDlg_Icons Text
798274974831,<Description>,,,ModItemXTemplate ModifyWeaponDlg_Icons Text
655269332593,<description>,,,ModItemXTemplate ModifyWeaponDlg_Icons RolloverText
328905928741,Бронебойность,,,ModItemXTemplate ModifyWeaponDlg_Icons RolloverTitle
155058505358,Бронебойность,,,ModItemXTemplate ModifyWeaponDlg_Icons Text
938246875082,СОСТОЯНИЕ,,,ModItemXTemplate ModifyWeaponDlg_Icons Text
918685041275,ИЗНОС,,,ModItemXTemplate ModifyWeaponDlg_Icons Text
652143028989,ОРУЖИЕ СЛОМАНО. НЕВОЗМОЖНО МОДИФИЦИРОВАТЬ,,,ModItemXTemplate ModifyWeaponDlg_Icons Text
241721853730,ИГРОК  МОДИФИЦИРУЕТ ЭТО ОРУЖИЕ,,,ModItemXTemplate ModifyWeaponDlg_Icons Text
788039928099,НЕВОЗМОЖНО МОДИФИЦИРОВАТЬ: ОРУЖИЕ НЕ В ИНВЕНТАРЕ НАЁМНИКА,,,ModItemXTemplate ModifyWeaponDlg_Icons Text
188542122857,ПРЕДЫДУЩЕЕ,,,ModItemXTemplate ModifyWeaponDlg_Icons ActionName
980303608489,СЛЕДУЮЩЕЕ,,,ModItemXTemplate ModifyWeaponDlg_Icons ActionName
735945028343,СБРОСИТЬ ПОЛОЖЕНИЕ,,,ModItemXTemplate ModifyWeaponDlg_Icons ActionName
366381160092,ЗАКРЫТЬ,,,ModItemXTemplate ModifyWeaponDlg_Icons ActionName
828806191319,"Source Code Pro, 16",,,ModItemTextStyle PDABrowserFlavorMediumGreen TextFont
273607723422,"Source Code Pro, 16",,,ModItemTextStyle PDABrowserFlavorMediumBlue TextFont
376859993121,"Source Code Pro, 16",,,ModItemTextStyle PDABrowserFlavorMediumRed TextFont
212824941413,Этот предмет невозможно переместить,,,ModItemXTemplate RolloverInventoryWeaponBase Text
883242205547,Morale,,,ModItemXTemplate SquadsAndMercs RolloverTitle
495938864803,Morale,,,ModItemXTemplate SquadsAndMercs RolloverTitle
952760179338,<placeholder>,,,
304252861693,<Description>,,,
733545694003,<DisplayName>,,,
451819446030,placeholder,,,ModItemXTemplate SquadsAndMercs RolloverText
952760179338,<placeholder>,,,
304252861693,<Description>,,,
733545694003,<DisplayName>,,,
796916796770,<apn(GetUIActionPoints())>,,,ModItemXTemplate SquadsAndMercs Text
952760179338,<placeholder>,,,
587957207956,Wounds are being bandaged.,,,ModItemXTemplate SquadsAndMercs RolloverText
304252861693,<Description>,,,
733545694003,<DisplayName>,,,
304252861693,<Description>,,,
733545694003,<DisplayName>,,,
367900329082,<apn(GetUIActionPoints())>,,,ModItemXTemplate SquadsAndMercs Text
731153996231,Аwaiting deployment,,,ModItemXTemplate SquadsAndMercs RolloverText
462752447429,Следующий боец,,,ModItemXTemplate Inventory_dev ActionName
485860766028,Предыдущий боец,,,ModItemXTemplate Inventory_dev ActionName
621499581522,Следующий отряд,,,ModItemXTemplate Inventory_dev ActionName
812893257346,Предыдущий отряд,,,ModItemXTemplate Inventory_dev ActionName
670647124648,Меню предмета,,,ModItemXTemplate Inventory_dev ActionName
248705060326,Мультивыбор,,,ModItemXTemplate Inventory_dev ActionName
793143848857,Сравнить,,,ModItemXTemplate Inventory_dev ActionName
213595669969,Закрыть,,,ModItemXTemplate Inventory_dev ActionName
139194150285,Рюкзаки отряда,,,ModItemXTemplate Inventory_dev Text
603664481305,Недостаточно ОД ,,,ModItemXTemplate Inventory_dev Text
452954947216,Комплект II,,,ModItemXTemplate Inventory_dev ActionName
196176807985,Комплект I,,,ModItemXTemplate Inventory_dev ActionName
493594438512,Активное оружие II,,,ModItemXTemplate Inventory_dev ActionName
418457279254,Активное оружие I,,,ModItemXTemplate Inventory_dev ActionName
952324635263,Снаряжение - <Nick>,,,ModItemXTemplate Inventory_dev Text
938079186657,ОД,,,ModItemXTemplate Inventory_dev RolloverTitle
763442117328,ОД,,,ModItemXTemplate Inventory_dev RolloverTitle
512702182138,Имущество отряда,,,ModItemXTemplate Inventory_dev Text
533439084324,Обыскать,,,ModItemXTemplate Inventory_dev Text
341810991519,Выбранный отряд находится в другом секторе,,,ModItemXTemplate Inventory_dev Text
953551904622,МЕШОК,,,ModItemXTemplate Inventory_dev Text
376475866235,Инвентарь заполнен,,,ModItemXTemplate Inventory_dev Text
569560092104,ВЗЯТЬ ВСЁ,,,ModItemXTemplate Inventory_dev ActionName
853443571539,ВЫБРАТЬ ВСЕ,,,ModItemXTemplate Inventory_dev ActionName
257971982468,Сортировка,,,ModItemXTemplate Inventory_dev ActionName
722247085905,МЕШОК,,,ModItemXTemplate Inventory_dev Text
166411351844,Инвентарь заполнен,,,ModItemXTemplate Inventory_dev Text
461439276930,Показать трофеи,,,ModItemXTemplate Inventory_dev ActionName
315029544506,Забрать трофеи,,,ModItemXTemplate Inventory_dev ActionName
477633542234,Следующий боец,,,ModItemXTemplate Inventory_bkp ActionName
446294581824,Предыдущий боец,,,ModItemXTemplate Inventory_bkp ActionName
528195474864,Следующий отряд,,,ModItemXTemplate Inventory_bkp ActionName
305389822264,Предыдущий отряд,,,ModItemXTemplate Inventory_bkp ActionName
276483538107,Активное оружие I,,,ModItemXTemplate Inventory_bkp ActionName
501665036765,Активное оружие II,,,ModItemXTemplate Inventory_bkp ActionName
637165141495,Комплект I,,,ModItemXTemplate Inventory_bkp ActionName
870689985517,Комплект II,,,ModItemXTemplate Inventory_bkp ActionName
220187827919,Меню предмета,,,ModItemXTemplate Inventory_bkp ActionName
274828377875,Мультивыбор,,,ModItemXTemplate Inventory_bkp ActionName
768826860391,Сравнить,,,ModItemXTemplate Inventory_bkp ActionName
578973233473,Закрыть,,,ModItemXTemplate Inventory_bkp ActionName
419941026997,Рюкзаки отряда,,,ModItemXTemplate Inventory_bkp Text
131778579669,Недостаточно ОД ,,,ModItemXTemplate Inventory_bkp Text
843220657332,Снаряжение - <Nick>,,,ModItemXTemplate Inventory_bkp Text
391824813170,ОД,,,ModItemXTemplate Inventory_bkp RolloverTitle
216613664544,ОД,,,ModItemXTemplate Inventory_bkp RolloverTitle
456744925045,Имущество отряда,,,ModItemXTemplate Inventory_bkp Text
566692914351,Обыскать,,,ModItemXTemplate Inventory_bkp Text
827811605013,Выбранный отряд находится в другом секторе,,,ModItemXTemplate Inventory_bkp Text
577659699539,МЕШОК,,,ModItemXTemplate Inventory_bkp Text
304865966467,Инвентарь заполнен,,,ModItemXTemplate Inventory_bkp Text
607294047752,ВЗЯТЬ ВСЁ,,,ModItemXTemplate Inventory_bkp ActionName
536299965680,ВЫБРАТЬ ВСЕ,,,ModItemXTemplate Inventory_bkp ActionName
317609348368,Сортировка,,,ModItemXTemplate Inventory_bkp ActionName
426849956387,МЕШОК,,,ModItemXTemplate Inventory_bkp Text
765580060319,Инвентарь заполнен,,,ModItemXTemplate Inventory_bkp Text
729341643019,Показать трофеи,,,ModItemXTemplate Inventory_bkp ActionName
995126733976,Забрать трофеи,,,ModItemXTemplate Inventory_bkp ActionName
396529837572,Следующий боец,,,ModItemXTemplate Inventory ActionName
104651517951,Предыдущий боец,,,ModItemXTemplate Inventory ActionName
280214989903,Следующий отряд,,,ModItemXTemplate Inventory ActionName
310889538244,Предыдущий отряд,,,ModItemXTemplate Inventory ActionName
555091750435,Активное оружие I,,,ModItemXTemplate Inventory ActionName
807903913675,Активное оружие II,,,ModItemXTemplate Inventory ActionName
818577293729,Комплект I,,,ModItemXTemplate Inventory ActionName
306486898884,Комплект II,,,ModItemXTemplate Inventory ActionName
306266634741,Меню предмета,,,ModItemXTemplate Inventory ActionName
713683440116,Мультивыбор,,,ModItemXTemplate Inventory ActionName
107857943313,Сравнить,,,ModItemXTemplate Inventory ActionName
316814426465,Закрыть,,,ModItemXTemplate Inventory ActionName
916246941671,Рюкзаки отряда,,,ModItemXTemplate Inventory Text
696834150257,Недостаточно ОД ,,,ModItemXTemplate Inventory Text
146971690685,Снаряжение - <Nick>,,,ModItemXTemplate Inventory Text
508230895860,ОД,,,ModItemXTemplate Inventory RolloverTitle
815111650722,ОД,,,ModItemXTemplate Inventory RolloverTitle
560398513780,Имущество отряда,,,ModItemXTemplate Inventory Text
761571079134,Обыскать,,,ModItemXTemplate Inventory Text
732611370701,Выбранный отряд находится в другом секторе,,,ModItemXTemplate Inventory Text
669498220663,МЕШОК,,,ModItemXTemplate Inventory Text
246467998574,Инвентарь заполнен,,,ModItemXTemplate Inventory Text
636148799239,ВЗЯТЬ ВСЁ,,,ModItemXTemplate Inventory ActionName
677313533531,ВЫБРАТЬ ВСЕ,,,ModItemXTemplate Inventory ActionName
618784337629,Сортировка,,,ModItemXTemplate Inventory ActionName
104519826281,МЕШОК,,,ModItemXTemplate Inventory Text
974891244681,Инвентарь заполнен,,,ModItemXTemplate Inventory Text
285711053774,Показать трофеи,,,ModItemXTemplate Inventory ActionName
435149942060,Забрать трофеи,,,ModItemXTemplate Inventory ActionName
504109285718,Следующий боец,,,ModItemXTemplate Inventory_vanilla ActionName
312568641536,Предыдущий боец,,,ModItemXTemplate Inventory_vanilla ActionName
265484287101,Следующий отряд,,,ModItemXTemplate Inventory_vanilla ActionName
947847058604,Предыдущий отряд,,,ModItemXTemplate Inventory_vanilla ActionName
943258044409,Активное оружие I,,,ModItemXTemplate Inventory_vanilla ActionName
170440611157,Активное оружие II,,,ModItemXTemplate Inventory_vanilla ActionName
277748147986,Комплект I,,,ModItemXTemplate Inventory_vanilla ActionName
594183231468,Комплект II,,,ModItemXTemplate Inventory_vanilla ActionName
832386479236,Меню предмета,,,ModItemXTemplate Inventory_vanilla ActionName
509640210078,Мультивыбор,,,ModItemXTemplate Inventory_vanilla ActionName
238652919271,Сравнить,,,ModItemXTemplate Inventory_vanilla ActionName
951802002453,Закрыть,,,ModItemXTemplate Inventory_vanilla ActionName
826122075335,ОД,,,ModItemXTemplate Inventory_vanilla RolloverTitle
574933101088,ОД,,,ModItemXTemplate Inventory_vanilla RolloverTitle
163018616204,Недостаточно ОД ,,,ModItemXTemplate Inventory_vanilla Text
530913527022,Обыскать,,,ModItemXTemplate Inventory_vanilla Text
426195625635,Выбранный отряд находится в другом секторе,,,ModItemXTemplate Inventory_vanilla Text
220853342843,МЕШОК,,,ModItemXTemplate Inventory_vanilla Text
297587821865,Инвентарь заполнен,,,ModItemXTemplate Inventory_vanilla Text
953088989571,ИМУЩЕСТВО ОТРЯДА,,,ModItemXTemplate Inventory_vanilla ActionName
746356091740,ВЗЯТЬ ВСЁ,,,ModItemXTemplate Inventory_vanilla ActionName
204449132285,ВЫБРАТЬ ВСЕ,,,ModItemXTemplate Inventory_vanilla ActionName
395358195008,МЕШОК,,,ModItemXTemplate Inventory_vanilla Text
457157125629,Инвентарь заполнен,,,ModItemXTemplate Inventory_vanilla Text
732508232560,Показать трофеи,,,ModItemXTemplate Inventory_vanilla ActionName
701343225144,Забрать трофеи,,,ModItemXTemplate Inventory_vanilla ActionName
414920950415,Рюкзаки отряда,,,ModItemXTemplate Inventory_vanilla Text
148701321031,РЮКЗАК - <Nick>,,,ModItemXTemplate Inventory_vanilla Text
634217186700,Имущество отряда,,,ModItemXTemplate Inventory_vanilla Text
559518861895,Следующий боец,,,ModItemXTemplate Inventory_dev2 ActionName
638788614999,Предыдущий боец,,,ModItemXTemplate Inventory_dev2 ActionName
441080526447,Следующий отряд,,,ModItemXTemplate Inventory_dev2 ActionName
679707488616,Предыдущий отряд,,,ModItemXTemplate Inventory_dev2 ActionName
144006902316,Активное оружие I,,,ModItemXTemplate Inventory_dev2 ActionName
768212551774,Активное оружие II,,,ModItemXTemplate Inventory_dev2 ActionName
487004061055,Комплект I,,,ModItemXTemplate Inventory_dev2 ActionName
727160062594,Комплект II,,,ModItemXTemplate Inventory_dev2 ActionName
818009564331,Меню предмета,,,ModItemXTemplate Inventory_dev2 ActionName
458054826773,Мультивыбор,,,ModItemXTemplate Inventory_dev2 ActionName
281776175987,Сравнить,,,ModItemXTemplate Inventory_dev2 ActionName
884091085492,Закрыть,,,ModItemXTemplate Inventory_dev2 ActionName
694185048387,Снаряжение - <Nick>,,,ModItemXTemplate Inventory_dev2 Text
529865238800,ОД,,,ModItemXTemplate Inventory_dev2 RolloverTitle
827744719600,ОД,,,ModItemXTemplate Inventory_dev2 RolloverTitle
439275926793,Рюкзаки отряда,,,ModItemXTemplate Inventory_dev2 Text
306956778825,Недостаточно ОД ,,,ModItemXTemplate Inventory_dev2 Text
703430872783,Снаряжение - <Nick>,,,ModItemXTemplate Inventory_dev2 Text
458099874022,ОД,,,ModItemXTemplate Inventory_dev2 RolloverTitle
727038849216,ОД,,,ModItemXTemplate Inventory_dev2 RolloverTitle
340447245678,Имущество отряда,,,ModItemXTemplate Inventory_dev2 Text
502386459875,Обыскать,,,ModItemXTemplate Inventory_dev2 Text
347224758333,Выбранный отряд находится в другом секторе,,,ModItemXTemplate Inventory_dev2 Text
205958299600,МЕШОК,,,ModItemXTemplate Inventory_dev2 Text
563127931924,Инвентарь заполнен,,,ModItemXTemplate Inventory_dev2 Text
185856264005,ВЗЯТЬ ВСЁ,,,ModItemXTemplate Inventory_dev2 ActionName
109493845054,ВЫБРАТЬ ВСЕ,,,ModItemXTemplate Inventory_dev2 ActionName
428733151389,Сортировка,,,ModItemXTemplate Inventory_dev2 ActionName
221788802654,МЕШОК,,,ModItemXTemplate Inventory_dev2 Text
426731999245,Инвентарь заполнен,,,ModItemXTemplate Inventory_dev2 Text
453693934325,Показать трофеи,,,ModItemXTemplate Inventory_dev2 ActionName
424313928369,Забрать трофеи,,,ModItemXTemplate Inventory_dev2 ActionName
495644773660,Vest,,,ModItemInventoryItemCompositeDef Vest_test DisplayName
767795587790,Backpack,,,ModItemInventoryItemCompositeDef Backpack_test DisplayName
471802543934,<color EmStyle>Не назначено</color>,,,ModItemXTemplate CombatActionBar Text
660266103376,<color EmStyle>Не назначено</color>,,,ModItemXTemplate CombatActionBar Text
168610041054,Медикаменты,,,ModItemInventoryTab Melee display_name
676523167241,Медикаменты,,,ModItemInventoryTab Meds display_name
824863331455,Гранаты,,,ModItemInventoryTab Grenades display_name
997463242483,Ресурсы,,,ModItemInventoryTab resources display_name
168610041054,Медикаменты,,,ModItemInventoryTab Melee display_name
676523167241,Медикаменты,,,ModItemInventoryTab Meds display_name
824863331455,Гранаты,,,ModItemInventoryTab Grenades display_name
997463242483,Ресурсы,,,ModItemInventoryTab resources display_name
861708451830,<DisplayName>,,,ModItemXTemplate ModifyWeaponDlg Text
956866504441,ХАРАКТЕРИСТИКИ ОРУЖИЯ,,,ModItemXTemplate ModifyWeaponDlg Text
178602563073,<Description>,,,ModItemXTemplate ModifyWeaponDlg Text
736496148618,<description>,,,ModItemXTemplate ModifyWeaponDlg RolloverText
765234251810,Бронебойность,,,ModItemXTemplate ModifyWeaponDlg RolloverTitle
670960456349,Бронебойность,,,ModItemXTemplate ModifyWeaponDlg Text
380584575755,СОСТОЯНИЕ,,,ModItemXTemplate ModifyWeaponDlg Text
501582522685,ИЗНОС,,,ModItemXTemplate ModifyWeaponDlg Text
724164674065,ОРУЖИЕ СЛОМАНО. НЕВОЗМОЖНО МОДИФИЦИРОВАТЬ,,,ModItemXTemplate ModifyWeaponDlg Text
578032984870,ИГРОК  МОДИФИЦИРУЕТ ЭТО ОРУЖИЕ,,,ModItemXTemplate ModifyWeaponDlg Text
652962926717,НЕВОЗМОЖНО МОДИФИЦИРОВАТЬ: ОРУЖИЕ НЕ В ИНВЕНТАРЕ НАЁМНИКА,,,ModItemXTemplate ModifyWeaponDlg Text
321044611364,ПРЕДЫДУЩЕЕ,,,ModItemXTemplate ModifyWeaponDlg ActionName
152597115354,СЛЕДУЮЩЕЕ,,,ModItemXTemplate ModifyWeaponDlg ActionName
511665740284,СБРОСИТЬ ПОЛОЖЕНИЕ,,,ModItemXTemplate ModifyWeaponDlg ActionName
404134694445,ЗАКРЫТЬ,,,ModItemXTemplate ModifyWeaponDlg ActionName
564757151079,<DisplayName>,,,ModItemXTemplate ModifyWeaponDlg_Icons Text
521102263214,ХАРАКТЕРИСТИКИ ОРУЖИЯ,,,ModItemXTemplate ModifyWeaponDlg_Icons Text
798274974831,<Description>,,,ModItemXTemplate ModifyWeaponDlg_Icons Text
655269332593,<description>,,,ModItemXTemplate ModifyWeaponDlg_Icons RolloverText
328905928741,Бронебойность,,,ModItemXTemplate ModifyWeaponDlg_Icons RolloverTitle
155058505358,Бронебойность,,,ModItemXTemplate ModifyWeaponDlg_Icons Text
938246875082,СОСТОЯНИЕ,,,ModItemXTemplate ModifyWeaponDlg_Icons Text
918685041275,ИЗНОС,,,ModItemXTemplate ModifyWeaponDlg_Icons Text
652143028989,ОРУЖИЕ СЛОМАНО. НЕВОЗМОЖНО МОДИФИЦИРОВАТЬ,,,ModItemXTemplate ModifyWeaponDlg_Icons Text
241721853730,ИГРОК  МОДИФИЦИРУЕТ ЭТО ОРУЖИЕ,,,ModItemXTemplate ModifyWeaponDlg_Icons Text
788039928099,НЕВОЗМОЖНО МОДИФИЦИРОВАТЬ: ОРУЖИЕ НЕ В ИНВЕНТАРЕ НАЁМНИКА,,,ModItemXTemplate ModifyWeaponDlg_Icons Text
188542122857,ПРЕДЫДУЩЕЕ,,,ModItemXTemplate ModifyWeaponDlg_Icons ActionName
980303608489,СЛЕДУЮЩЕЕ,,,ModItemXTemplate ModifyWeaponDlg_Icons ActionName
735945028343,СБРОСИТЬ ПОЛОЖЕНИЕ,,,ModItemXTemplate ModifyWeaponDlg_Icons ActionName
366381160092,ЗАКРЫТЬ,,,ModItemXTemplate ModifyWeaponDlg_Icons ActionName
828806191319,"Source Code Pro, 16",,,ModItemTextStyle PDABrowserFlavorMediumGreen TextFont
273607723422,"Source Code Pro, 16",,,ModItemTextStyle PDABrowserFlavorMediumBlue TextFont
376859993121,"Source Code Pro, 16",,,ModItemTextStyle PDABrowserFlavorMediumRed TextFont
212824941413,Этот предмет невозможно переместить,,,ModItemXTemplate RolloverInventoryWeaponBase Text
883242205547,Morale,,,ModItemXTemplate SquadsAndMercs RolloverTitle
495938864803,Morale,,,ModItemXTemplate SquadsAndMercs RolloverTitle
952760179338,<placeholder>,,,
304252861693,<Description>,,,
733545694003,<DisplayName>,,,
451819446030,placeholder,,,ModItemXTemplate SquadsAndMercs RolloverText
952760179338,<placeholder>,,,
304252861693,<Description>,,,
733545694003,<DisplayName>,,,
796916796770,<apn(GetUIActionPoints())>,,,ModItemXTemplate SquadsAndMercs Text
952760179338,<placeholder>,,,
587957207956,Wounds are being bandaged.,,,ModItemXTemplate SquadsAndMercs RolloverText
304252861693,<Description>,,,
733545694003,<DisplayName>,,,
304252861693,<Description>,,,
733545694003,<DisplayName>,,,
367900329082,<apn(GetUIActionPoints())>,,,ModItemXTemplate SquadsAndMercs Text
731153996231,Аwaiting deployment,,,ModItemXTemplate SquadsAndMercs RolloverText
462752447429,Следующий боец,,,ModItemXTemplate Inventory_dev ActionName
485860766028,Предыдущий боец,,,ModItemXTemplate Inventory_dev ActionName
621499581522,Следующий отряд,,,ModItemXTemplate Inventory_dev ActionName
812893257346,Предыдущий отряд,,,ModItemXTemplate Inventory_dev ActionName
670647124648,Меню предмета,,,ModItemXTemplate Inventory_dev ActionName
248705060326,Мультивыбор,,,ModItemXTemplate Inventory_dev ActionName
793143848857,Сравнить,,,ModItemXTemplate Inventory_dev ActionName
213595669969,Закрыть,,,ModItemXTemplate Inventory_dev ActionName
139194150285,Рюкзаки отряда,,,ModItemXTemplate Inventory_dev Text
603664481305,Недостаточно ОД ,,,ModItemXTemplate Inventory_dev Text
452954947216,Комплект II,,,ModItemXTemplate Inventory_dev ActionName
196176807985,Комплект I,,,ModItemXTemplate Inventory_dev ActionName
493594438512,Активное оружие II,,,ModItemXTemplate Inventory_dev ActionName
418457279254,Активное оружие I,,,ModItemXTemplate Inventory_dev ActionName
952324635263,Снаряжение - <Nick>,,,ModItemXTemplate Inventory_dev Text
938079186657,ОД,,,ModItemXTemplate Inventory_dev RolloverTitle
763442117328,ОД,,,ModItemXTemplate Inventory_dev RolloverTitle
512702182138,Имущество отряда,,,ModItemXTemplate Inventory_dev Text
533439084324,Обыскать,,,ModItemXTemplate Inventory_dev Text
341810991519,Выбранный отряд находится в другом секторе,,,ModItemXTemplate Inventory_dev Text
953551904622,МЕШОК,,,ModItemXTemplate Inventory_dev Text
376475866235,Инвентарь заполнен,,,ModItemXTemplate Inventory_dev Text
569560092104,ВЗЯТЬ ВСЁ,,,ModItemXTemplate Inventory_dev ActionName
853443571539,ВЫБРАТЬ ВСЕ,,,ModItemXTemplate Inventory_dev ActionName
257971982468,Сортировка,,,ModItemXTemplate Inventory_dev ActionName
722247085905,МЕШОК,,,ModItemXTemplate Inventory_dev Text
166411351844,Инвентарь заполнен,,,ModItemXTemplate Inventory_dev Text
461439276930,Показать трофеи,,,ModItemXTemplate Inventory_dev ActionName
315029544506,Забрать трофеи,,,ModItemXTemplate Inventory_dev ActionName
477633542234,Следующий боец,,,ModItemXTemplate Inventory_bkp ActionName
446294581824,Предыдущий боец,,,ModItemXTemplate Inventory_bkp ActionName
528195474864,Следующий отряд,,,ModItemXTemplate Inventory_bkp ActionName
305389822264,Предыдущий отряд,,,ModItemXTemplate Inventory_bkp ActionName
276483538107,Активное оружие I,,,ModItemXTemplate Inventory_bkp ActionName
501665036765,Активное оружие II,,,ModItemXTemplate Inventory_bkp ActionName
637165141495,Комплект I,,,ModItemXTemplate Inventory_bkp ActionName
870689985517,Комплект II,,,ModItemXTemplate Inventory_bkp ActionName
220187827919,Меню предмета,,,ModItemXTemplate Inventory_bkp ActionName
274828377875,Мультивыбор,,,ModItemXTemplate Inventory_bkp ActionName
768826860391,Сравнить,,,ModItemXTemplate Inventory_bkp ActionName
578973233473,Закрыть,,,ModItemXTemplate Inventory_bkp ActionName
419941026997,Рюкзаки отряда,,,ModItemXTemplate Inventory_bkp Text
131778579669,Недостаточно ОД ,,,ModItemXTemplate Inventory_bkp Text
843220657332,Снаряжение - <Nick>,,,ModItemXTemplate Inventory_bkp Text
391824813170,ОД,,,ModItemXTemplate Inventory_bkp RolloverTitle
216613664544,ОД,,,ModItemXTemplate Inventory_bkp RolloverTitle
456744925045,Имущество отряда,,,ModItemXTemplate Inventory_bkp Text
566692914351,Обыскать,,,ModItemXTemplate Inventory_bkp Text
827811605013,Выбранный отряд находится в другом секторе,,,ModItemXTemplate Inventory_bkp Text
577659699539,МЕШОК,,,ModItemXTemplate Inventory_bkp Text
304865966467,Инвентарь заполнен,,,ModItemXTemplate Inventory_bkp Text
607294047752,ВЗЯТЬ ВСЁ,,,ModItemXTemplate Inventory_bkp ActionName
536299965680,ВЫБРАТЬ ВСЕ,,,ModItemXTemplate Inventory_bkp ActionName
317609348368,Сортировка,,,ModItemXTemplate Inventory_bkp ActionName
426849956387,МЕШОК,,,ModItemXTemplate Inventory_bkp Text
765580060319,Инвентарь заполнен,,,ModItemXTemplate Inventory_bkp Text
729341643019,Показать трофеи,,,ModItemXTemplate Inventory_bkp ActionName
995126733976,Забрать трофеи,,,ModItemXTemplate Inventory_bkp ActionName
396529837572,Следующий боец,,,ModItemXTemplate Inventory ActionName
104651517951,Предыдущий боец,,,ModItemXTemplate Inventory ActionName
280214989903,Следующий отряд,,,ModItemXTemplate Inventory ActionName
310889538244,Предыдущий отряд,,,ModItemXTemplate Inventory ActionName
555091750435,Активное оружие I,,,ModItemXTemplate Inventory ActionName
807903913675,Активное оружие II,,,ModItemXTemplate Inventory ActionName
818577293729,Комплект I,,,ModItemXTemplate Inventory ActionName
306486898884,Комплект II,,,ModItemXTemplate Inventory ActionName
306266634741,Меню предмета,,,ModItemXTemplate Inventory ActionName
713683440116,Мультивыбор,,,ModItemXTemplate Inventory ActionName
107857943313,Сравнить,,,ModItemXTemplate Inventory ActionName
316814426465,Закрыть,,,ModItemXTemplate Inventory ActionName
916246941671,Рюкзаки отряда,,,ModItemXTemplate Inventory Text
696834150257,Недостаточно ОД ,,,ModItemXTemplate Inventory Text
146971690685,Снаряжение - <Nick>,,,ModItemXTemplate Inventory Text
508230895860,ОД,,,ModItemXTemplate Inventory RolloverTitle
815111650722,ОД,,,ModItemXTemplate Inventory RolloverTitle
560398513780,Имущество отряда,,,ModItemXTemplate Inventory Text
761571079134,Обыскать,,,ModItemXTemplate Inventory Text
732611370701,Выбранный отряд находится в другом секторе,,,ModItemXTemplate Inventory Text
669498220663,МЕШОК,,,ModItemXTemplate Inventory Text
246467998574,Инвентарь заполнен,,,ModItemXTemplate Inventory Text
636148799239,ВЗЯТЬ ВСЁ,,,ModItemXTemplate Inventory ActionName
677313533531,ВЫБРАТЬ ВСЕ,,,ModItemXTemplate Inventory ActionName
618784337629,Сортировка,,,ModItemXTemplate Inventory ActionName
104519826281,МЕШОК,,,ModItemXTemplate Inventory Text
974891244681,Инвентарь заполнен,,,ModItemXTemplate Inventory Text
285711053774,Показать трофеи,,,ModItemXTemplate Inventory ActionName
435149942060,Забрать трофеи,,,ModItemXTemplate Inventory ActionName
504109285718,Следующий боец,,,ModItemXTemplate Inventory_vanilla ActionName
312568641536,Предыдущий боец,,,ModItemXTemplate Inventory_vanilla ActionName
265484287101,Следующий отряд,,,ModItemXTemplate Inventory_vanilla ActionName
947847058604,Предыдущий отряд,,,ModItemXTemplate Inventory_vanilla ActionName
943258044409,Активное оружие I,,,ModItemXTemplate Inventory_vanilla ActionName
170440611157,Активное оружие II,,,ModItemXTemplate Inventory_vanilla ActionName
277748147986,Комплект I,,,ModItemXTemplate Inventory_vanilla ActionName
594183231468,Комплект II,,,ModItemXTemplate Inventory_vanilla ActionName
832386479236,Меню предмета,,,ModItemXTemplate Inventory_vanilla ActionName
509640210078,Мультивыбор,,,ModItemXTemplate Inventory_vanilla ActionName
238652919271,Сравнить,,,ModItemXTemplate Inventory_vanilla ActionName
951802002453,Закрыть,,,ModItemXTemplate Inventory_vanilla ActionName
826122075335,ОД,,,ModItemXTemplate Inventory_vanilla RolloverTitle
574933101088,ОД,,,ModItemXTemplate Inventory_vanilla RolloverTitle
163018616204,Недостаточно ОД ,,,ModItemXTemplate Inventory_vanilla Text
530913527022,Обыскать,,,ModItemXTemplate Inventory_vanilla Text
426195625635,Выбранный отряд находится в другом секторе,,,ModItemXTemplate Inventory_vanilla Text
220853342843,МЕШОК,,,ModItemXTemplate Inventory_vanilla Text
297587821865,Инвентарь заполнен,,,ModItemXTemplate Inventory_vanilla Text
953088989571,ИМУЩЕСТВО ОТРЯДА,,,ModItemXTemplate Inventory_vanilla ActionName
746356091740,ВЗЯТЬ ВСЁ,,,ModItemXTemplate Inventory_vanilla ActionName
204449132285,ВЫБРАТЬ ВСЕ,,,ModItemXTemplate Inventory_vanilla ActionName
395358195008,МЕШОК,,,ModItemXTemplate Inventory_vanilla Text
457157125629,Инвентарь заполнен,,,ModItemXTemplate Inventory_vanilla Text
732508232560,Показать трофеи,,,ModItemXTemplate Inventory_vanilla ActionName
701343225144,Забрать трофеи,,,ModItemXTemplate Inventory_vanilla ActionName
414920950415,Рюкзаки отряда,,,ModItemXTemplate Inventory_vanilla Text
148701321031,РЮКЗАК - <Nick>,,,ModItemXTemplate Inventory_vanilla Text
634217186700,Имущество отряда,,,ModItemXTemplate Inventory_vanilla Text
559518861895,Следующий боец,,,ModItemXTemplate Inventory_dev2 ActionName
638788614999,Предыдущий боец,,,ModItemXTemplate Inventory_dev2 ActionName
441080526447,Следующий отряд,,,ModItemXTemplate Inventory_dev2 ActionName
679707488616,Предыдущий отряд,,,ModItemXTemplate Inventory_dev2 ActionName
144006902316,Активное оружие I,,,ModItemXTemplate Inventory_dev2 ActionName
768212551774,Активное оружие II,,,ModItemXTemplate Inventory_dev2 ActionName
487004061055,Комплект I,,,ModItemXTemplate Inventory_dev2 ActionName
727160062594,Комплект II,,,ModItemXTemplate Inventory_dev2 ActionName
818009564331,Меню предмета,,,ModItemXTemplate Inventory_dev2 ActionName
458054826773,Мультивыбор,,,ModItemXTemplate Inventory_dev2 ActionName
281776175987,Сравнить,,,ModItemXTemplate Inventory_dev2 ActionName
884091085492,Закрыть,,,ModItemXTemplate Inventory_dev2 ActionName
694185048387,Снаряжение - <Nick>,,,ModItemXTemplate Inventory_dev2 Text
529865238800,ОД,,,ModItemXTemplate Inventory_dev2 RolloverTitle
827744719600,ОД,,,ModItemXTemplate Inventory_dev2 RolloverTitle
439275926793,Рюкзаки отряда,,,ModItemXTemplate Inventory_dev2 Text
306956778825,Недостаточно ОД ,,,ModItemXTemplate Inventory_dev2 Text
703430872783,Снаряжение - <Nick>,,,ModItemXTemplate Inventory_dev2 Text
458099874022,ОД,,,ModItemXTemplate Inventory_dev2 RolloverTitle
727038849216,ОД,,,ModItemXTemplate Inventory_dev2 RolloverTitle
340447245678,Имущество отряда,,,ModItemXTemplate Inventory_dev2 Text
502386459875,Обыскать,,,ModItemXTemplate Inventory_dev2 Text
347224758333,Выбранный отряд находится в другом секторе,,,ModItemXTemplate Inventory_dev2 Text
205958299600,МЕШОК,,,ModItemXTemplate Inventory_dev2 Text
563127931924,Инвентарь заполнен,,,ModItemXTemplate Inventory_dev2 Text
185856264005,ВЗЯТЬ ВСЁ,,,ModItemXTemplate Inventory_dev2 ActionName
109493845054,ВЫБРАТЬ ВСЕ,,,ModItemXTemplate Inventory_dev2 ActionName
428733151389,Сортировка,,,ModItemXTemplate Inventory_dev2 ActionName
221788802654,МЕШОК,,,ModItemXTemplate Inventory_dev2 Text
426731999245,Инвентарь заполнен,,,ModItemXTemplate Inventory_dev2 Text
453693934325,Показать трофеи,,,ModItemXTemplate Inventory_dev2 ActionName
424313928369,Забрать трофеи,,,ModItemXTemplate Inventory_dev2 ActionName
495644773660,Vest,,,ModItemInventoryItemCompositeDef Vest_test DisplayName
767795587790,Backpack,,,ModItemInventoryItemCompositeDef Backpack_test DisplayName
471802543934,<color EmStyle>Не назначено</color>,,,ModItemXTemplate CombatActionBar Text
660266103376,<color EmStyle>Не назначено</color>,,,ModItemXTemplate CombatActionBar Text
297819412397,Тяжелые ранения,,,ModItemGameRuleDef HeavyWounds display_name
116017009516,"Ранения также затрудняют свободное перемещение и снижают точность. Действует на всех персонажей - будь то наемники, союзники или противники.",,,ModItemGameRuleDef HeavyWounds description
512515774752,A.I.M. - всегда в сети!,,,ModItemGameRuleDef AlwaysOnline display_name
757537988889,Наемники всегда в сети и не откажутся от контракта без веских на то причин.,,,ModItemGameRuleDef AlwaysOnline description
909197059942,Платиновый пакет A.I.M.,,,ModItemGameRuleDef AllStars display_name
702168313225,Разблокирует доступ к легендарным наемникам на старте игры (за исключением вышедших в отставку наемников).,,,ModItemGameRuleDef AllStars description
978765965178,ДОБАВИТЬ НАЁМНИКА,,,ModItemXTemplate SectorOperationsAssignDlgUI_1 Text
211495158722,Доступно медикаментов,,,ModItemXTemplate SectorOperationsAssignDlgUI_1 NameText
923953306483,Цена:,,,ModItemXTemplate SectorOperationsAssignDlgUI_1 Text
350597538726,Подтвердить,,,ModItemXTemplate SectorOperationsAssignDlgUI_1 ActionName
452705423788,Закрыть,,,ModItemXTemplate SectorOperationsAssignDlgUI_1 ActionName
973424990987,Сменить характеристику,,,ModItemXTemplate SectorOperationMainUI_1 ActionName
922505256618,Начать,,,ModItemXTemplate SectorOperationMainUI_1 ActionName
551798104718,Выбрать предмет,,,ModItemXTemplate SectorOperationMainUI_1 ActionName
705133738550,Выбрать механиков,,,ModItemXTemplate SectorOperationMainUI_1 ActionName
939005913756,Автовыбор,,,ModItemXTemplate SectorOperationMainUI_1 ActionName
800571105377,Начать,,,ModItemXTemplate SectorOperationMainUI_1 ActionName
883600194496,Изменить,,,ModItemXTemplate SectorOperationMainUI_1 ActionName
532579700716,Отменить,,,ModItemXTemplate SectorOperationMainUI_1 ActionName
248631391436,Предметы в очереди,,,ModItemXTemplate SectorOperationSelectItemsUI Text
258661701503,Недостаточно запчастей для завершения,,,ModItemXTemplate SectorOperationSelectItemsUI Text
436529686790,Поврежденное снаряжение,,,ModItemXTemplate SectorOperationSelectItemsUI Text
145262692893,Ремонт предметов,,,ModItemSectorOperation RepairItems display_name
395352847572,Ремонт,,,ModItemSectorOperation RepairItems short_name
880260927551,Снаряжение нуждается в ремонте,,,ModItemSectorOperation RepairItems sub_title
808253758473,Ремонт поврежденного снаряжения с использованием механических запчастей. Участие наемников с высокой характеристикой «<color EmStyle>Механика</color>» ускорит операцию. Оружие с состоянием ниже 90% получает износ при ремонте.,,,ModItemSectorOperation RepairItems description
249199970830,Механик,,,ModItemSectorOperation RepairItems display_name
148971421371,Механик будет ремонтировать выбранные предметы.,,,ModItemSectorOperation RepairItems description
718928022688,МЕХАНИКИ,,,ModItemSectorOperation RepairItems display_name_all_caps
734491185239,Механик,,,ModItemSectorOperation RepairItems display_name_plural
932874898558,МЕХАНИКИ,,,ModItemSectorOperation RepairItems display_name_plural_all_caps
814680295449,Operation,,,
978765965178,ДОБАВИТЬ НАЁМНИКА,,,ModItemXTemplate SectorOperationsAssignDlgUI_1 Text
211495158722,Доступно медикаментов,,,ModItemXTemplate SectorOperationsAssignDlgUI_1 NameText
923953306483,Цена:,,,ModItemXTemplate SectorOperationsAssignDlgUI_1 Text
350597538726,Подтвердить,,,ModItemXTemplate SectorOperationsAssignDlgUI_1 ActionName
452705423788,Закрыть,,,ModItemXTemplate SectorOperationsAssignDlgUI_1 ActionName
973424990987,Сменить характеристику,,,ModItemXTemplate SectorOperationMainUI_1 ActionName
922505256618,Начать,,,ModItemXTemplate SectorOperationMainUI_1 ActionName
551798104718,Выбрать предмет,,,ModItemXTemplate SectorOperationMainUI_1 ActionName
705133738550,Выбрать механиков,,,ModItemXTemplate SectorOperationMainUI_1 ActionName
939005913756,Автовыбор,,,ModItemXTemplate SectorOperationMainUI_1 ActionName
800571105377,Начать,,,ModItemXTemplate SectorOperationMainUI_1 ActionName
883600194496,Изменить,,,ModItemXTemplate SectorOperationMainUI_1 ActionName
532579700716,Отменить,,,ModItemXTemplate SectorOperationMainUI_1 ActionName
248631391436,Предметы в очереди,,,ModItemXTemplate SectorOperationSelectItemsUI Text
258661701503,Недостаточно запчастей для завершения,,,ModItemXTemplate SectorOperationSelectItemsUI Text
436529686790,Поврежденное снаряжение,,,ModItemXTemplate SectorOperationSelectItemsUI Text
145262692893,Ремонт предметов,,,ModItemSectorOperation RepairItems display_name
395352847572,Ремонт,,,ModItemSectorOperation RepairItems short_name
880260927551,Снаряжение нуждается в ремонте,,,ModItemSectorOperation RepairItems sub_title
808253758473,Ремонт поврежденного снаряжения с использованием механических запчастей. Участие наемников с высокой характеристикой «<color EmStyle>Механика</color>» ускорит операцию. Оружие с состоянием ниже 90% получает износ при ремонте.,,,ModItemSectorOperation RepairItems description
249199970830,Механик,,,ModItemSectorOperation RepairItems display_name
148971421371,Механик будет ремонтировать выбранные предметы.,,,ModItemSectorOperation RepairItems description
718928022688,МЕХАНИКИ,,,ModItemSectorOperation RepairItems display_name_all_caps
734491185239,Механик,,,ModItemSectorOperation RepairItems display_name_plural
932874898558,МЕХАНИКИ,,,ModItemSectorOperation RepairItems display_name_plural_all_caps
814680295449,Operation,,,
145262692893,Ремонт предметов,,,ModItemSectorOperation RepairItems display_name
395352847572,Ремонт,,,ModItemSectorOperation RepairItems short_name
880260927551,Снаряжение нуждается в ремонте,,,ModItemSectorOperation RepairItems sub_title
808253758473,Ремонт поврежденного снаряжения с использованием механических запчастей. Участие наемников с высокой характеристикой «<color EmStyle>Механика</color>» ускорит операцию. Оружие с состоянием ниже 90% получает износ при ремонте.,,,ModItemSectorOperation RepairItems description
249199970830,Механик,,,ModItemSectorOperation RepairItems display_name
148971421371,Механик будет ремонтировать выбранные предметы.,,,ModItemSectorOperation RepairItems description
718928022688,МЕХАНИКИ,,,ModItemSectorOperation RepairItems display_name_all_caps
734491185239,Механик,,,ModItemSectorOperation RepairItems display_name_plural
932874898558,МЕХАНИКИ,,,ModItemSectorOperation RepairItems display_name_plural_all_caps
814680295449,Operation,,,
146950274165,Первая кровь,,,ModItemGameDifficultyDef Normal display_name
938032175404,"Стандартный уровень сложности. Увеличенное количество стартовых денег на 25%.
<newline><newline><color FlavorStyle>Уровень сложности можно будет изменить в любой момент.</color>",,,ModItemGameDifficultyDef Normal description
555200365469,Коммандос,,,ModItemGameDifficultyDef Hard display_name
762945938521,Повышенный уровень сложности.<newline><newline><color FlavorStyle>Уровень сложности можно будет изменить в любой момент.</color>,,,ModItemGameDifficultyDef Hard description
750126251792,Миссия невыполнима,,,ModItemGameDifficultyDef VeryHard display_name
758050797122,Высокий уровень сложности. Количество стартовых денег уменьшено на 50%<newline><newline><color FlavorStyle>Уровень сложности можно будет изменить в любой момент.</color>,,,ModItemGameDifficultyDef VeryHard description
