sep=,
ID,Text,Translation,VoiceActor,Context
146891845233,Этот наемник умеет контролировать отдачу при стрельбе очередями,,,ModItemMercSpecializations Default Autoriflemen rolloverText
530599596612,Этот наемник специализируется на тяжелом вооружении: пулеметах и гранатометах,,,ModItemMercSpecializations Default HeavyWeapons rolloverText
253735271549,Этот наемник - специалист по скрытным убийствам,,,ModItemMercSpecializations Default Stealth rolloverText
951344242125,<name>,,,ModItemXTemplate PDAAIMBrowser Text
946172936045,<image UI/DesktopGamepad/LB.tga> <image UI/DesktopGamepad/RB.tga> - Сменить категорию,,,ModItemXTemplate PDAAIMBrowser Text
195398296794,Банковский счёт,,,ModItemXTemplate PDAAIMBrowser Text
173653436963,<style AimCopyrightTextC>©</style> AIM 2001,,,ModItemXTemplate PDAAIMBrowser Text
382014103388,О нас,,,ModItemXTemplate PDAAIMBrowser Text
418277357103,Условия использования,,,ModItemXTemplate PDAAIMBrowser Text
346086449883,<MercLevel()>,,,ModItemXTemplate PDAAIMBrowser Text
562906327304,Ур.,,,ModItemXTemplate PDAAIMBrowser Text
862897735770,<Name> ,,,ModItemXTemplate PDAAIMBrowser Text
709674725815,<help>,,,ModItemXTemplate PDAAIMBrowser RolloverText
729159373320,<name>,,,ModItemXTemplate PDAAIMBrowser RolloverTitle
985514983456, ,,,ModItemXTemplate PDAAIMBrowser Text
750450877596,Стоимость за неделю,,,ModItemXTemplate PDAAIMBrowser RolloverTitle
287234349037,Черты,,,ModItemXTemplate PDAAIMBrowser Text
275295702962,Снаряжение,,,ModItemXTemplate PDAAIMBrowser Text
977908382668,Рюкзак,,,ModItemXTemplate PDAAIMBrowser Text
623039804594,БИОГРАФИЯ - <Title>,,,ModItemXTemplate PDAAIMBrowser Text
128093190012,Контактная информация,,,ModItemXTemplate PDAAIMBrowser ActionName
605299648012,Уволить,,,ModItemXTemplate PDAAIMBrowser ActionName
510250753405,Смотреть биографию,,,ModItemXTemplate PDAAIMBrowser ActionName
915717676997,Комплект,,,ModItemXTemplate PDAAIMBrowser ActionName
183093543791,LegionTier1,,,ModItemEmail LegionTier1 title
342619813681,JAZZ,,,ModItemEmail LegionTier1 sender
767218055918,"Тир1-1
",,,ModItemEmail LegionTier1 body
183093543791,LegionTier2,,,ModItemEmail LegionTier2 title
342619813681,JAZZ,,,ModItemEmail LegionTier2 sender
767218055918,"Тир1-2
",,,ModItemEmail LegionTier2 body
183093543791,LegionTier3,,,ModItemEmail LegionTier3 title
342619813681,JAZZ,,,ModItemEmail LegionTier3 sender
767218055918,"Тир1-3
",,,ModItemEmail LegionTier3 body
183093543791,LegionTier4,,,ModItemEmail LegionTier4 title
342619813681,JAZZ,,,ModItemEmail LegionTier4 sender
767218055918,"Тир2-1
",,,ModItemEmail LegionTier4 body
183093543791,LegionTier5,,,ModItemEmail LegionTier5 title
342619813681,JAZZ,,,ModItemEmail LegionTier5 sender
767218055918,"Тир2-2
",,,ModItemEmail LegionTier5 body
329699433258,Тиры легиона,,,ModItemQuestsDef JAZZ_LegionTier DisplayName
919590693662,9x19 мм,,,ModItemCaliber Default JAZZ_Caliber_9x19 Name
765908794085,9x18 мм,,,ModItemCaliber Default JAZZ_Caliber_9x18 Name
939801226770,9x39 мм,,,ModItemCaliber Default JAZZ_Caliber_9x39 Name
930169156607,7.62x25 мм,,,ModItemCaliber Default JAZZ_Caliber_762x25 Name
346459575064,0.44,,,ModItemCaliber Default JAZZ_Caliber_44CAL Name
346459575064,0.30,,,ModItemCaliber Default JAZZ_Caliber_30CAL Name
346459575064,0.38,,,ModItemCaliber Default JAZZ_Caliber_38 Name
346459575064,0.357 MAG,,,ModItemCaliber Default JAZZ_Caliber_357 Name
346459575064,0.50 AE,,,ModItemCaliber Default JAZZ_Caliber_50AE Name
598752828060,0.45ACP,,,ModItemCaliber Default JAZZ_Caliber_45ACP Name
865784012274,12-й калибр,,,ModItemCaliber Default JAZZ_Caliber_12gauge Name
933407067993,"5,56 мм",,,ModItemCaliber Default JAZZ_Caliber_556 Name
865164592008,"5,45x39 мм СССР",,,ModItemCaliber Default JAZZ_Caliber_545 Name
720569612434,"5,7 мм",,,ModItemCaliber Default JAZZ_Caliber_57 Name
720587129077,"4,6 мм",,,ModItemCaliber Default JAZZ_Caliber_46 Name
395248477224,30-06,,,ModItemCaliber Default JAZZ_Caliber_3006 Name
195287283557,"7,62x39 мм СССР",,,ModItemCaliber Default JAZZ_Caliber_762x39 Name
195287283557,"7,62x33 мм Kurz",,,ModItemCaliber Default JAZZ_Caliber_792x33 Name
170260753586,"7,62 мм НАТО",,,ModItemCaliber Default JAZZ_Caliber_762x51 Name
408013977781,762x54R СССР,,,ModItemCaliber Default JAZZ_Caliber_762x54R Name
315192221511,7.92х57мм,,,ModItemCaliber Default JAZZ_Caliber_792 Name
315192221511,7.5×54мм,,,ModItemCaliber Default JAZZ_Caliber_75French Name
410640021530,0.5,,,ModItemCaliber Default JAZZ_Caliber_50BMG Name
369907049645,40 мм,,,ModItemCaliber Default JAZZ_Caliber_40mmGrenade Name
935759010639,Выстрел,,,ModItemCaliber Default JAZZ_Caliber_MortarShell Name
930388598465,Гранатометный снаряд,,,ModItemCaliber Default JAZZ_Caliber_Warhead Name
137562615859,Сигнальная ракета,,,ModItemCaliber Default JAZZ_Caliber_Flare Name
451736198437,5.7mm,,,ModItemBobbyRayShopSubCategory Ammo 57 DisplayName
486843593104,"5,45x39 мм",,,ModItemBobbyRayShopSubCategory Ammo 545 DisplayName
828931318837,9x19,,,ModItemBobbyRayShopSubCategory Ammo 9mm DisplayName
287426986485,.45ACP,,,ModItemBobbyRayShopSubCategory Ammo 45ACP DisplayName
167070341336,762x25,,,ModItemBobbyRayShopSubCategory Ammo 762x25 DisplayName
137822310603,9x18,,,ModItemBobbyRayShopSubCategory Ammo 9x18 DisplayName
852886773372,9x39 мм,,,ModItemBobbyRayShopSubCategory Ammo 9x39 DisplayName
373203732372,7.62x54R,,,ModItemBobbyRayShopSubCategory Ammo 762x54 DisplayName
930379768672,7.92x57 Mauser,,,ModItemBobbyRayShopSubCategory Ammo 792 DisplayName
386324723679,30-06,,,ModItemBobbyRayShopSubCategory Ammo 3006 DisplayName
483700492318,Сигнальная ракета,,,ModItemInventoryItemCompositeDef FlareAmmo DisplayName
165119929821,Сигнальные ракеты,,,ModItemInventoryItemCompositeDef FlareAmmo DisplayNamePlural
691614229608,Осветительные боеприпасы для ракетницы.,,,ModItemInventoryItemCompositeDef FlareAmmo Description
156976081814,"9х19 мм, 9mm Ball Substandard",,,ModItemInventoryItemCompositeDef JAZZ_AMMO_9x19_Poor DisplayName
372328100854,"9х19 мм, 9mm Ball Substandard",,,ModItemInventoryItemCompositeDef JAZZ_AMMO_9x19_Poor DisplayNamePlural
246192403774,"Это как стрелять из огнестрельного оружия шариками из жеваной бумаги, из плюсов можно выделить то, что это очень дешево и много. 
Стабильная работа не гарантируется, кучность тоже, а ещё размокшая жеваная бумага может быстро засрать ваше оружие.",,,ModItemInventoryItemCompositeDef JAZZ_AMMO_9x19_Poor Description
156976081814,"9х19 мм, Luger FMJ",,,ModItemInventoryItemCompositeDef JAZZ_AMMO_9x19_FMJ DisplayName
372328100854,"9х19 мм, Luger FMJ",,,ModItemInventoryItemCompositeDef JAZZ_AMMO_9x19_FMJ DisplayNamePlural
246192403774,"Заводской патрон 9х19, ни больше ни меньше, можно стрелять по не бронированным целям без опасений, что вам выбьет глаз затвором.",,,ModItemInventoryItemCompositeDef JAZZ_AMMO_9x19_FMJ Description
156976081814,"9х19 мм, Кустарные",,,ModItemInventoryItemCompositeDef JAZZ_AMMO_9x19_Crafted DisplayName
372328100854,"9х19 мм, Кустарные",,,ModItemInventoryItemCompositeDef JAZZ_AMMO_9x19_Crafted DisplayNamePlural
246192403774,"Производитель не известен, возможно это вы сами, рекомендуется использовать с оружием которое вы ненавидите, тогда эти патроны помогут вам скорее от него избавиться. Сильно снижают надежность оружия.",,,ModItemInventoryItemCompositeDef JAZZ_AMMO_9x19_Crafted Description
378106180006,"9х19 мм, Luger JHP",,,ModItemInventoryItemCompositeDef JAZZ_AMMO_9x19_JHP DisplayName
888021825675,"9х19 мм, Luger JHP",,,ModItemInventoryItemCompositeDef JAZZ_AMMO_9x19_JHP DisplayNamePlural
442624820314,"Гражданский патрон для стрельбы по тарелкам, бронебойности от него не дождешься, зато экспансивное действие хорошее, так что цельтесь в ноги, там много артерий!",,,ModItemInventoryItemCompositeDef JAZZ_AMMO_9x19_JHP Description
109553390621,"9х19 мм, Match 124gr OTM",,,ModItemInventoryItemCompositeDef JAZZ_AMMO_9x19_Match DisplayName
108637483108,"9х19 мм, Match 124gr OTM",,,ModItemInventoryItemCompositeDef JAZZ_AMMO_9x19_Match DisplayNamePlural
644299617955,"Вы когда-нибудь пробовали снайпинг из беретты или глока? Обязательно попробуйте, данный боеприпас позволит вам стрелять кучнее и дальше, чем прочие гражданские или самодельные. Бронебойность отсутствует как и у большинства пистолетных патронов, чуда не ждите.",,,ModItemInventoryItemCompositeDef JAZZ_AMMO_9x19_Match Description
469395250369,"9х19 мм, 7н21 ББ",,,ModItemInventoryItemCompositeDef JAZZ_AMMO_9x19_AP DisplayName
997988678362,"9х19 мм, 7н21 ББ",,,ModItemInventoryItemCompositeDef JAZZ_AMMO_9x19_AP DisplayNamePlural
482446833075,"Бронебойные патроны 9х19, наконец-то можно прострелить фанерную переборку, кусок шифера и (чем не шутит черт) сможете пробить вражескую каску. Отдача усилена соответственно.",,,ModItemInventoryItemCompositeDef JAZZ_AMMO_9x19_AP Description
469395250369,"9х19 мм, 7н31 ББ+",,,ModItemInventoryItemCompositeDef JAZZ_AMMO_9x19_APP DisplayName
997988678362,"9х19 мм, 7н31 ББ+",,,ModItemInventoryItemCompositeDef JAZZ_AMMO_9x19_APP DisplayNamePlural
482446833075,"Очень серьезный боеприпас, кроме шуток способен пробивать многие базовые бронежилеты, хорошая кучность, точность и настильность. Немного негативно сказывается на износе оружия, но вы же хотите наконец простреливать бронеплиты пистолетным патроном? Это ваш шанс.",,,ModItemInventoryItemCompositeDef JAZZ_AMMO_9x19_APP Description
865245516789,"9x18мм, 57-Н-181С Substandard",,,ModItemInventoryItemCompositeDef JAZZ_AMMO_9x18_Poor DisplayName
360885048478,"9x18мм, 57-Н-181С Substandard",,,ModItemInventoryItemCompositeDef JAZZ_AMMO_9x18_Poor DisplayNamePlural
285060449915,"Патрон для стрельбы по крысам, с первого раза может убить разве что ничего.",,,ModItemInventoryItemCompositeDef JAZZ_AMMO_9x18_Poor Description
865245516789,"9x18мм, ПСО FMJ",,,ModItemInventoryItemCompositeDef JAZZ_AMMO_9x18_FMJ DisplayName
360885048478,"9x18мм, ПСО FMJ",,,ModItemInventoryItemCompositeDef JAZZ_AMMO_9x18_FMJ DisplayNamePlural
285060449915,"Гражданский патрон для спортивной и охотничьей стрельбы, на кого охотятся с 9х18 надо ещё уточнить, но как минимум оружие будет стрелять исправно и возможно кто-то сегодня умрет.",,,ModItemInventoryItemCompositeDef JAZZ_AMMO_9x18_FMJ Description
865245516789,"9x18мм, Кустарный",,,ModItemInventoryItemCompositeDef JAZZ_AMMO_9x18_Crafted DisplayName
360885048478,"9x18мм, Кустарный",,,ModItemInventoryItemCompositeDef JAZZ_AMMO_9x18_Crafted DisplayNamePlural
285060449915,"Патрон собранный на коленке, по известным причинам автор возможно умер, с этим боеприпасом вы опасны для всех и даже для себя.",,,ModItemInventoryItemCompositeDef JAZZ_AMMO_9x18_Crafted Description
865245516789,"9x18мм, СП7 JHP+",,,ModItemInventoryItemCompositeDef JAZZ_AMMO_9x18_JHP DisplayName
360885048478,"9x18мм, СП7 JHP+",,,ModItemInventoryItemCompositeDef JAZZ_AMMO_9x18_JHP DisplayNamePlural
285060449915,"Экспансивный спец патрон, бесполезен против брони, зато по мягким тканям отрабатывает не хуже старших братьев, все равно что выстрелить в человека из дробовика.",,,ModItemInventoryItemCompositeDef JAZZ_AMMO_9x18_JHP Description
865245516789,"9x18мм, ПСТ ББ",,,ModItemInventoryItemCompositeDef JAZZ_AMMO_9x18_AP DisplayName
360885048478,"9x18мм, ПСТ ББ",,,ModItemInventoryItemCompositeDef JAZZ_AMMO_9x18_AP DisplayNamePlural
285060449915,"Стандартный патрон 9х18 с повышенными характеристиками, может он и не такой убойный, но способен противостоять базовой бронезащите.",,,ModItemInventoryItemCompositeDef JAZZ_AMMO_9x18_AP Description
865245516789,"9x18мм, 7н25 ББ+",,,ModItemInventoryItemCompositeDef JAZZ_AMMO_9x18_APP DisplayName
360885048478,"9x18мм, 7н25 ББ+",,,ModItemInventoryItemCompositeDef JAZZ_AMMO_9x18_APP DisplayNamePlural
285060449915,"Бронебойный патрон 9х18, из которого выжали всё что могли, чтоб пробивать более или менее серьезную защиту. Бронебойность негативно сказывается на надежности, но положительно на эффективности.",,,ModItemInventoryItemCompositeDef JAZZ_AMMO_9x18_APP Description
270886313378,".45ACP, M1911 Substandard",,,ModItemInventoryItemCompositeDef JAZZ_AMMO_45ACP_Poor DisplayName
136983924045,".45ACP, M1911 Substandard",,,ModItemInventoryItemCompositeDef JAZZ_AMMO_45ACP_Poor DisplayNamePlural
654722607287,"Какая-то китайская хренотень, работает плохо, как и всё китайское, если вам больше нечем стрелять или не хватает острых ощущений, используйте данные патроны, это лучше чем ничего.",,,ModItemInventoryItemCompositeDef JAZZ_AMMO_45ACP_Poor Description
270886313378,".45ACP, FMJ",,,ModItemInventoryItemCompositeDef JAZZ_AMMO_45ACP_FMJ DisplayName
136983924045,".45ACP, FMJ",,,ModItemInventoryItemCompositeDef JAZZ_AMMO_45ACP_FMJ DisplayNamePlural
654722607287,"Базовый армейский патрон калибра .45, против брони он бессилен, зато способен нанести огромный урон, по мерка пистолетов. Это база.",,,ModItemInventoryItemCompositeDef JAZZ_AMMO_45ACP_FMJ Description
270886313378,".45ACP, Кустарный",,,ModItemInventoryItemCompositeDef JAZZ_AMMO_45ACP_Crafted DisplayName
136983924045,".45ACP, Кустарный",,,ModItemInventoryItemCompositeDef JAZZ_AMMO_45ACP_Crafted DisplayNamePlural
654722607287,"Большой пистолетный патрон калибра .45, тут поддерживается дуализм, патрон по сути экспансивный, но и кустарный, а значит лизнуть мысли может как цели так и стрелку.",,,ModItemInventoryItemCompositeDef JAZZ_AMMO_45ACP_Crafted Description
911933649700,".45ACP, +P",,,ModItemInventoryItemCompositeDef JAZZ_AMMO_45ACP_P DisplayName
399199708303,".45ACP, +P",,,ModItemInventoryItemCompositeDef JAZZ_AMMO_45ACP_P DisplayNamePlural
191747956366,"Попытка добавить базовому патрону бронебойности не изменяя конструкции пули, и это удалось, теперь владельцы базовой защиты могут трепетать. Имеются побочные эффекты, однако оно того стоит.",,,ModItemInventoryItemCompositeDef JAZZ_AMMO_45ACP_P Description
587071959481,".45ACP, JHP",,,ModItemInventoryItemCompositeDef JAZZ_AMMO_45ACP_JHP DisplayName
993338998831,".45ACP, JHP",,,ModItemInventoryItemCompositeDef JAZZ_AMMO_45ACP_JHP DisplayNamePlural
582557259656,"Представьте что ваш пистолет стреляет 12 калибром, представили? Вот это почти тоже самое, станьте крушителем дынь, арбузов и африканских диктаторов.",,,ModItemInventoryItemCompositeDef JAZZ_AMMO_45ACP_JHP Description
674003227379,"5,7 мм, S109 ББ",,,ModItemInventoryItemCompositeDef JAZZ_AMMO_57_AP DisplayName
278698960462,"5,7 мм, S109 ББ",,,ModItemInventoryItemCompositeDef JAZZ_AMMO_57_AP DisplayNamePlural
761420797793,"Армейский бронебойный, он же и базовый патрон довольно редкого калибра. Пуля хоть и пистолетная, но эффективность практически как у автомата.",,,ModItemInventoryItemCompositeDef JAZZ_AMMO_57_AP Description
674003227379,"5,7 мм, SS197SR JHP",,,ModItemInventoryItemCompositeDef JAZZ_AMMO_57_JHP DisplayName
278698960462,"5,7 мм, SS197SR JHP",,,ModItemInventoryItemCompositeDef JAZZ_AMMO_57_JHP DisplayNamePlural
761420797793,Экспансивные патроны для редких бельгийских игрушек. Несмотря на экспансивную пулю патрон способен наносить урон базовой броне.,,,ModItemInventoryItemCompositeDef JAZZ_AMMO_57_JHP Description
674003227379,"5,7 мм, SB193 Дозвуковой",,,ModItemInventoryItemCompositeDef JAZZ_AMMO_57_Subsonic DisplayName
278698960462,"5,7 мм, SB193 Дозвуковой",,,ModItemInventoryItemCompositeDef JAZZ_AMMO_57_Subsonic DisplayNamePlural
761420797793,"Дозвуковой патрон калибра 5.7, редкий и не очень нужный, однако если нужно работать швейной машинкой без шансов на обнаружение, это то что нужно. НЕ ЗАБУДЬТЕ НАДЕТЬ ГЛУШИТЕЛЬ !!!",,,ModItemInventoryItemCompositeDef JAZZ_AMMO_57_Subsonic Description
111421465880,"4,6 мм, FMJ",,,ModItemInventoryItemCompositeDef JAZZ_AMMO_46_FMJ DisplayName
171557918481,"4,6 мм, FMJ",,,ModItemInventoryItemCompositeDef JAZZ_AMMO_46_FMJ DisplayNamePlural
468404152064,"Базовый армейский патрон 4.6мм, для МП-7. Ни убавить ни прибавить, сочетает в себе легкий вес пули, дешевизну и наличие бронебойных свойств из-за своих размеров.",,,ModItemInventoryItemCompositeDef JAZZ_AMMO_46_FMJ Description
111421465880,"4,6 мм, DM11 ББ",,,ModItemInventoryItemCompositeDef JAZZ_AMMO_46_AP DisplayName
171557918481,"4,6 мм, DM11 ББ",,,ModItemInventoryItemCompositeDef JAZZ_AMMO_46_AP DisplayNamePlural
468404152064,"Бронебойный патрон для МП-7, Редкий боеприпас, вы либо мажор, либо счастливчик. Считайте, что стреляете золотыми слитками.",,,ModItemInventoryItemCompositeDef JAZZ_AMMO_46_AP Description
111421465880,"4,6 мм, V-Max JHP",,,ModItemInventoryItemCompositeDef JAZZ_AMMO_46_JHP DisplayName
171557918481,"4,6 мм, V-Max JHP",,,ModItemInventoryItemCompositeDef JAZZ_AMMO_46_JHP DisplayNamePlural
468404152064,"Экспансивная версия патрона для МП-7, разумеется это не обычный пистолетный патрон, так что и экспансивность не на высоте, но и в бронепробитии данный патрон не сильно потерял.",,,ModItemInventoryItemCompositeDef JAZZ_AMMO_46_JHP Description
527688384074,"7.62x25, Lot 66-3 CN Substandard",,,ModItemInventoryItemCompositeDef JAZZ_AMMO_762x25_Poor DisplayName
871962221654,"7.62x25, Lot 66-3 CN",,,ModItemInventoryItemCompositeDef JAZZ_AMMO_762x25_Poor DisplayNamePlural
496628262702,"Это самое отвратительное что вы можете вставить в своё оружие, если ты этим пользовался, я не хочу иметь с тобой дел.",,,ModItemInventoryItemCompositeDef JAZZ_AMMO_762x25_Poor Description
527688384074,"7.62x25, 57-Н-134С (FMJ)",,,ModItemInventoryItemCompositeDef JAZZ_AMMO_762x25_FMJ DisplayName
871962221654,"7.62x25, 57-Н-134С (FMJ)",,,ModItemInventoryItemCompositeDef JAZZ_AMMO_762x25_FMJ DisplayNamePlural
496628262702,"Базовый устаревший во всех смыслах пистолетный патрон, но это всё тот же паровозик, который смог.",,,ModItemInventoryItemCompositeDef JAZZ_AMMO_762x25_FMJ Description
527688384074,"7.62x25, ПСТ (ББ)",,,ModItemInventoryItemCompositeDef JAZZ_AMMO_762x25_AP DisplayName
871962221654,"7.62x25, ПСТ (ББ)",,,ModItemInventoryItemCompositeDef JAZZ_AMMO_762x25_AP DisplayNamePlural
496628262702,"Бронебойный патрон 7.62х25, на самом деле он не бронебойный, но ничего лучше в данном калибре нету. Неплохо подходит для стрельбы в спину союзников.",,,ModItemInventoryItemCompositeDef JAZZ_AMMO_762x25_AP Description
527688384074,"7.62x25, Wolf JHP",,,ModItemInventoryItemCompositeDef JAZZ_AMMO_762x25_JHP DisplayName
871962221654,"7.62x25, Wolf JHP",,,ModItemInventoryItemCompositeDef JAZZ_AMMO_762x25_JHP DisplayNamePlural
496628262702,"Экспансивный патрон, на сколько это вообще возможно, коммерческий дешевый, но какой есть. Тут надо брать не качеством, а количеством.",,,ModItemInventoryItemCompositeDef JAZZ_AMMO_762x25_JHP Description
865245516789,.38 Special FMJ,,,ModItemInventoryItemCompositeDef JAZZ_AMMO_38special_FMJ DisplayName
360885048478,.38 Special FMJ,,,ModItemInventoryItemCompositeDef JAZZ_AMMO_38special_FMJ DisplayNamePlural
285060449915,"Стандартный патрон для дамских сверчков, мелкий револьверный патрон, нельзя носить россыпью, можно просто не нащупать в кармане.",,,ModItemInventoryItemCompositeDef JAZZ_AMMO_38special_FMJ Description
865245516789,.38 Special JHP,,,ModItemInventoryItemCompositeDef JAZZ_AMMO_38special_JHP DisplayName
360885048478,.38 Special JHP,,,ModItemInventoryItemCompositeDef JAZZ_AMMO_38special_JHP DisplayNamePlural
285060449915,"Стандартный патрон для дамских сверчков, но экспансивный, можно вытащить револьвер из носка и размозжить кому-то голову в упор.",,,ModItemInventoryItemCompositeDef JAZZ_AMMO_38special_JHP Description
865245516789,.357 Mag FMJ,,,ModItemInventoryItemCompositeDef JAZZ_AMMO_357_FMJ DisplayName
360885048478,.357 Mag FMJ,,,ModItemInventoryItemCompositeDef JAZZ_AMMO_357_FMJ DisplayNamePlural
285060449915,"Один из лучших револьверных патронов, не стареющая классика, хорош везде и всем.",,,ModItemInventoryItemCompositeDef JAZZ_AMMO_357_FMJ Description
865245516789,.357 Mag JHP,,,ModItemInventoryItemCompositeDef JAZZ_AMMO_357_JHP DisplayName
360885048478,.357 Mag JHP,,,ModItemInventoryItemCompositeDef JAZZ_AMMO_357_JHP DisplayNamePlural
285060449915,"Экспансивный патрон калибра .357, если вам мало мощи обычной пули, с броней он разумеется не справляется, зато откусить кому-то бочок можно легко.",,,ModItemInventoryItemCompositeDef JAZZ_AMMO_357_JHP Description
283758588700,".44, FMJ",,,ModItemInventoryItemCompositeDef JAZZ_AMMO_44CAL_FMJ DisplayName
124552577193,".44, FMJ",,,ModItemInventoryItemCompositeDef JAZZ_AMMO_44CAL_FMJ DisplayNamePlural
472698757891,"Это Магнум, он не нуждается в представлении, им можно даже не попадать, все итак поймут кто тут папа.",,,ModItemInventoryItemCompositeDef JAZZ_AMMO_44CAL_FMJ Description
385574320141,".44, JHP",,,ModItemInventoryItemCompositeDef JAZZ_AMMO_44CAL_JHP DisplayName
560329197004,".44, JHP",,,ModItemInventoryItemCompositeDef JAZZ_AMMO_44CAL_JHP DisplayNamePlural
655933065301,"Экспансивная версия .44го, если хочется порвать кого-то на ошметки.",,,ModItemInventoryItemCompositeDef JAZZ_AMMO_44CAL_JHP Description
189935598461,".44, Match",,,ModItemInventoryItemCompositeDef JAZZ_AMMO_44CAL_Match DisplayName
807918005698,".44, Match",,,ModItemInventoryItemCompositeDef JAZZ_AMMO_44CAL_Match DisplayNamePlural
821434202204,"Коммерческий патрон увеличенной кучности, на случай если надо донести свою крутость на большее расстояние.",,,ModItemInventoryItemCompositeDef JAZZ_AMMO_44CAL_Match Description
224747486019,.50AE FMJ,,,ModItemInventoryItemCompositeDef JAZZ_AMMO_50AE_FMJ DisplayName
272581385016,.50AE FMJ,,,ModItemInventoryItemCompositeDef JAZZ_AMMO_50AE_FMJ DisplayNamePlural
928449338739,"Дорогой, мощный и бесполезный, подходит для боевиков, но не для войны.",,,ModItemInventoryItemCompositeDef JAZZ_AMMO_50AE_FMJ Description
224747486019,.50AE JHP,,,ModItemInventoryItemCompositeDef JAZZ_AMMO_50AE_JHP DisplayName
272581385016,.50AE JHP,,,ModItemInventoryItemCompositeDef JAZZ_AMMO_50AE_JHP DisplayNamePlural
928449338739,"Дорогой, даже дороже обычной версии патрона, экспансивный и бесполезный. Но крутость данного патрона не оспорима.",,,ModItemInventoryItemCompositeDef JAZZ_AMMO_50AE_JHP Description
865245516789,.30 Cal M1 Ball,,,ModItemInventoryItemCompositeDef JAZZ_AMMO_30_FMJ DisplayName
360885048478,.30 Cal M1 Ball,,,ModItemInventoryItemCompositeDef JAZZ_AMMO_30_FMJ DisplayNamePlural
285060449915,"Вроде это армейский образец, но это не точно, он на столько стар, что его просто продают ведрами вместе с другими старыми патронами.",,,ModItemInventoryItemCompositeDef JAZZ_AMMO_30_FMJ Description
865245516789,.30 Cal M27 Трассер,,,ModItemInventoryItemCompositeDef JAZZ_AMMO_30_Tracer DisplayName
360885048478,.30 Cal M27 Трассер,,,ModItemInventoryItemCompositeDef JAZZ_AMMO_30_Tracer DisplayNamePlural
285060449915,"Более современный армейский трассирующий вариант, современный ли? Как бы то ни было им можно выстрелить и даже попасть и помочь попасть другим",,,ModItemInventoryItemCompositeDef JAZZ_AMMO_30_Tracer Description
865245516789,.30 Cal M18 +P,,,ModItemInventoryItemCompositeDef JAZZ_AMMO_30_P DisplayName
360885048478,.30 Cal M18 +P,,,ModItemInventoryItemCompositeDef JAZZ_AMMO_30_P DisplayNamePlural
285060449915,Попытка сделать устаревший патрон бронебойным путем повышения давления. Уверенно справится с фанерой или кожанной курткой.,,,ModItemInventoryItemCompositeDef JAZZ_AMMO_30_P Description
333321938927,792x33мм Pist. Patr. 43 Ball,,,ModItemInventoryItemCompositeDef JAZZ_AMMO_792x33_FMJ DisplayName
789710016757,792x33мм Pist. Patr. 43 Ball,,,ModItemInventoryItemCompositeDef JAZZ_AMMO_792x33_FMJ DisplayNamePlural
527669776671,"Конечно было бы не плохо сдать их в ломбард, но они ничерта не стоят, так что поливайте от души, это бесплатно. Стандартный армейский патрон.",,,ModItemInventoryItemCompositeDef JAZZ_AMMO_792x33_FMJ Description
333321938927,792x33мм L'spur Трассер,,,ModItemInventoryItemCompositeDef JAZZ_AMMO_792x33_Tracer DisplayName
789710016757,792x33мм L'spur Трассер,,,ModItemInventoryItemCompositeDef JAZZ_AMMO_792x33_Tracer DisplayNamePlural
527669776671,"Версия патрона с трассером, иными словами прокладывающий путь к душам и сердцам по ту сторону ствола, патрон старый, но светит всё также.... кажется.",,,ModItemInventoryItemCompositeDef JAZZ_AMMO_792x33_Tracer Description
333321938927,792x33мм Pist. Patr. 43 m.E. (ББ),,,ModItemInventoryItemCompositeDef JAZZ_AMMO_792x33_AP DisplayName
789710016757,792x33мм Pist. Patr. 43 m.E. (ББ),,,ModItemInventoryItemCompositeDef JAZZ_AMMO_792x33_AP DisplayNamePlural
527669776671,"Бронебойный вариант армейского патрона 7.92х33 FMJ, на сколько это вообще возможно, все кто может подтвердить умерли от старости.",,,ModItemInventoryItemCompositeDef JAZZ_AMMO_792x33_AP Description
574593171535,"5,56мм, .223 Rem Commercial Substandard",,,ModItemInventoryItemCompositeDef JAZZ_AMMO_556_Poor DisplayName
785279043850,"5,56 мм, .223 Rem Commercial Substandard",,,ModItemInventoryItemCompositeDef JAZZ_AMMO_556_Poor DisplayNamePlural
790646713962,"Можно сказать что это коммерческий патрон калибра 5.56, на деле же это не выдающийся охотничий .223, нет даже уверенности, что в нем хватит мощности для автоматической стрельбы.",,,ModItemInventoryItemCompositeDef JAZZ_AMMO_556_Poor Description
574593171535,"5,56мм, Кустарный",,,ModItemInventoryItemCompositeDef JAZZ_AMMO_556_Crafted DisplayName
785279043850,"5,56 мм, Кустарный",,,ModItemInventoryItemCompositeDef JAZZ_AMMO_556_Crafted DisplayNamePlural
790646713962,"Что будет, если на коленке собрать современный патрон, наплевав на всякие допуски? Правильно, он заклинит, отымеет ваше оружие и поможет отыметь вас, но у него хотя бы пуля не из бумаги...",,,ModItemInventoryItemCompositeDef JAZZ_AMMO_556_Crafted Description
574593171535,"5,56мм, FMJ",,,ModItemInventoryItemCompositeDef JAZZ_AMMO_556_FMJ DisplayName
785279043850,"5,56 мм, FMJ",,,ModItemInventoryItemCompositeDef JAZZ_AMMO_556_FMJ DisplayNamePlural
790646713962,"Старый базовый патрон, повода для слез нет, как и выдающихся характеристик. Серая мышь в мире промежуточных патронов.",,,ModItemInventoryItemCompositeDef JAZZ_AMMO_556_FMJ Description
685583532964,"5,56 мм, Mk262",,,ModItemInventoryItemCompositeDef JAZZ_AMMO_556_Match DisplayName
563192097250,"5,56 мм, Mk262",,,ModItemInventoryItemCompositeDef JAZZ_AMMO_556_Match DisplayNamePlural
886365993358,"Высокие технологии добрались и до нас, последние тренды войны здесь и сейчас, прямо в вашем кармане. Идеально откалиброванные патроны и сбалансированные характеристики. Дорого, и круто.",,,ModItemInventoryItemCompositeDef JAZZ_AMMO_556_Match Description
326742931642,"5,56 мм, M855 Армейский",,,ModItemInventoryItemCompositeDef JAZZ_AMMO_556_Army DisplayName
946968976971,"5,56 мм, M855 Армейский",,,ModItemInventoryItemCompositeDef JAZZ_AMMO_556_Army DisplayNamePlural
758340761081,"Современный базовый армейский патрон, неплох во всём, вы точно не пожалеете.
",,,ModItemInventoryItemCompositeDef JAZZ_AMMO_556_Army Description
326742931642,"5,56 мм, M855A1 Повышенной Пробиваемости",,,ModItemInventoryItemCompositeDef JAZZ_AMMO_556_EPR DisplayName
946968976971,"5,56 мм, M855A1 Повышенной Пробиваемости",,,ModItemInventoryItemCompositeDef JAZZ_AMMO_556_EPR DisplayNamePlural
758340761081,"Стандартные армейские патроны с повышенным пробитием, вы можете стать грозой любой брони, относительно дорого и относительно эффективно.",,,ModItemInventoryItemCompositeDef JAZZ_AMMO_556_EPR Description
326742931642,"5,56 мм, M995 Бронебойный",,,ModItemInventoryItemCompositeDef JAZZ_AMMO_556_AP DisplayName
946968976971,"5,56 мм, M995 Бронебойный",,,ModItemInventoryItemCompositeDef JAZZ_AMMO_556_AP DisplayNamePlural
758340761081,"Серьезный бронебойный армейский боеприпас, крайне эффективен против брони любого класса защиты, скажи нет Джагернаутам!!! Дико дорого, но прекрасно.",,,ModItemInventoryItemCompositeDef JAZZ_AMMO_556_AP Description
653808281542,"5,56 мм, M856 Трассер",,,ModItemInventoryItemCompositeDef JAZZ_AMMO_556_Tracer DisplayName
493478127524,"5,56 мм, M856 Трассер",,,ModItemInventoryItemCompositeDef JAZZ_AMMO_556_Tracer DisplayNamePlural
816569867315,"Армейские трассера проверенные временем, они нужны не столько для убийства, сколько для помощи другим в целеуказании, но что вам мешает пострелять по голожопым целям?",,,ModItemInventoryItemCompositeDef JAZZ_AMMO_556_Tracer Description
402352878282,"5,45 мм, Барнаул SP Substandard",,,ModItemInventoryItemCompositeDef JAZZ_AMMO_545_Poor DisplayName
875634951024,"5,45 мм, Барнаул SP Substandard",,,ModItemInventoryItemCompositeDef JAZZ_AMMO_545_Poor DisplayNamePlural
979485744753,"Гражданский патрон для спортивной и развлекательной стрельбы, поэтому стреляйте и развлекайтесь, для войны лучше выбрать что-то посерьёзнее.",,,ModItemInventoryItemCompositeDef JAZZ_AMMO_545_Poor Description
402352878282,"5,45 мм, Кустарный",,,ModItemInventoryItemCompositeDef JAZZ_AMMO_545_Crafted DisplayName
875634951024,"5,45 мм, Кустарный",,,ModItemInventoryItemCompositeDef JAZZ_AMMO_545_Crafted DisplayNamePlural
979485744753,"Заклинивший автомат калашникова больше не выдуманная история, используйте так, чтобы никто не видел.",,,ModItemInventoryItemCompositeDef JAZZ_AMMO_545_Crafted Description
827774006254,"5,45 мм, ПС Армейский",,,ModItemInventoryItemCompositeDef JAZZ_AMMO_545_Army DisplayName
138469521759,"5,45 мм,ПС Армейский",,,ModItemInventoryItemCompositeDef JAZZ_AMMO_545_Army DisplayNamePlural
930854241886,"Стандартный армейский патрон, залетит в пятку, сделает сальто, вылетит через затылок. Патроны для садистов...",,,ModItemInventoryItemCompositeDef JAZZ_AMMO_545_Army Description
686371523176,"5,45 мм, ПП Повышенной Пробиваемости",,,ModItemInventoryItemCompositeDef JAZZ_AMMO_545_EPR DisplayName
173908119871,"5,45 мм, ПП Повышенной Пробиваемости",,,ModItemInventoryItemCompositeDef JAZZ_AMMO_545_EPR DisplayNamePlural
706390057843,"Это как базовый армейский патрон, только он может залетать в бронированную пятку и вылетать из бронированного затылка.",,,ModItemInventoryItemCompositeDef JAZZ_AMMO_545_EPR Description
157788838717,"5,45 мм, БП Бронебойный",,,ModItemInventoryItemCompositeDef JAZZ_AMMO_545_AP DisplayName
972063049608,"5,45 мм, БП Бронебойный",,,ModItemInventoryItemCompositeDef JAZZ_AMMO_545_AP DisplayNamePlural
109043157088,"Армейский бронебойный патрон, относительно способности делать дырки, сохранил в себе свойства наносить относительно высокий урон цели.",,,ModItemInventoryItemCompositeDef JAZZ_AMMO_545_AP Description
965033233630,"5,45 мм, 7Т3 Трассер",,,ModItemInventoryItemCompositeDef JAZZ_AMMO_545_Tracer DisplayName
430326314673,"5,45 мм, 7Т3 Трассер",,,ModItemInventoryItemCompositeDef JAZZ_AMMO_545_Tracer DisplayNamePlural
212926171807,"Если члены вашего отряда не видят куда стрелять, то данные трассирующие боеприпасы именно то что вам нужно, бонусом можете провернуть во враге горящую пулю.",,,ModItemInventoryItemCompositeDef JAZZ_AMMO_545_Tracer Description
403807663771,"7,62х39мм, Norinco Lot 66-3 CN Substandard",,,ModItemInventoryItemCompositeDef JAZZ_AMMO_762x39_Poor DisplayName
578647545074,"7,62х39мм, Norinco Lot 66-3 CN Substandard",,,ModItemInventoryItemCompositeDef JAZZ_AMMO_762x39_Poor DisplayNamePlural
296646736495,"Перед тем как произвести данные боеприпасы порох тщательно вымачивают в воде, а пули скатывают под языком. Не позорьтесь, китайцы никогда не делали хороших патронов.",,,ModItemInventoryItemCompositeDef JAZZ_AMMO_762x39_Poor Description
403807663771,"7,62х39мм, Кустарный",,,ModItemInventoryItemCompositeDef JAZZ_AMMO_762x39_Crafted DisplayName
578647545074,"7,62х39мм, Кустарный",,,ModItemInventoryItemCompositeDef JAZZ_AMMO_762x39_Crafted DisplayNamePlural
296646736495,"Сперва хочется сказать что он охотничий, но нет, он собран на коленке из старых гильз, мокрого пороха и фекалий местной фауны. Пользуется популярностью у местных, дешевизна берет своё!",,,ModItemInventoryItemCompositeDef JAZZ_AMMO_762x39_Crafted Description
403807663771,"7,62х39мм, Norinco FMJ",,,ModItemInventoryItemCompositeDef JAZZ_AMMO_762x39_FMJ DisplayName
578647545074,"7,62х39мм, Norinco FMJ",,,ModItemInventoryItemCompositeDef JAZZ_AMMO_762x39_FMJ DisplayNamePlural
296646736495,"Гражданский коммерческий патрон, из-за веса и калибра пуля всё равно имеет, хоть и посредственные, но какие никакие бронебойные качества.",,,ModItemInventoryItemCompositeDef JAZZ_AMMO_762x39_FMJ Description
333321938927,"7,62х39мм, ПС",,,ModItemInventoryItemCompositeDef JAZZ_AMMO_762x39_JHP DisplayName
789710016757,"7,62х39мм, ПС",,,ModItemInventoryItemCompositeDef JAZZ_AMMO_762x39_JHP DisplayNamePlural
527669776671,"Коммерческий патрон, в отличии от FMJ раскрывается в цели, т.е. Экспансивный, хороший убой за низкую цену.",,,ModItemInventoryItemCompositeDef JAZZ_AMMO_762x39_JHP Description
343683428790,"7,62х39мм, УС",,,ModItemInventoryItemCompositeDef JAZZ_AMMO_762x39_US DisplayName
586453294366,"7,62х39мм, УС",,,ModItemInventoryItemCompositeDef JAZZ_AMMO_762x39_US DisplayNamePlural
317343617056,"Бесполезный пережиток бесшумных комплексов, летит не далеко, не быстро, враг может даже не заметить, что в него стреляли.",,,ModItemInventoryItemCompositeDef JAZZ_AMMO_762x39_US Description
333321938927,"7,62х39мм, ПС",,,ModItemInventoryItemCompositeDef JAZZ_AMMO_762x39_Army DisplayName
789710016757,"7,62х39мм, ПС",,,ModItemInventoryItemCompositeDef JAZZ_AMMO_762x39_Army DisplayNamePlural
527669776671,"Базовый армейский патрон, по свойствам идеально сбалансирован на все случаи жизни. Это ширпотреб, в хорошем смысле этого слова. Берите не глядя, стреляйте не думая.",,,ModItemInventoryItemCompositeDef JAZZ_AMMO_762x39_Army Description
333321938927,"7,62х39мм, БЗ",,,ModItemInventoryItemCompositeDef JAZZ_AMMO_762x39_APP DisplayName
789710016757,"7,62х39мм, БЗ",,,ModItemInventoryItemCompositeDef JAZZ_AMMO_762x39_APP DisplayNamePlural
527669776671,"Редкий бронебойно зажигательный патрон, мечта всех мужчин, которые держали в руках АКМ, это секс-бомба в мире патронов, ничего лучше вы уже в своей жизни не встретите.",,,ModItemInventoryItemCompositeDef JAZZ_AMMO_762x39_APP Description
798317989173,"7,62 мм СССР, ТРАС",,,ModItemInventoryItemCompositeDef JAZZ_AMMO_762x39_Tracer DisplayName
300974076449,"7,62 мм СССР, ТРАС",,,ModItemInventoryItemCompositeDef JAZZ_AMMO_762x39_Tracer DisplayNamePlural
105546400626,"Трассирующая версия армейского патрона, также как и базовый патрон хорош во всем в среднем по больнице, но тут вы становитесь душой коллектива!!!",,,ModItemInventoryItemCompositeDef JAZZ_AMMO_762x39_Tracer Description
685074706095,"7,62x54R мм 188-57 CN Type 53 Substandard",,,ModItemInventoryItemCompositeDef JAZZ_AMMO_762x54_Poor DisplayName
544176135141,"7,62x54R мм 188-57 CN Type 53 Substandard",,,ModItemInventoryItemCompositeDef JAZZ_AMMO_762x54_Poor DisplayNamePlural
316044940928,"Сделано в китае, нет ничего хуже, чем быть патроном, произведенным в китае.",,,ModItemInventoryItemCompositeDef JAZZ_AMMO_762x54_Poor Description
685074706095,"7,62x54R мм ЛПС (FMJ)",,,ModItemInventoryItemCompositeDef JAZZ_AMMO_762x54_FMJ DisplayName
544176135141,"7,62x54R мм ЛПС (FMJ)",,,ModItemInventoryItemCompositeDef JAZZ_AMMO_762x54_FMJ DisplayNamePlural
316044940928,"Легкий патрон для пулеметов, где важна не меткость и характеристики, а плотность огня и количество патронов, массовые, дешевые, не выдающиеся боеприпасы.",,,ModItemInventoryItemCompositeDef JAZZ_AMMO_762x54_FMJ Description
685074706095,"7,62x54R мм Кустарный",,,ModItemInventoryItemCompositeDef JAZZ_AMMO_762x54_Crafted DisplayName
544176135141,"7,62x54R мм Кустарный",,,ModItemInventoryItemCompositeDef JAZZ_AMMO_762x54_Crafted DisplayNamePlural
316044940928,"Если уж делать хуже чем китайцы, то делать на коленке, плюс тут ровно один, приличный урон, но поплатитесь вы... Поверьте вы поплатитесь.",,,ModItemInventoryItemCompositeDef JAZZ_AMMO_762x54_Crafted Description
314555250393,"7,62x54R мм СНБ (AP / match)",,,ModItemInventoryItemCompositeDef JAZZ_AMMO_762x54_Match DisplayName
299479740054,"7,62x54R мм СНБ (AP / match)",,,ModItemInventoryItemCompositeDef JAZZ_AMMO_762x54_Match DisplayNamePlural
713481016841,"Снайперский бронебойный патрон, отстает по эффективности от собратьев из НАТО, но не сильно, а раз не сильно зачем платить больше!",,,ModItemInventoryItemCompositeDef JAZZ_AMMO_762x54_Match Description
351000794380,"7,62x54R мм Т",,,ModItemInventoryItemCompositeDef JAZZ_AMMO_762x54_Tracer DisplayName
502291306563,"7,62x54R мм Т",,,ModItemInventoryItemCompositeDef JAZZ_AMMO_762x54_Tracer DisplayNamePlural
556350640822,"По сути базовый  патрон, но с трассирующей пулей, на случай необходимости сконцентрировать огонь отряда из ПКМ, ну а вдруг?",,,ModItemInventoryItemCompositeDef JAZZ_AMMO_762x54_Tracer Description
907828676418,"7,62x54R мм БЗТ (API-T)",,,ModItemInventoryItemCompositeDef JAZZ_AMMO_762x54_APIT DisplayName
968086694447,"7,62x54R мм БЗТ (API-T)",,,ModItemInventoryItemCompositeDef JAZZ_AMMO_762x54_APIT DisplayNamePlural
273361512171,"Крышесносные патроны во всех смыслах, и пробьёт и подожжёт и даже путь укажет, при разработке данного боеприпаса однозначно использовалась божья длань.",,,ModItemInventoryItemCompositeDef JAZZ_AMMO_762x54_APIT Description
816293484485,"7.62х51мм НАТО, FMJ Substandard",,,ModItemInventoryItemCompositeDef JAZZ_AMMO_762x51_Poor DisplayName
784212637278,"7.62х51мм НАТО, FMJ Substandard",,,ModItemInventoryItemCompositeDef JAZZ_AMMO_762x51_Poor DisplayNamePlural
868039456416,"В эти патроны забыли насыпать порох, так что ваш автомат откатится до состояния винтовки, скажите спасибо британцам. Их кстати никто не любит.",,,ModItemInventoryItemCompositeDef JAZZ_AMMO_762x51_Poor Description
816293484485,"7.62х51мм НАТО, FMJ",,,ModItemInventoryItemCompositeDef JAZZ_AMMO_762x51_FMJ DisplayName
784212637278,"7.62х51мм НАТО, FMJ",,,ModItemInventoryItemCompositeDef JAZZ_AMMO_762x51_FMJ DisplayNamePlural
868039456416,"Какой-то не выдающийся патрон, просто работает, кого-то убивает, зачем-то существует. Скучно, без изюминки.",,,ModItemInventoryItemCompositeDef JAZZ_AMMO_762x51_FMJ Description
816293484485,"7.62х51мм НАТО, FMJ",,,ModItemInventoryItemCompositeDef JAZZ_AMMO_762x51_Crafted DisplayName
784212637278,"7.62х51мм НАТО, FMJ",,,ModItemInventoryItemCompositeDef JAZZ_AMMO_762x51_Crafted DisplayNamePlural
868039456416,"Поздравляем, вы собрали на коленке довольно эффективный боеприпас, вас порадует его бюджетность относительно эффективности ровно до того момента, когда он убьет вас, а не цель.",,,ModItemInventoryItemCompositeDef JAZZ_AMMO_762x51_Crafted Description
155135485934,"7.62х51мм НАТО, M80",,,ModItemInventoryItemCompositeDef JAZZ_AMMO_762x51_Army DisplayName
688496678363,"7.62х51мм НАТО, M80",,,ModItemInventoryItemCompositeDef JAZZ_AMMO_762x51_Army DisplayNamePlural
296800783973,"Стандартный армейский патрон, подходит для всего оружия калибра 7.62х51, тут вам и хороший пробой и высокий урон, только не требуйте слишком многого...",,,ModItemInventoryItemCompositeDef JAZZ_AMMO_762x51_Army Description
213865838245,"7.62х51мм НАТО, M61",,,ModItemInventoryItemCompositeDef JAZZ_AMMO_762x51_AP DisplayName
732360181829,"7.62х51мм НАТО, M61",,,ModItemInventoryItemCompositeDef JAZZ_AMMO_762x51_AP DisplayNamePlural
134217744335,"По идее должен прошибать ткань мироздания, на деле обычный бронебойный патрон, не хуже многих, вражеские каски должны трепетать, точно вам говорю, но для стрельбы из пулемета расточительно.",,,ModItemInventoryItemCompositeDef JAZZ_AMMO_762x51_AP Description
378844614691,"7.62х51мм НАТО, M118LR",,,ModItemInventoryItemCompositeDef JAZZ_AMMO_762x51_Match DisplayName
218380185132,"7.62х51мм НАТО, M118LR",,,ModItemInventoryItemCompositeDef JAZZ_AMMO_762x51_Match DisplayNamePlural
289283680399,"Полу гражданский, полу специальный матчевый боеприпас для высокоточной стрельбы, единственное что не полу, так это то что он действительно эффективен.",,,ModItemInventoryItemCompositeDef JAZZ_AMMO_762x51_Match Description
170269301418,"7.62х51мм НАТО, M62",,,ModItemInventoryItemCompositeDef JAZZ_AMMO_762x51_Tracer DisplayName
970505261363,"7.62х51мм НАТО, M62",,,ModItemInventoryItemCompositeDef JAZZ_AMMO_762x51_Tracer DisplayNamePlural
964415083636,"Трассирующий вариант стандартного М80, с амбициями на бронебойность. На деле же амбиции как всегда завышены, но он правда эффективен.",,,ModItemInventoryItemCompositeDef JAZZ_AMMO_762x51_Tracer Description
195831313662,"7,5х54 мм, Balle C (FMJ)",,,ModItemInventoryItemCompositeDef JAZZ_AMMO_75French_FMJ DisplayName
790852334727,"7,5х54 мм, Balle C (FMJ)",,,ModItemInventoryItemCompositeDef JAZZ_AMMO_75French_FMJ DisplayNamePlural
634152164577,"Что-то на французском, вроде как базовый патрон, но пенетрирует не хуже некоторых бронебойных, жаль оружие под него вышло в тираж.",,,ModItemInventoryItemCompositeDef JAZZ_AMMO_75French_FMJ Description
195831313662,"7,5х54 мм, Balle P (AP)",,,ModItemInventoryItemCompositeDef JAZZ_AMMO_75French_AP DisplayName
790852334727,"7,5х54 мм, Balle P (AP)",,,ModItemInventoryItemCompositeDef JAZZ_AMMO_75French_AP DisplayNamePlural
634152164577,"Бронебойные патроны, действительно суровые и эффективные, можно не только прошибать броню, но ещё и броню за стенами.",,,ModItemInventoryItemCompositeDef JAZZ_AMMO_75French_AP Description
697162729896,Патрон 30-06,,,ModItemInventoryItemCompositeDef JAZZ_AMMO_3006_FMJ DisplayName
726631612816,Патроны 30-06,,,ModItemInventoryItemCompositeDef JAZZ_AMMO_3006_FMJ DisplayNamePlural
898567748151,"Это папа калибра .308, патрон хоть и старый, но всё также опасен. Используется по сей день охотниками и ковбоями.",,,ModItemInventoryItemCompositeDef JAZZ_AMMO_3006_FMJ Description
697162729896,Патрон 30-06 M2 AP,,,ModItemInventoryItemCompositeDef JAZZ_AMMO_3006_AP DisplayName
726631612816,Патроны 30-06 M2 AP,,,ModItemInventoryItemCompositeDef JAZZ_AMMO_3006_AP DisplayNamePlural
898567748151,"Никому не понятно зачем такой мощный патрон делать ещё и бронебойным, но они это сделали, вероятно кто-то хотел пробивать танки.",,,ModItemInventoryItemCompositeDef JAZZ_AMMO_3006_AP Description
697162729896,Патрон 30-06 M25 Match,,,ModItemInventoryItemCompositeDef JAZZ_AMMO_3006_Match DisplayName
726631612816,Патроны 30-06 M25 Match,,,ModItemInventoryItemCompositeDef JAZZ_AMMO_3006_Match DisplayNamePlural
898567748151,"Высокоточный патрон, помимо прочего имеет хорошее пробитие и какую-никакую экспансивность, какой-то новодел, но мы ничего против не имеем, убивать надо эффективно.",,,ModItemInventoryItemCompositeDef JAZZ_AMMO_3006_Match Description
195831313662,"7,92х57 мм, s.S. Patrone (FMJ)",,,ModItemInventoryItemCompositeDef JAZZ_AMMO_792_FMJ DisplayName
790852334727,"7,92х57 мм, s.S. Patrone (FMJ)",,,ModItemInventoryItemCompositeDef JAZZ_AMMO_792_FMJ DisplayNamePlural
634152164577,"Фашисты хоть и пидоры, но в оружии разбирались, отличные патроны, с отличными свойствами, минус лишь в том,  что патроны старые и оружие соответственно.",,,ModItemInventoryItemCompositeDef JAZZ_AMMO_792_FMJ Description
195831313662,"7,92х57 мм, SmK (ББ)",,,ModItemInventoryItemCompositeDef JAZZ_AMMO_792_AP DisplayName
790852334727,"7,92х57 мм, SmK (ББ)",,,ModItemInventoryItemCompositeDef JAZZ_AMMO_792_AP DisplayNamePlural
634152164577,"Бронебойная версия армейского патрона, не понятно что потребовало его изобрести, но вероятно вы рады, что у вас есть такая опция.",,,ModItemInventoryItemCompositeDef JAZZ_AMMO_792_AP Description
195831313662,"7,92х57 мм, SmK L'spur (API-T)",,,ModItemInventoryItemCompositeDef JAZZ_AMMO_792_APIT DisplayName
790852334727,"7,92х57 мм, SmK L'spur (API-T)",,,ModItemInventoryItemCompositeDef JAZZ_AMMO_792_APIT DisplayNamePlural
634152164577,"БЗТ патрон, что ещё тут надо добавлять? Он прекрасен, хоть и стар. Превратите войну в искусство.",,,ModItemInventoryItemCompositeDef JAZZ_AMMO_792_APIT Description
333998606847,"9x39 мм, СП-5 (экспансивный)",,,ModItemInventoryItemCompositeDef JAZZ_AMMO_9x39_JHP DisplayName
542771498470,"9x39 мм, СП-5 (экспансивный)",,,ModItemInventoryItemCompositeDef JAZZ_AMMO_9x39_JHP DisplayNamePlural
339244329275,"Самый базовый специальный дозвуковой патрон, не очень силен на дистанции, не очень силен против брони, однако хорошо дрючит мягкие ткани.",,,ModItemInventoryItemCompositeDef JAZZ_AMMO_9x39_JHP Description
508580108192,"9x39 мм, СП-6 (бронебойный)",,,ModItemInventoryItemCompositeDef JAZZ_AMMO_9x39_AP DisplayName
724138101974,"9x39 мм, СП-6 (бронебойный)",,,ModItemInventoryItemCompositeDef JAZZ_AMMO_9x39_AP DisplayNamePlural
343666682437,"Специальный бронебойный дозвуковой патрон, убойность, как водится, на высоте, сможете всех мочить в сортире без шума и лишнего внимания.",,,ModItemInventoryItemCompositeDef JAZZ_AMMO_9x39_AP Description
508580108192,"9x39 мм, Кустарный",,,ModItemInventoryItemCompositeDef JAZZ_AMMO_9x39_Crafted DisplayName
724138101974,"9x39 мм, Кустарный",,,ModItemInventoryItemCompositeDef JAZZ_AMMO_9x39_Crafted DisplayNamePlural
343666682437,"Что-то среднее, между СП-5 и СП-6 собранное на коленке, как водится тут есть все минусы собранных на коленке патронов, возможно он даже не дозвуковой, проверяйте сами.",,,ModItemInventoryItemCompositeDef JAZZ_AMMO_9x39_Crafted Description
503250075758,"12-й калибр, дробь",,,ModItemInventoryItemCompositeDef JAZZ_AMMO_12gauge_Birdshot DisplayName
408475040527,"12-й калибр, дробь",,,ModItemInventoryItemCompositeDef JAZZ_AMMO_12gauge_Birdshot DisplayNamePlural
561107124860,Вы держите в руках наглядное пособие по тому как сделать в цели максимально возможное количество дырок за минимальное время.,,,ModItemInventoryItemCompositeDef JAZZ_AMMO_12gauge_Birdshot Description
365779430314,"12-й калибр, Картечь",,,ModItemInventoryItemCompositeDef JAZZ_AMMO_12gauge_Buckshot DisplayName
789991711408,"12-й калибр, Картечь",,,ModItemInventoryItemCompositeDef JAZZ_AMMO_12gauge_Buckshot DisplayNamePlural
569006389836,"Стандартный картечный боеприпас, бронебойности тут и не ночевало, дырок будет меньше, чем хотелось бы, однако они будут больше и возможно получится убить кого-то в одежде.",,,ModItemInventoryItemCompositeDef JAZZ_AMMO_12gauge_Buckshot Description
456378254088,"12-й калибр, Пуля",,,ModItemInventoryItemCompositeDef JAZZ_AMMO_12gauge_Slug DisplayName
924683101088,"12-й калибр, Пуля",,,ModItemInventoryItemCompositeDef JAZZ_AMMO_12gauge_Slug DisplayNamePlural
267219596717,"Пулевой патрон, пробитие плохое, однако когда в тебя прилетает свинцовый шар, приятного мало, говорят он умеет отрывать конечности.",,,ModItemInventoryItemCompositeDef JAZZ_AMMO_12gauge_Slug Description
900455292533,"12-й калибр, ББ Пуля",,,ModItemInventoryItemCompositeDef JAZZ_AMMO_12gauge_APSlug DisplayName
527580122468,"12-й калибр, ББ Пуля",,,ModItemInventoryItemCompositeDef JAZZ_AMMO_12gauge_APSlug DisplayNamePlural
476217082330,"Боеприпас на случай важных переговоров, вдруг вы хотите охотиться не на живые организмы, а скажем, сбить гражданский вертолёт или остановить грузовик?",,,ModItemInventoryItemCompositeDef JAZZ_AMMO_12gauge_APSlug Description
242458393978,"12-й калибр, соль",,,ModItemInventoryItemCompositeDef JAZZ_AMMO_12gauge_Saltshot DisplayName
907508796040,"12-й калибр, соль",,,ModItemInventoryItemCompositeDef JAZZ_AMMO_12gauge_Saltshot DisplayNamePlural
790667718698,"20ый калибр это не серьёзно говорили они, но тем не менее всё лучше чем ничего, люди всё также дырявятся.",,,ModItemInventoryItemCompositeDef JAZZ_AMMO_12gauge_Saltshot Description
224747486019,".50, обычный",,,ModItemInventoryItemCompositeDef JAZZ_AMMO_50BMG_Basic DisplayName
272581385016,".50, обычные",,,ModItemInventoryItemCompositeDef JAZZ_AMMO_50BMG_Basic DisplayNamePlural
928449338739,"Обычный натовский палтишок, убивает гарантированно, но не всё, если не убивает, то делает очень больно.",,,ModItemInventoryItemCompositeDef JAZZ_AMMO_50BMG_Basic Description
309974279653,".50, РАЗР",,,ModItemInventoryItemCompositeDef JAZZ_AMMO_50BMG_API_HEI DisplayName
322318596873,".50, РАЗР",,,ModItemInventoryItemCompositeDef JAZZ_AMMO_50BMG_API_HEI DisplayNamePlural
642491927546,"Бронебойно зажигательная трассирующая пуля данного калибра наверное делалась для войны с другой солнечной системой, не понятно зачем вам такая мощь, но если надо, значит надо.",,,ModItemInventoryItemCompositeDef JAZZ_AMMO_50BMG_API_HEI Description
123694025099,".50, ЗЖ",,,ModItemInventoryItemCompositeDef JAZZ_AMMO_50BMG_APIT DisplayName
441685737224,".50, ЗЖ",,,ModItemInventoryItemCompositeDef JAZZ_AMMO_50BMG_APIT DisplayNamePlural
676306531266,"Бронебойный палтиник, подходит для убийства терминаторов, автомобилей, легкой техники, но вы будете стрелять им по людям, удачной охоты.",,,ModItemInventoryItemCompositeDef JAZZ_AMMO_50BMG_APIT Description
239000312996,Газ. выстрел миномета,,,ModItemInventoryItemCompositeDef JAZZ_AMMO_MortarShell_Gas DisplayName
191353195659,Газ. выстрелы миномета,,,ModItemInventoryItemCompositeDef JAZZ_AMMO_MortarShell_Gas DisplayNamePlural
368317466121,Газовый боеприпас для минометов.,,,ModItemInventoryItemCompositeDef JAZZ_AMMO_MortarShell_Gas Description
203665951773,"<image UI/Conversation/T_Dialogue_IconBackgroundCircle.tga 400 130 128 120> Вызывает <color EmStyle>удушье</color>
<image UI/Conversation/T_Dialogue_IconBackgroundCircle.tga 400 130 128 120> Выстрелы, совершенные сквозь облака газа, дают лишь незначительные попадания
<image UI/Conversation/T_Dialogue_IconBackgroundCircle.tga 400 130 128 120> Почти бесшумно",,,ModItemInventoryItemCompositeDef JAZZ_AMMO_MortarShell_Gas AdditionalHint
574900180140,Выстрел для миномета,,,ModItemInventoryItemCompositeDef JAZZ_AMMO_MortarShell_HE DisplayName
129650617617,Выстрелы для миномета,,,ModItemInventoryItemCompositeDef JAZZ_AMMO_MortarShell_HE DisplayNamePlural
812608538603,Стандартный боеприпас для минометов.,,,ModItemInventoryItemCompositeDef JAZZ_AMMO_MortarShell_HE Description
935097971760,Дым. выстрел миномета,,,ModItemInventoryItemCompositeDef JAZZ_AMMO_MortarShell_Smoke DisplayName
499008024695,Дым. выстрелы миномета,,,ModItemInventoryItemCompositeDef JAZZ_AMMO_MortarShell_Smoke DisplayNamePlural
144238631017,Дымовой боеприпас для минометов.,,,ModItemInventoryItemCompositeDef JAZZ_AMMO_MortarShell_Smoke Description
140416387512,"<image UI/Conversation/T_Dialogue_IconBackgroundCircle.tga 400 130 128 120> Выстрелы, совершенные сквозь облака газа, дают лишь <color EmStyle>незначительные попадания</color>
<image UI/Conversation/T_Dialogue_IconBackgroundCircle.tga 400 130 128 120> Не наносит урона
<image UI/Conversation/T_Dialogue_IconBackgroundCircle.tga 400 130 128 120> Почти бесшумно",,,ModItemInventoryItemCompositeDef JAZZ_AMMO_MortarShell_Smoke AdditionalHint
938082134003,ПГ-7В,,,ModItemInventoryItemCompositeDef Warhead_Frag DisplayName
520121604271,ПГ-7В,,,ModItemInventoryItemCompositeDef Warhead_Frag DisplayNamePlural
340753503694,Кумулятивный боеприпас для реактивных гранатометов.,,,ModItemInventoryItemCompositeDef Warhead_Frag Description
944051778480,"<image UI/Conversation/T_Dialogue_IconBackgroundCircle.tga 400 130 128 120> В центре взрыва вызывает эффект «Горение»
<image UI/Conversation/T_Dialogue_IconBackgroundCircle.tga 400 130 128 120> В радиусе взрыва вызывает эффект ""Подавление""",,,ModItemInventoryItemCompositeDef Warhead_Frag AdditionalHint
921485234830,40-мм с/ш граната,,,ModItemInventoryItemCompositeDef JAZZ_AMMO_40mmFlashbangGrenade DisplayName
179422312087,40-мм с/ш гранаты,,,ModItemInventoryItemCompositeDef JAZZ_AMMO_40mmFlashbangGrenade DisplayNamePlural
585104380446,Светошумовой боеприпас для гранатометов калибра 40 мм.,,,ModItemInventoryItemCompositeDef JAZZ_AMMO_40mmFlashbangGrenade Description
308173152169,"<image UI/Conversation/T_Dialogue_IconBackgroundCircle.tga 400 130 128 120> В эпицентре взрыва снижает уровень энергии целей (один раз за бой)
<image UI/Conversation/T_Dialogue_IconBackgroundCircle.tga 400 130 128 120> <color EmStyle>Подавляет</color> цели
<image UI/Conversation/T_Dialogue_IconBackgroundCircle.tga 400 130 128 120> Издает меньше шума",,,ModItemInventoryItemCompositeDef JAZZ_AMMO_40mmFlashbangGrenade AdditionalHint
553319203791,40-мм о/ф граната,,,ModItemInventoryItemCompositeDef JAZZ_AMMO_40mmFragGrenade DisplayName
972658646505,40-мм о/ф гранаты,,,ModItemInventoryItemCompositeDef JAZZ_AMMO_40mmFragGrenade DisplayNamePlural
205133319221,Осколочно-фугасный боеприпас для гранатометов калибра 40 мм.,,,ModItemInventoryItemCompositeDef JAZZ_AMMO_40mmFragGrenade Description
231013791244,<image UI/Conversation/T_Dialogue_IconBackgroundCircle.tga 400 130 128 120> В центре взрыва вызывает у целей <color EmStyle>кровотечение</color>,,,ModItemInventoryItemCompositeDef JAZZ_AMMO_40mmFragGrenade AdditionalHint
346338539953,"9х19 мм, FMJ",,,ModItemInventoryItemCompositeDef _9mm_Basic DisplayName
645441034504,"9х19 мм, FMJ",,,ModItemInventoryItemCompositeDef _9mm_Basic DisplayNamePlural
727060566316,Стандартный патрон калибра 9х19мм,,,ModItemInventoryItemCompositeDef _9mm_Basic Description
930357114539,"9х19 мм, JHP",,,ModItemInventoryItemCompositeDef _9mm_HP DisplayName
730329528081,"9х19 мм, JHP",,,ModItemInventoryItemCompositeDef _9mm_HP DisplayNamePlural
190364811329,Экспансивный патрон калибра 9х19мм,,,ModItemInventoryItemCompositeDef _9mm_HP Description
769968102370,"<image UI/Conversation/T_Dialogue_IconBackgroundCircle.tga 400 130 128 120> Нулевая бронебойность
<image UI/Conversation/T_Dialogue_IconBackgroundCircle.tga 400 130 128 120> Повышенный урон
<image UI/Conversation/T_Dialogue_IconBackgroundCircle.tga 400 130 128 120> Повышенный шанс критического попадания
<image UI/Conversation/T_Dialogue_IconBackgroundCircle.tga 400 130 128 120> Вызывает <color EmStyle>кровотечение</color>",,,ModItemInventoryItemCompositeDef _9mm_HP AdditionalHint
557669429065,"9х19 мм, Match",,,ModItemInventoryItemCompositeDef _9mm_Match DisplayName
909118059097,"9х19 мм, Match",,,ModItemInventoryItemCompositeDef _9mm_Match DisplayNamePlural
203032964857,Матчевый патрон калибра 9х19мм,,,ModItemInventoryItemCompositeDef _9mm_Match Description
169382118769,"<image UI/Conversation/T_Dialogue_IconBackgroundCircle.tga 400 130 128 120> Увеличенная эффективность прицеливания
<image UI/Conversation/T_Dialogue_IconBackgroundCircle.tga 400 130 128 120> Повышенный шанс критического попадания
<image UI/Conversation/T_Dialogue_IconBackgroundCircle.tga 400 130 128 120> Увеличенная дальность стрельбы без штрафов",,,ModItemInventoryItemCompositeDef _9mm_Match AdditionalHint
202438707540,"9х19 мм, ББ",,,ModItemInventoryItemCompositeDef _9mm_AP DisplayName
285785210544,"9х19 мм, ББ",,,ModItemInventoryItemCompositeDef _9mm_AP DisplayNamePlural
815815988039,Бронебойный патрон калибра 9х19мм,,,ModItemInventoryItemCompositeDef _9mm_AP Description
280553686223,<image UI/Conversation/T_Dialogue_IconBackgroundCircle.tga 400 130 128 120> Обеспечивает уверенное поражение целей обладающих 2-м классом брони,,,ModItemInventoryItemCompositeDef _9mm_AP AdditionalHint
560400460237,9mm ShockОТКЛЮЧЕНО,,,ModItemInventoryItemCompositeDef _9mm_Shock DisplayName
733411942262,9mm ShockОТКЛЮЧЕНО,,,ModItemInventoryItemCompositeDef _9mm_Shock DisplayNamePlural
330508860958,"Шоковый боеприпас для пистолетов, револьверов и пистолетов-пулеметов калибра 9 мм.",,,ModItemInventoryItemCompositeDef _9mm_Shock Description
595335142998,"<image UI/Conversation/T_Dialogue_IconBackgroundCircle.tga 400 130 128 120> Сниженная дальнобойность
<image UI/Conversation/T_Dialogue_IconBackgroundCircle.tga 400 130 128 120> Нулевая бронебойность
<image UI/Conversation/T_Dialogue_IconBackgroundCircle.tga 400 130 128 120> Высокий шанс критического попадания
<image UI/Conversation/T_Dialogue_IconBackgroundCircle.tga 400 130 128 120> Пораженные цели получают статус «<color EmStyle>Вне укрытия</color>» и лишаются его преимуществ
<image UI/Conversation/T_Dialogue_IconBackgroundCircle.tga 400 130 128 120> Вызывает <color EmStyle>кровотечение</color>",,,ModItemInventoryItemCompositeDef _9mm_Shock AdditionalHint
158230824132,9mmSubsonicОТКЛЮЧЕНО,,,ModItemInventoryItemCompositeDef _9mm_Subsonic DisplayName
307842862228,9mmSubsonicОТКЛЮЧЕНО,,,ModItemInventoryItemCompositeDef _9mm_Subsonic DisplayNamePlural
116852283248,"Дозвуковой боеприпас для пистолетов, револьверов и пистолетов-пулеметов калибра 9 мм.",,,ModItemInventoryItemCompositeDef _9mm_Subsonic Description
404985734712,<image UI/Conversation/T_Dialogue_IconBackgroundCircle.tga 400 130 128 120> Издает меньше шума,,,ModItemInventoryItemCompositeDef _9mm_Subsonic AdditionalHint
572390972773,9mmTracerОТКЛЮЧЕНО,,,ModItemInventoryItemCompositeDef _9mm_Tracer DisplayName
489176470960,9mmTracerОТКЛЮЧЕНО,,,ModItemInventoryItemCompositeDef _9mm_Tracer DisplayNamePlural
932643036817,"Трассирующий боеприпас для пистолетов, револьверов и пистолетов-пулеметов калибра 9 мм.",,,ModItemInventoryItemCompositeDef _9mm_Tracer Description
647181592030,<image UI/Conversation/T_Dialogue_IconBackgroundCircle.tga 400 130 128 120> Пораженные цели получают статус «<color EmStyle>Вне укрытия</color>» и лишаются его преимуществ,,,ModItemInventoryItemCompositeDef _9mm_Tracer AdditionalHint
816672875398,".44, FMJ",,,ModItemInventoryItemCompositeDef _44CAL_Basic DisplayName
754359355166,".44, FMJ",,,ModItemInventoryItemCompositeDef _44CAL_Basic DisplayNamePlural
865667887261,Стандартный патрон для револьверов и винтовок калибра .44.,,,ModItemInventoryItemCompositeDef _44CAL_Basic Description
413139999089,<image UI/Conversation/T_Dialogue_IconBackgroundCircle.tga 400 130 128 120> Обеспечивает уверенное поражение целей обладающих 2-м классом брони,,,ModItemInventoryItemCompositeDef _44CAL_Basic AdditionalHint
557669835601,".44, Match",,,ModItemInventoryItemCompositeDef _44CAL_Match DisplayName
131577728333,".44, Match",,,ModItemInventoryItemCompositeDef _44CAL_Match DisplayNamePlural
462253011072,Матчевый патрон для револьверов и винтовок калибра .44.,,,ModItemInventoryItemCompositeDef _44CAL_Match Description
233007853795,"<image UI/Conversation/T_Dialogue_IconBackgroundCircle.tga 400 130 128 120> Обеспечивает уверенное поражение целей обладающих 2-м классом брони
<image UI/Conversation/T_Dialogue_IconBackgroundCircle.tga 400 130 128 120> Увеличенная эффективность прицеливания
<image UI/Conversation/T_Dialogue_IconBackgroundCircle.tga 400 130 128 120> Повышенный шанс критического попадания
<image UI/Conversation/T_Dialogue_IconBackgroundCircle.tga 400 130 128 120> Увеличенная дальность стрельбы без штрафов",,,ModItemInventoryItemCompositeDef _44CAL_Match AdditionalHint
382334892926,".44, JHP",,,ModItemInventoryItemCompositeDef _44CAL_HP DisplayName
442558127075,".44, JHP",,,ModItemInventoryItemCompositeDef _44CAL_HP DisplayNamePlural
199064256585,Экспансивный патрон для револьверов и винтовок калибра .44.,,,ModItemInventoryItemCompositeDef _44CAL_HP Description
328885827009,"<image UI/Conversation/T_Dialogue_IconBackgroundCircle.tga 400 130 128 120> Нулевая бронебойность
<image UI/Conversation/T_Dialogue_IconBackgroundCircle.tga 400 130 128 120> Повышенный урон
<image UI/Conversation/T_Dialogue_IconBackgroundCircle.tga 400 130 128 120> Повышенный шанс критического попадания
<image UI/Conversation/T_Dialogue_IconBackgroundCircle.tga 400 130 128 120> Вызывает <color EmStyle>кровотечение</color>",,,ModItemInventoryItemCompositeDef _44CAL_HP AdditionalHint
724757939121,".44, ШОК Отключено",,,ModItemInventoryItemCompositeDef _44CAL_Shock DisplayName
526557400231,".44, ШОК Отключено",,,ModItemInventoryItemCompositeDef _44CAL_Shock DisplayNamePlural
374067063962,Шоковый боеприпас для револьверов и винтовок калибра .44.,,,ModItemInventoryItemCompositeDef _44CAL_Shock Description
357179315416,"<image UI/Conversation/T_Dialogue_IconBackgroundCircle.tga 400 130 128 120> Сниженная дальнобойность
<image UI/Conversation/T_Dialogue_IconBackgroundCircle.tga 400 130 128 120> Высокий шанс критического попадания
<image UI/Conversation/T_Dialogue_IconBackgroundCircle.tga 400 130 128 120> Пораженные цели получают статус «<color EmStyle>Вне укрытия</color>» и лишаются его преимуществ
<image UI/Conversation/T_Dialogue_IconBackgroundCircle.tga 400 130 128 120> Вызывает <color EmStyle>кровотечение</color>",,,ModItemInventoryItemCompositeDef _44CAL_Shock AdditionalHint
623029149040,".44, ББ Отключено",,,ModItemInventoryItemCompositeDef _44CAL_AP DisplayName
378365287164,".44, ББ Отключено",,,ModItemInventoryItemCompositeDef _44CAL_AP DisplayNamePlural
972668654790,Бронебойный боеприпас для револьверов и винтовок калибра .44.,,,ModItemInventoryItemCompositeDef _44CAL_AP Description
501965695809,<image UI/Conversation/T_Dialogue_IconBackgroundCircle.tga 400 130 128 120> Повышенная бронебойность,,,ModItemInventoryItemCompositeDef _44CAL_AP AdditionalHint
492297603072,"5,56 мм, Mk262",,,ModItemInventoryItemCompositeDef _556_HP DisplayName
591574262194,"5,56 мм, Mk262",,,ModItemInventoryItemCompositeDef _556_HP DisplayNamePlural
206632323405,Специальный боеприпас калибра 5.56x45мм. Разработан для сил специального назначения,,,ModItemInventoryItemCompositeDef _556_HP Description
895810063260,"<image UI/Conversation/T_Dialogue_IconBackgroundCircle.tga 400 130 128 120> Обеспечивает уверенное поражение целей обладающих 3-м классом брони
<image UI/Conversation/T_Dialogue_IconBackgroundCircle.tga 400 130 128 120> Высокий шанс критического попадания
<image UI/Conversation/T_Dialogue_IconBackgroundCircle.tga 400 130 128 120> Повышенный урон
<image UI/Conversation/T_Dialogue_IconBackgroundCircle.tga 400 130 128 120> Увеличенная эффективность прицеливания",,,ModItemInventoryItemCompositeDef _556_HP AdditionalHint
712257416279,"5,56мм, FMJ",,,ModItemInventoryItemCompositeDef _556_Basic DisplayName
581495951953,"5,56 мм, FMJ",,,ModItemInventoryItemCompositeDef _556_Basic DisplayNamePlural
615590868211,Стандартный боеприпас калибра 5.56x45мм.,,,ModItemInventoryItemCompositeDef _556_Basic Description
279942058199,"<image UI/Conversation/T_Dialogue_IconBackgroundCircle.tga 400 130 128 120> Обеспечивает уверенное поражение целей обладающих 2-м классом брони
<image UI/Conversation/T_Dialogue_IconBackgroundCircle.tga 400 130 128 120> Патроны плохого качества: cниженный урон и повышенный износ",,,ModItemInventoryItemCompositeDef _556_Basic AdditionalHint
472452415737,"5,56 мм, M855",,,ModItemInventoryItemCompositeDef _556_AP DisplayName
529286090617,"5,56 мм, M855",,,ModItemInventoryItemCompositeDef _556_AP DisplayNamePlural
840673411268,Современный армейский патрон калибра 5.56x45мм.,,,ModItemInventoryItemCompositeDef _556_AP Description
984094647243,<image UI/Conversation/T_Dialogue_IconBackgroundCircle.tga 400 130 128 120> Обеспечивает уверенное поражение целей обладающих 3-м классом брони,,,ModItemInventoryItemCompositeDef _556_AP AdditionalHint
898687365396,"5,56 мм, M856",,,ModItemInventoryItemCompositeDef _556_Tracer DisplayName
553139130283,"5,56 мм, M856",,,ModItemInventoryItemCompositeDef _556_Tracer DisplayNamePlural
355232357502,Современный армейский трассирующий патрон калибра 5.56x45мм.,,,ModItemInventoryItemCompositeDef _556_Tracer Description
580519712367,"<image UI/Conversation/T_Dialogue_IconBackgroundCircle.tga 400 130 128 120> Обеспечивает уверенное поражение целей обладающих 3-м классом брони
<image UI/Conversation/T_Dialogue_IconBackgroundCircle.tga 400 130 128 120> Пораженные цели получают статус «<color EmStyle>Вне укрытия</color>» и лишаются его преимуществ",,,ModItemInventoryItemCompositeDef _556_Tracer AdditionalHint
122093727509,556Match ОТКЛЮЧЕНО,,,ModItemInventoryItemCompositeDef _556_Match DisplayName
209259965707,556Match ОТКЛЮЧЕНО,,,ModItemInventoryItemCompositeDef _556_Match DisplayNamePlural
227822258303,"Матчевый боеприпас для автоматов, пистолетов-пулеметов и пулеметов калибра 5,56 мм.",,,ModItemInventoryItemCompositeDef _556_Match Description
137980565501,<image UI/Conversation/T_Dialogue_IconBackgroundCircle.tga 400 130 128 120> Увеличенная эффективность прицеливания,,,ModItemInventoryItemCompositeDef _556_Match AdditionalHint
312235744948,"7,62х39мм, FMJ",,,ModItemInventoryItemCompositeDef _762WP_HP DisplayName
110534409348,"7,62х39мм, FMJ",,,ModItemInventoryItemCompositeDef _762WP_HP DisplayNamePlural
336718135346,Китайский патрон калибра 7.62х39. Уступает советским аналогам,,,ModItemInventoryItemCompositeDef _762WP_HP Description
411537397746,"<image UI/Conversation/T_Dialogue_IconBackgroundCircle.tga 400 130 128 120> Обеспечивает уверенное поражение целей обладающих 2-м классом брони
<image UI/Conversation/T_Dialogue_IconBackgroundCircle.tga 400 130 128 120> Патроны низкого качества: пониженный урон, уменьшенная дальность, уменьшенная точность, увеличенный износ",,,ModItemInventoryItemCompositeDef _762WP_HP AdditionalHint
470221441895,"7,62х39мм, ПС",,,ModItemInventoryItemCompositeDef _762WP_Basic DisplayName
428309489295,"7,62х39мм, ПС",,,ModItemInventoryItemCompositeDef _762WP_Basic DisplayNamePlural
393515769284,Стандартный советский армейский патрон ПС калибра 7.62х39мм,,,ModItemInventoryItemCompositeDef _762WP_Basic Description
613363959995,<image UI/Conversation/T_Dialogue_IconBackgroundCircle.tga 400 130 128 120> Обеспечивает уверенное поражение целей обладающих 3-м классом брони,,,ModItemInventoryItemCompositeDef _762WP_Basic AdditionalHint
705582625224,"7,62х39мм, УС",,,ModItemInventoryItemCompositeDef _762WP_Subsonic DisplayName
194372616955,"7,62х39мм, УС",,,ModItemInventoryItemCompositeDef _762WP_Subsonic DisplayNamePlural
337151148241,Специальный советский дозвуковой патрон УС калибра 7.62х39мм,,,ModItemInventoryItemCompositeDef _762WP_Subsonic Description
468738881554,"<image UI/Conversation/T_Dialogue_IconBackgroundCircle.tga 400 130 128 120> Обеспечивает уверенное поражение целей обладающих 2-м классом брони
<image UI/Conversation/T_Dialogue_IconBackgroundCircle.tga 400 130 128 120> Дозвуковые: пониженный урон, уменьшенная дальность, уменьшенная точность, уменьшенная громкость выстрела, увеличенная надежность",,,ModItemInventoryItemCompositeDef _762WP_Subsonic AdditionalHint
463284044008,"7,62 мм СССР, Отключено",,,ModItemInventoryItemCompositeDef _762WP_AP DisplayName
521861768726,"7,62 мм СССР, Отключено",,,ModItemInventoryItemCompositeDef _762WP_AP DisplayNamePlural
755579247941,"Бронебойный боеприпас советского образца для автоматов, пистолетов-пулеметов, пулеметов и винтовок калибра 7,62 мм.",,,ModItemInventoryItemCompositeDef _762WP_AP Description
995857959547,<image UI/Conversation/T_Dialogue_IconBackgroundCircle.tga 400 130 128 120> Повышенная бронебойность,,,ModItemInventoryItemCompositeDef _762WP_AP AdditionalHint
547619038333,"7,62 мм СССР, МТЧ",,,ModItemInventoryItemCompositeDef _762WP_Match DisplayName
229974779565,"7,62 мм СССР, МТЧ",,,ModItemInventoryItemCompositeDef _762WP_Match DisplayNamePlural
233053065977,"Матчевый боеприпас советского образца для автоматов, пистолетов-пулеметов, пулеметов и винтовок калибра 7,62 мм.",,,ModItemInventoryItemCompositeDef _762WP_Match Description
664395917370,<image UI/Conversation/T_Dialogue_IconBackgroundCircle.tga 400 130 128 120> Увеличенная эффективность прицеливания,,,ModItemInventoryItemCompositeDef _762WP_Match AdditionalHint
349895440527,"7,62 мм СССР, ТРАС",,,ModItemInventoryItemCompositeDef _762WP_Tracer DisplayName
142212279349,"7,62 мм СССР, ТРАС",,,ModItemInventoryItemCompositeDef _762WP_Tracer DisplayNamePlural
888848136617,Трасирующий советский армейский патрон Т-45 калибра 7.62х39мм,,,ModItemInventoryItemCompositeDef _762WP_Tracer Description
207401264401,"<image UI/Conversation/T_Dialogue_IconBackgroundCircle.tga 400 130 128 120> Обеспечивает уверенное поражение целей обладающих 3-м классом брони
<image UI/Conversation/T_Dialogue_IconBackgroundCircle.tga 400 130 128 120> Пораженные цели получают статус «<color EmStyle>Вне укрытия</color>» и лишаются его преимуществ",,,ModItemInventoryItemCompositeDef _762WP_Tracer AdditionalHint
952380918979,"7.62х51мм НАТО, FMJ",,,ModItemInventoryItemCompositeDef _762NATO_HP DisplayName
894698243806,"7.62х51мм НАТО, FMJ",,,ModItemInventoryItemCompositeDef _762NATO_HP DisplayNamePlural
733817360256,Африканский патрон калибра 7.62х51мм НАТО,,,ModItemInventoryItemCompositeDef _762NATO_HP Description
224168487168,"<image UI/Conversation/T_Dialogue_IconBackgroundCircle.tga 400 130 128 120> Обеспечивает уверенное поражение целей обладающих 2-м классом брони
<image UI/Conversation/T_Dialogue_IconBackgroundCircle.tga 400 130 128 120> Патроны низкого качества: пониженный урон, увеличенный износ",,,ModItemInventoryItemCompositeDef _762NATO_HP AdditionalHint
208175619329,"7.62х51мм НАТО, M80",,,ModItemInventoryItemCompositeDef _762NATO_Basic DisplayName
723121121036,"7.62х51мм НАТО, M80",,,ModItemInventoryItemCompositeDef _762NATO_Basic DisplayNamePlural
199796874027,Стандартный армейский патрон М80 калибра 7.62х51мм НАТО,,,ModItemInventoryItemCompositeDef _762NATO_Basic Description
534613659304,<image UI/Conversation/T_Dialogue_IconBackgroundCircle.tga 400 130 128 120> Обеспечивает уверенное поражение целей обладающих 3-м классом брони,,,ModItemInventoryItemCompositeDef _762NATO_Basic AdditionalHint
800158478692,"7.62х51мм НАТО, M61",,,ModItemInventoryItemCompositeDef _762NATO_AP DisplayName
702196262254,"7.62х51мм НАТО, M61",,,ModItemInventoryItemCompositeDef _762NATO_AP DisplayNamePlural
169754239254,Бронебойный армейский патрон М61 калибра 7.62х51мм НАТО,,,ModItemInventoryItemCompositeDef _762NATO_AP Description
538716182691,"<image UI/Conversation/T_Dialogue_IconBackgroundCircle.tga 400 130 128 120> Повышенная бронебойность
<image UI/Conversation/T_Dialogue_IconBackgroundCircle.tga 400 130 128 120> Обеспечивает уверенное поражение целей обладающих 4-м классом брони",,,ModItemInventoryItemCompositeDef _762NATO_AP AdditionalHint
812085002897,"7.62х51мм НАТО, M118LR",,,ModItemInventoryItemCompositeDef _762NATO_Match DisplayName
791984219669,"7.62х51мм НАТО, M118LR",,,ModItemInventoryItemCompositeDef _762NATO_Match DisplayNamePlural
486517753713,Специальный снайперский армейский патрон M118LR калибра 7.62х51мм НАТО,,,ModItemInventoryItemCompositeDef _762NATO_Match Description
688295270093,"<image UI/Conversation/T_Dialogue_IconBackgroundCircle.tga 400 130 128 120> Увеличенная эффективность прицеливания
<image UI/Conversation/T_Dialogue_IconBackgroundCircle.tga 400 130 128 120> Обеспечивает уверенное поражение целей обладающих 3-м классом брони",,,ModItemInventoryItemCompositeDef _762NATO_Match AdditionalHint
634358146978,"7.62х51мм НАТО, M62",,,ModItemInventoryItemCompositeDef _762NATO_Tracer DisplayName
915862614034,"7.62х51мм НАТО, M62",,,ModItemInventoryItemCompositeDef _762NATO_Tracer DisplayNamePlural
490328209447,"Трассирующий боеприпас натовского образца для автоматов, винтовок и пулеметов калибра 7,62 мм.",,,ModItemInventoryItemCompositeDef _762NATO_Tracer Description
941135261525,"<image UI/Conversation/T_Dialogue_IconBackgroundCircle.tga 400 130 128 120> Пораженные цели получают статус «<color EmStyle>Вне укрытия</color>» и лишаются его преимуществ
<image UI/Conversation/T_Dialogue_IconBackgroundCircle.tga 400 130 128 120> Обеспечивает уверенное поражение целей обладающих 3-м классом брони",,,ModItemInventoryItemCompositeDef _762NATO_Tracer AdditionalHint
822972834709,"12-й калибр, дробь",,,ModItemInventoryItemCompositeDef _12gauge_Buckshot DisplayName
768069058913,"12-й калибр, дробь",,,ModItemInventoryItemCompositeDef _12gauge_Buckshot DisplayNamePlural
535559779997,Дробь 12-го калибра.,,,ModItemInventoryItemCompositeDef _12gauge_Buckshot Description
134836596865,<image UI/Conversation/T_Dialogue_IconBackgroundCircle.tga 400 130 128 120> 20 частиц. Вызывают <color EmStyle>кровотечение</color>,,,ModItemInventoryItemCompositeDef _12gauge_Buckshot AdditionalHint
142187478707,"12-й калибр, Картечь",,,ModItemInventoryItemCompositeDef _12gauge_Breacher DisplayName
147186638408,"12-й калибр, Картечь",,,ModItemInventoryItemCompositeDef _12gauge_Breacher DisplayNamePlural
473082214606,Картечь 12-го калибра.,,,ModItemInventoryItemCompositeDef _12gauge_Breacher Description
879074273943,<image UI/Conversation/T_Dialogue_IconBackgroundCircle.tga 400 130 128 120> 9 частиц. Повышенный урон,,,ModItemInventoryItemCompositeDef _12gauge_Breacher AdditionalHint
486298295383,"12-й калибр, Пуля",,,ModItemInventoryItemCompositeDef _12gauge_Flechette DisplayName
316258835711,"12-й калибр, Пуля",,,ModItemInventoryItemCompositeDef _12gauge_Flechette DisplayNamePlural
774674747916,Пуля 12-го калибра.,,,ModItemInventoryItemCompositeDef _12gauge_Flechette Description
634094190352,"<image UI/Conversation/T_Dialogue_IconBackgroundCircle.tga 400 130 128 120> 1 пуля.
<image UI/Conversation/T_Dialogue_IconBackgroundCircle.tga 400 130 128 120> Обеспечивает уверенное поражение целей обладающих 2-м классом брони
<image UI/Conversation/T_Dialogue_IconBackgroundCircle.tga 400 130 128 120> Увеличенная дальность и урон",,,ModItemInventoryItemCompositeDef _12gauge_Flechette AdditionalHint
519940407801,"12-й калибр, ББ Пуля",,,ModItemInventoryItemCompositeDef _12gauge_APSlug DisplayName
282432572140,"12-й калибр, ББ Пуля",,,ModItemInventoryItemCompositeDef _12gauge_APSlug DisplayNamePlural
377537402679,Бронебойная пуля 12-го калибра.,,,ModItemInventoryItemCompositeDef _12gauge_APSlug Description
319080557737,"<image UI/Conversation/T_Dialogue_IconBackgroundCircle.tga 400 130 128 120> 1 пуля.
<image UI/Conversation/T_Dialogue_IconBackgroundCircle.tga 400 130 128 120> Обеспечивает уверенное поражение целей обладающих 3-м классом брони
<image UI/Conversation/T_Dialogue_IconBackgroundCircle.tga 400 130 128 120> Увеличенная дальность и урон, но меньше чем у обычной пули",,,ModItemInventoryItemCompositeDef _12gauge_APSlug AdditionalHint
983947310546,"12-й калибр, соль",,,ModItemInventoryItemCompositeDef _12gauge_Saltshot DisplayName
411961169602,"12-й калибр, соль",,,ModItemInventoryItemCompositeDef _12gauge_Saltshot DisplayNamePlural
920340970285,Боеприпас с солью 12-го калибра.,,,ModItemInventoryItemCompositeDef _12gauge_Saltshot Description
237005758229,"<image UI/Conversation/T_Dialogue_IconBackgroundCircle.tga 400 130 128 120> очень низкий урон
<image UI/Conversation/T_Dialogue_IconBackgroundCircle.tga 400 130 128 120> Сниженная дальнобойность
<image UI/Conversation/T_Dialogue_IconBackgroundCircle.tga 400 130 128 120> Увеличенный сектор атаки
<image UI/Conversation/T_Dialogue_IconBackgroundCircle.tga 400 130 128 120> Вызывает у цели <color EmStyle>случайные травмы</color>",,,ModItemInventoryItemCompositeDef _12gauge_Saltshot AdditionalHint
605680061115,".50, обычный",,,ModItemInventoryItemCompositeDef _50BMG_Basic DisplayName
260375641580,".50, обычные",,,ModItemInventoryItemCompositeDef _50BMG_Basic DisplayNamePlural
768671153312,"Боеприпас для пулеметов, снайперских винтовок, пистолетов и револьверов калибра .50.",,,ModItemInventoryItemCompositeDef _50BMG_Basic Description
948891990549,".50, РАЗР",,,ModItemInventoryItemCompositeDef _50BMG_HE DisplayName
635565288075,".50, РАЗР",,,ModItemInventoryItemCompositeDef _50BMG_HE DisplayNamePlural
114582444127,"Разрывной боеприпас для пулеметов, снайперских винтовок, пистолетов и револьверов калибра .50.",,,ModItemInventoryItemCompositeDef _50BMG_HE Description
132438284195,"<image UI/Conversation/T_Dialogue_IconBackgroundCircle.tga 400 130 128 120> Нулевая бронебойность
<image UI/Conversation/T_Dialogue_IconBackgroundCircle.tga 400 130 128 120> Высокий шанс критического попадания",,,ModItemInventoryItemCompositeDef _50BMG_HE AdditionalHint
194196164000,".50, ЗЖ",,,ModItemInventoryItemCompositeDef _50BMG_Incendiary DisplayName
223133671389,".50, ЗЖ",,,ModItemInventoryItemCompositeDef _50BMG_Incendiary DisplayNamePlural
881228785592,"Зажигательный боеприпас для пулеметов, снайперских винтовок, пистолетов и револьверов калибра .50.",,,ModItemInventoryItemCompositeDef _50BMG_Incendiary Description
478819781584,"<image UI/Conversation/T_Dialogue_IconBackgroundCircle.tga 400 130 128 120> Пораженные цели получают статус «<color EmStyle>Вне укрытия</color>» и лишаются его преимуществ
<image UI/Conversation/T_Dialogue_IconBackgroundCircle.tga 400 130 128 120> Вызывает <color EmStyle>горение</color>",,,ModItemInventoryItemCompositeDef _50BMG_Incendiary AdditionalHint
286919767423,".50, ПК",,,ModItemInventoryItemCompositeDef _50BMG_SLAP DisplayName
757638084303,".50, ПК",,,ModItemInventoryItemCompositeDef _50BMG_SLAP DisplayNamePlural
392473700789,"Подкалиберный боеприпас для пулеметов, снайперских винтовок, пистолетов и револьверов калибра .50.",,,ModItemInventoryItemCompositeDef _50BMG_SLAP Description
181724059889,"<image UI/Conversation/T_Dialogue_IconBackgroundCircle.tga 400 130 128 120> Повышенная бронебойность
<image UI/Conversation/T_Dialogue_IconBackgroundCircle.tga 400 130 128 120> Немного повышенный шанс критического попадания",,,ModItemInventoryItemCompositeDef _50BMG_SLAP AdditionalHint
119056817440,Газ. выстрел миномета,,,ModItemInventoryItemCompositeDef MortarShell_Gas DisplayName
334171064157,Газ. выстрелы миномета,,,ModItemInventoryItemCompositeDef MortarShell_Gas DisplayNamePlural
658584275546,Газовый боеприпас для минометов.,,,ModItemInventoryItemCompositeDef MortarShell_Gas Description
217868623815,"<image UI/Conversation/T_Dialogue_IconBackgroundCircle.tga 400 130 128 120> Вызывает <color EmStyle>удушье</color>
<image UI/Conversation/T_Dialogue_IconBackgroundCircle.tga 400 130 128 120> Выстрелы, совершенные сквозь облака газа, дают лишь незначительные попадания
<image UI/Conversation/T_Dialogue_IconBackgroundCircle.tga 400 130 128 120> Почти бесшумно",,,ModItemInventoryItemCompositeDef MortarShell_Gas AdditionalHint
353521582405,Выстрел для миномета,,,ModItemInventoryItemCompositeDef MortarShell_HE DisplayName
237704902395,Выстрелы для миномета,,,ModItemInventoryItemCompositeDef MortarShell_HE DisplayNamePlural
657474544556,Стандартный боеприпас для минометов.,,,ModItemInventoryItemCompositeDef MortarShell_HE Description
467881837190,Дым. выстрел миномета,,,ModItemInventoryItemCompositeDef MortarShell_Smoke DisplayName
991809690207,Дым. выстрелы миномета,,,ModItemInventoryItemCompositeDef MortarShell_Smoke DisplayNamePlural
738527962742,Дымовой боеприпас для минометов.,,,ModItemInventoryItemCompositeDef MortarShell_Smoke Description
651925772567,"<image UI/Conversation/T_Dialogue_IconBackgroundCircle.tga 400 130 128 120> Выстрелы, совершенные сквозь облака газа, дают лишь <color EmStyle>незначительные попадания</color>
<image UI/Conversation/T_Dialogue_IconBackgroundCircle.tga 400 130 128 120> Не наносит урона
<image UI/Conversation/T_Dialogue_IconBackgroundCircle.tga 400 130 128 120> Почти бесшумно",,,ModItemInventoryItemCompositeDef MortarShell_Smoke AdditionalHint
725404168171,40-мм с/ш граната,,,ModItemInventoryItemCompositeDef _40mmFlashbangGrenade DisplayName
197284197871,40-мм с/ш гранаты,,,ModItemInventoryItemCompositeDef _40mmFlashbangGrenade DisplayNamePlural
288672948029,Светошумовой боеприпас для гранатометов калибра 40 мм.,,,ModItemInventoryItemCompositeDef _40mmFlashbangGrenade Description
523265065541,"<image UI/Conversation/T_Dialogue_IconBackgroundCircle.tga 400 130 128 120> В эпицентре взрыва снижает уровень энергии целей (один раз за бой)
<image UI/Conversation/T_Dialogue_IconBackgroundCircle.tga 400 130 128 120> <color EmStyle>Подавляет</color> цели
<image UI/Conversation/T_Dialogue_IconBackgroundCircle.tga 400 130 128 120> Издает меньше шума",,,ModItemInventoryItemCompositeDef _40mmFlashbangGrenade AdditionalHint
615603318057,40-мм о/ф граната,,,ModItemInventoryItemCompositeDef _40mmFragGrenade DisplayName
208050145313,40-мм о/ф гранаты,,,ModItemInventoryItemCompositeDef _40mmFragGrenade DisplayNamePlural
800783522595,Осколочно-фугасный боеприпас для гранатометов калибра 40 мм.,,,ModItemInventoryItemCompositeDef _40mmFragGrenade Description
956592215973,<image UI/Conversation/T_Dialogue_IconBackgroundCircle.tga 400 130 128 120> В центре взрыва вызывает у целей <color EmStyle>кровотечение</color>,,,ModItemInventoryItemCompositeDef _40mmFragGrenade AdditionalHint
114247712853,Ракетница,,,ModItemInventoryItemCompositeDef FlareHandgun DisplayName
465389331930,Ракетницы,,,ModItemInventoryItemCompositeDef FlareHandgun DisplayNamePlural
424779764491,"Казнозарядный однозарядный пистолет, которым можно освещать территорию.",,,ModItemInventoryItemCompositeDef FlareHandgun Description
323285392363,"<image UI/Conversation/T_Dialogue_IconBackgroundCircle.tga 400 130 128 120> Освещает большую территорию
<image UI/Conversation/T_Dialogue_IconBackgroundCircle.tga 400 130 128 120> Увеличенная дальность действия
<image UI/Conversation/T_Dialogue_IconBackgroundCircle.tga 400 130 128 120> Бесшумное",,,ModItemInventoryItemCompositeDef FlareHandgun AdditionalHint
306337814252,ОТКЛЮЧЕНО,,,ModItemInventoryItemCompositeDef MP5 DisplayName
817935106307,ОТКЛЮЧЕНО,,,ModItemInventoryItemCompositeDef MP5 DisplayNamePlural
505689462352,"Пистолет-пулемет, которым пользуются контртеррористические подразделения и спецотряды полиции по всему миру. С момента выхода в серию в 60-х годах MP5 успел повидать многое, но широкая доступность бронежилетов и пистолетный 9-мм патрон постепенно снизили его популярность.",,,ModItemInventoryItemCompositeDef MP5 Description
674835694740,"<image UI/Conversation/T_Dialogue_IconBackgroundCircle.tga 400 130 128 120> Увеличенная эффективность прицеливания
<image UI/Conversation/T_Dialogue_IconBackgroundCircle.tga 400 130 128 120> Издает меньше шума",,,ModItemInventoryItemCompositeDef MP5 AdditionalHint
426920004036,ОТКЛЮЧЕНО,,,ModItemInventoryItemCompositeDef M4Commando DisplayName
903389608798,ОТКЛЮЧЕНО,,,ModItemInventoryItemCompositeDef M4Commando DisplayNamePlural
323992115622,"Вопрос: как можно сделать короткоствольную М16 оружием, а не карикатурой? Ответ: снизить дульную скорость пули и раздуть до неприличия дульное пламя.",,,ModItemInventoryItemCompositeDef M4Commando Description
682701716433,"<image UI/Conversation/T_Dialogue_IconBackgroundCircle.tga 400 130 128 120> Высокий шанс критического попадания
<image UI/Conversation/T_Dialogue_IconBackgroundCircle.tga 400 130 128 120> Увеличенная эффективность прицеливания",,,ModItemInventoryItemCompositeDef M4Commando AdditionalHint
360984219999,ОТКЛЮЧЕНО,,,ModItemInventoryItemCompositeDef AR15 DisplayName
952797707968,ОТКЛЮЧЕНО,,,ModItemInventoryItemCompositeDef AR15 DisplayNamePlural
400028806719,"Оружие, созданное для обеспечения гарантированного конституцией США права на самооборону, с возможностью максимально быстрой и простой конвертации в автоматическое оружие, потому что каждому законопослушному гражданину нужен автомат, разве нет?",,,ModItemInventoryItemCompositeDef AR15 Description
439737820334,"<image UI/Conversation/T_Dialogue_IconBackgroundCircle.tga 400 130 128 120> Высокий шанс критического попадания
<image UI/Conversation/T_Dialogue_IconBackgroundCircle.tga 400 130 128 120> Низкая цена атаки
<image UI/Conversation/T_Dialogue_IconBackgroundCircle.tga 400 130 128 120> Большое количество модулей
<image UI/Conversation/T_Dialogue_IconBackgroundCircle.tga 400 130 128 120> При установке стандартного приклада нет автоматического огня",,,ModItemInventoryItemCompositeDef AR15 AdditionalHint
848119151903,MAC Mle 1950,,,ModItemInventoryItemCompositeDef MAC1950 DisplayName
927743133237,MAC Mle 1950,,,ModItemInventoryItemCompositeDef MAC1950 DisplayNamePlural
107106412369,"Послевоенный служебный и боевой пистолет, разработанный во французском Правительственном Арсенале. Представляет собой вполне неплохую конвертацию 1911 под патрон 9мм Люгер. Пистолеты mle 1950 были распространены в силовых структурах франции и колонии вплоть до конца 1980-х.",,,ModItemInventoryItemCompositeDef MAC1950 Description
809154413425,"<image UI/Conversation/T_Dialogue_IconBackgroundCircle.tga 400 130 128 120> Неудобный
<image UI/Conversation/T_Dialogue_IconBackgroundCircle.tga 400 130 128 120> Ненадежный
<image UI/Conversation/T_Dialogue_IconBackgroundCircle.tga 400 130 128 120> Малый магазин
<image UI/Conversation/T_Dialogue_IconBackgroundCircle.tga 400 130 128 120> Недальнобойный
<image UI/Conversation/T_Dialogue_IconBackgroundCircle.tga 400 130 128 120> Старый
<image UI/Conversation/T_Dialogue_IconBackgroundCircle.tga 400 130 128 120> Бесполезный",,,ModItemInventoryItemCompositeDef MAC1950 AdditionalHint
916379475854,Мозамбик,,,ModItemInventoryItemCompositeDef TT33 DisplayName
377868313170,Пистолеты ТТ,,,ModItemInventoryItemCompositeDef TT33 DisplayNamePlural
492983145408,"Пистолет ""Тульский-Токарева"" представляет собой очередную вариацию схемы Браунинга на избитую советскую тему ""у нас есть куча патронов на складах, нужно оружие для них"".",,,ModItemInventoryItemCompositeDef TT33 Description
998090805654,"<image UI/Conversation/T_Dialogue_IconBackgroundCircle.tga 400 130 128 120> Дальнобойный
<image UI/Conversation/T_Dialogue_IconBackgroundCircle.tga 400 130 128 120> Пробивает броню
<image UI/Conversation/T_Dialogue_IconBackgroundCircle.tga 400 130 128 120> Малый магазин
<image UI/Conversation/T_Dialogue_IconBackgroundCircle.tga 400 130 128 120> Лучше, чем карате",,,ModItemInventoryItemCompositeDef TT33 AdditionalHint
848119151903,S&W Model 52 .38 Special Pistol,,,ModItemInventoryItemCompositeDef SWModel52 DisplayName
927743133237,S&W Model 52,,,ModItemInventoryItemCompositeDef SWModel52 DisplayNamePlural
107106412369,"Пистолет Смита и Вессона, так же известен как 38 Mastered. Представляет собой интересную конверсию вполне себе боевого пистолета модели 39 под патрон .38 S&W Special да еще и со специальными тупоконечными цилиндрическими пулями Wadcutter. В магазине из-за размеров патрона помещается всего 5 патронов, так что особо не разгуляешься.",,,ModItemInventoryItemCompositeDef SWModel52 Description
491343014488,"<image UI/Conversation/T_Dialogue_IconBackgroundCircle.tga 400 130 128 120>  .38 Special
<image UI/Conversation/T_Dialogue_IconBackgroundCircle.tga 400 130 128 120>  Cпасибо, что стреляет",,,ModItemInventoryItemCompositeDef SWModel52 AdditionalHint
446454386055,Люгер,,,ModItemInventoryItemCompositeDef Luger DisplayName
354444193888,Люгер,,,ModItemInventoryItemCompositeDef Luger DisplayNamePlural
849584895715,"""Пионер"" от мира  полуавтоматических пистолетов, кроме собственно распространения полуавтоматических пистолетов, послуживший принятию на вооружение патрона 9мм Люгер/Парабеллум. Para bellum! Всегда Para bellum!
",,,ModItemInventoryItemCompositeDef Luger Description
405838814570,"<image UI/Conversation/T_Dialogue_IconBackgroundCircle.tga 400 130 128 120> Музейный экспонат 
<image UI/Conversation/T_Dialogue_IconBackgroundCircle.tga 400 130 128 120> Стреляет через два раза на третий",,,ModItemInventoryItemCompositeDef Luger AdditionalHint
848119151903,CZ Vz. 52,,,ModItemInventoryItemCompositeDef CZ52 DisplayName
927743133237,CZ Vz. 52,,,ModItemInventoryItemCompositeDef CZ52 DisplayNamePlural
107106412369,"Не особо популярный чехословацкий пистолет. На стандартных патронах 7.62х25мм, рассчитанных на повышенное давление в стволе, происходил чрезвычайно быстрый износ, что могло приводить к самопроизвольным выстрелам.",,,ModItemInventoryItemCompositeDef CZ52 Description
491343014488,"<image UI/Conversation/T_Dialogue_IconBackgroundCircle.tga 400 130 128 120> Неудобный
<image UI/Conversation/T_Dialogue_IconBackgroundCircle.tga 400 130 128 120> Ненадежный
<image UI/Conversation/T_Dialogue_IconBackgroundCircle.tga 400 130 128 120> Малый магазин
<image UI/Conversation/T_Dialogue_IconBackgroundCircle.tga 400 130 128 120> Дальнобойный",,,ModItemInventoryItemCompositeDef CZ52 AdditionalHint
256183090542,Пистолет Макарова,,,ModItemInventoryItemCompositeDef Makarov DisplayName
809762590784,Пистолеты Макарова,,,ModItemInventoryItemCompositeDef Makarov DisplayNamePlural
413605184956,"Самый известный советский и российский пистолет. В современных реалиях его принято ругать, но чаще всего это делают те, кто стреляет разве что в монстров с экрана монитора.",,,ModItemInventoryItemCompositeDef Makarov Description
181579765203,"<image UI/Conversation/T_Dialogue_IconBackgroundCircle.tga 400 130 128 120> Надежный
<image UI/Conversation/T_Dialogue_IconBackgroundCircle.tga 400 130 128 120> Малый магазин
<image UI/Conversation/T_Dialogue_IconBackgroundCircle.tga 400 130 128 120> Открывает пиво",,,ModItemInventoryItemCompositeDef Makarov AdditionalHint
191783634543,P-210,,,ModItemInventoryItemCompositeDef P210 DisplayName
239088007136,P-210,,,ModItemInventoryItemCompositeDef P210 DisplayNamePlural
931652226138,"Самый дорогой военный пистолет в мире, самый точный военный пистолет в мире, самый надежный военный пистолет в мире. Нельзя сказать, что самый редкий военный пистолет в мире, но стремится к этому.",,,ModItemInventoryItemCompositeDef P210 Description
310575798556,"<image UI/Conversation/T_Dialogue_IconBackgroundCircle.tga 400 130 128 120> Надежный
<image UI/Conversation/T_Dialogue_IconBackgroundCircle.tga 400 130 128 120> Удобный
<image UI/Conversation/T_Dialogue_IconBackgroundCircle.tga 400 130 128 120> Точный
<image UI/Conversation/T_Dialogue_IconBackgroundCircle.tga 400 130 128 120> Дальнобойный
<image UI/Conversation/T_Dialogue_IconBackgroundCircle.tga 400 130 128 120> Убойный
<image UI/Conversation/T_Dialogue_IconBackgroundCircle.tga 400 130 128 120> Пистолет швейцарской маминой подруги.",,,ModItemInventoryItemCompositeDef P210 AdditionalHint
848119151903,P38,,,ModItemInventoryItemCompositeDef P38 DisplayName
927743133237,P38,,,ModItemInventoryItemCompositeDef P38 DisplayNamePlural
107106412369,"«8 предупредительных выстрелов плюс один прицельный бросок» - так говорили об этом пистолете в послевоенном Бундесвере. Однако, на момент своего появления, это было вполне себе неплохое оружие, пусть и частично переусложненное. В конце концов, именно он, а не Люгер или Маузер стал самым массовым немецким пистолетом ВМВ.",,,ModItemInventoryItemCompositeDef P38 Description
491343014488,"<image UI/Conversation/T_Dialogue_IconBackgroundCircle.tga 400 130 128 120> Нормальный
<image UI/Conversation/T_Dialogue_IconBackgroundCircle.tga 400 130 128 120> Средний
<image UI/Conversation/T_Dialogue_IconBackgroundCircle.tga 400 130 128 120> В целом пойдет",,,ModItemInventoryItemCompositeDef P38 AdditionalHint
646219544697,Colt M1911,,,ModItemInventoryItemCompositeDef Colt1911 DisplayName
539052887945,Colt M1911,,,ModItemInventoryItemCompositeDef Colt1911 DisplayNamePlural
239186058142,"Дедушка недавно отметил 100-летний юбилей, но уходить куда-то вовсе не собирается, пока, дословно ""не изобретут эти ваши лазеры-шмазеры и световые мечи"".",,,ModItemInventoryItemCompositeDef Colt1911 Description
123923849772,"<image UI/Conversation/T_Dialogue_IconBackgroundCircle.tga 400 130 128 120> Тысяча
<image UI/Conversation/T_Dialogue_IconBackgroundCircle.tga 400 130 128 120> Девятьсот
<image UI/Conversation/T_Dialogue_IconBackgroundCircle.tga 400 130 128 120> Одиннадцатый.",,,ModItemInventoryItemCompositeDef Colt1911 AdditionalHint
436628869426,Welrod,,,ModItemInventoryItemCompositeDef Welrod DisplayName
427566606201,Welrod,,,ModItemInventoryItemCompositeDef Welrod DisplayNamePlural
878461703337,"Разработан во Вторую Мировую Войну сотрудниками британской Секретной Службы для диверсионных и разведывательных действий на территории противника. Пистолет имеет ручную перезарядку после каждого выстрела, а срок службы заглушающего устройства не превышает 15 выстрелов. Впрочем, для одной операции этого вполен достаточно.",,,ModItemInventoryItemCompositeDef Welrod Description
519806997002,"<image UI/Conversation/T_Dialogue_IconBackgroundCircle.tga 400 130 128 120> Бесшумный
<image UI/Conversation/T_Dialogue_IconBackgroundCircle.tga 400 130 128 120> Точный
<image UI/Conversation/T_Dialogue_IconBackgroundCircle.tga 400 130 128 120> Малый магазин
<image UI/Conversation/T_Dialogue_IconBackgroundCircle.tga 400 130 128 120> Недолговечный
<image UI/Conversation/T_Dialogue_IconBackgroundCircle.tga 400 130 128 120> Смертельно опасный.",,,ModItemInventoryItemCompositeDef Welrod AdditionalHint
256183090542,Пистолет ПБ,,,ModItemInventoryItemCompositeDef PB DisplayName
809762590784,Пистолеты ПБ,,,ModItemInventoryItemCompositeDef PB DisplayNamePlural
413605184956,"Самый известный советский и российский пистолет. В современных реалиях его принято ругать, но чаще всего это делают те, кто стреляет разве что в монстров с экрана монитора.",,,ModItemInventoryItemCompositeDef PB Description
181579765203,"<image UI/Conversation/T_Dialogue_IconBackgroundCircle.tga 400 130 128 120> Бесшумный
<image UI/Conversation/T_Dialogue_IconBackgroundCircle.tga 400 130 128 120> Длинная рука Кремля.",,,ModItemInventoryItemCompositeDef PB AdditionalHint
848119151903,Vektor CP1,,,ModItemInventoryItemCompositeDef VectorCP1 DisplayName
927743133237,Vektor CP1,,,ModItemInventoryItemCompositeDef VectorCP1 DisplayNamePlural
107106412369,"Суперкомпактный пистолет для скрытого ношения от компании Vector, базирующейся в ЮАР. Имеет автоматику с газовым торможением отката затвора. Это как с газовым двигателем, только наоборот, с торможением.",,,ModItemInventoryItemCompositeDef VectorCP1 Description
491343014488,"<image UI/Conversation/T_Dialogue_IconBackgroundCircle.tga 400 130 128 120> Компактный
<image UI/Conversation/T_Dialogue_IconBackgroundCircle.tga 400 130 128 120> Быстрый
<image UI/Conversation/T_Dialogue_IconBackgroundCircle.tga 400 130 128 120> Удобный
<image UI/Conversation/T_Dialogue_IconBackgroundCircle.tga 400 130 128 120> Под пальто",,,ModItemInventoryItemCompositeDef VectorCP1 AdditionalHint
848119151903,S&W Model 5906,,,ModItemInventoryItemCompositeDef SWModel5906 DisplayName
927743133237,S&W Model 5906,,,ModItemInventoryItemCompositeDef SWModel5906 DisplayNamePlural
107106412369,"Третье поколение пистолетов Смита и Вессона, с рамкой и затвором полностью из нержавеющей стали. Как и другие пистолеты этой линейки - представляет собой развитие системы 1911. Имеет увеличенный магазин на 15 патронов 9 мм Люгер.",,,ModItemInventoryItemCompositeDef SWModel5906 Description
491343014488,"<image UI/Conversation/T_Dialogue_IconBackgroundCircle.tga 400 130 128 120> Дальнобойный
<image UI/Conversation/T_Dialogue_IconBackgroundCircle.tga 400 130 128 120> Точный
<image UI/Conversation/T_Dialogue_IconBackgroundCircle.tga 400 130 128 120> Надежный
<image UI/Conversation/T_Dialogue_IconBackgroundCircle.tga 400 130 128 120> Конкуретный",,,ModItemInventoryItemCompositeDef SWModel5906 AdditionalHint
348898367603,Hi-Power,,,ModItemInventoryItemCompositeDef HiPower DisplayName
765614045230,Hi-Power,,,ModItemInventoryItemCompositeDef HiPower DisplayNamePlural
644234035738,"Если 1911 - это прадедушка всех пистолетов в мире, то Хай-Пауэр - это их двоюродный дедушка. Считается одним из самых безопасных пистолетов в мире из-за  наличия одинарного УСМ, которое исключает выстрел без предварительного взвода курка.",,,ModItemInventoryItemCompositeDef HiPower Description
361743792592,"<image UI/Conversation/T_Dialogue_IconBackgroundCircle.tga 400 130 128 120> Браунинг
<image UI/Conversation/T_Dialogue_IconBackgroundCircle.tga 400 130 128 120> Это вам не это",,,ModItemInventoryItemCompositeDef HiPower AdditionalHint
310685586669,"MP-446 ""Викинг""",,,ModItemInventoryItemCompositeDef MP446VIKING DisplayName
202717539367,"MP-446 ""Викинг""",,,ModItemInventoryItemCompositeDef MP446VIKING DisplayNamePlural
963661589708,"Гражданская и спортивная версия российского армейского пистолета Ярыгина. Само по себе словосочетание ""гражданский пистолет в России"" выглядит насмешкой над предполагаемыми пользователями оружия, но на экспорт-то продавать его никто не запрещает.",,,ModItemInventoryItemCompositeDef MP446VIKING Description
974784958890,"<image UI/Conversation/T_Dialogue_IconBackgroundCircle.tga 400 130 128 120> Удобный
<image UI/Conversation/T_Dialogue_IconBackgroundCircle.tga 400 130 128 120> Спортивный
<image UI/Conversation/T_Dialogue_IconBackgroundCircle.tga 400 130 128 120> Тонированный ",,,ModItemInventoryItemCompositeDef MP446VIKING AdditionalHint
848119151903,CZ75,,,ModItemInventoryItemCompositeDef CZ75 DisplayName
927743133237,CZ75,,,ModItemInventoryItemCompositeDef CZ75 DisplayNamePlural
107106412369,"Спортивный, боевой, полицейский, гражданский пистолет из Чехии. Практически, победитель оружейного ""Евровидения"", но первое место принадлежит тому, кого нельзя называть. Иначе придется его купить.",,,ModItemInventoryItemCompositeDef CZ75 Description
491343014488,"<image UI/Conversation/T_Dialogue_IconBackgroundCircle.tga 400 130 128 120> Удобный
<image UI/Conversation/T_Dialogue_IconBackgroundCircle.tga 400 130 128 120> Точный
<image UI/Conversation/T_Dialogue_IconBackgroundCircle.tga 400 130 128 120> Надежный
<image UI/Conversation/T_Dialogue_IconBackgroundCircle.tga 400 130 128 120> Безопасный
<image UI/Conversation/T_Dialogue_IconBackgroundCircle.tga 400 130 128 120> Чемпионский",,,ModItemInventoryItemCompositeDef CZ75 AdditionalHint
589617789927,Beretta 92F,,,ModItemInventoryItemCompositeDef Bereta92 DisplayName
237291598806,Beretta 92F,,,ModItemInventoryItemCompositeDef Bereta92 DisplayNamePlural
424449219883,"Беретта - пистолет с ярко выраженным запахом нуара. Плохие полицейские, хорошие полицейские, которые тоже плохие, дорогие женщины, опасные женщины, мертвые женщины. Они все мертвы. Последний выстрел поставил жирную точку в этой истории...",,,ModItemInventoryItemCompositeDef Bereta92 Description
759493287779,"<image UI/Conversation/T_Dialogue_IconBackgroundCircle.tga 400 130 128 120> Точный 
<image UI/Conversation/T_Dialogue_IconBackgroundCircle.tga 400 130 128 120> Максимально болезненный",,,ModItemInventoryItemCompositeDef Bereta92 AdditionalHint
121264662868,Desert Eagle,,,ModItemInventoryItemCompositeDef DesertEagle DisplayName
906903634947,Desert Eagle,,,ModItemInventoryItemCompositeDef DesertEagle DisplayNamePlural
855624394430,"А теперь ты сморщиваешься и твои маленькие яйчишки сморщиваются вместе с тобой. Потому что на боку твоего пистолета написано муляж"". А на боку моего пистолета написано Desert Eagle калибра .50"".",,,ModItemInventoryItemCompositeDef DesertEagle Description
643376234175,"<image UI/Conversation/T_Dialogue_IconBackgroundCircle.tga 400 130 128 120> Медленный 
<image UI/Conversation/T_Dialogue_IconBackgroundCircle.tga 400 130 128 120> Неудобный
<image UI/Conversation/T_Dialogue_IconBackgroundCircle.tga 400 130 128 120> Чрезвычайно убойный
<image UI/Conversation/T_Dialogue_IconBackgroundCircle.tga 400 130 128 120> Дальнобойный 
<image UI/Conversation/T_Dialogue_IconBackgroundCircle.tga 400 130 128 120> Слонобойный",,,ModItemInventoryItemCompositeDef DesertEagle AdditionalHint
646219544697,Kimber,,,ModItemInventoryItemCompositeDef Kimber DisplayName
539052887945,Kimber,,,ModItemInventoryItemCompositeDef Kimber DisplayNamePlural
239186058142,"Очередной 1911 современного исполнения, отлично подходящий и для охоты и для спортивной стрельбы. Для снижения мощной отдачи патрона применяется компенсатор оригинальной конструкции. Используется с коллиматорным прицелом.",,,ModItemInventoryItemCompositeDef Kimber Description
123923849772,"<image UI/Conversation/T_Dialogue_IconBackgroundCircle.tga 400 130 128 120> Убойный
<image UI/Conversation/T_Dialogue_IconBackgroundCircle.tga 400 130 128 120> С коллиматором
<image UI/Conversation/T_Dialogue_IconBackgroundCircle.tga 400 130 128 120> Понтовый",,,ModItemInventoryItemCompositeDef Kimber AdditionalHint
280616524895,USP45 Tactical,,,ModItemInventoryItemCompositeDef USP45 DisplayName
840364522187,USP45 Tactical,,,ModItemInventoryItemCompositeDef USP45 DisplayNamePlural
875880547954,"Пистолет с грубыми формами, но с тонкой душевной организацией. Одних только вариантов УСМ, в зависимости от места службы, может быть более дюжины. Прочен, как будто сделан из адамантия.",,,ModItemInventoryItemCompositeDef USP45 Description
846027870607,"<image UI/Conversation/T_Dialogue_IconBackgroundCircle.tga 400 130 128 120> Точный
<image UI/Conversation/T_Dialogue_IconBackgroundCircle.tga 400 130 128 120> Убойный
<image UI/Conversation/T_Dialogue_IconBackgroundCircle.tga 400 130 128 120> Долговечный
<image UI/Conversation/T_Dialogue_IconBackgroundCircle.tga 400 130 128 120> Ультранадежный",,,ModItemInventoryItemCompositeDef USP45 AdditionalHint
121264662868,Grizzly LAR,,,ModItemInventoryItemCompositeDef GrizzlyLAR DisplayName
906903634947,Grizzly LAR,,,ModItemInventoryItemCompositeDef GrizzlyLAR DisplayNamePlural
855624394430,"Посмотри на свой 1911. Теперь посмотри на Гризли ЛАР. Да, я тоже 1911, но мой патрон выдает 1100 джоулей дульной энергии. Поверь мне на слово, это в четыре раза больше, чем у тебя. У меня все в четыре раза больше, чем у тебя.",,,ModItemInventoryItemCompositeDef GrizzlyLAR Description
643376234175,"<image UI/Conversation/T_Dialogue_IconBackgroundCircle.tga 400 130 128 120> Тысяча девятьсот одиннадцатый
<image UI/Conversation/T_Dialogue_IconBackgroundCircle.tga 400 130 128 120> 50АЕ",,,ModItemInventoryItemCompositeDef GrizzlyLAR AdditionalHint
464861298445,Glock 17,,,ModItemInventoryItemCompositeDef Glock17 DisplayName
134481114957,Glock 17,,,ModItemInventoryItemCompositeDef Glock17 DisplayNamePlural
219478192607,"Пистолет, который, как мы знаем из голливудских фильмов, выдерживает падение с крыши 100 этажного дома, не ловится детекторами в аэропорту, может быть изготовлен в любом гараже на 3D принтере.",,,ModItemInventoryItemCompositeDef Glock17 Description
593063289584,"<image UI/Conversation/T_Dialogue_IconBackgroundCircle.tga 400 130 128 120> Быстрый
<image UI/Conversation/T_Dialogue_IconBackgroundCircle.tga 400 130 128 120> Компактный
<image UI/Conversation/T_Dialogue_IconBackgroundCircle.tga 400 130 128 120> Удобный
<image UI/Conversation/T_Dialogue_IconBackgroundCircle.tga 400 130 128 120> Прочный
<image UI/Conversation/T_Dialogue_IconBackgroundCircle.tga 400 130 128 120> Из 1970-х",,,ModItemInventoryItemCompositeDef Glock17 AdditionalHint
291513194954,P-220,,,ModItemInventoryItemCompositeDef P220 DisplayName
336303546958,P-220,,,ModItemInventoryItemCompositeDef P220 DisplayNamePlural
977047112542,"Если вам требуется хороший пистолет, первым в очереди из претендентов всегда будет стоять пистолет из Швейцарии. Там принято делать простое и надежное оружие. Конечно, там еще принято делать простое и надежное дорогое оружие, но для себя не жаль никаких денег.",,,ModItemInventoryItemCompositeDef P220 Description
541758722141,"<image UI/Conversation/T_Dialogue_IconBackgroundCircle.tga 400 130 128 120> Точный
<image UI/Conversation/T_Dialogue_IconBackgroundCircle.tga 400 130 128 120> Удобный
<image UI/Conversation/T_Dialogue_IconBackgroundCircle.tga 400 130 128 120> Надежный
<image UI/Conversation/T_Dialogue_IconBackgroundCircle.tga 400 130 128 120> И-иии все",,,ModItemInventoryItemCompositeDef P220 AdditionalHint
218461390224,P-226,,,ModItemInventoryItemCompositeDef P226 DisplayName
532649443806,P-226,,,ModItemInventoryItemCompositeDef P226 DisplayNamePlural
337830409983,"Простой, точный и надежный, как швейцарские часы, парень очень хотел стать новым пистолетом для американской армии. Конкурс он проиграл, но не расстроился и занял оружейные почти всех остальных силовых структур Европы и США.",,,ModItemInventoryItemCompositeDef P226 Description
186387032377,"<image UI/Conversation/T_Dialogue_IconBackgroundCircle.tga 400 130 128 120> Точный
<image UI/Conversation/T_Dialogue_IconBackgroundCircle.tga 400 130 128 120> Удобный
<image UI/Conversation/T_Dialogue_IconBackgroundCircle.tga 400 130 128 120> Надежный
<image UI/Conversation/T_Dialogue_IconBackgroundCircle.tga 400 130 128 120> Куча обвесов",,,ModItemInventoryItemCompositeDef P226 AdditionalHint
937403994879,FiveSeven,,,ModItemInventoryItemCompositeDef FiveSeven DisplayName
559078272887,FiveSeven,,,ModItemInventoryItemCompositeDef FiveSeven DisplayNamePlural
459458404676,"Пистолет  Five-seveN был разработан для подразделений армии в первую очередь и во вторую для полиции, для борьбы с защищенным противником ""в пару"" в автомату P90. Патроны с бронебойной пулей, однако, к свободной продаже запрещены, что существенно снижает ценность как пистолета, так и автомата в руках наемника.",,,ModItemInventoryItemCompositeDef FiveSeven Description
467503861152,<image UI/Conversation/T_Dialogue_IconBackgroundCircle.tga 400 130 128 120> Топовый,,,ModItemInventoryItemCompositeDef FiveSeven AdditionalHint
762855095908,Пистолет Стечкина,,,ModItemInventoryItemCompositeDef APS DisplayName
791550858652,Пистолеты Стечкина,,,ModItemInventoryItemCompositeDef APS DisplayNamePlural
803787536304,"Маленькая ручная гаубица. Большой и серьезный советский пистолет, для офицеров, экипажей техники, артиллеристов и прочих, кому пистолета мало, а автомат не положен.",,,ModItemInventoryItemCompositeDef APS Description
501438291047,"<image UI/Conversation/T_Dialogue_IconBackgroundCircle.tga 400 130 128 120> Дальнобойный
<image UI/Conversation/T_Dialogue_IconBackgroundCircle.tga 400 130 128 120> Стреляет короткими очередями",,,ModItemInventoryItemCompositeDef APS AdditionalHint
848119151903,Beretta 93r,,,ModItemInventoryItemCompositeDef Beretta93r DisplayName
927743133237,Beretta 93r,,,ModItemInventoryItemCompositeDef Beretta93r DisplayNamePlural
107106412369,"Робкие попытки Беретты стать чем-то большим, чем простой пистолет, были задушены в зародыше появление таких суперкомпактных автоматов, как MP5K, MAC-10 и MicroUZI.",,,ModItemInventoryItemCompositeDef Beretta93r Description
491343014488,"<image UI/Conversation/T_Dialogue_IconBackgroundCircle.tga 400 130 128 120>  Точный
<image UI/Conversation/T_Dialogue_IconBackgroundCircle.tga 400 130 128 120>  Стреляет короткими очередями",,,ModItemInventoryItemCompositeDef Beretta93r AdditionalHint
876495756178,Glock 18,,,ModItemInventoryItemCompositeDef Glock18 DisplayName
478389428053,Glock 18,,,ModItemInventoryItemCompositeDef Glock18 DisplayNamePlural
594387443300,Glock 17 с переключателем в режим безудержного веселья и встроенным компенсатором. Автоматическая игрушка под патрон 9x19мм!,,,ModItemInventoryItemCompositeDef Glock18 Description
358502954241,"<image UI/Conversation/T_Dialogue_IconBackgroundCircle.tga 400 130 128 120> Быстрый  
<image UI/Conversation/T_Dialogue_IconBackgroundCircle.tga 400 130 128 120> Компактный  
<image UI/Conversation/T_Dialogue_IconBackgroundCircle.tga 400 130 128 120> Удобный
<image UI/Conversation/T_Dialogue_IconBackgroundCircle.tga 400 130 128 120> Прочный
<image UI/Conversation/T_Dialogue_IconBackgroundCircle.tga 400 130 128 120> Стреляет короткими очередями",,,ModItemInventoryItemCompositeDef Glock18 AdditionalHint
436628869426,S&W Model10 .38 Special,,,ModItemInventoryItemCompositeDef SWModel10 DisplayName
427566606201,S&W Model10 .38 Special,,,ModItemInventoryItemCompositeDef SWModel10 DisplayNamePlural
878461703337,"Один из самых распространенных боевых револьверов в мире. За все время компания S&W выпустила револверы Military and Police объемом более 6 миллионов штук. Начинал служить еще в Первую Мировую, продолжает выпускаться до сих пор. ",,,ModItemInventoryItemCompositeDef SWModel10 Description
434107786112,"<image UI/Conversation/T_Dialogue_IconBackgroundCircle.tga 400 130 128 120> Револьвер .38 Special
<image UI/Conversation/T_Dialogue_IconBackgroundCircle.tga 400 130 128 120> Компактный Надежный 
<image UI/Conversation/T_Dialogue_IconBackgroundCircle.tga 400 130 128 120> Лучше Кольта",,,ModItemInventoryItemCompositeDef SWModel10 AdditionalHint
436628869426,Colt .38 Special,,,ModItemInventoryItemCompositeDef Colt38Special DisplayName
427566606201,Colt .38 Special,,,ModItemInventoryItemCompositeDef Colt38Special DisplayNamePlural
563384549909,"Компактный и легкий полицейский револьвер калибра 9мм. Стальная рамка, спуск двойного действия сделали его одним из самых популярных вариантов оружия для самообороны в США.",,,ModItemInventoryItemCompositeDef Colt38Special Description
460566737568,"Револьвер 
<image UI/Conversation/T_Dialogue_IconBackgroundCircle.tga 400 130 128 120> .38 Special Компактный 
<image UI/Conversation/T_Dialogue_IconBackgroundCircle.tga 400 130 128 120> Надежный",,,ModItemInventoryItemCompositeDef Colt38Special AdditionalHint
436628869426,Peacemaker,,,ModItemInventoryItemCompositeDef ColtPeacemaker DisplayName
427566606201,Peacemaker,,,ModItemInventoryItemCompositeDef ColtPeacemaker DisplayNamePlural
878461703337,"Старый, заслуженный револьвер одинарного действия, разработанный для армии США. Главное, носите c пустой каморой под курком, если не хотите лишиться ноги.",,,ModItemInventoryItemCompositeDef ColtPeacemaker Description
434107786112,"Револьвер 
<image UI/Conversation/T_Dialogue_IconBackgroundCircle.tga 400 130 128 120> Анахронизм",,,ModItemInventoryItemCompositeDef ColtPeacemaker AdditionalHint
436628869426,Colt M1917 .45 Service Revolver,,,ModItemInventoryItemCompositeDef ColtM1917 DisplayName
427566606201,Colt M1917 .45 Service Revolver,,,ModItemInventoryItemCompositeDef ColtM1917 DisplayNamePlural
878461703337,"""Мобилизационный"" револьвер, призванный восполнить нахватку личного короткоствольного оружия (пистолетов 1911) в армии США в ПМВ, и даже, как ни странно, в ВМВ. По сути, обычный серийный кольтовский гражданский револьвер, но с расточенной под пистолетный патрон .45 ACP каморой барабана. Чтоб оно вообще там держалось и работало, пришлось заимстовать у S&W их ""мунклипы"" - полуобоймы, соединяющие несколько патронов в одну конструкцию.",,,ModItemInventoryItemCompositeDef ColtM1917 Description
434107786112,"Револьвер 
<image UI/Conversation/T_Dialogue_IconBackgroundCircle.tga 400 130 128 120> Компактный 
<image UI/Conversation/T_Dialogue_IconBackgroundCircle.tga 400 130 128 120> Сорок пятый",,,ModItemInventoryItemCompositeDef ColtM1917 AdditionalHint
436628869426,S*W Model19 .357 Combat Magnum,,,ModItemInventoryItemCompositeDef SWModel19 DisplayName
427566606201,SWModel19,,,ModItemInventoryItemCompositeDef SWModel19 DisplayNamePlural
878461703337,"Утяжеленная версия револьвера Miltary and Police, с упрочненной рамкой, необходимой для использования мощного патрона .357 Magnum. Выпускается с 1955 года. Это вам не кольтовский шлак, это оружие для настоящего дела.
",,,ModItemInventoryItemCompositeDef SWModel19 Description
434107786112,"Револьвер 
<image UI/Conversation/T_Dialogue_IconBackgroundCircle.tga 400 130 128 120> Магнум 
<image UI/Conversation/T_Dialogue_IconBackgroundCircle.tga 400 130 128 120> Точный",,,ModItemInventoryItemCompositeDef SWModel19 AdditionalHint
436628869426,Webley Mk VI,,,ModItemInventoryItemCompositeDef Webley DisplayName
427566606201,Webley Mk VI,,,ModItemInventoryItemCompositeDef Webley DisplayNamePlural
878461703337,"Основной револьвер британских вооруженных сил в период ПМВ и даже ВМВ. Имеет компоновку с ""переламывающейся"" рамкой, что конечно позволяет быстро и эффектно перезаряжаться, но снижает прочность конструкции. Так, что даже .38 й патрон для Вебли - крепковат.",,,ModItemInventoryItemCompositeDef Webley Description
434107786112,"Револьвер 
<image UI/Conversation/T_Dialogue_IconBackgroundCircle.tga 400 130 128 120> Сорок пятый 
<image UI/Conversation/T_Dialogue_IconBackgroundCircle.tga 400 130 128 120> Британский",,,ModItemInventoryItemCompositeDef Webley AdditionalHint
436628869426,Manurhin MR 73,,,ModItemInventoryItemCompositeDef MR73 DisplayName
427566606201,Manurhin MR 73,,,ModItemInventoryItemCompositeDef MR73 DisplayNamePlural
878461703337,"Штатный револьвер французской полиции и даже полицейского спезнаца. Качество изготовления ощутимо выше, чем у ширпотреба вроде револьверов Colt, так что на эту пушку вполен можно положиться в самый трудный момент.",,,ModItemInventoryItemCompositeDef MR73 Description
434107786112,"<image UI/Conversation/T_Dialogue_IconBackgroundCircle.tga 400 130 128 120> Револьвер
<image UI/Conversation/T_Dialogue_IconBackgroundCircle.tga 400 130 128 120> Магнум 
<image UI/Conversation/T_Dialogue_IconBackgroundCircle.tga 400 130 128 120> Точный 
<image UI/Conversation/T_Dialogue_IconBackgroundCircle.tga 400 130 128 120> Дальнобойный 
<image UI/Conversation/T_Dialogue_IconBackgroundCircle.tga 400 130 128 120> Надежный 
<image UI/Conversation/T_Dialogue_IconBackgroundCircle.tga 400 130 128 120> Удобный",,,ModItemInventoryItemCompositeDef MR73 AdditionalHint
436628869426,SWModel29,,,ModItemInventoryItemCompositeDef SWModel29 DisplayName
427566606201,SWModel29,,,ModItemInventoryItemCompositeDef SWModel29 DisplayNamePlural
878461703337,"Мощный револьвер Смита и Вессона под патрон .44 Magnum. Как и другие подобные револьверы повышенной мощности прежде всего применяется для охоты или спортивной стрельбы, но... как же приятно засадить Легу в жбан из сорок четвертого.",,,ModItemInventoryItemCompositeDef SWModel29 Description
434107786112,"<image UI/Conversation/T_Dialogue_IconBackgroundCircle.tga 400 130 128 120> Револьвер 
<image UI/Conversation/T_Dialogue_IconBackgroundCircle.tga 400 130 128 120> Сорок четвертый 
<image UI/Conversation/T_Dialogue_IconBackgroundCircle.tga 400 130 128 120> Точный 
<image UI/Conversation/T_Dialogue_IconBackgroundCircle.tga 400 130 128 120> Дальнобойный",,,ModItemInventoryItemCompositeDef SWModel29 AdditionalHint
600758452029,Anaconda,,,ModItemInventoryItemCompositeDef ColtAnaconda DisplayName
576916732572,Anaconda,,,ModItemInventoryItemCompositeDef ColtAnaconda DisplayNamePlural
518994407073,"Я знаю, о чём вы сейчас думаете. Есть в нем патроны, или нет. Это «Магнум» 44-го калибра, самый убойный револьвер на свете, и он может решить практически любую проблему в общении с людьми.",,,ModItemInventoryItemCompositeDef ColtAnaconda Description
934305731778,"<image UI/Conversation/T_Dialogue_IconBackgroundCircle.tga 400 130 128 120> Револьвер 
<image UI/Conversation/T_Dialogue_IconBackgroundCircle.tga 400 130 128 120> Сорок четвертый 
<image UI/Conversation/T_Dialogue_IconBackgroundCircle.tga 400 130 128 120> Кольт 
<image UI/Conversation/T_Dialogue_IconBackgroundCircle.tga 400 130 128 120> неудобный",,,ModItemInventoryItemCompositeDef ColtAnaconda AdditionalHint
436628869426,Korth Revolver,,,ModItemInventoryItemCompositeDef Korth DisplayName
427566606201,Korth Revolver,,,ModItemInventoryItemCompositeDef Korth DisplayNamePlural
878461703337,"Если вы закажете револьвер у компании Korth, то через 4-5 месяцев всего за 4000 долларов вы получите один из самых точных и надежных шестизарядников, которые только есть на планете Земля. Или можно за те же деньги купить десяток автоматов Калашникова, но это уж кто на что учился.",,,ModItemInventoryItemCompositeDef Korth Description
434107786112,"<image UI/Conversation/T_Dialogue_IconBackgroundCircle.tga 400 130 128 120> Револьвер
<image UI/Conversation/T_Dialogue_IconBackgroundCircle.tga 400 130 128 120> Остальное не ваши проблемы",,,ModItemInventoryItemCompositeDef Korth AdditionalHint
578697354182,Именной револьвер,,,ModItemInventoryItemCompositeDef TexRevolver DisplayName
139286543074,Именные револьверы,,,ModItemInventoryItemCompositeDef TexRevolver DisplayNamePlural
231593273381,"Изготовленный на заказ револьвер с удлинённым стволом, рукояткой из слоновой кости и гравировкой золотыми буквами: «ТЕКС».",,,ModItemInventoryItemCompositeDef TexRevolver Description
916092268607,"<image UI/Conversation/T_Dialogue_IconBackgroundCircle.tga 400 130 128 120> Револьвер
<image UI/Conversation/T_Dialogue_IconBackgroundCircle.tga 400 130 128 120>  Самый быстрый на всем Диком Западе",,,ModItemInventoryItemCompositeDef TexRevolver AdditionalHint
363425699078,РШ-12,,,ModItemInventoryItemCompositeDef RSH12 DisplayName
661023013034,РШ-12,,,ModItemInventoryItemCompositeDef RSH12 DisplayNamePlural
387084840013,"РШ-12 (револьвер штурмовой калибра 12 мм) - слонобой из Тулы, под патрон ШАК-12. По идее, нужен для того, чтоб с гарантией останавливать террористов в любых возможных средствах защиты при попадании в любую часть тела. Даже в палец на ноге.",,,ModItemInventoryItemCompositeDef RSH12 Description
554488493833,"<image UI/Conversation/T_Dialogue_IconBackgroundCircle.tga 400 130 128 120> Револьвер
<image UI/Conversation/T_Dialogue_IconBackgroundCircle.tga 400 130 128 120> За эти деньги мог бы стрелять самонаводящимися пулями",,,ModItemInventoryItemCompositeDef RSH12 AdditionalHint
892229243751,MAT-49,,,ModItemInventoryItemCompositeDef MAT49 DisplayName
714310548316,MAT-49,,,ModItemInventoryItemCompositeDef MAT49 DisplayNamePlural
303318756297,"Небольшой послевоенный французский автомат, широко распространенный в бывших французких колониях. Ничем особо примечательным не выделяется, нареканий особых тоже не имеет. Стреляет, и ладно.",,,ModItemInventoryItemCompositeDef MAT49 Description
561861858971,"<image UI/Conversation/T_Dialogue_IconBackgroundCircle.tga 400 130 128 120> Неудобный 
<image UI/Conversation/T_Dialogue_IconBackgroundCircle.tga 400 130 128 120> Неточный
<image UI/Conversation/T_Dialogue_IconBackgroundCircle.tga 400 130 128 120> Старый
<image UI/Conversation/T_Dialogue_IconBackgroundCircle.tga 400 130 128 120> Складной приклад
<image UI/Conversation/T_Dialogue_IconBackgroundCircle.tga 400 130 128 120>  Что досталось в оружейке",,,ModItemInventoryItemCompositeDef MAT49 AdditionalHint
808281336477,MP40,,,ModItemInventoryItemCompositeDef MP40 DisplayName
135534176285,MP40,,,ModItemInventoryItemCompositeDef MP40 DisplayNamePlural
313702671802,"Изначально разработанный для использования экипажами техники и десантниками, MP40 раскрыл свои лучшие качества надежного пистолета-пулемета в городских боях на Восточном фронте.",,,ModItemInventoryItemCompositeDef MP40 Description
799661559477,<image UI/Conversation/T_Dialogue_IconBackgroundCircle.tga 400 130 128 120> Старый Немецкий Шмайссер (нет),,,ModItemInventoryItemCompositeDef MP40 AdditionalHint
635674998872,M3 Grease Gun,,,ModItemInventoryItemCompositeDef M3GreaseGun DisplayName
954941893648,M3 Grease Guns,,,ModItemInventoryItemCompositeDef M3GreaseGun DisplayNamePlural
941101439263,"Когда в условиях войны фрезеровать Томпсоны становится чересчур дорого, ВПК начинает выдавать вот таких вот ублюдков. А вы ""ноктюрн сыграть смогли бы"" на автоматах из водопроводных труб?",,,ModItemInventoryItemCompositeDef M3GreaseGun Description
740469872238,"<image UI/Conversation/T_Dialogue_IconBackgroundCircle.tga 400 130 128 120> Неудобный 
<image UI/Conversation/T_Dialogue_IconBackgroundCircle.tga 400 130 128 120> Неточный 
<image UI/Conversation/T_Dialogue_IconBackgroundCircle.tga 400 130 128 120> Убойный 
<image UI/Conversation/T_Dialogue_IconBackgroundCircle.tga 400 130 128 120> Складной приклад 
<image UI/Conversation/T_Dialogue_IconBackgroundCircle.tga 400 130 128 120> Масленка без масла",,,ModItemInventoryItemCompositeDef M3GreaseGun AdditionalHint
488309253436,Стерлинг,,,ModItemInventoryItemCompositeDef Sterling DisplayName
214431276583,СТЕРЛИНГ,,,ModItemInventoryItemCompositeDef Sterling DisplayNamePlural
919621275120,"Поздневоенный и послевоенный британский автомат. Характерной чертой автомата является примыкаемый сбоку магазин, за который он и удерживается при стрельбе, что удобно в походе, но неудобно в бою. В целом, неплохой автомат. С учетом того, что британский.",,,ModItemInventoryItemCompositeDef Sterling Description
468046569228,"<image UI/Conversation/T_Dialogue_IconBackgroundCircle.tga 400 130 128 120> Неудобный 
<image UI/Conversation/T_Dialogue_IconBackgroundCircle.tga 400 130 128 120> Складной приклад 
<image UI/Conversation/T_Dialogue_IconBackgroundCircle.tga 400 130 128 120> Годится на безрыбье",,,ModItemInventoryItemCompositeDef Sterling AdditionalHint
479875631638,Thompson,,,ModItemInventoryItemCompositeDef Thompson DisplayName
527195562093,Thompsons,,,ModItemInventoryItemCompositeDef Thompson DisplayNamePlural
526974325537,"Пистолет Пулемет Томпсона несет в себе черты автоматов периода ПМВ - большое количество фрезеровки, полусвободный затвор, большая масса и ручная подгонка движущихся деталей. На фоне куда более технологичных автоматов ВОВ он уже выглядит устаревшим. Пока не снесет голову врага в стальной каске на дистанции сто метров. Каску конечно, не пробьет, но врагу от этого не легче.",,,ModItemInventoryItemCompositeDef Thompson Description
622369282107,"<image UI/Conversation/T_Dialogue_IconBackgroundCircle.tga 400 130 128 120> Точный
<image UI/Conversation/T_Dialogue_IconBackgroundCircle.tga 400 130 128 120> Убойный
<image UI/Conversation/T_Dialogue_IconBackgroundCircle.tga 400 130 128 120> Может использовать большой магазин",,,ModItemInventoryItemCompositeDef Thompson AdditionalHint
466049040564,ППС-43,,,ModItemInventoryItemCompositeDef PPS43 DisplayName
302494084890,ППС-43,,,ModItemInventoryItemCompositeDef PPS43 DisplayNamePlural
781716061274,"Иногда технологии - это не полеты в космос и телепортация. Иногда технологии это то, что может быть собрано в осажденном городе на любом станке 12-летним пацаном за две корки хлеба в сутки. Лучший автомат ВОВ по совокупности характеристик. Но еще и лучшая ""таблетка для памяти"".",,,ModItemInventoryItemCompositeDef PPS43 Description
776470962417,"<image UI/Conversation/T_Dialogue_IconBackgroundCircle.tga 400 130 128 120> Дальнобойный 
<image UI/Conversation/T_Dialogue_IconBackgroundCircle.tga 400 130 128 120> Пробивает броню 
<image UI/Conversation/T_Dialogue_IconBackgroundCircle.tga 400 130 128 120> Неудобный 
<image UI/Conversation/T_Dialogue_IconBackgroundCircle.tga 400 130 128 120> Складной приклад",,,ModItemInventoryItemCompositeDef PPS43 AdditionalHint
611519476345,ППШ,,,ModItemInventoryItemCompositeDef PPSH DisplayName
705465498623,ППШ,,,ModItemInventoryItemCompositeDef PPSH DisplayNamePlural
392209165367,ППШ-41 (Пистолет-Пулемет конструкции Шпагина) был создан в 1941 году для замены более сложного и дорогого ППД-40. В этом же году принят на вооружение РККА. Впоследствии же стал символом доблести советского солдата и победы советского народа над фашизмом.,,,ModItemInventoryItemCompositeDef PPSH Description
246973411865,"<image UI/Conversation/T_Dialogue_IconBackgroundCircle.tga 400 130 128 120> Окопная метла 
<image UI/Conversation/T_Dialogue_IconBackgroundCircle.tga 400 130 128 120> Пробивает броню",,,ModItemInventoryItemCompositeDef PPSH AdditionalHint
555365819120,Walther MP,,,ModItemInventoryItemCompositeDef MPL DisplayName
324062013193,Walther MP,,,ModItemInventoryItemCompositeDef MPL DisplayNamePlural
932330768724,"Пистолет-пулемет Вальтер MPL имеет вполне удачную конструкцию со свободным затвором с применением штамповки деталей. Сразу видно, что конструкторами был принят во внимание опыт ВОВ. Однако, потенциальными пользователями тоже был принят во внимание опыт ВОВ и оружие под маркой ""Вальтер"" просто не имело никакого шанса на успех на рынке.",,,ModItemInventoryItemCompositeDef MPL Description
929080238056,<image UI/Conversation/T_Dialogue_IconBackgroundCircle.tga 400 130 128 120> Был на обложке Джа 2,,,ModItemInventoryItemCompositeDef MPL AdditionalHint
519964585006,Carl Gustaf M/45,,,ModItemInventoryItemCompositeDef M45 DisplayName
178177064561,Carl Gustaf M/45,,,ModItemInventoryItemCompositeDef M45 DisplayNamePlural
562922376716,"Этот автомат хоть и выглядит, как продукт инженерии военного времени, сделанный из водопроводной трубы и листового металла, простоял на вооружении армии Швеции вплоть до начала 20-го века. И повезло ему, что пришлось просто стоять.",,,ModItemInventoryItemCompositeDef M45 Description
539332597589,"<image UI/Conversation/T_Dialogue_IconBackgroundCircle.tga 400 130 128 120> Дальнобойный 
<image UI/Conversation/T_Dialogue_IconBackgroundCircle.tga 400 130 128 120> Надежный 
<image UI/Conversation/T_Dialogue_IconBackgroundCircle.tga 400 130 128 120> Складной приклад Карл!!!",,,ModItemInventoryItemCompositeDef M45 AdditionalHint
137299864819,Аграм 2000,,,ModItemInventoryItemCompositeDef Agram2000 DisplayName
725666862361,Аграмы 2000,,,ModItemInventoryItemCompositeDef Agram2000 DisplayNamePlural
374432194142,"Хорватский автомат Аграм 2000 был разработан в 1990-х годах и активно применялся при дроблении на части Югославии. О ""нечестной"" направленности автомата говорит отсутствие приклада и заложенная в конструкцию интеграция съемного глушителя. Несколько этих автоматов без номеров и регистрационных документов расползлось по миру и до сих пор активно используются криминальными элементами.",,,ModItemInventoryItemCompositeDef Agram2000 Description
259441942196,"<image UI/Conversation/T_Dialogue_IconBackgroundCircle.tga 400 130 128 120> Удобный 
<image UI/Conversation/T_Dialogue_IconBackgroundCircle.tga 400 130 128 120> Без приклада 
<image UI/Conversation/T_Dialogue_IconBackgroundCircle.tga 400 130 128 120> Скорострельный 
<image UI/Conversation/T_Dialogue_IconBackgroundCircle.tga 400 130 128 120> Ненадежный",,,ModItemInventoryItemCompositeDef Agram2000 AdditionalHint
919841472744,Узи Полноразмерный,,,ModItemInventoryItemCompositeDef UZI DisplayName
837213181188,Узи Полноразмерные,,,ModItemInventoryItemCompositeDef UZI DisplayNamePlural
228733015650,"Пистолет-пулемет, разработанный в Израиле как персональное оружие самообороны для солдат тылового эшелона. Задумывался для ведения стрельбы с упором в плечо, однако нередко используется и просто одной рукой. Обладает высокой скорострельностью, но и удручающе высоким рассеиванием.",,,ModItemInventoryItemCompositeDef UZI Description
924238872935,"<image UI/Conversation/T_Dialogue_IconBackgroundCircle.tga 400 130 128 120> Точный
<image UI/Conversation/T_Dialogue_IconBackgroundCircle.tga 400 130 128 120> Надежный 
<image UI/Conversation/T_Dialogue_IconBackgroundCircle.tga 400 130 128 120> Сладкий бобалех",,,ModItemInventoryItemCompositeDef UZI AdditionalHint
470598723767,Беретта М12,,,ModItemInventoryItemCompositeDef BerettaM12 DisplayName
102731784616,Беретты М12,,,ModItemInventoryItemCompositeDef BerettaM12 DisplayNamePlural
374530148771,"Хороший итальянский послевоенный пистолет-пулемет, вобравший в себя весь накопленный в ходе ВМВ опыт. Может похвастаться отличной точностью и надежностью при использовании в широком круге условий.",,,ModItemInventoryItemCompositeDef BerettaM12 Description
526790348080,"<image UI/Conversation/T_Dialogue_IconBackgroundCircle.tga 400 130 128 120> Обычный 
<image UI/Conversation/T_Dialogue_IconBackgroundCircle.tga 400 130 128 120> Средний 
<image UI/Conversation/T_Dialogue_IconBackgroundCircle.tga 400 130 128 120> Нормальный ",,,ModItemInventoryItemCompositeDef BerettaM12 AdditionalHint
248441865106,Spectre M4,,,ModItemInventoryItemCompositeDef SpectreM4 DisplayName
647142447172,Spectre M4,,,ModItemInventoryItemCompositeDef SpectreM4 DisplayNamePlural
462344051547,"Оружие для сил специального назначения и борьбы с терроризмом. Курковый спусковой механизм ""двойного действия"" (прям как на револьверах, ага) обеспечивает безопасное ношение оружия с патроном в патроннике без необходимости досыла патрона в случае контакта с противником.",,,ModItemInventoryItemCompositeDef SpectreM4 Description
424006445377,"<image UI/Conversation/T_Dialogue_IconBackgroundCircle.tga 400 130 128 120> Удобный 
<image UI/Conversation/T_Dialogue_IconBackgroundCircle.tga 400 130 128 120> Без приклада 
<image UI/Conversation/T_Dialogue_IconBackgroundCircle.tga 400 130 128 120> Скорострельный  ",,,ModItemInventoryItemCompositeDef SpectreM4 AdditionalHint
776690469955,ПП19 Бизон,,,ModItemInventoryItemCompositeDef PP19Bizon DisplayName
965842574005,ПП19 Бизон,,,ModItemInventoryItemCompositeDef PP19Bizon DisplayNamePlural
946911790179,"Российский пистолет-пулемет, собранный на основе узлов автомата АКС-74, но с использованием автоматики со свободным затвором. Шнековый магазин на 64 патрона в отличие от пистолетов Calico приспособлен в качестве ухватистого цевья, а если добавить к этому малую отдачу, то крыть врага очередями становится очень приятно. Правда, потом приходится весь вечер весто ужина набивать эти самые магазины, но это того стоит, поверьте!",,,ModItemInventoryItemCompositeDef PP19Bizon Description
622376849753,"<image UI/Conversation/T_Dialogue_IconBackgroundCircle.tga 400 130 128 120> Метла 2.0 
<image UI/Conversation/T_Dialogue_IconBackgroundCircle.tga 400 130 128 120> Надежный, как бизон",,,ModItemInventoryItemCompositeDef PP19Bizon AdditionalHint
626772068936,MP5A2,,,ModItemInventoryItemCompositeDef MP5A2 DisplayName
617919327732,MP5A2,,,ModItemInventoryItemCompositeDef MP5A2 DisplayNamePlural
249894199741,"Устаревший вариант немецкого автомата MP5, с УСМ без отсечки стрельбы по три выстрела. Один из самых распространенных полицейских автоматов в мире до сих пор. Отличный выбор для специальных операций любого толка, тысячи обезвреженных террористов по всему миру не дадут соврать.",,,ModItemInventoryItemCompositeDef MP5A2 Description
850293537191,"<image UI/Conversation/T_Dialogue_IconBackgroundCircle.tga 400 130 128 120> Удобный 
<image UI/Conversation/T_Dialogue_IconBackgroundCircle.tga 400 130 128 120> Точный 
<image UI/Conversation/T_Dialogue_IconBackgroundCircle.tga 400 130 128 120> Надежный ",,,ModItemInventoryItemCompositeDef MP5A2 AdditionalHint
123316525310,MP5A4,,,ModItemInventoryItemCompositeDef MP5A4 DisplayName
897337319220,MP5A4,,,ModItemInventoryItemCompositeDef MP5A4 DisplayNamePlural
903859276526,"Современный вариант автомата MP5, допускающий стрельбу как с отсечкой по три выстрела, так и полностью автоматический огонь. Все остальное осталось практически без изменений, автомат сразу хорошим получился.",,,ModItemInventoryItemCompositeDef MP5A4 Description
545249677427,"<image UI/Conversation/T_Dialogue_IconBackgroundCircle.tga 400 130 128 120> Удобный 
<image UI/Conversation/T_Dialogue_IconBackgroundCircle.tga 400 130 128 120> Точный 
<image UI/Conversation/T_Dialogue_IconBackgroundCircle.tga 400 130 128 120> Надежный 
<image UI/Conversation/T_Dialogue_IconBackgroundCircle.tga 400 130 128 120> Теперь с фонариком",,,ModItemInventoryItemCompositeDef MP5A4 AdditionalHint
780815176267,UMP45,,,ModItemInventoryItemCompositeDef UMP45 DisplayName
629372801982,UMP45,,,ModItemInventoryItemCompositeDef UMP45 DisplayNamePlural
606701682855,"Современный немецкий пистолет-пулемет на основе узлов винтовки G36, но со свободным затвором. Тяжеловат, но ухватист и хорошо контролируется при стрельбе очередями. ",,,ModItemInventoryItemCompositeDef UMP45 Description
109493312554,"<image UI/Conversation/T_Dialogue_IconBackgroundCircle.tga 400 130 128 120> Убойный
<image UI/Conversation/T_Dialogue_IconBackgroundCircle.tga 400 130 128 120> Точный 
<image UI/Conversation/T_Dialogue_IconBackgroundCircle.tga 400 130 128 120> Надежный 
<image UI/Conversation/T_Dialogue_IconBackgroundCircle.tga 400 130 128 120> Много обвеса",,,ModItemInventoryItemCompositeDef UMP45 AdditionalHint
617738837415,MP5SD,,,ModItemInventoryItemCompositeDef MP5SD DisplayName
440607563310,MP5SD,,,ModItemInventoryItemCompositeDef MP5SD DisplayNamePlural
636898111204,"Автомат MP5SD5 изготовлен на основе MP5A4. В конструкцию внесен неотьемный разборный глушитель, позволяющий вести полностью автоматический огонь обычным 9мм боеприпасом. Мечта каждого уважающего себя стелс-пихотинца.",,,ModItemInventoryItemCompositeDef MP5SD Description
327400248650,"<image UI/Conversation/T_Dialogue_IconBackgroundCircle.tga 400 130 128 120> Удобный
<image UI/Conversation/T_Dialogue_IconBackgroundCircle.tga 400 130 128 120> Точный
<image UI/Conversation/T_Dialogue_IconBackgroundCircle.tga 400 130 128 120> Надежный
<image UI/Conversation/T_Dialogue_IconBackgroundCircle.tga 400 130 128 120> Бесшумный",,,ModItemInventoryItemCompositeDef MP5SD AdditionalHint
409531523901,P90,,,ModItemInventoryItemCompositeDef P90 DisplayName
895991470636,P90,,,ModItemInventoryItemCompositeDef P90 DisplayNamePlural
589817908151,"Бельгийский пистолет-пулемет футуристичного вида в компоновке буллпап. Разработан специально под новый бронебойный малоимпульсный патрон калибра 5.7мм. Мнения об автомате делятся полярно - кто-то в восторге от его эргономики, кто-то наоборот, проклинает ее.",,,ModItemInventoryItemCompositeDef P90 Description
863940765509,"<image UI/Conversation/T_Dialogue_IconBackgroundCircle.tga 400 130 128 120> Топовый
<image UI/Conversation/T_Dialogue_IconBackgroundCircle.tga 400 130 128 120> Бронебойный",,,ModItemInventoryItemCompositeDef P90 AdditionalHint
389917013778,Scorpion,,,ModItemInventoryItemCompositeDef Scorpion DisplayName
505643276959,Scorpion,,,ModItemInventoryItemCompositeDef Scorpion DisplayNamePlural
276327014875,Маленький и удаленький чехословацкий автомат под советский пистолетный 9мм патрон. Оказался крайне удачным в использовании в контртеррористических операциях.,,,ModItemInventoryItemCompositeDef Scorpion Description
842942928399,"<image UI/Conversation/T_Dialogue_IconBackgroundCircle.tga 400 130 128 120> Одноручный 
<image UI/Conversation/T_Dialogue_IconBackgroundCircle.tga 400 130 128 120> Складной приклад 
<image UI/Conversation/T_Dialogue_IconBackgroundCircle.tga 400 130 128 120> Маленький 
<image UI/Conversation/T_Dialogue_IconBackgroundCircle.tga 400 130 128 120> Удаленький",,,ModItemInventoryItemCompositeDef Scorpion AdditionalHint
551535604372,Мини Узи,,,ModItemInventoryItemCompositeDef MicroUZI DisplayName
492773756154,Мини Узи,,,ModItemInventoryItemCompositeDef MicroUZI DisplayNamePlural
111329132858,"Максимально компактный и скорострельный израильский пистолет-пулемет. На тот случай, если вы должны кому-то денег и ""гости"" приехали на лифте. Не сметь работать в шабат!",,,ModItemInventoryItemCompositeDef MicroUZI Description
305727013459,"<image UI/Conversation/T_Dialogue_IconBackgroundCircle.tga 400 130 128 120> Одноручный
<image UI/Conversation/T_Dialogue_IconBackgroundCircle.tga 400 130 128 120> Складной приклад
<image UI/Conversation/T_Dialogue_IconBackgroundCircle.tga 400 130 128 120> Скорострельный
<image UI/Conversation/T_Dialogue_IconBackgroundCircle.tga 400 130 128 120> УЗИшка",,,ModItemInventoryItemCompositeDef MicroUZI AdditionalHint
612255777676,MAC-10,,,ModItemInventoryItemCompositeDef MAC10 DisplayName
799100522418,MAC-10,,,ModItemInventoryItemCompositeDef MAC10 DisplayNamePlural
500943915358,"Компактный скорострельный американский автомат, сделанный под влиянием УЗИ. Его качества делают его максимально удобным для действий в замкнутых пространствах, заполненных людьми. Например, при захвате заложников в самолете. В смысле, освобождении захваченного самолета.",,,ModItemInventoryItemCompositeDef MAC10 Description
104635909892,"<image UI/Conversation/T_Dialogue_IconBackgroundCircle.tga 400 130 128 120> Одноручный
<image UI/Conversation/T_Dialogue_IconBackgroundCircle.tga 400 130 128 120> Складной приклад
<image UI/Conversation/T_Dialogue_IconBackgroundCircle.tga 400 130 128 120> Скорострельный
<image UI/Conversation/T_Dialogue_IconBackgroundCircle.tga 400 130 128 120> Как УЗИшка, только не УЗИ",,,ModItemInventoryItemCompositeDef MAC10 AdditionalHint
294278763005,MP5K,,,ModItemInventoryItemCompositeDef MP5K DisplayName
568806073246,MP5K,,,ModItemInventoryItemCompositeDef MP5K DisplayNamePlural
544608570700,"Максимально укороченная версия MP5, созданная для боя на ближних дистанциях и самообороны. Для него даже есть специальный чехол-чемоданчик со спусковым крючком в ручке - на случай секретных операций.",,,ModItemInventoryItemCompositeDef MP5K Description
713555595193,"<image UI/Conversation/T_Dialogue_IconBackgroundCircle.tga 400 130 128 120> Одноручный 
<image UI/Conversation/T_Dialogue_IconBackgroundCircle.tga 400 130 128 120> Без приклада
<image UI/Conversation/T_Dialogue_IconBackgroundCircle.tga 400 130 128 120> MP5-Короткий",,,ModItemInventoryItemCompositeDef MP5K AdditionalHint
408152361455,TMP,,,ModItemInventoryItemCompositeDef TMP DisplayName
432962097320,TMP,,,ModItemInventoryItemCompositeDef TMP DisplayNamePlural
484204389251,"Современный ""маленький да удаленький"" ПП австрийского производства. Изготовлен из высокопрочных полимеров, и является очень удобным оружием, хорошо контролируемым при автоматической стрельбе.",,,ModItemInventoryItemCompositeDef TMP Description
887308010165,"<image UI/Conversation/T_Dialogue_IconBackgroundCircle.tga 400 130 128 120>Одноручный
<image UI/Conversation/T_Dialogue_IconBackgroundCircle.tga 400 130 128 120> Без приклада
<image UI/Conversation/T_Dialogue_IconBackgroundCircle.tga 400 130 128 120> Скорострельный",,,ModItemInventoryItemCompositeDef TMP AdditionalHint
584704183227,MP7,,,ModItemInventoryItemCompositeDef MP7 DisplayName
150579573516,MP7,,,ModItemInventoryItemCompositeDef MP7 DisplayNamePlural
174939633208,"Прямой конкурент бельгийского P90 за звание главного PDWаста в блоке НАТО. Внутри устроен как настоящая большая винтовка, что дает неплохую мощность при использовании патронов малого калибра. ",,,ModItemInventoryItemCompositeDef MP7 Description
142265159773,"<image UI/Conversation/T_Dialogue_IconBackgroundCircle.tga 400 130 128 120> Топовый
<image UI/Conversation/T_Dialogue_IconBackgroundCircle.tga 400 130 128 120> Одноручный
<image UI/Conversation/T_Dialogue_IconBackgroundCircle.tga 400 130 128 120> Складной приклад
<image UI/Conversation/T_Dialogue_IconBackgroundCircle.tga 400 130 128 120> Скорострельный
<image UI/Conversation/T_Dialogue_IconBackgroundCircle.tga 400 130 128 120> Надежный",,,ModItemInventoryItemCompositeDef MP7 AdditionalHint
142435704728,Winchester 1894,,,ModItemInventoryItemCompositeDef Winchester1894 DisplayName
875798522299,Winchester 1894,,,ModItemInventoryItemCompositeDef Winchester1894 DisplayNamePlural
534013565696,"Классическая винтовка прямиком из фильмов про ковбоев и индейцев. Подствольный трубчатый магазин вмещает больше патронов, чем в обычной винтовке с продольно-скользящим затвором. Как она очутилась в здешних краях - тайна, покрытая мраком.",,,ModItemInventoryItemCompositeDef Winchester1894 Description
697050056619,"<image UI/Conversation/T_Dialogue_IconBackgroundCircle.tga 400 130 128 120> Сорок четвертый 
<image UI/Conversation/T_Dialogue_IconBackgroundCircle.tga 400 130 128 120> Может стрелять в движении 
<image UI/Conversation/T_Dialogue_IconBackgroundCircle.tga 400 130 128 120> Точный 
<image UI/Conversation/T_Dialogue_IconBackgroundCircle.tga 400 130 128 120> Неудобный",,,ModItemInventoryItemCompositeDef Winchester1894 AdditionalHint
142435704728,Карбайн,,,ModItemInventoryItemCompositeDef M2Carbine DisplayName
875798522299,Карбайн,,,ModItemInventoryItemCompositeDef M2Carbine DisplayNamePlural
534013565696,"Еще не настоящий промежуточный патрон, в том понимании, каким он был у СТГ-44 или Калашникова, но по концепции - очень даже настоящий промежуточный карабин. Меньше вес патрона - больше боекомплект. Больше боекомплект - выше плотность огня. Вот вам еще десантный вариант со складным прикладом, штурмовой с автоогнем, и специальный с ночным прицелом.",,,ModItemInventoryItemCompositeDef M2Carbine Description
697050056619,"<image UI/Conversation/T_Dialogue_IconBackgroundCircle.tga 400 130 128 120> Может стрелять в движении 
<image UI/Conversation/T_Dialogue_IconBackgroundCircle.tga 400 130 128 120> Можно переделать в автомат 
<image UI/Conversation/T_Dialogue_IconBackgroundCircle.tga 400 130 128 120> Неудобный",,,ModItemInventoryItemCompositeDef M2Carbine AdditionalHint
732531674185,De Lisle Carbine,,,ModItemInventoryItemCompositeDef DeLisle DisplayName
707630654921,De Lisle Carbines,,,ModItemInventoryItemCompositeDef DeLisle DisplayNamePlural
748776660318,"Карабин ""Де Лизла"" (или Де Лайла, как его читают на своем британском английском) представляет собой первый серийный образец оружия с интегрированным глушителем. В конструкции использовались элементы трех различных серийных видов оружия: затвор от Lee-Enfield Мk III, магазин от пистолета Colt 1911 и  ствол от автомата Томпсона.",,,ModItemInventoryItemCompositeDef DeLisle Description
809109013984,"<image UI/Conversation/T_Dialogue_IconBackgroundCircle.tga 400 130 128 120> Бесшумный 
<image UI/Conversation/T_Dialogue_IconBackgroundCircle.tga 400 130 128 120> Неудобный",,,ModItemInventoryItemCompositeDef DeLisle AdditionalHint
732531674185,Мини-14,,,ModItemInventoryItemCompositeDef Mini14 DisplayName
707630654921,Мини-14,,,ModItemInventoryItemCompositeDef Mini14 DisplayNamePlural
250336798974,"Облегченный уменьшенный карабин на базе армейской винтовки М14, максимально доступен для гражданского стрелка - от охоты и самообороны, до обучения стрельбе в тире. Валовый карабин требует серьезной доводки напильником.",,,ModItemInventoryItemCompositeDef Mini14 Description
873632115793,"<image UI/Conversation/T_Dialogue_IconBackgroundCircle.tga 400 130 128 120> Может стрелять в движении 
<image UI/Conversation/T_Dialogue_IconBackgroundCircle.tga 400 130 128 120> Можно переделать в автомат 
<image UI/Conversation/T_Dialogue_IconBackgroundCircle.tga 400 130 128 120> Дальнобойный",,,ModItemInventoryItemCompositeDef Mini14 AdditionalHint
998078359086,Zastava M92,,,ModItemInventoryItemCompositeDef ZastavaM92 DisplayName
395524774639,Zastava M92,,,ModItemInventoryItemCompositeDef ZastavaM92 DisplayNamePlural
970341728549,"Коротыш под 7.62х39мм патрон. В отличие от мифического советско-российского варианта АКМСУ (который никогда не выпускался), этот реально существует и готов доказать это, проделав пару десятков дырок в телах ваших врагов.",,,ModItemInventoryItemCompositeDef ZastavaM92 Description
646099169815,"<image UI/Conversation/T_Dialogue_IconBackgroundCircle.tga 400 130 128 120> Короткий автомат под ""семерку"" 
<image UI/Conversation/T_Dialogue_IconBackgroundCircle.tga 400 130 128 120> Сильная отдача",,,ModItemInventoryItemCompositeDef ZastavaM92 AdditionalHint
472829589737,CAR-15,,,ModItemInventoryItemCompositeDef CAR15 DisplayName
239679390077,CAR-15,,,ModItemInventoryItemCompositeDef CAR15 DisplayNamePlural
651620241290,"Ранний вариант Colt Commando, на базе винтовки М16А1, получившийся путем обрезания половины ствола. Компактный автомат с громким звуком и большой вспышкой. Не для использования в помещениях.",,,ModItemInventoryItemCompositeDef CAR15 Description
903563519505,"<image UI/Conversation/T_Dialogue_IconBackgroundCircle.tga 400 130 128 120> Низкая убойность 
<image UI/Conversation/T_Dialogue_IconBackgroundCircle.tga 400 130 128 120> Быстро стреляет 
<image UI/Conversation/T_Dialogue_IconBackgroundCircle.tga 400 130 128 120> Ненадежный",,,ModItemInventoryItemCompositeDef CAR15 AdditionalHint
577304701436,АКС-74У,,,ModItemInventoryItemCompositeDef AKSU DisplayName
414808149310,АКС-74У,,,ModItemInventoryItemCompositeDef AKSU DisplayNamePlural
215661822488,"Укороченная версия AK-74, предназначенная для бойцов спецназа и экипажей техники. Для нее пришлось разработать новый газовый двигатель и дульное устройство-дожигатель. Американцы называют эту модель «Krinkov», но у русских в ходу более звучные названия - «Ксюха», а иногда и «Сучка». И да, для АКСУ существует набедренная кобура.",,,ModItemInventoryItemCompositeDef AKSU Description
925607521276,"<image UI/Conversation/T_Dialogue_IconBackgroundCircle.tga 400 130 128 120> Короткий автомат под ""пятерку""",,,ModItemInventoryItemCompositeDef AKSU AdditionalHint
464450575707,M4A1,,,ModItemInventoryItemCompositeDef M4A1 DisplayName
108497703803,M4A1,,,ModItemInventoryItemCompositeDef M4A1 DisplayNamePlural
737944122811,"Основной карабин армии США и десятков других, и, скорее всего, останется им еще на долгое время, несмотря на неоднократно высказываемые претензии к недостаточной надежности в суровых условиях эксплуатации.",,,ModItemInventoryItemCompositeDef M4A1 Description
609073273191,"<image UI/Conversation/T_Dialogue_IconBackgroundCircle.tga 400 130 128 120> Точный 
<image UI/Conversation/T_Dialogue_IconBackgroundCircle.tga 400 130 128 120> Дальнобойный 
<image UI/Conversation/T_Dialogue_IconBackgroundCircle.tga 400 130 128 120> Может стрелять в движении 
<image UI/Conversation/T_Dialogue_IconBackgroundCircle.tga 400 130 128 120> Универсальный обвес",,,ModItemInventoryItemCompositeDef M4A1 AdditionalHint
164978166764,G36c,,,ModItemInventoryItemCompositeDef G36c DisplayName
985251261053,G36c,,,ModItemInventoryItemCompositeDef G36c DisplayNamePlural
742518516674,"Ультракороткий вариант G36 в компоновке ""коммандо"". Вместо фирменного оптико-электронного прицела и ручки для переноски - универсальная планка. Как и любое оружие этого класса - компактный, но чересчур шумный.",,,ModItemInventoryItemCompositeDef G36c Description
354147184590,"<image UI/Conversation/T_Dialogue_IconBackgroundCircle.tga 400 130 128 120> Надежный 
<image UI/Conversation/T_Dialogue_IconBackgroundCircle.tga 400 130 128 120> Может стрелять в движении 
<image UI/Conversation/T_Dialogue_IconBackgroundCircle.tga 400 130 128 120> Универсальный обвес",,,ModItemInventoryItemCompositeDef G36c AdditionalHint
851891287061,ВСС,,,ModItemInventoryItemCompositeDef VSS DisplayName
752413737694,ВСС,,,ModItemInventoryItemCompositeDef VSS DisplayNamePlural
339208756765,"Культовая среди спецназовцев и геймеров всех мастей советская и российская бесшумная снайперская винтовка. Громкость звука выстрела из нее на уровне звука пневматической винтовки. К огромному сожалению, как и ""Вал"", на экспорт Россией не продается.",,,ModItemInventoryItemCompositeDef VSS Description
793881185551,"<image UI/Conversation/T_Dialogue_IconBackgroundCircle.tga 400 130 128 120> Точный 
<image UI/Conversation/T_Dialogue_IconBackgroundCircle.tga 400 130 128 120> Может стрелять очередями 
<image UI/Conversation/T_Dialogue_IconBackgroundCircle.tga 400 130 128 120> Бесшумный 
<image UI/Conversation/T_Dialogue_IconBackgroundCircle.tga 400 130 128 120> Иди своей дорогой, сталкер...",,,ModItemInventoryItemCompositeDef VSS AdditionalHint
829842196548,Sig 552,,,ModItemInventoryItemCompositeDef Sig552 DisplayName
668776562271,Sig 552,,,ModItemInventoryItemCompositeDef Sig552 DisplayNamePlural
264662710858,Ультракомпактный автомат производства SIG с классической компоновкой и не менее классической газоотводной системой. Серьезное дорогое оружие.,,,ModItemInventoryItemCompositeDef Sig552 Description
859037642619,"<image UI/Conversation/T_Dialogue_IconBackgroundCircle.tga 400 130 128 120> Удобный 
<image UI/Conversation/T_Dialogue_IconBackgroundCircle.tga 400 130 128 120> Надежный 
<image UI/Conversation/T_Dialogue_IconBackgroundCircle.tga 400 130 128 120> Точный 
<image UI/Conversation/T_Dialogue_IconBackgroundCircle.tga 400 130 128 120> Дальнобойный",,,ModItemInventoryItemCompositeDef Sig552 AdditionalHint
834623031798,Sig 552 SWAT,,,ModItemInventoryItemCompositeDef Sig552SWAT DisplayName
188243913550,Sig 552 SWAT,,,ModItemInventoryItemCompositeDef Sig552SWAT DisplayNamePlural
128465089412,Короткоствольный автомат SIG 552 в конфигурации SWAT. Контр-террористы победили.,,,ModItemInventoryItemCompositeDef Sig552SWAT Description
348107856485,"<image UI/Conversation/T_Dialogue_IconBackgroundCircle.tga 400 130 128 120> Удобный 
<image UI/Conversation/T_Dialogue_IconBackgroundCircle.tga 400 130 128 120> Надежный 
<image UI/Conversation/T_Dialogue_IconBackgroundCircle.tga 400 130 128 120> Точный 
<image UI/Conversation/T_Dialogue_IconBackgroundCircle.tga 400 130 128 120> Быстро стреляет",,,ModItemInventoryItemCompositeDef Sig552SWAT AdditionalHint
262214168219,АС-ВАЛ,,,ModItemInventoryItemCompositeDef AS_Val DisplayName
590065014153,АС-ВАЛ,,,ModItemInventoryItemCompositeDef AS_Val DisplayNamePlural
411194291005,"Оружие, не имеющее аналогов в мире, или, по крайней мере не имевшее их до распространения патрона .300 Blackout. Да и на сегодняшний день является лучшим специальным автоматом подобного типа.",,,ModItemInventoryItemCompositeDef AS_Val Description
139973629199,"<image UI/Conversation/T_Dialogue_IconBackgroundCircle.tga 400 130 128 120> Может стрелять очередями 
<image UI/Conversation/T_Dialogue_IconBackgroundCircle.tga 400 130 128 120> Бесшумный 
<image UI/Conversation/T_Dialogue_IconBackgroundCircle.tga 400 130 128 120> Высокая убойность",,,ModItemInventoryItemCompositeDef AS_Val AdditionalHint
250655452748,StG-44,,,ModItemInventoryItemCompositeDef STG44 DisplayName
153918269049,StG-44,,,ModItemInventoryItemCompositeDef STG44 DisplayNamePlural
110936392470,"Первый в мире серийный автомат, или штурмовая винтовка. Собсно, ""Штурмгевер"" и означает штурмовая винтовка (говорят, Гитлер лично придумал, но больше похоже на байку). Несмотря на то, что на ход войны вундервафля уже влияния не оказала, именно на ней была опробована и успешно получила развитие идея ""промежуточного"" патрона.",,,ModItemInventoryItemCompositeDef STG44 Description
160551721775,"<image UI/Conversation/T_Dialogue_IconBackgroundCircle.tga 400 130 128 120> Первый 
<image UI/Conversation/T_Dialogue_IconBackgroundCircle.tga 400 130 128 120> Старый 
<image UI/Conversation/T_Dialogue_IconBackgroundCircle.tga 400 130 128 120> Неудобный 
<image UI/Conversation/T_Dialogue_IconBackgroundCircle.tga 400 130 128 120> Точный 
<image UI/Conversation/T_Dialogue_IconBackgroundCircle.tga 400 130 128 120> Ненадежный",,,ModItemInventoryItemCompositeDef STG44 AdditionalHint
250655452748,Type 56,,,ModItemInventoryItemCompositeDef Type56 DisplayName
153918269049,Type 56,,,ModItemInventoryItemCompositeDef Type56 DisplayNamePlural
110936392470,"Пиратская, в смысле, китайская копия советского автомата АКС. Имеет складной вниз, либо фиксированный деревянный приклад и фрезерованную ствольную коробку. Качество разнится от нестреляющей рухляди до вполне приличного автомата. Длинный игольчатый штык призван делать канапе из лаоваев.",,,ModItemInventoryItemCompositeDef Type56 Description
202927839636,"<image UI/Conversation/T_Dialogue_IconBackgroundCircle.tga 400 130 128 120> ""Опять китайское дерьмо"" © Стив Борнелл",,,ModItemInventoryItemCompositeDef Type56 AdditionalHint
775007485793,M16A1,,,ModItemInventoryItemCompositeDef M16A1 DisplayName
720763685329,M16A1,,,ModItemInventoryItemCompositeDef M16A1 DisplayNamePlural
291276979254,"Ранний вариант винтовки М16 (AR15), принятый на вооружение US Army в далеком 1967 году. Из-за стремления этой самой US Army сэкономить, винтовка получила кучу проблем с надежностью, отмыть от которых репутацию она не может до сих пор.",,,ModItemInventoryItemCompositeDef M16A1 Description
242556118888,"<image UI/Conversation/T_Dialogue_IconBackgroundCircle.tga 400 130 128 120> Точный 
<image UI/Conversation/T_Dialogue_IconBackgroundCircle.tga 400 130 128 120> Ненадежный 
<image UI/Conversation/T_Dialogue_IconBackgroundCircle.tga 400 130 128 120> Счастливый сын",,,ModItemInventoryItemCompositeDef M16A1 AdditionalHint
781657382465,Zastava M70,,,ModItemInventoryItemCompositeDef Zastava_M70 DisplayName
288131795255,Zastava M70,,,ModItemInventoryItemCompositeDef Zastava_M70 DisplayNamePlural
387786738837,"Югославская лицензионная копия советского автомата АКМ. Братушки не стали изобретать велосипед, и в итоге их автоматы почти такие же классные, как и советские. Из заметных отличий разве что устройство для стрельбы винтовочными гранатами, остальной обвес полностью взаимозаменяем.",,,ModItemInventoryItemCompositeDef Zastava_M70 Description
272774945644,"<image UI/Conversation/T_Dialogue_IconBackgroundCircle.tga 400 130 128 120> Как калаш 
<image UI/Conversation/T_Dialogue_IconBackgroundCircle.tga 400 130 128 120> Убойный 
<image UI/Conversation/T_Dialogue_IconBackgroundCircle.tga 400 130 128 120> В остальном похуже",,,ModItemInventoryItemCompositeDef Zastava_M70 AdditionalHint
730384992135,FAMAS,,,ModItemInventoryItemCompositeDef FAMAS DisplayName
514684930452,FAMAS,,,ModItemInventoryItemCompositeDef FAMAS DisplayNamePlural
141454068995,"Вся утилитарность и эргономичность буллпап-дизайна. Конструкторы планировали, что магазины для винтовки будут одноразовые и выбрасываться после использования, но даже самый лучший план не в состоянии пережить встречи с реальностью: солдаты начали повторно использовать магазины, что, разумеется, привело к куче разных проблем. Поэтому позже пришлось разрабатывать более прочный магазин.",,,ModItemInventoryItemCompositeDef FAMAS Description
998151280081,"<image UI/Conversation/T_Dialogue_IconBackgroundCircle.tga 400 130 128 120> Удобный 
<image UI/Conversation/T_Dialogue_IconBackgroundCircle.tga 400 130 128 120> Скорострельный 
<image UI/Conversation/T_Dialogue_IconBackgroundCircle.tga 400 130 128 120> Сильная отдача 
<image UI/Conversation/T_Dialogue_IconBackgroundCircle.tga 400 130 128 120> Ненадежный",,,ModItemInventoryItemCompositeDef FAMAS AdditionalHint
506098327802,M16A2,,,ModItemInventoryItemCompositeDef M16A2 DisplayName
919482370189,M16A2,,,ModItemInventoryItemCompositeDef M16A2 DisplayNamePlural
206041732514,"Пожалуй, самый легендарный образец западного огнестрельного оружия. М16 была первой винтовкой под патрон 5,56 НАТО, разработанный специально под ее 20-дюймовый ствол. Высокая скорость полета пули обеспечивает как точность на дальних дистанциях, так и удобство стрельбы очередями, хоть М16 и проигрывает в убойной силе своему основному конкуренту, АК-47. Главное, не обращайте внимания на досылатель патрона...",,,ModItemInventoryItemCompositeDef M16A2 Description
967388007174,"<image UI/Conversation/T_Dialogue_IconBackgroundCircle.tga 400 130 128 120> Точный 
<image UI/Conversation/T_Dialogue_IconBackgroundCircle.tga 400 130 128 120> Дальнобойный 
<image UI/Conversation/T_Dialogue_IconBackgroundCircle.tga 400 130 128 120> Отсечка по три",,,ModItemInventoryItemCompositeDef M16A2 AdditionalHint
152496614613,АК47,,,ModItemInventoryItemCompositeDef AK47 DisplayName
949478428457,АК47,,,ModItemInventoryItemCompositeDef AK47 DisplayNamePlural
891232355554,"Если где-то в мире случается конфликт, вы точно найдете там АК-47. Это аксиома. Старый-добрый «калаш» неприхотлив, прост в использовании, надежен и стоит гроши. Статистика утверждает, что в мире водится более 75 миллионов экземпляров этого зверя.",,,ModItemInventoryItemCompositeDef AK47 Description
435712410326,"<image UI/Conversation/T_Dialogue_IconBackgroundCircle.tga 400 130 128 120> Убойный 
<image UI/Conversation/T_Dialogue_IconBackgroundCircle.tga 400 130 128 120> Надежный 
<image UI/Conversation/T_Dialogue_IconBackgroundCircle.tga 400 130 128 120> Это АК, АК-47",,,ModItemInventoryItemCompositeDef AK47 AdditionalHint
257808768357,AKM,,,ModItemInventoryItemCompositeDef AKM DisplayName
722956910106,AKM,,,ModItemInventoryItemCompositeDef AKM DisplayNamePlural
608879436685,Второе поколение автоматов Калашникова с максимально обкатанной и оптимизированной технологией производства. Именно этот автомат стал символом освобождения мирового пролетариата от мирового империализма.,,,ModItemInventoryItemCompositeDef AKM Description
350741631140,"<image UI/Conversation/T_Dialogue_IconBackgroundCircle.tga 400 130 128 120> Убойный 
<image UI/Conversation/T_Dialogue_IconBackgroundCircle.tga 400 130 128 120> Надежный 
<image UI/Conversation/T_Dialogue_IconBackgroundCircle.tga 400 130 128 120> Твой самый лучший товарищ",,,ModItemInventoryItemCompositeDef AKM AdditionalHint
918715946710,HK33,,,ModItemInventoryItemCompositeDef HK33 DisplayName
551664372478,HK33,,,ModItemInventoryItemCompositeDef HK33 DisplayNamePlural
864975846345,"Винтовка с полусвободным затвором на основе винтовки G3 под новый тогда патрон .223 Remington. Самими немцами не используется, но получила распространение в странах третьего мира. Производится, например, по лицензии в той-же Турции.",,,ModItemInventoryItemCompositeDef HK33 Description
747191951831,"<image UI/Conversation/T_Dialogue_IconBackgroundCircle.tga 400 130 128 120> Маленькая G3 
<image UI/Conversation/T_Dialogue_IconBackgroundCircle.tga 400 130 128 120> Надежная 
<image UI/Conversation/T_Dialogue_IconBackgroundCircle.tga 400 130 128 120> Быстро стреляет",,,ModItemInventoryItemCompositeDef HK33 AdditionalHint
489350715496,АК74,,,ModItemInventoryItemCompositeDef AK74 DisplayName
261108237192,АК74,,,ModItemInventoryItemCompositeDef AK74 DisplayNamePlural
903430945152,"В районе 1974 года советские конструкторы обновили классический дизайн «калаша» - так и появился на свет этот красавец. В него внесли много изменений, но сердце механизма - газовый поршень длинного хода - осталось в оригинальном виде.",,,ModItemInventoryItemCompositeDef AK74 Description
216627067101,"<image UI/Conversation/T_Dialogue_IconBackgroundCircle.tga 400 130 128 120> Слабая отдача 
<image UI/Conversation/T_Dialogue_IconBackgroundCircle.tga 400 130 128 120> Надежный 
<image UI/Conversation/T_Dialogue_IconBackgroundCircle.tga 400 130 128 120> Быстро стреляет 
<image UI/Conversation/T_Dialogue_IconBackgroundCircle.tga 400 130 128 120> Лучшее оружие для вашей войны.",,,ModItemInventoryItemCompositeDef AK74 AdditionalHint
443884035280,AUG,,,ModItemInventoryItemCompositeDef AUG DisplayName
436671177991,AUG,,,ModItemInventoryItemCompositeDef AUG DisplayNamePlural
593752347727,"Винтовка в комплектации буллпап, изготовленная из немереного количества пластика (и одна из первых попыток создать винтовку с интегрированной оптикой). Является, можно сказать, воплощением идеи перехода от тяжелых и громоздких боевых винтовок калибра 7.62 к более легким штурмовым винтовкам под патрон 5,56 НАТО.",,,ModItemInventoryItemCompositeDef AUG Description
315789426196,"<image UI/Conversation/T_Dialogue_IconBackgroundCircle.tga 400 130 128 120> Удобный 
<image UI/Conversation/T_Dialogue_IconBackgroundCircle.tga 400 130 128 120> Точный 
<image UI/Conversation/T_Dialogue_IconBackgroundCircle.tga 400 130 128 120> Сильная отдача 
<image UI/Conversation/T_Dialogue_IconBackgroundCircle.tga 400 130 128 120> Скорострельный",,,ModItemInventoryItemCompositeDef AUG AdditionalHint
403087186042,M16A4,,,ModItemInventoryItemCompositeDef M16A4 DisplayName
684216400032,M16A4,,,ModItemInventoryItemCompositeDef M16A4 DisplayNamePlural
332382553568,"Современный вариант известной американской винтовки М16. Индекс А4 - означает наличие планки Пикатини вместо маскотной несъемной рукоятки для переноски. Кроме того, винтовка оборудована широким набором других посадочных мест для улучшения ""кастомизации"" конкретной винтовки под задачи конкретного бойца.",,,ModItemInventoryItemCompositeDef M16A4 Description
315157271455,"<image UI/Conversation/T_Dialogue_IconBackgroundCircle.tga 400 130 128 120> Точный 
<image UI/Conversation/T_Dialogue_IconBackgroundCircle.tga 400 130 128 120> Дальнобойный 
<image UI/Conversation/T_Dialogue_IconBackgroundCircle.tga 400 130 128 120> Отсечка по три 
<image UI/Conversation/T_Dialogue_IconBackgroundCircle.tga 400 130 128 120> Слабая отдача 
<image UI/Conversation/T_Dialogue_IconBackgroundCircle.tga 400 130 128 120> Архивраг калаша",,,ModItemInventoryItemCompositeDef M16A4 AdditionalHint
637644235374,G36,,,ModItemInventoryItemCompositeDef G36 DisplayName
493010224161,G36,,,ModItemInventoryItemCompositeDef G36 DisplayNamePlural
514897379898,"Футуристичного вида штурмовая винтовка с интегрированной двойной системой прицеливания. Газовый поршень короткого хода и патрон 5,56 НАТО - что еще нужно для стабильной, прицельной стрельбы?",,,ModItemInventoryItemCompositeDef G36 Description
590205659814,"<image UI/Conversation/T_Dialogue_IconBackgroundCircle.tga 400 130 128 120> Умеренно точный 
<image UI/Conversation/T_Dialogue_IconBackgroundCircle.tga 400 130 128 120> Умеренно надежный 
<image UI/Conversation/T_Dialogue_IconBackgroundCircle.tga 400 130 128 120> Умеренно скорострельный 
<image UI/Conversation/T_Dialogue_IconBackgroundCircle.tga 400 130 128 120> Das ist gut",,,ModItemInventoryItemCompositeDef G36 AdditionalHint
937651754900,Sig 550,,,ModItemInventoryItemCompositeDef Sig550 DisplayName
501240162927,Sig 550,,,ModItemInventoryItemCompositeDef Sig550 DisplayNamePlural
453269317328,"Что получится, если АК попытаются изобрести в Швейцарии? Получится одна из самых крутых современных армейских винтовок. Классическая компоновка. Простота конструкции. Швейцарская точность и надежность. Никаких понтов.",,,ModItemInventoryItemCompositeDef Sig550 Description
534112939755,"<image UI/Conversation/T_Dialogue_IconBackgroundCircle.tga 400 130 128 120> Точный 
<image UI/Conversation/T_Dialogue_IconBackgroundCircle.tga 400 130 128 120> Надежный 
<image UI/Conversation/T_Dialogue_IconBackgroundCircle.tga 400 130 128 120> Дальнобойный 
<image UI/Conversation/T_Dialogue_IconBackgroundCircle.tga 400 130 128 120> Можно забрать домой после срочной службы",,,ModItemInventoryItemCompositeDef Sig550 AdditionalHint
518572936824,Sig 550 RIS,,,ModItemInventoryItemCompositeDef Sig550Custom DisplayName
927601720702,Sig 550 RIS,,,ModItemInventoryItemCompositeDef Sig550Custom DisplayNamePlural
755003574664,"Вариант винтовки SIG 500 в современном кастомном обвесе, позволяющем установить дополнительные приспособления. Стильно, модно, молодежно. Даже завидно.",,,ModItemInventoryItemCompositeDef Sig550Custom Description
155361024222,"<image UI/Conversation/T_Dialogue_IconBackgroundCircle.tga 400 130 128 120> Точный 
<image UI/Conversation/T_Dialogue_IconBackgroundCircle.tga 400 130 128 120> Надежный 
<image UI/Conversation/T_Dialogue_IconBackgroundCircle.tga 400 130 128 120> Быстро стреляет 
<image UI/Conversation/T_Dialogue_IconBackgroundCircle.tga 400 130 128 120> Слабая отдача",,,ModItemInventoryItemCompositeDef Sig550Custom AdditionalHint
984198719423,АН-94,,,ModItemInventoryItemCompositeDef AN94 DisplayName
109738952074,АН-94,,,ModItemInventoryItemCompositeDef AN94 DisplayNamePlural
771749268124,"При помощи лафетной системы или системы ""смещенного по времени импульса отдачи"" достигается максимальная кучность стрельбы из автомата Никонова очередью в два патрона с темпом 1800 выстрелов/мин, при стрельбе из неустойчивых положений. В голове не укладывается, что Никонов по-настоящему прошел начатый еще в СССР конкурс и был принят на вооружение, чего, прямо скажем, не способен сделать ни один из автоматов НАТО.",,,ModItemInventoryItemCompositeDef AN94 Description
474207434755,"<image UI/Conversation/T_Dialogue_IconBackgroundCircle.tga 400 130 128 120> Лупит двойками в одну точку 
<image UI/Conversation/T_Dialogue_IconBackgroundCircle.tga 400 130 128 120> Прошел советский оружейный конкурс 
<image UI/Conversation/T_Dialogue_IconBackgroundCircle.tga 400 130 128 120> Шедевр оружейной мысли",,,ModItemInventoryItemCompositeDef AN94 AdditionalHint
265028974011,BAR,,,ModItemInventoryItemCompositeDef BAR DisplayName
414328375447,BAR,,,ModItemInventoryItemCompositeDef BAR DisplayNamePlural
588154036612,"Джон Мозес Браунинг конечно гений, и все такой, но вот с разработкой BAR он явно опоздал. Концепция ""ружья-пулемета"", как в автомате Федорова или пулемете Гочкисса к началу 30-х годов уже безнадежно устарела, и потому BAR выглядит как неуклюжий косплей ручного пулемета, будучи слишком тяжелым для автоматической винтовки. Говорят, с тех пор американцы делать пулеметы так и не научились.",,,ModItemInventoryItemCompositeDef BAR Description
657931851868,"<image UI/Conversation/T_Dialogue_IconBackgroundCircle.tga 400 130 128 120> Ружье-недопулемет 
<image UI/Conversation/T_Dialogue_IconBackgroundCircle.tga 400 130 128 120> Неудобный 
<image UI/Conversation/T_Dialogue_IconBackgroundCircle.tga 400 130 128 120> Сильная отдача 
<image UI/Conversation/T_Dialogue_IconBackgroundCircle.tga 400 130 128 120> Дальнобойный",,,ModItemInventoryItemCompositeDef BAR AdditionalHint
265028974011,FG42,,,ModItemInventoryItemCompositeDef FG42 DisplayName
414328375447,FG42,,,ModItemInventoryItemCompositeDef FG42 DisplayNamePlural
588154036612,"Оружие элиты вооруженных сил Германии в ВМВ - парашютистов Люфтваффе. Винтовка реализует концепцию ""все свое ношу с собой"" - тут и компоновка с магазином слева для компактности, и длинный ход поршня с поворотным затвором для надежности, и автоматический огонь для плотности, и оптический прицел для точности, и дульная мортирка для гранатометности, и сошки для лежкости, и даже штык для сувания в почку. И много-много рейхсмарок в смете.",,,ModItemInventoryItemCompositeDef FG42 Description
657931851868,"<image UI/Conversation/T_Dialogue_IconBackgroundCircle.tga 400 130 128 120> Винтовка десантника 
<image UI/Conversation/T_Dialogue_IconBackgroundCircle.tga 400 130 128 120> Ненадежный 
<image UI/Conversation/T_Dialogue_IconBackgroundCircle.tga 400 130 128 120> Убойный",,,ModItemInventoryItemCompositeDef FG42 AdditionalHint
114038317284,AR-10,,,ModItemInventoryItemCompositeDef AR10 DisplayName
493280640968,AR-10,,,ModItemInventoryItemCompositeDef AR10 DisplayNamePlural
545373411773,"AR-10 - Оригинальная разработка Юджина Стоунера, в свое время не успела попасть на ""раздачу слонов"" и проиграла в конкурсе винтовке М14, но вернулась уже в уменьшенном виде под малоимпульсный патрон как М16. В наше время же активно выпускается разными фирмами для полиции и граждан.",,,ModItemInventoryItemCompositeDef AR10 Description
916714653024,"<image UI/Conversation/T_Dialogue_IconBackgroundCircle.tga 400 130 128 120> Средней точности 
<image UI/Conversation/T_Dialogue_IconBackgroundCircle.tga 400 130 128 120> Среднего удобства 
<image UI/Conversation/T_Dialogue_IconBackgroundCircle.tga 400 130 128 120> Средней надежности 
<image UI/Conversation/T_Dialogue_IconBackgroundCircle.tga 400 130 128 120> Слабая отдача для .308",,,ModItemInventoryItemCompositeDef AR10 AdditionalHint
383581760129,M-14,,,ModItemInventoryItemCompositeDef M14SAW DisplayName
745121894841,M-14,,,ModItemInventoryItemCompositeDef M14SAW DisplayNamePlural
513913385785,"Глубоко модифицированная винтовка M1 - измененный газовый двигатель, магазинное питание, новый на тот момент (начало 1950х) патрон 7.62х51мм. Винтовка оказалась крайне бесполезной в условиях войны в джунглях, из-за чего была заменена M16.",,,ModItemInventoryItemCompositeDef M14SAW Description
895635386126,"<image UI/Conversation/T_Dialogue_IconBackgroundCircle.tga 400 130 128 120> Запах напалма по утрам. 
<image UI/Conversation/T_Dialogue_IconBackgroundCircle.tga 400 130 128 120> Сильная отдача",,,ModItemInventoryItemCompositeDef M14SAW AdditionalHint
830855995643,FN-FAL,,,ModItemInventoryItemCompositeDef FNFAL DisplayName
524521633497,FN-FAL,,,ModItemInventoryItemCompositeDef FNFAL DisplayNamePlural
341778467277,"Винтовка FN FAL (Fusil Autamatique Leger - Легкая Автоматическая Винтовка). Своеобразный символ НАТО - производилась в более чем 20 странах, состояла на вооружении в более чем 70 странах. Среди наемников AIM имеет ласковое прозвище - ""фалочка"".",,,ModItemInventoryItemCompositeDef FNFAL Description
420376793354,"<image UI/Conversation/T_Dialogue_IconBackgroundCircle.tga 400 130 128 120> Фалочка Точная 
<image UI/Conversation/T_Dialogue_IconBackgroundCircle.tga 400 130 128 120> Фалочка Убойная 
<image UI/Conversation/T_Dialogue_IconBackgroundCircle.tga 400 130 128 120> Фалочка Молодец",,,ModItemInventoryItemCompositeDef FNFAL AdditionalHint
268498479614,Galil,,,ModItemInventoryItemCompositeDef Galil DisplayName
204404678981,Galil,,,ModItemInventoryItemCompositeDef Galil DisplayNamePlural
288080233237,"Изначально разрабатывался со встроенной открывашкой, чтобы солдаты не гробили магазины в попытках вскрывать ими бутылки. По какой-то неизвестной причине пытается косплеить АК-47.",,,ModItemInventoryItemCompositeDef Galil Description
770511551101,"<image UI/Conversation/T_Dialogue_IconBackgroundCircle.tga 400 130 128 120> Надежный 
<image UI/Conversation/T_Dialogue_IconBackgroundCircle.tga 400 130 128 120> Быстро стреляет",,,ModItemInventoryItemCompositeDef Galil AdditionalHint
179839012718,G3A3,,,ModItemInventoryItemCompositeDef G3A3 DisplayName
248581813381,G3A3,,,ModItemInventoryItemCompositeDef G3A3 DisplayNamePlural
995185159847,"С 1959 по 1995 годы - основное стрелковое оружие Бундесвера. A3 - поздний серийный вариант, с пластиковым вентилируемым цевьем и барабанным целиком. В основе автоматики - фирменная схема с роликовым замедлением полусвободного затвора. Странным путем пошла эволюция оружия, в то время как у советов уже был автомат под промежуточный патрон.",,,ModItemInventoryItemCompositeDef G3A3 Description
350976395234,"<image UI/Conversation/T_Dialogue_IconBackgroundCircle.tga 400 130 128 120> Надежный 
<image UI/Conversation/T_Dialogue_IconBackgroundCircle.tga 400 130 128 120> Дальнобойный 
<image UI/Conversation/T_Dialogue_IconBackgroundCircle.tga 400 130 128 120> Точный",,,ModItemInventoryItemCompositeDef G3A3 AdditionalHint
555464992529,G3A4,,,ModItemInventoryItemCompositeDef G3A4 DisplayName
690529267847,G3A4,,,ModItemInventoryItemCompositeDef G3A4 DisplayNamePlural
384221107329,"Та же G3A3, но с раздвижным телескопическим прикладом, призванным хоть как-то сократить габариты громоздкой винтовки.",,,ModItemInventoryItemCompositeDef G3A4 Description
816969893415,"<image UI/Conversation/T_Dialogue_IconBackgroundCircle.tga 400 130 128 120> Надежный 
<image UI/Conversation/T_Dialogue_IconBackgroundCircle.tga 400 130 128 120> Дальнобойный 
<image UI/Conversation/T_Dialogue_IconBackgroundCircle.tga 400 130 128 120> Можно сложить приклад",,,ModItemInventoryItemCompositeDef G3A4 AdditionalHint
532780533839,СКС,,,ModItemInventoryItemCompositeDef SKS DisplayName
941296279714,СКС,,,ModItemInventoryItemCompositeDef SKS DisplayNamePlural
410577681665,"Не востребованный в Советской Армии, тем не менее, весьма любим гражданскими стрелками в России за точность боя. Но это капля в море перед маниакальной страстью к нему стрелков в США. Хорошим тоном считается хотя бы один СКС на коллекцию. Хотя бы и китайский.",,,ModItemInventoryItemCompositeDef SKS Description
874658345000,"<image UI/Conversation/T_Dialogue_IconBackgroundCircle.tga 400 130 128 120> Карабин под семерку 
<image UI/Conversation/T_Dialogue_IconBackgroundCircle.tga 400 130 128 120> Надежный 
<image UI/Conversation/T_Dialogue_IconBackgroundCircle.tga 400 130 128 120> Быстро стреляет",,,ModItemInventoryItemCompositeDef SKS AdditionalHint
729447298300,М1 Гаранд,,,ModItemInventoryItemCompositeDef M1Garand DisplayName
830429456946,М1 Гаранд,,,ModItemInventoryItemCompositeDef M1Garand DisplayNamePlural
789944142367,"Американская винтовка М1 конструкции канадца Джона Гаранда занимает достойное место в истории стрелкового оружия как первая самозарядная немагазинная винтовка, принятая на вооружение в качестве основного индивидуального оружия пехоты.",,,ModItemInventoryItemCompositeDef M1Garand Description
546051968989,"<image UI/Conversation/T_Dialogue_IconBackgroundCircle.tga 400 130 128 120> Точный 
<image UI/Conversation/T_Dialogue_IconBackgroundCircle.tga 400 130 128 120> Убойный 
<image UI/Conversation/T_Dialogue_IconBackgroundCircle.tga 400 130 128 120> Неудобный 
<image UI/Conversation/T_Dialogue_IconBackgroundCircle.tga 400 130 128 120> Гаранд бзынь!",,,ModItemInventoryItemCompositeDef M1Garand AdditionalHint
514199755077,СВТ-40,,,ModItemInventoryItemCompositeDef SVT40 DisplayName
625382131145,СВТ-40,,,ModItemInventoryItemCompositeDef SVT40 DisplayNamePlural
683949352379,"""Светлана"" Федоровна Токарева, прошу любить и жаловать. Самозарядная винтовка СССР периода начала ВОВ. ""Света"" оказалась дамой очень капризной и требовательной к уходу, так что с работой в боевых частях Красной армии у нее не заладилось, а вот более подготовленные морские пехотинцы ""Светку"" использовали с удовольствием вплоть до самого конца войны.",,,ModItemInventoryItemCompositeDef SVT40 Description
561907040232,"<image UI/Conversation/T_Dialogue_IconBackgroundCircle.tga 400 130 128 120> Дальнобойный 
<image UI/Conversation/T_Dialogue_IconBackgroundCircle.tga 400 130 128 120> Убойный Неудобный",,,ModItemInventoryItemCompositeDef SVT40 AdditionalHint
915359425469,АВТ-40,,,ModItemInventoryItemCompositeDef AVT40 DisplayName
210255337735,АВТ-40,,,ModItemInventoryItemCompositeDef AVT40 DisplayNamePlural
734026650686,"Автоматическая версия винтовки Токарева. Отличается, собственно, наличием режима полностью автоматического огня. Эффективность этого огня, правда, чрезвычайно низкая, а сама ""Света"" оказалась для стрельбы очередями слишком хрупкой. Найти винтовку в хорошем состоянии не так-то просто.",,,ModItemInventoryItemCompositeDef AVT40 Description
109475921134,"<image UI/Conversation/T_Dialogue_IconBackgroundCircle.tga 400 130 128 120> Дальнобойный 
<image UI/Conversation/T_Dialogue_IconBackgroundCircle.tga 400 130 128 120> Убойный 
<image UI/Conversation/T_Dialogue_IconBackgroundCircle.tga 400 130 128 120> Неудобный 
<image UI/Conversation/T_Dialogue_IconBackgroundCircle.tga 400 130 128 120> Стреляет очередями 
<image UI/Conversation/T_Dialogue_IconBackgroundCircle.tga 400 130 128 120> Сильная отдача 
<image UI/Conversation/T_Dialogue_IconBackgroundCircle.tga 400 130 128 120> Ненадежный",,,ModItemInventoryItemCompositeDef AVT40 AdditionalHint
729447298300,G43,,,ModItemInventoryItemCompositeDef G43 DisplayName
830429456946,G43,,,ModItemInventoryItemCompositeDef G43 DisplayNamePlural
789944142367,"Немецкая самозарядная винтовка периода ВМВ. На конструкцию во многом оказала влияние советская СВТ, как с точки зрения концепции, так и в более приземленном смысле заимстования конструкции газового двигателя.",,,ModItemInventoryItemCompositeDef G43 Description
546051968989,"<image UI/Conversation/T_Dialogue_IconBackgroundCircle.tga 400 130 128 120> Точный 
<image UI/Conversation/T_Dialogue_IconBackgroundCircle.tga 400 130 128 120> Убойный 
<image UI/Conversation/T_Dialogue_IconBackgroundCircle.tga 400 130 128 120> Неудобный 
<image UI/Conversation/T_Dialogue_IconBackgroundCircle.tga 400 130 128 120> Ненадежный",,,ModItemInventoryItemCompositeDef G43 AdditionalHint
729447298300,MAS-49/56,,,ModItemInventoryItemCompositeDef MAS49 DisplayName
830429456946,MAS-49/56,,,ModItemInventoryItemCompositeDef MAS49 DisplayNamePlural
789944142367,"После Второй Мировой Войны деоккупированная Франция нуждалась в новом современном оружии, и еще в 1944 году была разработана и выпущена первая партия этих винтовок с газовым двигателем с прямым отводом пороховых газов (да, как в AR-15 потом). Практически сразу им пришлось повоевать в Индокитае и Вьетнаме, с неплохими отзывами по надежности и кучности боя.",,,ModItemInventoryItemCompositeDef MAS49 Description
546051968989,<image UI/Conversation/T_Dialogue_IconBackgroundCircle.tga 400 130 128 120> Средняя по всем показателям винтовка,,,ModItemInventoryItemCompositeDef MAS49 AdditionalHint
415053102324,MAS36,,,ModItemInventoryItemCompositeDef MAS36 DisplayName
826420490062,MAS36,,,ModItemInventoryItemCompositeDef MAS36 DisplayNamePlural
105734133486,"Линейная пехотная винтовка производства Франции периода ВМВ, была разработана в 1930-х годах, что делает ее относительной новинкой в сравнении с винтовками Мосина, Маузера, Ли Энфильда и Спрингфилда. Но, как известно, особой конкуренции Маузерам у нее составить не получилось.",,,ModItemInventoryItemCompositeDef MAS36 Description
191648401008,"<image UI/Conversation/T_Dialogue_IconBackgroundCircle.tga 400 130 128 120> Винтовка с ручным перезаряжанием 
<image UI/Conversation/T_Dialogue_IconBackgroundCircle.tga 400 130 128 120> Неудобный Медленно стреляет 
<image UI/Conversation/T_Dialogue_IconBackgroundCircle.tga 400 130 128 120> Надежный 
<image UI/Conversation/T_Dialogue_IconBackgroundCircle.tga 400 130 128 120> Дед сдавался",,,ModItemInventoryItemCompositeDef MAS36 AdditionalHint
641866672184,Zastava M76,,,ModItemInventoryItemCompositeDef ZastavaM76 DisplayName
774803615619,Zastava M76,,,ModItemInventoryItemCompositeDef ZastavaM76 DisplayNamePlural
703830100383,"Югославская снайперская винтовка, базируется на конструкции советского автомата Калашникова, адаптированной под существенно более мощный патрон 8мм Маузер. Для ""натянутого на глобус"" калаша стреляет неплохо, но до настоящей СВД еще далеко.",,,ModItemInventoryItemCompositeDef ZastavaM76 Description
957180678257,"<image UI/Conversation/T_Dialogue_IconBackgroundCircle.tga 400 130 128 120> Убойный 
<image UI/Conversation/T_Dialogue_IconBackgroundCircle.tga 400 130 128 120> Дальнобойный",,,ModItemInventoryItemCompositeDef ZastavaM76 AdditionalHint
502906359887,M-21,,,ModItemInventoryItemCompositeDef M21 DisplayName
838944198380,M-21,,,ModItemInventoryItemCompositeDef M21 DisplayNamePlural
950654199607,"Американская армейская снайперская винтовка, представляет собой винтовку М14 со снятым переводчиком огня, и установленным оптическим прицелом. Дешево, сердито, эффективно.",,,ModItemInventoryItemCompositeDef M21 Description
341847967956,<image UI/Conversation/T_Dialogue_IconBackgroundCircle.tga 400 130 128 120> М14 с прицелом,,,ModItemInventoryItemCompositeDef M21 AdditionalHint
515926068469,СВД,,,ModItemInventoryItemCompositeDef DragunovSVD DisplayName
613799960953,СВД,,,ModItemInventoryItemCompositeDef DragunovSVD DisplayNamePlural
560979101811,"Не то, чем кажется на первый взгляд. Выглядит похожей на «калаш», но внутри у нее - газовый поршень короткого хода, снижающий отдачу и позволяющий точнее выполнять последующие выстрелы. Это даже не снайперская винтовка, это - высокоточное оружие поддержки на средних дистанциях.",,,ModItemInventoryItemCompositeDef DragunovSVD Description
725637424386,"<image UI/Conversation/T_Dialogue_IconBackgroundCircle.tga 400 130 128 120> Точный 
<image UI/Conversation/T_Dialogue_IconBackgroundCircle.tga 400 130 128 120> Дальнобойный 
<image UI/Conversation/T_Dialogue_IconBackgroundCircle.tga 400 130 128 120> Убойный 
<image UI/Conversation/T_Dialogue_IconBackgroundCircle.tga 400 130 128 120> Весло",,,ModItemInventoryItemCompositeDef DragunovSVD AdditionalHint
515926068469,"""Шах и Мат""",,,ModItemInventoryItemCompositeDef DragunovSVD_Custom DisplayName
613799960953,"""Шах и Мат""",,,ModItemInventoryItemCompositeDef DragunovSVD_Custom DisplayNamePlural
133828253291,Тщательно подогнанная и пристрелянная версия СВД. На прикладе виднеется несколько дюжин насечек.,,,ModItemInventoryItemCompositeDef DragunovSVD_Custom Description
888757996394,AR-10 DMR,,,ModItemInventoryItemCompositeDef AR10DMR DisplayName
115079764307,AR-10 DMR,,,ModItemInventoryItemCompositeDef AR10DMR DisplayNamePlural
607249083318,"AR-10 DMR - В принципе, ""арка под триста восьмой"" неплохо показывает себя в плане точности и пробития на основных боевых дистанциях. УСМ с фулл-авто скорее даже лишнее, она и одиночными гвоздит нормально. Патроны целее будут.",,,ModItemInventoryItemCompositeDef AR10DMR Description
884046560996,"<image UI/Conversation/T_Dialogue_IconBackgroundCircle.tga 400 130 128 120> Средней точности 
<image UI/Conversation/T_Dialogue_IconBackgroundCircle.tga 400 130 128 120> Среднего удобства 
<image UI/Conversation/T_Dialogue_IconBackgroundCircle.tga 400 130 128 120> Средней надежности
<image UI/Conversation/T_Dialogue_IconBackgroundCircle.tga 400 130 128 120>  Арка с прицелом",,,ModItemInventoryItemCompositeDef AR10DMR AdditionalHint
958223576910,G3 SG,,,ModItemInventoryItemCompositeDef G3SniperV1 DisplayName
933103009214,G3 SG,,,ModItemInventoryItemCompositeDef G3SniperV1 DisplayNamePlural
213918680889,"Heckler-Koch G3SG1 - cнайперская целевая винтовка, разработанная путем незначительной доработки серийной штурмовой винтовки G3. Для модернизации отбирались винтовки, показавшие лучшую кучность на заводских тестах.",,,ModItemInventoryItemCompositeDef G3SniperV1 Description
257228948726,"<image UI/Conversation/T_Dialogue_IconBackgroundCircle.tga 400 130 128 120> Надежный 
<image UI/Conversation/T_Dialogue_IconBackgroundCircle.tga 400 130 128 120> Дальнобойный 
<image UI/Conversation/T_Dialogue_IconBackgroundCircle.tga 400 130 128 120> Точный G3 с прицелом",,,ModItemInventoryItemCompositeDef G3SniperV1 AdditionalHint
877495623062,M1A,,,ModItemInventoryItemCompositeDef M1A DisplayName
477348066740,M1A,,,ModItemInventoryItemCompositeDef M1A DisplayNamePlural
535323373272,"Самозарядная винтовка Springfield M1A. Выпускается в США для гражданского рынка, с полимерной ложей и 10-зарядным магазином. Конструктивно представляет собой винтовку М14, без режима автоматического огня.",,,ModItemInventoryItemCompositeDef M1A Description
341732095926,<image UI/Conversation/T_Dialogue_IconBackgroundCircle.tga 400 130 128 120> М14 нормального человека,,,ModItemInventoryItemCompositeDef M1A AdditionalHint
945667888261,СВУ,,,ModItemInventoryItemCompositeDef SVU DisplayName
220809633195,СВУ,,,ModItemInventoryItemCompositeDef SVU DisplayNamePlural
109657201401,"СВД в компоновке буллпап. Из-за чего, а также из-за укороченного ствола, короче старшей сестры на 25 см, что повышает ее эффективность в маневренном городском бою. Однако, из-за компоновки буллпап спуск на длинной тяге вынесен вперед, что для снайперской винтовки неблагоприятно. Стрелок не чувствует момент ""срыва курка"".",,,ModItemInventoryItemCompositeDef SVU Description
899701284012,"<image UI/Conversation/T_Dialogue_IconBackgroundCircle.tga 400 130 128 120> Убойный 
<image UI/Conversation/T_Dialogue_IconBackgroundCircle.tga 400 130 128 120> Точный 
<image UI/Conversation/T_Dialogue_IconBackgroundCircle.tga 400 130 128 120> Стреляет очередями 
<image UI/Conversation/T_Dialogue_IconBackgroundCircle.tga 400 130 128 120> сильная отдача",,,ModItemInventoryItemCompositeDef SVU AdditionalHint
869636891023,M82,,,ModItemInventoryItemCompositeDef BarretM82 DisplayName
627822561036,M82,,,ModItemInventoryItemCompositeDef BarretM82 DisplayNamePlural
689592057012,"Патрон .50 BMG используется в тяжелых пулеметах (отсюда и название). Но что будет, если разработать на его основе самозарядное дальнобойное оружие? Правильно, вы получите прекрасную крупнокалиберную винтовку для поражения бронированных целей. Или «пушку для стрельбы сквозь стены». Впрочем, для компенсации отдачи к стволу этой дуры пришлось прикрутить дульный тормоз размером с саперную лопатку.",,,ModItemInventoryItemCompositeDef BarretM82 Description
236109853304,"<image UI/Conversation/T_Dialogue_IconBackgroundCircle.tga 400 130 128 120> Легкая пятидесятка 
<image UI/Conversation/T_Dialogue_IconBackgroundCircle.tga 400 130 128 120> Точный 
<image UI/Conversation/T_Dialogue_IconBackgroundCircle.tga 400 130 128 120> Дальнобойный 
<image UI/Conversation/T_Dialogue_IconBackgroundCircle.tga 400 130 128 120> Медленно стреляет
<image UI/Conversation/T_Dialogue_IconBackgroundCircle.tga 400 130 128 120> Огромная убойность 
<image UI/Conversation/T_Dialogue_IconBackgroundCircle.tga 400 130 128 120> Тяжелый - ограничивает свободу движений",,,ModItemInventoryItemCompositeDef BarretM82 AdditionalHint
887059977163,PSG1,,,ModItemInventoryItemCompositeDef PSG1 DisplayName
908671276161,PSG1,,,ModItemInventoryItemCompositeDef PSG1 DisplayNamePlural
920160133295,"Самозарядная высокоточная винтовка, разработанная специально для полиции после Олимпиады в Мюнхене 1972 года. Конструкторы решили обойтись без механического прицела и сразу поставить оптику. Регулируемые приклад, щека приклада, спусковая группа и многое, многое другое. Всем своим видом эта винтовка кричит «Я могу хоть весь день наблюдать за захватом заложников в ожидании отмашки!».",,,ModItemInventoryItemCompositeDef PSG1 Description
707852110578,"<image UI/Conversation/T_Dialogue_IconBackgroundCircle.tga 400 130 128 120> Самая точная снайперка 
<image UI/Conversation/T_Dialogue_IconBackgroundCircle.tga 400 130 128 120> Убойный 
<image UI/Conversation/T_Dialogue_IconBackgroundCircle.tga 400 130 128 120> Надежный",,,ModItemInventoryItemCompositeDef PSG1 AdditionalHint
415053102324,Винтовка Мосина,,,ModItemInventoryItemCompositeDef Mosin DisplayName
826420490062,Винтовки Мосина,,,ModItemInventoryItemCompositeDef Mosin DisplayNamePlural
105734133486,"Основная винтовка советского солдата РККА во время ВОВ. Максимально стрательно была приведена к вариации СН - снят штык, загнута вниз рукоять затвора, приварено посадочное место для прицела. Однако, отсутствие маркировки на стволе выдает самозванку.",,,ModItemInventoryItemCompositeDef Mosin Description
191648401008,"<image UI/Conversation/T_Dialogue_IconBackgroundCircle.tga 400 130 128 120> Винтовка с ручным перезаряжанием 
<image UI/Conversation/T_Dialogue_IconBackgroundCircle.tga 400 130 128 120> Неудобный 
<image UI/Conversation/T_Dialogue_IconBackgroundCircle.tga 400 130 128 120> Медленно стреляет 
<image UI/Conversation/T_Dialogue_IconBackgroundCircle.tga 400 130 128 120> Надежный 
<image UI/Conversation/T_Dialogue_IconBackgroundCircle.tga 400 130 128 120> Дед воевал",,,ModItemInventoryItemCompositeDef Mosin AdditionalHint
217134868057,Gewehr 98,,,ModItemInventoryItemCompositeDef Gewehr98 DisplayName
525213233954,Gewehr 98,,,ModItemInventoryItemCompositeDef Gewehr98 DisplayNamePlural
910257473110,"Говорят, что этот шедевр Пауля Маузера стал дедушкой всех «болтов» - ружей с продольно-скользящим затвором. От него ведут родословную чуть ли не все современные снайперские и охотничьи винтовки.",,,ModItemInventoryItemCompositeDef Gewehr98 Description
232973799458,"<image UI/Conversation/T_Dialogue_IconBackgroundCircle.tga 400 130 128 120> Винтовка с ручным перезаряжанием 
<image UI/Conversation/T_Dialogue_IconBackgroundCircle.tga 400 130 128 120> Неудобный 
<image UI/Conversation/T_Dialogue_IconBackgroundCircle.tga 400 130 128 120> Медленно стреляет 
<image UI/Conversation/T_Dialogue_IconBackgroundCircle.tga 400 130 128 120> Надежный 
<image UI/Conversation/T_Dialogue_IconBackgroundCircle.tga 400 130 128 120> Дед проиграл",,,ModItemInventoryItemCompositeDef Gewehr98 AdditionalHint
376570929427,Springfield 1903,,,ModItemInventoryItemCompositeDef Springfield DisplayName
124159407418,Springfield 1903,,,ModItemInventoryItemCompositeDef Springfield DisplayNamePlural
319092420696,"Винтовка Спрингфилд 1903 во многом повторяет констукцию винтовок Маузер 98. Собственно, чего нового можно придумать с продольно скользящим поворотным затвором?",,,ModItemInventoryItemCompositeDef Springfield Description
402827245243,"<image UI/Conversation/T_Dialogue_IconBackgroundCircle.tga 400 130 128 120> Винтовка с ручным перезаряжанием 
<image UI/Conversation/T_Dialogue_IconBackgroundCircle.tga 400 130 128 120> Неудобный 
<image UI/Conversation/T_Dialogue_IconBackgroundCircle.tga 400 130 128 120> Медленно стреляет 
<image UI/Conversation/T_Dialogue_IconBackgroundCircle.tga 400 130 128 120> Надежный 
<image UI/Conversation/T_Dialogue_IconBackgroundCircle.tga 400 130 128 120> Дед помогал",,,ModItemInventoryItemCompositeDef Springfield AdditionalHint
799798287692,FR F2,,,ModItemInventoryItemCompositeDef FRF2 DisplayName
821596806678,FR F2,,,ModItemInventoryItemCompositeDef FRF2 DisplayNamePlural
155102946917,"Современная ""болтовка"" на вооружении ВС Франции. Представляет собой модернизированную винтовку FR F1 - измененная ложа, приклад, пластиковый теплоизолирующий кожух на стволе. Используется в разработке системы оружия солдата будущего FELIN. Винтовка будущих 1970-х...",,,ModItemInventoryItemCompositeDef FRF2 Description
357652125031,"<image UI/Conversation/T_Dialogue_IconBackgroundCircle.tga 400 130 128 120> Винтовка с ручным перезаряжанием 
<image UI/Conversation/T_Dialogue_IconBackgroundCircle.tga 400 130 128 120> Неудобный 
<image UI/Conversation/T_Dialogue_IconBackgroundCircle.tga 400 130 128 120> Медленно стреляет 
<image UI/Conversation/T_Dialogue_IconBackgroundCircle.tga 400 130 128 120> Надежный 
<image UI/Conversation/T_Dialogue_IconBackgroundCircle.tga 400 130 128 120> Точный",,,ModItemInventoryItemCompositeDef FRF2 AdditionalHint
539019407378,M700,,,ModItemInventoryItemCompositeDef M700 DisplayName
719067700493,M700,,,ModItemInventoryItemCompositeDef M700 DisplayNamePlural
751666262115,"Гражданская версия точной и убойной винтовки со скользяще-поворотным затвором. Одна из самых популярных, если не самая болтовая винтовка в мире. В руках опытного снайпера способна нагнать страх, ужас, ад и Израиль на любое подразделение врага.",,,ModItemInventoryItemCompositeDef M700 Description
262854979930,"<image UI/Conversation/T_Dialogue_IconBackgroundCircle.tga 400 130 128 120> Винтовка с ручным перезаряжанием 
<image UI/Conversation/T_Dialogue_IconBackgroundCircle.tga 400 130 128 120> Неудобный 
<image UI/Conversation/T_Dialogue_IconBackgroundCircle.tga 400 130 128 120> Медленно стреляет 
<image UI/Conversation/T_Dialogue_IconBackgroundCircle.tga 400 130 128 120> Надежный 
<image UI/Conversation/T_Dialogue_IconBackgroundCircle.tga 400 130 128 120> Точный",,,ModItemInventoryItemCompositeDef M700 AdditionalHint
594362204689,M24,,,ModItemInventoryItemCompositeDef M24Sniper DisplayName
331702918062,M24,,,ModItemInventoryItemCompositeDef M24Sniper DisplayNamePlural
756650917281,"Снайперская система армии США, заменившая М21 (которая, в свою очередь, базировалась на М14). Похоже, самозарядные винтовки так и не смогли обеспечить надежность и точность, которые дает старый добрый продольно-скользящий затвор.",,,ModItemInventoryItemCompositeDef M24Sniper Description
268336330579,"<image UI/Conversation/T_Dialogue_IconBackgroundCircle.tga 400 130 128 120> Винтовка с ручным перезаряжанием 
<image UI/Conversation/T_Dialogue_IconBackgroundCircle.tga 400 130 128 120> Неудобный 
<image UI/Conversation/T_Dialogue_IconBackgroundCircle.tga 400 130 128 120> Медленно стреляет 
<image UI/Conversation/T_Dialogue_IconBackgroundCircle.tga 400 130 128 120> Надежный 
<image UI/Conversation/T_Dialogue_IconBackgroundCircle.tga 400 130 128 120> Точный",,,ModItemInventoryItemCompositeDef M24Sniper AdditionalHint
472965483218,Arctic Warfare,,,ModItemInventoryItemCompositeDef ArcticWarfare DisplayName
422903365513,Arctic Warfare,,,ModItemInventoryItemCompositeDef ArcticWarfare DisplayNamePlural
117258068384,Винтовки Arctic Warware от Accuracy International были разработаны специально для армии Швеции с учетом условий сурового северного климата. Вслед за шведами эти винтовки заслуженно заняли оружейный многих армейских и гражданских силовых структур по всему миру и надолго задали моду на НАСТОЯЩУЮ снайперскую винтовку.,,,ModItemInventoryItemCompositeDef ArcticWarfare Description
336224477372,"<image UI/Conversation/T_Dialogue_IconBackgroundCircle.tga 400 130 128 120> Винтовка с ручным перезаряжанием 
<image UI/Conversation/T_Dialogue_IconBackgroundCircle.tga 400 130 128 120> Раздача слонов",,,ModItemInventoryItemCompositeDef ArcticWarfare AdditionalHint
111366988214,Steyr Scout,,,ModItemInventoryItemCompositeDef ScoutSniper DisplayName
980521024048,Steyr Scout,,,ModItemInventoryItemCompositeDef ScoutSniper DisplayNamePlural
642546299209,"Австрийская снайперская винтовка. Оптический прицел кратности 2.5Х, установлен низко над стволом и с большим выносом вперед, что обеспечивает удобное прицеливание двумя глазами и быстрый захват цели. Ложа, затвор и спусковой механизм выполнен по индивидуальному заказу для миссисс Стерлинг за несусветное количество денег. Потому что она может  себе это позволить.",,,ModItemInventoryItemCompositeDef ScoutSniper Description
514313521194,"<image UI/Conversation/T_Dialogue_IconBackgroundCircle.tga 400 130 128 120> Винтовка с ручным перезаряжанием 
<image UI/Conversation/T_Dialogue_IconBackgroundCircle.tga 400 130 128 120> Быстро стреляет 
<image UI/Conversation/T_Dialogue_IconBackgroundCircle.tga 400 130 128 120> Надежный 
<image UI/Conversation/T_Dialogue_IconBackgroundCircle.tga 400 130 128 120> Точный",,,ModItemInventoryItemCompositeDef ScoutSniper AdditionalHint
354142133889,Mac 2429,,,ModItemInventoryItemCompositeDef MAC2429 DisplayName
582831103058,Mac 2429,,,ModItemInventoryItemCompositeDef MAC2429 DisplayNamePlural
476500872548,"Французский ручной пулемет, использовавшийся французской армией во второй мировой войне. Такой небольшой опыт эксплуатации не позволил составить какое-то единое мнение о качествах оружия.",,,ModItemInventoryItemCompositeDef MAC2429 Description
777023896289,"<image UI/Conversation/T_Dialogue_IconBackgroundCircle.tga 400 130 128 120> Легкий пулемет 
<image UI/Conversation/T_Dialogue_IconBackgroundCircle.tga 400 130 128 120> Сильная отдача 
<image UI/Conversation/T_Dialogue_IconBackgroundCircle.tga 400 130 128 120> Ненадежный 
<image UI/Conversation/T_Dialogue_IconBackgroundCircle.tga 400 130 128 120> Убойный",,,ModItemInventoryItemCompositeDef MAC2429 AdditionalHint
266437267072,U100,,,ModItemInventoryItemCompositeDef U100 DisplayName
236944133476,U100,,,ModItemInventoryItemCompositeDef U100 DisplayNamePlural
599878119827,"Размышления на тему ""если автомату дать длинный ствол и большой магазин, получится переавтомат или недопулемет?"" из Сингапура. Вообще, за пулемет аргументов много - это и стрельба с заднего шептала, и сменный ствол. Питание из бубнов, конечно, но тут уж какие были ТЗ у заказчика.",,,ModItemInventoryItemCompositeDef U100 Description
864604464205,"<image UI/Conversation/T_Dialogue_IconBackgroundCircle.tga 400 130 128 120> Легкий пулемет 
<image UI/Conversation/T_Dialogue_IconBackgroundCircle.tga 400 130 128 120> Слабая отдача 
<image UI/Conversation/T_Dialogue_IconBackgroundCircle.tga 400 130 128 120> Большой магазин",,,ModItemInventoryItemCompositeDef U100 AdditionalHint
940541298260,РПК,,,ModItemInventoryItemCompositeDef RPK DisplayName
300104203548,РПК,,,ModItemInventoryItemCompositeDef RPK DisplayNamePlural
682256467954,"Ручной пулемет, созданный на платформе АК: конструкторы поставили ствол потолще и еще несколько модификаций, чтобы РПК мог вести непрерывный огонь. Этот пулемет должен был занять роль оружия поддержки на уровне взвода, учитывая простоту использования и совместимость магазинов с остальными «калашами».",,,ModItemInventoryItemCompositeDef RPK Description
858142642339,"<image UI/Conversation/T_Dialogue_IconBackgroundCircle.tga 400 130 128 120> Переавтомат-недопулемет 
<image UI/Conversation/T_Dialogue_IconBackgroundCircle.tga 400 130 128 120> Надежный 
<image UI/Conversation/T_Dialogue_IconBackgroundCircle.tga 400 130 128 120> Недальнобойный",,,ModItemInventoryItemCompositeDef RPK AdditionalHint
679005533471,РПК-74,,,ModItemInventoryItemCompositeDef RPK74 DisplayName
500616509541,РПК-74,,,ModItemInventoryItemCompositeDef RPK74 DisplayNamePlural
897065949753,"РПК-74 - это разработанный в пару автомату АК-74 ручной пулемет под новый тогда малоимпульсный патрон 5.45х39. Как и РПК, от базового автомата отличается усиленной ствольной коробкой и тяжелым стволом, что расширяет дальность огневого поражения отделения до 600 метров.",,,ModItemInventoryItemCompositeDef RPK74 Description
317702044957,"<image UI/Conversation/T_Dialogue_IconBackgroundCircle.tga 400 130 128 120> Переавтомат-недопулемет 
<image UI/Conversation/T_Dialogue_IconBackgroundCircle.tga 400 130 128 120> Надежный 
<image UI/Conversation/T_Dialogue_IconBackgroundCircle.tga 400 130 128 120> Слабая отдача",,,ModItemInventoryItemCompositeDef RPK74 AdditionalHint
723941795453,Minimi,,,ModItemInventoryItemCompositeDef FNMinimi DisplayName
814341971836,Minimi,,,ModItemInventoryItemCompositeDef FNMinimi DisplayNamePlural
795167411023,"Пулемет Minimi под патрон 5.56 НАТО разрабатывался в качестве оружия поддержки на уровне взвода. Он настолько хорошо исполнял свою роль, что его приняли на вооружение ВС США, и теперь весь мир знает его как М249 SAW. Также существует вариант Minimi под патрон 7,62 НАТО.",,,ModItemInventoryItemCompositeDef FNMinimi Description
270977662171,"<image UI/Conversation/T_Dialogue_IconBackgroundCircle.tga 400 130 128 120> Легкий пулемет 
<image UI/Conversation/T_Dialogue_IconBackgroundCircle.tga 400 130 128 120> Кладет строчку как поссать сходить",,,ModItemInventoryItemCompositeDef FNMinimi AdditionalHint
147075122132,HK21,,,ModItemInventoryItemCompositeDef HK21 DisplayName
344724446124,HK21,,,ModItemInventoryItemCompositeDef HK21 DisplayNamePlural
222226843261,"Возьмите штурмовую винтовку и пулемет, соедините их в одно - и на выходе получите HK21. Впрочем, в отличие от многих гибридов, обе свои роли он выполняет на удивление хорошо.",,,ModItemInventoryItemCompositeDef HK21 Description
805207426140,"<image UI/Conversation/T_Dialogue_IconBackgroundCircle.tga 400 130 128 120> Легкий пулемет 
<image UI/Conversation/T_Dialogue_IconBackgroundCircle.tga 400 130 128 120> Надежный 
<image UI/Conversation/T_Dialogue_IconBackgroundCircle.tga 400 130 128 120> Убойный 
<image UI/Conversation/T_Dialogue_IconBackgroundCircle.tga 400 130 128 120> Сильная отдача",,,ModItemInventoryItemCompositeDef HK21 AdditionalHint
109123476314,HK23e,,,ModItemInventoryItemCompositeDef HK23e DisplayName
772194811780,HK23e,,,ModItemInventoryItemCompositeDef HK23e DisplayNamePlural
597937543269,"HK 23E - последний серийный вариант пулемета HK 21 в калибре 5.56mm NATO. Имеет удлиненную ствольную коробку и модифицированный спусковой механизм, допускающий ведение огня очередями с отсечкой по 3 выстрела.",,,ModItemInventoryItemCompositeDef HK23e Description
331961558889,"<image UI/Conversation/T_Dialogue_IconBackgroundCircle.tga 400 130 128 120> Легкий пулемет 
<image UI/Conversation/T_Dialogue_IconBackgroundCircle.tga 400 130 128 120> Надежный 
<image UI/Conversation/T_Dialogue_IconBackgroundCircle.tga 400 130 128 120> Слабая отдача 
<image UI/Conversation/T_Dialogue_IconBackgroundCircle.tga 400 130 128 120> Точный",,,ModItemInventoryItemCompositeDef HK23e AdditionalHint
973194681593,ДП-27,,,ModItemInventoryItemCompositeDef DP27 DisplayName
457155447326,ДП-27,,,ModItemInventoryItemCompositeDef DP27 DisplayNamePlural
968512989346,"Ручной пулемет ДП был принят на вооружение РККА в 1927 году и стал одним из первых оружейных образцов, созданных с нуля в молодом Советском государстве. С честью прошел всю Великую Отечественную Войну и уже давно отошел от дел, но тут его нашли вы.",,,ModItemInventoryItemCompositeDef DP27 Description
881416264419,"<image UI/Conversation/T_Dialogue_IconBackgroundCircle.tga 400 130 128 120> Ручной пулемет 
<image UI/Conversation/T_Dialogue_IconBackgroundCircle.tga 400 130 128 120> Убойный 
<image UI/Conversation/T_Dialogue_IconBackgroundCircle.tga 400 130 128 120> Неудобный 
<image UI/Conversation/T_Dialogue_IconBackgroundCircle.tga 400 130 128 120> Сильная отдача ",,,ModItemInventoryItemCompositeDef DP27 AdditionalHint
389483103177,MG42,,,ModItemInventoryItemCompositeDef MG42 DisplayName
734302797284,MG42,,,ModItemInventoryItemCompositeDef MG42 DisplayNamePlural
180798552012,"Благодаря невероятному темпу стрельбы MG42 позволяет максимально эффективно вести огонь на подавление. Дедушка старый, но дедушка - немец.",,,ModItemInventoryItemCompositeDef MG42 Description
128714866748,"<image UI/Conversation/T_Dialogue_IconBackgroundCircle.tga 400 130 128 120> Ручной пулемет 
<image UI/Conversation/T_Dialogue_IconBackgroundCircle.tga 400 130 128 120> Старый 
<image UI/Conversation/T_Dialogue_IconBackgroundCircle.tga 400 130 128 120> Скорострельный 
<image UI/Conversation/T_Dialogue_IconBackgroundCircle.tga 400 130 128 120> Большая отдача 
<image UI/Conversation/T_Dialogue_IconBackgroundCircle.tga 400 130 128 120> Тяжелый - ограничивает свободу движений",,,ModItemInventoryItemCompositeDef MG42 AdditionalHint
915870069225,MG58,,,ModItemInventoryItemCompositeDef MG58 DisplayName
728744819234,MG58,,,ModItemInventoryItemCompositeDef MG58 DisplayNamePlural
207644767915,"Модифицированный MG42 со стволом из композитума-58, улучшенным прицелом и рядом доработок механизма. Встречайте: MG58. ",,,ModItemInventoryItemCompositeDef MG58 Description
714045001218,"<image UI/Conversation/T_Dialogue_IconBackgroundCircle.tga 400 130 128 120> Ручной пулемет 
<image UI/Conversation/T_Dialogue_IconBackgroundCircle.tga 400 130 128 120> Обработан Композитумом для целкости 
<image UI/Conversation/T_Dialogue_IconBackgroundCircle.tga 400 130 128 120> Тяжелый - ограничивает свободу движений",,,ModItemInventoryItemCompositeDef MG58 AdditionalHint
921726795014,РПД,,,ModItemInventoryItemCompositeDef RPD DisplayName
960477150592,РПД,,,ModItemInventoryItemCompositeDef RPD DisplayNamePlural
214801991188,"Ручной пулемет Дегтярева (РПД) был разработан в 1944 году под новый на тот момент патрон 7.62х39 мм. Впоследствии был заменен на РПК, но успел широко распространиться по странам соцлагеря, так что до сих пор встречается на поле боя.",,,ModItemInventoryItemCompositeDef RPD Description
753688782220,"<image UI/Conversation/T_Dialogue_IconBackgroundCircle.tga 400 130 128 120> Ручной пулемет под ""семерку"" 
<image UI/Conversation/T_Dialogue_IconBackgroundCircle.tga 400 130 128 120> В остальном средний",,,ModItemInventoryItemCompositeDef RPD AdditionalHint
973194681593,AA-52,,,ModItemInventoryItemCompositeDef AA52 DisplayName
457155447326,AA-52,,,ModItemInventoryItemCompositeDef AA52 DisplayNamePlural
968512989346,"Французы - люди с выдумкой. Вот есть Мг34/42 - замечательный пулемет, тоже с полусвободным затвором. Ну возьми. Вы же тоже победили, возьми. Не, придумаем свой полусвободный затвор, с преферансом и куртизанками. В итоге получилось... ну такое. В приличном обществе такого единого пулемета бы не поняли.",,,ModItemInventoryItemCompositeDef AA52 Description
881416264419,"<image UI/Conversation/T_Dialogue_IconBackgroundCircle.tga 400 130 128 120> Ручной пулемет 
<image UI/Conversation/T_Dialogue_IconBackgroundCircle.tga 400 130 128 120> Убойный 
<image UI/Conversation/T_Dialogue_IconBackgroundCircle.tga 400 130 128 120> Скорострельный",,,ModItemInventoryItemCompositeDef AA52 AdditionalHint
341695303297,"M60 ""Свинья""",,,ModItemInventoryItemCompositeDef M60 DisplayName
391588411003,"M60 ""Свиньи""",,,ModItemInventoryItemCompositeDef M60 DisplayNamePlural
559259765691,"Американский единый пулемет, принятый на вооружение Армии и Флота США в 1957 году. Оказался не слишком удачным, что не помешало ему стать основным оружием поддержки американской пехоты в ходе войны во Вьетнаме. На безрыбье и свин - пулемет.",,,ModItemInventoryItemCompositeDef M60 Description
529371457427,"<image UI/Conversation/T_Dialogue_IconBackgroundCircle.tga 400 130 128 120> Ручной пулемет 
<image UI/Conversation/T_Dialogue_IconBackgroundCircle.tga 400 130 128 120> Ненадежный 
<image UI/Conversation/T_Dialogue_IconBackgroundCircle.tga 400 130 128 120> Неудобный 
<image UI/Conversation/T_Dialogue_IconBackgroundCircle.tga 400 130 128 120> Убойный 
<image UI/Conversation/T_Dialogue_IconBackgroundCircle.tga 400 130 128 120> Тяжелый - ограничивает свободу движений",,,ModItemInventoryItemCompositeDef M60 AdditionalHint
566971066898,M60E3,,,ModItemInventoryItemCompositeDef M60E3 DisplayName
799534164629,M60E3,,,ModItemInventoryItemCompositeDef M60E3 DisplayNamePlural
355056223930,"Современная модификация американского единого пулемета М60, отличается повышенной надежностью работы и исправлением ряда врожденных недостатков оригинала. Состоит в небольших количествах на вооружении Сил Специальных операций США.",,,ModItemInventoryItemCompositeDef M60E3 Description
992340160044,"<image UI/Conversation/T_Dialogue_IconBackgroundCircle.tga 400 130 128 120> Ручной пулемет 
<image UI/Conversation/T_Dialogue_IconBackgroundCircle.tga 400 130 128 120> Чуть получше обычного М60 
<image UI/Conversation/T_Dialogue_IconBackgroundCircle.tga 400 130 128 120> Тяжелый - ограничивает свободу движений",,,ModItemInventoryItemCompositeDef M60E3 AdditionalHint
528780556719,FN MAG,,,ModItemInventoryItemCompositeDef FNMAG DisplayName
747265213458,FN MAG,,,ModItemInventoryItemCompositeDef FNMAG DisplayNamePlural
826668610685,"Единый пулемет бельгийского производства, под патрон 7.62 NATO. Разработанный в 1950х, до сих пор является образцовым оружием. Максимальная универсальность, возможность крепления на технику, на станок, стрельбы с рук и сошек, сменный ствол. Вот только... тяжелый, падлюка.",,,ModItemInventoryItemCompositeDef FNMAG Description
568354544935,"<image UI/Conversation/T_Dialogue_IconBackgroundCircle.tga 400 130 128 120> Ручной пулемет 
<image UI/Conversation/T_Dialogue_IconBackgroundCircle.tga 400 130 128 120> Слабая отдача 
<image UI/Conversation/T_Dialogue_IconBackgroundCircle.tga 400 130 128 120> Точный
<image UI/Conversation/T_Dialogue_IconBackgroundCircle.tga 400 130 128 120> Убойный 
<image UI/Conversation/T_Dialogue_IconBackgroundCircle.tga 400 130 128 120> Надежный 
<image UI/Conversation/T_Dialogue_IconBackgroundCircle.tga 400 130 128 120> Тяжелый - ограничивает свободу движений",,,ModItemInventoryItemCompositeDef FNMAG AdditionalHint
870783532014,ПКМ,,,ModItemInventoryItemCompositeDef PKM DisplayName
539461107116,ПКМ,,,ModItemInventoryItemCompositeDef PKM DisplayNamePlural
921997761319,"Единый пулемет советской и российской армии. Разработан в 1960-х. Может использоваться на технике, на станке, в пехотном варианте. Легче в полтора раза, чем большинство натовских пулеметов. Легенда надежности.",,,ModItemInventoryItemCompositeDef PKM Description
982879482211,"<image UI/Conversation/T_Dialogue_IconBackgroundCircle.tga 400 130 128 120> Ручной пулемет 
<image UI/Conversation/T_Dialogue_IconBackgroundCircle.tga 400 130 128 120> Надежный 
<image UI/Conversation/T_Dialogue_IconBackgroundCircle.tga 400 130 128 120> Убойный 
<image UI/Conversation/T_Dialogue_IconBackgroundCircle.tga 400 130 128 120> Дальнобойный 
<image UI/Conversation/T_Dialogue_IconBackgroundCircle.tga 400 130 128 120> Неудобный 
<image UI/Conversation/T_Dialogue_IconBackgroundCircle.tga 400 130 128 120> Тяжелый - ограничивает свободу движений",,,ModItemInventoryItemCompositeDef PKM AdditionalHint
922904580421,M60E4,,,ModItemInventoryItemCompositeDef M60E4 DisplayName
403738538284,M60E4,,,ModItemInventoryItemCompositeDef M60E4 DisplayNamePlural
137876769017,"Последняя на данный момент попытка сделать-таки из ""свина"" нормальный единый пулемет. Но нет, М60 все так же тяжел, капризен, требователен к патронам. Это пулемет-то, требователен к патронам...",,,ModItemInventoryItemCompositeDef M60E4 Description
617668119774,"<image UI/Conversation/T_Dialogue_IconBackgroundCircle.tga 400 130 128 120> Ручной пулемет 
<image UI/Conversation/T_Dialogue_IconBackgroundCircle.tga 400 130 128 120> Уже почти отличный 
<image UI/Conversation/T_Dialogue_IconBackgroundCircle.tga 400 130 128 120> Тяжелый - ограничивает свободу движений",,,ModItemInventoryItemCompositeDef M60E4 AdditionalHint
651582932441,M2 Browning,,,ModItemInventoryItemCompositeDef BrowningM2HMG DisplayName
827702439674,M2 Browning,,,ModItemInventoryItemCompositeDef BrowningM2HMG DisplayNamePlural
527861175160,"Когда на покупку танка денег нет, но жертвовать огневой мощью не вариант.",,,ModItemInventoryItemCompositeDef BrowningM2HMG Description
521209521132,"<image UI/Conversation/T_Dialogue_IconBackgroundCircle.tga 400 130 128 120> Стационарное оружие
<image UI/Conversation/T_Dialogue_IconBackgroundCircle.tga 400 130 128 120> Очень высокий урон
<image UI/Conversation/T_Dialogue_IconBackgroundCircle.tga 400 130 128 120> Очень шумное",,,ModItemInventoryItemCompositeDef BrowningM2HMG AdditionalHint
907424409524,Двустволка,,,ModItemInventoryItemCompositeDef DoubleBarrelShotgun DisplayName
810124779127,Двустволки,,,ModItemInventoryItemCompositeDef DoubleBarrelShotgun DisplayNamePlural
649524596282,"Простое охотничье оружие. Модные боевые дробовики могут быть самозарядными или вообще стрелять очередями, но только эта дедовская двустволка способна выстреливать по два патрона за раз. Как сказал один великий серьезный человек ""Из двух стволов стрелять в два раза веселее"".",,,ModItemInventoryItemCompositeDef DoubleBarrelShotgun Description
982931592669,"<image UI/Conversation/T_Dialogue_IconBackgroundCircle.tga 400 130 128 120> Двустволка
<image UI/Conversation/T_Dialogue_IconBackgroundCircle.tga 400 130 128 120>  Быстро стреляет
<image UI/Conversation/T_Dialogue_IconBackgroundCircle.tga 400 130 128 120>  Надежный",,,ModItemInventoryItemCompositeDef DoubleBarrelShotgun AdditionalHint
363996539626,M1897,,,ModItemInventoryItemCompositeDef M1897 DisplayName
752169816926,M1897,,,ModItemInventoryItemCompositeDef M1897 DisplayNamePlural
235310003929,"Американцы - люди практичные, своевременно отвечающие вызовам времени. Нужно убивать врагов в окопах - выдадим солдату дробовик! У солдата кончились патроны - придадим к дробовику штык! И казалось бы, дядька пулемет давно отправил на свалку истории эти окопные мясорубки, но Легиону Гранд Чиена на занятиях политинформацией об этом рассказать забыли.",,,ModItemInventoryItemCompositeDef M1897 Description
241195052187,"<image UI/Conversation/T_Dialogue_IconBackgroundCircle.tga 400 130 128 120> Дробовик 
<image UI/Conversation/T_Dialogue_IconBackgroundCircle.tga 400 130 128 120> Неточный бой 
<image UI/Conversation/T_Dialogue_IconBackgroundCircle.tga 400 130 128 120> Неудобный",,,ModItemInventoryItemCompositeDef M1897 AdditionalHint
369993581386,Ithaca37,,,ModItemInventoryItemCompositeDef Ithaca DisplayName
181330570580,Ithaca37,,,ModItemInventoryItemCompositeDef Ithaca DisplayNamePlural
929958056232,"Популярное некогда ружье для охоты, самообороны и даже иногда нападения. Сейчас, конечно, сдает позиции более коммерчески успешным образцам, но нет-нет да иногда где-нибудь мелькнет. Ну вы помните, да - Идем со мной, если хочешь жить!",,,ModItemInventoryItemCompositeDef Ithaca Description
703583682840,"<image UI/Conversation/T_Dialogue_IconBackgroundCircle.tga 400 130 128 120> Дробовик 
<image UI/Conversation/T_Dialogue_IconBackgroundCircle.tga 400 130 128 120> Неудобный 
<image UI/Conversation/T_Dialogue_IconBackgroundCircle.tga 400 130 128 120> Надежный",,,ModItemInventoryItemCompositeDef Ithaca AdditionalHint
228456778686,R870,,,ModItemInventoryItemCompositeDef R870 DisplayName
259673733542,R870,,,ModItemInventoryItemCompositeDef R870 DisplayNamePlural
273443322486,"Классическое ""американское"" помповое гладкоствольное ружье в охотничьей комплектации с подствольным магазином, вмещающим достаточно маленьких и злых патронов 12 калибра. Охота? Самооборона? Массовые беспорядки? Возьмите Рем, он был для этого сделан.",,,ModItemInventoryItemCompositeDef R870 Description
119486433731,"<image UI/Conversation/T_Dialogue_IconBackgroundCircle.tga 400 130 128 120> Дробовик 
<image UI/Conversation/T_Dialogue_IconBackgroundCircle.tga 400 130 128 120> Надежный  
<image UI/Conversation/T_Dialogue_IconBackgroundCircle.tga 400 130 128 120> Хороший бой",,,ModItemInventoryItemCompositeDef R870 AdditionalHint
373181623240,Вертикалка,,,ModItemInventoryItemCompositeDef Stoeger DisplayName
677632158950,Вертикалки,,,ModItemInventoryItemCompositeDef Stoeger DisplayNamePlural
169244335459,"Бокфлинт - или двуствольное охотничье ружье ""вертикалка"". Для местных выглядит дороговасто, так что, похоже, кое-кто из иностранных туристов-охотников решил перехать в Гранд-Чиен навсегда.",,,ModItemInventoryItemCompositeDef Stoeger Description
260147426645,"<image UI/Conversation/T_Dialogue_IconBackgroundCircle.tga 400 130 128 120> Двустволка 
<image UI/Conversation/T_Dialogue_IconBackgroundCircle.tga 400 130 128 120> Быстро стреляет 
<image UI/Conversation/T_Dialogue_IconBackgroundCircle.tga 400 130 128 120> Точный бой 
<image UI/Conversation/T_Dialogue_IconBackgroundCircle.tga 400 130 128 120> Удобный",,,ModItemInventoryItemCompositeDef Stoeger AdditionalHint
657462590283,Auto-5,,,ModItemInventoryItemCompositeDef Auto5 DisplayName
111620956796,Auto-5,,,ModItemInventoryItemCompositeDef Auto5 DisplayNamePlural
632170676188,"Первый самозарядный дробовик массового производства в мире. Кто бы мог подумать, что он станет идеальным оружием для стычек в джунглях на короткой дистанции?",,,ModItemInventoryItemCompositeDef Auto5 Description
577644402779,"<image UI/Conversation/T_Dialogue_IconBackgroundCircle.tga 400 130 128 120> Дробовик 
<image UI/Conversation/T_Dialogue_IconBackgroundCircle.tga 400 130 128 120> Неточный бой",,,ModItemInventoryItemCompositeDef Auto5 AdditionalHint
870530490577,Страйкер,,,ModItemInventoryItemCompositeDef Striker DisplayName
211226270708,Страйкеры,,,ModItemInventoryItemCompositeDef Striker DisplayNamePlural
873779807013,"Большой 12-ти зарядный гладкоствольный револьвер 12 калибра. ""Барабан"" неотъемный, заряжается и разряжается по одному патрону серез специальное окно, взводится вручную отдельной боевой пружиной. Получилась огромная устрашающего вида гаргалыга, весьма популярная у полицейских формирований в Африке. ",,,ModItemInventoryItemCompositeDef Striker Description
957689538876,"<image UI/Conversation/T_Dialogue_IconBackgroundCircle.tga 400 130 128 120> Дробовик 
<image UI/Conversation/T_Dialogue_IconBackgroundCircle.tga 400 130 128 120> Быстро стреляет Б
<image UI/Conversation/T_Dialogue_IconBackgroundCircle.tga 400 130 128 120> ольшой магазин 
<image UI/Conversation/T_Dialogue_IconBackgroundCircle.tga 400 130 128 120> Надежный",,,ModItemInventoryItemCompositeDef Striker AdditionalHint
820865531430,SPAS-12,,,ModItemInventoryItemCompositeDef SPAS12 DisplayName
127311436093,SPAS-12,,,ModItemInventoryItemCompositeDef SPAS12 DisplayNamePlural
117074449677,"Харизматичный боевой дробовик, который участвовал, наверное, в каждом боевике 80х и 90х. Кроме запоминающегося внешнего вида примечателен еще тем, что запрещен к продаже во многих странах, включая США. К сожалению, выпуск запчастей и обслуживание имеющихся на руках у владельцев дробовиков SPAS компанией Franchi был прекращен. Рыночек. Порешал.",,,ModItemInventoryItemCompositeDef SPAS12 Description
163607039190,"<image UI/Conversation/T_Dialogue_IconBackgroundCircle.tga 400 130 128 120> Дробовик 
<image UI/Conversation/T_Dialogue_IconBackgroundCircle.tga 400 130 128 120> Хороший бой",,,ModItemInventoryItemCompositeDef SPAS12 AdditionalHint
517967410302,M1014,,,ModItemInventoryItemCompositeDef M41Shotgun DisplayName
696989087809,M1014,,,ModItemInventoryItemCompositeDef M41Shotgun DisplayNamePlural
484141046789,"Самозарядный газоотводный дробовик 12-го калибра.  Введение в систему газового двигателя было необходимо после критической неудачи системы ""инерционной автоматики"", дробовика М3, которая просто напросто не работала на патронах со слабой навеской.",,,ModItemInventoryItemCompositeDef M41Shotgun Description
616071689879,"<image UI/Conversation/T_Dialogue_IconBackgroundCircle.tga 400 130 128 120> Дробовик 
<image UI/Conversation/T_Dialogue_IconBackgroundCircle.tga 400 130 128 120> Точный бой 
<image UI/Conversation/T_Dialogue_IconBackgroundCircle.tga 400 130 128 120> Надежный",,,ModItemInventoryItemCompositeDef M41Shotgun AdditionalHint
851713933310,USAS12,,,ModItemInventoryItemCompositeDef USAS12 DisplayName
294591405946,USAS12,,,ModItemInventoryItemCompositeDef USAS12 DisplayNamePlural
502898255631,"Гладкоствольное боевое ружье USAS-12 разработано американцем для американцев, максимально похоже внешне на любимые ими винтовки AR-15. Для продажи в США, однако, оказалось запрещено, поэтому начало скитаться по миру, отметившись в ЮАР и в Южной Корее.",,,ModItemInventoryItemCompositeDef USAS12 Description
317486111782,"<image UI/Conversation/T_Dialogue_IconBackgroundCircle.tga 400 130 128 120> Дробовик 
<image UI/Conversation/T_Dialogue_IconBackgroundCircle.tga 400 130 128 120> Большой магазин 
<image UI/Conversation/T_Dialogue_IconBackgroundCircle.tga 400 130 128 120> Неудобный",,,ModItemInventoryItemCompositeDef USAS12 AdditionalHint
656100217021,AA12,,,ModItemInventoryItemCompositeDef AA12 DisplayName
574054810515,AA12,,,ModItemInventoryItemCompositeDef AA12 DisplayNamePlural
690637430437,"АА12 со своим свободным затвором больше похож на пистолет-пулемет, чем на классический дробовик. Ценится за способность вести продолжительную стрельбу благодаря довольно низкой для 12-го калибра отдаче.",,,ModItemInventoryItemCompositeDef AA12 Description
533009920041,"<image UI/Conversation/T_Dialogue_IconBackgroundCircle.tga 400 130 128 120> Дробовик 
<image UI/Conversation/T_Dialogue_IconBackgroundCircle.tga 400 130 128 120> Большой магазин 
<image UI/Conversation/T_Dialogue_IconBackgroundCircle.tga 400 130 128 120> Точный бой 
<image UI/Conversation/T_Dialogue_IconBackgroundCircle.tga 400 130 128 120> Быстро стреляет",,,ModItemInventoryItemCompositeDef AA12 AdditionalHint
479364677300,Миномет,,,ModItemInventoryItemCompositeDef MortarInventoryItem DisplayName
420609454415,Минометы,,,ModItemInventoryItemCompositeDef MortarInventoryItem DisplayNamePlural
812627409916,"60 мм ротный пехотный миномет производства США. Хорошо, когда он на твоей стороне. И плохо, когда не на твоей.",,,ModItemInventoryItemCompositeDef MortarInventoryItem Description
532362056983,"<image UI/Conversation/T_Dialogue_IconBackgroundCircle.tga 400 130 128 120> После небольшой задержки обстреливает указанную область вдалеке
<image UI/Conversation/T_Dialogue_IconBackgroundCircle.tga 400 130 128 120> Громоздкое (нет бесплатного перемещения)",,,ModItemInventoryItemCompositeDef MortarInventoryItem AdditionalHint
527844630900,Подствол. гранатомет,,,ModItemInventoryItemCompositeDef UnderslungGrenadeLauncher DisplayName
163578052946,Подствол. гранатометы,,,ModItemInventoryItemCompositeDef UnderslungGrenadeLauncher DisplayNamePlural
971400395106,M79,,,ModItemInventoryItemCompositeDef M79 DisplayName
989047236569,M79,,,ModItemInventoryItemCompositeDef M79 DisplayNamePlural
769570824531,"Легендарный американский 40 мм пехотный гранатомет времен войны во Вьетнаме, являющийся пращуром современных ""подствольников"". На прикладе ножом в спешке вырезано ""Джонни, они на деревьях!""",,,ModItemInventoryItemCompositeDef M79 Description
397383171067,"<image UI/Conversation/T_Dialogue_IconBackgroundCircle.tga 400 130 128 120> 40-мм гранатомет. 
<image UI/Conversation/T_Dialogue_IconBackgroundCircle.tga 400 130 128 120> Шанс промаха увеличивается с расстоянием.",,,ModItemInventoryItemCompositeDef M79 AdditionalHint
942513624664,China Lake,,,ModItemInventoryItemCompositeDef China_Lake DisplayName
272796175499,China Lake,,,ModItemInventoryItemCompositeDef China_Lake DisplayNamePlural
583900868161,"40-мм гранатомет - это хорошо. Но Армия США - она как сварливая жена, всегда хочет большего, чем может получить прямо сейчас. Поэтому к хорошему надежному 40-мм гранатомету она добавит подствольный магазин на 3 гранаты и помповую перезарядку. Ах, тяжело? Ах, не работает? Ну что же, не думайте что Армия США откажется от идеи получить многозарядный гранатомет, нет...",,,ModItemInventoryItemCompositeDef China_Lake Description
808649375885,"<image UI/Conversation/T_Dialogue_IconBackgroundCircle.tga 400 130 128 120> 40-мм гранатомет. 
<image UI/Conversation/T_Dialogue_IconBackgroundCircle.tga 400 130 128 120> Шанс промаха увеличивается с расстоянием. 
<image UI/Conversation/T_Dialogue_IconBackgroundCircle.tga 400 130 128 120> Тяжелый - ограничивает свободу движений",,,ModItemInventoryItemCompositeDef China_Lake AdditionalHint
652294375588,MGL,,,ModItemInventoryItemCompositeDef MGL DisplayName
111923304462,MGL,,,ModItemInventoryItemCompositeDef MGL DisplayNamePlural
872562014733,Шестизарядный револьверный гранатомет производства ЮАР. Максимально широко распространен по всему миру. Максимально широко распространяет других людей.,,,ModItemInventoryItemCompositeDef MGL Description
876312872911,"<image UI/Conversation/T_Dialogue_IconBackgroundCircle.tga 400 130 128 120> 40-мм гранатомет. 
<image UI/Conversation/T_Dialogue_IconBackgroundCircle.tga 400 130 128 120> Шанс промаха увеличивается с расстоянием. 
<image UI/Conversation/T_Dialogue_IconBackgroundCircle.tga 400 130 128 120> Тяжелый - ограничивает свободу движений",,,ModItemInventoryItemCompositeDef MGL AdditionalHint
127122189693,РПГ-7,,,ModItemInventoryItemCompositeDef RPG7 DisplayName
302681108532,РПГ-7,,,ModItemInventoryItemCompositeDef RPG7 DisplayNamePlural
707348010242,"Ручной противотанковый гранатомет. Часто, когда говорят ""гранатомет"", или ""РПГ"", имеют в виду именно РПГ-7. Снаряжается надкалиберными 40 мм гранатами, с широкой номенклатурой используемых типов боеприпасов. ",,,ModItemInventoryItemCompositeDef RPG7 Description
151639464453,"<image UI/Conversation/T_Dialogue_IconBackgroundCircle.tga 400 130 128 120> Реактивный гранатомет 
<image UI/Conversation/T_Dialogue_IconBackgroundCircle.tga 400 130 128 120> Шанс промаха увеличивается с расстоянием 
<image UI/Conversation/T_Dialogue_IconBackgroundCircle.tga 400 130 128 120> Опасная зона за спиной стрелка 
<image UI/Conversation/T_Dialogue_IconBackgroundCircle.tga 400 130 128 120> Тяжелый - ограничивает свободу движений",,,ModItemInventoryItemCompositeDef RPG7 AdditionalHint
162495707543,M72LAW2,,,ModItemInventoryItemCompositeDef M72LAW DisplayName
290561693953,M72LAW2,,,ModItemInventoryItemCompositeDef M72LAW DisplayNamePlural
152357941079,"Изначально разработанный как противотанковое оружие, этот реактивный гранатомет сейчас используется против легкой техники, зданий и вообще всего, что не понравится оператору установки.",,,ModItemInventoryItemCompositeDef M72LAW Description
980300816631,"<image UI/Conversation/T_Dialogue_IconBackgroundCircle.tga 400 130 128 120> Выстреливает снаряд, летящий по прямой до цели
<image UI/Conversation/T_Dialogue_IconBackgroundCircle.tga 400 130 128 120> Наносит небольшой урон стоящим позади стрелка
<image UI/Conversation/T_Dialogue_IconBackgroundCircle.tga 400 130 128 120> Вероятность неудачи растет с увеличением расстояния
<image UI/Conversation/T_Dialogue_IconBackgroundCircle.tga 400 130 128 120> Громоздкое (нет бесплатного перемещения)",,,ModItemInventoryItemCompositeDef M72LAW AdditionalHint
172826329217,Граната M24,,,ModItemInventoryItemCompositeDef FragGrenade DisplayName
167822758999,Гранаты M24,,,ModItemInventoryItemCompositeDef FragGrenade DisplayNamePlural
243383619902,<image UI/Conversation/T_Dialogue_IconBackgroundCircle.tga 400 130 128 120> Взрывается при контакте,,,ModItemInventoryItemCompositeDef FragGrenade AdditionalHint
211344759878,Граната Mk2,,,ModItemInventoryItemCompositeDef HE_Grenade DisplayName
246480537411,Гранаты Mk2,,,ModItemInventoryItemCompositeDef HE_Grenade DisplayNamePlural
663236691841,<image UI/Conversation/T_Dialogue_IconBackgroundCircle.tga 400 130 128 120> Взрывается при контакте,,,ModItemInventoryItemCompositeDef HE_Grenade AdditionalHint
584678244008,Самодельная бомба,,,ModItemInventoryItemCompositeDef PipeBomb DisplayName
604631052255,Самодельные бомбы,,,ModItemInventoryItemCompositeDef PipeBomb DisplayNamePlural
738342557339,"<image UI/Conversation/T_Dialogue_IconBackgroundCircle.tga 400 130 128 120> Взрывается через 1 ход (или 5 секунд не в бою)
<image UI/Conversation/T_Dialogue_IconBackgroundCircle.tga 400 130 128 120> Высокая вероятность неудачи
<image UI/Conversation/T_Dialogue_IconBackgroundCircle.tga 400 130 128 120> Вызывает кровотечение",,,ModItemInventoryItemCompositeDef PipeBomb AdditionalHint
143721324108,Светошумовая граната,,,ModItemInventoryItemCompositeDef ConcussiveGrenade DisplayName
464879576172,Светошумовые гранаты,,,ModItemInventoryItemCompositeDef ConcussiveGrenade DisplayNamePlural
339045500192,"<image UI/Conversation/T_Dialogue_IconBackgroundCircle.tga 400 130 128 120> Ослепляет цель
<image UI/Conversation/T_Dialogue_IconBackgroundCircle.tga 400 130 128 120> Отменяет ответный огонь и уменьшает бонусы от укрытия в центре взрыва
<image UI/Conversation/T_Dialogue_IconBackgroundCircle.tga 400 130 128 120> Подавляет
<image UI/Conversation/T_Dialogue_IconBackgroundCircle.tga 400 130 128 120> Почти бесшумное",,,ModItemInventoryItemCompositeDef ConcussiveGrenade AdditionalHint
581195033607,Сигнальная шашка,,,ModItemInventoryItemCompositeDef FlareStick DisplayName
431696879632,Сигнальные шашки,,,ModItemInventoryItemCompositeDef FlareStick DisplayNamePlural
560759240469,"<image UI/Conversation/T_Dialogue_IconBackgroundCircle.tga 400 130 128 120> Освещает большую территорию
<image UI/Conversation/T_Dialogue_IconBackgroundCircle.tga 400 130 128 120> Высокая вероятность неудачи
<image UI/Conversation/T_Dialogue_IconBackgroundCircle.tga 400 130 128 120> Бесшумное",,,ModItemInventoryItemCompositeDef FlareStick AdditionalHint
162602825192,ХИС,,,ModItemInventoryItemCompositeDef GlowStick DisplayName
734469665900,ХИС,,,ModItemInventoryItemCompositeDef GlowStick DisplayNamePlural
589698013135,<image UI/Conversation/T_Dialogue_IconBackgroundCircle.tga 400 130 128 120> Освещает небольшую область,,,ModItemInventoryItemCompositeDef GlowStick AdditionalHint
859195155732,Коктейль Молотова,,,ModItemInventoryItemCompositeDef Molotov DisplayName
112407563606,Коктейли Молотова,,,ModItemInventoryItemCompositeDef Molotov DisplayNamePlural
992551372753,"<image UI/Conversation/T_Dialogue_IconBackgroundCircle.tga 400 130 128 120> Воспламеняет место попадания и вызывает у целей <color EmStyle>горение</color>
<image UI/Conversation/T_Dialogue_IconBackgroundCircle.tga 400 130 128 120> Высокая вероятность неудачи",,,ModItemInventoryItemCompositeDef Molotov AdditionalHint
529889768393,Дымовая граната,,,ModItemInventoryItemCompositeDef SmokeGrenade DisplayName
564232117531,Дымовые гранаты,,,ModItemInventoryItemCompositeDef SmokeGrenade DisplayNamePlural
206588175055,"<image UI/Conversation/T_Dialogue_IconBackgroundCircle.tga 400 130 128 120> Выстрелы, совершенные сквозь облака газа, дают лишь <color EmStyle>незначительные попадания</color>
<image UI/Conversation/T_Dialogue_IconBackgroundCircle.tga 400 130 128 120> Не наносит урона
<image UI/Conversation/T_Dialogue_IconBackgroundCircle.tga 400 130 128 120> Почти бесшумна",,,ModItemInventoryItemCompositeDef SmokeGrenade AdditionalHint
501199180962,Граната со слез. газом,,,ModItemInventoryItemCompositeDef TearGasGrenade DisplayName
729653216317,Гранаты со слез. газом,,,ModItemInventoryItemCompositeDef TearGasGrenade DisplayNamePlural
212902513488,"<image UI/Conversation/T_Dialogue_IconBackgroundCircle.tga 400 130 128 120> Вызывает <color EmStyle>слепоту</color>
<image UI/Conversation/T_Dialogue_IconBackgroundCircle.tga 400 130 128 120> Выстрелы, совершенные сквозь облака газа, дают лишь <color EmStyle>незначительные попадания</color>
<image UI/Conversation/T_Dialogue_IconBackgroundCircle.tga 400 130 128 120> Не наносит урона
<image UI/Conversation/T_Dialogue_IconBackgroundCircle.tga 400 130 128 120> Высокая вероятность неудачи
<image UI/Conversation/T_Dialogue_IconBackgroundCircle.tga 400 130 128 120> Почти бесшумна",,,ModItemInventoryItemCompositeDef TearGasGrenade AdditionalHint
373806901180,Граната с горч. газом,,,ModItemInventoryItemCompositeDef ToxicGasGrenade DisplayName
118473499314,Гранаты с горч. газом,,,ModItemInventoryItemCompositeDef ToxicGasGrenade DisplayNamePlural
810838610815,"<image UI/Conversation/T_Dialogue_IconBackgroundCircle.tga 400 130 128 120> Вызывает <color EmStyle>удушье</color>
<image UI/Conversation/T_Dialogue_IconBackgroundCircle.tga 400 130 128 120> Выстрелы, совершенные сквозь облака газа, дают лишь незначительные попадания
<image UI/Conversation/T_Dialogue_IconBackgroundCircle.tga 400 130 128 120> Высокая вероятность неудачи
<image UI/Conversation/T_Dialogue_IconBackgroundCircle.tga 400 130 128 120> Почти бесшумна",,,ModItemInventoryItemCompositeDef ToxicGasGrenade AdditionalHint
282820475304,Кумулятивный заряд,,,ModItemInventoryItemCompositeDef ShapedCharge DisplayName
749789148569,Кумулятивные заряды,,,ModItemInventoryItemCompositeDef ShapedCharge DisplayNamePlural
622419236578,"<image UI/Conversation/T_Dialogue_IconBackgroundCircle.tga 400 130 128 120> Наносит урон по сектору
<image UI/Conversation/T_Dialogue_IconBackgroundCircle.tga 400 130 128 120> Высокая вероятность неудачи при использовании всеми, кроме Барри",,,ModItemInventoryItemCompositeDef ShapedCharge AdditionalHint
864420169145,Бесконтактная С4,,,ModItemInventoryItemCompositeDef ProximityC4 DisplayName
821178275283,Бесконтактная С4,,,ModItemInventoryItemCompositeDef ProximityC4 DisplayNamePlural
493304565684,"<image UI/Conversation/T_Dialogue_IconBackgroundCircle.tga 400 130 128 120> Взрывается, когда враг подходит к заряду на близкое расстояние",,,ModItemInventoryItemCompositeDef ProximityC4 AdditionalHint
917845283476,Бесконтактная ТЭН,,,ModItemInventoryItemCompositeDef ProximityPETN DisplayName
360505828879,Бесконтактная ТЭН,,,ModItemInventoryItemCompositeDef ProximityPETN DisplayNamePlural
372377025892,"<image UI/Conversation/T_Dialogue_IconBackgroundCircle.tga 400 130 128 120> Взрывается, когда враг подходит к заряду на близкое расстояние",,,ModItemInventoryItemCompositeDef ProximityPETN AdditionalHint
199359640589,Бесконтактный динамит,,,ModItemInventoryItemCompositeDef ProximityTNT DisplayName
534936218786,Бесконтактный динамит,,,ModItemInventoryItemCompositeDef ProximityTNT DisplayNamePlural
380950777375,"<image UI/Conversation/T_Dialogue_IconBackgroundCircle.tga 400 130 128 120> Взрывается, когда враг подходит к заряду на близкое расстояние
<image UI/Conversation/T_Dialogue_IconBackgroundCircle.tga 400 130 128 120> Высокая вероятность неудачи",,,ModItemInventoryItemCompositeDef ProximityTNT AdditionalHint
973362572578,Дистанционная С4,,,ModItemInventoryItemCompositeDef RemoteC4 DisplayName
272349746839,Дистанционная С4,,,ModItemInventoryItemCompositeDef RemoteC4 DisplayNamePlural
470045243392,<image UI/Conversation/T_Dialogue_IconBackgroundCircle.tga 400 130 128 120> Заряд подрывается с помощью пульта ДУ,,,ModItemInventoryItemCompositeDef RemoteC4 AdditionalHint
765803616147,Дистанционная ТЭН,,,ModItemInventoryItemCompositeDef RemotePETN DisplayName
617943142815,Дистанционная ТЭН,,,ModItemInventoryItemCompositeDef RemotePETN DisplayNamePlural
886952365002,<image UI/Conversation/T_Dialogue_IconBackgroundCircle.tga 400 130 128 120> Заряд подрывается с помощью пульта ДУ,,,ModItemInventoryItemCompositeDef RemotePETN AdditionalHint
916239488271,Дистанционный динамит,,,ModItemInventoryItemCompositeDef RemoteTNT DisplayName
180231082583,Дистанционный динамит,,,ModItemInventoryItemCompositeDef RemoteTNT DisplayNamePlural
436102360957,"<image UI/Conversation/T_Dialogue_IconBackgroundCircle.tga 400 130 128 120> Заряд подрывается с помощью пульта ДУ
<image UI/Conversation/T_Dialogue_IconBackgroundCircle.tga 400 130 128 120> Высокая вероятность неудачи",,,ModItemInventoryItemCompositeDef RemoteTNT AdditionalHint
979574564839,C4 с таймером,,,ModItemInventoryItemCompositeDef TimedC4 DisplayName
678721366861,C4 с таймером,,,ModItemInventoryItemCompositeDef TimedC4 DisplayNamePlural
565078880187,<image UI/Conversation/T_Dialogue_IconBackgroundCircle.tga 400 130 128 120> Взрывается через 1 ход (или 5 секунд не в бою),,,ModItemInventoryItemCompositeDef TimedC4 AdditionalHint
599762689963,ТЭН с таймером,,,ModItemInventoryItemCompositeDef TimedPETN DisplayName
396320092919,ТЭН с таймером,,,ModItemInventoryItemCompositeDef TimedPETN DisplayNamePlural
365135300124,<image UI/Conversation/T_Dialogue_IconBackgroundCircle.tga 400 130 128 120> Взрывается через 1 ход (или 5 секунд не в бою),,,ModItemInventoryItemCompositeDef TimedPETN AdditionalHint
133799436971,Динамит с таймером,,,ModItemInventoryItemCompositeDef TimedTNT DisplayName
789269707920,Динамит с таймером,,,ModItemInventoryItemCompositeDef TimedTNT DisplayNamePlural
714276674088,"<image UI/Conversation/T_Dialogue_IconBackgroundCircle.tga 400 130 128 120> Взрывается через 1 ход (или 5 секунд не в бою)
<image UI/Conversation/T_Dialogue_IconBackgroundCircle.tga 400 130 128 120> Высокая вероятность неудачи",,,ModItemInventoryItemCompositeDef TimedTNT AdditionalHint
253597811751,Порох,,,ModItemInventoryItemCompositeDef BlackPowder DisplayName
321461865710,Порох,,,ModItemInventoryItemCompositeDef BlackPowder DisplayNamePlural
565959045541,<image UI/Conversation/T_Dialogue_IconBackgroundCircle.tga 400 130 128 120> Используется в ходе операций «Изготовление боеприпасов» и «Изготовление взрывчатки»,,,ModItemInventoryItemCompositeDef BlackPowder AdditionalHint
214451267804,C4,,,ModItemInventoryItemCompositeDef C4 DisplayName
219223135799,C4,,,ModItemInventoryItemCompositeDef C4 DisplayNamePlural
837276282763,"<image UI/Conversation/T_Dialogue_IconBackgroundCircle.tga 400 130 128 120> Добавьте взрыватель, чтобы создать взрывчатку",,,ModItemInventoryItemCompositeDef C4 AdditionalHint
869513898364,ТЭН,,,ModItemInventoryItemCompositeDef PETN DisplayName
186780614723,ТЭНы,,,ModItemInventoryItemCompositeDef PETN DisplayNamePlural
269747748923,"Мощная пластическая взрывчатка, используется как в подрывных зарядах, так и в военных целях.",,,ModItemInventoryItemCompositeDef PETN Description
948394818720,"<image UI/Conversation/T_Dialogue_IconBackgroundCircle.tga 400 130 128 120> Добавьте взрыватель, чтобы создать взрывчатку",,,ModItemInventoryItemCompositeDef PETN AdditionalHint
676828264605,Динамит,,,ModItemInventoryItemCompositeDef TNT DisplayName
415965676052,Динамит,,,ModItemInventoryItemCompositeDef TNT DisplayNamePlural
789251709752,Излюбленная палочка-выручалочка американских железнодорожных рабочих и усатых злодеев. С такой шашкой любой выйдет в дамки.,,,ModItemInventoryItemCompositeDef TNT Description
634006657340,"<image UI/Conversation/T_Dialogue_IconBackgroundCircle.tga 400 130 128 120> Добавьте взрыватель, чтобы создать взрывчатку
<image UI/Conversation/T_Dialogue_IconBackgroundCircle.tga 400 130 128 120> Увеличенный радиус взрыва",,,ModItemInventoryItemCompositeDef TNT AdditionalHint
930860252302,Самодельный глушитель,,,ModItemWeaponComponent ImprovisedSuppressor_Anaconda DisplayName
965393594226,Глушитель,,,ModItemWeaponComponent Suppressor_Anaconda DisplayName
973696140242,Магазин повышенной емкости,,,ModItemWeaponComponent Auto5_Basic_LMag DisplayName
490962133757,Базовая конфигурация,,,ModItemWeaponComponent Auto5_Basic_NMag DisplayName
777122397533,"Длинный ствол, магазин повышенной емкости",,,ModItemWeaponComponent Auto5_Long_LMag DisplayName
713820159425,Длинный ствол,,,ModItemWeaponComponent Auto5_Long_NMag DisplayName
804030380788,Короткий ствол,,,ModItemWeaponComponent Auto5_Short_NMag DisplayName
741554908727,Сошки,,,ModItemWeaponComponent Bipod_Galil DisplayName
448855501123,Стандартный дульный тормоз,,,ModItemWeaponComponent Galil_Brake_Default DisplayName
307080816395,Укороченный ствол,,,ModItemWeaponComponent BarrelShortShotgun_Benelli DisplayName
884519053701,Гранатомет,,,ModItemWeaponComponent GrenadeLauncher_M14 DisplayName
138849241769,Стандартный дульный тормоз,,,ModItemWeaponComponent M14_Default_Muzzle DisplayName
371717809811,Тактическая рукоять,,,ModItemWeaponComponent TacGrip_M14 DisplayName
353453980562,Гранатомет,,,ModItemWeaponComponent GrenadeLauncher_M16A1 DisplayName
131117303795,Гранатомет,,,ModItemWeaponComponent GrenadeLauncher_Commando DisplayName
901668338798,Вертикальная рукоять,,,ModItemWeaponComponent VerticalGrip_Commando DisplayName
927932879369,Сошки,,,ModItemWeaponComponent Bipod_MG42 DisplayName
259145747311,Тактическое устройство,,,ModItemWeaponComponent FlashlightDot_PSG_M1 DisplayName
927589690402,Фонарик,,,ModItemWeaponComponent Flashlight_PSG_M1 DisplayName
340684013855,Коллиматор,,,ModItemWeaponComponent LaserDot_PSG_M1 DisplayName
370420821601,Стандартный оптический прицел,,,ModItemWeaponComponent PSG_DefaultScope DisplayName
250446123772,УФ-прицел,,,ModItemWeaponComponent UVDot_PSG_M1 DisplayName
333007715821,Вертикальная рукоять,,,ModItemWeaponComponent RPK74_VerticalGrip DisplayName
517856044777,Стандартное цевье,,,ModItemWeaponComponent RPK74_Hanguard_Basic DisplayName
704598602326,Сошки,,,ModItemWeaponComponent Bipod_Under DisplayName
824406786716,Крепление для ВАЛ/ВСС,,,ModItemWeaponComponent Val_VSS_wing2 DisplayName
564328344484,Крепление для ВАЛ/ВСС,,,ModItemWeaponComponent Val_VSS_wing1 DisplayName
490344601575,Мощный Фонарь,,,ModItemWeaponComponent VSSFlashLight DisplayName
243853420338,Цевьё,,,ModItemWeaponComponent Handguard DisplayName
205417891756,Цевьё с рельсой,,,ModItemWeaponComponent HandguardRail DisplayName
231237371538,Сложенный приклад,,,ModItemWeaponComponent FoldStocks DisplayName
316173123440,Разложенный приклад,,,ModItemWeaponComponent UnfoldStocks DisplayName
482774581636,Деревянный приклад АК,,,ModItemWeaponComponent StockFull DisplayName
467118505377,Заводской ствол,,,ModItemWeaponComponent BarrelsDefs DisplayName
748633742130,Заводской дульный тормоз,,,ModItemWeaponComponent DefMuzzle DisplayName
781788333892,Оптический прицел,,,ModItemWeaponComponent AnotherOptic DisplayName
656684873329,Улучшеный коллиматор,,,ModItemWeaponComponent AdvancedHOLO DisplayName
701601710506,Разложенная сошка,,,ModItemWeaponComponent UnfoldBipod DisplayName
865888227538,Сложенная сошка,,,ModItemWeaponComponent FoldBipod DisplayName
388764551610,Эргономичная рукоять для Sig,,,ModItemWeaponComponent SigErgoHandGrip DisplayName
273154591605,Заводская рукоять Sig,,,ModItemWeaponComponent SigDefHandGuard DisplayName
342325910829,Штык-нож для М16,,,ModItemWeaponComponent M16Bayonet DisplayName
898134129078,ЛЦУ на уникальном спецкреплении,,,ModItemWeaponComponent M16BarrelRedDot DisplayName
469543190873,Гранатомет,,,ModItemWeaponComponent M16A1LaunchHandGuard DisplayName
866252525731,Мультикалиберная банка,,,ModItemWeaponComponent ModernSupressor DisplayName
949465429175,Кастомный магазин STANAG,,,ModItemWeaponComponent M4ModernStanag DisplayName
371387506492,Сошка от KSP 58,,,ModItemWeaponComponent KSP_BIPOD DisplayName
158709422277,Современные крепления с планками для М60,,,ModItemWeaponComponent M60E4ModernMount DisplayName
171335790069,Цевье с рукоятью для cовременных М60,,,ModItemWeaponComponent M60E3HandGrip DisplayName
456436016949,Рукоять удержания,,,ModItemWeaponComponent U100Handle DisplayName
968655433535,Боковые направляющие,,,ModItemWeaponComponent MP7_SideRail DisplayName
471444565530,Коллиматор для ближних дистанций,,,ModItemWeaponComponent CollimatorMP7 DisplayName
778383301791,Разложенная рукоять,,,ModItemWeaponComponent MP7_Unfld_Grip DisplayName
943291029951,Сложенная рукоять,,,ModItemWeaponComponent Mp7_Fld_Grip DisplayName
676243000186,ЛЦУ для Цевья MP5A4,,,ModItemWeaponComponent MP5A4RedDot DisplayName
209877814242,Фонарь для MP5A4,,,ModItemWeaponComponent MP5A4FlashLight DisplayName
789037404504,Магазин для МР5 на 30 патронов,,,ModItemWeaponComponent MP5MagV2 DisplayName
670821753901,Кастомный приклад ПКМ,,,ModItemWeaponComponent PKMModStock DisplayName
975455619349,Модифицированная рукоять ПКМ,,,ModItemWeaponComponent PKMModHandGrip DisplayName
539980594891,Комплект кастомных планок для ПКМ,,,ModItemWeaponComponent PKMModern DisplayName
484768360157,Заводская рукоять ПКМ,,,ModItemWeaponComponent PKMDefHandGrip DisplayName
893727332248,Патронтаж для 870го рема,,,ModItemWeaponComponent R870AmmoSide_1 DisplayName
563097144788,Крепление с универсальной планкой для G3,,,ModItemWeaponComponent G3Mount DisplayName
154402527977,Заводской пламегаситель G3 SG,,,ModItemWeaponComponent G3MuzzleV2 DisplayName
110728886874,Крепление для рукоятки переноски от CAR15,,,ModItemWeaponComponent CAR15Mount DisplayName
634873665380,Увеличивает цену атаки в ОД на <ShotAP>.,,,ModItemWeaponComponentEffect IncreaseShotAP Description
972761651693,Уменьшает отдачу на <Recoil>,,,ModItemWeaponComponentEffect RecoilDecrease Description
705220262127,Добавляет 1 выстрел без отдачи в положении лежа,,,ModItemWeaponComponentEffect ShotsBeforeRecoilProne Description
990211427594,Увеличивает отдачу на <Recoil>,,,ModItemWeaponComponentEffect RecoilIncrease Description
477766312982,Уменьшает звук выстрела до <NoiseMultiplier>% от стандартого,,,ModItemWeaponComponentEffect SilentShots Description
274659597928,Уменьшает дальность наполовину,,,ModItemWeaponComponentEffect ReduceRange50Percent Description
441447149584,Уменьшает эффективность прицеливания на 15%,,,ModItemWeaponComponentEffect ReduceAimAccuracy15Percent Description
788849288498,Увеличивает эффективность прицеливания на 15%,,,ModItemWeaponComponentEffect IncreaseAimAccuracy15Percent Description
102035448421,Уменьшает эффективность прицеливания на 20%,,,ModItemWeaponComponentEffect ReduceAimAccuracy20Percent Description
178427675821,Уменьшает эффективность прицеливания на 50%,,,ModItemWeaponComponentEffect ReduceAimAccuracy50Percent Description
423904687354,Уменьшает эффективность прицеливания на 80%,,,ModItemWeaponComponentEffect ReduceAimAccuracy80Percent Description
431343426567,Уменьшает эффективность прицеливания на 90%,,,ModItemWeaponComponentEffect ReduceAimAccuracy90Percent Description
911005041262,Разблокирует <color EmStyle>Маневренный бой</color>.,,,ModItemWeaponComponentEffect EnableRunNGun Description
752695709439,Нельзя стрелять с одной руки,,,ModItemWeaponComponentEffect TwoHanded Description
330209033104,Уменьшение количества уровней прицеливания на <MaxAimActionsDecrease>,,,ModItemWeaponComponentEffect DecreaseMaxAimActions Description
751868165484,Увеличение количества уровней прицеливания на <IncreaseMaxAimActions>,,,ModItemWeaponComponentEffect IncreaseMaxAimActions Description
936769022289,"Если ваше первое действие - атака, то оно производится, как если бы у вас был <min_aim>-й уровень прицеливания. Не действует на атаки в режиме контроля",,,ModItemWeaponComponentEffect FirstShotIncreasedAim Description
924103287543,Уменьшает количество выстрелов в очереди на <color EmStyle>25%</color>,,,ModItemWeaponComponentEffect ReduceBurst25Percent Description
830704969885,Уменьшает количество выстрелов в автоогне на <color EmStyle>50%</color>,,,ModItemWeaponComponentEffect ReduceAuto50Percent Description
194360401707,Уменьшает количество выстрелов в автоогне на <color EmStyle>50%</color>,,,ModItemWeaponComponentEffect ReduceAuto25Percent Description
335389907109,Уменьшает количество выстрелов в очереди на <color EmStyle>50%</color>,,,ModItemWeaponComponentEffect ReduceBurst50Percent Description
424438166870,Уменьшает количество выстрелов в автоогне на <color EmStyle>75%</color>,,,ModItemWeaponComponentEffect ReduceAuto75Percent Description
619299124194,Увеличивает размер <color EmStyle>короткой очереди</color> на 25%.,,,ModItemWeaponComponentEffect ExtraBurstShots Description
499436938138,Увеличивает размер <color EmStyle>длинной очереди</color> на 25%.,,,ModItemWeaponComponentEffect ExtraAutoShots Description
834587790495,Громоздкое,,,ModItemWeaponComponentEffect Cumbersome Description
399210369134,Бонус к стрельбе на дистанции до 10 клеток,,,ModItemWeaponComponentEffect PointBlankBonus Description
543656846801,Увеличенный размер магазина,,,ModItemWeaponComponentEffect MagazineSizeAdd Description
756735304143,"Прицел <ScopeMagnification>.<ScopeSubMagnification> кратности  (от <ScopeAimLevel> уровня прицеливания и выше)
Увеличенная потеря точности при стрельбе очередями при использовании прицела",,,ModItemWeaponComponentEffect ScopeMagnification Description
777711636745,Прицел: бонус к точности в <ScopeCTH>%   (при использовании прицела),,,ModItemWeaponComponentEffect ScopeCTHBonus Description
125920377910,Прицел: доп. уровень зума: <SmallMagnification>.<SmallSubMagnification> кратности  (от <SmallAimLevel> уровня прицеливания и выше),,,ModItemWeaponComponentEffect SmallMagnification Description
293887523606,Прицел: Уменьшает эргономику на <ScopeHandlingReduce>,,,ModItemWeaponComponentEffect ScopeHandlingReduce Description
150485188267,Прицел: Уменьшает бонус точности на <ScopeAccuracyReduce>,,,ModItemWeaponComponentEffect ScopeAccuracyReduce Description
239259037634,Прицел: Увеличивает бонус точности на <ScopeAccuracyIncrease>,,,ModItemWeaponComponentEffect ScopeAccuracyIncreace Description
359842435692,Прицел: Увеличивает сектор контроля на 30%,,,ModItemWeaponComponentEffect ScopeOverwatchAngleIncreace Description
884079440459,Прицел: Увеличивает сектор контроля на 50%,,,ModItemWeaponComponentEffect ScopeOverwatchAngleIncreaceBig Description
837560051301,Прицел: Уменьшает сектор контроля на 30%,,,ModItemWeaponComponentEffect ScopeOverwatchAngleDecrease Description
492982908946,Прицел: Уменьшает сектор контроля на 50%,,,ModItemWeaponComponentEffect ScopeOverwatchAngleDecreaseBig Description
878160381370,Ствол: Уменьшает эргономику на <BarrelHandlingReduce>,,,ModItemWeaponComponentEffect BarrelHandlingReduce Description
938142494998,Ствол: Уменьшает дальность на <BarrelRangeReduce>,,,ModItemWeaponComponentEffect BarrelRangeReduce Description
714841794333,Ствол: Уменьшает настильность на <BulletDropReduce>,,,ModItemWeaponComponentEffect BarrelBulletDropReduce Description
220439905812,Ствол: Уменьшает кучность на 10%,,,ModItemWeaponComponentEffect BarrelGroupingReduce Description
137925284623,Ствол: Уменьшает кучность на 30%,,,ModItemWeaponComponentEffect BarrelGroupingIncrease Description
302936843429,Ствол: Увеличивает эргономику на <BarrelHandlingIncrease>,,,ModItemWeaponComponentEffect BarrelHandlingIncrease Description
549259538075,Ствол: Увеличивает дальность на <BarrelRangeIncrease>,,,ModItemWeaponComponentEffect BarrelRangeIncrease Description
121809489098,Ствол: Увеличивает настильность на <BulletDropIncrease>,,,ModItemWeaponComponentEffect BarrelBulletDropIncrease Description
702435988941,Ствол: Уменьшает отдачу на <BarrelRecoilRecude>,,,ModItemWeaponComponentEffect BarrelRecoilRecude Description
590807558387,Ствол: Увеличивает отдачу на <BarrelRecoilIncrease>,,,ModItemWeaponComponentEffect BarrelRecoilIncrease Description
185166207320,Ствол: Увеличивает точность на <BarrelAccuracyIncrease>,,,ModItemWeaponComponentEffect BarrelAccuracyIncrease Description
440849741522,Глушитель: Уменьшает кучность на 30%,,,ModItemWeaponComponentEffect SilencerGroupingReduce30 Description
433718061967,Глушитель: Уменьшает кучность на 50%,,,ModItemWeaponComponentEffect SilencerGroupingReduce50 Description
786472365193,Глушитель: Уменьшает кучность на 10%,,,ModItemWeaponComponentEffect SilencerGroupingReduce10 Description
390277961462,Глушитель: Увеличивает шанс клина,,,ModItemWeaponComponentEffect SilencerJamChance Description
367518219469,Глушитель: Уменьшает эргономику на <SilencerHandlingReduce>,,,ModItemWeaponComponentEffect SilencerHandlingReduce Description
560577297344,Приклад: Увеличивает эргономику на <StockHandlingIncrease>,,,ModItemWeaponComponentEffect StockHandlingIncrease Description
773808813567,Ствол: Увеличивает эргономику на <GripHandlingIncrease>,,,ModItemWeaponComponentEffect GripHandlingIncrease Description
545388769456,Магазин: Увеличивает эргономику на <MagazineHandlingIncrease>,,,ModItemWeaponComponentEffect MagazineHandlingIncrease Description
637133143035,Магазин: Уменьшает эргономику на <MagazineHandlingDecrease>,,,ModItemWeaponComponentEffect MagazineHandlingDecrease Description
937608187955,Сошки: Уменьшает эргономику на <BipodsHandlingDecrease>,,,ModItemWeaponComponentEffect BipodsHandlingDecrease Description
777106227129,Подствольник: Уменьшает эргономику на <BipodsHandlingDecrease>,,,ModItemWeaponComponentEffect GLHandlingDecrease Description
191386174067,Changes caliber to .50 BMG,,,ModItemWeaponComponentEffect ChangeCaliberToBMG Description
263473667717,Бонус стрельбы ночью +<NightsIronsBonus>%,,,ModItemWeaponComponentEffect NightsIronsBonus Description
266860618717,Базовый шанс попасть +<bonus_cth>%,,,ModItemWeaponComponentEffect MinorAccuracyBonus Description
957597806032,Разблокирует режим <em>Стрельбы очередями</em> ,,,ModItemWeaponComponentEffect EnableBurst Description
957597806032,Лазер: +<LaserCTH> шанс попасть на дистанции до  <LaserDistance> клеток,,,ModItemWeaponComponentEffect LaserMark Description
634030765490,Сошки,,,ModItemWeaponComponent Bipod DisplayName
535138608885,Автоматический огонь,,,ModItemWeaponComponent Autofire DisplayName
906506173391,Короткий ствол,,,ModItemWeaponComponent BarrelShort_AUG DisplayName
142200651625,Короткий нарезной ствол с возрастающим шагом,,,ModItemWeaponComponent BarrelShortImproved_AUG DisplayName
799358463039,Удлиненный ствол с сошками,,,ModItemWeaponComponent BarrelLong_AUG DisplayName
548320248220,Удлиненный нарезной ствол с возрастающим шагом (с сошками),,,ModItemWeaponComponent BarrelLongImproved_AUG DisplayName
670232968618,Утяжеленный ствол,,,ModItemWeaponComponent BarrelHeavy DisplayName
187320859996,Удлиненный ствол,,,ModItemWeaponComponent BarrelLong DisplayName
768164828061,Удлиненный нарезной ствол с возрастающим шагом,,,ModItemWeaponComponent BarrelLongImproved DisplayName
239780483854,Удлиненный ствол,,,ModItemWeaponComponent BarrelLongShotgun DisplayName
163468868308,Стандартный ствол,,,ModItemWeaponComponent BarrelNormal DisplayName
163468868308,Ствол под глушитель,,,ModItemWeaponComponent BarrelNormal_Sil DisplayName
163468868308,Стандартный ствол,,,ModItemWeaponComponent BarrelNormal_noSil DisplayName
671026254629,Нарезной ствол с возрастающим шагом,,,ModItemWeaponComponent BarrelNormalImproved DisplayName
646798210647,Короткий ствол,,,ModItemWeaponComponent BarrelShort DisplayName
646798210647,Короткий ствол,,,ModItemWeaponComponent BarrelShort_Pistol DisplayName
729393345984,Короткий ствол,,,ModItemWeaponComponent BarrelShortRunNGun DisplayName
490773992103,Короткий нарезной ствол с возрастающим шагом,,,ModItemWeaponComponent BarrelShortImproved DisplayName
912567871400,Укороченный ствол,,,ModItemWeaponComponent BarrelShortShotgun DisplayName
136797190497,Ствол под калибр .50 BMG,,,ModItemWeaponComponent Barrel50BMG_DesertEagle DisplayName
664378236433,Штык-нож,,,ModItemWeaponComponent Type56Bayo DisplayName
352267355016,Штык-нож,,,ModItemWeaponComponent Type56BayoF DisplayName
479016903337,Складывающийся приклад,,,ModItemWeaponComponent StockFolded DisplayName
311689404716,Тяжелый приклад,,,ModItemWeaponComponent StockHeavy DisplayName
603481041540,Легкий приклад,,,ModItemWeaponComponent StockLight DisplayName
624748134446,Складной приклад (Сложенный),,,ModItemWeaponComponent StockLightFolded DisplayName
158002281979,Рамочный приклад (Разложенный),,,ModItemWeaponComponent StockLightUnFolded DisplayName
133454711677,Нет приклада,,,ModItemWeaponComponent StockNo DisplayName
630087015498,Стандартный приклад,,,ModItemWeaponComponent StockNormal DisplayName
295745971879,Вертикальная рукоять,,,ModItemWeaponComponent VerticalGrip DisplayName
405483704567,Вертикальная рукоять (Сложенная),,,ModItemWeaponComponent VerticalGripFld DisplayName
613111379089,Вертикальная рукоять,,,ModItemWeaponComponent VerticalGrip_M14 DisplayName
615886585591,Вертикальная рукоять,,,ModItemWeaponComponent AK47_VerticalGrip DisplayName
484260334583,Вертикальная рукоять,,,ModItemWeaponComponent AKSU_VerticalGrip DisplayName
932806387495,Вертикальная рукоять,,,ModItemWeaponComponent VerticalGrip_M16 DisplayName
759151732813,Тактическая рукоять,,,ModItemWeaponComponent TacGrip DisplayName
207111073834,Эргономичная рукоять для Sig,,,ModItemWeaponComponent SigErgoHandGrip DisplayName
747694755276,Заводская рукоять Sig,,,ModItemWeaponComponent SigDefHandGuard DisplayName
207111073834,Эргономичная рукоять,,,ModItemWeaponComponent Handgrip_Ergo DisplayName
747694755276,Стандартная рукоять,,,ModItemWeaponComponent Handgrip_Default DisplayName
661913822789,Фонарик,,,ModItemWeaponComponent FlashlightOff DisplayName
766565091112,Фонарик,,,ModItemWeaponComponent Flashlight DisplayName
634387792704,Рукоятка с фонариком,,,ModItemWeaponComponent Flashlight_Grip DisplayName
537813709075,Рукоятка с фонариком,,,ModItemWeaponComponent Flashlight_Grip_Off DisplayName
571634186469,Фонарик,,,ModItemWeaponComponent Flashlight_R870 DisplayName
672602925592,Фонарик,,,ModItemWeaponComponent Flashlight_Anaconda DisplayName
776595966661,Фонарик,,,ModItemWeaponComponent Flashlight_aa12 DisplayName
355088784451,Тактическое устройство,,,ModItemWeaponComponent FlashlightDot DisplayName
631576241500,Тактическое устройство,,,ModItemWeaponComponent FlashlightDot_aa12 DisplayName
395964607753,Тактическое устройство,,,ModItemWeaponComponent FlashlightDot_Anaconda DisplayName
705134849527,Лазерный целеуказатель,,,ModItemWeaponComponent LaserDot DisplayName
802449920546,Коллиматор,,,ModItemWeaponComponent LaserDot_Anaconda DisplayName
619086135038,Коллиматор,,,ModItemWeaponComponent LaserDot_aa12 DisplayName
315115591756,УФ-прицел,,,ModItemWeaponComponent UVDot DisplayName
289472205391,УФ-прицел,,,ModItemWeaponComponent UVDot_Anaconda DisplayName
115657169826,УФ-прицел,,,ModItemWeaponComponent UVDot_aa12 DisplayName
684571159127,Обмотка на цевье,,,ModItemWeaponComponent HandlingWrap DisplayName
772821031426,Компенсатор,,,ModItemWeaponComponent Compensator DisplayName
566372378498,Глушитель,,,ModItemWeaponComponent PistolSuppressor DisplayName
829507516509,Масляной фильтр,,,ModItemWeaponComponent ImprovisedSuppressor DisplayName
701275994916,Глушитель,,,ModItemWeaponComponent Suppressor DisplayName
102033365013,Пламегаситель,,,ModItemWeaponComponent FlashHider DisplayName
301018052581,Улучшенный глушитель,,,ModItemWeaponComponent SuppressorImproved DisplayName
447055432396,Глушитель Интегрированный,,,ModItemWeaponComponent SuppressorIntegrated DisplayName
441367044411,Улучшенный компенсатор,,,ModItemWeaponComponent AUGCompensator_3 DisplayName
145217278026,Стандартный компенсатор,,,ModItemWeaponComponent AUGCompensator_1 DisplayName
626152921326,Плоский чок,,,ModItemWeaponComponent DuckbillChoke DisplayName
680208853018,Полный чок,,,ModItemWeaponComponent FullChoke DisplayName
815367743743,Усилитель отдачи,,,ModItemWeaponComponent MuzzleBooster DisplayName
307944654902,Стандартный механический прицел,,,ModItemWeaponComponent DefaultIronsight_AR15 DisplayName
840707247407,Ул. механический прицел,,,ModItemWeaponComponent ImprovedIronsight_AR15 DisplayName
849327292480,Базовый механический прицел,,,ModItemWeaponComponent BaseIronsight_Anaconda DisplayName
434823290751,Снайперский прицел с 5-кратным увеличением,,,ModItemWeaponComponent LROptics_DragunovDefault DisplayName
894276707460,Стандартный механический прицел,,,ModItemWeaponComponent GewehrDefaultSight DisplayName
870526084440,Улучшенный зеркальный прицел,,,ModItemWeaponComponent ReflexSightAdvanced_Glock DisplayName
601674193651,Ул. механический прицел,,,ModItemWeaponComponent ImprovedIronsight DisplayName
404607274285,Коллиматор,,,ModItemWeaponComponent ReflexSight DisplayName
461754354229,Улучшенный коллиматор,,,ModItemWeaponComponent ReflexSightAdvanced DisplayName
254930997326,Прицел малой кратности,,,ModItemWeaponComponent ScopeCOG DisplayName
520100285462,Штурмовой прицел,,,ModItemWeaponComponent ScopeCOGQuick DisplayName
528735864844,Оптический прицел,,,ModItemWeaponComponent LROptics DisplayName
238205429247,Снайперский прицел с 10-кратным увеличением,,,ModItemWeaponComponent LROpticsAdvanced DisplayName
687554410745,Ночной прицел,,,ModItemWeaponComponent ThermalScope DisplayName
375055804144,Коллиматор,,,ModItemWeaponComponent JAZZ_Reflex_Garand DisplayName
419665110457,Коллиматор Кобра,,,ModItemWeaponComponent JAZZ_Reflex_Cobra DisplayName
574964736908,Коллиматор Aimpoint5000,,,ModItemWeaponComponent JAZZ_Reflex_Aimpoint5000 DisplayName
647575301119,Коллиматор Закрытый,,,ModItemWeaponComponent JAZZ_Reflex_Closed DisplayName
943616917546,Коллиматор ПК-АА,,,ModItemWeaponComponent JAZZ_Reflex_PKAS DisplayName
293376782893,Коллиматор Aimpoint M68,,,ModItemWeaponComponent JAZZ_Reflex_M68 DisplayName
419464536793,Коллиматор Компактный,,,ModItemWeaponComponent JAZZ_Reflex_Open DisplayName
628416281031,Коллиматор Пистолетный,,,ModItemWeaponComponent JAZZ_Reflex_Pistol DisplayName
680857543153,Коллиматор Eotech,,,ModItemWeaponComponent JAZZ_Reflex_Eotech DisplayName
937267241454,Штурмовой прицел (2x),,,ModItemWeaponComponent JAZZ_CombatScope_2x DisplayName
810656267860,Штурмовой прицел (3x),,,ModItemWeaponComponent JAZZ_CombatScope_3x DisplayName
741345842100,"Штурмовой прицел ""Тюльпан"" (4х)",,,ModItemWeaponComponent JAZZ_CombatScope_1P29 DisplayName
570150285061,Штурмовой прицел Fero Z24 (4х),,,ModItemWeaponComponent JAZZ_CombatScope_FeroZ24 DisplayName
386481682677,Штурмовой прицел ACOG (4x),,,ModItemWeaponComponent JAZZ_CombatScope_ACOG DisplayName
302136703072,Прицел AUG (1.5x),,,ModItemWeaponComponent AUGScope_Default DisplayName
458046741551,Прицел G36 1.5x,,,ModItemWeaponComponent Jazz_G36Sight DisplayName
714899319454,Прицел G36 3x,,,ModItemWeaponComponent Jazz_G36Scope DisplayName
265393728199,Оптический Прицел ПСО (4x),,,ModItemWeaponComponent JAZZ_Scope_PSO DisplayName
474039268901,Оптический Прицел Leupold Mark 4 (12x),,,ModItemWeaponComponent JAZZ_Scope_12x DisplayName
391782617851,Оптический Прицел 1-6x,,,ModItemWeaponComponent JAZZ_Scope_6x DisplayName
362839937832,Оптический Прицел 8x,,,ModItemWeaponComponent JAZZ_Scope_8x_SCROME DisplayName
950000683454,Оптический Прицел Vortex Crossfire II Scout Scope (2-7x),,,ModItemWeaponComponent JAZZ_Scope_Scout DisplayName
453378188799,Оптический Прицел Redfield (3-9x),,,ModItemWeaponComponent JAZZ_Scope_3x_9x DisplayName
912711132128,Оптический Прицел (2.75x),,,ModItemWeaponComponent JAZZ_Scope_Springfield DisplayName
237637252887,Оптический Прицел ПУ (3.5x),,,ModItemWeaponComponent JAZZ_Scope_PU DisplayName
781057492254,Оптический Прицел Zeiss Diavari-DA (1.5-6x),,,ModItemWeaponComponent JAZZ_Scope_DA15_6x DisplayName
379863023022,Оптический Прицел M84 (2.2x),,,ModItemWeaponComponent JAZZ_Scope_Garand DisplayName
540881009334,Оптический Прицел ZRAK (4x),,,ModItemWeaponComponent JAZZ_Scope_ZRAK DisplayName
540881009334,Оптический Прицел ZF4 (4x),,,ModItemWeaponComponent JAZZ_Scope_ZF4 DisplayName
413751028775,Оптический Прицел Hensoldt ZF PSG1 (6x),,,ModItemWeaponComponent JAZZ_Scope_PSG DisplayName
240766540064,Ночной прицел НСПУ (3.5х),,,ModItemWeaponComponent JAZZ_NightScope_NSPU DisplayName
264111342594,Ночной прицел (5х),,,ModItemWeaponComponent JAZZ_NightScope DisplayName
264111342594,Ночной прицел (5х),,,ModItemWeaponComponent JAZZ_NightScope_M3 DisplayName
842926988549,Стандартный прицел,,,ModItemWeaponComponent Jazz_IronSight DisplayName
822422899261,Точный прицел,,,ModItemWeaponComponent Jazz_IronSight_AIM DisplayName
500523926373,Быстрый прицел,,,ModItemWeaponComponent Jazz_IronSight_FAST DisplayName
941514825854,Ночной прицел,,,ModItemWeaponComponent Jazz_IronSight_NIGHT DisplayName
511443060153,Ремень,,,ModItemWeaponComponent HolsterBelt DisplayName
314740679579,Гранатомет,,,ModItemWeaponComponent GrenadeLauncher_AUG DisplayName
155340813032,Вертикальная рукоять,,,ModItemWeaponComponent VerticalGrip_AUG DisplayName
991477811622,Lower,,,ModItemWeaponComponent HK33Lower DisplayName
555407199353,Улучшенный lower,,,ModItemWeaponComponent HK33LowerMod DisplayName
234966158159,Цевье,,,ModItemWeaponComponent HK33Handguard DisplayName
459910372558,Цевье с планками,,,ModItemWeaponComponent HK33HandguardMod DisplayName
342462882081,Гранатомет,,,ModItemWeaponComponent GrenadeLauncher DisplayName
465581571504,Гранатомет,,,ModItemWeaponComponent GrenadeLauncher_Galil DisplayName
375576659076,Цевьё,,,ModItemWeaponComponent Handguard DisplayName
129978350501,Цевьё,,,ModItemWeaponComponent HandguardM1A DisplayName
266664626516,Цевьё с рельсой,,,ModItemWeaponComponent HandguardM1ARail DisplayName
304182346557,ГП-25,,,ModItemWeaponComponent GP25 DisplayName
604465908581,Пистолет,,,ModItemWeaponComponent Freeswap DisplayName
925428900427,Ускорение перезарядки,,,ModItemWeaponComponent SpeedLoader DisplayName
709270944750,Сложенный прицел,,,ModItemWeaponComponent M70_Fld_GL DisplayName
996245688952,Разложенный прицел,,,ModItemWeaponComponent M70_Unfld_GL DisplayName
378753629101,Наствольная граната для М70,,,ModItemWeaponComponent M70_Grenade DisplayName
741738016165,Заводской магазин,,,ModItemWeaponComponent MagNormal DisplayName
816005080243,Магазин на 20 патрон,,,ModItemWeaponComponent MagNormalG18 DisplayName
348327159805,Быстросъемный магазин,,,ModItemWeaponComponent MagQuick DisplayName
927657862290,Магазин на 20 патрон,,,ModItemWeaponComponent MagSmall30_20 DisplayName
146732068615,Магазин на 15 патрон,,,ModItemWeaponComponent MagSmall30_15 DisplayName
619101874498,Магазин на 10 патрон,,,ModItemWeaponComponent MagSmall20_10 DisplayName
213094233610,Расширенный магазин,,,ModItemWeaponComponent MagLarge DisplayName
212189312168,Магазин на 33 патрона,,,ModItemWeaponComponent MagLarge_17_33 DisplayName
853495886060,Магазин на 10 патрон,,,ModItemWeaponComponent MagLarge_5_10 DisplayName
513947495758,Магазин на 10 патрон,,,ModItemWeaponComponent MagLarge_8_10 DisplayName
513947495758,Магазин на 10 патрон,,,ModItemWeaponComponent MagLarge_7_10 DisplayName
870471539633,Магазин на 20 патрон,,,ModItemWeaponComponent MagLarge_18_20 DisplayName
431607576909,Магазин на 40 патрон,,,ModItemWeaponComponent MagLarge_30_40 DisplayName
987708413156,Магазин на 45 патрон,,,ModItemWeaponComponent MagLarge_30_45 DisplayName
997099133073,Магазин на 42 патрона,,,ModItemWeaponComponent MagLarge_30_42 DisplayName
389079656552,Магазин на 20 патрон,,,ModItemWeaponComponent MagLarge_10_20 DisplayName
804714419971,Магазин на 30 патрон,,,ModItemWeaponComponent MagLarge_20_30 DisplayName
544080364524,Магазин на 40 патрон,,,ModItemWeaponComponent MagLarge_25_40 DisplayName
364320171979,Эргономичный увеличенный магазин,,,ModItemWeaponComponent MagLargeFine DisplayName
950788011232,Улучшенный магазин,,,ModItemWeaponComponent MagNormalFine DisplayName
580391137625,Бубен,,,ModItemWeaponComponent MagLarger DisplayName
202821670683,Бубен,,,ModItemWeaponComponent MagDrum_30-50 DisplayName
475365498057,Бубен,,,ModItemWeaponComponent MagDrum_35-71 DisplayName
571428420057,Бубен,,,ModItemWeaponComponent MagDrum_30-75 DisplayName
494349827673,Бубен,,,ModItemWeaponComponent MagDrum_30-100 DisplayName
436643816571,Бубен,,,ModItemWeaponComponent MagDrum_30-100_cumbersome DisplayName
325946124810,Короб,,,ModItemWeaponComponent MagBelt_40-100 DisplayName
504310573707,Увеличенный короб,,,ModItemWeaponComponent MagBelt_100-200 DisplayName
819181213302,Expanded Mag,,,ModItemWeaponComponent MagBelt DisplayName
898177327102,LMG and MG Magazines,,,ModItemWeaponComponent MagBeltLarge DisplayName
155197885944,Магазин увеличенной емкости,,,ModItemWeaponComponent BigMag DisplayName
785174016047,"Ещё один бубенец, только пулеметный",,,ModItemWeaponComponent MGmug DisplayName
368922403308,Бубенец,,,ModItemWeaponComponent Bubny DisplayName
568412424587,Компенсатор,,,ModItemInventoryItemCompositeDef Compensator DisplayName
441080010376,Компенсаторы,,,ModItemInventoryItemCompositeDef Compensator DisplayNamePlural
431692419145,<image UI/Conversation/T_Dialogue_IconBackgroundCircle.tga 400 130 128 120> Компенсатор. Можно поставить через экран модификаций,,,ModItemInventoryItemCompositeDef Compensator AdditionalHint
640801182636,Компенсатор,,,ModItemInventoryItemCompositeDef Suppressor DisplayName
603639518429,Компенсаторы,,,ModItemInventoryItemCompositeDef Suppressor DisplayNamePlural
847986618113,"<image UI/Conversation/T_Dialogue_IconBackgroundCircle.tga 400 130 128 120> Компенсатор, который можно поставить в оружие",,,ModItemInventoryItemCompositeDef Suppressor AdditionalHint
512280121443,Компенсатор,,,ModItemInventoryItemCompositeDef Suppressor_Rifle DisplayName
502809408099,Компенсаторы,,,ModItemInventoryItemCompositeDef Suppressor_Rifle DisplayNamePlural
826904154252,"<image UI/Conversation/T_Dialogue_IconBackgroundCircle.tga 400 130 128 120> Компенсатор, который можно поставить в оружие",,,ModItemInventoryItemCompositeDef Suppressor_Rifle AdditionalHint
118793614826,Компенсатор,,,ModItemInventoryItemCompositeDef OilFilter DisplayName
735360883220,Компенсаторы,,,ModItemInventoryItemCompositeDef OilFilter DisplayNamePlural
409065182639,"<image UI/Conversation/T_Dialogue_IconBackgroundCircle.tga 400 130 128 120> Компенсатор, который можно поставить в оружие",,,ModItemInventoryItemCompositeDef OilFilter AdditionalHint
632152926674,Стальная труба,,,ModItemInventoryItemCompositeDef FineSteelPipe DisplayName
450608719314,Стальные трубы,,,ModItemInventoryItemCompositeDef FineSteelPipe DisplayNamePlural
906442723868,<image UI/Conversation/T_Dialogue_IconBackgroundCircle.tga 400 130 128 120> Используется при создании улучшенных компонентов для оружия,,,ModItemInventoryItemCompositeDef FineSteelPipe AdditionalHint
658657633995,Медикаменты,,,ModItemInventoryItemCompositeDef Meds DisplayName
587879132073,Медикаменты,,,ModItemInventoryItemCompositeDef Meds DisplayNamePlural
834156151134,"<image UI/Conversation/T_Dialogue_IconBackgroundCircle.tga 400 130 128 120> Используются для операции «Лечение ран» в виде со спутника
<image UI/Conversation/T_Dialogue_IconBackgroundCircle.tga 400 130 128 120> Используются для восполнения аптечек и наборов первой помощи",,,ModItemInventoryItemCompositeDef Meds AdditionalHint
171241193345,Чип,,,ModItemInventoryItemCompositeDef Microchip DisplayName
722836023605,Чипы,,,ModItemInventoryItemCompositeDef Microchip DisplayNamePlural
859152016185,<image UI/Conversation/T_Dialogue_IconBackgroundCircle.tga 400 130 128 120> Используется при создании улучшенных компонентов для оружия,,,ModItemInventoryItemCompositeDef Microchip AdditionalHint
234015637580,Линза,,,ModItemInventoryItemCompositeDef OpticalLens DisplayName
869642347745,Линзы,,,ModItemInventoryItemCompositeDef OpticalLens DisplayNamePlural
421377090006,<image UI/Conversation/T_Dialogue_IconBackgroundCircle.tga 400 130 128 120> Используется при создании улучшенных компонентов для оружия,,,ModItemInventoryItemCompositeDef OpticalLens AdditionalHint
446617998255,Запчасти,,,ModItemInventoryItemCompositeDef Parts DisplayName
527810279336,Запчасти,,,ModItemInventoryItemCompositeDef Parts DisplayNamePlural
683993796357,"<image UI/Conversation/T_Dialogue_IconBackgroundCircle.tga 400 130 128 120> Используются для модификации оружия
<image UI/Conversation/T_Dialogue_IconBackgroundCircle.tga 400 130 128 120> Используются для операции «Ремонт предметов» в виде со спутника.",,,ModItemInventoryItemCompositeDef Parts AdditionalHint
186293445167,Рукоятка,,,ModItemWeaponUpgradeSlot Default Handgrip DisplayName
590982283163,Мушка,,,ModItemWeaponUpgradeSlot Default Sightsf DisplayName
163673514518,Целик,,,ModItemWeaponUpgradeSlot Default Sightsr DisplayName
661067714356,Мачете,,,ModItemInventoryItemCompositeDef Machete DisplayName
272155767129,Мачете,,,ModItemInventoryItemCompositeDef Machete DisplayNamePlural
530829517031,"Хозяйственный инструмент для прокладывания дороги через джунги, рубки тростника или бананов. Или людей.",,,ModItemInventoryItemCompositeDef Machete Description
785348621490,<image UI/Conversation/T_Dialogue_IconBackgroundCircle.tga 400 130 128 120> Увеличенный доп. урон от силы,,,ModItemInventoryItemCompositeDef Machete AdditionalHint
270221582219,Мачете,,,ModItemInventoryItemCompositeDef Bayonet DisplayName
655866118705,Мачете,,,ModItemInventoryItemCompositeDef Bayonet DisplayNamePlural
109216922119,"Хозяйственный инструмент для прокладывания дороги через джунги, рубки тростника или бананов. Или людей.",,,ModItemInventoryItemCompositeDef Bayonet Description
393883116380,<image UI/Conversation/T_Dialogue_IconBackgroundCircle.tga 400 130 128 120> Увеличенный доп. урон от силы,,,ModItemInventoryItemCompositeDef Bayonet AdditionalHint
327581548846,Сбалансирован. мачете,,,ModItemInventoryItemCompositeDef Machete_Balanced DisplayName
485784855197,Сбалансирован. мачете,,,ModItemInventoryItemCompositeDef Machete_Balanced DisplayNamePlural
918310176002,"Хозяйственный инструмент для прокладывания дороги через джунги, рубки тростника или бананов. Или людей.",,,ModItemInventoryItemCompositeDef Machete_Balanced Description
647226077950,"<image UI/Conversation/T_Dialogue_IconBackgroundCircle.tga 400 130 128 120> Увеличенный доп. урон от силы 
<image UI/Conversation/T_Dialogue_IconBackgroundCircle.tga 400 130 128 120> Сбалансированное: увеличенная эффективность прицеливания",,,ModItemInventoryItemCompositeDef Machete_Balanced AdditionalHint
308289656110,Заточенное мачете,,,ModItemInventoryItemCompositeDef Machete_Sharpened DisplayName
269336377425,Заточенные мачете,,,ModItemInventoryItemCompositeDef Machete_Sharpened DisplayNamePlural
559511805609,"Хозяйственный инструмент для прокладывания дороги через джунги, рубки тростника или бананов. Или людей.",,,ModItemInventoryItemCompositeDef Machete_Sharpened Description
433580785416,"<image UI/Conversation/T_Dialogue_IconBackgroundCircle.tga 400 130 128 120> Увеличенный доп. урон от силы
<image UI/Conversation/T_Dialogue_IconBackgroundCircle.tga 400 130 128 120> Заточенное: высокий урон",,,ModItemInventoryItemCompositeDef Machete_Sharpened AdditionalHint
157754371372,Без оружия,,,ModItemInventoryItemCompositeDef Unarmed DisplayName
841542978000,Без оружия,,,ModItemInventoryItemCompositeDef Unarmed DisplayNamePlural
694647651138,"<image UI/Conversation/T_Dialogue_IconBackgroundCircle.tga 400 130 128 120> Небольшой урон
<image UI/Conversation/T_Dialogue_IconBackgroundCircle.tga 400 130 128 120> Увеличенный эффект от силы
<image UI/Conversation/T_Dialogue_IconBackgroundCircle.tga 400 130 128 120> Очень высокий шанс критического попадания
<image UI/Conversation/T_Dialogue_IconBackgroundCircle.tga 400 130 128 120> Значительно увеличенная эффективность прицеливания",,,ModItemInventoryItemCompositeDef Unarmed AdditionalHint
513530474047,Боевой нож,,,ModItemInventoryItemCompositeDef Knife DisplayName
892808638928,Боевые ножи,,,ModItemInventoryItemCompositeDef Knife DisplayNamePlural
529156987983,Что может быть лучше ближнего боя?,,,ModItemInventoryItemCompositeDef Knife Description
867511028817,<image UI/Conversation/T_Dialogue_IconBackgroundCircle.tga 400 130 128 120> Низкая цена атаки,,,ModItemInventoryItemCompositeDef Knife AdditionalHint
558360625902,Сбалансированный нож,,,ModItemInventoryItemCompositeDef Knife_Balanced DisplayName
288113994061,Сбалансированные ножи,,,ModItemInventoryItemCompositeDef Knife_Balanced DisplayNamePlural
816876181011,Что может быть лучше ближнего боя?,,,ModItemInventoryItemCompositeDef Knife_Balanced Description
337666095722,"<image UI/Conversation/T_Dialogue_IconBackgroundCircle.tga 400 130 128 120> Сбалансированное: увеличенная дальность броска
<image UI/Conversation/T_Dialogue_IconBackgroundCircle.tga 400 130 128 120> Сбалансированное: увеличенная эффективность прицеливания
<image UI/Conversation/T_Dialogue_IconBackgroundCircle.tga 400 130 128 120> Низкая цена атаки",,,ModItemInventoryItemCompositeDef Knife_Balanced AdditionalHint
515703351409,Заточенный нож,,,ModItemInventoryItemCompositeDef Knife_Sharpened DisplayName
589780714318,Заточенные ножи,,,ModItemInventoryItemCompositeDef Knife_Sharpened DisplayNamePlural
995060755349,Что может быть лучше ближнего боя?,,,ModItemInventoryItemCompositeDef Knife_Sharpened Description
481262160237,"<image UI/Conversation/T_Dialogue_IconBackgroundCircle.tga 400 130 128 120> Заточенное: высокий урон
<image UI/Conversation/T_Dialogue_IconBackgroundCircle.tga 400 130 128 120> Низкая цена атаки",,,ModItemInventoryItemCompositeDef Knife_Sharpened AdditionalHint
906121938060,Бесконечные ножи,,,ModItemInventoryItemCompositeDef EndlessKnives DisplayName
136340260836,Бесконечные ножи,,,ModItemInventoryItemCompositeDef EndlessKnives DisplayNamePlural
932962724262,"Блад лично выбирал и точил каждый режик и ножик из своего набора. Вот тем, большим, можно рубить хворост, вот этим, широким - делать вырезку. А вот этот для скальпов. И этот. И вон тот.",,,ModItemInventoryItemCompositeDef EndlessKnives Description
873120430532,"<image UI/Conversation/T_Dialogue_IconBackgroundCircle.tga 400 130 128 120> Всегда под рукой!
<image UI/Conversation/T_Dialogue_IconBackgroundCircle.tga 400 130 128 120> Низкая цена атаки
<image UI/Conversation/T_Dialogue_IconBackgroundCircle.tga 400 130 128 120> Увеличенная эффективность прицеливания",,,ModItemInventoryItemCompositeDef EndlessKnives AdditionalHint
434069324472,Саперная лопата,,,ModItemInventoryItemCompositeDef Trench_Shovel DisplayName
433782108861,Саперная лопата,,,ModItemInventoryItemCompositeDef Trench_Shovel DisplayNamePlural
512339624175,"Мультитул советского солдата. Эффективен как в проведении инженерных работ, так и в качестве холодного оружия.",,,ModItemInventoryItemCompositeDef Trench_Shovel Description
746132783887,<image UI/Conversation/T_Dialogue_IconBackgroundCircle.tga 400 130 128 120> Увеличенный доп. урон от силы,,,ModItemInventoryItemCompositeDef Trench_Shovel AdditionalHint
772969462355,Охотничий нож,,,ModItemInventoryItemCompositeDef GutHookKnife DisplayName
253531089699,Охотничьи ножи,,,ModItemInventoryItemCompositeDef GutHookKnife DisplayNamePlural
322627335890,"Специальным шкуродером такой опытный охотник, как Омрын может освежевать оленя за пятнадцать минут.",,,ModItemInventoryItemCompositeDef GutHookKnife Description
403761935169,"<image UI/Conversation/T_Dialogue_IconBackgroundCircle.tga 400 130 128 120> Вызывает <color EmStyle>кровотечение</color>
<image UI/Conversation/T_Dialogue_IconBackgroundCircle.tga 400 130 128 120> Низкая цена атаки
<image UI/Conversation/T_Dialogue_IconBackgroundCircle.tga 400 130 128 120> Увеличенная эффективность прицеливания",,,ModItemInventoryItemCompositeDef GutHookKnife AdditionalHint
856581366127,«Гордость Легиона»,,,ModItemInventoryItemCompositeDef PierreMachete DisplayName
382530254567,«Гордость Легиона»,,,ModItemInventoryItemCompositeDef PierreMachete DisplayNamePlural
337230371768,"""Гордость Легиона"". Пафосное имя, выданное, в общем-то, обычной рядовой железяке, рубящей тростник. Это у Пьера возрастное, пройдет.",,,ModItemInventoryItemCompositeDef PierreMachete Description
149238847516,"<image UI/Conversation/T_Dialogue_IconBackgroundCircle.tga 400 130 128 120> Увеличенный доп. урон от силы
<image UI/Conversation/T_Dialogue_IconBackgroundCircle.tga 400 130 128 120> Низкая цена атаки",,,ModItemInventoryItemCompositeDef PierreMachete AdditionalHint
753212837827,ПНВ,,,ModItemInventoryItemCompositeDef NightVisionGoggles DisplayName
216190457512,ПНВ,,,ModItemInventoryItemCompositeDef NightVisionGoggles DisplayNamePlural
213348209507,"<image UI/Conversation/T_Dialogue_IconBackgroundCircle.tga 400 130 128 120> Снижает штрафы к точности ночью и в подземных секторах
<image UI/Conversation/T_Dialogue_IconBackgroundCircle.tga 400 130 128 120> Не суммируется с чертой «Ночные операции»
<image UI/Conversation/T_Dialogue_IconBackgroundCircle.tga 400 130 128 120> Нельзя совмещать с обивкой или керамическими пластинами",,,ModItemInventoryItemCompositeDef NightVisionGoggles AdditionalHint
233252386562,Боевой стимулятор,,,ModItemInventoryItemCompositeDef CombatStim DisplayName
838459151033,Боевые стимуляторы,,,ModItemInventoryItemCompositeDef CombatStim DisplayNamePlural
952937600404,"<image UI/Conversation/T_Dialogue_IconBackgroundCircle.tga 400 130 128 120> Используется через меню предмета
<image UI/Conversation/T_Dialogue_IconBackgroundCircle.tga 400 130 128 120> Одноразовый предмет
<image UI/Conversation/T_Dialogue_IconBackgroundCircle.tga 400 130 128 120> Дает доп. ОД до конца след. хода
<image UI/Conversation/T_Dialogue_IconBackgroundCircle.tga 400 130 128 120> Снижает запас энергии после окончания действия эффекта",,,ModItemInventoryItemCompositeDef CombatStim AdditionalHint
593242783730,ИСП.,,,ModItemInventoryItemCompositeDef CombatStim action_name
177286255676,Набор первой помощи,,,ModItemInventoryItemCompositeDef FirstAidKit DisplayName
111146552342,Наборы первой помощи,,,ModItemInventoryItemCompositeDef FirstAidKit DisplayNamePlural
833018739707,"<image UI/Conversation/T_Dialogue_IconBackgroundCircle.tga 400 130 128 120> Восстанавливает потерянные ОЗ и стабилизирует состояние умирающих персонажей
<image UI/Conversation/T_Dialogue_IconBackgroundCircle.tga 400 130 128 120> Требуется для использования перевязки
<image UI/Conversation/T_Dialogue_IconBackgroundCircle.tga 400 130 128 120> Тратится при каждом употреблении, но запас медикаментов можно восполнить
<image UI/Conversation/T_Dialogue_IconBackgroundCircle.tga 400 130 128 120> Используется автоматически, просто находясь в инвентаре",,,ModItemInventoryItemCompositeDef FirstAidKit AdditionalHint
517638397088,Аптечка,,,ModItemInventoryItemCompositeDef Medkit DisplayName
532410536439,Аптечки,,,ModItemInventoryItemCompositeDef Medkit DisplayNamePlural
655535396072,"<image UI/Conversation/T_Dialogue_IconBackgroundCircle.tga 400 130 128 120> Восстанавливает потерянные ОЗ и стабилизирует состояние умирающих персонажей
<image UI/Conversation/T_Dialogue_IconBackgroundCircle.tga 400 130 128 120> Требуется для использования перевязки
<image UI/Conversation/T_Dialogue_IconBackgroundCircle.tga 400 130 128 120> Перевязка восстанавливает на 25% ОЗ больше
<image UI/Conversation/T_Dialogue_IconBackgroundCircle.tga 400 130 128 120> Тратится при каждом употреблении, но запас медикаментов можно восполнить
<image UI/Conversation/T_Dialogue_IconBackgroundCircle.tga 400 130 128 120> Используется автоматически, просто находясь в инвентаре",,,ModItemInventoryItemCompositeDef Medkit AdditionalHint
130291829266,Метавирон,,,ModItemInventoryItemCompositeDef MetaviraShot DisplayName
284293135018,Метавирон,,,ModItemInventoryItemCompositeDef MetaviraShot DisplayNamePlural
771071455278,"Чудесное лекарство, добываемое из сока парового дерева, растущего исключительно на острове Метавира.",,,ModItemInventoryItemCompositeDef MetaviraShot Description
415192510445,"<image UI/Conversation/T_Dialogue_IconBackgroundCircle.tga 400 130 128 120> Используется через меню предмета
<image UI/Conversation/T_Dialogue_IconBackgroundCircle.tga 400 130 128 120> Одноразовый предмет
<image UI/Conversation/T_Dialogue_IconBackgroundCircle.tga 400 130 128 120> Полностью восстанавливает запас ОЗ
<image UI/Conversation/T_Dialogue_IconBackgroundCircle.tga 400 130 128 120> Исцеляет все ранения",,,ModItemInventoryItemCompositeDef MetaviraShot AdditionalHint
922193570040,ИСП.,,,ModItemInventoryItemCompositeDef MetaviraShot action_name
656217161939,Реаниматор,,,ModItemInventoryItemCompositeDef Reanimationsset DisplayName
779911535238,Реаниматоры,,,ModItemInventoryItemCompositeDef Reanimationsset DisplayNamePlural
566246707628,"<image UI/Conversation/T_Dialogue_IconBackgroundCircle.tga 400 130 128 120> Восстанавливает потерянные ОЗ и стабилизирует состояние умирающих персонажей
<image UI/Conversation/T_Dialogue_IconBackgroundCircle.tga 400 130 128 120> Требуется для использования перевязки
<image UI/Conversation/T_Dialogue_IconBackgroundCircle.tga 400 130 128 120> Перевязка восстанавливает на 60% ОЗ больше
<image UI/Conversation/T_Dialogue_IconBackgroundCircle.tga 400 130 128 120> Тратится при каждом употреблении, но запас медикаментов можно восполнить
<image UI/Conversation/T_Dialogue_IconBackgroundCircle.tga 400 130 128 120> Используется автоматически, просто находясь в инвентаре",,,ModItemInventoryItemCompositeDef Reanimationsset AdditionalHint
709303538747,Плазменная фомка,,,ModItemInventoryItemCompositeDef PlasmaGun_Crowbar DisplayName
171827806859,Плазменные фомки,,,ModItemInventoryItemCompositeDef PlasmaGun_Crowbar DisplayNamePlural
972121373391,"<image UI/Conversation/T_Dialogue_IconBackgroundCircle.tga 400 130 128 120> В идеальном вакууме стреляет смертоносными сгустками плазмы. Во всех остальных случаях работает как фомка
<image UI/Conversation/T_Dialogue_IconBackgroundCircle.tga 400 130 128 120> Вскрывает замки на дверях и контейнерах (в зависимости от силы)
<image UI/Conversation/T_Dialogue_IconBackgroundCircle.tga 400 130 128 120> Дает бонус к проверке навыка при взломе замков
<image UI/Conversation/T_Dialogue_IconBackgroundCircle.tga 400 130 128 120> Может повредить содержимое контейнера
<image UI/Conversation/T_Dialogue_IconBackgroundCircle.tga 400 130 128 120> Изнашивается при каждом употреблении
<image UI/Conversation/T_Dialogue_IconBackgroundCircle.tga 400 130 128 120> Поддается ремонту
<image UI/Conversation/T_Dialogue_IconBackgroundCircle.tga 400 130 128 120> Используется автоматически, просто находясь в инвентаре",,,ModItemInventoryItemCompositeDef PlasmaGun_Crowbar AdditionalHint
736175574176,Фомка,,,ModItemInventoryItemCompositeDef Crowbar DisplayName
488481985235,Фомки,,,ModItemInventoryItemCompositeDef Crowbar DisplayNamePlural
895419226911,"<image UI/Conversation/T_Dialogue_IconBackgroundCircle.tga 400 130 128 120> Вскрывает замки на дверях и контейнерах (в зависимости от силы)
<image UI/Conversation/T_Dialogue_IconBackgroundCircle.tga 400 130 128 120> Может повредить содержимое контейнера
<image UI/Conversation/T_Dialogue_IconBackgroundCircle.tga 400 130 128 120> Изнашивается при каждом употреблении
<image UI/Conversation/T_Dialogue_IconBackgroundCircle.tga 400 130 128 120> Не поддается ремонту
<image UI/Conversation/T_Dialogue_IconBackgroundCircle.tga 400 130 128 120> Используется автоматически, просто находясь в инвентаре",,,ModItemInventoryItemCompositeDef Crowbar AdditionalHint
135853991513,Набор отмычек,,,ModItemInventoryItemCompositeDef Lockpick DisplayName
972477228590,Наборы отмычек,,,ModItemInventoryItemCompositeDef Lockpick DisplayNamePlural
630066806420,"<image UI/Conversation/T_Dialogue_IconBackgroundCircle.tga 400 130 128 120> Вскрывает замки на дверях и контейнерах (зависит от навыка механики)
<image UI/Conversation/T_Dialogue_IconBackgroundCircle.tga 400 130 128 120> Неквалифицированное применение может безвозвратно повредить замок
<image UI/Conversation/T_Dialogue_IconBackgroundCircle.tga 400 130 128 120> Изнашивается при каждом употреблении
<image UI/Conversation/T_Dialogue_IconBackgroundCircle.tga 400 130 128 120> Не поддается ремонту
<image UI/Conversation/T_Dialogue_IconBackgroundCircle.tga 400 130 128 120> Используется автоматически, просто находясь в инвентаре",,,ModItemInventoryItemCompositeDef Lockpick AdditionalHint
557484284417,Кусачки,,,ModItemInventoryItemCompositeDef Wirecutter DisplayName
294226695554,Кусачки,,,ModItemInventoryItemCompositeDef Wirecutter DisplayNamePlural
997203634310,"<image UI/Conversation/T_Dialogue_IconBackgroundCircle.tga 400 130 128 120> Перерезают проволочные ограждения
<image UI/Conversation/T_Dialogue_IconBackgroundCircle.tga 400 130 128 120> Изнашиваются при каждом употреблении
<image UI/Conversation/T_Dialogue_IconBackgroundCircle.tga 400 130 128 120> Не поддаются ремонту
<image UI/Conversation/T_Dialogue_IconBackgroundCircle.tga 400 130 128 120> Используются автоматически, просто находясь в инвентаре",,,ModItemInventoryItemCompositeDef Wirecutter AdditionalHint
316601378165,КПК Фазы,,,ModItemInventoryItemCompositeDef CustomPDA DisplayName
765554203012,КПК Фазы,,,ModItemInventoryItemCompositeDef CustomPDA DisplayNamePlural
795711851705,Полезная штука для выхода в сеть и взлома военных компьютеров.,,,ModItemInventoryItemCompositeDef CustomPDA Description
910763517564,"<image UI/Conversation/T_Dialogue_IconBackgroundCircle.tga 400 130 128 120> Дает доп. разведданные при взломе
<image UI/Conversation/T_Dialogue_IconBackgroundCircle.tga 400 130 128 120> На нем очень милые наклеечки",,,ModItemInventoryItemCompositeDef CustomPDA AdditionalHint
241698027248,Ушанка,,,ModItemInventoryItemCompositeDef IvanUshanka DisplayName
433547368961,Ушанки,,,ModItemInventoryItemCompositeDef IvanUshanka DisplayNamePlural
347571635074,Форменная шапка советского офицера с блестящей полированной кокардой. В подкладке заложено двадцать советских рублей.,,,ModItemInventoryItemCompositeDef IvanUshanka Description
601017892482,<image UI/Conversation/T_Dialogue_IconBackgroundCircle.tga 400 130 128 120> Защищает от капитализма,,,ModItemInventoryItemCompositeDef IvanUshanka AdditionalHint
401256529188,Кожаный жилет,,,ModItemInventoryItemCompositeDef NailsLeatherVest DisplayName
245710665922,Кожаные жилеты,,,ModItemInventoryItemCompositeDef NailsLeatherVest DisplayNamePlural
509587299532,"Кожаная байкерская жилетка. Гвоздь никогда с ней не расстается, так что рассмотреть вблизи, что она из себя представляет, увы, не получается.",,,ModItemInventoryItemCompositeDef NailsLeatherVest Description
640774197340,"<image UI/Conversation/T_Dialogue_IconBackgroundCircle.tga 400 130 128 120> На спине вышит символ «Всадников смерти»
<image UI/Conversation/T_Dialogue_IconBackgroundCircle.tga 400 130 128 120> Притягивает женщин и драки",,,ModItemInventoryItemCompositeDef NailsLeatherVest AdditionalHint
139588576447,Набор отмычек Вики,,,ModItemInventoryItemCompositeDef Personal_Vicki_CustomTools DisplayName
766692495920,Набор отмычек Вики,,,ModItemInventoryItemCompositeDef Personal_Vicki_CustomTools DisplayNamePlural
903095626259,"<image UI/Conversation/T_Dialogue_IconBackgroundCircle.tga 400 130 128 120> Вскрывает замки на дверях и контейнерах (зависит от навыка механики)
<image UI/Conversation/T_Dialogue_IconBackgroundCircle.tga 400 130 128 120> Дает бонус к проверке навыка при вскрытии замков
<image UI/Conversation/T_Dialogue_IconBackgroundCircle.tga 400 130 128 120> Изнашивается при каждом употреблении
<image UI/Conversation/T_Dialogue_IconBackgroundCircle.tga 400 130 128 120> Поддается ремонту
<image UI/Conversation/T_Dialogue_IconBackgroundCircle.tga 400 130 128 120> Используется автоматически, просто находясь в инвентаре",,,ModItemInventoryItemCompositeDef Personal_Vicki_CustomTools AdditionalHint
612941251094,Печенька,,,ModItemInventoryItemCompositeDef Cookie DisplayName
202058072711,Печеньки,,,ModItemInventoryItemCompositeDef Cookie DisplayNamePlural
370231096119,"<image UI/Conversation/T_Dialogue_IconBackgroundCircle.tga 400 130 128 120> Используется через меню предмета
<image UI/Conversation/T_Dialogue_IconBackgroundCircle.tga 400 130 128 120> Одноразовый предмет
<image UI/Conversation/T_Dialogue_IconBackgroundCircle.tga 400 130 128 120> Вкусно и питательно",,,ModItemInventoryItemCompositeDef Cookie AdditionalHint
995955938216,СЪЕСТЬ,,,ModItemInventoryItemCompositeDef Cookie action_name
438786398028,Травяной сбор,,,ModItemInventoryItemCompositeDef HerbalMedicine DisplayName
903861071149,Травяной сбор,,,ModItemInventoryItemCompositeDef HerbalMedicine DisplayNamePlural
952277134603,"<image UI/Conversation/T_Dialogue_IconBackgroundCircle.tga 400 130 128 120> Используется через меню предмета
<image UI/Conversation/T_Dialogue_IconBackgroundCircle.tga 400 130 128 120> Одноразовый предмет
<image UI/Conversation/T_Dialogue_IconBackgroundCircle.tga 400 130 128 120> Укрепляет силу воли
<image UI/Conversation/T_Dialogue_IconBackgroundCircle.tga 400 130 128 120> Непредсказуемые побочные эффекты
<image UI/Conversation/T_Dialogue_IconBackgroundCircle.tga 400 130 128 120> Без ГМО",,,ModItemInventoryItemCompositeDef HerbalMedicine AdditionalHint
613485992454,ПРИМЕНИТЬ,,,ModItemInventoryItemCompositeDef HerbalMedicine action_name
248517754069,Тед,,,ModItemInventoryItemCompositeDef Ted DisplayName
503375009822,Теды,,,ModItemInventoryItemCompositeDef Ted DisplayNamePlural
364544485274,"Тед мёртв, детка",,,ModItemInventoryItemCompositeDef Ted AdditionalHint
401946586716,Трофей,,,ModItemInventoryItemCompositeDef Trophy DisplayName
281509227035,Трофеи,,,ModItemInventoryItemCompositeDef Trophy DisplayNamePlural
778824641671,Удобно для отчётности.,,,ModItemInventoryItemCompositeDef Trophy AdditionalHint
277849319772,Жетон Зигфрида,,,ModItemInventoryItemCompositeDef Coin DisplayName
125597210122,"Зигфрид сказал, что эта монета откроет вам двери Понтового клуба.",,,ModItemInventoryItemCompositeDef Coin Description
819590825275,Канистры с дизелем,,,ModItemInventoryItemCompositeDef Diesel DisplayName
105122152253,Это - украденный у Зигфрида дизель.,,,ModItemInventoryItemCompositeDef Diesel Description
327212579368,Золотые часы,,,ModItemInventoryItemCompositeDef GoldenWatch DisplayName
212626116157,Золотые часы Генриха.,,,ModItemInventoryItemCompositeDef GoldenWatch Description
788666532601,История болезни,,,ModItemInventoryItemCompositeDef MedicalReport DisplayName
816712869470,"«Уилкокс оказался идеальным подопытным. Его организм отреагировал на новый штамм именно так, как я и предполагал. Клетки крови пропустили фазу мутации и перешли сразу в фазу полного хаоса. Надеюсь, мне удастся скрыть мое открытие от доктора Кроненберг».",,,ModItemInventoryItemCompositeDef MedicalReport Description
977446330010,Завещание фермера,,,ModItemInventoryItemCompositeDef PaBaggzWill DisplayName
244767806892,"«Кто б ни нашел эту бамажку, убедитесь, что до нее не дотянут свои грязные пальцы мои тупые роцтвенички! 
А если этот ты роцственичек сейчас читаешь эту бамажку, то вот что я тебе скажу: ПОДАВИСЬ ТЫ ЕЙ И ЗДОХНИ!»",,,ModItemInventoryItemCompositeDef PaBaggzWill Description
265188213356,Листовки с манифестом,,,ModItemInventoryItemCompositeDef Pamphlets DisplayName
581978148761,Листовки с манифестом,,,ModItemInventoryItemCompositeDef Pamphlets DisplayNamePlural
747364077191,"Сборник слоганов и речей товарища Чимуренги, Льва Саванны, главы Народного революционного временного правительства.",,,ModItemInventoryItemCompositeDef Pamphlets Description
267082675739,"<image UI/Conversation/T_Dialogue_IconBackgroundCircle.tga 400 130 128 120> Объединяет пролетариев всех стран
<image UI/Conversation/T_Dialogue_IconBackgroundCircle.tga 400 130 128 120> С отвратительными иллюстрациями",,,ModItemInventoryItemCompositeDef Pamphlets AdditionalHint
710724502138,Листовки с манифестом,,,ModItemInventoryItemCompositeDef Pamphlets_LysRouge DisplayName
892195193820,Листовки с манифестом,,,ModItemInventoryItemCompositeDef Pamphlets_LysRouge DisplayNamePlural
641753830791,"Сборник слоганов и речей товарища Чимуренги, Льва Саванны, главы Народного революционного временного правительства. Иллюстрирован фотографиями полуодетых представительниц рабочего класса.",,,ModItemInventoryItemCompositeDef Pamphlets_LysRouge Description
481945327203,"<image UI/Conversation/T_Dialogue_IconBackgroundCircle.tga 400 130 128 120> Объединяет пролетариев всех стран
<image UI/Conversation/T_Dialogue_IconBackgroundCircle.tga 400 130 128 120> Содержит фотографии девочек из «Ле-Ли-Руж»: уж они-то помогут вам поднять ваш ствол на подвиги!",,,ModItemInventoryItemCompositeDef Pamphlets_LysRouge AdditionalHint
764440710259,Паспорт США,,,ModItemInventoryItemCompositeDef US_Passport DisplayName
725867878955,Паспорт США,,,ModItemInventoryItemCompositeDef US_Passport DisplayNamePlural
827657816504,Загранпаспорт на имя некой Карен Гослинг,,,ModItemInventoryItemCompositeDef US_Passport Description
227052415098,"<image UI/Conversation/T_Dialogue_IconBackgroundCircle.tga 400 130 128 120> Пропуск в страну, где угроза пожаловаться менеджеру решает любые проблемы",,,ModItemInventoryItemCompositeDef US_Passport AdditionalHint
219970007960,Образец вируса,,,ModItemInventoryItemCompositeDef VirusSample DisplayName
277474900460,Образцы вируса,,,ModItemInventoryItemCompositeDef VirusSample DisplayNamePlural
931089747795,"Биологический материал, необходимый для расшифровки генома вируса красного бешенства. Не кантовать.",,,ModItemInventoryItemCompositeDef VirusSample Description
626501302662,<image UI/Conversation/T_Dialogue_IconBackgroundCircle.tga 400 130 128 120> Во время сбора образца не пострадало ни одной летучей мыши,,,ModItemInventoryItemCompositeDef VirusSample AdditionalHint
941948052853,Карта клада в церкви,,,ModItemInventoryItemCompositeDef WeirdosMap DisplayName
177941052207,Карта клада в церкви,,,ModItemInventoryItemCompositeDef WeirdosMap DisplayNamePlural
463131468639,Неаккуратно нарисованная карта сокровищ. Внутренность флитаунской церкви отмечена жирным крестом.,,,ModItemInventoryItemCompositeDef WeirdosMap Description
455031779576,Рыжий кудрявый парик,,,ModItemInventoryItemCompositeDef Wig DisplayName
590236322434,Рыжий кудрявый парик,,,ModItemInventoryItemCompositeDef Wig DisplayNamePlural
756232027903,85 - баба ягодка опять.,,,ModItemInventoryItemCompositeDef Wig Description
148941152183,Дневник,,,ModItemInventoryItemCompositeDef WorkerDiary DisplayName
819462688754,"«Когда умерла Жозефина, я не знал, что мне с собой делать. Я подался в <color EmStyle>Ландсбах</color>, потому что слышал, тут неплохие заработки.<newline><newline>Вкалывать в шахте оказалось труднее, чем я думал, так что я вступил в этот их <color EmStyle>Понтовый клуб</color>, чтоб было где спустить пар. Оказалось, на ринге за неделю можно заработать столько же, сколько за два месяца в этой чертовой шахте!<newline><newline>Местные меня теперь уважают, потому что я здоровый, ловкий и запросто могу вырубить любого. Даже прозвище мне дали - <color EmStyle>Костолом</color>! Вчера <color EmStyle>Рикошет</color> сказал, <color EmStyle>Зигфрид</color> предлагает мне стать одним из его личных охранников. Иду на повышение, однако!»",,,ModItemInventoryItemCompositeDef WorkerDiary Description
457795624772,Дневник Уилкокса,,,ModItemInventoryItemCompositeDef WriterDiary DisplayName
490183061882,"«Уже некоторое время я наблюдаю за <color EmStyle>Вандой</color> и этой ее необычной сектой. Они практикуют весьма необычную разновидность вуду - поклонение неким <color EmStyle>Древним</color>. Я беседовал с сектантами, участвовал в их трапезах, пил их ритуальный напиток, изучал их архаичный диалект. И хотя это далеко не первая секта на моей практике, изучая их, я начинаю опасаться за собственный <color EmStyle>рассудок</color>!<newline><newline>Ни ритуальный забой куриц, ни прочие их языческие обряды не были для меня в новинку. Удивило (да что скрывать - напугало!) меня другое: вскоре я и сам начал слышать зов. Зов... <color EmStyle>Древних</color>.<newline><newline><color EmStyle>Ванда</color> сказала мне, что тех, кто не внимает ему, ждет верная смерть. И вот оно началось: люди вокруг начали умирать! <color EmStyle>Ванда</color> намерена посадить особые растения у родника, чтобы все в деревне тоже услышали зов <color EmStyle>Древних</color>».",,,ModItemInventoryItemCompositeDef WriterDiary Description
591473007915,Письмо Хавьеру,,,ModItemInventoryItemCompositeDef WriterLetter DisplayName
575167896350,"«Мой дорогой <color EmStyle>Хавьер</color>! Я опасаюсь за свою жизнь. Они начинают догадываться, что я слишком многое узнал. Мои находки, заметки - даже собственные воспаленные фантазии, что приходили мне на ум, когда я слушал их словно бы день и ночь отдававшиеся в моей голове неблагозвучные песнопения - всё это хранится в моем <color EmStyle>дневнике</color>.<newline><newline>Если со мною что-нибудь приключится, прошу тебя: забери его и обнародуй, чтобы власти этой страны узнали, что здесь творится. Ты - единственный, на кого я могу положиться, поэтому я спрятал дневник и оставил тебе подсказки, как его найти. Ищи их в тех местах, где в былые, более счастливые времена мы с тобой беседовали и смеялись.<newline><newline>С любовью,<newline><color EmStyle>Роджер Уилкокс</color>».",,,ModItemInventoryItemCompositeDef WriterLetter Description
291312988152,Вырванная страница,,,ModItemInventoryItemCompositeDef WriterPage DisplayName
130128268296,"«Я был слеп... Как я не догадался? Нет никакого проклятья! Есть лишь это алчное чудовище, <color EmStyle>док Роберт</color>. Вчера ночью я проследил за ним. Он встречался с какими-то разбойничьего вида типами в их тайном лагере неподалёку отсюда. Я притаился и подслушал, о чём они говорили.<newline><newline><color EmStyle>Доктор</color> намерен заразить часть местных жителей какой-то диковинной болезнью и запугать остальных, заставив беспрекословно себя слушаться. Как только это произойдёт, разбойники смогут без труда захватить деревню и сделать из неё базу контрабандистов!<newline><newline>Должно быть, от ужаса я невольно вскрикнул, потому что они что-то услыхали и принялись кричать: «Кто там?» Я бросился бежать и не останавливался, пока не добрался до своей хижины. Даже сейчас, когда я пишу эти строки, сердце моё всё ещё бешено колотится от бега и от воспоминаний о пережитом ужасе.<newline><newline>Я должен спрятать свой дневник на случай, если со мной произойдёт непоправимое, и проследить, чтобы <color EmStyle>Хавьер</color> его нашёл!»",,,ModItemInventoryItemCompositeDef WriterPage Description
439895385635,Паркур!,,,ModItemInventoryItemCompositeDef SkillMag_Agility DisplayName
388731381215,Паркур!,,,ModItemInventoryItemCompositeDef SkillMag_Agility DisplayNamePlural
151166074388,"«Я почти уверен, что кричать <color EmStyle>«Паркур»</color> не обязательно».",,,ModItemInventoryItemCompositeDef SkillMag_Agility Description
653157983531,"<image UI/Conversation/T_Dialogue_IconBackgroundCircle.tga 400 130 128 120> Используется через меню предмета
<image UI/Conversation/T_Dialogue_IconBackgroundCircle.tga 400 130 128 120> Одноразовый предмет
<image UI/Conversation/T_Dialogue_IconBackgroundCircle.tga 400 130 128 120> Повышает проворность",,,ModItemInventoryItemCompositeDef SkillMag_Agility AdditionalHint
691621226290,ЧИТАТЬ,,,ModItemInventoryItemCompositeDef SkillMag_Agility action_name
546644843752,Легкость рук,,,ModItemInventoryItemCompositeDef SkillMag_Dexterity DisplayName
721718349706,Легкость рук,,,ModItemInventoryItemCompositeDef SkillMag_Dexterity DisplayNamePlural
783661118476,Гораздо интереснее «Ежедневных фокусов».,,,ModItemInventoryItemCompositeDef SkillMag_Dexterity Description
430709598633,"<image UI/Conversation/T_Dialogue_IconBackgroundCircle.tga 400 130 128 120> Используется через меню предмета
<image UI/Conversation/T_Dialogue_IconBackgroundCircle.tga 400 130 128 120> Одноразовый предмет
<image UI/Conversation/T_Dialogue_IconBackgroundCircle.tga 400 130 128 120> Повышает ловкость",,,ModItemInventoryItemCompositeDef SkillMag_Dexterity AdditionalHint
501093218367,ЧИТАТЬ,,,ModItemInventoryItemCompositeDef SkillMag_Dexterity action_name
989274794141,Красный провод,,,ModItemInventoryItemCompositeDef SkillMag_Explosives DisplayName
357987311564,Красный провод,,,ModItemInventoryItemCompositeDef SkillMag_Explosives DisplayNamePlural
643007081984,"Говорят, издательство недавно сгорело на работе.",,,ModItemInventoryItemCompositeDef SkillMag_Explosives Description
981774563552,"<image UI/Conversation/T_Dialogue_IconBackgroundCircle.tga 400 130 128 120> Используется через меню предмета
<image UI/Conversation/T_Dialogue_IconBackgroundCircle.tga 400 130 128 120> Одноразовый предмет
<image UI/Conversation/T_Dialogue_IconBackgroundCircle.tga 400 130 128 120> Повышает навык «Взрывчатка»",,,ModItemInventoryItemCompositeDef SkillMag_Explosives AdditionalHint
759449615314,ЧИТАТЬ,,,ModItemInventoryItemCompositeDef SkillMag_Explosives action_name
524361455045,Здоровое питание,,,ModItemInventoryItemCompositeDef SkillMag_Health DisplayName
865014145428,Здоровое питание,,,ModItemInventoryItemCompositeDef SkillMag_Health DisplayNamePlural
169052184605,На зависть всем врачам.,,,ModItemInventoryItemCompositeDef SkillMag_Health Description
617196311086,"<image UI/Conversation/T_Dialogue_IconBackgroundCircle.tga 400 130 128 120> Используется через меню предмета
<image UI/Conversation/T_Dialogue_IconBackgroundCircle.tga 400 130 128 120> Одноразовый предмет
<image UI/Conversation/T_Dialogue_IconBackgroundCircle.tga 400 130 128 120> Повышает здоровье",,,ModItemInventoryItemCompositeDef SkillMag_Health AdditionalHint
459203597656,ЧИТАТЬ,,,ModItemInventoryItemCompositeDef SkillMag_Health action_name
337969805989,Шутки-самосмейки,,,ModItemInventoryItemCompositeDef SkillMag_Leadership DisplayName
761905965424,Шутки-самосмейки,,,ModItemInventoryItemCompositeDef SkillMag_Leadership DisplayNamePlural
251292542025,Как стать душой частной военной компании.,,,ModItemInventoryItemCompositeDef SkillMag_Leadership Description
575413455352,"<image UI/Conversation/T_Dialogue_IconBackgroundCircle.tga 400 130 128 120> Используется через меню предмета
<image UI/Conversation/T_Dialogue_IconBackgroundCircle.tga 400 130 128 120> Одноразовый предмет
<image UI/Conversation/T_Dialogue_IconBackgroundCircle.tga 400 130 128 120> Повышает лидерство",,,ModItemInventoryItemCompositeDef SkillMag_Leadership AdditionalHint
406257852737,ЧИТАТЬ,,,ModItemInventoryItemCompositeDef SkillMag_Leadership action_name
805457297063,Начинать надо издалека,,,ModItemInventoryItemCompositeDef SkillMag_Marksmanship DisplayName
905685178126,Начинать надо издалека,,,ModItemInventoryItemCompositeDef SkillMag_Marksmanship DisplayNamePlural
630599705437,"«Братишка, ты лучше сядь».",,,ModItemInventoryItemCompositeDef SkillMag_Marksmanship Description
690633844355,"<image UI/Conversation/T_Dialogue_IconBackgroundCircle.tga 400 130 128 120> Используется через меню предмета
<image UI/Conversation/T_Dialogue_IconBackgroundCircle.tga 400 130 128 120> Одноразовый предмет
<image UI/Conversation/T_Dialogue_IconBackgroundCircle.tga 400 130 128 120> Повышает меткость",,,ModItemInventoryItemCompositeDef SkillMag_Marksmanship AdditionalHint
475947315094,ЧИТАТЬ,,,ModItemInventoryItemCompositeDef SkillMag_Marksmanship action_name
481761492155,Поршни и цилиндры,,,ModItemInventoryItemCompositeDef SkillMag_Mechanical DisplayName
937997865248,Поршни и цилиндры,,,ModItemInventoryItemCompositeDef SkillMag_Mechanical DisplayNamePlural
780424103597,Не путать с одноимённым журналом 18+.,,,ModItemInventoryItemCompositeDef SkillMag_Mechanical Description
311674409919,"<image UI/Conversation/T_Dialogue_IconBackgroundCircle.tga 400 130 128 120> Используется через меню предмета
<image UI/Conversation/T_Dialogue_IconBackgroundCircle.tga 400 130 128 120> Одноразовый предмет
<image UI/Conversation/T_Dialogue_IconBackgroundCircle.tga 400 130 128 120> Повышает навык «Механика»",,,ModItemInventoryItemCompositeDef SkillMag_Mechanical AdditionalHint
421574848456,ЧИТАТЬ,,,ModItemInventoryItemCompositeDef SkillMag_Mechanical action_name
520828600732,"Для тех, кто вяжет",,,ModItemInventoryItemCompositeDef SkillMag_Medical DisplayName
981036857917,"Для тех, кто вяжет",,,ModItemInventoryItemCompositeDef SkillMag_Medical DisplayNamePlural
505843277064,Модные схемы для перевязки и узорная работа жгутом.,,,ModItemInventoryItemCompositeDef SkillMag_Medical Description
438853574488,"<image UI/Conversation/T_Dialogue_IconBackgroundCircle.tga 400 130 128 120> Используется через меню предмета
<image UI/Conversation/T_Dialogue_IconBackgroundCircle.tga 400 130 128 120> Одноразовый предмет
<image UI/Conversation/T_Dialogue_IconBackgroundCircle.tga 400 130 128 120> Повышает навык «Медицина»",,,ModItemInventoryItemCompositeDef SkillMag_Medical AdditionalHint
887526961257,ЧИТАТЬ,,,ModItemInventoryItemCompositeDef SkillMag_Medical action_name
906939250168,Качай железо!,,,ModItemInventoryItemCompositeDef SkillMag_Strength DisplayName
561764144197,Качай железо!,,,ModItemInventoryItemCompositeDef SkillMag_Strength DisplayNamePlural
952959192834,Сила есть - интеллекта не надо.,,,ModItemInventoryItemCompositeDef SkillMag_Strength Description
970224447052,"<image UI/Conversation/T_Dialogue_IconBackgroundCircle.tga 400 130 128 120> Используется через меню предмета
<image UI/Conversation/T_Dialogue_IconBackgroundCircle.tga 400 130 128 120> Одноразовый предмет
<image UI/Conversation/T_Dialogue_IconBackgroundCircle.tga 400 130 128 120> Повышает силу",,,ModItemInventoryItemCompositeDef SkillMag_Strength AdditionalHint
562074647455,ЧИТАТЬ,,,ModItemInventoryItemCompositeDef SkillMag_Strength action_name
269425865026,Руководство Бори Гриля,,,ModItemInventoryItemCompositeDef SkillMag_Wisdom DisplayName
515674122433,Руководство Бори Гриля,,,ModItemInventoryItemCompositeDef SkillMag_Wisdom DisplayNamePlural
526814679764,Руководство по выживанию. Если вам откусил ногу медведь - пописайте на рану.,,,ModItemInventoryItemCompositeDef SkillMag_Wisdom Description
513564123523,"<image UI/Conversation/T_Dialogue_IconBackgroundCircle.tga 400 130 128 120> Используется через меню предмета
<image UI/Conversation/T_Dialogue_IconBackgroundCircle.tga 400 130 128 120> Одноразовый предмет
<image UI/Conversation/T_Dialogue_IconBackgroundCircle.tga 400 130 128 120> Повышает интеллект",,,ModItemInventoryItemCompositeDef SkillMag_Wisdom AdditionalHint
389102616843,ЧИТАТЬ,,,ModItemInventoryItemCompositeDef SkillMag_Wisdom action_name
647858133017,Лег. камуфляжная броня,,,ModItemInventoryItemCompositeDef CamoArmor_Light DisplayName
459961719023,Лег. камуфляжная броня,,,ModItemInventoryItemCompositeDef CamoArmor_Light DisplayNamePlural
492059399247,"<image UI/Conversation/T_Dialogue_IconBackgroundCircle.tga 400 130 128 120> Усложняет обнаружение противником
<image UI/Conversation/T_Dialogue_IconBackgroundCircle.tga 400 130 128 120> Против камуфлированных целей прицеливание работает хуже
<image UI/Conversation/T_Dialogue_IconBackgroundCircle.tga 400 130 128 120> Нельзя совмещать с обивкой или керамическими пластинами",,,ModItemInventoryItemCompositeDef CamoArmor_Light AdditionalHint
925164820871,Лег. камуфляжная броня с композитумом,,,ModItemInventoryItemCompositeDef CamoArmor_Light_Kompositum DisplayName
216023440060,Лег. камуфляжная броня с композитумом,,,ModItemInventoryItemCompositeDef CamoArmor_Light_Kompositum DisplayNamePlural
940302072624,"<image UI/Conversation/T_Dialogue_IconBackgroundCircle.tga 400 130 128 120> Усложняет обнаружение противником
<image UI/Conversation/T_Dialogue_IconBackgroundCircle.tga 400 130 128 120> Против камуфлированных целей прицеливание работает хуже
<image UI/Conversation/T_Dialogue_IconBackgroundCircle.tga 400 130 128 120> Совмещена с композитумом-58",,,ModItemInventoryItemCompositeDef CamoArmor_Light_Kompositum AdditionalHint
129566548767,Ср. камуфляжная броня,,,ModItemInventoryItemCompositeDef CamoArmor_Medium DisplayName
914089961047,Ср. камуфляжная броня,,,ModItemInventoryItemCompositeDef CamoArmor_Medium DisplayNamePlural
841350375386,"<image UI/Conversation/T_Dialogue_IconBackgroundCircle.tga 400 130 128 120> Усложняет обнаружение противником
<image UI/Conversation/T_Dialogue_IconBackgroundCircle.tga 400 130 128 120> Против камуфлированных целей прицеливание работает хуже
<image UI/Conversation/T_Dialogue_IconBackgroundCircle.tga 400 130 128 120> Нельзя совмещать с обивкой или керамическими пластинами",,,ModItemInventoryItemCompositeDef CamoArmor_Medium AdditionalHint
480082810804,Ср. камуфляжная броня с композитумом,,,ModItemInventoryItemCompositeDef CamoArmor_Medium_Kompositum DisplayName
379301758740,Ср. камуфляжная броня с композитумом,,,ModItemInventoryItemCompositeDef CamoArmor_Medium_Kompositum DisplayNamePlural
778372553788,"<image UI/Conversation/T_Dialogue_IconBackgroundCircle.tga 400 130 128 120> Усложняет обнаружение противником
<image UI/Conversation/T_Dialogue_IconBackgroundCircle.tga 400 130 128 120> Против камуфлированных целей прицеливание работает хуже
<image UI/Conversation/T_Dialogue_IconBackgroundCircle.tga 400 130 128 120> Совмещена с композитумом-58",,,ModItemInventoryItemCompositeDef CamoArmor_Medium_Kompositum AdditionalHint
361278570973,Противооскол. броня,,,ModItemInventoryItemCompositeDef FlakArmor DisplayName
146267206767,Противооскол. броня,,,ModItemInventoryItemCompositeDef FlakArmor DisplayNamePlural
550872646507,Противооскол. броня,,,ModItemInventoryItemCompositeDef FlakArmor_CeramicPlates DisplayName
404962662800,Противооскол. броня,,,ModItemInventoryItemCompositeDef FlakArmor_CeramicPlates DisplayNamePlural
601923644572,"<image UI/Conversation/T_Dialogue_IconBackgroundCircle.tga 400 130 128 120> Уменьшение урона (улучшено керамическими пластинами) 
<image UI/Conversation/T_Dialogue_IconBackgroundCircle.tga 400 130 128 120> Керамические пластины ломаются после <color 124 130 96><RevertConditionCounter></color> попаданий",,,ModItemInventoryItemCompositeDef FlakArmor_CeramicPlates AdditionalHint
730504534737,Противооскол. броня с композитумом,,,ModItemInventoryItemCompositeDef FlakArmor_Kompositum DisplayName
927437298119,Противооскол. броня с композитумом,,,ModItemInventoryItemCompositeDef FlakArmor_Kompositum DisplayNamePlural
470237496402,<image UI/Conversation/T_Dialogue_IconBackgroundCircle.tga 400 130 128 120> Совмещена с композитумом-58,,,ModItemInventoryItemCompositeDef FlakArmor_Kompositum AdditionalHint
580434125082,Противооскол. броня,,,ModItemInventoryItemCompositeDef FlakArmor_WeavePadding DisplayName
128586439577,Противооскол. броня,,,ModItemInventoryItemCompositeDef FlakArmor_WeavePadding DisplayNamePlural
450301877671,<image UI/Conversation/T_Dialogue_IconBackgroundCircle.tga 400 130 128 120> Уменьшение урона (улучшено обивкой),,,ModItemInventoryItemCompositeDef FlakArmor_WeavePadding AdditionalHint
588785070133,Противооскол. поножи,,,ModItemInventoryItemCompositeDef FlakLeggings DisplayName
351261449640,Противооскол. поножи,,,ModItemInventoryItemCompositeDef FlakLeggings DisplayNamePlural
670921772841,Противооскол. поножи с композитумом,,,ModItemInventoryItemCompositeDef FlakLeggings_Kompositum DisplayName
695923433132,Противооскол. поножи с композитумом,,,ModItemInventoryItemCompositeDef FlakLeggings_Kompositum DisplayNamePlural
981675853444,<image UI/Conversation/T_Dialogue_IconBackgroundCircle.tga 400 130 128 120> Совмещены с композитумом-58,,,ModItemInventoryItemCompositeDef FlakLeggings_Kompositum AdditionalHint
996388737700,Противооскол. поножи,,,ModItemInventoryItemCompositeDef FlakLeggings_WeavePadding DisplayName
948084724412,Противооскол. поножи,,,ModItemInventoryItemCompositeDef FlakLeggings_WeavePadding DisplayNamePlural
933954691097,<image UI/Conversation/T_Dialogue_IconBackgroundCircle.tga 400 130 128 120> Уменьшение урона (улучшено обивкой),,,ModItemInventoryItemCompositeDef FlakLeggings_WeavePadding AdditionalHint
260264257341,Противооскол. жилет,,,ModItemInventoryItemCompositeDef FlakVest DisplayName
881781038796,Противооскол. жилеты,,,ModItemInventoryItemCompositeDef FlakVest DisplayNamePlural
688366129736,Противооскол. жилет,,,ModItemInventoryItemCompositeDef FlakVest_CeramicPlates DisplayName
690006158155,Противооскол. жилеты,,,ModItemInventoryItemCompositeDef FlakVest_CeramicPlates DisplayNamePlural
907738433164,"<image UI/Conversation/T_Dialogue_IconBackgroundCircle.tga 400 130 128 120> Уменьшение урона (улучшено керамическими пластинами) 
<image UI/Conversation/T_Dialogue_IconBackgroundCircle.tga 400 130 128 120> Керамические пластины ломаются после <color 124 130 96><RevertConditionCounter></color> попаданий",,,ModItemInventoryItemCompositeDef FlakVest_CeramicPlates AdditionalHint
880388662664,Противооскол. жилет с композитумом,,,ModItemInventoryItemCompositeDef FlakVest_Kompositum DisplayName
402243986328,Противооскол. жилеты с композитумом,,,ModItemInventoryItemCompositeDef FlakVest_Kompositum DisplayNamePlural
488626459232,<image UI/Conversation/T_Dialogue_IconBackgroundCircle.tga 400 130 128 120> Совмещен с композитумом-58,,,ModItemInventoryItemCompositeDef FlakVest_Kompositum AdditionalHint
853977187037,Противооскол. жилет,,,ModItemInventoryItemCompositeDef FlakVest_WeavePadding DisplayName
841226362530,Противооскол. жилеты,,,ModItemInventoryItemCompositeDef FlakVest_WeavePadding DisplayNamePlural
192038051150,<image UI/Conversation/T_Dialogue_IconBackgroundCircle.tga 400 130 128 120> Уменьшение урона (улучшено обивкой),,,ModItemInventoryItemCompositeDef FlakVest_WeavePadding AdditionalHint
524136732156,Легкий шлем,,,ModItemInventoryItemCompositeDef LightHelmet DisplayName
362915776105,Легкие шлемы,,,ModItemInventoryItemCompositeDef LightHelmet DisplayNamePlural
888518990329,Легкий шлем с композитумом,,,ModItemInventoryItemCompositeDef LightHelmet_Kompositum DisplayName
552802463500,Легкие шлемы с композитумом,,,ModItemInventoryItemCompositeDef LightHelmet_Kompositum DisplayNamePlural
309904103984,<image UI/Conversation/T_Dialogue_IconBackgroundCircle.tga 400 130 128 120> Совмещен с композитумом-58,,,ModItemInventoryItemCompositeDef LightHelmet_Kompositum AdditionalHint
656393644870,Легкий шлем,,,ModItemInventoryItemCompositeDef LightHelmet_WeavePadding DisplayName
867812156182,Легкие шлемы,,,ModItemInventoryItemCompositeDef LightHelmet_WeavePadding DisplayNamePlural
985499968545,<image UI/Conversation/T_Dialogue_IconBackgroundCircle.tga 400 130 128 120> Уменьшение урона (улучшено обивкой),,,ModItemInventoryItemCompositeDef LightHelmet_WeavePadding AdditionalHint
446527064779,Тяжелый жилет,,,ModItemInventoryItemCompositeDef HeavyArmorChestplate DisplayName
911916262166,Тяжелые жилеты,,,ModItemInventoryItemCompositeDef HeavyArmorChestplate DisplayNamePlural
221146537482,<image UI/Conversation/T_Dialogue_IconBackgroundCircle.tga 400 130 128 120> Громоздкое (нет бесплатного перемещения),,,ModItemInventoryItemCompositeDef HeavyArmorChestplate AdditionalHint
753691133305,Тяжелый жилет,,,ModItemInventoryItemCompositeDef HeavyArmorChestplate_CeramicPlates DisplayName
738672896289,Тяжелые жилеты,,,ModItemInventoryItemCompositeDef HeavyArmorChestplate_CeramicPlates DisplayNamePlural
331960463954,"<image UI/Conversation/T_Dialogue_IconBackgroundCircle.tga 400 130 128 120> Уменьшение урона (улучшено керамическими пластинами)
<image UI/Conversation/T_Dialogue_IconBackgroundCircle.tga 400 130 128 120> Керамические пластины ломаются после <color 124 130 96><RevertConditionCounter></color> попаданий
<image UI/Conversation/T_Dialogue_IconBackgroundCircle.tga 400 130 128 120> Громоздкое (нет бесплатного перемещения)",,,ModItemInventoryItemCompositeDef HeavyArmorChestplate_CeramicPlates AdditionalHint
629905031350,Тяжелый жилет с композитумом,,,ModItemInventoryItemCompositeDef HeavyArmorChestplate_Kompositum DisplayName
457665882082,Тяжелые жилеты с композитумом,,,ModItemInventoryItemCompositeDef HeavyArmorChestplate_Kompositum DisplayNamePlural
750816289329,"<image UI/Conversation/T_Dialogue_IconBackgroundCircle.tga 400 130 128 120> Громоздкое (нет бесплатного перемещения)
<image UI/Conversation/T_Dialogue_IconBackgroundCircle.tga 400 130 128 120> Совмещено с композитумом-58",,,ModItemInventoryItemCompositeDef HeavyArmorChestplate_Kompositum AdditionalHint
218674625854,Тяжелый жилет,,,ModItemInventoryItemCompositeDef HeavyArmorChestplate_WeavePadding DisplayName
793170991962,Тяжелые жилеты,,,ModItemInventoryItemCompositeDef HeavyArmorChestplate_WeavePadding DisplayNamePlural
463039026973,"<image UI/Conversation/T_Dialogue_IconBackgroundCircle.tga 400 130 128 120> Уменьшение урона (улучшено обивкой)
<image UI/Conversation/T_Dialogue_IconBackgroundCircle.tga 400 130 128 120> Громоздкое (нет бесплатного перемещения)",,,ModItemInventoryItemCompositeDef HeavyArmorChestplate_WeavePadding AdditionalHint
804723865897,Тяжелый шлем,,,ModItemInventoryItemCompositeDef HeavyArmorHelmet DisplayName
356126401377,Тяжелые шлемы,,,ModItemInventoryItemCompositeDef HeavyArmorHelmet DisplayNamePlural
852703817426,<image UI/Conversation/T_Dialogue_IconBackgroundCircle.tga 400 130 128 120> Громоздкое (нет бесплатного перемещения),,,ModItemInventoryItemCompositeDef HeavyArmorHelmet AdditionalHint
789934266572,Тяжелый шлем с композитумом,,,ModItemInventoryItemCompositeDef HeavyArmorHelmet_Kompositum DisplayName
454707438160,Тяжелые шлемы с композитумом,,,ModItemInventoryItemCompositeDef HeavyArmorHelmet_Kompositum DisplayNamePlural
312770121832,"<image UI/Conversation/T_Dialogue_IconBackgroundCircle.tga 400 130 128 120> Громоздкое (нет бесплатного перемещения)
<image UI/Conversation/T_Dialogue_IconBackgroundCircle.tga 400 130 128 120> Совмещено с композитумом-58",,,ModItemInventoryItemCompositeDef HeavyArmorHelmet_Kompositum AdditionalHint
377519143668,Тяжелый шлем,,,ModItemInventoryItemCompositeDef HeavyArmorHelmet_WeavePadding DisplayName
598621879541,Тяжелые шлемы,,,ModItemInventoryItemCompositeDef HeavyArmorHelmet_WeavePadding DisplayNamePlural
353912792254,"<image UI/Conversation/T_Dialogue_IconBackgroundCircle.tga 400 130 128 120> Уменьшение урона (улучшено обивкой)
<image UI/Conversation/T_Dialogue_IconBackgroundCircle.tga 400 130 128 120> Громоздкое (нет бесплатного перемещения)",,,ModItemInventoryItemCompositeDef HeavyArmorHelmet_WeavePadding AdditionalHint
557210228915,Тяжелые поножи,,,ModItemInventoryItemCompositeDef HeavyArmorLeggings DisplayName
557122296953,Тяжелые поножи,,,ModItemInventoryItemCompositeDef HeavyArmorLeggings DisplayNamePlural
562949448257,<image UI/Conversation/T_Dialogue_IconBackgroundCircle.tga 400 130 128 120> Громоздкое (нет бесплатного перемещения),,,ModItemInventoryItemCompositeDef HeavyArmorLeggings AdditionalHint
842175480143,Тяжелые поножи с композитумом,,,ModItemInventoryItemCompositeDef HeavyArmorLeggings_Kompositum DisplayName
141587408909,Тяжелые поножи с композитумом,,,ModItemInventoryItemCompositeDef HeavyArmorLeggings_Kompositum DisplayNamePlural
759827329147,"<image UI/Conversation/T_Dialogue_IconBackgroundCircle.tga 400 130 128 120> Громоздкое (нет бесплатного перемещения)
<image UI/Conversation/T_Dialogue_IconBackgroundCircle.tga 400 130 128 120> Совмещено с композитумом-58",,,ModItemInventoryItemCompositeDef HeavyArmorLeggings_Kompositum AdditionalHint
295571472443,Тяжелые поножи,,,ModItemInventoryItemCompositeDef HeavyArmorLeggings_WeavePadding DisplayName
707219634679,Тяжелые поножи,,,ModItemInventoryItemCompositeDef HeavyArmorLeggings_WeavePadding DisplayNamePlural
667037980727,"<image UI/Conversation/T_Dialogue_IconBackgroundCircle.tga 400 130 128 120> Уменьшение урона (улучшено обивкой)
<image UI/Conversation/T_Dialogue_IconBackgroundCircle.tga 400 130 128 120> Громоздкое (нет бесплатного перемещения)",,,ModItemInventoryItemCompositeDef HeavyArmorLeggings_WeavePadding AdditionalHint
517668263434,Тяжелая броня,,,ModItemInventoryItemCompositeDef HeavyArmorTorso DisplayName
558138293834,Тяжелая броня,,,ModItemInventoryItemCompositeDef HeavyArmorTorso DisplayNamePlural
219847021710,<image UI/Conversation/T_Dialogue_IconBackgroundCircle.tga 400 130 128 120> Громоздкое (нет бесплатного перемещения),,,ModItemInventoryItemCompositeDef HeavyArmorTorso AdditionalHint
273015700050,Тяжелая броня,,,ModItemInventoryItemCompositeDef HeavyArmorTorso_CeramicPlates DisplayName
316544463324,Тяжелая броня,,,ModItemInventoryItemCompositeDef HeavyArmorTorso_CeramicPlates DisplayNamePlural
603800970086,"<image UI/Conversation/T_Dialogue_IconBackgroundCircle.tga 400 130 128 120> Уменьшение урона (улучшено керамическими пластинами)
<image UI/Conversation/T_Dialogue_IconBackgroundCircle.tga 400 130 128 120> Керамические пластины ломаются после <color 124 130 96><RevertConditionCounter></color> попаданий
<image UI/Conversation/T_Dialogue_IconBackgroundCircle.tga 400 130 128 120> Громоздкое (нет бесплатного перемещения)",,,ModItemInventoryItemCompositeDef HeavyArmorTorso_CeramicPlates AdditionalHint
615129134579,Тяжелая броня с композитумом,,,ModItemInventoryItemCompositeDef HeavyArmorTorso_Kompositum DisplayName
126914512957,Тяжелая броня с композитумом,,,ModItemInventoryItemCompositeDef HeavyArmorTorso_Kompositum DisplayNamePlural
347531284201,"<image UI/Conversation/T_Dialogue_IconBackgroundCircle.tga 400 130 128 120> Громоздкое (нет бесплатного перемещения)
<image UI/Conversation/T_Dialogue_IconBackgroundCircle.tga 400 130 128 120> Совмещено с композитумом-58",,,ModItemInventoryItemCompositeDef HeavyArmorTorso_Kompositum AdditionalHint
515134387293,Тяжелая броня,,,ModItemInventoryItemCompositeDef HeavyArmorTorso_WeavePadding DisplayName
731006551250,Тяжелая броня,,,ModItemInventoryItemCompositeDef HeavyArmorTorso_WeavePadding DisplayNamePlural
190771851393,"<image UI/Conversation/T_Dialogue_IconBackgroundCircle.tga 400 130 128 120> Уменьшение урона (улучшено обивкой)
<image UI/Conversation/T_Dialogue_IconBackgroundCircle.tga 400 130 128 120> Громоздкое (нет бесплатного перемещения)",,,ModItemInventoryItemCompositeDef HeavyArmorTorso_WeavePadding AdditionalHint
385029395380,Кевларовый жилет,,,ModItemInventoryItemCompositeDef KevlarChestplate DisplayName
970450020508,Кевларовые жилеты,,,ModItemInventoryItemCompositeDef KevlarChestplate DisplayNamePlural
960351847723,Кевларовый жилет,,,ModItemInventoryItemCompositeDef KevlarChestplate_CeramicPlates DisplayName
638224036453,Кевларовые жилеты,,,ModItemInventoryItemCompositeDef KevlarChestplate_CeramicPlates DisplayNamePlural
926317299683,"<image UI/Conversation/T_Dialogue_IconBackgroundCircle.tga 400 130 128 120> Уменьшение урона (улучшено керамическими пластинами) 
<image UI/Conversation/T_Dialogue_IconBackgroundCircle.tga 400 130 128 120> Керамические пластины ломаются после <color 124 130 96><RevertConditionCounter></color> попаданий",,,ModItemInventoryItemCompositeDef KevlarChestplate_CeramicPlates AdditionalHint
320333519347,Кевларовый жилет с композитумом,,,ModItemInventoryItemCompositeDef KevlarChestplate_Kompositum DisplayName
811441401073,Кевларовые жилеты с композитумом,,,ModItemInventoryItemCompositeDef KevlarChestplate_Kompositum DisplayNamePlural
757854481257,<image UI/Conversation/T_Dialogue_IconBackgroundCircle.tga 400 130 128 120> Совмещен с композитумом-58,,,ModItemInventoryItemCompositeDef KevlarChestplate_Kompositum AdditionalHint
295830966212,Кевларовый жилет,,,ModItemInventoryItemCompositeDef KevlarChestplate_WeavePadding DisplayName
428685233635,Кевларовые жилеты,,,ModItemInventoryItemCompositeDef KevlarChestplate_WeavePadding DisplayNamePlural
980764623412,<image UI/Conversation/T_Dialogue_IconBackgroundCircle.tga 400 130 128 120> Уменьшение урона (улучшено обивкой),,,ModItemInventoryItemCompositeDef KevlarChestplate_WeavePadding AdditionalHint
187608707977,Кевларовый шлем,,,ModItemInventoryItemCompositeDef KevlarHelmet DisplayName
249372949624,Кевларовые шлемы,,,ModItemInventoryItemCompositeDef KevlarHelmet DisplayNamePlural
403167708542,Кевларовый шлем с композитумом,,,ModItemInventoryItemCompositeDef KevlarHelmet_Kompositum DisplayName
627399279577,Кевларовые шлемы с композитумом,,,ModItemInventoryItemCompositeDef KevlarHelmet_Kompositum DisplayNamePlural
606562258998,<image UI/Conversation/T_Dialogue_IconBackgroundCircle.tga 400 130 128 120> Совмещен с композитумом-58,,,ModItemInventoryItemCompositeDef KevlarHelmet_Kompositum AdditionalHint
409561352971,Кевларовый шлем,,,ModItemInventoryItemCompositeDef KevlarHelmet_WeavePadding DisplayName
767764349157,Кевларовые шлемы,,,ModItemInventoryItemCompositeDef KevlarHelmet_WeavePadding DisplayNamePlural
507191349868,<image UI/Conversation/T_Dialogue_IconBackgroundCircle.tga 400 130 128 120> Уменьшение урона (улучшено обивкой),,,ModItemInventoryItemCompositeDef KevlarHelmet_WeavePadding AdditionalHint
875629469039,Кевларовые поножи,,,ModItemInventoryItemCompositeDef KevlarLeggings DisplayName
718998931624,Кевларовые поножи,,,ModItemInventoryItemCompositeDef KevlarLeggings DisplayNamePlural
480008577125,Кевларовые поножи с композитумом,,,ModItemInventoryItemCompositeDef KevlarLeggings_Kompositum DisplayName
274085418656,Кевларовые поножи с композитумом,,,ModItemInventoryItemCompositeDef KevlarLeggings_Kompositum DisplayNamePlural
458558922661,<image UI/Conversation/T_Dialogue_IconBackgroundCircle.tga 400 130 128 120> Совмещен с композитумом-58,,,ModItemInventoryItemCompositeDef KevlarLeggings_Kompositum AdditionalHint
889185234463,Кевларовые поножи,,,ModItemInventoryItemCompositeDef KevlarLeggings_WeavePadding DisplayName
361740896558,Кевларовые поножи,,,ModItemInventoryItemCompositeDef KevlarLeggings_WeavePadding DisplayNamePlural
547092855750,<image UI/Conversation/T_Dialogue_IconBackgroundCircle.tga 400 130 128 120> Уменьшение урона (улучшено обивкой),,,ModItemInventoryItemCompositeDef KevlarLeggings_WeavePadding AdditionalHint
939389846992,Кевларовая броня,,,ModItemInventoryItemCompositeDef KevlarVest DisplayName
102906812460,Кевларовая броня,,,ModItemInventoryItemCompositeDef KevlarVest DisplayNamePlural
196362455670,Кевларовая броня,,,ModItemInventoryItemCompositeDef KevlarVest_CeramicPlates DisplayName
819102510854,Кевларовая броня,,,ModItemInventoryItemCompositeDef KevlarVest_CeramicPlates DisplayNamePlural
904920821332,"<image UI/Conversation/T_Dialogue_IconBackgroundCircle.tga 400 130 128 120> Уменьшение урона (улучшено керамическими пластинами) 
<image UI/Conversation/T_Dialogue_IconBackgroundCircle.tga 400 130 128 120> Керамические пластины ломаются после <color 124 130 96><RevertConditionCounter></color> попаданий",,,ModItemInventoryItemCompositeDef KevlarVest_CeramicPlates AdditionalHint
620082073861,Кевларовая броня с композитумом,,,ModItemInventoryItemCompositeDef KevlarVest_Kompositum DisplayName
444242790574,Кевларовая броня с композитумом,,,ModItemInventoryItemCompositeDef KevlarVest_Kompositum DisplayNamePlural
455311699523,<image UI/Conversation/T_Dialogue_IconBackgroundCircle.tga 400 130 128 120> Совмещен с композитумом-58,,,ModItemInventoryItemCompositeDef KevlarVest_Kompositum AdditionalHint
161772329620,Кевларовая броня,,,ModItemInventoryItemCompositeDef KevlarVest_WeavePadding DisplayName
578015891227,Кевларовая броня,,,ModItemInventoryItemCompositeDef KevlarVest_WeavePadding DisplayNamePlural
497570218481,<image UI/Conversation/T_Dialogue_IconBackgroundCircle.tga 400 130 128 120> Уменьшение урона (улучшено обивкой),,,ModItemInventoryItemCompositeDef KevlarVest_WeavePadding AdditionalHint
883936367090,Блестящий шлем,,,ModItemInventoryItemCompositeDef PostApoHelmet DisplayName
343660006188,Блестящие шлемы,,,ModItemInventoryItemCompositeDef PostApoHelmet DisplayNamePlural
164667458744,"<image UI/Conversation/T_Dialogue_IconBackgroundCircle.tga 400 130 128 120> Ломается ОЧЕНЬ часто
<image UI/Conversation/T_Dialogue_IconBackgroundCircle.tga 400 130 128 120> Плюс 100 к безумию",,,ModItemInventoryItemCompositeDef PostApoHelmet AdditionalHint
405940277469,Weave Padding,,,ModItemInventoryItemCompositeDef Combination_WeavePadding DisplayName
645759835116,Weave Padding,,,ModItemInventoryItemCompositeDef Combination_WeavePadding DisplayNamePlural
414339740907,"<bullet_point> Can be combined with Armor
<bullet_point> Increases the additional Damage Reduction of the Armor",,,ModItemInventoryItemCompositeDef Combination_WeavePadding AdditionalHint
265820064303,Ceramic Plates,,,ModItemInventoryItemCompositeDef Combination_CeramicPlates DisplayName
945890098345,Ceramic Plates,,,ModItemInventoryItemCompositeDef Combination_CeramicPlates DisplayNamePlural
974504572867,"<bullet_point> Can be combined with Torso Armor
<bullet_point> Enhanced Armor absorbs more damage until the plates break down",,,ModItemInventoryItemCompositeDef Combination_CeramicPlates AdditionalHint
180468080856,Kompositum 58,,,ModItemInventoryItemCompositeDef Combination_Kompositum58 DisplayName
576357924441,Kompositum 58,,,ModItemInventoryItemCompositeDef Combination_Kompositum58 DisplayNamePlural
946897290901,"<bullet_point> Can be combined with Armor
<bullet_point> Increases all Damage reduction stats of the armor",,,ModItemInventoryItemCompositeDef Combination_Kompositum58 AdditionalHint
479526429789,Комплект Дополнительного бронирования,,,ModItemInventoryItemCompositeDef JAZZ_ArmorUpgrade DisplayName
191364946234,Комплекты Дополнительного бронирования,,,ModItemInventoryItemCompositeDef JAZZ_ArmorUpgrade DisplayNamePlural
901500357188,Используются чтобы повысить класс защиты у модульных бронежилетов,,,ModItemInventoryItemCompositeDef JAZZ_ArmorUpgrade AdditionalHint
999957869604,Противогаз,,,ModItemInventoryItemCompositeDef GasMask DisplayName
607515076320,Противогазы,,,ModItemInventoryItemCompositeDef GasMask DisplayNamePlural
832036550490,"Классический противогаз с угольными фильтрами и резиновой шлем-маской, призванный защитить носителя от воздействия дыма, отравляющих газов и радиоактивной пыли. Ограничивает поле зрения и слуха, но это необходимая цена, за то, чтобы остаться живым.",,,ModItemInventoryItemCompositeDef GasMask Description
352447628446,Защищает от воздействия дыма и отравляющих газов,,,ModItemInventoryItemCompositeDef GasMask AdditionalHint
127699575645,Камуфляжная балаклава,,,ModItemInventoryItemCompositeDef JazzArmor_CamoBalaclava DisplayName
599960117734,Камуфляжные балаклавы,,,ModItemInventoryItemCompositeDef JazzArmor_CamoBalaclava DisplayNamePlural
346368526537,"ШПС-ка, она же шапка-пи... пряталка спецназовская. Тканевая маска, скрывающая лицо, с прорезями для глаз и рта. Камуфляжная раскраска помогает хозяину прятать свое лицо еще лучше.",,,ModItemInventoryItemCompositeDef JazzArmor_CamoBalaclava Description
557858399256,Помогает лучше прятаться,,,ModItemInventoryItemCompositeDef JazzArmor_CamoBalaclava AdditionalHint
720354025816,Солнцезащитные очки,,,ModItemInventoryItemCompositeDef JazzArmor_Sunglasses DisplayName
611720425604,Солнцезащитные очки,,,ModItemInventoryItemCompositeDef JazzArmor_Sunglasses DisplayNamePlural
126940066148,"Красивые и модные солнцезащитные очки. Мало того, что в солнечных очках наемник выглядит круче, так еще и, в качестве бонуса, очки могут поймать шальной осколок, предназначавшийся глазу.",,,ModItemInventoryItemCompositeDef JazzArmor_Sunglasses Description
424825139337,"Улучшают видимость днем, но ухудшают ночью",,,ModItemInventoryItemCompositeDef JazzArmor_Sunglasses AdditionalHint
521466489826,Кевларовая маска,,,ModItemInventoryItemCompositeDef JazzArmor_BallisticMask DisplayName
418143378072,Кевларовые маски,,,ModItemInventoryItemCompositeDef JazzArmor_BallisticMask DisplayNamePlural
245284644888,"Баллистическая защитная маска с прорезями для глаз. По задумке, должна защищать хозяина от выстрелов в лицо. Я бы на вашем месте не проверял.",,,ModItemInventoryItemCompositeDef JazzArmor_BallisticMask Description
488942668336,Кевларовая защита для лица,,,ModItemInventoryItemCompositeDef JazzArmor_BallisticMask AdditionalHint
818181029760,Баллистические очки,,,ModItemInventoryItemCompositeDef JazzArmor_ESS DisplayName
172943455971,Баллистические очки,,,ModItemInventoryItemCompositeDef JazzArmor_ESS DisplayNamePlural
418612382041,"Профессиональные баллистические противоосколочные очки. В бою или на полигоне, обеспечивают максимально возможную защиту для глаз. Помните, глаза у вас всего два, шансов на ошибку очень мало.",,,ModItemInventoryItemCompositeDef JazzArmor_ESS Description
806826966692,Защита для глаз во время песчанных бурь,,,ModItemInventoryItemCompositeDef JazzArmor_ESS AdditionalHint
671049962372,AN/PVS-5,,,ModItemInventoryItemCompositeDef JazzArmor_NVG1 DisplayName
538496112994,AN/PVS-5,,,ModItemInventoryItemCompositeDef JazzArmor_NVG1 DisplayNamePlural
142817437025,"Очки ночного зрения первого поколения, работающие на принципе усиления естественного освещения. Из-за чего при случайной засветке выключаются, чтоб не ослепить носителя.",,,ModItemInventoryItemCompositeDef JazzArmor_NVG1 Description
506440911304,Прибор ночного зрения первого поколения,,,ModItemInventoryItemCompositeDef JazzArmor_NVG1 AdditionalHint
641611416781,AN/PVS-7,,,ModItemInventoryItemCompositeDef JazzArmor_NVG2 DisplayName
314187072777,AN/PVS-7,,,ModItemInventoryItemCompositeDef JazzArmor_NVG2 DisplayNamePlural
925462880253,"Прибор ночного видения второго поколения менее чувсвителен к паразитной засветке, и, к тому же, имеет встроенную инфракрасную подсветку, позволяющую получать изображения в отсутствие естественного света вовсе.",,,ModItemInventoryItemCompositeDef JazzArmor_NVG2 Description
533537838532,Прибор ночного зрения второго поколения,,,ModItemInventoryItemCompositeDef JazzArmor_NVG2 AdditionalHint
749765377029,AN/PVS-14,,,ModItemInventoryItemCompositeDef JazzArmor_NVG3 DisplayName
863658966488,AN/PVS-14,,,ModItemInventoryItemCompositeDef JazzArmor_NVG3 DisplayNamePlural
298672605271,Самый современный прибор ночного видения третьего поколения. Светопоглощающая матрица из арсенида галлия и инфракрасный прожектор позволяют бойцу видеть ночью практически как днем.,,,ModItemInventoryItemCompositeDef JazzArmor_NVG3 Description
684296538295,Прибор ночного зрения третьего поколения,,,ModItemInventoryItemCompositeDef JazzArmor_NVG3 AdditionalHint
272785628894,Военная кепка,,,ModItemInventoryItemCompositeDef JazzArmor_UniformCap DisplayName
777072414296,Военная кепка,,,ModItemInventoryItemCompositeDef JazzArmor_UniformCap DisplayNamePlural
336261508886,"Обычная армейская кепка с козырьком для защиты от яркого солнца. Для услаждения взора командования имеет камуфляжную раскраску ""лес""",,,ModItemInventoryItemCompositeDef JazzArmor_UniformCap Description
188362278685,Камуфляжная кепка,,,ModItemInventoryItemCompositeDef JazzArmor_UniformCap AdditionalHint
173223273387,Строительная каска,,,ModItemInventoryItemCompositeDef JazzArmor_ConstructionHelmet DisplayName
654274057334,Строительные каски,,,ModItemInventoryItemCompositeDef JazzArmor_ConstructionHelmet DisplayNamePlural
942790476830,Яркая желтая строительная каска. Может защитить от удара по голове тупым и тяжелым предметом произвольной формы.,,,ModItemInventoryItemCompositeDef JazzArmor_ConstructionHelmet Description
667601914805,Каска Адриана,,,ModItemInventoryItemCompositeDef JazzArmor_AdrianHelmet DisplayName
433324518107,Каска Адриана,,,ModItemInventoryItemCompositeDef JazzArmor_AdrianHelmet DisplayNamePlural
820485978985,"Французский армейский шлем, вставший на службу еще в Первую Мировую войну. Обеспечивает неплохую защиту от случайных осколков и шрапнели, что сохраняет его полезность в условиях боевых действий в Гранд-Шьене. Ну, за неимением лучшего.",,,ModItemInventoryItemCompositeDef JazzArmor_AdrianHelmet Description
669750808305,Французская каска,,,ModItemInventoryItemCompositeDef JazzArmor_AdrianHelmet AdditionalHint
224255879213,Каска М1,,,ModItemInventoryItemCompositeDef JazzArmor_M1Helm DisplayName
404111529406,Каска М1,,,ModItemInventoryItemCompositeDef JazzArmor_M1Helm DisplayNamePlural
171112161836,"Американская стальная каска периода Второй Мировой войны и войны во Вьетнаме в чехле камуфляжной расцветки. Об американцах можно всякое говорить, но своих солдат они старались защищать как надо.",,,ModItemInventoryItemCompositeDef JazzArmor_M1Helm Description
463692455343,Американская каска в чехле камуфляжной расцветки,,,ModItemInventoryItemCompositeDef JazzArmor_M1Helm AdditionalHint
362022349756,Самодельный шлем,,,ModItemInventoryItemCompositeDef JazzArmor_MetalHelm DisplayName
125493171722,Самодельный шлем,,,ModItemInventoryItemCompositeDef JazzArmor_MetalHelm DisplayNamePlural
427099012695,"Тяжелый самодельный шлем, сваренный из листового железа. Создатель позаботился об удобстве носителя и приспособил в качестве подшлемника вязаную шапочку.",,,ModItemInventoryItemCompositeDef JazzArmor_MetalHelm Description
825566935194,Тяжелый самодельный шлем,,,ModItemInventoryItemCompositeDef JazzArmor_MetalHelm AdditionalHint
698286570374,Советская каска СШ-40,,,ModItemInventoryItemCompositeDef JazzArmor_SovietHelm DisplayName
557179053769,Советская каска СШ-40,,,ModItemInventoryItemCompositeDef JazzArmor_SovietHelm DisplayNamePlural
289609787388,Советский стальной шлем периода Великой Отечественной войны. Защитил немало бойцов РККА от потенциально смертельных ранений в свое время. Теперь вот и вам послужит.,,,ModItemInventoryItemCompositeDef JazzArmor_SovietHelm Description
772736330325,Советская каска,,,ModItemInventoryItemCompositeDef JazzArmor_SovietHelm AdditionalHint
220392946488,Немецкий шлем M42,,,ModItemInventoryItemCompositeDef JazzArmor_Stahlhelm DisplayName
252885839574,Немецкий шлем M42,,,ModItemInventoryItemCompositeDef JazzArmor_Stahlhelm DisplayNamePlural
358555971129,"Немецкий военный шлем периода Второй Мировой войны. В Гранд-Шьене оказался известно каким путем, да так тут и остался с тех времен.",,,ModItemInventoryItemCompositeDef JazzArmor_Stahlhelm Description
626481836952,Немецкая каска,,,ModItemInventoryItemCompositeDef JazzArmor_Stahlhelm AdditionalHint
370026149313,Сварочная маска,,,ModItemInventoryItemCompositeDef JazzArmor_WieldingHelm DisplayName
210740079061,Сварочная маска,,,ModItemInventoryItemCompositeDef JazzArmor_WieldingHelm DisplayNamePlural
930235849895,"Тяжеленная сварочная маска, укрепленная решеткой в области прорези для глаз. Защитные свойства скорее психологические, конечно.",,,ModItemInventoryItemCompositeDef JazzArmor_WieldingHelm Description
793998679801,Шлем Зилон,,,ModItemInventoryItemCompositeDef JazzArmor_ZylonHelm DisplayName
563910998625,Шлемы Зилон,,,ModItemInventoryItemCompositeDef JazzArmor_ZylonHelm DisplayNamePlural
960883670355,"Коммерческий шлем из зилона (зайлона) - еще одного типа арамидного волокна. По слухам, хоть зилон и является более прочным, чем кевлар, он быстро теряет защитные свойства со временем.",,,ModItemInventoryItemCompositeDef JazzArmor_ZylonHelm Description
590407040836,Модульный камуфляжный шлем,,,ModItemInventoryItemCompositeDef JazzArmor_ZylonHelm AdditionalHint
239198807680,"Шлем Зилон, Тяжелый",,,ModItemInventoryItemCompositeDef JazzArmor_ZylonHelmHeavy DisplayName
467593179208,"Шлемы Зилон, Тяжелый",,,ModItemInventoryItemCompositeDef JazzArmor_ZylonHelmHeavy DisplayNamePlural
764012338960,Тяжелый арамидный шлем Зилон с баллистическим забралом из бронестекла. Предлагается для проведения штурмовых операций в замкнутых пространствах.,,,ModItemInventoryItemCompositeDef JazzArmor_ZylonHelmHeavy Description
365960477733,"Модульный камуфляжный шлем, тяжелый вариант",,,ModItemInventoryItemCompositeDef JazzArmor_ZylonHelmHeavy AdditionalHint
987419927139,Шлем ProTec,,,ModItemInventoryItemCompositeDef JazzArmor_ProTecHelm DisplayName
978454665227,Шлем ProTec,,,ModItemInventoryItemCompositeDef JazzArmor_ProTecHelm DisplayNamePlural
971658966988,"Популярный американский защитный военный и гражданский шлем, получивший известность после использования их знаменитым отрядом ""Дельта"". Обеспечивает неплохую защиту от осколков.",,,ModItemInventoryItemCompositeDef JazzArmor_ProTecHelm Description
551765941156,Облегченный шлем,,,ModItemInventoryItemCompositeDef JazzArmor_ProTecHelm AdditionalHint
244187543674,Шлем Тварон,,,ModItemInventoryItemCompositeDef JazzArmor_TwaronHelm DisplayName
494253569631,Шлемы Тварон,,,ModItemInventoryItemCompositeDef JazzArmor_TwaronHelm DisplayNamePlural
878616193433,"Предлагаемый в качестве альтернативы кевлару броневой материал тварон завоевывает все большую и большую популярность на рынке. Вот, например, сделанная из тварона каска, имеющая вполне компетентные характеристики защиты.",,,ModItemInventoryItemCompositeDef JazzArmor_TwaronHelm Description
962242755996,Модульный шлем,,,ModItemInventoryItemCompositeDef JazzArmor_TwaronHelm AdditionalHint
964124006795,"Шлем Тварон, Тяжелый",,,ModItemInventoryItemCompositeDef JazzArmor_TwaronHelmHeavy DisplayName
696326635294,"Шлемы Тварон, Тяжелый",,,ModItemInventoryItemCompositeDef JazzArmor_TwaronHelmHeavy DisplayNamePlural
889128024610,"Твароновый шлем с бронещитком, защищающим лицо и глаза бойца. Предлагает отличную защиту при приемлемом весе.",,,ModItemInventoryItemCompositeDef JazzArmor_TwaronHelmHeavy Description
377018690641,"Модульный шлем, тяжелый вариант",,,ModItemInventoryItemCompositeDef JazzArmor_TwaronHelmHeavy AdditionalHint
724975034141,Шлем 6Б7,,,ModItemInventoryItemCompositeDef JazzArmor_6b7Helm DisplayName
417791392081,Шлемы 6Б7,,,ModItemInventoryItemCompositeDef JazzArmor_6b7Helm DisplayNamePlural
847376232139,"Современный армейский российский шлем, выполненный из арамидной ткани. Предлагает хорошую противоосколочную и противопулевую защиту самого важного органа солдата - головы. ",,,ModItemInventoryItemCompositeDef JazzArmor_6b7Helm Description
782763045030,Современный российский шлем,,,ModItemInventoryItemCompositeDef JazzArmor_6b7Helm AdditionalHint
212844370874,Шлем PASGT,,,ModItemInventoryItemCompositeDef JazzArmor_PASGTHelm DisplayName
984568849833,Шлемы PASGT,,,ModItemInventoryItemCompositeDef JazzArmor_PASGTHelm DisplayNamePlural
875851723035,"Рабочая лошадка американской армии - кевларовый шлем PASGT, разработанный в 1980-х годах. На сегодня уже потихоньку снимается с вооружения и заменяется более перспективными образцами, из-за чего списанные шлемы легко попадают в какие-нибудь африканские колонии.",,,ModItemInventoryItemCompositeDef JazzArmor_PASGTHelm Description
452421760090,Американский шлем,,,ModItemInventoryItemCompositeDef JazzArmor_PASGTHelm AdditionalHint
272616430003,Шлем Сфера,,,ModItemInventoryItemCompositeDef JazzArmor_STSHHelm DisplayName
616445596901,Шлемы Сфера,,,ModItemInventoryItemCompositeDef JazzArmor_STSHHelm DisplayNamePlural
435049408045,"Советский и российский титановый шлем, использовался Внутренними Войсками МВД при проведении различных контртеррористических операций, с необходимостью которых столкнулась Россия в 1990-х годах. Обеспечивает значительную защиту головы бойца от осколков и малоскоростных пуль.",,,ModItemInventoryItemCompositeDef JazzArmor_STSHHelm Description
955348164766,Советский титановый шлем,,,ModItemInventoryItemCompositeDef JazzArmor_STSHHelm AdditionalHint
153423704820,Шлем Алтын,,,ModItemInventoryItemCompositeDef JazzArmor_AltynHelm DisplayName
138620573973,Шлемы Алтын,,,ModItemInventoryItemCompositeDef JazzArmor_AltynHelm DisplayNamePlural
274222442493,"Легендарный шлем совесткого и российского спецназовца. Титановый купол в три миллиметра толщиной и забрало из бронестекла обеспечивают замечательную противопульную защиту, но большой вес и размеры делают шлем очень неудобным. По медицинским рекомендациям, постоянное ношение шлема должно осуществляться не более трех часов подряд.",,,ModItemInventoryItemCompositeDef JazzArmor_AltynHelm Description
820509954217,Тяжелый советский шлем,,,ModItemInventoryItemCompositeDef JazzArmor_AltynHelm AdditionalHint
859994737578,Шлем MICH 2001,,,ModItemInventoryItemCompositeDef JazzArmor_Mich2001 DisplayName
154633017336,Шлемы MICH 2001,,,ModItemInventoryItemCompositeDef JazzArmor_Mich2001 DisplayNamePlural
729699453859,"Вторая итерация шлема MICH, несколько пожертвовшая площадью защиты в пользу максимальной совместимости с различной индивидальной боевой электроникой бойца. Бойцу не понадобится защищаться, если он выполнит боевую задачу полностью незаметно.",,,ModItemInventoryItemCompositeDef JazzArmor_Mich2001 Description
981063468368,Облегченный (High Cut) современный шлем,,,ModItemInventoryItemCompositeDef JazzArmor_Mich2001 AdditionalHint
150785286851,Шлем Гвардиан,,,ModItemInventoryItemCompositeDef JazzArmor_GuardianHelm DisplayName
672638081967,Шлемы Гвардиан,,,ModItemInventoryItemCompositeDef JazzArmor_GuardianHelm DisplayNamePlural
119339798394,"Несколько лет назад вышедшая на рынок фирма ""Guardian"" стала основным поставщиком элементов бронезащиты для Ассоциации. Используемые технологии являются коммерческой тайной, но эффективность проводимых Ассоциацией операций в странах третьего мира может многое сказать о качестве их бронежилетов и шлемов.",,,ModItemInventoryItemCompositeDef JazzArmor_GuardianHelm Description
856701749869,Модульный шлем,,,ModItemInventoryItemCompositeDef JazzArmor_GuardianHelm AdditionalHint
822054995436,"Шлем Гвардиан, тяжелый",,,ModItemInventoryItemCompositeDef JazzArmor_GuardianHelmHeavy DisplayName
907492755122,"Шлемы Гвардиан, тяжелый",,,ModItemInventoryItemCompositeDef JazzArmor_GuardianHelmHeavy DisplayNamePlural
154040441272,"Тяжелые шлемы фирмы ""Guardian"" используются Ассоциацией для проведения штурмовых операций - взятие или освобождение заложников, ликвидация VIP, заминирование стратегических объектов и так далее.",,,ModItemInventoryItemCompositeDef JazzArmor_GuardianHelmHeavy Description
540364296206,"Модульный шлем, тяжелый",,,ModItemInventoryItemCompositeDef JazzArmor_GuardianHelmHeavy AdditionalHint
645644624573,Шлем MICH 2000,,,ModItemInventoryItemCompositeDef JazzArmor_Mich2000 DisplayName
881501773320,Шлемы MICH 2000,,,ModItemInventoryItemCompositeDef JazzArmor_Mich2000 DisplayNamePlural
565598870466,"Современнный американский шлем, приходящий на смену PASGT. Особенностью шлема является интегрированная модульная система для установки различных аксессуаров - головной рации, прибора ночного видения, и так далее, не снижающая защитные свойства самого шлема.",,,ModItemInventoryItemCompositeDef JazzArmor_Mich2000 Description
561442917175,Современный шлем,,,ModItemInventoryItemCompositeDef JazzArmor_Mich2000 AdditionalHint
809599322813,Шлем СВМПЭ,,,ModItemInventoryItemCompositeDef JazzArmor_UHMWPEHelm DisplayName
647571118464,Шлемы СВМПЭ,,,ModItemInventoryItemCompositeDef JazzArmor_UHMWPEHelm DisplayNamePlural
524823952227,"Современный защитный шлем из сверхплотного высокомолекулярного полиэтилена (СВМПЭ). Производителем заявляется, что шлемы рекомендованы для проведения Ночных Операций.",,,ModItemInventoryItemCompositeDef JazzArmor_UHMWPEHelm Description
880747947165,Защитный шлем из сверхплотного высокомолекулярного полиэтилена,,,ModItemInventoryItemCompositeDef JazzArmor_UHMWPEHelm AdditionalHint
334357176944,Шлем «Отряда смерти»,,,ModItemInventoryItemCompositeDef ShamanHelmet DisplayName
619349093375,Шлемы «Отряда смерти»,,,ModItemInventoryItemCompositeDef ShamanHelmet DisplayNamePlural
821984487782,"Личный шлем шамана Сангомы, принадлежавший ему еще в тот период, когда Сангома был в составе печального известного ""Отряда Смерти"". К обычному военному шлему добавлена баллистическая маска в агрессивной раскраске в форме черепа, призванная оказывать психологический эффект на противников Сангомы.",,,ModItemInventoryItemCompositeDef ShamanHelmet Description
319416000839,Шлем СПЕКТРА,,,ModItemInventoryItemCompositeDef JazzArmor_SpectraHelm DisplayName
666633645108,Шлемы СПЕКТРА,,,ModItemInventoryItemCompositeDef JazzArmor_SpectraHelm DisplayNamePlural
982833807873,"Высококлассные военные шлемы СПЕКТРА, как и другие подобные элементы брони получили известность после успешной операции Ассоциации в Арулько. Изначально принадлежавшие вооруженным силам Арулько, эти шлемы и другая боевая броня были захвачены в качестве трофеев и в конечном итоге привели Ассоциацию к успешному завершению операции.",,,ModItemInventoryItemCompositeDef JazzArmor_SpectraHelm Description
222746884728,Gasmaskenhelm,,,ModItemInventoryItemCompositeDef Gasmaskenhelm DisplayName
437672891116,Gasmaskenhelme,,,ModItemInventoryItemCompositeDef Gasmaskenhelm DisplayNamePlural
414353864856,Противогаз и шлем,,,ModItemInventoryItemCompositeDef Gasmaskenhelm AdditionalHint
788720835470,Кожаная куртка,,,ModItemInventoryItemCompositeDef JazzArmor_LeatherJacketBrn DisplayName
182462259918,Кожаные куртки,,,ModItemInventoryItemCompositeDef JazzArmor_LeatherJacketBrn DisplayNamePlural
861954561927,Классическая кожаная куртка - бомбер с меховой оторочкой воротника. Крутая.,,,ModItemInventoryItemCompositeDef JazzArmor_LeatherJacketBrn Description
167986550462,Крепкая кожаная куртка.,,,ModItemInventoryItemCompositeDef JazzArmor_LeatherJacketBrn AdditionalHint
444430601611,Кожаная куртка,,,ModItemInventoryItemCompositeDef JazzArmor_LeatherJacketBlk DisplayName
736065192992,Кожаные куртки,,,ModItemInventoryItemCompositeDef JazzArmor_LeatherJacketBlk DisplayNamePlural
687329018547,Плотная кожаная мотоциклетная куртка. Может защитить от пары царапин.,,,ModItemInventoryItemCompositeDef JazzArmor_LeatherJacketBlk Description
168419531911,Крепкая кожаная куртка.,,,ModItemInventoryItemCompositeDef JazzArmor_LeatherJacketBlk AdditionalHint
255285870071,Самодельная кольчуга,,,ModItemInventoryItemCompositeDef JazzArmor_Chainmail DisplayName
796729854508,Самодельные кольчуги,,,ModItemInventoryItemCompositeDef JazzArmor_Chainmail DisplayNamePlural
866133024791,"В отсуствие фабричных средств защиты, Легион Патриотов Гранд-Чиена вынужден прибегать к кустарному производству их из подручных материалов. Ржавая кольчуга из проволоки против холодного оружия и противоосколочные резиновые пластины из шин. Страшно подумать, что сумрачный гений дизайнера этой брони был бы способен произвести в условиях большего изобилия ресурсов.",,,ModItemInventoryItemCompositeDef JazzArmor_Chainmail Description
659912789786,Самодельная кольчуга из железа из шин. Разработана и введена в эксплуатацию Легионом,,,ModItemInventoryItemCompositeDef JazzArmor_Chainmail AdditionalHint
199686950281,Кожаный жилет,,,ModItemInventoryItemCompositeDef JazzArmor_LeatherVest DisplayName
811963761047,Кожаные жилеты,,,ModItemInventoryItemCompositeDef JazzArmor_LeatherVest DisplayNamePlural
578512789921,"Черный байкерский кожаный жилет. Вряд ли Гвоздь согласиться дать примерить. Хотя, учитывая, что байкеры свои жилеты не стирают - не стоит.",,,ModItemInventoryItemCompositeDef JazzArmor_LeatherVest Description
796609766807,Черный кожаный жилет,,,ModItemInventoryItemCompositeDef JazzArmor_LeatherVest AdditionalHint
978505280466,Военная униформа,,,ModItemInventoryItemCompositeDef JazzArmor_Uniform DisplayName
272625731444,Военная униформа,,,ModItemInventoryItemCompositeDef JazzArmor_Uniform DisplayNamePlural
589956058960,Форменная армейская рубашка в камуфляжной расцветке.,,,ModItemInventoryItemCompositeDef JazzArmor_Uniform Description
340489681757,Камуфляжная военная форма,,,ModItemInventoryItemCompositeDef JazzArmor_Uniform AdditionalHint
215116904754,Кожаная броня,,,ModItemInventoryItemCompositeDef JazzArmor_LeatherArmor DisplayName
661158179777,Кожаная броня,,,ModItemInventoryItemCompositeDef JazzArmor_LeatherArmor DisplayNamePlural
970768508285,"Самодельный кожаный нагрудник. По идее, как самостоятельное средство защиты применяться не должен - его нужно проклепать или навешать металлических пластин.",,,ModItemInventoryItemCompositeDef JazzArmor_LeatherArmor Description
119076303373,Самодельный плотный кожаный нагрудник.,,,ModItemInventoryItemCompositeDef JazzArmor_LeatherArmor AdditionalHint
385127515445,Бронежилет Flak M69,,,ModItemInventoryItemCompositeDef JazzArmor_EOD DisplayName
306986696662,Бронежилеты Flak M69,,,ModItemInventoryItemCompositeDef JazzArmor_EOD DisplayNamePlural
470548861016,"Модернизированная версия бронежилета ""Флак"". Фиберглассовые пластины заменены на нейлоновые, что улучшило подвижность бойца. Заодно был добавлен воротник для защиты шеи.",,,ModItemInventoryItemCompositeDef JazzArmor_EOD Description
830324932882,Старый американский бронежилет времен войны во вьетнаме,,,ModItemInventoryItemCompositeDef JazzArmor_EOD AdditionalHint
230797424385,Самодельная броня из шин,,,ModItemInventoryItemCompositeDef JazzArmor_TireArmor DisplayName
798177913451,Самодельная броня из шин,,,ModItemInventoryItemCompositeDef JazzArmor_TireArmor DisplayNamePlural
247198247081,"С любовью вырезанная из старых шин для грузовика  полнотельная броня с рукавами. Не хотелось бы огорчать автора жестокой действительностью касательно способностей его брони.
",,,ModItemInventoryItemCompositeDef JazzArmor_TireArmor Description
287567251502,Самодельная броня из шин,,,ModItemInventoryItemCompositeDef JazzArmor_TireArmor AdditionalHint
638613168199,Бронежилет Flak M1955,,,ModItemInventoryItemCompositeDef JazzArmor_FlakM1955 DisplayName
812639451419,Бронежилеты Flak M1955,,,ModItemInventoryItemCompositeDef JazzArmor_FlakM1955 DisplayNamePlural
212155852337,"Противоосколочный бронежилет корпуса морской пехоты США времен войны во Вьетнаме. Будучи собран по принципу пластинчатого доспеха, где роль пластины исполняли фиберглассовые плиты, уложенные внахлест, во многом задал дальнейшее направление развития индивидуальных бронежилетов и экипировки солдата в целом.",,,ModItemInventoryItemCompositeDef JazzArmor_FlakM1955 Description
369100489128,Старый американский бронежилет времен войны во вьетнаме,,,ModItemInventoryItemCompositeDef JazzArmor_FlakM1955 AdditionalHint
385127515445,Бронежилет Flak M69,,,ModItemInventoryItemCompositeDef JazzArmor_FlakM69 DisplayName
306986696662,Бронежилеты Flak M69,,,ModItemInventoryItemCompositeDef JazzArmor_FlakM69 DisplayNamePlural
470548861016,"Модернизированная версия бронежилета ""Флак"". Фиберглассовые пластины заменены на нейлоновые, что улучшило подвижность бойца. Заодно был добавлен воротник для защиты шеи.",,,ModItemInventoryItemCompositeDef JazzArmor_FlakM69 Description
830324932882,Старый американский бронежилет времен войны во вьетнаме,,,ModItemInventoryItemCompositeDef JazzArmor_FlakM69 AdditionalHint
360726472475,Самодельная кираса,,,ModItemInventoryItemCompositeDef JazzArmor_ImprovisedCuirass DisplayName
912113361221,Самодельные кирасы,,,ModItemInventoryItemCompositeDef JazzArmor_ImprovisedCuirass DisplayNamePlural
476224341686,"Самодельная кираса из листового железа ""Мейд бай Легион"". По задумке, должна защищать тяжелого бойца Легиона от винтовочного и пулеметного огня. Главное, чтоб тяжелый боец Легиона в это верил.",,,ModItemInventoryItemCompositeDef JazzArmor_ImprovisedCuirass Description
168857410077,"Самодельная кираса, сваренная из листов железа и обшитая кожей",,,ModItemInventoryItemCompositeDef JazzArmor_ImprovisedCuirass AdditionalHint
910956023361,Советский штурмовой нагрудник,,,ModItemInventoryItemCompositeDef JazzArmor_SovietAssaultArmor DisplayName
499755425254,Советские штурмовые нагрудники,,,ModItemInventoryItemCompositeDef JazzArmor_SovietAssaultArmor DisplayNamePlural
745507740881,"Советская штурмовая кираса, использовавшаяся специальными подразделениями РККА в ходе Великой Отечественной войны. С уверенностью останавливает 9-мм пистолетную пулю из МП40, что, безусловно, послужило неприятным сюрпризом для солдат Вермахта в схватках накоротке.",,,ModItemInventoryItemCompositeDef JazzArmor_SovietAssaultArmor Description
521194187625,Советская штурмовая броня второй мировой войны,,,ModItemInventoryItemCompositeDef JazzArmor_SovietAssaultArmor AdditionalHint
526369699564,Самодельная бригантина,,,ModItemInventoryItemCompositeDef JazzArmor_TireBrigantine DisplayName
249494808285,Самодельные бригантины,,,ModItemInventoryItemCompositeDef JazzArmor_TireBrigantine DisplayNamePlural
573274131078,"Легкая (относительно) бригантина из обрезков шин, используемая подвижными подразделениями Легиона. Ладно хоть в красный не покрасили.",,,ModItemInventoryItemCompositeDef JazzArmor_TireBrigantine Description
140035693819,Самодельная бригантина из кольчуги и обрезков шин,,,ModItemInventoryItemCompositeDef JazzArmor_TireBrigantine AdditionalHint
227560954614,Немецкая штурмовая кираса,,,ModItemInventoryItemCompositeDef JazzArmor_AssaultCuirass DisplayName
943107181623,Немецкие штурмовые кирасы,,,ModItemInventoryItemCompositeDef JazzArmor_AssaultCuirass DisplayNamePlural
835746245379,"Сумрачный тевтонский гений еще в Первую Мировую войну придумал снаряжать специальные саперно-штурмовые бригады, вооруженные короткими карабинами, мешком гранат, и вот такими супертяжелыми кирасами. Этакий прообраз ""джаггернаута"". Штурмовики доказали свою эффективность на полях сражений, но в дальнейшем от расходования 20кг стали на бойца Германия отказалась.",,,ModItemInventoryItemCompositeDef JazzArmor_AssaultCuirass Description
880788337220,Штурмовая кираса времен мировой войны,,,ModItemInventoryItemCompositeDef JazzArmor_AssaultCuirass AdditionalHint
580063580276,"Бронежилет Зилон, Легкий",,,ModItemInventoryItemCompositeDef JazzArmor_ZylonLight DisplayName
586029190644,"Бронежилеты Зилон, Легкий",,,ModItemInventoryItemCompositeDef JazzArmor_ZylonLight DisplayNamePlural
328063220388,"Легкий бронежилет Зилон в камуфляжой раскраске. Имеет большу крепость на разрыв, чем другие типы брони, но быстрее приходит в негодность",,,ModItemInventoryItemCompositeDef JazzArmor_ZylonLight Description
436739161545,Модульный бронежилет. Облегченный вариант,,,ModItemInventoryItemCompositeDef JazzArmor_ZylonLight AdditionalHint
735699102530,Полицейский бронежилет,,,ModItemInventoryItemCompositeDef JazzArmor_PoliceVest DisplayName
338967629493,Полицейские бронежилеты,,,ModItemInventoryItemCompositeDef JazzArmor_PoliceVest DisplayNamePlural
225370809188,"Бронежилет, используемый полицейскими структурами чуть не по всему миру. Кевларовая ткань обеспечивает уровень защиты, достаточный против большинства преступников, вооруженных легким оружием и не очень хорошо умеющих стрелять из него.",,,ModItemInventoryItemCompositeDef JazzArmor_PoliceVest Description
309353881675,Полицейский бронежилет. Облегченный вариант,,,ModItemInventoryItemCompositeDef JazzArmor_PoliceVest AdditionalHint
203947535559,Бронежилет SWAT,,,ModItemInventoryItemCompositeDef JazzArmor_SWAT DisplayName
426940580107,Бронежилеты SWAT,,,ModItemInventoryItemCompositeDef JazzArmor_SWAT DisplayNamePlural
551876545420,"Тяжелый полицейский штурмовой бронежилет с дополнительной защитой паха, шеи и рукавов. Применяется силами специального назначения на особо тяжелых ""адресах"".",,,ModItemInventoryItemCompositeDef JazzArmor_SWAT Description
917398081831,Полицейский бронежилет. Тяжелый вариант для специальных операций,,,ModItemInventoryItemCompositeDef JazzArmor_SWAT AdditionalHint
572857584976,"Бронежилет Зилон, Средний",,,ModItemInventoryItemCompositeDef JazzArmor_ZylonMedium DisplayName
488516896300,"Бронежилеты Зилон, Средний",,,ModItemInventoryItemCompositeDef JazzArmor_ZylonMedium DisplayNamePlural
764470828294,"Средний бронежилет Зилон с защитой паха и шеи в камуфляжой раскраске. Имеет большу крепость на разрыв, чем другие типы брони, но быстрее приходит в негодность.",,,ModItemInventoryItemCompositeDef JazzArmor_ZylonMedium Description
429017233141,Модульный бронежилет. Средний вариант,,,ModItemInventoryItemCompositeDef JazzArmor_ZylonMedium AdditionalHint
901708543549,Бронежилет PASGT,,,ModItemInventoryItemCompositeDef JazzArmor_PASGT DisplayName
771481547805,Бронежилеты PASGT,,,ModItemInventoryItemCompositeDef JazzArmor_PASGT DisplayNamePlural
760355983161,"Дальнейшее развитие бронежилетов серии ""Флак"". Бронезащита теперь обеспечивается брикетом из 18 слоев кевлара, что усилило защитные свойства относительно в прошлой версии аж в полтора раза.",,,ModItemInventoryItemCompositeDef JazzArmor_PASGT Description
487879273384,Американский бронежилет времен холодной войны,,,ModItemInventoryItemCompositeDef JazzArmor_PASGT AdditionalHint
733671653739,"Бронежилет Зилон, Тяжелый",,,ModItemInventoryItemCompositeDef JazzArmor_ZylonFull DisplayName
846025204149,"Бронежилет Зилон, Тяжелый",,,ModItemInventoryItemCompositeDef JazzArmor_ZylonFull DisplayNamePlural
758339612573,"Тяжелый штурмовой бронежилет Зилон с защитой шеи, паха и рук в камуфляжой раскраске. Имеет большу крепость на разрыв, чем другие типы брони, но быстрее приходит в негодность",,,ModItemInventoryItemCompositeDef JazzArmor_ZylonFull Description
564290283324,Модульный бронежилет. Штурмовой вариант,,,ModItemInventoryItemCompositeDef JazzArmor_ZylonFull AdditionalHint
598610355987,Бронежилет 6Б3,,,ModItemInventoryItemCompositeDef JazzArmor_6B3 DisplayName
310022256979,Бронежилеты 6Б3,,,ModItemInventoryItemCompositeDef JazzArmor_6B3 DisplayNamePlural
648136712142,"Первый специализированный противопульный бронежилет, защищающий от автоматных пуль из АКМ и АК-74. Защита обеспечивается за счет титановых бронепластин толщиной 6.5 мм.",,,ModItemInventoryItemCompositeDef JazzArmor_6B3 Description
519265082947,Старый советский бронежилет,,,ModItemInventoryItemCompositeDef JazzArmor_6B3 AdditionalHint
936548931557,"Бронежилет Тварон, Легкий",,,ModItemInventoryItemCompositeDef JazzArmor_TwaronLight DisplayName
220812452387,"Бронежилеты Тварон, Легкие",,,ModItemInventoryItemCompositeDef JazzArmor_TwaronLight DisplayNamePlural
499238830573,Модульный бронежилет. Облегченный вариант,,,ModItemInventoryItemCompositeDef JazzArmor_TwaronLight AdditionalHint
537343881914,"Бронежилет Тварон, Средний",,,ModItemInventoryItemCompositeDef JazzArmor_TwaronMedium DisplayName
585123693174,"Бронежилеты Тварон, Средние",,,ModItemInventoryItemCompositeDef JazzArmor_TwaronMedium DisplayNamePlural
942382859907,Модульный бронежилет. Средний вариант,,,ModItemInventoryItemCompositeDef JazzArmor_TwaronMedium AdditionalHint
526646910743,"Бронежилет Тварон, Тяжелый",,,ModItemInventoryItemCompositeDef JazzArmor_TwaronFull DisplayName
772376898249,"Бронежилеты Тварон, Тяжелые",,,ModItemInventoryItemCompositeDef JazzArmor_TwaronFull DisplayNamePlural
895703383900,"Тяжелый штурмовой бронежилет из тварона с дополнительной защитой шеи, рук и паха. Чуть хуже защищает от пуль и осколков, но лучше смягчает удары холодным оружием, что в условиях массированого применения специальных юнитов ближнего боя (дрессированых гиен) Легионом тоже очень важно.",,,ModItemInventoryItemCompositeDef JazzArmor_TwaronFull Description
892142420833,Модульный бронежилет. Штурмовой вариант,,,ModItemInventoryItemCompositeDef JazzArmor_TwaronFull AdditionalHint
920136799882,"Бронежилет ""Рейнджер""",,,ModItemInventoryItemCompositeDef JazzArmor_RBA DisplayName
782346732353,"Бронежилет ""Рейнджер""",,,ModItemInventoryItemCompositeDef JazzArmor_RBA DisplayNamePlural
442215590616,"Бронежилет знаменитых ""рейнджеров"" Армии США. Гибкие кевларовые панели совмещаются с пулестойкими керамическими пластинами, что в совокупности дает бойцу неплохую защищенность и не так сильно ограничивает подвижность.",,,ModItemInventoryItemCompositeDef JazzArmor_RBA Description
214525897697,Американский бронежилет,,,ModItemInventoryItemCompositeDef JazzArmor_RBA AdditionalHint
575595103386,"Бронежилет Гвардиан, Легкий",,,ModItemInventoryItemCompositeDef JazzArmor_GuardianLight DisplayName
625019746805,"Бронежилеты Гвардиан, Легкий",,,ModItemInventoryItemCompositeDef JazzArmor_GuardianLight DisplayNamePlural
585745780339,"Современный модульный бронежилет фирмы ""Guardian"", являющейся основным поставщиком Ассоциации. Облегченная вариация с защитой только туловища.",,,ModItemInventoryItemCompositeDef JazzArmor_GuardianLight Description
441787897027,Модульный бронежилет. Облегченный вариант,,,ModItemInventoryItemCompositeDef JazzArmor_GuardianLight AdditionalHint
841512642943,Штурмовой бронежилет 6Б13,,,ModItemInventoryItemCompositeDef JazzArmor_6B13 DisplayName
595027374720,Штурмовые бронежилеты 6Б13,,,ModItemInventoryItemCompositeDef JazzArmor_6B13 DisplayNamePlural
712665796217,"Современный российский штурмовой бронежилет. Гибкие элементы из арамидной ткани сочетаются с керамическим пластинами ""Гранит"". Дополнительная защита шеи и паха. ",,,ModItemInventoryItemCompositeDef JazzArmor_6B13 Description
301725279536,Российский штурмовой бронежилет,,,ModItemInventoryItemCompositeDef JazzArmor_6B13 AdditionalHint
491570137761,"Бронежилет Гвардиан, Средний",,,ModItemInventoryItemCompositeDef JazzArmor_GuardianMedium DisplayName
401793177717,"Бронежилеты Гвардиан, Средний",,,ModItemInventoryItemCompositeDef JazzArmor_GuardianMedium DisplayNamePlural
264423323990,"Современный модульный бронежилет фирмы ""Guardian"", являющейся основным поставщиком Ассоциации. Усиленная вариация с защитой паха и воротником.",,,ModItemInventoryItemCompositeDef JazzArmor_GuardianMedium Description
288384564314,Модульный бронежилет. Средний вариант,,,ModItemInventoryItemCompositeDef JazzArmor_GuardianMedium AdditionalHint
740197343981,"Бронежилет ""Interceptor""",,,ModItemInventoryItemCompositeDef JazzArmor_IBALight DisplayName
619300101686,"Бронежилет ""Interceptor""",,,ModItemInventoryItemCompositeDef JazzArmor_IBALight DisplayNamePlural
575083324235,Современный американский военный бронежилет. Выполнен по всем стандартам проектирования брони - арамидные пакеты усилены керамическими пластинами.,,,ModItemInventoryItemCompositeDef JazzArmor_IBALight Description
473329167054,Современный американский бронежилет. Облегченный вариант,,,ModItemInventoryItemCompositeDef JazzArmor_IBALight AdditionalHint
890006818026,Броня «Отряда смерти»,,,ModItemInventoryItemCompositeDef ShamanTorso DisplayName
153182052241,Броня «Отряда смерти»,,,ModItemInventoryItemCompositeDef ShamanTorso DisplayNamePlural
730568971680,"Тяжелый штурмовой бронежилет шамана Сангомы, который он носил в бытностью свою ликвидатором этого их ""Отряда Смерти"", что заметно по характерной устрашающей раскраске. Интересно, что на бронежилете нет никаких следов от пуль или осколков, можно сказать - не битый, не крашеный.",,,ModItemInventoryItemCompositeDef ShamanTorso Description
809929737039,"Бронежилет ""Interceptor"", с защитой паха",,,ModItemInventoryItemCompositeDef JazzArmor_IBA DisplayName
817417475026,"Бронежилет ""Interceptor"", с защитой паха",,,ModItemInventoryItemCompositeDef JazzArmor_IBA DisplayNamePlural
893317316245,Современный американский военный бронежилет. Выполнен по всем стандартам проектирования брони - арамидные пакеты усилены керамическими пластинами. Имеет воротник для защиты шеи и паховую пластину.,,,ModItemInventoryItemCompositeDef JazzArmor_IBA Description
799363687481,Современный американский бронежилет. Средний вариант,,,ModItemInventoryItemCompositeDef JazzArmor_IBA AdditionalHint
599122251974,"Бронежилет Гвардиан, Тяжелый",,,ModItemInventoryItemCompositeDef JazzArmor_GuardianFull DisplayName
782617276071,"Бронежилеты Гвардиан, Тяжелый",,,ModItemInventoryItemCompositeDef JazzArmor_GuardianFull DisplayNamePlural
739427349184,"Современный модульный бронежилет фирмы ""Guardian"", являющейся основным поставщиком Ассоциации. Тяжелая штурмовая вариация с защитой корпуса, шеи, паха и рук.",,,ModItemInventoryItemCompositeDef JazzArmor_GuardianFull Description
829471117799,Модульный бронежилет. Штурмовой вариант,,,ModItemInventoryItemCompositeDef JazzArmor_GuardianFull AdditionalHint
464681283390,"Бронежилет ""Interceptor"", Тяжелый",,,ModItemInventoryItemCompositeDef JazzArmor_IBAFull DisplayName
165273464829,"Бронежилет  ""Interceptor"", Тяжелый",,,ModItemInventoryItemCompositeDef JazzArmor_IBAFull DisplayNamePlural
186545142817,"Современный американский военный бронежилет в тяжелом штурмовом исполнении. Выполнен по всем стандартам проектирования брони - арамидные пакеты усилены керамическими пластинами. Имеет дополнительную защиту шеи, рук и паха.",,,ModItemInventoryItemCompositeDef JazzArmor_IBAFull Description
970159445095,Современный американский бронежилет. Штурмовой вариант,,,ModItemInventoryItemCompositeDef JazzArmor_IBAFull AdditionalHint
153412761781,Бронежилет СВМПЭ,,,ModItemInventoryItemCompositeDef JazzArmor_UHMWPE DisplayName
506761784252,Бронежилеты СВМПЭ,,,ModItemInventoryItemCompositeDef JazzArmor_UHMWPE DisplayNamePlural
693364549331,"Современный коммерческий бронежилет с защитой паха из сверхплотного высокомолекулярного полиэтилена (СВМПЭ). Производитель предлагал Ассоциации эксклюзивный контракт, но мы были вынуждены отказаться, из за странного условия - провести необходимое количество Ночных Операций.",,,ModItemInventoryItemCompositeDef JazzArmor_UHMWPE Description
402637516595,Бронежилет из сверхплотного высокомолекулярного полиэтилена.,,,ModItemInventoryItemCompositeDef JazzArmor_UHMWPE AdditionalHint
197372367064,"Бронежилет СВМПЭ, Тяжелый",,,ModItemInventoryItemCompositeDef JazzArmor_UHMWPEFull DisplayName
379319464770,"Бронежилеты СВМПЭ, Тяжелые",,,ModItemInventoryItemCompositeDef JazzArmor_UHMWPEFull DisplayNamePlural
960851086720,"Тяжелый штурмовой бронежилет с защитой паха и рук из сверхплотного высокомолекулярного полиэтилена (СВМПЭ). Производитель предлагал Ассоциации эксклюзивный контракт, но мы были вынуждены отказаться, из за странного условия - провести необходимое количество Ночных Операций.",,,ModItemInventoryItemCompositeDef JazzArmor_UHMWPEFull Description
779848171279,Бронежилет из сверхплотного высокомолекулярного полиэтилена. Штурмовой вариант,,,ModItemInventoryItemCompositeDef JazzArmor_UHMWPEFull AdditionalHint
918487270916,Бронежилет СПЕКТРА,,,ModItemInventoryItemCompositeDef JazzArmor_Spectra DisplayName
686320294717,Бронежилеты СПЕКТРА,,,ModItemInventoryItemCompositeDef JazzArmor_Spectra DisplayNamePlural
299804218619,"Современный и даже футуристичный бронежилет СПЕКТРА был захвачен в качестве трофея Ассоциацией во время операции в Арулько. Каким-то неизвестным нам образом (Ассоциация абсолютно точно не имеет к этому никакого отношения) он попал на черный рынок, откуда смог распространиться по всему миру. Производитель - неизвестен. Защита - как у танка.",,,ModItemInventoryItemCompositeDef JazzArmor_Spectra Description
376363160697,Бронежилет универсального солдата.,,,ModItemInventoryItemCompositeDef JazzArmor_Spectra AdditionalHint
213775254543,"Бронежилет СПЕКТРА, Тяжелый",,,ModItemInventoryItemCompositeDef JazzArmor_SpectraFull DisplayName
853661630706,"Бронежилеты СПЕКТРА, Тяжелый",,,ModItemInventoryItemCompositeDef JazzArmor_SpectraFull DisplayNamePlural
259769536367,"Современный и даже футуристичный бронежилет СПЕКТРА был захвачен в качестве трофея Ассоциацией во время операции в Арулько. Каким-то неизвестным нам образом (Ассоциация абсолютно точно не имеет к этому никакого отношения) он попал на черный рынок, откуда смог распространиться по всему миру. Производитель - неизвестен. Защита - как у танка. Тяжелый штурмовой вариант с защитой шеи, паха и рук.",,,ModItemInventoryItemCompositeDef JazzArmor_SpectraFull Description
462973165184,Бронежилет универсального солдата. Штурмовой вариант,,,ModItemInventoryItemCompositeDef JazzArmor_SpectraFull AdditionalHint
119451755365,СПЕКТРА из композитума,,,ModItemInventoryItemCompositeDef JazzArmor_SpectraCompositum DisplayName
858847580413,СПЕКТРА из композитума,,,ModItemInventoryItemCompositeDef JazzArmor_SpectraCompositum DisplayNamePlural
863567091821,"Тяжелые бронежилеты СПЕКТРА были модифицированы неугомонными руками доктора Грузельхайма путем замены бронеэлементов на аналогичные из Композитума-58. Весьма успешно надо сказать, расковырять неоарийцев в этих бронежилетах задача та еще.",,,ModItemInventoryItemCompositeDef JazzArmor_SpectraCompositum Description
595224290309,"СПЕКТРА из композитума, Тяжелый",,,ModItemInventoryItemCompositeDef JazzArmor_SpectraFullCompositum DisplayName
609469317056,"СПЕКТРА из композитума, Тяжелый",,,ModItemInventoryItemCompositeDef JazzArmor_SpectraFullCompositum DisplayNamePlural
944517269185,"Тяжелые бронежилеты СПЕКТРА были модифицированы неугомонными руками доктора Грузельхайма путем замены бронеэлементов на аналогичные из Композитума-58. Весьма успешно надо сказать, расковырять неоарийцев в этих бронежилетах задача та еще. Тяжелый штурмовой вариант с защитой шеи, паха и рук.",,,ModItemInventoryItemCompositeDef JazzArmor_SpectraFullCompositum Description
795145634495,Мотоциклетная защита,,,ModItemInventoryItemCompositeDef JazzArmor_MotoKneePads DisplayName
100815129525,Мотоциклетная защита,,,ModItemInventoryItemCompositeDef JazzArmor_MotoKneePads DisplayNamePlural
384678181247,"Мотоциклетные щитки на голени из прочного пластика. Пули, понятное дело, не держат, но вот удар арматуриной - вполне.",,,ModItemInventoryItemCompositeDef JazzArmor_MotoKneePads Description
805310507119,Мотоциклетная защита. Не держит пули,,,ModItemInventoryItemCompositeDef JazzArmor_MotoKneePads AdditionalHint
127339604026,Рейдерские наколенники,,,ModItemInventoryItemCompositeDef JazzArmor_RaiderKneePads DisplayName
855397811441,Рейдерские наколенники,,,ModItemInventoryItemCompositeDef JazzArmor_RaiderKneePads DisplayNamePlural
974243239899,"Защита коленей, спроектированная и исполненная тем же безумным дизайнером брони Легиона, что ответственнен за такие шедевры как ""ржавая кольчуга из шин"" и ""сварной панцирь из автомобильной двери"". Ждем нового шедевра - ""кираса из дорожных знаков""",,,ModItemInventoryItemCompositeDef JazzArmor_RaiderKneePads Description
793616271672,Самодельные наколенники,,,ModItemInventoryItemCompositeDef JazzArmor_RaiderKneePads AdditionalHint
389340654808,Кевларовые наколенники,,,ModItemInventoryItemCompositeDef JazzArmor_SwatPads DisplayName
912996860706,Кевларовые наколенники,,,ModItemInventoryItemCompositeDef JazzArmor_SwatPads DisplayNamePlural
125909778521,"Кевларовая защита коленей, применяемая полицейскими формированиями по всему миру. Позволяет мгновенно упасть из положения лежа и не лишиться при этом коленных чашечек.",,,ModItemInventoryItemCompositeDef JazzArmor_SwatPads Description
166761503495,Кевларовые наколенники,,,ModItemInventoryItemCompositeDef JazzArmor_SwatPads AdditionalHint
418702320610,Военные штаны,,,ModItemInventoryItemCompositeDef JazzArmor_UniformPants DisplayName
601867100326,Военные штаны,,,ModItemInventoryItemCompositeDef JazzArmor_UniformPants DisplayNamePlural
770209843536,Форменные армейские штаны в камуфляжной расцветке.,,,ModItemInventoryItemCompositeDef JazzArmor_UniformPants Description
755249659005,Камуфляжные штаны,,,ModItemInventoryItemCompositeDef JazzArmor_UniformPants AdditionalHint
248751035043,Плотные кожаные штаны,,,ModItemInventoryItemCompositeDef JazzArmor_LeatherPants DisplayName
681586332311,Плотные кожаные штаны,,,ModItemInventoryItemCompositeDef JazzArmor_LeatherPants DisplayNamePlural
226438256959,"Кожаные штаны. Не только красиво облегают вашу подтянутую задницу, но еще и способны защитить ее от удара ножом.",,,ModItemInventoryItemCompositeDef JazzArmor_LeatherPants Description
304254678040,Плотные кожаные штаны,,,ModItemInventoryItemCompositeDef JazzArmor_LeatherPants AdditionalHint
235930555725,Военные кевларовые щитки,,,ModItemInventoryItemCompositeDef JazzArmor_CamoKneePads DisplayName
474203275369,Военные кевларовые щитки,,,ModItemInventoryItemCompositeDef JazzArmor_CamoKneePads DisplayNamePlural
883070392890,"Форменные военные штаны, усиленные кевларовой защитой коленей. ",,,ModItemInventoryItemCompositeDef JazzArmor_CamoKneePads Description
676264975098,Усиленные кевларовые щитки поверх военной формы,,,ModItemInventoryItemCompositeDef JazzArmor_CamoKneePads AdditionalHint
286138794123,Самодельные металлические поножи,,,ModItemInventoryItemCompositeDef JazzArmor_RaiderMetalLeggins DisplayName
761509212290,Самодельные металлические поножи,,,ModItemInventoryItemCompositeDef JazzArmor_RaiderMetalLeggins DisplayNamePlural
378313906596,Армированные поножи из сваренного листового металла. Легион беспощаден к своим врагам. На это же невозможно смотреть без смеха.,,,ModItemInventoryItemCompositeDef JazzArmor_RaiderMetalLeggins Description
830578325184,Тяжелая броня для ног из металла,,,ModItemInventoryItemCompositeDef JazzArmor_RaiderMetalLeggins AdditionalHint
335456547949,Легкая броня для ног Зилон,,,ModItemInventoryItemCompositeDef JazzArmor_ZylonLegs DisplayName
293103118663,Легкая броня для ног Зилон,,,ModItemInventoryItemCompositeDef JazzArmor_ZylonLegs DisplayNamePlural
310028584083,"Набедренные щитки Зилон в камуфляжной раскраске. По сравнению с другими типами брони - быстрее изнашиваются, в остальном - обеспечивают защиту на уровне.",,,ModItemInventoryItemCompositeDef JazzArmor_ZylonLegs Description
633146469558,Легкия броня для ног,,,ModItemInventoryItemCompositeDef JazzArmor_ZylonLegs AdditionalHint
564749293082,Тяжелая броня для ног Зилон,,,ModItemInventoryItemCompositeDef JazzArmor_ZylonHeavyLegs DisplayName
829489550929,Тяжелая броня для ног Зилон,,,ModItemInventoryItemCompositeDef JazzArmor_ZylonHeavyLegs DisplayNamePlural
589323078459,"Тяжелая защита ног Зилон в камуфляжной раскраске.Представлена набедренниками и наголенниками. По сравнению с другими типами брони - быстрее изнашиваются, в остальном - обеспечивают защиту на уровне.",,,ModItemInventoryItemCompositeDef JazzArmor_ZylonHeavyLegs Description
783639536840,Тяжелая броня для ног,,,ModItemInventoryItemCompositeDef JazzArmor_ZylonHeavyLegs AdditionalHint
340564452388,Легкая броня для ног Тварон,,,ModItemInventoryItemCompositeDef JazzArmor_TwaronLegs DisplayName
501827511664,Легкая броня для ног Тварон,,,ModItemInventoryItemCompositeDef JazzArmor_TwaronLegs DisplayNamePlural
982146278290,"Набедренные щитки из тварона. Чуть хуже защищат от пули, но чуть лучше от ножа.",,,ModItemInventoryItemCompositeDef JazzArmor_TwaronLegs Description
875990093803,Легкия броня для ног,,,ModItemInventoryItemCompositeDef JazzArmor_TwaronLegs AdditionalHint
595503417999,Тяжелая броня для ног Тварон,,,ModItemInventoryItemCompositeDef JazzArmor_TwaronHeavyLegs DisplayName
887893041975,Тяжелая броня для ног Тварон,,,ModItemInventoryItemCompositeDef JazzArmor_TwaronHeavyLegs DisplayNamePlural
588731812215,"Тяжелая защита ног из тварона, состоит из наберенных щитков и наголенников. Чуть хуже защищает от пули, но чуть лучше от ножа.",,,ModItemInventoryItemCompositeDef JazzArmor_TwaronHeavyLegs Description
131153424600,Тяжелая броня для ног,,,ModItemInventoryItemCompositeDef JazzArmor_TwaronHeavyLegs AdditionalHint
380511796147,Легкая броня для ног Гвардиан,,,ModItemInventoryItemCompositeDef JazzArmor_GuardianLegs DisplayName
971224406774,Легкая броня для ног Гвардиан,,,ModItemInventoryItemCompositeDef JazzArmor_GuardianLegs DisplayNamePlural
430793741456,"Легкая защита для ног производства фирмы ""Guardian"". Хорошее соотношение веса и защищенности",,,ModItemInventoryItemCompositeDef JazzArmor_GuardianLegs Description
918989925083,Легкая броня для ног. ,,,ModItemInventoryItemCompositeDef JazzArmor_GuardianLegs AdditionalHint
183467107600,Тяжелая броня для ног Гвардиан,,,ModItemInventoryItemCompositeDef JazzArmor_GuardianHeavyLegs DisplayName
978936326548,Тяжелая броня для ног Гвардиан,,,ModItemInventoryItemCompositeDef JazzArmor_GuardianHeavyLegs DisplayNamePlural
306694231558,"Тяжелая защита для ног производства фирмы ""Guardian"". Хорошее соотношение веса и защищенности, защищает бедра и голени на всем протяжении.",,,ModItemInventoryItemCompositeDef JazzArmor_GuardianHeavyLegs Description
313703635746,Тяжелая броня для ног,,,ModItemInventoryItemCompositeDef JazzArmor_GuardianHeavyLegs AdditionalHint
635127575401,Штаны СВМПЭ,,,ModItemInventoryItemCompositeDef JazzArmor_UHMWPELegs DisplayName
560866529525,Штаны СВМПЭ,,,ModItemInventoryItemCompositeDef JazzArmor_UHMWPELegs DisplayNamePlural
310424595544,Современные коммерческие  поножи с защитой паха из сверхплотного высокомолекулярного полиэтилена (СВМПЭ). Дорогие и серьезные бронештаны для Ночных Операций.,,,ModItemInventoryItemCompositeDef JazzArmor_UHMWPELegs Description
600243739593,Штаны из сверхплотного высокомолекулярного полиэтилена,,,ModItemInventoryItemCompositeDef JazzArmor_UHMWPELegs AdditionalHint
120730773488,Поножи «Отряда смерти»,,,ModItemInventoryItemCompositeDef ShamanLeggings DisplayName
631889042724,Поножи «Отряда смерти»,,,ModItemInventoryItemCompositeDef ShamanLeggings DisplayNamePlural
252226201975,"Личные бронештаны шамана Сангомы, которые он использовал еще в ""Отряде Смерти"". Надеюсь, он хотя бы их потом стирал.",,,ModItemInventoryItemCompositeDef ShamanLeggings Description
518221619774,Штаны Спектра,,,ModItemInventoryItemCompositeDef JazzArmor_SpectraLegs DisplayName
734743271825,Штаны Спектра,,,ModItemInventoryItemCompositeDef JazzArmor_SpectraLegs DisplayNamePlural
795682654372,"Футуристичная ""универсальная броня солдата"", или, как она более известна, броня СПЕКТРА, в огромном количестве попала на черный рынок после операции Ассоциации в Арулько. Изготовленные из этого материала поножи обеспечивают серьезный уровень защиты для ног бойца.",,,ModItemInventoryItemCompositeDef JazzArmor_SpectraLegs Description
488169984563,Штаны универсального солдата.,,,ModItemInventoryItemCompositeDef JazzArmor_SpectraLegs AdditionalHint
552085320640,Resilience,,,ModItemInventoryItemCompositeDef Infected_HardenedSkin DisplayName
751297662642,Resilience,,,ModItemInventoryItemCompositeDef Infected_HardenedSkin DisplayNamePlural
139392735742,Crocodile Hide,,,ModItemInventoryItemCompositeDef CrocodileHide DisplayName
337363679674,Crocodile Hides,,,ModItemInventoryItemCompositeDef CrocodileHide DisplayNamePlural
422095393043,Самодельная бронеплита,,,ModItemInventoryItemCompositeDef JazzArmorPlates_Scrap DisplayName
627000349514,Самодельная бронеплита,,,ModItemInventoryItemCompositeDef JazzArmorPlates_Scrap DisplayNamePlural
618294702085,Самодельная бронепластина из гнилого ржавого железа. Легион в огромном количестве снабжает своих бойцов такими.,,,ModItemInventoryItemCompositeDef JazzArmorPlates_Scrap Description
430834060272,Обеспечивает защиту по 1 классу. Вставляется в бронежилеты.,,,ModItemInventoryItemCompositeDef JazzArmorPlates_Scrap AdditionalHint
640356443681,Кевларовая бронеплита,,,ModItemInventoryItemCompositeDef JazzArmorPlates_Kevlar DisplayName
633177912309,Кевларовая бронеплита,,,ModItemInventoryItemCompositeDef JazzArmorPlates_Kevlar DisplayNamePlural
234503579733,Легкая кевларовая бронепластина 2 класса защиты. Может неплохо дополнить штатные защитные элементы бронежилета.,,,ModItemInventoryItemCompositeDef JazzArmorPlates_Kevlar Description
310419617432,Обеспечивает защиту по 2 классу. Вставляется в бронежилеты.,,,ModItemInventoryItemCompositeDef JazzArmorPlates_Kevlar AdditionalHint
527424534974,Твароновая бронеплита,,,ModItemInventoryItemCompositeDef JazzArmorPlates_Twaron DisplayName
592682814602,Твароновая бронеплита,,,ModItemInventoryItemCompositeDef JazzArmorPlates_Twaron DisplayNamePlural
349833670705,"Легкая твароновая бронепластина 2 класса защиты. В дополнение к увеличению защиты от пуль и осколков, также может неплохо остановить лезвие топора какого-нибудь легионовца на спидах.",,,ModItemInventoryItemCompositeDef JazzArmorPlates_Twaron Description
575439199950,Обеспечивает защиту по 2 классу. Вставляется в бронежилеты.,,,ModItemInventoryItemCompositeDef JazzArmorPlates_Twaron AdditionalHint
237424838471,Стальная бронеплита 3 класса защиты,,,ModItemInventoryItemCompositeDef JazzArmorPlates_Steel3 DisplayName
125878422803,Стальная бронеплита 3 класса защиты,,,ModItemInventoryItemCompositeDef JazzArmorPlates_Steel3 DisplayNamePlural
494083353986,Стальная плита 3 класса защиты. База.,,,ModItemInventoryItemCompositeDef JazzArmorPlates_Steel3 Description
980856513256,Обеспечивает защиту по 3 классу. Вставляется в бронежилеты.,,,ModItemInventoryItemCompositeDef JazzArmorPlates_Steel3 AdditionalHint
135725488589,Стальная бронеплита 4 класса защиты,,,ModItemInventoryItemCompositeDef JazzArmorPlates_Steel4 DisplayName
127967662143,Стальная бронеплита 4 класса защиты,,,ModItemInventoryItemCompositeDef JazzArmorPlates_Steel4 DisplayNamePlural
741313418738,"Стальная плита 4 класса защиты. Неплохо защищает от винтовочных и автоматных пуль, что дает наемнику право на ошибку.",,,ModItemInventoryItemCompositeDef JazzArmorPlates_Steel4 Description
146117284173,Обеспечивает защиту по 4 классу. Вставляется в бронежилеты.,,,ModItemInventoryItemCompositeDef JazzArmorPlates_Steel4 AdditionalHint
158297465336,Стальная бронеплита 5 класса защиты,,,ModItemInventoryItemCompositeDef JazzArmorPlates_Steel5 DisplayName
580788476785,Стальная бронеплита 5 класса защиты,,,ModItemInventoryItemCompositeDef JazzArmorPlates_Steel5 DisplayNamePlural
975821789305,"Стальная плита 5 класса защиты. Очень тяжелая, но может остановить даже пулю из Барретта.",,,ModItemInventoryItemCompositeDef JazzArmorPlates_Steel5 Description
681468324000,Обеспечивает защиту по 5 классу. Вставляется в бронежилеты.,,,ModItemInventoryItemCompositeDef JazzArmorPlates_Steel5 AdditionalHint
732289974638,Керамическая плита 3 класса защиты,,,ModItemInventoryItemCompositeDef JazzArmorPlates_Ceramics3 DisplayName
566759096434,Керамическая плита 3 класса защиты,,,ModItemInventoryItemCompositeDef JazzArmorPlates_Ceramics3 DisplayNamePlural
679233924596,"Керамическая пластина 3 класса защиты. Керамические пластины менее долговечные, чем стальные, но лучше защищают",,,ModItemInventoryItemCompositeDef JazzArmorPlates_Ceramics3 Description
461117462973,Обеспечивает защиту по 3 классу. Вставляется в бронежилеты.,,,ModItemInventoryItemCompositeDef JazzArmorPlates_Ceramics3 AdditionalHint
282059758278,Керамическая плита 4 класса защиты,,,ModItemInventoryItemCompositeDef JazzArmorPlates_Ceramics4 DisplayName
447009212548,Керамическая плита 4 класса защиты,,,ModItemInventoryItemCompositeDef JazzArmorPlates_Ceramics4 DisplayNamePlural
326206091502,"Керамическая пластина 4 класса защиты. Керамические пластины менее долговечные, чем стальные, но лучше защищают.",,,ModItemInventoryItemCompositeDef JazzArmorPlates_Ceramics4 Description
472781199909,Обеспечивает защиту по 4 классу. Вставляется в бронежилеты.,,,ModItemInventoryItemCompositeDef JazzArmorPlates_Ceramics4 AdditionalHint
925634125026,Керамическая плита 5 класса защиты,,,ModItemInventoryItemCompositeDef JazzArmorPlates_Ceramics5 DisplayName
932882134462,Керамическая плита 5 класса защиты,,,ModItemInventoryItemCompositeDef JazzArmorPlates_Ceramics5 DisplayNamePlural
538755371034,"Керамическая пластина 5 класса защиты. Очень крепкая. Керамические пластины менее долговечные, чем стальные, но лучше защищают.",,,ModItemInventoryItemCompositeDef JazzArmorPlates_Ceramics5 Description
626593971199,Обеспечивает защиту по 5 классу. Вставляется в бронежилеты.,,,ModItemInventoryItemCompositeDef JazzArmorPlates_Ceramics5 AdditionalHint
105991333175,Титановая плита 3 класса защиты,,,ModItemInventoryItemCompositeDef JazzArmorPlates_Titan3 DisplayName
539611187321,Титановая плита 3 класса защиты,,,ModItemInventoryItemCompositeDef JazzArmorPlates_Titan3 DisplayNamePlural
861971172551,"Титановая бронеплита 3 класса защиты. По пулестойкости титан крепче стали, и гораздо легче нее. Есть и минусы. Цена. И заброневое осколочное действие титана. Но в первую очередь цена, да.",,,ModItemInventoryItemCompositeDef JazzArmorPlates_Titan3 Description
117421137389,Обеспечивает защиту по 3 классу. Вставляется в бронежилеты.,,,ModItemInventoryItemCompositeDef JazzArmorPlates_Titan3 AdditionalHint
810499546011,Титановая плита 4 класса защиты,,,ModItemInventoryItemCompositeDef JazzArmorPlates_Titan4 DisplayName
796049810331,Титановая плита 4 класса защиты,,,ModItemInventoryItemCompositeDef JazzArmorPlates_Titan4 DisplayNamePlural
295853758396,"Титановая бронеплита 4 класса защиты. По пулестойкости титан крепче стали, и гораздо легче нее. Есть и минусы. Цена. И заброневое осколочное действие титана. Но в первую очередь цена, да.",,,ModItemInventoryItemCompositeDef JazzArmorPlates_Titan4 Description
694193912756,Обеспечивает защиту по 4 классу. Вставляется в бронежилеты.,,,ModItemInventoryItemCompositeDef JazzArmorPlates_Titan4 AdditionalHint
759722972102,Титановая плита 5 класса защиты,,,ModItemInventoryItemCompositeDef JazzArmorPlates_Titan5 DisplayName
233593625538,Титановая плита 5 класса защиты,,,ModItemInventoryItemCompositeDef JazzArmorPlates_Titan5 DisplayNamePlural
874740516127,"Титановая бронеплита 5 класса защиты. По пулестойкости титан крепче стали, и гораздо легче нее. Есть и минусы. Цена. И заброневое осколочное действие титана. Но в первую очередь цена, да.",,,ModItemInventoryItemCompositeDef JazzArmorPlates_Titan5 Description
165053569449,Обеспечивает защиту по 5 классу. Вставляется в бронежилеты.,,,ModItemInventoryItemCompositeDef JazzArmorPlates_Titan5 AdditionalHint
334056626449,Пачка Долларов,,,ModItemInventoryItemCompositeDef Dollars DisplayName
378523647884,Пачки Долларов,,,ModItemInventoryItemCompositeDef Dollars DisplayNamePlural
427448658637,Пачка размером в 1000$,,,ModItemInventoryItemCompositeDef Dollars Description
671464185480,<bullet_point> <GameColorD>Можно продать за деньги</GameColorD>,,,ModItemInventoryItemCompositeDef Dollars AdditionalHint
589779671581,Авангард,,,ModItemCharacterEffectCompositeDef TrueGrit DisplayName
835802440630,"Вам дается <color EmStyle>Сила воли</color> (<color EmStyle><outOfCoverGrit></color>), если вы заканчиваете ход вне <color EmStyle>укрытия</color>.

Вам дается <color EmStyle>Сила воли</color> (<color EmStyle><nextToEnemyGrit></color>), если вы заканчиваете ход <color EmStyle>вплотную</color> к врагу.",,,ModItemCharacterEffectCompositeDef TrueGrit Description
616312070908,Перевязка,,,ModItemCombatAction Bandage DisplayName
573799800858,"Оказание медицинской помощи раненому союзнику. Требует времени, в течение которого вы не сможете совершать другие действия. Перевязываемый союзник не может перемещаться, но может атаковать.

<color EmStyle>Тяжелое ранение</color>: стабилизация состояния <color EmStyle>союзника</color>. Другие случаи: <color EmStyle>восстановление <hp>% макс. запаса ОЗ раненого</color> (в зависимости от навыка «<color EmStyle><color EmStyle>Медицина</color></color>»). Ваш персонаж переходит в положение <color EmStyle>присев</color>.",,,ModItemCombatAction Bandage Description
260416147827,ПЕРЕВЯЗКА,,,ModItemCombatAction Bandage QueuedBadgeText
664162876607,Ранение в голову,,,ModItemCharacterEffectCompositeDef Headshot DisplayName
147224231156,Ранение в торс,,,ModItemCharacterEffectCompositeDef Torsoshot DisplayName
564797563324,Ранение в руки,,,ModItemCharacterEffectCompositeDef Armsshot DisplayName
158615306685,Ранение в пах,,,ModItemCharacterEffectCompositeDef Groinshot DisplayName
757391949802,Шанс получить кровотечение,,,ModItemCharacterEffectCompositeDef BleedingChance DisplayName
844850890619,Ранение в ноги,,,ModItemCharacterEffectCompositeDef Legsshot DisplayName
216716472184,Тяжелое ранение,,,ModItemCharacterEffectCompositeDef BleedingOut DisplayName
910957860179,"Этот персонаж находится в <color EmStyle>критическом состоянии</color> и истечет кровью, если его не <color EmStyle>перевязать</color>. Каждый ход персонаж будет терять 8 единиц здоровья.",,,ModItemCharacterEffectCompositeDef BleedingOut Description
425969373535,Кровотечение,,,ModItemCharacterEffectCompositeDef Bleeding DisplayName
326849165819,Этот боец каждый ход будет <color EmStyle>получать урон до <DamagePerTurn> ОЗ</color> за уровень кровотечения до тех пор пока не будет <color EmStyle>перевязан</color>. При третьем уровне кровотечения макс. количество <color EmStyle>ОД будет снижено на <APLoss></color>.,,,ModItemCharacterEffectCompositeDef Bleeding Description
488938284982,<color EmStyle><DisplayName></color> is bleeding,,,ModItemCharacterEffectCompositeDef Bleeding AddEffectText
738668654416,Ранен,,,ModItemCharacterEffectCompositeDef Wounded DisplayName
345786294171,Макс. количество <color EmStyle>ОЗ снижается на <MaxHpReductionPerStack></color> за каждую рану. Так же с каждой раной снижается <color EmStyle>Количество ОД </color>. Можно вылечить операцией <color EmStyle>Лечение ран</color> в режиме Вида со спутника.,,,ModItemCharacterEffectCompositeDef Wounded Description
116769410151,Снижение точности,,,ModItemCharacterEffectCompositeDef Inaccurate DisplayName
538313284813,"Значительный <color EmStyle>штраф к точности</color> для всех атак. 
Имеет шанс вылечиться со временем после лечения или при высоком здоровье",,,ModItemCharacterEffectCompositeDef Inaccurate Description
816046468188,Замедление,,,ModItemCharacterEffectCompositeDef Slowed DisplayName
298835539293,"<color EmStyle>Стоимость перемещения</color> повышена на <color EmStyle><move_ap_modifier>%</color> за уровень.
Имеет шанс вылечиться со временем после лечения или при высоком здоровье",,,ModItemCharacterEffectCompositeDef Slowed Description
501562259156,<color EmStyle><DisplayName></color> в состоянии замедления,,,ModItemCharacterEffectCompositeDef Slowed AddEffectText
609065847626,Потеря сознания,,,ModItemCharacterEffectCompositeDef Unconscious DisplayName
104028003398,Без сознания и не может ничего делать.,,,ModItemCharacterEffectCompositeDef Unconscious Description
319734703137,<color EmStyle><DisplayName></color> без сознания,,,ModItemCharacterEffectCompositeDef Unconscious AddEffectText
483912406649,<color EmStyle><DisplayName></color> приходит в себя,,,ModItemCharacterEffectCompositeDef Unconscious RemoveEffectText
609065847626,Подавление сш гранатой,,,ModItemCharacterEffectCompositeDef SuppressStunGrenade DisplayName
629298563884,Слепота,,,ModItemCharacterEffectCompositeDef Blinded DisplayName
595664130748,Снижает <em>дальность обзора</em> и <em>точность</em>. Может вызвать <em>панику</em>.,,,ModItemCharacterEffectCompositeDef Blinded Description
880622931884,<em><DisplayName></em> ничего не видит,,,ModItemCharacterEffectCompositeDef Blinded AddEffectText
178364189448,Горение,,,ModItemCharacterEffectCompositeDef Burning DisplayName
661121942943,"Этот персонаж может <em>запаниковать</em> и будет <em>получать <damage> ед. урона</em> в конце каждого хода, пока не выйдет из области горения. <em>Перевязка</em> мгновенно снимает этот эффект.",,,ModItemCharacterEffectCompositeDef Burning Description
251545639918,<em><DisplayName></em> горит,,,ModItemCharacterEffectCompositeDef Burning AddEffectText
720153419307,Удушье,,,ModItemCharacterEffectCompositeDef Choking DisplayName
120652127957,Этот персонаж будет <em>получать <damage> ед. урона</em> в конце своего хода. Также этот персонаж <em>теряет энергию</em>.,,,ModItemCharacterEffectCompositeDef Choking Description
478064574365,<em><DisplayName></em> задыхается,,,ModItemCharacterEffectCompositeDef Choking AddEffectText
279226942480,Помечен Трассерами,,,ModItemCharacterEffectCompositeDef MarkedTraccers DisplayName
697150397247,Незначительное повышение шанса попадания за каждый уровень эффекта,,,ModItemCharacterEffectCompositeDef MarkedTraccers Description
737967253243,Голова,,,ModItemTargetBodyPart Default Head display_name
555517991144,"Выстрел в голову: существенное снижение вероятности попадания, огромный урон. Цель имеет шанс <color EmStyle>потерять сознание</color> или <color EmStyle>ослепнуть на 1 ход</color>",,,ModItemTargetBodyPart Default Head description
769851626768,ГОЛОВА,,,ModItemTargetBodyPart Default Head display_name_caps
654610448582,Шея,,,ModItemTargetBodyPart Default Neck display_name
339560834791,"Выстрел в шею: снижение вероятности попадания, увеличение урона, негативные эффекты в зависимости от вида оружия. . Цель имеет шанс потерять сознание или ослепнуть на 1 ход",,,ModItemTargetBodyPart Default Neck description
582267689019,ШЕЯ,,,ModItemTargetBodyPart Default Neck display_name_caps
535074255365,Руки,,,ModItemTargetBodyPart Default Arms display_name
986875063897,"Выстрел в руки: снижение вероятности попадания, уменьшение урона, Цель имеет шанс получить <color EmStyle>Снижение точности</color> или <color EmStyle>Оцепенение</color>",,,ModItemTargetBodyPart Default Arms description
394572905586,РУКИ,,,ModItemTargetBodyPart Default Arms display_name_caps
305632554738,Торс,,,ModItemTargetBodyPart Default Torso display_name
648355561615,Выстрел в торс. Цель имеет шанс <color EmStyle>Упасть</color> или <color EmStyle>Получить 1 уровень усталости</color>,,,ModItemTargetBodyPart Default Torso description
975151454526,ТОРС,,,ModItemTargetBodyPart Default Torso display_name_caps
490698876612,Пах,,,ModItemTargetBodyPart Default Groin display_name
464716813289,"Выстрел в пах: снижение вероятности попадания, увеличение урона. Цель имеет шанс <color EmStyle>получить до трех кровотечений</color>",,,ModItemTargetBodyPart Default Groin description
952996108949,ПАХ,,,ModItemTargetBodyPart Default Groin display_name_caps
262983114174,Ноги,,,ModItemTargetBodyPart Default Legs display_name
261228287392,"Выстрел в ноги: снижение вероятности попадания, уменьшение урона. Цель имеет шанс <color EmStyle>получить эффект замедления</color> или <color EmStyle>упасть</color>",,,ModItemTargetBodyPart Default Legs description
890535722521,НОГИ,,,ModItemTargetBodyPart Default Legs display_name_caps
288939857247,Сложить приклад,,,ModItemCombatAction FoldStock DisplayName
738918293248,Сложить приклад,,,ModItemCombatAction FoldStock Description
914773986339,FOLDING,,,ModItemCombatAction FoldStock QueuedBadgeText
177854405779,Разложить приклад,,,ModItemCombatAction UnFoldStock DisplayName
953157031389,Разложить приклад,,,ModItemCombatAction UnFoldStock Description
617924750698,FOLDING,,,ModItemCombatAction UnFoldStock QueuedBadgeText
558326492099,Включить фонарик,,,ModItemCombatAction FlashlightOn DisplayName
138858109974,Включить фонарик,,,ModItemCombatAction FlashlightOn Description
227471793670,FOLDING,,,ModItemCombatAction FlashlightOn QueuedBadgeText
546673083916,Выключить фонарик,,,ModItemCombatAction FlashlightOff DisplayName
465557660313,Выключить фонарик,,,ModItemCombatAction FlashlightOff Description
814656858332,FOLDING,,,ModItemCombatAction FlashlightOff QueuedBadgeText
860047768202,Расклинить,,,ModItemCombatAction Unjam DisplayName
619706015798,Расклинить оружие. Шанс зависит и потеря <em>состояния оружия</em> зависят от навыка <em><mechanical></em>.,,,ModItemCombatAction Unjam Description
836234263940,UNJAM,,,ModItemCombatAction Unjam QueuedBadgeText
220225989499,Overwatch,,,ModItemCombatAction Overwatch DisplayName
240638495863,"<em>Spends all AP</em>
Any targets who move or shoot in the overwatch area will provoke <GameTerm('Interrupt')> <em>attacks</em>.
Accuracy is influenced by <em><dexterity></em>.",,,ModItemCombatAction Overwatch Description
251435029034,OVERWATCH,,,ModItemCombatAction Overwatch QueuedBadgeText
128585897488,Одиночный выстрел,,,ModItemCombatAction SingleShot DisplayName
497050188756,Одиночный,,,ModItemCombatAction SingleShot DisplayNameShort
324582142382,"Дешевая атака, позволяющая экономить боеприпасы.",,,ModItemCombatAction SingleShot Description
701429996300,Короткая очередь,,,ModItemCombatAction BurstFire DisplayName
554267744489,Очередь,,,ModItemCombatAction BurstFire DisplayNameShort
684956692325,Выстрел <color EmStyle><num> патронами</color> по цели. Точность снижается под влиянием отдачи,,,ModItemCombatAction BurstFire Description
774183755916,Короткая очередь,,,ModItemCombatAction AbakanBurst DisplayName
879778704994,Очередь,,,ModItemCombatAction AbakanBurst DisplayNameShort
770790779264,Выстрел <color EmStyle><num> патронами</color> по цели без отдачи. ,,,ModItemCombatAction AbakanBurst Description
918161184141,Длинная очередь,,,ModItemCombatAction AutoFire DisplayName
699280021986,Авто,,,ModItemCombatAction AutoFire DisplayNameShort
520867907852,Стрельба длинной очередью из <color EmStyle><bullets> патронов</color>. Точность снижается под влиянием отдачи,,,ModItemCombatAction AutoFire Description
379627211225,Длинная очередь,,,ModItemCombatAction AbakanAutoFire DisplayName
441938589556,Авто,,,ModItemCombatAction AbakanAutoFire DisplayNameShort
883949335549,"Стрельба длинной очередью из <color EmStyle><bullets> патронов</color>.
Первые два выстрела без отдачи. Дальше точность снижается под влиянием отдачи",,,ModItemCombatAction AbakanAutoFire Description
615888335880,Выстрел в движении,,,ModItemCombatAction MobileShot DisplayName
799980728478,"<color EmStyle>Один раз за ход</color>.
Переход на новую позицию и два выстрела по ближайшим целям.
<color EmStyle>Использует свободное перемещение</color>.",,,ModItemCombatAction MobileShot Description
624088050886,Маневренный бой,,,ModItemCombatAction RunAndGun DisplayName
986970516880,"<em>Один раз за ход</em>.
Переход на новую позицию, в процессе которого вы выпускаете до <em><num_shots> коротких очередей</em> по ближайшим целям. Каждый выстрел получает <em>-<percent(penalty)> к точности</em>.",,,ModItemCombatAction RunAndGun Description
801751044843,Двойной выстрел,,,ModItemCombatAction DualShot DisplayName
159681644882,Двойной,,,ModItemCombatAction DualShot DisplayNameShort
118129232840,Атака «Двойной выстрел» включает в себя по одной базовой атаке каждым видом оружия.,,,ModItemCombatAction DualShot Description
603341101456,Длинная очередь,,,ModItemCombatAction MGBurstFire DisplayName
692766746228,"Стрельба очередью<coneDescription>. Точность снижается с увеличением расстояния до цели, а также при неприцельной стрельбе.<interrupts_info>",,,ModItemCombatAction MGBurstFire Description
898083486639,Боевое положение,,,ModItemCombatAction MGSetup DisplayName
868121469992,"Вы указываете сектор обстрела. Боец теряет возможность перемещаться, переходит в положение <em>лежа</em> и может стрелять только по целям, находящимся в секторе. Точность огня повышается, а враги, совершающие действия в пределах сектора, провоцируют атаки-<em>прерывания</em> (даже при 0 ОД).",,,ModItemCombatAction MGSetup Description
515583344616,УСТАНОВКА,,,ModItemCombatAction MGSetup QueuedBadgeText
328631986986,Выстрел из дробовика,,,ModItemCombatAction Buckshot DisplayName
986107589025,Одиночный,,,ModItemCombatAction Buckshot DisplayNameShort
410691125032,"Все враждебные цели в укрытиях получают статус «<color EmStyle>Вне укрытия</color>».
Цели также получают дополнительный статус в зависимости от типа боеприпасов. Все цели, оказавшиеся в зоне атаки, получают дополнительный урон.",,,ModItemCombatAction Buckshot Description
520069859000,Очередь из дробовика,,,ModItemCombatAction BuckshotBurst DisplayName
512311104558,Очередь,,,ModItemCombatAction BuckshotBurst DisplayNameShort
390490471721,"Все враждебные цели в укрытиях получают статус «<color EmStyle>Вне укрытия</color>».
Выстрел <color EmStyle><num_shots> патронами</color> по цели. Точность снижается с увеличением расстояния. Все цели, оказавшиеся в зоне атаки, получают дополнительный урон.",,,ModItemCombatAction BuckshotBurst Description
287878975487,Выстрел дуплетом,,,ModItemCombatAction DoubleBarrel DisplayName
300387820612,Двойной,,,ModItemCombatAction DoubleBarrel DisplayNameShort
896730902875,"Все враждебные цели в укрытиях получают статус «<color EmStyle>Вне укрытия</color>».
Цели также получают дополнительный статус в зависимости от типа боеприпасов. Все цели, оказавшиеся в зоне атаки, получают дополнительный урон.",,,ModItemCombatAction DoubleBarrel Description
283312068324,Отвлекающий выстрел,,,ModItemCombatAction CancelShotCone DisplayName
755798369736,"Не провоцирует <color EmStyle>атаки</color> типа «<color EmStyle>Прерывание</color>».
Снимает статусы »<color EmStyle>Контроль</color>» и «<color EmStyle>Сосредоточение огня</color>» при попадании.",,,ModItemCombatAction CancelShotCone Description
332726479626,Атака с дробовиком,,,ModItemCombatAction AttackShotgun DisplayName
953443054160,Атака выбранным оружием. Цели в секторе атаки гарантированно получают урон. Для некоторых видов оружия предусмотрены альтернативные режимы стрельбы.,,,ModItemCombatAction AttackShotgun Description
350985720284,Сосредоточение огня,,,ModItemCombatAction PinDown DisplayName
277947980799,"<em>Тратятся все ОД</em>
Цель получает статус «<em><GameTerm('Marked')></em>». Если в начале следующего хода цель остается в поле зрения, вы стреляете и наносите ей <em><damage> ед. урона</em>.

Цель должна находиться на линии огня и быть видимой.

Шанс попасть по цели увеличен и зависит от меткости наемника",,,ModItemCombatAction PinDown Description
699108760037,СОСРЕДОТОЧЕНИЕ ОГНЯ,,,ModItemCombatAction PinDown QueuedBadgeText
696629111160,Мозамбик,,,ModItemCombatAction PistolPerk_Mozambique DisplayName
466948292860,Мозамбик,,,ModItemCombatAction PistolPerk_Mozambique DisplayNameShort
864948067398,"<color EmStyle>Заряжается после убийства другим способом.</color>.
Два выстрела в тело, один в голову. ",,,ModItemCombatAction PistolPerk_Mozambique Description
615888335880,Побег с отвлечением,,,ModItemCombatAction PistolPerk_TrickShotRun DisplayName
799980728478,"<color EmStyle>Один раз за ход</color>.
Выстрел, снимающий наблюдение при попадании, затем перемещение на заданную позицию.",,,ModItemCombatAction PistolPerk_TrickShotRun Description
802529854667,Grenade,,,ModItemCombatAction ThrowGrenadeAG DisplayName
238574955470,Grenade,,,ModItemCombatAction ThrowGrenadeBG DisplayName
759436350229,Grenade,,,ModItemCombatAction ThrowGrenadeCG DisplayName
716048130364,Grenade,,,ModItemCombatAction ThrowGrenadeDG DisplayName
405554936480,Grenade,,,ModItemCombatAction ThrowGrenadeAO DisplayName
815075531261,Grenade,,,ModItemCombatAction ThrowGrenadeBO DisplayName
296828702350,Рукопашная атака,,,ModItemCombatAction MeleeAttack DisplayName
305356869820,"Враг, находящийся в укрытии, получает статус «<GameTerm('Exposed')>».",,,ModItemCombatAction MeleeAttack Description
548684733743,АНКЕТА A.I.M.,,,ModItemXTemplate PDAAimEvaluation Text
324205023460,v.1.1B,,,ModItemXTemplate PDAAimEvaluation Text
276501397506,Безопасное подключение,,,ModItemXTemplate PDAAimEvaluation Text
470265902414,НОВЫЙ УРОВЕНЬ,,,ModItemXTemplate PDAAimEvaluation ActionName
294433237069,Черты,,,ModItemXTemplate PDAAimEvaluation ActionName
715124601032,Подтвердить,,,ModItemXTemplate PDAAimEvaluation ActionName
550449531084,Предыдущий,,,ModItemXTemplate PDAAimEvaluation ActionName
655064233565,След.,,,ModItemXTemplate PDAAimEvaluation ActionName
731677990405,Характеристики,,,ModItemXTemplate PDAAimEvaluation ActionName
905658355422,Наёмники,,,ModItemXTemplate PDAAimEvaluation ActionName
187868415093,Закрыть,,,ModItemXTemplate PDAAimEvaluation ActionName
238402790013,<LB>,,,ModItemXTemplate PDAAimEvaluation Text
562902609255,<Name>,,,ModItemXTemplate PDAAimEvaluation Text
749158490275,<MercSpec()>,,,ModItemXTemplate PDAAimEvaluation Text
459016279300,/ суточная з/п,,,ModItemXTemplate PDAAimEvaluation Text
738913633555,<MercLevel()>,,,ModItemXTemplate PDAAimEvaluation Text
267299905081,УР.,,,ModItemXTemplate PDAAimEvaluation Text
995932052424,<RB>,,,ModItemXTemplate PDAAimEvaluation Text
769722208341,Характеристики,,,ModItemXTemplate PDAAimEvaluation Text
961479643645,Талант,,,ModItemXTemplate PDAAimEvaluation Text
861228350946,Особенности,,,ModItemXTemplate PDAAimEvaluation Text
236089097173,Черты,,,ModItemXTemplate PDAAimEvaluation Text
210141140528,История,,,ModItemXTemplate PDAAimEvaluation Text
113987221030,Статистика,,,ModItemXTemplate PDAAimEvaluation Text
177313543661,<DPadLeft>/<DPadRight>,,,ModItemXTemplate PDAAimEvaluation Text
731522640052,"Подключаемся к серверу A.I.M...
Проверяем безопасность соединения... <em>Подтверждено!</em>
------------------------------------",,,ModItemXTemplate PDAAimEvaluation Text
959513065473,"Подключаемся к серверу A.I.M...
Проверяем безопасность соединения... <em>Подтверждено!</em>
-----------------------------------------------",,,ModItemXTemplate PDAAimEvaluation Text
327307292756,ЭФФЕКТЫ,,,ModItemXTemplate CombatBadge RolloverText
865071357285,НЕТ ПАТРОНОВ,,,ModItemXTemplate CombatBadge Text
459179278354,<DisplayName>,,,ModItemXTemplate CombatBadge Text
728650423872,ВОЛЯ,,,ModItemMercStat Default Will ShortenedName
256373672615,Психопат,,,ModItemCharacterEffectCompositeDef Psycho DisplayName
966163673727,"Может выполнить более жестокую атаку, чем была выбрана.

Открывает дополнительные <em>варианты диалогов</em>.",,,ModItemCharacterEffectCompositeDef Psycho Description
875337188421,Особая связь,,,ModItemCharacterEffectCompositeDef Bond DisplayName
459288741024,Особая связь с другим персонажем (нужно отдельное описание).,,,ModItemCharacterEffectCompositeDef Bond Description
196499775201,Переговорщик,,,ModItemCharacterEffectCompositeDef Negotiator DisplayName
464552472248,"Снижает цены на <em>операции в секторе</em> и <em>перемещение по воде</em>.

Открывает <em>доп. варианты диалогов</em>.",,,ModItemCharacterEffectCompositeDef Negotiator Description
687227379969,Тёртый калач,,,ModItemCharacterEffectCompositeDef Scoundrel DisplayName
252249063178,"Первую <em>смену оружия</em> за ход можно совершить <em>бесплатно</em>.

Добавляет <em>доп. варианты диалогов</em>.",,,ModItemCharacterEffectCompositeDef Scoundrel Description
487342591563,Одиночка,,,ModItemCharacterEffectCompositeDef Loner DisplayName
124325843871,"Дает <GameTerm('Inspired')>, если в начале хода рядом с вами нет бойцов вашего отряда.",,,ModItemCharacterEffectCompositeDef Loner Description
892300961794,Оптимист,,,ModItemCharacterEffectCompositeDef Optimist DisplayName
181016182063,"Небольшой шанс <em>не допустить</em>, чтобы <GameTerm('Morale')> команды понизился.",,,ModItemCharacterEffectCompositeDef Optimist Description
755896070667,Пессимист,,,ModItemCharacterEffectCompositeDef Pessimist DisplayName
932094612672,"Небольшой шанс <em>не допустить</em>, чтобы <GameTerm('Morale')> команды повысился.",,,ModItemCharacterEffectCompositeDef Pessimist Description
906477417382,Духовность,,,ModItemCharacterEffectCompositeDef Spiritual DisplayName
233455514627,Гарантированная <em>минимальная точность</em> для безнадежных атак.,,,ModItemCharacterEffectCompositeDef Spiritual Description
619689762390,Зоофобия,,,ModItemCharacterEffectCompositeDef Zoophobic DisplayName
467565005573,"<GameTerm('Morale')> снижается, если этого персонажа <em>атакует</em> <em>животное</em>.",,,ModItemCharacterEffectCompositeDef Zoophobic Description
464805356385,Клаустрофобия,,,ModItemCharacterEffectCompositeDef Claustrophobic DisplayName
356135028604,"<GameTerm('Morale')> снижается в начале боя, если он происходит в <em>подземных</em> секторах.",,,ModItemCharacterEffectCompositeDef Claustrophobic Description
152237634088,Гемофобия,,,ModItemCharacterEffectCompositeDef Hemophobic DisplayName
105025202773,Шанс <em>неудачи</em> при использовании <em>перевязки</em>.,,,ModItemCharacterEffectCompositeDef Hemophobic Description
279226942480,Обстрелян,,,ModItemCharacterEffectCompositeDef suppressionLight DisplayName
880250024564,Шанс попасть во врага немного снижен,,,ModItemCharacterEffectCompositeDef suppressionLight Description
551437047571,Обстрелян,,,ModItemCharacterEffectCompositeDef suppressionLight AddEffectText
279226942480,Под огнем,,,ModItemCharacterEffectCompositeDef suppressionMedium DisplayName
880250024564,"Шанс попасть во врага снижен
+1 ОД свободного перемещения",,,ModItemCharacterEffectCompositeDef suppressionMedium Description
551437047571,Под плотным огнем,,,ModItemCharacterEffectCompositeDef suppressionMedium AddEffectText
279226942480,Под плотным огнем,,,ModItemCharacterEffectCompositeDef suppressionHeavy DisplayName
880250024564,"Шанс попасть во врага снижен
+2 ОД свободного перемещения",,,ModItemCharacterEffectCompositeDef suppressionHeavy Description
551437047571,Под плотным огнем,,,ModItemCharacterEffectCompositeDef suppressionHeavy AddEffectText
279226942480,Подавлен,,,ModItemCharacterEffectCompositeDef suppressionHeavy2 DisplayName
880250024564,Передвижение в 2 раза дороже. Точность стрельбы сильно снижена.,,,ModItemCharacterEffectCompositeDef suppressionHeavy2 Description
551437047571,Под плотным огнем,,,ModItemCharacterEffectCompositeDef suppressionHeavy2 AddEffectText
279226942480,Прижат,,,ModItemCharacterEffectCompositeDef suppressionPinned DisplayName
880250024564,Количество од - не более 4.,,,ModItemCharacterEffectCompositeDef suppressionPinned Description
551437047571,Под плотным огнем,,,ModItemCharacterEffectCompositeDef suppressionPinned AddEffectText
380316218017,Секретные данные,,,ModItemCharacterEffectCompositeDef InnerInfo DisplayName
222768539188,"Открывает месторасположение всех <em>врагов</em>, если у вас есть <em>разведданные</em> для этого сектора.",,,ModItemCharacterEffectCompositeDef InnerInfo Description
380316218017,Секретные данные,,,ModItemCharacterEffectCompositeDef InnerInfo_JAZZ DisplayName
391831963748,"Получает больше разведданных при хакинге
Открывает операцию по заработку денег в городском секторе (Пока недоступно)",,,ModItemCharacterEffectCompositeDef InnerInfo_JAZZ Description
562334332352,Юберрашунг,,,ModItemCharacterEffectCompositeDef GruntyPerk DisplayName
742416202176,"<em>Атакует</em> <em>ближайшего</em> противника из огнестрельного оружия <em>в начале боя</em> (если есть возможность).

Неприменимо к тяжелому оружию.",,,ModItemCharacterEffectCompositeDef GruntyPerk Description
562334332352,Юберрашунг,,,ModItemCharacterEffectCompositeDef GruntyPerk_JAZZ DisplayName
845332100943,Дает +50% од на первом ходу,,,ModItemCharacterEffectCompositeDef GruntyPerk_JAZZ Description
952338905331,Überraschung,,,ModItemCharacterEffectCompositeDef Grunty_AdditionalAP DisplayName
912592808613,Дает <em><bonus> ОД</em>.,,,ModItemCharacterEffectCompositeDef Grunty_AdditionalAP Description
500170452730,Пристрелка,,,ModItemCharacterEffectCompositeDef TakeAim DisplayName
518636342491,<color EmStyle>Повторные атаки</color> по одной и той же <color EmStyle>цели</color> получают все больший бонус к <color EmStyle>точности</color>.,,,ModItemCharacterEffectCompositeDef TakeAim Description
855415767233,Fast Runner,,,ModItemCharacterEffectCompositeDef SteadyBreathing DisplayName
785177734706,Increased <GameTerm('FreeMove')> <em>Range</em> when wearing <em>Light Armor</em> or not wearing any Armor.,,,ModItemCharacterEffectCompositeDef SteadyBreathing Description
408025340126,Stealthy,,,ModItemCharacterEffectCompositeDef Stealthy DisplayName
651312331230,"Harder to spot by enemies while <GameTerm('Sneaking')>.

Slightly increased chance for <GameTerm('StealthKills')>.",,,ModItemCharacterEffectCompositeDef Stealthy Description
971350457853,Автоматическое оружие,,,ModItemCharacterEffectCompositeDef AutoWeapons DisplayName
575851829180,Тяжелое вооружение,,,ModItemCharacterEffectCompositeDef AutoWeapons DisplayName
253479657834,Увеличивает количество выстрелов без отдачи на 1 при стрельбе очередями или в автоогне,,,
253479657834,Увеличивает количество выстрелов без отдачи на 1 при стрельбе очередями или в автоогне,,,ModItemCharacterEffectCompositeDef AutoWeapons Description
415344339832,Уменьшен расход <em>ОД</em> на атаки из <em>тяжелого вооружения</em> и <em>пулеметов</em> и приведение его в <GameTerm('Setup')>.,,,
415344339832,Уменьшен расход <em>ОД</em> на атаки из <em>тяжелого вооружения</em> и <em>пулеметов</em> и приведение его в <GameTerm('Setup')>.,,,ModItemCharacterEffectCompositeDef AutoWeapons Description
515755043627,"Can <em>Sneak</em> while standing.

Gains <em><gritOnStealthKill></em> <GameTerm('Grit')> on successful <GameTerm('StealthKills')>.",,,
432485322544,"Умеет <em>красться</em> стоя. Имеет свою маскировку. Бонус к скрытности не зависит от положения тела.

Получает <GameTerm('Grit')> (<em><gritOnStealthKill></em>), выполняя успешные <GameTerm('StealthKills')>.",,,ModItemCharacterEffectCompositeDef AutoWeapons tweaked_value
301546040789,<placeholder>,,,ModItemCharacterEffectCompositeDef AutoWeapons DisplayName
163764621255,00:00,,,ModItemCharacterEffectCompositeDef AutoWeapons DisplayName
841645965970,"При активации взрывчатка с таймером, кинутая Споуком, взорвётся в начале вражеского хода.",,,ModItemCharacterEffectCompositeDef AutoWeapons Description
115026001164,<placeholder>,,,ModItemCharacterEffectCompositeDef AutoWeapons DisplayName
623665702916,Рысий взгляд,,,ModItemCharacterEffectCompositeDef AutoWeapons DisplayName
663250628462,"Дальность видимости днем повышена, а штрафы за дальность - понижены",,,ModItemCharacterEffectCompositeDef AutoWeapons Description
972332466585,<DisplayName>,,,ModItemCharacterEffectCompositeDef AutoWeapons Text
190650275316,ЭФФЕКТЫ,,,ModItemCharacterEffectCompositeDef AutoWeapons RolloverText
429409916961,placeholder,,,
575734781283,ДАЛЬНОСТЬ,,,ModItemCharacterEffectCompositeDef AutoWeapons Text
909646377219,<DPadLeft> Режимы стрельбы,,,ModItemCharacterEffectCompositeDef AutoWeapons Text
510160303784,<DPadRight> Части тела,,,ModItemCharacterEffectCompositeDef AutoWeapons Text
392264332209,СТАТУС,,,ModItemCharacterEffectCompositeDef AutoWeapons Text
304252861693,<Description>,,,
733545694003,<DisplayName>,,,
421610325320,Отдача,,,ModItemCharacterEffectCompositeDef AutoWeapons Name
269544488292,Отдача влияет на потерю точности каждого последующего выстрела при стрельбе очередями. Наемники с более высокой силой стреляют с меньшей отдачей.,,,ModItemCharacterEffectCompositeDef AutoWeapons Description
282231548024,Настильность,,,ModItemCharacterEffectCompositeDef AutoWeapons Name
618139082202,"Дальность, при которой начинается падение точности из-за падения пули",,,ModItemCharacterEffectCompositeDef AutoWeapons Description
488984189913,Эргономика,,,ModItemCharacterEffectCompositeDef AutoWeapons Name
132504479324,"Начальная меткость оружия (без прицеливания) зависит от эргономики оружия, ловкости, меткости и уровня наемника",,,ModItemCharacterEffectCompositeDef AutoWeapons Description
488426500978,Кучность,,,ModItemCharacterEffectCompositeDef AutoWeapons Name
540297819036,Максимальная точность оружия. Приведена для макс дистанции стрельбы - падает линейно от точки настильности.,,,ModItemCharacterEffectCompositeDef AutoWeapons Description
353057401634,Эргономика (Ловкость/Дистанция),,,ModItemCharacterEffectCompositeDef AutoWeapons display_name
353057401634,Оптика,,,ModItemCharacterEffectCompositeDef AutoWeapons display_name
689049582614,В укрытии,,,ModItemCharacterEffectCompositeDef AutoWeapons display_name
487905424717,Автоогонь,,,ModItemCharacterEffectCompositeDef AutoWeapons display_name
740390022763,Прицеливание,,,ModItemCharacterEffectCompositeDef AutoWeapons display_name
277372719027,Подсветка лазером,,,ModItemCharacterEffectCompositeDef AutoWeapons display_name
733589978306,Стрельба в упор,,,ModItemCharacterEffectCompositeDef AutoWeapons display_name
733589978306,Подавление,,,ModItemCharacterEffectCompositeDef AutoWeapons display_name
254908977776,Видимость цели,,,ModItemCharacterEffectCompositeDef AutoWeapons display_name
353057401634,Влияние кучности оружия,,,ModItemCharacterEffectCompositeDef AutoWeapons display_name
353057401634,Помечен Трассерами,,,ModItemCharacterEffectCompositeDef AutoWeapons display_name
126273205496,Стрельба вслепую,,,ModItemCharacterEffectCompositeDef AutoWeapons display_name
604340497539,Нет линии огня,,,ModItemCharacterEffectCompositeDef AutoWeapons display_name
621519772188,Нападение из засады,,,ModItemCharacterEffectCompositeDef AutoWeapons display_name
839955828537,Сошки,,,ModItemCharacterEffectCompositeDef AutoWeapons display_name
373951788563,Контрастный прицел,,,ModItemCharacterEffectCompositeDef AutoWeapons display_name
678867022834,Больше опыта,,,ModItemCharacterEffectCompositeDef AutoWeapons display_name
678867022834,Боевой дух,,,ModItemCharacterEffectCompositeDef AutoWeapons display_name
387682849264,Меньше опыта,,,ModItemCharacterEffectCompositeDef AutoWeapons display_name
909298976640,In the dark,,,ModItemCharacterEffectCompositeDef AutoWeapons display_name
654410691274,Opportunity Attack,,,ModItemCharacterEffectCompositeDef AutoWeapons display_name
204842611158,Сосредоточение огня,,,ModItemCharacterEffectCompositeDef AutoWeapons display_name
103436126815,Run and Gun,,,ModItemCharacterEffectCompositeDef AutoWeapons display_name
611934221021,Состояние оружия,,,ModItemCharacterEffectCompositeDef AutoWeapons display_name
733589978306,Бонус к точности (Пистолеты),,,ModItemCharacterEffectCompositeDef AutoWeapons display_name
204842611158,Мозамбик,,,ModItemCharacterEffectCompositeDef AutoWeapons display_name
902961136022,Всего уровней прицеливания,,,ModItemCharacterEffectCompositeDef AutoWeapons display_name
430330255471,Прицел,,,ModItemCharacterEffectCompositeDef AutoWeapons short_display_name
143897686071,Сектор контроля,,,ModItemCharacterEffectCompositeDef AutoWeapons display_name
946802477359,Сектор контроля,,,ModItemCharacterEffectCompositeDef AutoWeapons short_display_name
472448154262,Отдача,,,ModItemCharacterEffectCompositeDef AutoWeapons display_name
737969743393,Отдача,,,ModItemCharacterEffectCompositeDef AutoWeapons short_display_name
666643530404,Потеря точности при каждом последующем выстреле в очереди,,,ModItemCharacterEffectCompositeDef AutoWeapons description
879334993502,Длина очереди,,,ModItemCharacterEffectCompositeDef AutoWeapons display_name
508072904270,Длина очереди,,,ModItemCharacterEffectCompositeDef AutoWeapons short_display_name
265079856338,Количество патрон в очереди,,,ModItemCharacterEffectCompositeDef AutoWeapons description
436108183662,Длина автоогня,,,ModItemCharacterEffectCompositeDef AutoWeapons display_name
703285597871,Длина автоогня,,,ModItemCharacterEffectCompositeDef AutoWeapons short_display_name
516026181508,Количество патрон в режиме автоогня,,,ModItemCharacterEffectCompositeDef AutoWeapons description
313710601358,Дальность,,,ModItemCharacterEffectCompositeDef AutoWeapons display_name
448734636097,ДЛНСТ,,,ModItemCharacterEffectCompositeDef AutoWeapons short_display_name
652024164313,"Максимальное расстояние, на которое можно прицельно стрелять из оружия.",,,ModItemCharacterEffectCompositeDef AutoWeapons description
531190657805,Бонус прицеливания,,,ModItemCharacterEffectCompositeDef AutoWeapons display_name
674996944199,Точность,,,ModItemCharacterEffectCompositeDef AutoWeapons short_display_name
185987205816,"Величина, на которую повышается меткость за каждый уровень прицеливания.",,,ModItemCharacterEffectCompositeDef AutoWeapons description
734746536521,Настильность,,,ModItemCharacterEffectCompositeDef AutoWeapons display_name
549476191424,НСТЛ,,,ModItemCharacterEffectCompositeDef AutoWeapons short_display_name
825317920467,"Дальность, при которой начинается падение точности из-за падения пули",,,ModItemCharacterEffectCompositeDef AutoWeapons description
740699694210,Эргономика,,,ModItemCharacterEffectCompositeDef AutoWeapons display_name
662923526727,ЭРНГ,,,ModItemCharacterEffectCompositeDef AutoWeapons short_display_name
602841133219,"Начальная меткость оружия (без прицеливания) зависит от эргономики оружия, ловкости, меткости и уровня наемника",,,ModItemCharacterEffectCompositeDef AutoWeapons description
253801005854,Кучность (10 клеток),,,ModItemCharacterEffectCompositeDef AutoWeapons display_name
508072904270,КУЧНОСТЬ,,,ModItemCharacterEffectCompositeDef AutoWeapons short_display_name
260503330036,Максимальная точность оружия (для дистанции в 10 клеток без учета других факторов),,,ModItemCharacterEffectCompositeDef AutoWeapons description
563377598001,Громкость выстрела,,,ModItemCharacterEffectCompositeDef AutoWeapons display_name
877827161258,ГРОМКОСТЬ,,,ModItemCharacterEffectCompositeDef AutoWeapons short_display_name
363679483637,"Дальность, на которой выстрел из оружия слышен",,,ModItemCharacterEffectCompositeDef AutoWeapons description
278882190381,Урон,,,ModItemCharacterEffectCompositeDef AutoWeapons display_name
431119605493,УРОН,,,ModItemCharacterEffectCompositeDef AutoWeapons short_display_name
346197075293,"Количество очков здоровья, которое теряет небронированная цель при попадании по ней.",,,ModItemCharacterEffectCompositeDef AutoWeapons description
996972440911,Урон,,,ModItemCharacterEffectCompositeDef AutoWeapons display_name
772250609996,УРОН,,,ModItemCharacterEffectCompositeDef AutoWeapons short_display_name
555477546004,"Количество очков здоровья, которое теряет небронированная цель при попадании по ней.",,,ModItemCharacterEffectCompositeDef AutoWeapons description
366322569846,Прицельная дальность,,,ModItemCharacterEffectCompositeDef AutoWeapons display_name
464473863107,ДЛНСТ,,,ModItemCharacterEffectCompositeDef AutoWeapons short_display_name
604262212558,"Максимальное расстояние, на которое можно прицельно стрелять из оружия.",,,ModItemCharacterEffectCompositeDef AutoWeapons description
182639959001,Дальность навскидку,,,ModItemCharacterEffectCompositeDef AutoWeapons display_name
384710280128,ДЛНСТ,,,ModItemCharacterEffectCompositeDef AutoWeapons short_display_name
871636626540,"Максимальное расстояние, на которое можно прицельно стрелять из оружия.",,,ModItemCharacterEffectCompositeDef AutoWeapons description
158052641318,"HMGothic Rough A, 16",,,ModItemCharacterEffectCompositeDef AutoWeapons TextFont
316521819145,"HMGothic Rough A, 16",,,ModItemCharacterEffectCompositeDef AutoWeapons TextFont
638558837429,"HMGothic Rough A, 16",,,ModItemCharacterEffectCompositeDef AutoWeapons TextFont
935483169035,"HMGothic Rough A, 16",,,ModItemCharacterEffectCompositeDef AutoWeapons TextFont
386811370690,"HMGothic Rough A, 16",,,ModItemCharacterEffectCompositeDef AutoWeapons TextFont
864589389246,"HMGothic Rough A, 16",,,ModItemCharacterEffectCompositeDef AutoWeapons TextFont
654724230309,"HMGothic Rough A, 16",,,ModItemCharacterEffectCompositeDef AutoWeapons TextFont
646857477608,"HMGothic Rough A, 24",,,ModItemCharacterEffectCompositeDef AutoWeapons TextFont
698388856753,"HMGothic Rough A, 20",,,ModItemCharacterEffectCompositeDef AutoWeapons TextFont
418820402486,"HMGothic Rough A, 30",,,ModItemCharacterEffectCompositeDef AutoWeapons TextFont
109046041841,"HMGothic Rough A, 30",,,ModItemCharacterEffectCompositeDef AutoWeapons TextFont
595922456311,Медикаменты,,,ModItemCharacterEffectCompositeDef AutoWeapons display_name
862621941813,Медикаменты,,,ModItemCharacterEffectCompositeDef AutoWeapons display_name
576809695729,Гранаты,,,ModItemCharacterEffectCompositeDef AutoWeapons display_name
258760835486,Ресурсы,,,ModItemCharacterEffectCompositeDef AutoWeapons display_name
652740353462,<DisplayName>,,,ModItemCharacterEffectCompositeDef AutoWeapons Text
330442935061,ХАРАКТЕРИСТИКИ ОРУЖИЯ,,,ModItemCharacterEffectCompositeDef AutoWeapons Text
763838308642,<Description>,,,ModItemCharacterEffectCompositeDef AutoWeapons Text
489906538430,<description>,,,ModItemCharacterEffectCompositeDef AutoWeapons RolloverText
301626423422,Бронебойность,,,ModItemCharacterEffectCompositeDef AutoWeapons RolloverTitle
264299149532,Бронебойность,,,ModItemCharacterEffectCompositeDef AutoWeapons Text
933079022251,СОСТОЯНИЕ,,,ModItemCharacterEffectCompositeDef AutoWeapons Text
637799234294,ОРУЖИЕ СЛОМАНО. НЕВОЗМОЖНО МОДИФИЦИРОВАТЬ,,,ModItemCharacterEffectCompositeDef AutoWeapons Text
348798061120,ИГРОК  МОДИФИЦИРУЕТ ЭТО ОРУЖИЕ,,,ModItemCharacterEffectCompositeDef AutoWeapons Text
345236880761,НЕВОЗМОЖНО МОДИФИЦИРОВАТЬ: ОРУЖИЕ НЕ В ИНВЕНТАРЕ НАЁМНИКА,,,ModItemCharacterEffectCompositeDef AutoWeapons Text
808641812558,ПРЕДЫДУЩЕЕ,,,ModItemCharacterEffectCompositeDef AutoWeapons ActionName
788722705219,СЛЕДУЮЩЕЕ,,,ModItemCharacterEffectCompositeDef AutoWeapons ActionName
186683938298,СБРОСИТЬ ПОЛОЖЕНИЕ,,,ModItemCharacterEffectCompositeDef AutoWeapons ActionName
159780746064,ЗАКРЫТЬ,,,ModItemCharacterEffectCompositeDef AutoWeapons ActionName
735120904990,<DisplayName>,,,ModItemCharacterEffectCompositeDef AutoWeapons Text
790197779044,ХАРАКТЕРИСТИКИ ОРУЖИЯ,,,ModItemCharacterEffectCompositeDef AutoWeapons Text
503996625887,<Description>,,,ModItemCharacterEffectCompositeDef AutoWeapons Text
670333226793,<description>,,,ModItemCharacterEffectCompositeDef AutoWeapons RolloverText
439711152788,Бронебойность,,,ModItemCharacterEffectCompositeDef AutoWeapons RolloverTitle
280720698646,Бронебойность,,,ModItemCharacterEffectCompositeDef AutoWeapons Text
452885873764,СОСТОЯНИЕ,,,ModItemCharacterEffectCompositeDef AutoWeapons Text
737586237410,ОРУЖИЕ СЛОМАНО. НЕВОЗМОЖНО МОДИФИЦИРОВАТЬ,,,ModItemCharacterEffectCompositeDef AutoWeapons Text
709310146798,ИГРОК  МОДИФИЦИРУЕТ ЭТО ОРУЖИЕ,,,ModItemCharacterEffectCompositeDef AutoWeapons Text
968187583167,НЕВОЗМОЖНО МОДИФИЦИРОВАТЬ: ОРУЖИЕ НЕ В ИНВЕНТАРЕ НАЁМНИКА,,,ModItemCharacterEffectCompositeDef AutoWeapons Text
554954487359,ПРЕДЫДУЩЕЕ,,,ModItemCharacterEffectCompositeDef AutoWeapons ActionName
235358681352,СЛЕДУЮЩЕЕ,,,ModItemCharacterEffectCompositeDef AutoWeapons ActionName
791254955343,СБРОСИТЬ ПОЛОЖЕНИЕ,,,ModItemCharacterEffectCompositeDef AutoWeapons ActionName
303258012748,ЗАКРЫТЬ,,,ModItemCharacterEffectCompositeDef AutoWeapons ActionName
799357390986,"Source Code Pro, 16",,,ModItemCharacterEffectCompositeDef AutoWeapons TextFont
509761061296,"Source Code Pro, 16",,,ModItemCharacterEffectCompositeDef AutoWeapons TextFont
179417854348,"Source Code Pro, 16",,,ModItemCharacterEffectCompositeDef AutoWeapons TextFont
980711730163,затычка,,,ModItemCharacterEffectCompositeDef AutoWeapons RolloverText
222984534204,затычка,,,ModItemCharacterEffectCompositeDef AutoWeapons RolloverText
425029539528,<bullets()>,,,ModItemCharacterEffectCompositeDef AutoWeapons Text
950060314213,<bullets()>,,,ModItemCharacterEffectCompositeDef AutoWeapons Text
283921836958,Перезарядить,,,ModItemCharacterEffectCompositeDef AutoWeapons RolloverTitle
625499865681,затычка,,,ModItemCharacterEffectCompositeDef AutoWeapons RolloverText
344059506942,затычка,,,ModItemCharacterEffectCompositeDef AutoWeapons RolloverText
635343119975,затычка,,,ModItemCharacterEffectCompositeDef AutoWeapons RolloverText
640228732655,<bullets()>,,,ModItemCharacterEffectCompositeDef AutoWeapons Text
955143813467,<bullets()>,,,ModItemCharacterEffectCompositeDef AutoWeapons Text
812137287750,<percent(Condition)>,,,ModItemCharacterEffectCompositeDef AutoWeapons Text
271023940577,Value:,,,ModItemCharacterEffectCompositeDef AutoWeapons Text
546250812078,<money(Cost)>,,,ModItemCharacterEffectCompositeDef AutoWeapons Text
128792603707,You can't move this item,,,ModItemCharacterEffectCompositeDef AutoWeapons Text
306160371091,Уровень защиты,,,ModItemCharacterEffectCompositeDef AutoWeapons Text
698700407824,Уровень защиты,,,ModItemCharacterEffectCompositeDef AutoWeapons Text
605345929215,Уровень защиты,,,ModItemCharacterEffectCompositeDef AutoWeapons Text
527484246339,Уровень защиты,,,ModItemCharacterEffectCompositeDef AutoWeapons Text
227418014128,Уровень защиты,,,ModItemCharacterEffectCompositeDef AutoWeapons Text
369205133397,Уровень защиты,,,ModItemCharacterEffectCompositeDef AutoWeapons Text
793718590072,Уровень защиты,,,ModItemCharacterEffectCompositeDef AutoWeapons Text
886452040462,Уровень защиты,,,ModItemCharacterEffectCompositeDef AutoWeapons Text
323469449534,Уровень защиты,,,ModItemCharacterEffectCompositeDef AutoWeapons Text
245759466344,Уровень защиты,,,ModItemCharacterEffectCompositeDef AutoWeapons Text
724608997137,Уровень защиты,,,ModItemCharacterEffectCompositeDef AutoWeapons Text
516469303127,Уровень защиты,,,ModItemCharacterEffectCompositeDef AutoWeapons Text
371754764107,Уровень защиты,,,ModItemCharacterEffectCompositeDef AutoWeapons Text
171964271406,Этот предмет невозможно переместить,,,ModItemCharacterEffectCompositeDef AutoWeapons Text
184043349031,Info,,,ModItemCharacterEffectCompositeDef AutoWeapons Text
611405286573,<DisplayName>,,,ModItemCharacterEffectCompositeDef AutoWeapons Text
362204247435,Morale,,,ModItemCharacterEffectCompositeDef AutoWeapons RolloverTitle
679215652471,Morale,,,ModItemCharacterEffectCompositeDef AutoWeapons RolloverTitle
615377721869,placeholder,,,ModItemCharacterEffectCompositeDef AutoWeapons RolloverText
580982509124,<apn(GetUIActionPoints())>,,,ModItemCharacterEffectCompositeDef AutoWeapons Text
638571901171,Wounds are being bandaged.,,,ModItemCharacterEffectCompositeDef AutoWeapons RolloverText
531913452382,<apn(GetUIActionPoints())>,,,ModItemCharacterEffectCompositeDef AutoWeapons Text
961263404010,Аwaiting deployment,,,ModItemCharacterEffectCompositeDef AutoWeapons RolloverText
399146812726,Morale,,,ModItemCharacterEffectCompositeDef AutoWeapons RolloverTitle
817404388036,Morale,,,ModItemCharacterEffectCompositeDef AutoWeapons RolloverTitle
115318172545,placeholder,,,ModItemCharacterEffectCompositeDef AutoWeapons RolloverText
788717079012,<apn(GetUIActionPoints())>,,,ModItemCharacterEffectCompositeDef AutoWeapons Text
301759703755,Wounds are being bandaged.,,,ModItemCharacterEffectCompositeDef AutoWeapons RolloverText
348547901304,<apn(GetUIActionPoints())>,,,ModItemCharacterEffectCompositeDef AutoWeapons Text
251040816715,Аwaiting deployment,,,ModItemCharacterEffectCompositeDef AutoWeapons RolloverText
626890466814,Morale,,,ModItemCharacterEffectCompositeDef AutoWeapons RolloverTitle
223227921982,Morale,,,ModItemCharacterEffectCompositeDef AutoWeapons RolloverTitle
265053006937,placeholder,,,ModItemCharacterEffectCompositeDef AutoWeapons RolloverText
269806592085,<apn(GetUIActionPoints())>,,,ModItemCharacterEffectCompositeDef AutoWeapons Text
952760179338,<placeholder>,,,
823568393704,Wounds are being bandaged.,,,ModItemCharacterEffectCompositeDef AutoWeapons RolloverText
911599978706,<apn(GetUIActionPoints())>,,,ModItemCharacterEffectCompositeDef AutoWeapons Text
364309207482,Аwaiting deployment,,,ModItemCharacterEffectCompositeDef AutoWeapons RolloverText
687809121967,Следующий боец,,,ModItemCharacterEffectCompositeDef AutoWeapons ActionName
293909228919,Предыдущий боец,,,ModItemCharacterEffectCompositeDef AutoWeapons ActionName
584198055716,Следующий отряд,,,ModItemCharacterEffectCompositeDef AutoWeapons ActionName
791668570095,Предыдущий отряд,,,ModItemCharacterEffectCompositeDef AutoWeapons ActionName
748156428562,Меню предмета,,,ModItemCharacterEffectCompositeDef AutoWeapons ActionName
555043861532,Мультивыбор,,,ModItemCharacterEffectCompositeDef AutoWeapons ActionName
298371369333,Сравнить,,,ModItemCharacterEffectCompositeDef AutoWeapons ActionName
676125159407,Закрыть,,,ModItemCharacterEffectCompositeDef AutoWeapons ActionName
958370723687,Рюкзаки отряда,,,ModItemCharacterEffectCompositeDef AutoWeapons Text
775573284389,Недостаточно ОД ,,,ModItemCharacterEffectCompositeDef AutoWeapons Text
618389212486,Комплект II,,,ModItemCharacterEffectCompositeDef AutoWeapons ActionName
704345551247,Комплект I,,,ModItemCharacterEffectCompositeDef AutoWeapons ActionName
440328144287,Активное оружие II,,,ModItemCharacterEffectCompositeDef AutoWeapons ActionName
684051997528,Активное оружие I,,,ModItemCharacterEffectCompositeDef AutoWeapons ActionName
255206300456,Снаряжение - <Nick>,,,ModItemCharacterEffectCompositeDef AutoWeapons Text
968308952428,ОД,,,ModItemCharacterEffectCompositeDef AutoWeapons RolloverTitle
658901200357,ОД,,,ModItemCharacterEffectCompositeDef AutoWeapons RolloverTitle
412195913541,Имущество отряда,,,ModItemCharacterEffectCompositeDef AutoWeapons Text
593012404899,Обыскать,,,ModItemCharacterEffectCompositeDef AutoWeapons Text
539738949129,Выбранный отряд находится в другом секторе,,,ModItemCharacterEffectCompositeDef AutoWeapons Text
769163944888,МЕШОК,,,ModItemCharacterEffectCompositeDef AutoWeapons Text
444676209300,Инвентарь заполнен,,,ModItemCharacterEffectCompositeDef AutoWeapons Text
997206919165,ВЗЯТЬ ВСЁ,,,ModItemCharacterEffectCompositeDef AutoWeapons ActionName
201923898196,ВЫБРАТЬ ВСЕ,,,ModItemCharacterEffectCompositeDef AutoWeapons ActionName
784863689068,Сортировка,,,ModItemCharacterEffectCompositeDef AutoWeapons ActionName
842292431082,МЕШОК,,,ModItemCharacterEffectCompositeDef AutoWeapons Text
736534736998,Инвентарь заполнен,,,ModItemCharacterEffectCompositeDef AutoWeapons Text
989845701750,Показать трофеи,,,ModItemCharacterEffectCompositeDef AutoWeapons ActionName
776162888663,Забрать трофеи,,,ModItemCharacterEffectCompositeDef AutoWeapons ActionName
354430427553,Следующий боец,,,ModItemCharacterEffectCompositeDef AutoWeapons ActionName
251878484707,Предыдущий боец,,,ModItemCharacterEffectCompositeDef AutoWeapons ActionName
307422297560,Следующий отряд,,,ModItemCharacterEffectCompositeDef AutoWeapons ActionName
452339232924,Предыдущий отряд,,,ModItemCharacterEffectCompositeDef AutoWeapons ActionName
612093267033,Активное оружие I,,,ModItemCharacterEffectCompositeDef AutoWeapons ActionName
279066519667,Активное оружие II,,,ModItemCharacterEffectCompositeDef AutoWeapons ActionName
617369583185,Комплект I,,,ModItemCharacterEffectCompositeDef AutoWeapons ActionName
274672146017,Комплект II,,,ModItemCharacterEffectCompositeDef AutoWeapons ActionName
317875796297,Меню предмета,,,ModItemCharacterEffectCompositeDef AutoWeapons ActionName
643555258341,Мультивыбор,,,ModItemCharacterEffectCompositeDef AutoWeapons ActionName
901851988416,Сравнить,,,ModItemCharacterEffectCompositeDef AutoWeapons ActionName
106281506048,Закрыть,,,ModItemCharacterEffectCompositeDef AutoWeapons ActionName
974978026563,Рюкзаки отряда,,,ModItemCharacterEffectCompositeDef AutoWeapons Text
879795630148,Недостаточно ОД ,,,ModItemCharacterEffectCompositeDef AutoWeapons Text
176393454855,Снаряжение - <Nick>,,,ModItemCharacterEffectCompositeDef AutoWeapons Text
894438976034,ОД,,,ModItemCharacterEffectCompositeDef AutoWeapons RolloverTitle
723060490960,ОД,,,ModItemCharacterEffectCompositeDef AutoWeapons RolloverTitle
379027931612,Имущество отряда,,,ModItemCharacterEffectCompositeDef AutoWeapons Text
806529866191,Обыскать,,,ModItemCharacterEffectCompositeDef AutoWeapons Text
753664405458,Выбранный отряд находится в другом секторе,,,ModItemCharacterEffectCompositeDef AutoWeapons Text
485347082440,МЕШОК,,,ModItemCharacterEffectCompositeDef AutoWeapons Text
667357295479,Инвентарь заполнен,,,ModItemCharacterEffectCompositeDef AutoWeapons Text
641667501712,ВЗЯТЬ ВСЁ,,,ModItemCharacterEffectCompositeDef AutoWeapons ActionName
814409180000,ВЫБРАТЬ ВСЕ,,,ModItemCharacterEffectCompositeDef AutoWeapons ActionName
772176371354,Сортировка,,,ModItemCharacterEffectCompositeDef AutoWeapons ActionName
401221755552,МЕШОК,,,ModItemCharacterEffectCompositeDef AutoWeapons Text
711831526724,Инвентарь заполнен,,,ModItemCharacterEffectCompositeDef AutoWeapons Text
930946940668,Показать трофеи,,,ModItemCharacterEffectCompositeDef AutoWeapons ActionName
870874601153,Забрать трофеи,,,ModItemCharacterEffectCompositeDef AutoWeapons ActionName
685525071391,Следующий боец,,,ModItemCharacterEffectCompositeDef AutoWeapons ActionName
341131714166,Предыдущий боец,,,ModItemCharacterEffectCompositeDef AutoWeapons ActionName
223971847712,Следующий отряд,,,ModItemCharacterEffectCompositeDef AutoWeapons ActionName
403630606358,Предыдущий отряд,,,ModItemCharacterEffectCompositeDef AutoWeapons ActionName
121141697489,Активное оружие I,,,ModItemCharacterEffectCompositeDef AutoWeapons ActionName
401513833052,Активное оружие II,,,ModItemCharacterEffectCompositeDef AutoWeapons ActionName
496415606741,Комплект I,,,ModItemCharacterEffectCompositeDef AutoWeapons ActionName
631908893433,Комплект II,,,ModItemCharacterEffectCompositeDef AutoWeapons ActionName
655838211940,Меню предмета,,,ModItemCharacterEffectCompositeDef AutoWeapons ActionName
845995818811,Мультивыбор,,,ModItemCharacterEffectCompositeDef AutoWeapons ActionName
786438577601,Сравнить,,,ModItemCharacterEffectCompositeDef AutoWeapons ActionName
479448243931,Закрыть,,,ModItemCharacterEffectCompositeDef AutoWeapons ActionName
197360050229,Рюкзаки отряда,,,ModItemCharacterEffectCompositeDef AutoWeapons Text
680087796963,Недостаточно ОД ,,,ModItemCharacterEffectCompositeDef AutoWeapons Text
496187320548,Снаряжение - <Nick>,,,ModItemCharacterEffectCompositeDef AutoWeapons Text
294949010792,ОД,,,ModItemCharacterEffectCompositeDef AutoWeapons RolloverTitle
553619365745,ОД,,,ModItemCharacterEffectCompositeDef AutoWeapons RolloverTitle
514182313918,Имущество отряда,,,ModItemCharacterEffectCompositeDef AutoWeapons Text
109181961514,Обыскать,,,ModItemCharacterEffectCompositeDef AutoWeapons Text
278792927663,Выбранный отряд находится в другом секторе,,,ModItemCharacterEffectCompositeDef AutoWeapons Text
891216644273,МЕШОК,,,ModItemCharacterEffectCompositeDef AutoWeapons Text
823586987523,Инвентарь заполнен,,,ModItemCharacterEffectCompositeDef AutoWeapons Text
626268669241,ВЗЯТЬ ВСЁ,,,ModItemCharacterEffectCompositeDef AutoWeapons ActionName
178481563517,ВЫБРАТЬ ВСЕ,,,ModItemCharacterEffectCompositeDef AutoWeapons ActionName
450240566354,Сортировка,,,ModItemCharacterEffectCompositeDef AutoWeapons ActionName
622734644944,МЕШОК,,,ModItemCharacterEffectCompositeDef AutoWeapons Text
430239587618,Инвентарь заполнен,,,ModItemCharacterEffectCompositeDef AutoWeapons Text
433865850668,Показать трофеи,,,ModItemCharacterEffectCompositeDef AutoWeapons ActionName
816169052092,Забрать трофеи,,,ModItemCharacterEffectCompositeDef AutoWeapons ActionName
865764281952,Следующий боец,,,ModItemCharacterEffectCompositeDef AutoWeapons ActionName
369600990531,Предыдущий боец,,,ModItemCharacterEffectCompositeDef AutoWeapons ActionName
722525538826,Следующий отряд,,,ModItemCharacterEffectCompositeDef AutoWeapons ActionName
230111363759,Предыдущий отряд,,,ModItemCharacterEffectCompositeDef AutoWeapons ActionName
179970994159,Активное оружие I,,,ModItemCharacterEffectCompositeDef AutoWeapons ActionName
556429667616,Активное оружие II,,,ModItemCharacterEffectCompositeDef AutoWeapons ActionName
911301197772,Комплект I,,,ModItemCharacterEffectCompositeDef AutoWeapons ActionName
162137665594,Комплект II,,,ModItemCharacterEffectCompositeDef AutoWeapons ActionName
682111041231,Меню предмета,,,ModItemCharacterEffectCompositeDef AutoWeapons ActionName
624125561075,Мультивыбор,,,ModItemCharacterEffectCompositeDef AutoWeapons ActionName
391748044376,Сравнить,,,ModItemCharacterEffectCompositeDef AutoWeapons ActionName
685453250020,Закрыть,,,ModItemCharacterEffectCompositeDef AutoWeapons ActionName
453066495894,ОД,,,ModItemCharacterEffectCompositeDef AutoWeapons RolloverTitle
297699282859,ОД,,,ModItemCharacterEffectCompositeDef AutoWeapons RolloverTitle
971967791890,Недостаточно ОД ,,,ModItemCharacterEffectCompositeDef AutoWeapons Text
963730227126,Обыскать,,,ModItemCharacterEffectCompositeDef AutoWeapons Text
714604792936,Выбранный отряд находится в другом секторе,,,ModItemCharacterEffectCompositeDef AutoWeapons Text
678176575768,МЕШОК,,,ModItemCharacterEffectCompositeDef AutoWeapons Text
967012672827,Инвентарь заполнен,,,ModItemCharacterEffectCompositeDef AutoWeapons Text
404805301174,ИМУЩЕСТВО ОТРЯДА,,,ModItemCharacterEffectCompositeDef AutoWeapons ActionName
308727225690,ВЗЯТЬ ВСЁ,,,ModItemCharacterEffectCompositeDef AutoWeapons ActionName
724254397142,ВЫБРАТЬ ВСЕ,,,ModItemCharacterEffectCompositeDef AutoWeapons ActionName
221904344919,МЕШОК,,,ModItemCharacterEffectCompositeDef AutoWeapons Text
404179068868,Инвентарь заполнен,,,ModItemCharacterEffectCompositeDef AutoWeapons Text
121631884276,Показать трофеи,,,ModItemCharacterEffectCompositeDef AutoWeapons ActionName
695991301531,Забрать трофеи,,,ModItemCharacterEffectCompositeDef AutoWeapons ActionName
368019382724,Рюкзаки отряда,,,ModItemCharacterEffectCompositeDef AutoWeapons Text
134733428032,РЮКЗАК - <Nick>,,,ModItemCharacterEffectCompositeDef AutoWeapons Text
102100347129,Имущество отряда,,,ModItemCharacterEffectCompositeDef AutoWeapons Text
949970128832,Следующий боец,,,ModItemCharacterEffectCompositeDef AutoWeapons ActionName
209289987305,Предыдущий боец,,,ModItemCharacterEffectCompositeDef AutoWeapons ActionName
464029690997,Следующий отряд,,,ModItemCharacterEffectCompositeDef AutoWeapons ActionName
849730730220,Предыдущий отряд,,,ModItemCharacterEffectCompositeDef AutoWeapons ActionName
451260237052,Активное оружие I,,,ModItemCharacterEffectCompositeDef AutoWeapons ActionName
139050187635,Активное оружие II,,,ModItemCharacterEffectCompositeDef AutoWeapons ActionName
221259696539,Комплект I,,,ModItemCharacterEffectCompositeDef AutoWeapons ActionName
332523149938,Комплект II,,,ModItemCharacterEffectCompositeDef AutoWeapons ActionName
717792492405,Меню предмета,,,ModItemCharacterEffectCompositeDef AutoWeapons ActionName
517027826385,Мультивыбор,,,ModItemCharacterEffectCompositeDef AutoWeapons ActionName
747154387883,Сравнить,,,ModItemCharacterEffectCompositeDef AutoWeapons ActionName
958290929962,Закрыть,,,ModItemCharacterEffectCompositeDef AutoWeapons ActionName
768635415350,ОД,,,ModItemCharacterEffectCompositeDef AutoWeapons RolloverTitle
466716414310,ОД,,,ModItemCharacterEffectCompositeDef AutoWeapons RolloverTitle
478240676850,Недостаточно ОД ,,,ModItemCharacterEffectCompositeDef AutoWeapons Text
527917492172,Разгрузка,,,ModItemCharacterEffectCompositeDef AutoWeapons Text
941078239129,Пояс,,,ModItemCharacterEffectCompositeDef AutoWeapons Text
355556655572,РЮКЗАК,,,ModItemCharacterEffectCompositeDef AutoWeapons Text
155790195023,Рюкзаки отряда,,,ModItemCharacterEffectCompositeDef AutoWeapons Text
913004608921,РЮКЗАК - <Nick>,,,ModItemCharacterEffectCompositeDef AutoWeapons Text
640630058269,Имущество отряда,,,ModItemCharacterEffectCompositeDef AutoWeapons Text
177007106881,Обыскать,,,ModItemCharacterEffectCompositeDef AutoWeapons Text
414699096395,Выбранный отряд находится в другом секторе,,,ModItemCharacterEffectCompositeDef AutoWeapons Text
591752923759,МЕШОК,,,ModItemCharacterEffectCompositeDef AutoWeapons Text
151605790645,Инвентарь заполнен,,,ModItemCharacterEffectCompositeDef AutoWeapons Text
247319674992,ВЗЯТЬ ВСЁ,,,ModItemCharacterEffectCompositeDef AutoWeapons ActionName
881143667416,ВЫБРАТЬ ВСЕ,,,ModItemCharacterEffectCompositeDef AutoWeapons ActionName
649843836390,Сортировка,,,ModItemCharacterEffectCompositeDef AutoWeapons ActionName
502804742595,МЕШОК,,,ModItemCharacterEffectCompositeDef AutoWeapons Text
142138054817,Инвентарь заполнен,,,ModItemCharacterEffectCompositeDef AutoWeapons Text
787275330939,Показать трофеи,,,ModItemCharacterEffectCompositeDef AutoWeapons ActionName
748373316660,Забрать трофеи,,,ModItemCharacterEffectCompositeDef AutoWeapons ActionName
197398376473,Следующий боец,,,ModItemCharacterEffectCompositeDef AutoWeapons ActionName
397662298505,Предыдущий боец,,,ModItemCharacterEffectCompositeDef AutoWeapons ActionName
363439280256,Следующий отряд,,,ModItemCharacterEffectCompositeDef AutoWeapons ActionName
973796258100,Предыдущий отряд,,,ModItemCharacterEffectCompositeDef AutoWeapons ActionName
984933709029,Активное оружие I,,,ModItemCharacterEffectCompositeDef AutoWeapons ActionName
678095938457,Активное оружие II,,,ModItemCharacterEffectCompositeDef AutoWeapons ActionName
789310960782,Комплект I,,,ModItemCharacterEffectCompositeDef AutoWeapons ActionName
427339353021,Комплект II,,,ModItemCharacterEffectCompositeDef AutoWeapons ActionName
352131150886,Меню предмета,,,ModItemCharacterEffectCompositeDef AutoWeapons ActionName
646158250293,Мультивыбор,,,ModItemCharacterEffectCompositeDef AutoWeapons ActionName
585430510273,Сравнить,,,ModItemCharacterEffectCompositeDef AutoWeapons ActionName
246905362571,Закрыть,,,ModItemCharacterEffectCompositeDef AutoWeapons ActionName
852932508226,Снаряжение - <Nick>,,,ModItemCharacterEffectCompositeDef AutoWeapons Text
396249040457,ОД,,,ModItemCharacterEffectCompositeDef AutoWeapons RolloverTitle
637476007613,ОД,,,ModItemCharacterEffectCompositeDef AutoWeapons RolloverTitle
850200576474,Рюкзаки отряда,,,ModItemCharacterEffectCompositeDef AutoWeapons Text
914665506642,Недостаточно ОД ,,,ModItemCharacterEffectCompositeDef AutoWeapons Text
867306961363,Снаряжение - <Nick>,,,ModItemCharacterEffectCompositeDef AutoWeapons Text
803292038563,ОД,,,ModItemCharacterEffectCompositeDef AutoWeapons RolloverTitle
538715768276,ОД,,,ModItemCharacterEffectCompositeDef AutoWeapons RolloverTitle
781210276275,Имущество отряда,,,ModItemCharacterEffectCompositeDef AutoWeapons Text
100773939801,Обыскать,,,ModItemCharacterEffectCompositeDef AutoWeapons Text
262874118643,Выбранный отряд находится в другом секторе,,,ModItemCharacterEffectCompositeDef AutoWeapons Text
714332352023,МЕШОК,,,ModItemCharacterEffectCompositeDef AutoWeapons Text
449582226358,Инвентарь заполнен,,,ModItemCharacterEffectCompositeDef AutoWeapons Text
434587750396,ВЗЯТЬ ВСЁ,,,ModItemCharacterEffectCompositeDef AutoWeapons ActionName
675759588510,ВЫБРАТЬ ВСЕ,,,ModItemCharacterEffectCompositeDef AutoWeapons ActionName
743701290510,Сортировка,,,ModItemCharacterEffectCompositeDef AutoWeapons ActionName
233388371084,МЕШОК,,,ModItemCharacterEffectCompositeDef AutoWeapons Text
364694550872,Инвентарь заполнен,,,ModItemCharacterEffectCompositeDef AutoWeapons Text
424352932462,Показать трофеи,,,ModItemCharacterEffectCompositeDef AutoWeapons ActionName
618183796178,Забрать трофеи,,,ModItemCharacterEffectCompositeDef AutoWeapons ActionName
428938093531,Vest,,,ModItemCharacterEffectCompositeDef AutoWeapons DisplayName
263441472933,Backpack,,,ModItemCharacterEffectCompositeDef AutoWeapons DisplayName
374914593600,<color EmStyle>Не назначено</color>,,,ModItemCharacterEffectCompositeDef AutoWeapons Text
543874682518,<color EmStyle>Не назначено</color>,,,ModItemCharacterEffectCompositeDef AutoWeapons Text
355508047345,Вес брони (1 Класс),,,ModItemCharacterEffectCompositeDef AutoWeapons DisplayName
538937825340,"ОД и ОД свободного перемещения уменьшены. Чем больше уровень, тем больше дебафов",,,ModItemCharacterEffectCompositeDef AutoWeapons Description
118150789498,Вес брони (2 Класс),,,ModItemCharacterEffectCompositeDef AutoWeapons DisplayName
997296420646,"ОД и ОД свободного перемещения уменьшены. Чем больше уровень, тем больше дебафов",,,ModItemCharacterEffectCompositeDef AutoWeapons Description
696428661966,Вес брони (3 Класс),,,ModItemCharacterEffectCompositeDef AutoWeapons DisplayName
806830590860,"ОД и ОД свободного перемещения уменьшены. Чем больше уровень, тем больше дебафов",,,ModItemCharacterEffectCompositeDef AutoWeapons Description
617262153487,Вес брони (4 Класс),,,ModItemCharacterEffectCompositeDef AutoWeapons DisplayName
197266793683,"ОД и ОД свободного перемещения уменьшены. Чем больше уровень, тем больше дебафов",,,ModItemCharacterEffectCompositeDef AutoWeapons Description
410074002761,Вес брони (5 Класс),,,ModItemCharacterEffectCompositeDef AutoWeapons DisplayName
549247357132,"ОД и ОД свободного перемещения уменьшены. Чем больше уровень, тем больше дебафов",,,ModItemCharacterEffectCompositeDef AutoWeapons Description
317905531555,Пистолет,,,ModItemCharacterEffectCompositeDef AutoWeapons Name
468887219553,"Пистолеты компактны, удобны и очень точны на коротких дистанциях.
Получают бонус к точности по целям на близкой дистанции

Особая атака: выстрел в движении",,,ModItemCharacterEffectCompositeDef AutoWeapons Description
245455655146,Автоматические пистолеты,,,ModItemCharacterEffectCompositeDef AutoWeapons Name
981045518000,Пистолеты с режимом автоогня. Позволяют эффективно подавлять цели на близких дистанциях.,,,ModItemCharacterEffectCompositeDef AutoWeapons Description
245455655146,Револьверы,,,ModItemCharacterEffectCompositeDef AutoWeapons Name
506514969558,"Револьвер - это классическое точное, мощное и надежное оружие.
Имеют бонус к точности и к шансу крита, если это первое действие за ход",,,ModItemCharacterEffectCompositeDef AutoWeapons Description
614148544769,"Компактный пистолет-пулемет, пригодный для стрельбы с одной руки.

Особая атака: маневренный бой (4 атаки)",,,ModItemCharacterEffectCompositeDef AutoWeapons Description
731752089698,Пистолет-пулемет,,,ModItemCharacterEffectCompositeDef AutoWeapons Name
614148544769,"Пистолет-пулеметы универсальны и одинаково хороши на коротких дистациях как для нападения так, и для обороны. 

Особая атака: маневренный бой (3 атаки)",,,ModItemCharacterEffectCompositeDef AutoWeapons Description
277712105498,"Штурмовые винтовки наиболее полезны в перестрелке на средней дистанции.

Особая такая: Автоматический огонь",,,ModItemCharacterEffectCompositeDef AutoWeapons Description
277712105498,"Карабины созданы для подвижного и маневренного боя

Особая атака: маневренный бой (1 атака)",,,ModItemCharacterEffectCompositeDef AutoWeapons Description
987446796163,Штурмовая винтовка,,,ModItemCharacterEffectCompositeDef AutoWeapons Name
277712105498,"Пехотные боевые винтовки хорошо себя показывают в позиционных перестрелках со средней и дальней дистанции. 
Имеют бонус к точности при стрельбе с упора",,,ModItemCharacterEffectCompositeDef AutoWeapons Description
861547101159,Дробовик,,,ModItemCharacterEffectCompositeDef AutoWeapons Name
675593980719,Боевой дробовик - это оружие абсолютной разрушительной силы. Имеют увеличенное подавление.,,,ModItemCharacterEffectCompositeDef AutoWeapons Description
420551480759,"Единый пулемет - лучшее оружие для обороны. Выдающаяся огневая мощь и высокая плотность огня на средних и дальних дистанциях. 

Переведя пулемет в боевое положение, вы сможете эффективно прикрывать определенный участок местности. ",,,ModItemCharacterEffectCompositeDef AutoWeapons Description
823987842090,Пулемет,,,ModItemCharacterEffectCompositeDef AutoWeapons Name
420551480759,"Легкий пулемет - оружие с высокой плотностью огня, созданное для замены обычного автомата.
В отличие от Единого пулемета, легкий пулемет гораздо легче привести в боевое положение.
Отдача при стрельбе короткими очередями сильно снижена",,,ModItemCharacterEffectCompositeDef AutoWeapons Description
117519310837,Винтовки,,,ModItemCharacterEffectCompositeDef AutoWeapons Name
521528587114,"Снайперские винтовки - оружие самых метких стрелков. 
Имеют бонус к точности при стрельбе с упора, если это первое действие на этом ходу",,,ModItemCharacterEffectCompositeDef AutoWeapons Description
272512954896,Тяжелые ранения,,,ModItemCharacterEffectCompositeDef AutoWeapons display_name
420106629203,"Ранения также затрудняют свободное перемещение и снижают точность. Действует на всех персонажей - будь то наемники, союзники или противники.",,,ModItemCharacterEffectCompositeDef AutoWeapons description
891476726175,A.I.M. - всегда в сети!,,,ModItemCharacterEffectCompositeDef AutoWeapons display_name
618984980458,Наемники всегда в сети и не откажутся от контракта без веских на то причин.,,,ModItemCharacterEffectCompositeDef AutoWeapons description
367161753497,Платиновый пакет A.I.M.,,,ModItemCharacterEffectCompositeDef AutoWeapons display_name
544360650563,Разблокирует доступ к легендарным наемникам на старте игры (за исключением вышедших в отставку наемников).,,,ModItemCharacterEffectCompositeDef AutoWeapons description
479617843711,ДОБАВИТЬ НАЁМНИКА,,,ModItemCharacterEffectCompositeDef AutoWeapons Text
935310631119,Доступно медикаментов,,,ModItemCharacterEffectCompositeDef AutoWeapons NameText
782878054225,Цена:,,,ModItemCharacterEffectCompositeDef AutoWeapons Text
458040864725,Подтвердить,,,ModItemCharacterEffectCompositeDef AutoWeapons ActionName
224390500196,Закрыть,,,ModItemCharacterEffectCompositeDef AutoWeapons ActionName
978233101335,Сменить характеристику,,,ModItemCharacterEffectCompositeDef AutoWeapons ActionName
494621670829,Начать,,,ModItemCharacterEffectCompositeDef AutoWeapons ActionName
226223786359,Выбрать предмет,,,ModItemCharacterEffectCompositeDef AutoWeapons ActionName
644987158236,Выбрать механиков,,,ModItemCharacterEffectCompositeDef AutoWeapons ActionName
436816526646,Автовыбор,,,ModItemCharacterEffectCompositeDef AutoWeapons ActionName
952675719083,Начать,,,ModItemCharacterEffectCompositeDef AutoWeapons ActionName
392535052044,Изменить,,,ModItemCharacterEffectCompositeDef AutoWeapons ActionName
681343667463,Отменить,,,ModItemCharacterEffectCompositeDef AutoWeapons ActionName
286935390389,Предметы в очереди,,,ModItemCharacterEffectCompositeDef AutoWeapons Text
640523315068,Недостаточно запчастей для завершения,,,ModItemCharacterEffectCompositeDef AutoWeapons Text
201653857225,Поврежденное снаряжение,,,ModItemCharacterEffectCompositeDef AutoWeapons Text
810510705491,Ремонт предметов,,,ModItemCharacterEffectCompositeDef AutoWeapons display_name
868231175581,Ремонт,,,ModItemCharacterEffectCompositeDef AutoWeapons short_name
150722843550,Снаряжение нуждается в ремонте,,,ModItemCharacterEffectCompositeDef AutoWeapons sub_title
896760300833,Ремонт поврежденного снаряжения с использованием механических запчастей. Участие наемников с высокой характеристикой «<color EmStyle>Механика</color>» ускорит операцию. Оружие с состоянием ниже 90% получает износ при ремонте.,,,ModItemCharacterEffectCompositeDef AutoWeapons description
717830910070,Механик,,,ModItemCharacterEffectCompositeDef AutoWeapons display_name
671435530451,Механик будет ремонтировать выбранные предметы.,,,ModItemCharacterEffectCompositeDef AutoWeapons description
886575604370,МЕХАНИКИ,,,ModItemCharacterEffectCompositeDef AutoWeapons display_name_all_caps
354713063180,Механик,,,ModItemCharacterEffectCompositeDef AutoWeapons display_name_plural
162738516067,МЕХАНИКИ,,,ModItemCharacterEffectCompositeDef AutoWeapons display_name_plural_all_caps
814680295449,Operation,,,
911087494081,<em><enemy></em> поднят по тревоге,,,ModItemCharacterEffectCompositeDef AutoWeapons display_name
952592503809,Уровень лояльности в данном секторе будет влиять на стоимость операций и услуг.,,,ModItemCharacterEffectCompositeDef AutoWeapons RolloverText
836506718468,Лояльность,,,ModItemCharacterEffectCompositeDef AutoWeapons RolloverTitle
649146508338,«Усмиритель» Мамаши,,,ModItemCharacterEffectCompositeDef AutoWeapons DisplayName
432332068612,«Усмирители» Мамаши,,,ModItemCharacterEffectCompositeDef AutoWeapons DisplayNamePlural
580584506617,"Легендарная владелица бара в Порт-Какао, Мамаша Бакстер, использовала этот кастомный дробовик Auto-5, чтобы заканчивать кабацкие драки максимально эффективным и ультимативным способом.",,,ModItemCharacterEffectCompositeDef AutoWeapons Description
269691251565,<image UI/Conversation/T_Dialogue_IconBackgroundCircle.tga 400 130 128 120> Быстрое усмирение,,,ModItemCharacterEffectCompositeDef AutoWeapons AdditionalHint
707100354718,Первая кровь,,,ModItemCharacterEffectCompositeDef AutoWeapons display_name
852333811131,"Стандартный уровень сложности. Увеличенное количество стартовых денег на 25%.
<newline><newline><color FlavorStyle>Уровень сложности можно будет изменить в любой момент.</color>",,,ModItemCharacterEffectCompositeDef AutoWeapons description
725723470683,Коммандос,,,ModItemCharacterEffectCompositeDef AutoWeapons display_name
698130726969,Повышенный уровень сложности.<newline><newline><color FlavorStyle>Уровень сложности можно будет изменить в любой момент.</color>,,,ModItemCharacterEffectCompositeDef AutoWeapons description
245706641868,Миссия невыполнима,,,ModItemCharacterEffectCompositeDef AutoWeapons display_name
830857112086,"Высокий уровень сложности. Количество стартовых денег уменьшено на 50%<newline><newline><color FlavorStyle>Уровень сложности можно будет изменить в любой момент.</color>
Враги сильнее и имеют более высокие статы",,,ModItemCharacterEffectCompositeDef AutoWeapons description
