JAZZ generated-data sync audit (read-only)
Packages: jazz, jazz_assets
[jazz] metadata.code=1126; ModItem=2357; generated=8765; entities=0; errors=6241; warnings=1635
[jazz_assets] metadata.code=610; ModItem=653; generated=0; entities=623; errors=142; warnings=14
ERROR [jazz] tmp/commit-feedback-check/jazz/CharacterEffect/TraumaLegsHeavy.lua: Активный generated companion отсутствует в metadata.code.
ERROR [jazz] tmp/commit-feedback-check/jazz/CharacterEffect/TraumaLegsLight.lua: Активный generated companion отсутствует в metadata.code.
ERROR [jazz] tmp/commit-feedback-check/jazz/CharacterEffect/TraumaLegsMedium.lua: Активный generated companion отсутствует в metadata.code.
ERROR [jazz] tmp/commit-feedback-check/jazz/CharacterEffect/TraumaRibsHeavy.lua: Активный generated companion отсутствует в metadata.code.
ERROR [jazz] tmp/commit-feedback-check/jazz/CharacterEffect/TraumaRibsLight.lua: Активный generated companion отсутствует в metadata.code.
ERROR [jazz] tmp/commit-feedback-check/jazz/CharacterEffect/TraumaRibsMedium.lua: Активный generated companion отсутствует в metadata.code.
ERROR [jazz] tmp/integration-20260916/audit-suite/jazz/CharacterEffect/Analgesia.lua: Активный generated companion отсутствует в metadata.code.
ERROR [jazz] tmp/integration-20260916/audit-suite/jazz/CharacterEffect/Armsshot.lua: Активный generated companion отсутствует в metadata.code.
ERROR [jazz] tmp/integration-20260916/audit-suite/jazz/CharacterEffect/AutoWeapons.lua: Активный generated companion отсутствует в metadata.code.
ERROR [jazz] tmp/integration-20260916/audit-suite/jazz/CharacterEffect/BandageInCombat.lua: Активный generated companion отсутствует в metadata.code.
ERROR [jazz] tmp/integration-20260916/audit-suite/jazz/CharacterEffect/BipodUnfolded.lua: Активный generated companion отсутствует в metadata.code.
ERROR [jazz] tmp/integration-20260916/audit-suite/jazz/CharacterEffect/Bleeding.lua: Активный generated companion отсутствует в metadata.code.
ERROR [jazz] tmp/integration-20260916/audit-suite/jazz/CharacterEffect/BleedingChance.lua: Активный generated companion отсутствует в metadata.code.
ERROR [jazz] tmp/integration-20260916/audit-suite/jazz/CharacterEffect/BleedingHeavy.lua: Активный generated companion отсутствует в metadata.code.
ERROR [jazz] tmp/integration-20260916/audit-suite/jazz/CharacterEffect/BleedingMedium.lua: Активный generated companion отсутствует в metadata.code.
ERROR [jazz] tmp/integration-20260916/audit-suite/jazz/CharacterEffect/BleedingOut.lua: Активный generated companion отсутствует в metadata.code.
ERROR [jazz] tmp/integration-20260916/audit-suite/jazz/CharacterEffect/Blinded.lua: Активный generated companion отсутствует в metadata.code.
ERROR [jazz] tmp/integration-20260916/audit-suite/jazz/CharacterEffect/BloodLoss1.lua: Активный generated companion отсутствует в metadata.code.
ERROR [jazz] tmp/integration-20260916/audit-suite/jazz/CharacterEffect/BloodLoss10.lua: Активный generated companion отсутствует в metadata.code.
ERROR [jazz] tmp/integration-20260916/audit-suite/jazz/CharacterEffect/BloodLoss20.lua: Активный generated companion отсутствует в metadata.code.
ERROR [jazz] tmp/integration-20260916/audit-suite/jazz/CharacterEffect/BloodLoss30.lua: Активный generated companion отсутствует в metadata.code.
ERROR [jazz] tmp/integration-20260916/audit-suite/jazz/CharacterEffect/BloodLoss40.lua: Активный generated companion отсутствует в metadata.code.
ERROR [jazz] tmp/integration-20260916/audit-suite/jazz/CharacterEffect/BloodLoss5.lua: Активный generated companion отсутствует в metadata.code.
ERROR [jazz] tmp/integration-20260916/audit-suite/jazz/CharacterEffect/BloodLoss50.lua: Активный generated companion отсутствует в metadata.code.
ERROR [jazz] tmp/integration-20260916/audit-suite/jazz/CharacterEffect/Bond.lua: Активный generated companion отсутствует в metadata.code.
ERROR [jazz] tmp/integration-20260916/audit-suite/jazz/CharacterEffect/BuildingConfidence.lua: Активный generated companion отсутствует в metadata.code.
ERROR [jazz] tmp/integration-20260916/audit-suite/jazz/CharacterEffect/BulletHell.lua: Активный generated companion отсутствует в metadata.code.
ERROR [jazz] tmp/integration-20260916/audit-suite/jazz/CharacterEffect/Burning.lua: Активный generated companion отсутствует в metadata.code.
ERROR [jazz] tmp/integration-20260916/audit-suite/jazz/CharacterEffect/Choking.lua: Активный generated companion отсутствует в metadata.code.
ERROR [jazz] tmp/integration-20260916/audit-suite/jazz/CharacterEffect/Claustrophobic.lua: Активный generated companion отсутствует в metadata.code.
ERROR [jazz] tmp/integration-20260916/audit-suite/jazz/CharacterEffect/Concussion.lua: Активный generated companion отсутствует в metadata.code.
ERROR [jazz] tmp/integration-20260916/audit-suite/jazz/CharacterEffect/DamageReduction.lua: Активный generated companion отсутствует в metadata.code.
ERROR [jazz] tmp/integration-20260916/audit-suite/jazz/CharacterEffect/DangerClose.lua: Активный generated companion отсутствует в metadata.code.
ERROR [jazz] tmp/integration-20260916/audit-suite/jazz/CharacterEffect/DesignerExplosives.lua: Активный generated companion отсутствует в metadata.code.
ERROR [jazz] tmp/integration-20260916/audit-suite/jazz/CharacterEffect/Drunk.lua: Активный generated companion отсутствует в metadata.code.
ERROR [jazz] tmp/integration-20260916/audit-suite/jazz/CharacterEffect/Exhausted.lua: Активный generated companion отсутствует в metadata.code.
ERROR [jazz] tmp/integration-20260916/audit-suite/jazz/CharacterEffect/ExplodingPalm.lua: Активный generated companion отсутствует в metadata.code.
ERROR [jazz] tmp/integration-20260916/audit-suite/jazz/CharacterEffect/Fatigued.lua: Активный generated companion отсутствует в metadata.code.
ERROR [jazz] tmp/integration-20260916/audit-suite/jazz/CharacterEffect/Fit.lua: Активный generated companion отсутствует в metadata.code.
ERROR [jazz] tmp/integration-20260916/audit-suite/jazz/CharacterEffect/FreeMove.lua: Активный generated companion отсутствует в metadata.code.
ERROR [jazz] tmp/integration-20260916/audit-suite/jazz/CharacterEffect/GloryHog.lua: Активный generated companion отсутствует в metadata.code.
ERROR [jazz] tmp/integration-20260916/audit-suite/jazz/CharacterEffect/GrizzlyPerk.lua: Активный generated companion отсутствует в metadata.code.
ERROR [jazz] tmp/integration-20260916/audit-suite/jazz/CharacterEffect/Groinshot.lua: Активный generated companion отсутствует в metadata.code.
ERROR [jazz] tmp/integration-20260916/audit-suite/jazz/CharacterEffect/Grunty_AdditionalAP.lua: Активный generated companion отсутствует в metadata.code.
ERROR [jazz] tmp/integration-20260916/audit-suite/jazz/CharacterEffect/GruntyPerk_JAZZ.lua: Активный generated companion отсутствует в metadata.code.
ERROR [jazz] tmp/integration-20260916/audit-suite/jazz/CharacterEffect/GruntyPerk.lua: Активный generated companion отсутствует в metadata.code.
ERROR [jazz] tmp/integration-20260916/audit-suite/jazz/CharacterEffect/HaveABlast.lua: Активный generated companion отсутствует в metadata.code.
ERROR [jazz] tmp/integration-20260916/audit-suite/jazz/CharacterEffect/HawksEye.lua: Активный generated companion отсутствует в metadata.code.
ERROR [jazz] tmp/integration-20260916/audit-suite/jazz/CharacterEffect/Headshot.lua: Активный generated companion отсутствует в metadata.code.
ERROR [jazz] tmp/integration-20260916/audit-suite/jazz/CharacterEffect/HeavyWeaponsTraining.lua: Активный generated companion отсутствует в metadata.code.
ERROR [jazz] tmp/integration-20260916/audit-suite/jazz/CharacterEffect/Hemophobic.lua: Активный generated companion отсутствует в metadata.code.
ERROR [jazz] tmp/integration-20260916/audit-suite/jazz/CharacterEffect/Inaccurate.lua: Активный generated companion отсутствует в metadata.code.
ERROR [jazz] tmp/integration-20260916/audit-suite/jazz/CharacterEffect/InnerInfo_JAZZ.lua: Активный generated companion отсутствует в metadata.code.
ERROR [jazz] tmp/integration-20260916/audit-suite/jazz/CharacterEffect/InnerInfo.lua: Активный generated companion отсутствует в metadata.code.
ERROR [jazz] tmp/integration-20260916/audit-suite/jazz/CharacterEffect/Ironclad.lua: Активный generated companion отсутствует в metadata.code.
ERROR [jazz] tmp/integration-20260916/audit-suite/jazz/CharacterEffect/JackOfAllTrades.lua: Активный generated companion отсутствует в metadata.code.
ERROR [jazz] tmp/integration-20260916/audit-suite/jazz/CharacterEffect/Jazz_CombatMedicBuff.lua: Активный generated companion отсутствует в metadata.code.
ERROR [jazz] tmp/integration-20260916/audit-suite/jazz/CharacterEffect/Jazz_MakeThemBleedBuff.lua: Активный generated companion отсутствует в metadata.code.
ERROR [jazz] tmp/integration-20260916/audit-suite/jazz/CharacterEffect/Jazz_MiguelAuraDown.lua: Активный generated companion отсутствует в metadata.code.
ERROR [jazz] tmp/integration-20260916/audit-suite/jazz/CharacterEffect/Jazz_MiguelAuraUp.lua: Активный generated companion отсутствует в metadata.code.
ERROR [jazz] tmp/integration-20260916/audit-suite/jazz/CharacterEffect/Jazz_OrderAP.lua: Активный generated companion отсутствует в metadata.code.
ERROR [jazz] tmp/integration-20260916/audit-suite/jazz/CharacterEffect/Jazz_OrderCTH.lua: Активный generated companion отсутствует в metadata.code.
ERROR [jazz] tmp/integration-20260916/audit-suite/jazz/CharacterEffect/Jazz_Perk_00.lua: Активный generated companion отсутствует в metadata.code.
ERROR [jazz] tmp/integration-20260916/audit-suite/jazz/CharacterEffect/Jazz_Perk_Allik.lua: Активный generated companion отсутствует в metadata.code.
ERROR [jazz] tmp/integration-20260916/audit-suite/jazz/CharacterEffect/Jazz_Perk_Benny.lua: Активный generated companion отсутствует в metadata.code.
ERROR [jazz] tmp/integration-20260916/audit-suite/jazz/CharacterEffect/Jazz_Perk_Biff.lua: Активный generated companion отсутствует в metadata.code.
ERROR [jazz] tmp/integration-20260916/audit-suite/jazz/CharacterEffect/Jazz_Perk_Biggens.lua: Активный generated companion отсутствует в metadata.code.
ERROR [jazz] tmp/integration-20260916/audit-suite/jazz/CharacterEffect/Jazz_Perk_Blade.lua: Активный generated companion отсутствует в metadata.code.
ERROR [jazz] tmp/integration-20260916/audit-suite/jazz/CharacterEffect/Jazz_Perk_Bull.lua: Активный generated companion отсутствует в metadata.code.
ERROR [jazz] tmp/integration-20260916/audit-suite/jazz/CharacterEffect/Jazz_Perk_Buzz.lua: Активный generated companion отсутствует в metadata.code.
ERROR [jazz] tmp/integration-20260916/audit-suite/jazz/CharacterEffect/Jazz_Perk_Carlos.lua: Активный generated companion отсутствует в metadata.code.
ERROR [jazz] tmp/integration-20260916/audit-suite/jazz/CharacterEffect/Jazz_Perk_Colby.lua: Активный generated companion отсутствует в metadata.code.
ERROR [jazz] tmp/integration-20260916/audit-suite/jazz/CharacterEffect/Jazz_Perk_Conrad.lua: Активный generated companion отсутствует в metadata.code.
ERROR [jazz] tmp/integration-20260916/audit-suite/jazz/CharacterEffect/Jazz_Perk_Cord.lua: Активный generated companion отсутствует в metadata.code.
ERROR [jazz] tmp/integration-20260916/audit-suite/jazz/CharacterEffect/Jazz_Perk_Cougar.lua: Активный generated companion отсутствует в metadata.code.
ERROR [jazz] tmp/integration-20260916/audit-suite/jazz/CharacterEffect/Jazz_Perk_Devin.lua: Активный generated companion отсутствует в metadata.code.
ERROR [jazz] tmp/integration-20260916/audit-suite/jazz/CharacterEffect/Jazz_Perk_Dimitri.lua: Активный generated companion отсутствует в metadata.code.
ERROR [jazz] tmp/integration-20260916/audit-suite/jazz/CharacterEffect/Jazz_Perk_Dynamo.lua: Активный generated companion отсутствует в metadata.code.
ERROR [jazz] tmp/integration-20260916/audit-suite/jazz/CharacterEffect/Jazz_Perk_Eskimo.lua: Активный generated companion отсутствует в metadata.code.
ERROR [jazz] tmp/integration-20260916/audit-suite/jazz/CharacterEffect/Jazz_Perk_Flo.lua: Активный generated companion отсутствует в metadata.code.
ERROR [jazz] tmp/integration-20260916/audit-suite/jazz/CharacterEffect/Jazz_Perk_Gamos.lua: Активный generated companion отсутствует в metadata.code.
ERROR [jazz] tmp/integration-20260916/audit-suite/jazz/CharacterEffect/Jazz_Perk_Gaston.lua: Активный generated companion отсутствует в metadata.code.
ERROR [jazz] tmp/integration-20260916/audit-suite/jazz/CharacterEffect/Jazz_Perk_Grace.lua: Активный generated companion отсутствует в metadata.code.
ERROR [jazz] tmp/integration-20260916/audit-suite/jazz/CharacterEffect/Jazz_Perk_Grom.lua: Активный generated companion отсутствует в metadata.code.
ERROR [jazz] tmp/integration-20260916/audit-suite/jazz/CharacterEffect/Jazz_Perk_Henning.lua: Активный generated companion отсутствует в metadata.code.
ERROR [jazz] tmp/integration-20260916/audit-suite/jazz/CharacterEffect/Jazz_Perk_Highball.lua: Активный generated companion отсутствует в metadata.code.
ERROR [jazz] tmp/integration-20260916/audit-suite/jazz/CharacterEffect/Jazz_Perk_Hitman.lua: Активный generated companion отсутствует в metadata.code.
ERROR [jazz] tmp/integration-20260916/audit-suite/jazz/CharacterEffect/Jazz_Perk_Hobbit.lua: Активный generated companion отсутствует в metadata.code.
ERROR [jazz] tmp/integration-20260916/audit-suite/jazz/CharacterEffect/Jazz_Perk_Horg.lua: Активный generated companion отсутствует в metadata.code.
ERROR [jazz] tmp/integration-20260916/audit-suite/jazz/CharacterEffect/Jazz_Perk_Iggy.lua: Активный generated companion отсутствует в metadata.code.
ERROR [jazz] tmp/integration-20260916/audit-suite/jazz/CharacterEffect/Jazz_Perk_Ira.lua: Активный generated companion отсутствует в metadata.code.
ERROR [jazz] tmp/integration-20260916/audit-suite/jazz/CharacterEffect/Jazz_Perk_Kulba.lua: Активный generated companion отсутствует в metadata.code.
ERROR [jazz] tmp/integration-20260916/audit-suite/jazz/CharacterEffect/Jazz_Perk_Laura.lua: Активный generated companion отсутствует в metadata.code.
ERROR [jazz] tmp/integration-20260916/audit-suite/jazz/CharacterEffect/Jazz_Perk_Lucky.lua: Активный generated companion отсутствует в metadata.code.
ERROR [jazz] tmp/integration-20260916/audit-suite/jazz/CharacterEffect/Jazz_Perk_Lynx.lua: Активный generated companion отсутствует в metadata.code.
ERROR [jazz] tmp/integration-20260916/audit-suite/jazz/CharacterEffect/Jazz_Perk_Madman.lua: Активный generated companion отсутствует в metadata.code.
ERROR [jazz] tmp/integration-20260916/audit-suite/jazz/CharacterEffect/Jazz_Perk_Manuel.lua: Активный generated companion отсутствует в metadata.code.
ERROR [jazz] tmp/integration-20260916/audit-suite/jazz/CharacterEffect/Jazz_Perk_Meat.lua: Активный generated companion отсутствует в metadata.code.
ERROR [jazz] tmp/integration-20260916/audit-suite/jazz/CharacterEffect/Jazz_Perk_Miguel.lua: Активный generated companion отсутствует в metadata.code.
ERROR [jazz] tmp/integration-20260916/audit-suite/jazz/CharacterEffect/Jazz_Perk_Mike.lua: Активный generated companion отсутствует в metadata.code.
ERROR [jazz] tmp/integration-20260916/audit-suite/jazz/CharacterEffect/Jazz_Perk_Mimicry.lua: Активный generated companion отсутствует в metadata.code.
ERROR [jazz] tmp/integration-20260916/audit-suite/jazz/CharacterEffect/Jazz_Perk_Monk.lua: Активный generated companion отсутствует в metadata.code.
ERROR [jazz] tmp/integration-20260916/audit-suite/jazz/CharacterEffect/Jazz_Perk_Nervous.lua: Активный generated companion отсутствует в metadata.code.
ERROR [jazz] tmp/integration-20260916/audit-suite/jazz/CharacterEffect/Jazz_Perk_OfficerAura.lua: Активный generated companion отсутствует в metadata.code.
ERROR [jazz] tmp/integration-20260916/audit-suite/jazz/CharacterEffect/Jazz_Perk_OfficerAuraInfluence.lua: Активный generated companion отсутствует в metadata.code.
ERROR [jazz] tmp/integration-20260916/audit-suite/jazz/CharacterEffect/Jazz_Perk_Quinten.lua: Активный generated companion отсутствует в metadata.code.
ERROR [jazz] tmp/integration-20260916/audit-suite/jazz/CharacterEffect/Jazz_Perk_Ricochet.lua: Активный generated companion отсутствует в metadata.code.
ERROR [jazz] tmp/integration-20260916/audit-suite/jazz/CharacterEffect/Jazz_Perk_Rothman.lua: Активный generated companion отсутствует в metadata.code.
ERROR [jazz] tmp/integration-20260916/audit-suite/jazz/CharacterEffect/Jazz_Perk_Shank.lua: Активный generated companion отсутствует в metadata.code.
ERROR [jazz] tmp/integration-20260916/audit-suite/jazz/CharacterEffect/Jazz_Perk_Simon.lua: Активный generated companion отсутствует в metadata.code.
ERROR [jazz] tmp/integration-20260916/audit-suite/jazz/CharacterEffect/Jazz_Perk_Sniper.lua: Активный generated companion отсутствует в metadata.code.
ERROR [jazz] tmp/integration-20260916/audit-suite/jazz/CharacterEffect/Jazz_Perk_Spider.lua: Активный generated companion отсутствует в metadata.code.
ERROR [jazz] tmp/integration-20260916/audit-suite/jazz/CharacterEffect/Jazz_Perk_Static.lua: Активный generated companion отсутствует в metadata.code.
ERROR [jazz] tmp/integration-20260916/audit-suite/jazz/CharacterEffect/Jazz_Perk_Steiger.lua: Активный generated companion отсутствует в metadata.code.
ERROR [jazz] tmp/integration-20260916/audit-suite/jazz/CharacterEffect/Jazz_Perk_Veteran.lua: Активный generated companion отсутствует в metadata.code.
ERROR [jazz] tmp/integration-20260916/audit-suite/jazz/CharacterEffect/Jazz_Perk_Vicious.lua: Активный generated companion отсутствует в metadata.code.
ERROR [jazz] tmp/integration-20260916/audit-suite/jazz/CharacterEffect/Jazz_Perk_Vilde.lua: Активный generated companion отсутствует в metadata.code.
ERROR [jazz] tmp/integration-20260916/audit-suite/jazz/CharacterEffect/Jazz_Perk_Vince.lua: Активный generated companion отсутствует в metadata.code.
ERROR [jazz] tmp/integration-20260916/audit-suite/jazz/CharacterEffect/KillingWind.lua: Активный generated companion отсутствует в metadata.code.
ERROR [jazz] tmp/integration-20260916/audit-suite/jazz/CharacterEffect/Legsshot.lua: Активный generated companion отсутствует в metadata.code.
ERROR [jazz] tmp/integration-20260916/audit-suite/jazz/CharacterEffect/Loner.lua: Активный generated companion отсутствует в metadata.code.
ERROR [jazz] tmp/integration-20260916/audit-suite/jazz/CharacterEffect/MakeThemBleed.lua: Активный generated companion отсутствует в metadata.code.
ERROR [jazz] tmp/integration-20260916/audit-suite/jazz/CharacterEffect/MarkedTraccers.lua: Активный generated companion отсутствует в metadata.code.
ERROR [jazz] tmp/integration-20260916/audit-suite/jazz/CharacterEffect/NaturalHealing.lua: Активный generated companion отсутствует в metadata.code.
ERROR [jazz] tmp/integration-20260916/audit-suite/jazz/CharacterEffect/Nazdarovya.lua: Активный generated companion отсутствует в metadata.code.
ERROR [jazz] tmp/integration-20260916/audit-suite/jazz/CharacterEffect/Negotiator.lua: Активный generated companion отсутствует в metadata.code.
ERROR [jazz] tmp/integration-20260916/audit-suite/jazz/CharacterEffect/Optimist.lua: Активный generated companion отсутствует в metadata.code.
ERROR [jazz] tmp/integration-20260916/audit-suite/jazz/CharacterEffect/Pain.lua: Активный generated companion отсутствует в metadata.code.
ERROR [jazz] tmp/integration-20260916/audit-suite/jazz/CharacterEffect/Pessimist.lua: Активный generated companion отсутствует в metadata.code.
ERROR [jazz] tmp/integration-20260916/audit-suite/jazz/CharacterEffect/Psycho.lua: Активный generated companion отсутствует в metadata.code.
ERROR [jazz] tmp/integration-20260916/audit-suite/jazz/CharacterEffect/RecklessAssault.lua: Активный generated companion отсутствует в metadata.code.
ERROR [jazz] tmp/integration-20260916/audit-suite/jazz/CharacterEffect/Scoundrel.lua: Активный generated companion отсутствует в metadata.code.
ERROR [jazz] tmp/integration-20260916/audit-suite/jazz/CharacterEffect/Slowed.lua: Активный generated companion отсутствует в metadata.code.
ERROR [jazz] tmp/integration-20260916/audit-suite/jazz/CharacterEffect/Spiritual.lua: Активный generated companion отсутствует в metadata.code.
ERROR [jazz] tmp/integration-20260916/audit-suite/jazz/CharacterEffect/SteadyBreathing.lua: Активный generated companion отсутствует в metadata.code.
ERROR [jazz] tmp/integration-20260916/audit-suite/jazz/CharacterEffect/Stealthy.lua: Активный generated companion отсутствует в metadata.code.
ERROR [jazz] tmp/integration-20260916/audit-suite/jazz/CharacterEffect/SteroidPunch.lua: Активный generated companion отсутствует в metadata.code.
ERROR [jazz] tmp/integration-20260916/audit-suite/jazz/CharacterEffect/suppressionHeavy.lua: Активный generated companion отсутствует в metadata.code.
ERROR [jazz] tmp/integration-20260916/audit-suite/jazz/CharacterEffect/suppressionHeavy2.lua: Активный generated companion отсутствует в metadata.code.
ERROR [jazz] tmp/integration-20260916/audit-suite/jazz/CharacterEffect/suppressionLight.lua: Активный generated companion отсутствует в metadata.code.
ERROR [jazz] tmp/integration-20260916/audit-suite/jazz/CharacterEffect/suppressionMedium.lua: Активный generated companion отсутствует в metadata.code.
ERROR [jazz] tmp/integration-20260916/audit-suite/jazz/CharacterEffect/suppressionPinned.lua: Активный generated companion отсутствует в metadata.code.
ERROR [jazz] tmp/integration-20260916/audit-suite/jazz/CharacterEffect/SuppressStunGrenade.lua: Активный generated companion отсутствует в metadata.code.
ERROR [jazz] tmp/integration-20260916/audit-suite/jazz/CharacterEffect/TakeAim.lua: Активный generated companion отсутствует в metadata.code.
ERROR [jazz] tmp/integration-20260916/audit-suite/jazz/CharacterEffect/Tired.lua: Активный generated companion отсутствует в metadata.code.
ERROR [jazz] tmp/integration-20260916/audit-suite/jazz/CharacterEffect/Torsoshot.lua: Активный generated companion отсутствует в metadata.code.
ERROR [jazz] tmp/integration-20260916/audit-suite/jazz/CharacterEffect/TraumaArmsHeavy.lua: Активный generated companion отсутствует в metadata.code.
ERROR [jazz] tmp/integration-20260916/audit-suite/jazz/CharacterEffect/TraumaArmsLight.lua: Активный generated companion отсутствует в metadata.code.
ERROR [jazz] tmp/integration-20260916/audit-suite/jazz/CharacterEffect/TraumaArmsMedium.lua: Активный generated companion отсутствует в metadata.code.
ERROR [jazz] tmp/integration-20260916/audit-suite/jazz/CharacterEffect/TraumaBurnHeavy.lua: Активный generated companion отсутствует в metadata.code.
ERROR [jazz] tmp/integration-20260916/audit-suite/jazz/CharacterEffect/TraumaBurnLight.lua: Активный generated companion отсутствует в metadata.code.
ERROR [jazz] tmp/integration-20260916/audit-suite/jazz/CharacterEffect/TraumaBurnMedium.lua: Активный generated companion отсутствует в metadata.code.
ERROR [jazz] tmp/integration-20260916/audit-suite/jazz/CharacterEffect/TraumaHeadHeavy.lua: Активный generated companion отсутствует в metadata.code.
ERROR [jazz] tmp/integration-20260916/audit-suite/jazz/CharacterEffect/TraumaHeadLight.lua: Активный generated companion отсутствует в metadata.code.
ERROR [jazz] tmp/integration-20260916/audit-suite/jazz/CharacterEffect/TraumaHeadMedium.lua: Активный generated companion отсутствует в metadata.code.
ERROR [jazz] tmp/integration-20260916/audit-suite/jazz/CharacterEffect/TraumaLegsHeavy.lua: Активный generated companion отсутствует в metadata.code.
ERROR [jazz] tmp/integration-20260916/audit-suite/jazz/CharacterEffect/TraumaLegsLight.lua: Активный generated companion отсутствует в metadata.code.
ERROR [jazz] tmp/integration-20260916/audit-suite/jazz/CharacterEffect/TraumaLegsMedium.lua: Активный generated companion отсутствует в metadata.code.
ERROR [jazz] tmp/integration-20260916/audit-suite/jazz/CharacterEffect/TraumaRibsHeavy.lua: Активный generated companion отсутствует в metadata.code.
ERROR [jazz] tmp/integration-20260916/audit-suite/jazz/CharacterEffect/TraumaRibsLight.lua: Активный generated companion отсутствует в metadata.code.
ERROR [jazz] tmp/integration-20260916/audit-suite/jazz/CharacterEffect/TraumaRibsMedium.lua: Активный generated companion отсутствует в metadata.code.
ERROR [jazz] tmp/integration-20260916/audit-suite/jazz/CharacterEffect/TrueGrit.lua: Активный generated companion отсутствует в metadata.code.
ERROR [jazz] tmp/integration-20260916/audit-suite/jazz/CharacterEffect/Unconscious.lua: Активный generated companion отсутствует в metadata.code.
ERROR [jazz] tmp/integration-20260916/audit-suite/jazz/CharacterEffect/Weight_1Class.lua: Активный generated companion отсутствует в metadata.code.
ERROR [jazz] tmp/integration-20260916/audit-suite/jazz/CharacterEffect/Weight_2Class.lua: Активный generated companion отсутствует в metadata.code.
ERROR [jazz] tmp/integration-20260916/audit-suite/jazz/CharacterEffect/Weight_3Class.lua: Активный generated companion отсутствует в metadata.code.
ERROR [jazz] tmp/integration-20260916/audit-suite/jazz/CharacterEffect/Weight_4Class.lua: Активный generated companion отсутствует в metadata.code.
ERROR [jazz] tmp/integration-20260916/audit-suite/jazz/CharacterEffect/Weight_5Class.lua: Активный generated companion отсутствует в metadata.code.
ERROR [jazz] tmp/integration-20260916/audit-suite/jazz/CharacterEffect/WellRested.lua: Активный generated companion отсутствует в metadata.code.
ERROR [jazz] tmp/integration-20260916/audit-suite/jazz/CharacterEffect/Winded.lua: Активный generated companion отсутствует в metadata.code.
ERROR [jazz] tmp/integration-20260916/audit-suite/jazz/CharacterEffect/Wounded.lua: Активный generated companion отсутствует в metadata.code.
ERROR [jazz] tmp/integration-20260916/audit-suite/jazz/CharacterEffect/WoundInfected.lua: Активный generated companion отсутствует в metadata.code.
ERROR [jazz] tmp/integration-20260916/audit-suite/jazz/CharacterEffect/Zoophobic.lua: Активный generated companion отсутствует в metadata.code.
ERROR [jazz] tmp/integration-20260916/audit-suite/jazz/InventoryItem/_12gauge_APSlug.lua: Активный generated companion отсутствует в metadata.code.
ERROR [jazz] tmp/integration-20260916/audit-suite/jazz/InventoryItem/_12gauge_Breacher.lua: Активный generated companion отсутствует в metadata.code.
ERROR [jazz] tmp/integration-20260916/audit-suite/jazz/InventoryItem/_12gauge_Buckshot.lua: Активный generated companion отсутствует в metadata.code.
ERROR [jazz] tmp/integration-20260916/audit-suite/jazz/InventoryItem/_12gauge_Flechette.lua: Активный generated companion отсутствует в metadata.code.
ERROR [jazz] tmp/integration-20260916/audit-suite/jazz/InventoryItem/_12gauge_Saltshot.lua: Активный generated companion отсутствует в metadata.code.
ERROR [jazz] tmp/integration-20260916/audit-suite/jazz/InventoryItem/_40mmFlashbangGrenade.lua: Активный generated companion отсутствует в metadata.code.
ERROR [jazz] tmp/integration-20260916/audit-suite/jazz/InventoryItem/_40mmFragGrenade.lua: Активный generated companion отсутствует в metadata.code.
ERROR [jazz] tmp/integration-20260916/audit-suite/jazz/InventoryItem/_44CAL_AP.lua: Активный generated companion отсутствует в metadata.code.
ERROR [jazz] tmp/integration-20260916/audit-suite/jazz/InventoryItem/_44CAL_Basic.lua: Активный generated companion отсутствует в metadata.code.
ERROR [jazz] tmp/integration-20260916/audit-suite/jazz/InventoryItem/_44CAL_HP.lua: Активный generated companion отсутствует в metadata.code.
ERROR [jazz] tmp/integration-20260916/audit-suite/jazz/InventoryItem/_44CAL_Match.lua: Активный generated companion отсутствует в metadata.code.
ERROR [jazz] tmp/integration-20260916/audit-suite/jazz/InventoryItem/_44CAL_Shock.lua: Активный generated companion отсутствует в metadata.code.
ERROR [jazz] tmp/integration-20260916/audit-suite/jazz/InventoryItem/_50BMG_Basic.lua: Активный generated companion отсутствует в metadata.code.
ERROR [jazz] tmp/integration-20260916/audit-suite/jazz/InventoryItem/_50BMG_HE.lua: Активный generated companion отсутствует в metadata.code.
ERROR [jazz] tmp/integration-20260916/audit-suite/jazz/InventoryItem/_50BMG_Incendiary.lua: Активный generated companion отсутствует в metadata.code.
ERROR [jazz] tmp/integration-20260916/audit-suite/jazz/InventoryItem/_50BMG_SLAP.lua: Активный generated companion отсутствует в metadata.code.
ERROR [jazz] tmp/integration-20260916/audit-suite/jazz/InventoryItem/_556_AP.lua: Активный generated companion отсутствует в metadata.code.
ERROR [jazz] tmp/integration-20260916/audit-suite/jazz/InventoryItem/_556_Basic.lua: Активный generated companion отсутствует в metadata.code.
ERROR [jazz] tmp/integration-20260916/audit-suite/jazz/InventoryItem/_556_HP.lua: Активный generated companion отсутствует в metadata.code.
ERROR [jazz] tmp/integration-20260916/audit-suite/jazz/InventoryItem/_556_Match.lua: Активный generated companion отсутствует в metadata.code.
ERROR [jazz] tmp/integration-20260916/audit-suite/jazz/InventoryItem/_556_Tracer.lua: Активный generated companion отсутствует в metadata.code.
ERROR [jazz] tmp/integration-20260916/audit-suite/jazz/InventoryItem/_762NATO_AP.lua: Активный generated companion отсутствует в metadata.code.
ERROR [jazz] tmp/integration-20260916/audit-suite/jazz/InventoryItem/_762NATO_Basic.lua: Активный generated companion отсутствует в metadata.code.
ERROR [jazz] tmp/integration-20260916/audit-suite/jazz/InventoryItem/_762NATO_HP.lua: Активный generated companion отсутствует в metadata.code.
ERROR [jazz] tmp/integration-20260916/audit-suite/jazz/InventoryItem/_762NATO_Match.lua: Активный generated companion отсутствует в metadata.code.
ERROR [jazz] tmp/integration-20260916/audit-suite/jazz/InventoryItem/_762NATO_Tracer.lua: Активный generated companion отсутствует в metadata.code.
ERROR [jazz] tmp/integration-20260916/audit-suite/jazz/InventoryItem/_762WP_AP.lua: Активный generated companion отсутствует в metadata.code.
ERROR [jazz] tmp/integration-20260916/audit-suite/jazz/InventoryItem/_762WP_Basic.lua: Активный generated companion отсутствует в metadata.code.
ERROR [jazz] tmp/integration-20260916/audit-suite/jazz/InventoryItem/_762WP_HP.lua: Активный generated companion отсутствует в metadata.code.
ERROR [jazz] tmp/integration-20260916/audit-suite/jazz/InventoryItem/_762WP_Match.lua: Активный generated companion отсутствует в metadata.code.
ERROR [jazz] tmp/integration-20260916/audit-suite/jazz/InventoryItem/_762WP_Subsonic.lua: Активный generated companion отсутствует в metadata.code.
ERROR [jazz] tmp/integration-20260916/audit-suite/jazz/InventoryItem/_762WP_Tracer.lua: Активный generated companion отсутствует в metadata.code.
ERROR [jazz] tmp/integration-20260916/audit-suite/jazz/InventoryItem/_9mm_AP.lua: Активный generated companion отсутствует в metadata.code.
ERROR [jazz] tmp/integration-20260916/audit-suite/jazz/InventoryItem/_9mm_Basic.lua: Активный generated companion отсутствует в metadata.code.
ERROR [jazz] tmp/integration-20260916/audit-suite/jazz/InventoryItem/_9mm_HP.lua: Активный generated companion отсутствует в metadata.code.
ERROR [jazz] tmp/integration-20260916/audit-suite/jazz/InventoryItem/_9mm_Match.lua: Активный generated companion отсутствует в metadata.code.
ERROR [jazz] tmp/integration-20260916/audit-suite/jazz/InventoryItem/_9mm_Shock.lua: Активный generated companion отсутствует в metadata.code.
ERROR [jazz] tmp/integration-20260916/audit-suite/jazz/InventoryItem/_9mm_Subsonic.lua: Активный generated companion отсутствует в metadata.code.
ERROR [jazz] tmp/integration-20260916/audit-suite/jazz/InventoryItem/_9mm_Tracer.lua: Активный generated companion отсутствует в metadata.code.
ERROR [jazz] tmp/integration-20260916/audit-suite/jazz/InventoryItem/AA12.lua: Активный generated companion отсутствует в metadata.code.
ERROR [jazz] tmp/integration-20260916/audit-suite/jazz/InventoryItem/AA52.lua: Активный generated companion отсутствует в metadata.code.
ERROR [jazz] tmp/integration-20260916/audit-suite/jazz/InventoryItem/Agram2000.lua: Активный generated companion отсутствует в metadata.code.
ERROR [jazz] tmp/integration-20260916/audit-suite/jazz/InventoryItem/AK105.lua: Активный generated companion отсутствует в metadata.code.
ERROR [jazz] tmp/integration-20260916/audit-suite/jazz/InventoryItem/AK47.lua: Активный generated companion отсутствует в metadata.code.
ERROR [jazz] tmp/integration-20260916/audit-suite/jazz/InventoryItem/AK74.lua: Активный generated companion отсутствует в metadata.code.
ERROR [jazz] tmp/integration-20260916/audit-suite/jazz/InventoryItem/AK74M.lua: Активный generated companion отсутствует в metadata.code.
ERROR [jazz] tmp/integration-20260916/audit-suite/jazz/InventoryItem/AKM.lua: Активный generated companion отсутствует в metadata.code.
ERROR [jazz] tmp/integration-20260916/audit-suite/jazz/InventoryItem/AKSU.lua: Активный generated companion отсутствует в metadata.code.
ERROR [jazz] tmp/integration-20260916/audit-suite/jazz/InventoryItem/AN94.lua: Активный generated companion отсутствует в metadata.code.
ERROR [jazz] tmp/integration-20260916/audit-suite/jazz/InventoryItem/APS.lua: Активный generated companion отсутствует в metadata.code.
ERROR [jazz] tmp/integration-20260916/audit-suite/jazz/InventoryItem/AR10.lua: Активный generated companion отсутствует в metadata.code.
ERROR [jazz] tmp/integration-20260916/audit-suite/jazz/InventoryItem/AR10DMR.lua: Активный generated companion отсутствует в metadata.code.
ERROR [jazz] tmp/integration-20260916/audit-suite/jazz/InventoryItem/AR15.lua: Активный generated companion отсутствует в metadata.code.
ERROR [jazz] tmp/integration-20260916/audit-suite/jazz/InventoryItem/ArcticWarfare.lua: Активный generated companion отсутствует в metadata.code.
ERROR [jazz] tmp/integration-20260916/audit-suite/jazz/InventoryItem/AS_Val.lua: Активный generated companion отсутствует в metadata.code.
ERROR [jazz] tmp/integration-20260916/audit-suite/jazz/InventoryItem/AUG.lua: Активный generated companion отсутствует в metadata.code.
ERROR [jazz] tmp/integration-20260916/audit-suite/jazz/InventoryItem/Auto5_quest.lua: Активный generated companion отсутствует в metadata.code.
ERROR [jazz] tmp/integration-20260916/audit-suite/jazz/InventoryItem/Auto5.lua: Активный generated companion отсутствует в metadata.code.
ERROR [jazz] tmp/integration-20260916/audit-suite/jazz/InventoryItem/AVT40.lua: Активный generated companion отсутствует в metadata.code.
ERROR [jazz] tmp/integration-20260916/audit-suite/jazz/InventoryItem/Backpack_test.lua: Активный generated companion отсутствует в metadata.code.
ERROR [jazz] tmp/integration-20260916/audit-suite/jazz/InventoryItem/BAR.lua: Активный generated companion отсутствует в metadata.code.
ERROR [jazz] tmp/integration-20260916/audit-suite/jazz/InventoryItem/BarretM82.lua: Активный generated companion отсутствует в metadata.code.
ERROR [jazz] tmp/integration-20260916/audit-suite/jazz/InventoryItem/Bayonet.lua: Активный generated companion отсутствует в metadata.code.
ERROR [jazz] tmp/integration-20260916/audit-suite/jazz/InventoryItem/Bereta92.lua: Активный generated companion отсутствует в metadata.code.
ERROR [jazz] tmp/integration-20260916/audit-suite/jazz/InventoryItem/Beretta93r.lua: Активный generated companion отсутствует в metadata.code.
ERROR [jazz] tmp/integration-20260916/audit-suite/jazz/InventoryItem/BerettaM12.lua: Активный generated companion отсутствует в metadata.code.
ERROR [jazz] tmp/integration-20260916/audit-suite/jazz/InventoryItem/BlackPowder.lua: Активный generated companion отсутствует в metadata.code.
ERROR [jazz] tmp/integration-20260916/audit-suite/jazz/InventoryItem/BrowningM2HMG.lua: Активный generated companion отсутствует в metadata.code.
ERROR [jazz] tmp/integration-20260916/audit-suite/jazz/InventoryItem/C4.lua: Активный generated companion отсутствует в metadata.code.
ERROR [jazz] tmp/integration-20260916/audit-suite/jazz/InventoryItem/CamoArmor_Light_Kompositum.lua: Активный generated companion отсутствует в metadata.code.
ERROR [jazz] tmp/integration-20260916/audit-suite/jazz/InventoryItem/CamoArmor_Light.lua: Активный generated companion отсутствует в metadata.code.
ERROR [jazz] tmp/integration-20260916/audit-suite/jazz/InventoryItem/CamoArmor_Medium_Kompositum.lua: Активный generated companion отсутствует в metadata.code.
ERROR [jazz] tmp/integration-20260916/audit-suite/jazz/InventoryItem/CamoArmor_Medium.lua: Активный generated companion отсутствует в metadata.code.
ERROR [jazz] tmp/integration-20260916/audit-suite/jazz/InventoryItem/CAR15.lua: Активный generated companion отсутствует в metadata.code.
ERROR [jazz] tmp/integration-20260916/audit-suite/jazz/InventoryItem/China_Lake.lua: Активный generated companion отсутствует в metadata.code.
ERROR [jazz] tmp/integration-20260916/audit-suite/jazz/InventoryItem/Coin.lua: Активный generated companion отсутствует в metadata.code.
ERROR [jazz] tmp/integration-20260916/audit-suite/jazz/InventoryItem/Colt1911.lua: Активный generated companion отсутствует в metadata.code.
ERROR [jazz] tmp/integration-20260916/audit-suite/jazz/InventoryItem/Colt38Special.lua: Активный generated companion отсутствует в metadata.code.
ERROR [jazz] tmp/integration-20260916/audit-suite/jazz/InventoryItem/ColtAnaconda.lua: Активный generated companion отсутствует в metadata.code.
ERROR [jazz] tmp/integration-20260916/audit-suite/jazz/InventoryItem/ColtM1917.lua: Активный generated companion отсутствует в metadata.code.
ERROR [jazz] tmp/integration-20260916/audit-suite/jazz/InventoryItem/ColtPeacemaker.lua: Активный generated companion отсутствует в metadata.code.
ERROR [jazz] tmp/integration-20260916/audit-suite/jazz/InventoryItem/CombatStim.lua: Активный generated companion отсутствует в metadata.code.
ERROR [jazz] tmp/integration-20260916/audit-suite/jazz/InventoryItem/Combination_CeramicPlates.lua: Активный generated companion отсутствует в metadata.code.
ERROR [jazz] tmp/integration-20260916/audit-suite/jazz/InventoryItem/Combination_Kompositum58.lua: Активный generated companion отсутствует в metadata.code.
ERROR [jazz] tmp/integration-20260916/audit-suite/jazz/InventoryItem/Combination_WeavePadding.lua: Активный generated companion отсутствует в metadata.code.
ERROR [jazz] tmp/integration-20260916/audit-suite/jazz/InventoryItem/Compensator.lua: Активный generated companion отсутствует в metadata.code.
ERROR [jazz] tmp/integration-20260916/audit-suite/jazz/InventoryItem/ConcussiveGrenade.lua: Активный generated companion отсутствует в metadata.code.
ERROR [jazz] tmp/integration-20260916/audit-suite/jazz/InventoryItem/Cookie.lua: Активный generated companion отсутствует в metadata.code.
ERROR [jazz] tmp/integration-20260916/audit-suite/jazz/InventoryItem/CrocodileHide.lua: Активный generated companion отсутствует в metadata.code.
ERROR [jazz] tmp/integration-20260916/audit-suite/jazz/InventoryItem/Crowbar.lua: Активный generated companion отсутствует в metadata.code.
ERROR [jazz] tmp/integration-20260916/audit-suite/jazz/InventoryItem/CustomPDA.lua: Активный generated companion отсутствует в metadata.code.
ERROR [jazz] tmp/integration-20260916/audit-suite/jazz/InventoryItem/CZ52.lua: Активный generated companion отсутствует в metadata.code.
ERROR [jazz] tmp/integration-20260916/audit-suite/jazz/InventoryItem/CZ75.lua: Активный generated companion отсутствует в metadata.code.
ERROR [jazz] tmp/integration-20260916/audit-suite/jazz/InventoryItem/DeLisle.lua: Активный generated companion отсутствует в metadata.code.
ERROR [jazz] tmp/integration-20260916/audit-suite/jazz/InventoryItem/DesertEagle.lua: Активный generated companion отсутствует в metadata.code.
ERROR [jazz] tmp/integration-20260916/audit-suite/jazz/InventoryItem/Diesel.lua: Активный generated companion отсутствует в metadata.code.
ERROR [jazz] tmp/integration-20260916/audit-suite/jazz/InventoryItem/Dollars.lua: Активный generated companion отсутствует в metadata.code.
ERROR [jazz] tmp/integration-20260916/audit-suite/jazz/InventoryItem/DoubleBarrelShotgun.lua: Активный generated companion отсутствует в metadata.code.
ERROR [jazz] tmp/integration-20260916/audit-suite/jazz/InventoryItem/DP27.lua: Активный generated companion отсутствует в metadata.code.
ERROR [jazz] tmp/integration-20260916/audit-suite/jazz/InventoryItem/DragunovSVD_Custom.lua: Активный generated companion отсутствует в metadata.code.
ERROR [jazz] tmp/integration-20260916/audit-suite/jazz/InventoryItem/DragunovSVD.lua: Активный generated companion отсутствует в metadata.code.
ERROR [jazz] tmp/integration-20260916/audit-suite/jazz/InventoryItem/EndlessKnives.lua: Активный generated companion отсутствует в metadata.code.
ERROR [jazz] tmp/integration-20260916/audit-suite/jazz/InventoryItem/FAMAS.lua: Активный generated companion отсутствует в metadata.code.
ERROR [jazz] tmp/integration-20260916/audit-suite/jazz/InventoryItem/FG42.lua: Активный generated companion отсутствует в metadata.code.
ERROR [jazz] tmp/integration-20260916/audit-suite/jazz/InventoryItem/FineSteelPipe.lua: Активный generated companion отсутствует в metadata.code.
ERROR [jazz] tmp/integration-20260916/audit-suite/jazz/InventoryItem/FirstAidKit.lua: Активный generated companion отсутствует в metadata.code.
ERROR [jazz] tmp/integration-20260916/audit-suite/jazz/InventoryItem/FiveSeven.lua: Активный generated companion отсутствует в metadata.code.
ERROR [jazz] tmp/integration-20260916/audit-suite/jazz/InventoryItem/FlakArmor_CeramicPlates.lua: Активный generated companion отсутствует в metadata.code.
ERROR [jazz] tmp/integration-20260916/audit-suite/jazz/InventoryItem/FlakArmor_Kompositum.lua: Активный generated companion отсутствует в metadata.code.
ERROR [jazz] tmp/integration-20260916/audit-suite/jazz/InventoryItem/FlakArmor_WeavePadding.lua: Активный generated companion отсутствует в metadata.code.
ERROR [jazz] tmp/integration-20260916/audit-suite/jazz/InventoryItem/FlakArmor.lua: Активный generated companion отсутствует в metadata.code.
ERROR [jazz] tmp/integration-20260916/audit-suite/jazz/InventoryItem/FlakLeggings_Kompositum.lua: Активный generated companion отсутствует в metadata.code.
ERROR [jazz] tmp/integration-20260916/audit-suite/jazz/InventoryItem/FlakLeggings_WeavePadding.lua: Активный generated companion отсутствует в metadata.code.
ERROR [jazz] tmp/integration-20260916/audit-suite/jazz/InventoryItem/FlakLeggings.lua: Активный generated companion отсутствует в metadata.code.
ERROR [jazz] tmp/integration-20260916/audit-suite/jazz/InventoryItem/FlakVest_CeramicPlates.lua: Активный generated companion отсутствует в metadata.code.
ERROR [jazz] tmp/integration-20260916/audit-suite/jazz/InventoryItem/FlakVest_Kompositum.lua: Активный generated companion отсутствует в metadata.code.
ERROR [jazz] tmp/integration-20260916/audit-suite/jazz/InventoryItem/FlakVest_WeavePadding.lua: Активный generated companion отсутствует в metadata.code.
ERROR [jazz] tmp/integration-20260916/audit-suite/jazz/InventoryItem/FlakVest.lua: Активный generated companion отсутствует в metadata.code.
ERROR [jazz] tmp/integration-20260916/audit-suite/jazz/InventoryItem/FlareAmmo.lua: Активный generated companion отсутствует в metadata.code.
ERROR [jazz] tmp/integration-20260916/audit-suite/jazz/InventoryItem/FlareHandgun.lua: Активный generated companion отсутствует в metadata.code.
ERROR [jazz] tmp/integration-20260916/audit-suite/jazz/InventoryItem/FlareStick.lua: Активный generated companion отсутствует в metadata.code.
ERROR [jazz] tmp/integration-20260916/audit-suite/jazz/InventoryItem/FNFAL.lua: Активный generated companion отсутствует в metadata.code.
ERROR [jazz] tmp/integration-20260916/audit-suite/jazz/InventoryItem/FNMAG.lua: Активный generated companion отсутствует в metadata.code.
ERROR [jazz] tmp/integration-20260916/audit-suite/jazz/InventoryItem/FNMinimi.lua: Активный generated companion отсутствует в metadata.code.
ERROR [jazz] tmp/integration-20260916/audit-suite/jazz/InventoryItem/FragGrenade.lua: Активный generated companion отсутствует в metadata.code.
ERROR [jazz] tmp/integration-20260916/audit-suite/jazz/InventoryItem/FRF2.lua: Активный generated companion отсутствует в metadata.code.
ERROR [jazz] tmp/integration-20260916/audit-suite/jazz/InventoryItem/G36.lua: Активный generated companion отсутствует в metadata.code.
ERROR [jazz] tmp/integration-20260916/audit-suite/jazz/InventoryItem/G36c.lua: Активный generated companion отсутствует в metadata.code.
ERROR [jazz] tmp/integration-20260916/audit-suite/jazz/InventoryItem/G3A3.lua: Активный generated companion отсутствует в metadata.code.
ERROR [jazz] tmp/integration-20260916/audit-suite/jazz/InventoryItem/G3A4.lua: Активный generated companion отсутствует в metadata.code.
ERROR [jazz] tmp/integration-20260916/audit-suite/jazz/InventoryItem/G3SniperV1.lua: Активный generated companion отсутствует в metadata.code.
ERROR [jazz] tmp/integration-20260916/audit-suite/jazz/InventoryItem/G43.lua: Активный generated companion отсутствует в metadata.code.
ERROR [jazz] tmp/integration-20260916/audit-suite/jazz/InventoryItem/Galil_FlagHill.lua: Активный generated companion отсутствует в metadata.code.
ERROR [jazz] tmp/integration-20260916/audit-suite/jazz/InventoryItem/Galil.lua: Активный generated companion отсутствует в metadata.code.
ERROR [jazz] tmp/integration-20260916/audit-suite/jazz/InventoryItem/GasMask.lua: Активный generated companion отсутствует в metadata.code.
ERROR [jazz] tmp/integration-20260916/audit-suite/jazz/InventoryItem/Gasmaskenhelm.lua: Активный generated companion отсутствует в metadata.code.
ERROR [jazz] tmp/integration-20260916/audit-suite/jazz/InventoryItem/Gewehr98.lua: Активный generated companion отсутствует в metadata.code.
ERROR [jazz] tmp/integration-20260916/audit-suite/jazz/InventoryItem/Glock17.lua: Активный generated companion отсутствует в metadata.code.
ERROR [jazz] tmp/integration-20260916/audit-suite/jazz/InventoryItem/Glock18.lua: Активный generated companion отсутствует в metadata.code.
ERROR [jazz] tmp/integration-20260916/audit-suite/jazz/InventoryItem/GlowStick.lua: Активный generated companion отсутствует в metadata.code.
ERROR [jazz] tmp/integration-20260916/audit-suite/jazz/InventoryItem/GoldenGun.lua: Активный generated companion отсутствует в metadata.code.
ERROR [jazz] tmp/integration-20260916/audit-suite/jazz/InventoryItem/GoldenWatch.lua: Активный generated companion отсутствует в metadata.code.
ERROR [jazz] tmp/integration-20260916/audit-suite/jazz/InventoryItem/GrizzlyLAR.lua: Активный generated companion отсутствует в metadata.code.
ERROR [jazz] tmp/integration-20260916/audit-suite/jazz/InventoryItem/GutHookKnife.lua: Активный generated companion отсутствует в metadata.code.
ERROR [jazz] tmp/integration-20260916/audit-suite/jazz/InventoryItem/HE_Grenade.lua: Активный generated companion отсутствует в metadata.code.
ERROR [jazz] tmp/integration-20260916/audit-suite/jazz/InventoryItem/HeavyArmorChestplate_CeramicPlates.lua: Активный generated companion отсутствует в metadata.code.
ERROR [jazz] tmp/integration-20260916/audit-suite/jazz/InventoryItem/HeavyArmorChestplate_Kompositum.lua: Активный generated companion отсутствует в metadata.code.
ERROR [jazz] tmp/integration-20260916/audit-suite/jazz/InventoryItem/HeavyArmorChestplate_WeavePadding.lua: Активный generated companion отсутствует в metadata.code.
ERROR [jazz] tmp/integration-20260916/audit-suite/jazz/InventoryItem/HeavyArmorChestplate.lua: Активный generated companion отсутствует в metadata.code.
ERROR [jazz] tmp/integration-20260916/audit-suite/jazz/InventoryItem/HeavyArmorHelmet_Kompositum.lua: Активный generated companion отсутствует в metadata.code.
ERROR [jazz] tmp/integration-20260916/audit-suite/jazz/InventoryItem/HeavyArmorHelmet_WeavePadding.lua: Активный generated companion отсутствует в metadata.code.
ERROR [jazz] tmp/integration-20260916/audit-suite/jazz/InventoryItem/HeavyArmorHelmet.lua: Активный generated companion отсутствует в metadata.code.
ERROR [jazz] tmp/integration-20260916/audit-suite/jazz/InventoryItem/HeavyArmorLeggings_Kompositum.lua: Активный generated companion отсутствует в metadata.code.
ERROR [jazz] tmp/integration-20260916/audit-suite/jazz/InventoryItem/HeavyArmorLeggings_WeavePadding.lua: Активный generated companion отсутствует в metadata.code.
ERROR [jazz] tmp/integration-20260916/audit-suite/jazz/InventoryItem/HeavyArmorLeggings.lua: Активный generated companion отсутствует в metadata.code.
ERROR [jazz] tmp/integration-20260916/audit-suite/jazz/InventoryItem/HeavyArmorTorso_CeramicPlates.lua: Активный generated companion отсутствует в metadata.code.
ERROR [jazz] tmp/integration-20260916/audit-suite/jazz/InventoryItem/HeavyArmorTorso_Kompositum.lua: Активный generated companion отсутствует в metadata.code.
ERROR [jazz] tmp/integration-20260916/audit-suite/jazz/InventoryItem/HeavyArmorTorso_WeavePadding.lua: Активный generated companion отсутствует в metadata.code.
ERROR [jazz] tmp/integration-20260916/audit-suite/jazz/InventoryItem/HeavyArmorTorso.lua: Активный generated companion отсутствует в metadata.code.
ERROR [jazz] tmp/integration-20260916/audit-suite/jazz/InventoryItem/HerbalMedicine.lua: Активный generated companion отсутствует в metadata.code.
ERROR [jazz] tmp/integration-20260916/audit-suite/jazz/InventoryItem/HiPower.lua: Активный generated companion отсутствует в metadata.code.
ERROR [jazz] tmp/integration-20260916/audit-suite/jazz/InventoryItem/HK21.lua: Активный generated companion отсутствует в metadata.code.
ERROR [jazz] tmp/integration-20260916/audit-suite/jazz/InventoryItem/HK23e.lua: Активный generated companion отсутствует в metadata.code.
ERROR [jazz] tmp/integration-20260916/audit-suite/jazz/InventoryItem/HK33.lua: Активный generated companion отсутствует в metadata.code.
ERROR [jazz] tmp/integration-20260916/audit-suite/jazz/InventoryItem/Infected_HardenedSkin.lua: Активный generated companion отсутствует в metadata.code.
ERROR [jazz] tmp/integration-20260916/audit-suite/jazz/InventoryItem/Ithaca.lua: Активный generated companion отсутствует в metadata.code.
ERROR [jazz] tmp/integration-20260916/audit-suite/jazz/InventoryItem/IvanUshanka.lua: Активный generated companion отсутствует в metadata.code.
ERROR [jazz] tmp/integration-20260916/audit-suite/jazz/InventoryItem/JAZZ_AMMO_12gauge_APSlug.lua: Активный generated companion отсутствует в metadata.code.
ERROR [jazz] tmp/integration-20260916/audit-suite/jazz/InventoryItem/JAZZ_AMMO_12gauge_Birdshot.lua: Активный generated companion отсутствует в metadata.code.
ERROR [jazz] tmp/integration-20260916/audit-suite/jazz/InventoryItem/JAZZ_AMMO_12gauge_Buckshot.lua: Активный generated companion отсутствует в metadata.code.
ERROR [jazz] tmp/integration-20260916/audit-suite/jazz/InventoryItem/JAZZ_AMMO_12gauge_Saltshot.lua: Активный generated companion отсутствует в metadata.code.
ERROR [jazz] tmp/integration-20260916/audit-suite/jazz/InventoryItem/JAZZ_AMMO_12gauge_Slug.lua: Активный generated companion отсутствует в metadata.code.
ERROR [jazz] tmp/integration-20260916/audit-suite/jazz/InventoryItem/JAZZ_AMMO_30_FMJ.lua: Активный generated companion отсутствует в metadata.code.
ERROR [jazz] tmp/integration-20260916/audit-suite/jazz/InventoryItem/JAZZ_AMMO_30_P.lua: Активный generated companion отсутствует в metadata.code.
ERROR [jazz] tmp/integration-20260916/audit-suite/jazz/InventoryItem/JAZZ_AMMO_30_Tracer.lua: Активный generated companion отсутствует в metadata.code.
ERROR [jazz] tmp/integration-20260916/audit-suite/jazz/InventoryItem/JAZZ_AMMO_3006_AP.lua: Активный generated companion отсутствует в metadata.code.
ERROR [jazz] tmp/integration-20260916/audit-suite/jazz/InventoryItem/JAZZ_AMMO_3006_FMJ.lua: Активный generated companion отсутствует в metadata.code.
ERROR [jazz] tmp/integration-20260916/audit-suite/jazz/InventoryItem/JAZZ_AMMO_3006_Match.lua: Активный generated companion отсутствует в metadata.code.
ERROR [jazz] tmp/integration-20260916/audit-suite/jazz/InventoryItem/JAZZ_AMMO_357_FMJ.lua: Активный generated companion отсутствует в metadata.code.
ERROR [jazz] tmp/integration-20260916/audit-suite/jazz/InventoryItem/JAZZ_AMMO_357_JHP.lua: Активный generated companion отсутствует в metadata.code.
ERROR [jazz] tmp/integration-20260916/audit-suite/jazz/InventoryItem/JAZZ_AMMO_38special_FMJ.lua: Активный generated companion отсутствует в metadata.code.
ERROR [jazz] tmp/integration-20260916/audit-suite/jazz/InventoryItem/JAZZ_AMMO_38special_JHP.lua: Активный generated companion отсутствует в metadata.code.
ERROR [jazz] tmp/integration-20260916/audit-suite/jazz/InventoryItem/JAZZ_AMMO_40mmFlashbangGrenade.lua: Активный generated companion отсутствует в metadata.code.
ERROR [jazz] tmp/integration-20260916/audit-suite/jazz/InventoryItem/JAZZ_AMMO_40mmFragGrenade.lua: Активный generated companion отсутствует в metadata.code.
ERROR [jazz] tmp/integration-20260916/audit-suite/jazz/InventoryItem/JAZZ_AMMO_44CAL_FMJ.lua: Активный generated companion отсутствует в metadata.code.
ERROR [jazz] tmp/integration-20260916/audit-suite/jazz/InventoryItem/JAZZ_AMMO_44CAL_JHP.lua: Активный generated companion отсутствует в metadata.code.
ERROR [jazz] tmp/integration-20260916/audit-suite/jazz/InventoryItem/JAZZ_AMMO_44CAL_Match.lua: Активный generated companion отсутствует в metadata.code.
ERROR [jazz] tmp/integration-20260916/audit-suite/jazz/InventoryItem/JAZZ_AMMO_45ACP_Crafted.lua: Активный generated companion отсутствует в metadata.code.
ERROR [jazz] tmp/integration-20260916/audit-suite/jazz/InventoryItem/JAZZ_AMMO_45ACP_FMJ.lua: Активный generated companion отсутствует в metadata.code.
ERROR [jazz] tmp/integration-20260916/audit-suite/jazz/InventoryItem/JAZZ_AMMO_45ACP_JHP.lua: Активный generated companion отсутствует в metadata.code.
ERROR [jazz] tmp/integration-20260916/audit-suite/jazz/InventoryItem/JAZZ_AMMO_45ACP_P.lua: Активный generated companion отсутствует в metadata.code.
ERROR [jazz] tmp/integration-20260916/audit-suite/jazz/InventoryItem/JAZZ_AMMO_45ACP_Poor.lua: Активный generated companion отсутствует в metadata.code.
ERROR [jazz] tmp/integration-20260916/audit-suite/jazz/InventoryItem/JAZZ_AMMO_46_AP.lua: Активный generated companion отсутствует в metadata.code.
ERROR [jazz] tmp/integration-20260916/audit-suite/jazz/InventoryItem/JAZZ_AMMO_46_FMJ.lua: Активный generated companion отсутствует в metadata.code.
ERROR [jazz] tmp/integration-20260916/audit-suite/jazz/InventoryItem/JAZZ_AMMO_46_JHP.lua: Активный generated companion отсутствует в metadata.code.
ERROR [jazz] tmp/integration-20260916/audit-suite/jazz/InventoryItem/JAZZ_AMMO_50AE_FMJ.lua: Активный generated companion отсутствует в metadata.code.
ERROR [jazz] tmp/integration-20260916/audit-suite/jazz/InventoryItem/JAZZ_AMMO_50AE_JHP.lua: Активный generated companion отсутствует в metadata.code.
ERROR [jazz] tmp/integration-20260916/audit-suite/jazz/InventoryItem/JAZZ_AMMO_50BMG_API_HEI.lua: Активный generated companion отсутствует в metadata.code.
ERROR [jazz] tmp/integration-20260916/audit-suite/jazz/InventoryItem/JAZZ_AMMO_50BMG_APIT.lua: Активный generated companion отсутствует в metadata.code.
ERROR [jazz] tmp/integration-20260916/audit-suite/jazz/InventoryItem/JAZZ_AMMO_50BMG_Basic.lua: Активный generated companion отсутствует в metadata.code.
ERROR [jazz] tmp/integration-20260916/audit-suite/jazz/InventoryItem/JAZZ_AMMO_545_AP.lua: Активный generated companion отсутствует в metadata.code.
ERROR [jazz] tmp/integration-20260916/audit-suite/jazz/InventoryItem/JAZZ_AMMO_545_Army.lua: Активный generated companion отсутствует в metadata.code.
ERROR [jazz] tmp/integration-20260916/audit-suite/jazz/InventoryItem/JAZZ_AMMO_545_Crafted.lua: Активный generated companion отсутствует в metadata.code.
ERROR [jazz] tmp/integration-20260916/audit-suite/jazz/InventoryItem/JAZZ_AMMO_545_EPR.lua: Активный generated companion отсутствует в metadata.code.
ERROR [jazz] tmp/integration-20260916/audit-suite/jazz/InventoryItem/JAZZ_AMMO_545_Poor.lua: Активный generated companion отсутствует в metadata.code.
ERROR [jazz] tmp/integration-20260916/audit-suite/jazz/InventoryItem/JAZZ_AMMO_545_Tracer.lua: Активный generated companion отсутствует в metadata.code.
ERROR [jazz] tmp/integration-20260916/audit-suite/jazz/InventoryItem/JAZZ_AMMO_556_AP.lua: Активный generated companion отсутствует в metadata.code.
ERROR [jazz] tmp/integration-20260916/audit-suite/jazz/InventoryItem/JAZZ_AMMO_556_Army.lua: Активный generated companion отсутствует в metadata.code.
ERROR [jazz] tmp/integration-20260916/audit-suite/jazz/InventoryItem/JAZZ_AMMO_556_Crafted.lua: Активный generated companion отсутствует в metadata.code.
ERROR [jazz] tmp/integration-20260916/audit-suite/jazz/InventoryItem/JAZZ_AMMO_556_EPR.lua: Активный generated companion отсутствует в metadata.code.
ERROR [jazz] tmp/integration-20260916/audit-suite/jazz/InventoryItem/JAZZ_AMMO_556_FMJ.lua: Активный generated companion отсутствует в metadata.code.
ERROR [jazz] tmp/integration-20260916/audit-suite/jazz/InventoryItem/JAZZ_AMMO_556_Match.lua: Активный generated companion отсутствует в metadata.code.
ERROR [jazz] tmp/integration-20260916/audit-suite/jazz/InventoryItem/JAZZ_AMMO_556_Poor.lua: Активный generated companion отсутствует в metadata.code.
ERROR [jazz] tmp/integration-20260916/audit-suite/jazz/InventoryItem/JAZZ_AMMO_556_Tracer.lua: Активный generated companion отсутствует в metadata.code.
ERROR [jazz] tmp/integration-20260916/audit-suite/jazz/InventoryItem/JAZZ_AMMO_57_AP.lua: Активный generated companion отсутствует в metadata.code.
ERROR [jazz] tmp/integration-20260916/audit-suite/jazz/InventoryItem/JAZZ_AMMO_57_JHP.lua: Активный generated companion отсутствует в metadata.code.
ERROR [jazz] tmp/integration-20260916/audit-suite/jazz/InventoryItem/JAZZ_AMMO_57_Subsonic.lua: Активный generated companion отсутствует в metadata.code.
ERROR [jazz] tmp/integration-20260916/audit-suite/jazz/InventoryItem/JAZZ_AMMO_75French_AP.lua: Активный generated companion отсутствует в metadata.code.
ERROR [jazz] tmp/integration-20260916/audit-suite/jazz/InventoryItem/JAZZ_AMMO_75French_FMJ.lua: Активный generated companion отсутствует в metadata.code.
ERROR [jazz] tmp/integration-20260916/audit-suite/jazz/InventoryItem/JAZZ_AMMO_762x25_AP.lua: Активный generated companion отсутствует в metadata.code.
ERROR [jazz] tmp/integration-20260916/audit-suite/jazz/InventoryItem/JAZZ_AMMO_762x25_FMJ.lua: Активный generated companion отсутствует в metadata.code.
ERROR [jazz] tmp/integration-20260916/audit-suite/jazz/InventoryItem/JAZZ_AMMO_762x25_JHP.lua: Активный generated companion отсутствует в metadata.code.
ERROR [jazz] tmp/integration-20260916/audit-suite/jazz/InventoryItem/JAZZ_AMMO_762x25_Poor.lua: Активный generated companion отсутствует в metadata.code.
ERROR [jazz] tmp/integration-20260916/audit-suite/jazz/InventoryItem/JAZZ_AMMO_762x39_APP.lua: Активный generated companion отсутствует в metadata.code.
ERROR [jazz] tmp/integration-20260916/audit-suite/jazz/InventoryItem/JAZZ_AMMO_762x39_Army.lua: Активный generated companion отсутствует в metadata.code.
ERROR [jazz] tmp/integration-20260916/audit-suite/jazz/InventoryItem/JAZZ_AMMO_762x39_Crafted.lua: Активный generated companion отсутствует в metadata.code.
ERROR [jazz] tmp/integration-20260916/audit-suite/jazz/InventoryItem/JAZZ_AMMO_762x39_FMJ.lua: Активный generated companion отсутствует в metadata.code.
ERROR [jazz] tmp/integration-20260916/audit-suite/jazz/InventoryItem/JAZZ_AMMO_762x39_JHP.lua: Активный generated companion отсутствует в metadata.code.
ERROR [jazz] tmp/integration-20260916/audit-suite/jazz/InventoryItem/JAZZ_AMMO_762x39_Poor.lua: Активный generated companion отсутствует в metadata.code.
ERROR [jazz] tmp/integration-20260916/audit-suite/jazz/InventoryItem/JAZZ_AMMO_762x39_Tracer.lua: Активный generated companion отсутствует в metadata.code.
ERROR [jazz] tmp/integration-20260916/audit-suite/jazz/InventoryItem/JAZZ_AMMO_762x39_US.lua: Активный generated companion отсутствует в metadata.code.
ERROR [jazz] tmp/integration-20260916/audit-suite/jazz/InventoryItem/JAZZ_AMMO_762x51_AP.lua: Активный generated companion отсутствует в metadata.code.
ERROR [jazz] tmp/integration-20260916/audit-suite/jazz/InventoryItem/JAZZ_AMMO_762x51_Army.lua: Активный generated companion отсутствует в metadata.code.
ERROR [jazz] tmp/integration-20260916/audit-suite/jazz/InventoryItem/JAZZ_AMMO_762x51_Crafted.lua: Активный generated companion отсутствует в metadata.code.
ERROR [jazz] tmp/integration-20260916/audit-suite/jazz/InventoryItem/JAZZ_AMMO_762x51_FMJ.lua: Активный generated companion отсутствует в metadata.code.
ERROR [jazz] tmp/integration-20260916/audit-suite/jazz/InventoryItem/JAZZ_AMMO_762x51_Match.lua: Активный generated companion отсутствует в metadata.code.
ERROR [jazz] tmp/integration-20260916/audit-suite/jazz/InventoryItem/JAZZ_AMMO_762x51_Poor.lua: Активный generated companion отсутствует в metadata.code.
ERROR [jazz] tmp/integration-20260916/audit-suite/jazz/InventoryItem/JAZZ_AMMO_762x51_Tracer.lua: Активный generated companion отсутствует в metadata.code.
ERROR [jazz] tmp/integration-20260916/audit-suite/jazz/InventoryItem/JAZZ_AMMO_762x54_APIT.lua: Активный generated companion отсутствует в metadata.code.
ERROR [jazz] tmp/integration-20260916/audit-suite/jazz/InventoryItem/JAZZ_AMMO_762x54_Crafted.lua: Активный generated companion отсутствует в metadata.code.
ERROR [jazz] tmp/integration-20260916/audit-suite/jazz/InventoryItem/JAZZ_AMMO_762x54_FMJ.lua: Активный generated companion отсутствует в metadata.code.
ERROR [jazz] tmp/integration-20260916/audit-suite/jazz/InventoryItem/JAZZ_AMMO_762x54_Match.lua: Активный generated companion отсутствует в metadata.code.
ERROR [jazz] tmp/integration-20260916/audit-suite/jazz/InventoryItem/JAZZ_AMMO_762x54_Poor.lua: Активный generated companion отсутствует в metadata.code.
ERROR [jazz] tmp/integration-20260916/audit-suite/jazz/InventoryItem/JAZZ_AMMO_762x54_Tracer.lua: Активный generated companion отсутствует в metadata.code.
ERROR [jazz] tmp/integration-20260916/audit-suite/jazz/InventoryItem/JAZZ_AMMO_792_AP.lua: Активный generated companion отсутствует в metadata.code.
ERROR [jazz] tmp/integration-20260916/audit-suite/jazz/InventoryItem/JAZZ_AMMO_792_APIT.lua: Активный generated companion отсутствует в metadata.code.
ERROR [jazz] tmp/integration-20260916/audit-suite/jazz/InventoryItem/JAZZ_AMMO_792_FMJ.lua: Активный generated companion отсутствует в metadata.code.
ERROR [jazz] tmp/integration-20260916/audit-suite/jazz/InventoryItem/JAZZ_AMMO_792x33_AP.lua: Активный generated companion отсутствует в metadata.code.
ERROR [jazz] tmp/integration-20260916/audit-suite/jazz/InventoryItem/JAZZ_AMMO_792x33_FMJ.lua: Активный generated companion отсутствует в metadata.code.
ERROR [jazz] tmp/integration-20260916/audit-suite/jazz/InventoryItem/JAZZ_AMMO_792x33_Tracer.lua: Активный generated companion отсутствует в metadata.code.
ERROR [jazz] tmp/integration-20260916/audit-suite/jazz/InventoryItem/JAZZ_AMMO_9x18_AP.lua: Активный generated companion отсутствует в metadata.code.
ERROR [jazz] tmp/integration-20260916/audit-suite/jazz/InventoryItem/JAZZ_AMMO_9x18_APP.lua: Активный generated companion отсутствует в metadata.code.
ERROR [jazz] tmp/integration-20260916/audit-suite/jazz/InventoryItem/JAZZ_AMMO_9x18_Crafted.lua: Активный generated companion отсутствует в metadata.code.
ERROR [jazz] tmp/integration-20260916/audit-suite/jazz/InventoryItem/JAZZ_AMMO_9x18_FMJ.lua: Активный generated companion отсутствует в metadata.code.
ERROR [jazz] tmp/integration-20260916/audit-suite/jazz/InventoryItem/JAZZ_AMMO_9x18_JHP.lua: Активный generated companion отсутствует в metadata.code.
ERROR [jazz] tmp/integration-20260916/audit-suite/jazz/InventoryItem/JAZZ_AMMO_9x18_Poor.lua: Активный generated companion отсутствует в metadata.code.
ERROR [jazz] tmp/integration-20260916/audit-suite/jazz/InventoryItem/JAZZ_AMMO_9x19_AP.lua: Активный generated companion отсутствует в metadata.code.
ERROR [jazz] tmp/integration-20260916/audit-suite/jazz/InventoryItem/JAZZ_AMMO_9x19_APP.lua: Активный generated companion отсутствует в metadata.code.
ERROR [jazz] tmp/integration-20260916/audit-suite/jazz/InventoryItem/JAZZ_AMMO_9x19_Crafted.lua: Активный generated companion отсутствует в metadata.code.
ERROR [jazz] tmp/integration-20260916/audit-suite/jazz/InventoryItem/JAZZ_AMMO_9x19_FMJ.lua: Активный generated companion отсутствует в metadata.code.
ERROR [jazz] tmp/integration-20260916/audit-suite/jazz/InventoryItem/JAZZ_AMMO_9x19_JHP.lua: Активный generated companion отсутствует в metadata.code.
ERROR [jazz] tmp/integration-20260916/audit-suite/jazz/InventoryItem/JAZZ_AMMO_9x19_Match.lua: Активный generated companion отсутствует в metadata.code.
ERROR [jazz] tmp/integration-20260916/audit-suite/jazz/InventoryItem/JAZZ_AMMO_9x19_Poor.lua: Активный generated companion отсутствует в metadata.code.
ERROR [jazz] tmp/integration-20260916/audit-suite/jazz/InventoryItem/JAZZ_AMMO_9x39_AP.lua: Активный generated companion отсутствует в metadata.code.
ERROR [jazz] tmp/integration-20260916/audit-suite/jazz/InventoryItem/JAZZ_AMMO_9x39_Crafted.lua: Активный generated companion отсутствует в metadata.code.
ERROR [jazz] tmp/integration-20260916/audit-suite/jazz/InventoryItem/JAZZ_AMMO_9x39_JHP.lua: Активный generated companion отсутствует в metadata.code.
ERROR [jazz] tmp/integration-20260916/audit-suite/jazz/InventoryItem/JAZZ_AMMO_MortarShell_Gas.lua: Активный generated companion отсутствует в metadata.code.
ERROR [jazz] tmp/integration-20260916/audit-suite/jazz/InventoryItem/JAZZ_AMMO_MortarShell_HE.lua: Активный generated companion отсутствует в metadata.code.
ERROR [jazz] tmp/integration-20260916/audit-suite/jazz/InventoryItem/JAZZ_AMMO_MortarShell_Smoke.lua: Активный generated companion отсутствует в metadata.code.
ERROR [jazz] tmp/integration-20260916/audit-suite/jazz/InventoryItem/JAZZ_ArmorUpgrade.lua: Активный generated companion отсутствует в metadata.code.
ERROR [jazz] tmp/integration-20260916/audit-suite/jazz/InventoryItem/JAZZ_AUGCompensator_01.lua: Активный generated companion отсутствует в metadata.code.
ERROR [jazz] tmp/integration-20260916/audit-suite/jazz/InventoryItem/JAZZ_AUGCompensator_03.lua: Активный generated companion отсутствует в metadata.code.
ERROR [jazz] tmp/integration-20260916/audit-suite/jazz/InventoryItem/JAZZ_Bandage.lua: Активный generated companion отсутствует в metadata.code.
ERROR [jazz] tmp/integration-20260916/audit-suite/jazz/InventoryItem/JAZZ_BarrelParts.lua: Активный generated companion отсутствует в metadata.code.
ERROR [jazz] tmp/integration-20260916/audit-suite/jazz/InventoryItem/JAZZ_Bipod_Galil.lua: Активный generated companion отсутствует в metadata.code.
ERROR [jazz] tmp/integration-20260916/audit-suite/jazz/InventoryItem/JAZZ_Bipod_Under.lua: Активный generated companion отсутствует в metadata.code.
ERROR [jazz] tmp/integration-20260916/audit-suite/jazz/InventoryItem/JAZZ_Bipod.lua: Активный generated companion отсутствует в metadata.code.
ERROR [jazz] tmp/integration-20260916/audit-suite/jazz/InventoryItem/JAZZ_CombatScope_1P29.lua: Активный generated companion отсутствует в metadata.code.
ERROR [jazz] tmp/integration-20260916/audit-suite/jazz/InventoryItem/JAZZ_CombatScope_2x.lua: Активный generated companion отсутствует в metadata.code.
ERROR [jazz] tmp/integration-20260916/audit-suite/jazz/InventoryItem/JAZZ_CombatScope_3x.lua: Активный generated companion отсутствует в metadata.code.
ERROR [jazz] tmp/integration-20260916/audit-suite/jazz/InventoryItem/JAZZ_CombatScope_ACOG.lua: Активный generated companion отсутствует в metadata.code.
ERROR [jazz] tmp/integration-20260916/audit-suite/jazz/InventoryItem/JAZZ_CombatScope_FeroZ24.lua: Активный generated companion отсутствует в metadata.code.
ERROR [jazz] tmp/integration-20260916/audit-suite/jazz/InventoryItem/JAZZ_Compensator.lua: Активный generated companion отсутствует в metadata.code.
ERROR [jazz] tmp/integration-20260916/audit-suite/jazz/InventoryItem/JAZZ_DuckbillChoke.lua: Активный generated companion отсутствует в metadata.code.
ERROR [jazz] tmp/integration-20260916/audit-suite/jazz/InventoryItem/JAZZ_FlashHider.lua: Активный generated companion отсутствует в metadata.code.
ERROR [jazz] tmp/integration-20260916/audit-suite/jazz/InventoryItem/JAZZ_Flashlight_aa12.lua: Активный generated companion отсутствует в metadata.code.
ERROR [jazz] tmp/integration-20260916/audit-suite/jazz/InventoryItem/JAZZ_Flashlight_PSG_M1.lua: Активный generated companion отсутствует в metadata.code.
ERROR [jazz] tmp/integration-20260916/audit-suite/jazz/InventoryItem/JAZZ_Flashlight.lua: Активный generated companion отсутствует в metadata.code.
ERROR [jazz] tmp/integration-20260916/audit-suite/jazz/InventoryItem/JAZZ_FlashlightDot_aa12.lua: Активный generated companion отсутствует в metadata.code.
ERROR [jazz] tmp/integration-20260916/audit-suite/jazz/InventoryItem/JAZZ_FlashlightDot_Anaconda.lua: Активный generated companion отсутствует в metadata.code.
ERROR [jazz] tmp/integration-20260916/audit-suite/jazz/InventoryItem/JAZZ_FlashlightDot_PSG_M1.lua: Активный generated companion отсутствует в metadata.code.
ERROR [jazz] tmp/integration-20260916/audit-suite/jazz/InventoryItem/JAZZ_FlashlightDot.lua: Активный generated companion отсутствует в metadata.code.
ERROR [jazz] tmp/integration-20260916/audit-suite/jazz/InventoryItem/JAZZ_FullChoke.lua: Активный generated companion отсутствует в metadata.code.
ERROR [jazz] tmp/integration-20260916/audit-suite/jazz/InventoryItem/JAZZ_G36Scope.lua: Активный generated companion отсутствует в metadata.code.
ERROR [jazz] tmp/integration-20260916/audit-suite/jazz/InventoryItem/JAZZ_G36Sight.lua: Активный generated companion отсутствует в metadata.code.
ERROR [jazz] tmp/integration-20260916/audit-suite/jazz/InventoryItem/JAZZ_Galil_Brake_Default.lua: Активный generated companion отсутствует в metadata.code.
ERROR [jazz] tmp/integration-20260916/audit-suite/jazz/InventoryItem/JAZZ_GP25.lua: Активный generated companion отсутствует в metadata.code.
ERROR [jazz] tmp/integration-20260916/audit-suite/jazz/InventoryItem/JAZZ_GrenadeLauncher_AUG.lua: Активный generated companion отсутствует в metadata.code.
ERROR [jazz] tmp/integration-20260916/audit-suite/jazz/InventoryItem/JAZZ_GrenadeLauncher_Commando.lua: Активный generated companion отсутствует в metadata.code.
ERROR [jazz] tmp/integration-20260916/audit-suite/jazz/InventoryItem/JAZZ_GrenadeLauncher_Galil.lua: Активный generated companion отсутствует в metadata.code.
ERROR [jazz] tmp/integration-20260916/audit-suite/jazz/InventoryItem/JAZZ_GrenadeLauncher_M14.lua: Активный generated companion отсутствует в metadata.code.
ERROR [jazz] tmp/integration-20260916/audit-suite/jazz/InventoryItem/JAZZ_GrenadeLauncher.lua: Активный generated companion отсутствует в metadata.code.
ERROR [jazz] tmp/integration-20260916/audit-suite/jazz/InventoryItem/JAZZ_HandlingWrap.lua: Активный generated companion отсутствует в metadata.code.
ERROR [jazz] tmp/integration-20260916/audit-suite/jazz/InventoryItem/JAZZ_ImprovisedSuppressor.lua: Активный generated companion отсутствует в metadata.code.
ERROR [jazz] tmp/integration-20260916/audit-suite/jazz/InventoryItem/JAZZ_LaserDot_aa12.lua: Активный generated companion отсутствует в metadata.code.
ERROR [jazz] tmp/integration-20260916/audit-suite/jazz/InventoryItem/JAZZ_LaserDot_Anaconda.lua: Активный generated companion отсутствует в metadata.code.
ERROR [jazz] tmp/integration-20260916/audit-suite/jazz/InventoryItem/JAZZ_LaserDot_PSG_M1.lua: Активный generated companion отсутствует в metadata.code.
ERROR [jazz] tmp/integration-20260916/audit-suite/jazz/InventoryItem/JAZZ_LaserDot.lua: Активный generated companion отсутствует в metadata.code.
ERROR [jazz] tmp/integration-20260916/audit-suite/jazz/InventoryItem/JAZZ_M70_Grenade.lua: Активный generated companion отсутствует в metadata.code.
ERROR [jazz] tmp/integration-20260916/audit-suite/jazz/InventoryItem/JAZZ_MagBelt_100_200.lua: Активный generated companion отсутствует в metadata.code.
ERROR [jazz] tmp/integration-20260916/audit-suite/jazz/InventoryItem/JAZZ_MagBelt_40_100.lua: Активный generated companion отсутствует в metadata.code.
ERROR [jazz] tmp/integration-20260916/audit-suite/jazz/InventoryItem/JAZZ_MagDrum_30_100_cumbersome.lua: Активный generated companion отсутствует в metadata.code.
ERROR [jazz] tmp/integration-20260916/audit-suite/jazz/InventoryItem/JAZZ_MagDrum_30_100_G3.lua: Активный generated companion отсутствует в metadata.code.
ERROR [jazz] tmp/integration-20260916/audit-suite/jazz/InventoryItem/JAZZ_MagDrum_30_100_HK33.lua: Активный generated companion отсутствует в metadata.code.
ERROR [jazz] tmp/integration-20260916/audit-suite/jazz/InventoryItem/JAZZ_MagDrum_30_100.lua: Активный generated companion отсутствует в metadata.code.
ERROR [jazz] tmp/integration-20260916/audit-suite/jazz/InventoryItem/JAZZ_MagDrum_30_50_THOMPSON.lua: Активный generated companion отсутствует в metadata.code.
ERROR [jazz] tmp/integration-20260916/audit-suite/jazz/InventoryItem/JAZZ_MagDrum_30_50_UZI.lua: Активный generated companion отсутствует в metadata.code.
ERROR [jazz] tmp/integration-20260916/audit-suite/jazz/InventoryItem/JAZZ_MagDrum_30_50.lua: Активный generated companion отсутствует в metadata.code.
ERROR [jazz] tmp/integration-20260916/audit-suite/jazz/InventoryItem/JAZZ_MagDrum_30_75.lua: Активный generated companion отсутствует в metadata.code.
ERROR [jazz] tmp/integration-20260916/audit-suite/jazz/InventoryItem/JAZZ_MagDrum_35_71.lua: Активный generated companion отсутствует в metadata.code.
ERROR [jazz] tmp/integration-20260916/audit-suite/jazz/InventoryItem/JAZZ_MagLarge_10_20_SVD.lua: Активный generated companion отсутствует в metadata.code.
ERROR [jazz] tmp/integration-20260916/audit-suite/jazz/InventoryItem/JAZZ_MagLarge_10_20_VAL.lua: Активный generated companion отсутствует в metadata.code.
ERROR [jazz] tmp/integration-20260916/audit-suite/jazz/InventoryItem/JAZZ_MagLarge_10_20.lua: Активный generated companion отсутствует в metadata.code.
ERROR [jazz] tmp/integration-20260916/audit-suite/jazz/InventoryItem/JAZZ_MagLarge_13_PISTOL_52.lua: Активный generated companion отсутствует в metadata.code.
ERROR [jazz] tmp/integration-20260916/audit-suite/jazz/InventoryItem/JAZZ_MagLarge_13_PISTOL_DE.lua: Активный generated companion отсутствует в metadata.code.
ERROR [jazz] tmp/integration-20260916/audit-suite/jazz/InventoryItem/JAZZ_MagLarge_13.lua: Активный generated companion отсутствует в metadata.code.
ERROR [jazz] tmp/integration-20260916/audit-suite/jazz/InventoryItem/JAZZ_MagLarge_17_33.lua: Активный generated companion отсутствует в metadata.code.
ERROR [jazz] tmp/integration-20260916/audit-suite/jazz/InventoryItem/JAZZ_MagLarge_18_20.lua: Активный generated companion отсутствует в metadata.code.
ERROR [jazz] tmp/integration-20260916/audit-suite/jazz/InventoryItem/JAZZ_MagLarge_20_30_FAL.lua: Активный generated companion отсутствует в metadata.code.
ERROR [jazz] tmp/integration-20260916/audit-suite/jazz/InventoryItem/JAZZ_MagLarge_20_30_MINI14.lua: Активный generated companion отсутствует в metadata.code.
ERROR [jazz] tmp/integration-20260916/audit-suite/jazz/InventoryItem/JAZZ_MagLarge_20_30_UZI.lua: Активный generated companion отсутствует в metadata.code.
ERROR [jazz] tmp/integration-20260916/audit-suite/jazz/InventoryItem/JAZZ_MagLarge_20_30.lua: Активный generated companion отсутствует в metadata.code.
ERROR [jazz] tmp/integration-20260916/audit-suite/jazz/InventoryItem/JAZZ_MagLarge_25_40.lua: Активный generated companion отсутствует в metadata.code.
ERROR [jazz] tmp/integration-20260916/audit-suite/jazz/InventoryItem/JAZZ_MagLarge_25_AA12.lua: Активный generated companion отсутствует в metadata.code.
ERROR [jazz] tmp/integration-20260916/audit-suite/jazz/InventoryItem/JAZZ_MagLarge_25_PISTOL_9.lua: Активный generated companion отсутствует в metadata.code.
ERROR [jazz] tmp/integration-20260916/audit-suite/jazz/InventoryItem/JAZZ_MagLarge_25_USAS.lua: Активный generated companion отсутствует в metadata.code.
ERROR [jazz] tmp/integration-20260916/audit-suite/jazz/InventoryItem/JAZZ_MagLarge_25.lua: Активный generated companion отсутствует в metadata.code.
ERROR [jazz] tmp/integration-20260916/audit-suite/jazz/InventoryItem/JAZZ_MagLarge_27.lua: Активный generated companion отсутствует в metadata.code.
ERROR [jazz] tmp/integration-20260916/audit-suite/jazz/InventoryItem/JAZZ_MagLarge_28.lua: Активный generated companion отсутствует в metadata.code.
ERROR [jazz] tmp/integration-20260916/audit-suite/jazz/InventoryItem/JAZZ_MagLarge_30_40.lua: Активный generated companion отсутствует в metadata.code.
ERROR [jazz] tmp/integration-20260916/audit-suite/jazz/InventoryItem/JAZZ_MagLarge_30_42.lua: Активный generated companion отсутствует в metadata.code.
ERROR [jazz] tmp/integration-20260916/audit-suite/jazz/InventoryItem/JAZZ_MagLarge_30_45.lua: Активный generated companion отсутствует в metadata.code.
ERROR [jazz] tmp/integration-20260916/audit-suite/jazz/InventoryItem/JAZZ_MagLarge_5_10.lua: Активный generated companion отсутствует в metadata.code.
ERROR [jazz] tmp/integration-20260916/audit-suite/jazz/InventoryItem/JAZZ_MagLarge_50_AR15.lua: Активный generated companion отсутствует в metadata.code.
ERROR [jazz] tmp/integration-20260916/audit-suite/jazz/InventoryItem/JAZZ_MagLarge_50_MP5.lua: Активный generated companion отсутствует в metadata.code.
ERROR [jazz] tmp/integration-20260916/audit-suite/jazz/InventoryItem/JAZZ_MagLarge_50_SIG.lua: Активный generated companion отсутствует в metadata.code.
ERROR [jazz] tmp/integration-20260916/audit-suite/jazz/InventoryItem/JAZZ_MagLarge_50.lua: Активный generated companion отсутствует в metadata.code.
ERROR [jazz] tmp/integration-20260916/audit-suite/jazz/InventoryItem/JAZZ_MagLarge_7_10.lua: Активный generated companion отсутствует в metadata.code.
ERROR [jazz] tmp/integration-20260916/audit-suite/jazz/InventoryItem/JAZZ_MagLarge_8_10.lua: Активный generated companion отсутствует в metadata.code.
ERROR [jazz] tmp/integration-20260916/audit-suite/jazz/InventoryItem/JAZZ_MagLarge_8_BARRET.lua: Активный generated companion отсутствует в metadata.code.
ERROR [jazz] tmp/integration-20260916/audit-suite/jazz/InventoryItem/JAZZ_MagLarge_8_PISTOL_52.lua: Активный generated companion отсутствует в metadata.code.
ERROR [jazz] tmp/integration-20260916/audit-suite/jazz/InventoryItem/JAZZ_MagLarge_8_PSG1.lua: Активный generated companion отсутствует в metadata.code.
ERROR [jazz] tmp/integration-20260916/audit-suite/jazz/InventoryItem/JAZZ_MagLarge_8.lua: Активный generated companion отсутствует в metadata.code.
ERROR [jazz] tmp/integration-20260916/audit-suite/jazz/InventoryItem/JAZZ_MagLargeFine.lua: Активный generated companion отсутствует в metadata.code.
ERROR [jazz] tmp/integration-20260916/audit-suite/jazz/InventoryItem/JAZZ_MagNormalFine_AR15.lua: Активный generated companion отсутствует в metadata.code.
ERROR [jazz] tmp/integration-20260916/audit-suite/jazz/InventoryItem/JAZZ_MagNormalFine_FAL.lua: Активный generated companion отсутствует в metadata.code.
ERROR [jazz] tmp/integration-20260916/audit-suite/jazz/InventoryItem/JAZZ_MagNormalFine_M14.lua: Активный generated companion отсутствует в metadata.code.
ERROR [jazz] tmp/integration-20260916/audit-suite/jazz/InventoryItem/JAZZ_MagNormalFine_PISTOL_9.lua: Активный generated companion отсутствует в metadata.code.
ERROR [jazz] tmp/integration-20260916/audit-suite/jazz/InventoryItem/JAZZ_MagNormalFine_PSG1.lua: Активный generated companion отсутствует в metadata.code.
ERROR [jazz] tmp/integration-20260916/audit-suite/jazz/InventoryItem/JAZZ_MagNormalFine.lua: Активный generated companion отсутствует в metadata.code.
ERROR [jazz] tmp/integration-20260916/audit-suite/jazz/InventoryItem/JAZZ_MagNormalG18.lua: Активный generated companion отсутствует в metadata.code.
ERROR [jazz] tmp/integration-20260916/audit-suite/jazz/InventoryItem/JAZZ_MagQuick_AK.lua: Активный generated companion отсутствует в metadata.code.
ERROR [jazz] tmp/integration-20260916/audit-suite/jazz/InventoryItem/JAZZ_MagQuick_AR15.lua: Активный generated companion отсутствует в metadata.code.
ERROR [jazz] tmp/integration-20260916/audit-suite/jazz/InventoryItem/JAZZ_MagQuick_AUG.lua: Активный generated companion отсутствует в metadata.code.
ERROR [jazz] tmp/integration-20260916/audit-suite/jazz/InventoryItem/JAZZ_MagQuick_G36.lua: Активный generated companion отсутствует в metadata.code.
ERROR [jazz] tmp/integration-20260916/audit-suite/jazz/InventoryItem/JAZZ_MagQuick_GALIL.lua: Активный generated companion отсутствует в metadata.code.
ERROR [jazz] tmp/integration-20260916/audit-suite/jazz/InventoryItem/JAZZ_MagQuick_MP5.lua: Активный generated companion отсутствует в metadata.code.
ERROR [jazz] tmp/integration-20260916/audit-suite/jazz/InventoryItem/JAZZ_MagQuick.lua: Активный generated companion отсутствует в metadata.code.
ERROR [jazz] tmp/integration-20260916/audit-suite/jazz/InventoryItem/JAZZ_MagSmall20_10_G3.lua: Активный generated companion отсутствует в metadata.code.
ERROR [jazz] tmp/integration-20260916/audit-suite/jazz/InventoryItem/JAZZ_MagSmall20_10_M14.lua: Активный generated companion отсутствует в metadata.code.
ERROR [jazz] tmp/integration-20260916/audit-suite/jazz/InventoryItem/JAZZ_MagSmall20_10.lua: Активный generated companion отсутствует в metadata.code.
ERROR [jazz] tmp/integration-20260916/audit-suite/jazz/InventoryItem/JAZZ_MagSmall30_15_M2CARBINE.lua: Активный generated companion отсутствует в metadata.code.
ERROR [jazz] tmp/integration-20260916/audit-suite/jazz/InventoryItem/JAZZ_MagSmall30_15_MP5.lua: Активный generated companion отсутствует в metadata.code.
ERROR [jazz] tmp/integration-20260916/audit-suite/jazz/InventoryItem/JAZZ_MagSmall30_15_TMP.lua: Активный generated companion отсутствует в metadata.code.
ERROR [jazz] tmp/integration-20260916/audit-suite/jazz/InventoryItem/JAZZ_MagSmall30_15.lua: Активный generated companion отсутствует в metadata.code.
ERROR [jazz] tmp/integration-20260916/audit-suite/jazz/InventoryItem/JAZZ_MagSmall30_20.lua: Активный generated companion отсутствует в metadata.code.
ERROR [jazz] tmp/integration-20260916/audit-suite/jazz/InventoryItem/JAZZ_Morphine.lua: Активный generated companion отсутствует в metadata.code.
ERROR [jazz] tmp/integration-20260916/audit-suite/jazz/InventoryItem/JAZZ_NightScope_M3.lua: Активный generated companion отсутствует в metadata.code.
ERROR [jazz] tmp/integration-20260916/audit-suite/jazz/InventoryItem/JAZZ_NightScope_NSPU.lua: Активный generated companion отсутствует в metadata.code.
ERROR [jazz] tmp/integration-20260916/audit-suite/jazz/InventoryItem/JAZZ_NightScope.lua: Активный generated companion отсутствует в metadata.code.
ERROR [jazz] tmp/integration-20260916/audit-suite/jazz/InventoryItem/JAZZ_PistolSuppressor.lua: Активный generated companion отсутствует в metadata.code.
ERROR [jazz] tmp/integration-20260916/audit-suite/jazz/InventoryItem/JAZZ_Reflex_Aimpoint5000.lua: Активный generated companion отсутствует в metadata.code.
ERROR [jazz] tmp/integration-20260916/audit-suite/jazz/InventoryItem/JAZZ_Reflex_Closed.lua: Активный generated companion отсутствует в metadata.code.
ERROR [jazz] tmp/integration-20260916/audit-suite/jazz/InventoryItem/JAZZ_Reflex_Cobra.lua: Активный generated companion отсутствует в metadata.code.
ERROR [jazz] tmp/integration-20260916/audit-suite/jazz/InventoryItem/JAZZ_Reflex_Eotech.lua: Активный generated companion отсутствует в metadata.code.
ERROR [jazz] tmp/integration-20260916/audit-suite/jazz/InventoryItem/JAZZ_Reflex_Garand.lua: Активный generated companion отсутствует в metadata.code.
ERROR [jazz] tmp/integration-20260916/audit-suite/jazz/InventoryItem/JAZZ_Reflex_M68.lua: Активный generated companion отсутствует в metadata.code.
ERROR [jazz] tmp/integration-20260916/audit-suite/jazz/InventoryItem/JAZZ_Reflex_Open.lua: Активный generated companion отсутствует в metadata.code.
ERROR [jazz] tmp/integration-20260916/audit-suite/jazz/InventoryItem/JAZZ_Reflex_Pistol.lua: Активный generated companion отсутствует в metadata.code.
ERROR [jazz] tmp/integration-20260916/audit-suite/jazz/InventoryItem/JAZZ_Reflex_PKAS.lua: Активный generated companion отсутствует в metadata.code.
ERROR [jazz] tmp/integration-20260916/audit-suite/jazz/InventoryItem/JAZZ_RemovableAttachment.lua: Активный generated companion отсутствует в metadata.code.
ERROR [jazz] tmp/integration-20260916/audit-suite/jazz/InventoryItem/JAZZ_Scope_12x.lua: Активный generated companion отсутствует в metadata.code.
ERROR [jazz] tmp/integration-20260916/audit-suite/jazz/InventoryItem/JAZZ_Scope_3x_9x.lua: Активный generated companion отсутствует в metadata.code.
ERROR [jazz] tmp/integration-20260916/audit-suite/jazz/InventoryItem/JAZZ_Scope_6x.lua: Активный generated companion отсутствует в metadata.code.
ERROR [jazz] tmp/integration-20260916/audit-suite/jazz/InventoryItem/JAZZ_Scope_8x_SCROME.lua: Активный generated companion отсутствует в metadata.code.
ERROR [jazz] tmp/integration-20260916/audit-suite/jazz/InventoryItem/JAZZ_Scope_DA15_6x.lua: Активный generated companion отсутствует в metadata.code.
ERROR [jazz] tmp/integration-20260916/audit-suite/jazz/InventoryItem/JAZZ_Scope_Garand.lua: Активный generated companion отсутствует в metadata.code.
ERROR [jazz] tmp/integration-20260916/audit-suite/jazz/InventoryItem/JAZZ_Scope_PSG.lua: Активный generated companion отсутствует в metadata.code.
ERROR [jazz] tmp/integration-20260916/audit-suite/jazz/InventoryItem/JAZZ_Scope_PSO.lua: Активный generated companion отсутствует в metadata.code.
ERROR [jazz] tmp/integration-20260916/audit-suite/jazz/InventoryItem/JAZZ_Scope_PU.lua: Активный generated companion отсутствует в metadata.code.
ERROR [jazz] tmp/integration-20260916/audit-suite/jazz/InventoryItem/JAZZ_Scope_Scout.lua: Активный generated companion отсутствует в metadata.code.
ERROR [jazz] tmp/integration-20260916/audit-suite/jazz/InventoryItem/JAZZ_Scope_Springfield.lua: Активный generated companion отсутствует в metadata.code.
ERROR [jazz] tmp/integration-20260916/audit-suite/jazz/InventoryItem/JAZZ_Scope_ZF4.lua: Активный generated companion отсутствует в metadata.code.
ERROR [jazz] tmp/integration-20260916/audit-suite/jazz/InventoryItem/JAZZ_Scope_ZRAK.lua: Активный generated companion отсутствует в metadata.code.
ERROR [jazz] tmp/integration-20260916/audit-suite/jazz/InventoryItem/JAZZ_ScopeParts.lua: Активный generated companion отсутствует в metadata.code.
ERROR [jazz] tmp/integration-20260916/audit-suite/jazz/InventoryItem/JAZZ_Suppressor.lua: Активный generated companion отсутствует в metadata.code.
ERROR [jazz] tmp/integration-20260916/audit-suite/jazz/InventoryItem/JAZZ_SuppressorImproved.lua: Активный generated companion отсутствует в metadata.code.
ERROR [jazz] tmp/integration-20260916/audit-suite/jazz/InventoryItem/JAZZ_SuppressorIntegrated.lua: Активный generated companion отсутствует в metadata.code.
ERROR [jazz] tmp/integration-20260916/audit-suite/jazz/InventoryItem/JAZZ_SurgicalKit.lua: Активный generated companion отсутствует в metadata.code.
ERROR [jazz] tmp/integration-20260916/audit-suite/jazz/InventoryItem/JAZZ_TacGrip_M14.lua: Активный generated companion отсутствует в metadata.code.
ERROR [jazz] tmp/integration-20260916/audit-suite/jazz/InventoryItem/JAZZ_TacGrip.lua: Активный generated companion отсутствует в metadata.code.
ERROR [jazz] tmp/integration-20260916/audit-suite/jazz/InventoryItem/JAZZ_Type56Bayo.lua: Активный generated companion отсутствует в metadata.code.
ERROR [jazz] tmp/integration-20260916/audit-suite/jazz/InventoryItem/JAZZ_Type56BayoF.lua: Активный generated companion отсутствует в metadata.code.
ERROR [jazz] tmp/integration-20260916/audit-suite/jazz/InventoryItem/JAZZ_UVDot_aa12.lua: Активный generated companion отсутствует в metadata.code.
ERROR [jazz] tmp/integration-20260916/audit-suite/jazz/InventoryItem/JAZZ_UVDot_Anaconda.lua: Активный generated companion отсутствует в metadata.code.
ERROR [jazz] tmp/integration-20260916/audit-suite/jazz/InventoryItem/JAZZ_UVDot_PSG_M1.lua: Активный generated companion отсутствует в metadata.code.
ERROR [jazz] tmp/integration-20260916/audit-suite/jazz/InventoryItem/JAZZ_UVDot.lua: Активный generated companion отсутствует в metadata.code.
ERROR [jazz] tmp/integration-20260916/audit-suite/jazz/InventoryItem/JAZZ_VerticalGrip_Commando.lua: Активный generated companion отсутствует в metadata.code.
ERROR [jazz] tmp/integration-20260916/audit-suite/jazz/InventoryItem/JAZZ_VerticalGrip_M14.lua: Активный generated companion отсутствует в metadata.code.
ERROR [jazz] tmp/integration-20260916/audit-suite/jazz/InventoryItem/JAZZ_VerticalGrip.lua: Активный generated companion отсутствует в metadata.code.
ERROR [jazz] tmp/integration-20260916/audit-suite/jazz/InventoryItem/JazzArmor_6B13.lua: Активный generated companion отсутствует в metadata.code.
ERROR [jazz] tmp/integration-20260916/audit-suite/jazz/InventoryItem/JazzArmor_6B3.lua: Активный generated companion отсутствует в metadata.code.
ERROR [jazz] tmp/integration-20260916/audit-suite/jazz/InventoryItem/JazzArmor_6b7Helm.lua: Активный generated companion отсутствует в metadata.code.
ERROR [jazz] tmp/integration-20260916/audit-suite/jazz/InventoryItem/JazzArmor_AdrianHelmet.lua: Активный generated companion отсутствует в metadata.code.
ERROR [jazz] tmp/integration-20260916/audit-suite/jazz/InventoryItem/JazzArmor_AltynHelm.lua: Активный generated companion отсутствует в metadata.code.
ERROR [jazz] tmp/integration-20260916/audit-suite/jazz/InventoryItem/JazzArmor_AssaultCuirass.lua: Активный generated companion отсутствует в metadata.code.
ERROR [jazz] tmp/integration-20260916/audit-suite/jazz/InventoryItem/JazzArmor_BallisticMask.lua: Активный generated companion отсутствует в metadata.code.
ERROR [jazz] tmp/integration-20260916/audit-suite/jazz/InventoryItem/JazzArmor_CamoBalaclava.lua: Активный generated companion отсутствует в metadata.code.
ERROR [jazz] tmp/integration-20260916/audit-suite/jazz/InventoryItem/JazzArmor_CamoKneePads.lua: Активный generated companion отсутствует в metadata.code.
ERROR [jazz] tmp/integration-20260916/audit-suite/jazz/InventoryItem/JazzArmor_Chainmail.lua: Активный generated companion отсутствует в metadata.code.
ERROR [jazz] tmp/integration-20260916/audit-suite/jazz/InventoryItem/JazzArmor_ConstructionHelmet.lua: Активный generated companion отсутствует в metadata.code.
ERROR [jazz] tmp/integration-20260916/audit-suite/jazz/InventoryItem/JazzArmor_EOD.lua: Активный generated companion отсутствует в metadata.code.
ERROR [jazz] tmp/integration-20260916/audit-suite/jazz/InventoryItem/JazzArmor_ESS.lua: Активный generated companion отсутствует в metadata.code.
ERROR [jazz] tmp/integration-20260916/audit-suite/jazz/InventoryItem/JazzArmor_FlakM1955.lua: Активный generated companion отсутствует в metadata.code.
ERROR [jazz] tmp/integration-20260916/audit-suite/jazz/InventoryItem/JazzArmor_FlakM69.lua: Активный generated companion отсутствует в metadata.code.
ERROR [jazz] tmp/integration-20260916/audit-suite/jazz/InventoryItem/JazzArmor_GuardianFull.lua: Активный generated companion отсутствует в metadata.code.
ERROR [jazz] tmp/integration-20260916/audit-suite/jazz/InventoryItem/JazzArmor_GuardianHeavyLegs.lua: Активный generated companion отсутствует в metadata.code.
ERROR [jazz] tmp/integration-20260916/audit-suite/jazz/InventoryItem/JazzArmor_GuardianHelm.lua: Активный generated companion отсутствует в metadata.code.
ERROR [jazz] tmp/integration-20260916/audit-suite/jazz/InventoryItem/JazzArmor_GuardianHelmHeavy.lua: Активный generated companion отсутствует в metadata.code.
ERROR [jazz] tmp/integration-20260916/audit-suite/jazz/InventoryItem/JazzArmor_GuardianLegs.lua: Активный generated companion отсутствует в metadata.code.
ERROR [jazz] tmp/integration-20260916/audit-suite/jazz/InventoryItem/JazzArmor_GuardianLight.lua: Активный generated companion отсутствует в metadata.code.
ERROR [jazz] tmp/integration-20260916/audit-suite/jazz/InventoryItem/JazzArmor_GuardianMedium.lua: Активный generated companion отсутствует в metadata.code.
ERROR [jazz] tmp/integration-20260916/audit-suite/jazz/InventoryItem/JazzArmor_IBA.lua: Активный generated companion отсутствует в metadata.code.
ERROR [jazz] tmp/integration-20260916/audit-suite/jazz/InventoryItem/JazzArmor_IBAFull.lua: Активный generated companion отсутствует в metadata.code.
ERROR [jazz] tmp/integration-20260916/audit-suite/jazz/InventoryItem/JazzArmor_IBALight.lua: Активный generated companion отсутствует в metadata.code.
ERROR [jazz] tmp/integration-20260916/audit-suite/jazz/InventoryItem/JazzArmor_ImprovisedCuirass.lua: Активный generated companion отсутствует в metadata.code.
ERROR [jazz] tmp/integration-20260916/audit-suite/jazz/InventoryItem/JazzArmor_LeatherArmor.lua: Активный generated companion отсутствует в metadata.code.
ERROR [jazz] tmp/integration-20260916/audit-suite/jazz/InventoryItem/JazzArmor_LeatherJacketBlk.lua: Активный generated companion отсутствует в metadata.code.
ERROR [jazz] tmp/integration-20260916/audit-suite/jazz/InventoryItem/JazzArmor_LeatherJacketBrn.lua: Активный generated companion отсутствует в metadata.code.
ERROR [jazz] tmp/integration-20260916/audit-suite/jazz/InventoryItem/JazzArmor_LeatherPants.lua: Активный generated companion отсутствует в metadata.code.
ERROR [jazz] tmp/integration-20260916/audit-suite/jazz/InventoryItem/JazzArmor_LeatherVest.lua: Активный generated companion отсутствует в metadata.code.
ERROR [jazz] tmp/integration-20260916/audit-suite/jazz/InventoryItem/JazzArmor_M1Helm.lua: Активный generated companion отсутствует в metadata.code.
ERROR [jazz] tmp/integration-20260916/audit-suite/jazz/InventoryItem/JazzArmor_MetalHelm.lua: Активный generated companion отсутствует в metadata.code.
ERROR [jazz] tmp/integration-20260916/audit-suite/jazz/InventoryItem/JazzArmor_Mich2000.lua: Активный generated companion отсутствует в metadata.code.
ERROR [jazz] tmp/integration-20260916/audit-suite/jazz/InventoryItem/JazzArmor_Mich2001.lua: Активный generated companion отсутствует в metadata.code.
ERROR [jazz] tmp/integration-20260916/audit-suite/jazz/InventoryItem/JazzArmor_MotoKneePads.lua: Активный generated companion отсутствует в metadata.code.
ERROR [jazz] tmp/integration-20260916/audit-suite/jazz/InventoryItem/JazzArmor_NVG1.lua: Активный generated companion отсутствует в metadata.code.
ERROR [jazz] tmp/integration-20260916/audit-suite/jazz/InventoryItem/JazzArmor_NVG2.lua: Активный generated companion отсутствует в metadata.code.
ERROR [jazz] tmp/integration-20260916/audit-suite/jazz/InventoryItem/JazzArmor_NVG3.lua: Активный generated companion отсутствует в metadata.code.
ERROR [jazz] tmp/integration-20260916/audit-suite/jazz/InventoryItem/JazzArmor_PASGT.lua: Активный generated companion отсутствует в metadata.code.
ERROR [jazz] tmp/integration-20260916/audit-suite/jazz/InventoryItem/JazzArmor_PASGTHelm.lua: Активный generated companion отсутствует в metadata.code.
ERROR [jazz] tmp/integration-20260916/audit-suite/jazz/InventoryItem/JazzArmor_PoliceVest.lua: Активный generated companion отсутствует в metadata.code.
ERROR [jazz] tmp/integration-20260916/audit-suite/jazz/InventoryItem/JazzArmor_ProTecHelm.lua: Активный generated companion отсутствует в metadata.code.
ERROR [jazz] tmp/integration-20260916/audit-suite/jazz/InventoryItem/JazzArmor_RaiderKneePads.lua: Активный generated companion отсутствует в metadata.code.
ERROR [jazz] tmp/integration-20260916/audit-suite/jazz/InventoryItem/JazzArmor_RaiderMetalLeggins.lua: Активный generated companion отсутствует в metadata.code.
ERROR [jazz] tmp/integration-20260916/audit-suite/jazz/InventoryItem/JazzArmor_RBA.lua: Активный generated companion отсутствует в metadata.code.
ERROR [jazz] tmp/integration-20260916/audit-suite/jazz/InventoryItem/JazzArmor_SovietAssaultArmor.lua: Активный generated companion отсутствует в metadata.code.
ERROR [jazz] tmp/integration-20260916/audit-suite/jazz/InventoryItem/JazzArmor_SovietHelm.lua: Активный generated companion отсутствует в metadata.code.
ERROR [jazz] tmp/integration-20260916/audit-suite/jazz/InventoryItem/JazzArmor_Spectra.lua: Активный generated companion отсутствует в metadata.code.
ERROR [jazz] tmp/integration-20260916/audit-suite/jazz/InventoryItem/JazzArmor_SpectraCompositum.lua: Активный generated companion отсутствует в metadata.code.
ERROR [jazz] tmp/integration-20260916/audit-suite/jazz/InventoryItem/JazzArmor_SpectraFull.lua: Активный generated companion отсутствует в metadata.code.
ERROR [jazz] tmp/integration-20260916/audit-suite/jazz/InventoryItem/JazzArmor_SpectraFullCompositum.lua: Активный generated companion отсутствует в metadata.code.
ERROR [jazz] tmp/integration-20260916/audit-suite/jazz/InventoryItem/JazzArmor_SpectraHelm.lua: Активный generated companion отсутствует в metadata.code.
ERROR [jazz] tmp/integration-20260916/audit-suite/jazz/InventoryItem/JazzArmor_SpectraLegs.lua: Активный generated companion отсутствует в metadata.code.
ERROR [jazz] tmp/integration-20260916/audit-suite/jazz/InventoryItem/JazzArmor_Stahlhelm.lua: Активный generated companion отсутствует в metadata.code.
ERROR [jazz] tmp/integration-20260916/audit-suite/jazz/InventoryItem/JazzArmor_STSHHelm.lua: Активный generated companion отсутствует в metadata.code.
ERROR [jazz] tmp/integration-20260916/audit-suite/jazz/InventoryItem/JazzArmor_Sunglasses.lua: Активный generated companion отсутствует в metadata.code.
ERROR [jazz] tmp/integration-20260916/audit-suite/jazz/InventoryItem/JazzArmor_SWAT.lua: Активный generated companion отсутствует в metadata.code.
ERROR [jazz] tmp/integration-20260916/audit-suite/jazz/InventoryItem/JazzArmor_SwatPads.lua: Активный generated companion отсутствует в metadata.code.
ERROR [jazz] tmp/integration-20260916/audit-suite/jazz/InventoryItem/JazzArmor_TireArmor.lua: Активный generated companion отсутствует в metadata.code.
ERROR [jazz] tmp/integration-20260916/audit-suite/jazz/InventoryItem/JazzArmor_TireBrigantine.lua: Активный generated companion отсутствует в metadata.code.
ERROR [jazz] tmp/integration-20260916/audit-suite/jazz/InventoryItem/JazzArmor_TwaronFull.lua: Активный generated companion отсутствует в metadata.code.
ERROR [jazz] tmp/integration-20260916/audit-suite/jazz/InventoryItem/JazzArmor_TwaronHeavyLegs.lua: Активный generated companion отсутствует в metadata.code.
ERROR [jazz] tmp/integration-20260916/audit-suite/jazz/InventoryItem/JazzArmor_TwaronHelm.lua: Активный generated companion отсутствует в metadata.code.
ERROR [jazz] tmp/integration-20260916/audit-suite/jazz/InventoryItem/JazzArmor_TwaronHelmHeavy.lua: Активный generated companion отсутствует в metadata.code.
ERROR [jazz] tmp/integration-20260916/audit-suite/jazz/InventoryItem/JazzArmor_TwaronLegs.lua: Активный generated companion отсутствует в metadata.code.
ERROR [jazz] tmp/integration-20260916/audit-suite/jazz/InventoryItem/JazzArmor_TwaronLight.lua: Активный generated companion отсутствует в metadata.code.
ERROR [jazz] tmp/integration-20260916/audit-suite/jazz/InventoryItem/JazzArmor_TwaronMedium.lua: Активный generated companion отсутствует в metadata.code.
ERROR [jazz] tmp/integration-20260916/audit-suite/jazz/InventoryItem/JazzArmor_UHMWPE.lua: Активный generated companion отсутствует в metadata.code.
ERROR [jazz] tmp/integration-20260916/audit-suite/jazz/InventoryItem/JazzArmor_UHMWPEFull.lua: Активный generated companion отсутствует в metadata.code.
ERROR [jazz] tmp/integration-20260916/audit-suite/jazz/InventoryItem/JazzArmor_UHMWPEHelm.lua: Активный generated companion отсутствует в metadata.code.
ERROR [jazz] tmp/integration-20260916/audit-suite/jazz/InventoryItem/JazzArmor_UHMWPELegs.lua: Активный generated companion отсутствует в metadata.code.
ERROR [jazz] tmp/integration-20260916/audit-suite/jazz/InventoryItem/JazzArmor_Uniform.lua: Активный generated companion отсутствует в metadata.code.
ERROR [jazz] tmp/integration-20260916/audit-suite/jazz/InventoryItem/JazzArmor_UniformCap.lua: Активный generated companion отсутствует в metadata.code.
ERROR [jazz] tmp/integration-20260916/audit-suite/jazz/InventoryItem/JazzArmor_UniformPants.lua: Активный generated companion отсутствует в metadata.code.
ERROR [jazz] tmp/integration-20260916/audit-suite/jazz/InventoryItem/JazzArmor_WieldingHelm.lua: Активный generated companion отсутствует в metadata.code.
ERROR [jazz] tmp/integration-20260916/audit-suite/jazz/InventoryItem/JazzArmor_ZylonFull.lua: Активный generated companion отсутствует в metadata.code.
ERROR [jazz] tmp/integration-20260916/audit-suite/jazz/InventoryItem/JazzArmor_ZylonHeavyLegs.lua: Активный generated companion отсутствует в metadata.code.
ERROR [jazz] tmp/integration-20260916/audit-suite/jazz/InventoryItem/JazzArmor_ZylonHelm.lua: Активный generated companion отсутствует в metadata.code.
ERROR [jazz] tmp/integration-20260916/audit-suite/jazz/InventoryItem/JazzArmor_ZylonHelmHeavy.lua: Активный generated companion отсутствует в metadata.code.
ERROR [jazz] tmp/integration-20260916/audit-suite/jazz/InventoryItem/JazzArmor_ZylonLegs.lua: Активный generated companion отсутствует в metadata.code.
ERROR [jazz] tmp/integration-20260916/audit-suite/jazz/InventoryItem/JazzArmor_ZylonLight.lua: Активный generated companion отсутствует в metadata.code.
ERROR [jazz] tmp/integration-20260916/audit-suite/jazz/InventoryItem/JazzArmor_ZylonMedium.lua: Активный generated companion отсутствует в metadata.code.
ERROR [jazz] tmp/integration-20260916/audit-suite/jazz/InventoryItem/JazzArmorPlates_Ceramics3.lua: Активный generated companion отсутствует в metadata.code.
ERROR [jazz] tmp/integration-20260916/audit-suite/jazz/InventoryItem/JazzArmorPlates_Ceramics4.lua: Активный generated companion отсутствует в metadata.code.
ERROR [jazz] tmp/integration-20260916/audit-suite/jazz/InventoryItem/JazzArmorPlates_Ceramics5.lua: Активный generated companion отсутствует в metadata.code.
ERROR [jazz] tmp/integration-20260916/audit-suite/jazz/InventoryItem/JazzArmorPlates_Kevlar.lua: Активный generated companion отсутствует в metadata.code.
ERROR [jazz] tmp/integration-20260916/audit-suite/jazz/InventoryItem/JazzArmorPlates_Scrap.lua: Активный generated companion отсутствует в metadata.code.
ERROR [jazz] tmp/integration-20260916/audit-suite/jazz/InventoryItem/JazzArmorPlates_Steel3.lua: Активный generated companion отсутствует в metadata.code.
ERROR [jazz] tmp/integration-20260916/audit-suite/jazz/InventoryItem/JazzArmorPlates_Steel4.lua: Активный generated companion отсутствует в metadata.code.
ERROR [jazz] tmp/integration-20260916/audit-suite/jazz/InventoryItem/JazzArmorPlates_Steel5.lua: Активный generated companion отсутствует в metadata.code.
ERROR [jazz] tmp/integration-20260916/audit-suite/jazz/InventoryItem/JazzArmorPlates_Titan3.lua: Активный generated companion отсутствует в metadata.code.
ERROR [jazz] tmp/integration-20260916/audit-suite/jazz/InventoryItem/JazzArmorPlates_Titan4.lua: Активный generated companion отсутствует в metadata.code.
ERROR [jazz] tmp/integration-20260916/audit-suite/jazz/InventoryItem/JazzArmorPlates_Titan5.lua: Активный generated companion отсутствует в metadata.code.
ERROR [jazz] tmp/integration-20260916/audit-suite/jazz/InventoryItem/JazzArmorPlates_Twaron.lua: Активный generated companion отсутствует в metadata.code.
ERROR [jazz] tmp/integration-20260916/audit-suite/jazz/InventoryItem/KevlarChestplate_CeramicPlates.lua: Активный generated companion отсутствует в metadata.code.
ERROR [jazz] tmp/integration-20260916/audit-suite/jazz/InventoryItem/KevlarChestplate_Kompositum.lua: Активный generated companion отсутствует в metadata.code.
ERROR [jazz] tmp/integration-20260916/audit-suite/jazz/InventoryItem/KevlarChestplate_WeavePadding.lua: Активный generated companion отсутствует в metadata.code.
ERROR [jazz] tmp/integration-20260916/audit-suite/jazz/InventoryItem/KevlarChestplate.lua: Активный generated companion отсутствует в metadata.code.
ERROR [jazz] tmp/integration-20260916/audit-suite/jazz/InventoryItem/KevlarHelmet_Kompositum.lua: Активный generated companion отсутствует в metadata.code.
ERROR [jazz] tmp/integration-20260916/audit-suite/jazz/InventoryItem/KevlarHelmet_WeavePadding.lua: Активный generated companion отсутствует в metadata.code.
ERROR [jazz] tmp/integration-20260916/audit-suite/jazz/InventoryItem/KevlarHelmet.lua: Активный generated companion отсутствует в metadata.code.
ERROR [jazz] tmp/integration-20260916/audit-suite/jazz/InventoryItem/KevlarLeggings_Kompositum.lua: Активный generated companion отсутствует в metadata.code.
ERROR [jazz] tmp/integration-20260916/audit-suite/jazz/InventoryItem/KevlarLeggings_WeavePadding.lua: Активный generated companion отсутствует в metadata.code.
ERROR [jazz] tmp/integration-20260916/audit-suite/jazz/InventoryItem/KevlarLeggings.lua: Активный generated companion отсутствует в metadata.code.
ERROR [jazz] tmp/integration-20260916/audit-suite/jazz/InventoryItem/KevlarVest_CeramicPlates.lua: Активный generated companion отсутствует в metadata.code.
ERROR [jazz] tmp/integration-20260916/audit-suite/jazz/InventoryItem/KevlarVest_Kompositum.lua: Активный generated companion отсутствует в metadata.code.
ERROR [jazz] tmp/integration-20260916/audit-suite/jazz/InventoryItem/KevlarVest_WeavePadding.lua: Активный generated companion отсутствует в metadata.code.
ERROR [jazz] tmp/integration-20260916/audit-suite/jazz/InventoryItem/KevlarVest.lua: Активный generated companion отсутствует в metadata.code.
ERROR [jazz] tmp/integration-20260916/audit-suite/jazz/InventoryItem/Kimber.lua: Активный generated companion отсутствует в metadata.code.
ERROR [jazz] tmp/integration-20260916/audit-suite/jazz/InventoryItem/Knife_Balanced.lua: Активный generated companion отсутствует в metadata.code.
ERROR [jazz] tmp/integration-20260916/audit-suite/jazz/InventoryItem/Knife_Sharpened.lua: Активный generated companion отсутствует в metadata.code.
ERROR [jazz] tmp/integration-20260916/audit-suite/jazz/InventoryItem/Knife.lua: Активный generated companion отсутствует в metadata.code.
ERROR [jazz] tmp/integration-20260916/audit-suite/jazz/InventoryItem/Korth.lua: Активный generated companion отсутствует в metadata.code.
ERROR [jazz] tmp/integration-20260916/audit-suite/jazz/InventoryItem/L42A1.lua: Активный generated companion отсутствует в metadata.code.
ERROR [jazz] tmp/integration-20260916/audit-suite/jazz/InventoryItem/LightHelmet_Kompositum.lua: Активный generated companion отсутствует в metadata.code.
ERROR [jazz] tmp/integration-20260916/audit-suite/jazz/InventoryItem/LightHelmet_WeavePadding.lua: Активный generated companion отсутствует в metadata.code.
ERROR [jazz] tmp/integration-20260916/audit-suite/jazz/InventoryItem/LightHelmet.lua: Активный generated companion отсутствует в metadata.code.
ERROR [jazz] tmp/integration-20260916/audit-suite/jazz/InventoryItem/LionRoar.lua: Активный generated companion отсутствует в metadata.code.
ERROR [jazz] tmp/integration-20260916/audit-suite/jazz/InventoryItem/Lockpick.lua: Активный generated companion отсутствует в metadata.code.
ERROR [jazz] tmp/integration-20260916/audit-suite/jazz/InventoryItem/Luger.lua: Активный generated companion отсутствует в metadata.code.
ERROR [jazz] tmp/integration-20260916/audit-suite/jazz/InventoryItem/M14SAW.lua: Активный generated companion отсутствует в metadata.code.
ERROR [jazz] tmp/integration-20260916/audit-suite/jazz/InventoryItem/M16A1.lua: Активный generated companion отсутствует в metadata.code.
ERROR [jazz] tmp/integration-20260916/audit-suite/jazz/InventoryItem/M16A2.lua: Активный generated companion отсутствует в metadata.code.
ERROR [jazz] tmp/integration-20260916/audit-suite/jazz/InventoryItem/M16A4.lua: Активный generated companion отсутствует в metadata.code.
ERROR [jazz] tmp/integration-20260916/audit-suite/jazz/InventoryItem/M1897.lua: Активный generated companion отсутствует в metadata.code.
ERROR [jazz] tmp/integration-20260916/audit-suite/jazz/InventoryItem/M1A.lua: Активный generated companion отсутствует в metadata.code.
ERROR [jazz] tmp/integration-20260916/audit-suite/jazz/InventoryItem/M1Garand.lua: Активный generated companion отсутствует в metadata.code.
ERROR [jazz] tmp/integration-20260916/audit-suite/jazz/InventoryItem/M21.lua: Активный generated companion отсутствует в metadata.code.
ERROR [jazz] tmp/integration-20260916/audit-suite/jazz/InventoryItem/M24Sniper.lua: Активный generated companion отсутствует в metadata.code.
ERROR [jazz] tmp/integration-20260916/audit-suite/jazz/InventoryItem/M2Carbine.lua: Активный generated companion отсутствует в metadata.code.
ERROR [jazz] tmp/integration-20260916/audit-suite/jazz/InventoryItem/M3GreaseGun.lua: Активный generated companion отсутствует в metadata.code.
ERROR [jazz] tmp/integration-20260916/audit-suite/jazz/InventoryItem/M41Shotgun.lua: Активный generated companion отсутствует в metadata.code.
ERROR [jazz] tmp/integration-20260916/audit-suite/jazz/InventoryItem/M45.lua: Активный generated companion отсутствует в metadata.code.
ERROR [jazz] tmp/integration-20260916/audit-suite/jazz/InventoryItem/M4A1.lua: Активный generated companion отсутствует в metadata.code.
ERROR [jazz] tmp/integration-20260916/audit-suite/jazz/InventoryItem/M4Commando.lua: Активный generated companion отсутствует в metadata.code.
ERROR [jazz] tmp/integration-20260916/audit-suite/jazz/InventoryItem/M60.lua: Активный generated companion отсутствует в metadata.code.
ERROR [jazz] tmp/integration-20260916/audit-suite/jazz/InventoryItem/M60E3.lua: Активный generated companion отсутствует в metadata.code.
ERROR [jazz] tmp/integration-20260916/audit-suite/jazz/InventoryItem/M60E4.lua: Активный generated companion отсутствует в metadata.code.
ERROR [jazz] tmp/integration-20260916/audit-suite/jazz/InventoryItem/M700.lua: Активный generated companion отсутствует в metadata.code.
ERROR [jazz] tmp/integration-20260916/audit-suite/jazz/InventoryItem/M72LAW.lua: Активный generated companion отсутствует в metadata.code.
ERROR [jazz] tmp/integration-20260916/audit-suite/jazz/InventoryItem/M79.lua: Активный generated companion отсутствует в metadata.code.
ERROR [jazz] tmp/integration-20260916/audit-suite/jazz/InventoryItem/MAC10.lua: Активный generated companion отсутствует в metadata.code.
ERROR [jazz] tmp/integration-20260916/audit-suite/jazz/InventoryItem/MAC1950.lua: Активный generated companion отсутствует в metadata.code.
ERROR [jazz] tmp/integration-20260916/audit-suite/jazz/InventoryItem/MAC2429.lua: Активный generated companion отсутствует в metadata.code.
ERROR [jazz] tmp/integration-20260916/audit-suite/jazz/InventoryItem/Machete_Balanced.lua: Активный generated companion отсутствует в metadata.code.
ERROR [jazz] tmp/integration-20260916/audit-suite/jazz/InventoryItem/Machete_Sharpened.lua: Активный generated companion отсутствует в metadata.code.
ERROR [jazz] tmp/integration-20260916/audit-suite/jazz/InventoryItem/Machete.lua: Активный generated companion отсутствует в metadata.code.
ERROR [jazz] tmp/integration-20260916/audit-suite/jazz/InventoryItem/Makarov.lua: Активный generated companion отсутствует в metadata.code.
ERROR [jazz] tmp/integration-20260916/audit-suite/jazz/InventoryItem/MAS36.lua: Активный generated companion отсутствует в metadata.code.
ERROR [jazz] tmp/integration-20260916/audit-suite/jazz/InventoryItem/MAS49.lua: Активный generated companion отсутствует в metadata.code.
ERROR [jazz] tmp/integration-20260916/audit-suite/jazz/InventoryItem/MAT49.lua: Активный generated companion отсутствует в metadata.code.
ERROR [jazz] tmp/integration-20260916/audit-suite/jazz/InventoryItem/MedicalReport.lua: Активный generated companion отсутствует в metadata.code.
ERROR [jazz] tmp/integration-20260916/audit-suite/jazz/InventoryItem/Medkit.lua: Активный generated companion отсутствует в metadata.code.
ERROR [jazz] tmp/integration-20260916/audit-suite/jazz/InventoryItem/Meds.lua: Активный generated companion отсутствует в metadata.code.
ERROR [jazz] tmp/integration-20260916/audit-suite/jazz/InventoryItem/MetaviraShot.lua: Активный generated companion отсутствует в metadata.code.
ERROR [jazz] tmp/integration-20260916/audit-suite/jazz/InventoryItem/MG42.lua: Активный generated companion отсутствует в metadata.code.
ERROR [jazz] tmp/integration-20260916/audit-suite/jazz/InventoryItem/MG58.lua: Активный generated companion отсутствует в metadata.code.
ERROR [jazz] tmp/integration-20260916/audit-suite/jazz/InventoryItem/MGL.lua: Активный generated companion отсутствует в metadata.code.
ERROR [jazz] tmp/integration-20260916/audit-suite/jazz/InventoryItem/Microchip.lua: Активный generated companion отсутствует в metadata.code.
ERROR [jazz] tmp/integration-20260916/audit-suite/jazz/InventoryItem/MicroUZI.lua: Активный generated companion отсутствует в metadata.code.
ERROR [jazz] tmp/integration-20260916/audit-suite/jazz/InventoryItem/Mini14.lua: Активный generated companion отсутствует в metadata.code.
ERROR [jazz] tmp/integration-20260916/audit-suite/jazz/InventoryItem/Molotov.lua: Активный generated companion отсутствует в metadata.code.
ERROR [jazz] tmp/integration-20260916/audit-suite/jazz/InventoryItem/MortarInventoryItem.lua: Активный generated companion отсутствует в metadata.code.
ERROR [jazz] tmp/integration-20260916/audit-suite/jazz/InventoryItem/MortarShell_Gas.lua: Активный generated companion отсутствует в metadata.code.
ERROR [jazz] tmp/integration-20260916/audit-suite/jazz/InventoryItem/MortarShell_HE.lua: Активный generated companion отсутствует в metadata.code.
ERROR [jazz] tmp/integration-20260916/audit-suite/jazz/InventoryItem/MortarShell_Smoke.lua: Активный generated companion отсутствует в metadata.code.
ERROR [jazz] tmp/integration-20260916/audit-suite/jazz/InventoryItem/Mosin.lua: Активный generated companion отсутствует в metadata.code.
ERROR [jazz] tmp/integration-20260916/audit-suite/jazz/InventoryItem/MP40.lua: Активный generated companion отсутствует в metadata.code.
ERROR [jazz] tmp/integration-20260916/audit-suite/jazz/InventoryItem/MP446VIKING.lua: Активный generated companion отсутствует в metadata.code.
ERROR [jazz] tmp/integration-20260916/audit-suite/jazz/InventoryItem/MP5.lua: Активный generated companion отсутствует в metadata.code.
ERROR [jazz] tmp/integration-20260916/audit-suite/jazz/InventoryItem/MP5A2.lua: Активный generated companion отсутствует в metadata.code.
ERROR [jazz] tmp/integration-20260916/audit-suite/jazz/InventoryItem/MP5A4.lua: Активный generated companion отсутствует в metadata.code.
ERROR [jazz] tmp/integration-20260916/audit-suite/jazz/InventoryItem/MP5K.lua: Активный generated companion отсутствует в metadata.code.
ERROR [jazz] tmp/integration-20260916/audit-suite/jazz/InventoryItem/MP5SD.lua: Активный generated companion отсутствует в metadata.code.
ERROR [jazz] tmp/integration-20260916/audit-suite/jazz/InventoryItem/MP7.lua: Активный generated companion отсутствует в metadata.code.
ERROR [jazz] tmp/integration-20260916/audit-suite/jazz/InventoryItem/MPL.lua: Активный generated companion отсутствует в metadata.code.
ERROR [jazz] tmp/integration-20260916/audit-suite/jazz/InventoryItem/MR73.lua: Активный generated companion отсутствует в metadata.code.
ERROR [jazz] tmp/integration-20260916/audit-suite/jazz/InventoryItem/NailsLeatherVest.lua: Активный generated companion отсутствует в metadata.code.
ERROR [jazz] tmp/integration-20260916/audit-suite/jazz/InventoryItem/NightVisionGoggles.lua: Активный generated companion отсутствует в metadata.code.
ERROR [jazz] tmp/integration-20260916/audit-suite/jazz/InventoryItem/OilFilter.lua: Активный generated companion отсутствует в metadata.code.
ERROR [jazz] tmp/integration-20260916/audit-suite/jazz/InventoryItem/OpticalLens.lua: Активный generated companion отсутствует в metadata.code.
ERROR [jazz] tmp/integration-20260916/audit-suite/jazz/InventoryItem/P210.lua: Активный generated companion отсутствует в metadata.code.
ERROR [jazz] tmp/integration-20260916/audit-suite/jazz/InventoryItem/P220.lua: Активный generated companion отсутствует в metadata.code.
ERROR [jazz] tmp/integration-20260916/audit-suite/jazz/InventoryItem/P226.lua: Активный generated companion отсутствует в metadata.code.
ERROR [jazz] tmp/integration-20260916/audit-suite/jazz/InventoryItem/P38.lua: Активный generated companion отсутствует в metadata.code.
ERROR [jazz] tmp/integration-20260916/audit-suite/jazz/InventoryItem/P90.lua: Активный generated companion отсутствует в metadata.code.
ERROR [jazz] tmp/integration-20260916/audit-suite/jazz/InventoryItem/PaBaggzWill.lua: Активный generated companion отсутствует в metadata.code.
ERROR [jazz] tmp/integration-20260916/audit-suite/jazz/InventoryItem/Pamphlets_LysRouge.lua: Активный generated companion отсутствует в metadata.code.
ERROR [jazz] tmp/integration-20260916/audit-suite/jazz/InventoryItem/Pamphlets.lua: Активный generated companion отсутствует в metadata.code.
ERROR [jazz] tmp/integration-20260916/audit-suite/jazz/InventoryItem/Parts.lua: Активный generated companion отсутствует в metadata.code.
ERROR [jazz] tmp/integration-20260916/audit-suite/jazz/InventoryItem/PB.lua: Активный generated companion отсутствует в metadata.code.
ERROR [jazz] tmp/integration-20260916/audit-suite/jazz/InventoryItem/Personal_Vicki_CustomTools.lua: Активный generated companion отсутствует в metadata.code.
ERROR [jazz] tmp/integration-20260916/audit-suite/jazz/InventoryItem/PETN.lua: Активный generated companion отсутствует в metadata.code.
ERROR [jazz] tmp/integration-20260916/audit-suite/jazz/InventoryItem/PierreMachete.lua: Активный generated companion отсутствует в metadata.code.
ERROR [jazz] tmp/integration-20260916/audit-suite/jazz/InventoryItem/PipeBomb.lua: Активный generated companion отсутствует в metadata.code.
ERROR [jazz] tmp/integration-20260916/audit-suite/jazz/InventoryItem/PKM.lua: Активный generated companion отсутствует в metadata.code.
ERROR [jazz] tmp/integration-20260916/audit-suite/jazz/InventoryItem/PlasmaGun_Crowbar.lua: Активный generated companion отсутствует в metadata.code.
ERROR [jazz] tmp/integration-20260916/audit-suite/jazz/InventoryItem/PostApoHelmet.lua: Активный generated companion отсутствует в metadata.code.
ERROR [jazz] tmp/integration-20260916/audit-suite/jazz/InventoryItem/PP19Bizon.lua: Активный generated companion отсутствует в metadata.code.
ERROR [jazz] tmp/integration-20260916/audit-suite/jazz/InventoryItem/PPS43.lua: Активный generated companion отсутствует в metadata.code.
ERROR [jazz] tmp/integration-20260916/audit-suite/jazz/InventoryItem/PPSH.lua: Активный generated companion отсутствует в metadata.code.
ERROR [jazz] tmp/integration-20260916/audit-suite/jazz/InventoryItem/ProximityC4.lua: Активный generated companion отсутствует в metadata.code.
ERROR [jazz] tmp/integration-20260916/audit-suite/jazz/InventoryItem/ProximityPETN.lua: Активный generated companion отсутствует в metadata.code.
ERROR [jazz] tmp/integration-20260916/audit-suite/jazz/InventoryItem/ProximityTNT.lua: Активный generated companion отсутствует в metadata.code.
ERROR [jazz] tmp/integration-20260916/audit-suite/jazz/InventoryItem/PSG1.lua: Активный generated companion отсутствует в metadata.code.
ERROR [jazz] tmp/integration-20260916/audit-suite/jazz/InventoryItem/R870.lua: Активный generated companion отсутствует в metadata.code.
ERROR [jazz] tmp/integration-20260916/audit-suite/jazz/InventoryItem/Reanimationsset.lua: Активный generated companion отсутствует в metadata.code.
ERROR [jazz] tmp/integration-20260916/audit-suite/jazz/InventoryItem/RemoteC4.lua: Активный generated companion отсутствует в metadata.code.
ERROR [jazz] tmp/integration-20260916/audit-suite/jazz/InventoryItem/RemotePETN.lua: Активный generated companion отсутствует в metadata.code.
ERROR [jazz] tmp/integration-20260916/audit-suite/jazz/InventoryItem/RemoteTNT.lua: Активный generated companion отсутствует в metadata.code.
ERROR [jazz] tmp/integration-20260916/audit-suite/jazz/InventoryItem/RPD.lua: Активный generated companion отсутствует в metadata.code.
ERROR [jazz] tmp/integration-20260916/audit-suite/jazz/InventoryItem/RPG7.lua: Активный generated companion отсутствует в metadata.code.
ERROR [jazz] tmp/integration-20260916/audit-suite/jazz/InventoryItem/RPK.lua: Активный generated companion отсутствует в metadata.code.
ERROR [jazz] tmp/integration-20260916/audit-suite/jazz/InventoryItem/RPK74.lua: Активный generated companion отсутствует в metadata.code.
ERROR [jazz] tmp/integration-20260916/audit-suite/jazz/InventoryItem/RSH12.lua: Активный generated companion отсутствует в metadata.code.
ERROR [jazz] tmp/integration-20260916/audit-suite/jazz/InventoryItem/Scorpion.lua: Активный generated companion отсутствует в metadata.code.
ERROR [jazz] tmp/integration-20260916/audit-suite/jazz/InventoryItem/ScoutSniper.lua: Активный generated companion отсутствует в metadata.code.
ERROR [jazz] tmp/integration-20260916/audit-suite/jazz/InventoryItem/ShamanHelmet.lua: Активный generated companion отсутствует в metadata.code.
ERROR [jazz] tmp/integration-20260916/audit-suite/jazz/InventoryItem/ShamanLeggings.lua: Активный generated companion отсутствует в metadata.code.
ERROR [jazz] tmp/integration-20260916/audit-suite/jazz/InventoryItem/ShamanTorso.lua: Активный generated companion отсутствует в metadata.code.
ERROR [jazz] tmp/integration-20260916/audit-suite/jazz/InventoryItem/ShapedCharge.lua: Активный generated companion отсутствует в metadata.code.
ERROR [jazz] tmp/integration-20260916/audit-suite/jazz/InventoryItem/Sig550.lua: Активный generated companion отсутствует в metadata.code.
ERROR [jazz] tmp/integration-20260916/audit-suite/jazz/InventoryItem/Sig550Custom.lua: Активный generated companion отсутствует в metadata.code.
ERROR [jazz] tmp/integration-20260916/audit-suite/jazz/InventoryItem/Sig552.lua: Активный generated companion отсутствует в metadata.code.
ERROR [jazz] tmp/integration-20260916/audit-suite/jazz/InventoryItem/Sig552SWAT.lua: Активный generated companion отсутствует в metadata.code.
ERROR [jazz] tmp/integration-20260916/audit-suite/jazz/InventoryItem/SkillMag_Agility.lua: Активный generated companion отсутствует в metadata.code.
ERROR [jazz] tmp/integration-20260916/audit-suite/jazz/InventoryItem/SkillMag_Dexterity.lua: Активный generated companion отсутствует в metadata.code.
ERROR [jazz] tmp/integration-20260916/audit-suite/jazz/InventoryItem/SkillMag_Explosives.lua: Активный generated companion отсутствует в metadata.code.
ERROR [jazz] tmp/integration-20260916/audit-suite/jazz/InventoryItem/SkillMag_Health.lua: Активный generated companion отсутствует в metadata.code.
ERROR [jazz] tmp/integration-20260916/audit-suite/jazz/InventoryItem/SkillMag_Leadership.lua: Активный generated companion отсутствует в metadata.code.
ERROR [jazz] tmp/integration-20260916/audit-suite/jazz/InventoryItem/SkillMag_Marksmanship.lua: Активный generated companion отсутствует в metadata.code.
ERROR [jazz] tmp/integration-20260916/audit-suite/jazz/InventoryItem/SkillMag_Mechanical.lua: Активный generated companion отсутствует в metadata.code.
ERROR [jazz] tmp/integration-20260916/audit-suite/jazz/InventoryItem/SkillMag_Medical.lua: Активный generated companion отсутствует в metadata.code.
ERROR [jazz] tmp/integration-20260916/audit-suite/jazz/InventoryItem/SkillMag_Strength.lua: Активный generated companion отсутствует в metadata.code.
ERROR [jazz] tmp/integration-20260916/audit-suite/jazz/InventoryItem/SkillMag_Wisdom.lua: Активный generated companion отсутствует в metadata.code.
ERROR [jazz] tmp/integration-20260916/audit-suite/jazz/InventoryItem/SKS.lua: Активный generated companion отсутствует в metadata.code.
ERROR [jazz] tmp/integration-20260916/audit-suite/jazz/InventoryItem/SmokeGrenade.lua: Активный generated companion отсутствует в metadata.code.
ERROR [jazz] tmp/integration-20260916/audit-suite/jazz/InventoryItem/SPAS12.lua: Активный generated companion отсутствует в metadata.code.
ERROR [jazz] tmp/integration-20260916/audit-suite/jazz/InventoryItem/SpectreM4.lua: Активный generated companion отсутствует в metadata.code.
ERROR [jazz] tmp/integration-20260916/audit-suite/jazz/InventoryItem/Springfield.lua: Активный generated companion отсутствует в metadata.code.
ERROR [jazz] tmp/integration-20260916/audit-suite/jazz/InventoryItem/SR3M.lua: Активный generated companion отсутствует в metadata.code.
ERROR [jazz] tmp/integration-20260916/audit-suite/jazz/InventoryItem/Sterling.lua: Активный generated companion отсутствует в metadata.code.
ERROR [jazz] tmp/integration-20260916/audit-suite/jazz/InventoryItem/STG44.lua: Активный generated companion отсутствует в metadata.code.
ERROR [jazz] tmp/integration-20260916/audit-suite/jazz/InventoryItem/Stoeger.lua: Активный generated companion отсутствует в metadata.code.
ERROR [jazz] tmp/integration-20260916/audit-suite/jazz/InventoryItem/Striker.lua: Активный generated companion отсутствует в metadata.code.
ERROR [jazz] tmp/integration-20260916/audit-suite/jazz/InventoryItem/Suppressor_Rifle.lua: Активный generated companion отсутствует в metadata.code.
ERROR [jazz] tmp/integration-20260916/audit-suite/jazz/InventoryItem/Suppressor.lua: Активный generated companion отсутствует в metadata.code.
ERROR [jazz] tmp/integration-20260916/audit-suite/jazz/InventoryItem/SVT40.lua: Активный generated companion отсутствует в metadata.code.
ERROR [jazz] tmp/integration-20260916/audit-suite/jazz/InventoryItem/SVU.lua: Активный generated companion отсутствует в metadata.code.
ERROR [jazz] tmp/integration-20260916/audit-suite/jazz/InventoryItem/SWModel10.lua: Активный generated companion отсутствует в metadata.code.
ERROR [jazz] tmp/integration-20260916/audit-suite/jazz/InventoryItem/SWModel19.lua: Активный generated companion отсутствует в metadata.code.
ERROR [jazz] tmp/integration-20260916/audit-suite/jazz/InventoryItem/SWModel29.lua: Активный generated companion отсутствует в metadata.code.
ERROR [jazz] tmp/integration-20260916/audit-suite/jazz/InventoryItem/SWModel52.lua: Активный generated companion отсутствует в metadata.code.
ERROR [jazz] tmp/integration-20260916/audit-suite/jazz/InventoryItem/SWModel5906.lua: Активный generated companion отсутствует в metadata.code.
ERROR [jazz] tmp/integration-20260916/audit-suite/jazz/InventoryItem/TearGasGrenade.lua: Активный generated companion отсутствует в metadata.code.
ERROR [jazz] tmp/integration-20260916/audit-suite/jazz/InventoryItem/Ted.lua: Активный generated companion отсутствует в metadata.code.
ERROR [jazz] tmp/integration-20260916/audit-suite/jazz/InventoryItem/TexRevolver.lua: Активный generated companion отсутствует в metadata.code.
ERROR [jazz] tmp/integration-20260916/audit-suite/jazz/InventoryItem/Thompson.lua: Активный generated companion отсутствует в metadata.code.
ERROR [jazz] tmp/integration-20260916/audit-suite/jazz/InventoryItem/TimedC4.lua: Активный generated companion отсутствует в metadata.code.
ERROR [jazz] tmp/integration-20260916/audit-suite/jazz/InventoryItem/TimedPETN.lua: Активный generated companion отсутствует в metadata.code.
ERROR [jazz] tmp/integration-20260916/audit-suite/jazz/InventoryItem/TimedTNT.lua: Активный generated companion отсутствует в metadata.code.
ERROR [jazz] tmp/integration-20260916/audit-suite/jazz/InventoryItem/TMP.lua: Активный generated companion отсутствует в metadata.code.
ERROR [jazz] tmp/integration-20260916/audit-suite/jazz/InventoryItem/TNT.lua: Активный generated companion отсутствует в metadata.code.
ERROR [jazz] tmp/integration-20260916/audit-suite/jazz/InventoryItem/ToxicGasGrenade.lua: Активный generated companion отсутствует в metadata.code.
ERROR [jazz] tmp/integration-20260916/audit-suite/jazz/InventoryItem/Trench_Shovel.lua: Активный generated companion отсутствует в metadata.code.
ERROR [jazz] tmp/integration-20260916/audit-suite/jazz/InventoryItem/Trophy.lua: Активный generated companion отсутствует в metadata.code.
ERROR [jazz] tmp/integration-20260916/audit-suite/jazz/InventoryItem/TT33.lua: Активный generated companion отсутствует в metadata.code.
ERROR [jazz] tmp/integration-20260916/audit-suite/jazz/InventoryItem/Type56.lua: Активный generated companion отсутствует в metadata.code.
ERROR [jazz] tmp/integration-20260916/audit-suite/jazz/InventoryItem/U100.lua: Активный generated companion отсутствует в metadata.code.
ERROR [jazz] tmp/integration-20260916/audit-suite/jazz/InventoryItem/UMP45.lua: Активный generated companion отсутствует в metadata.code.
ERROR [jazz] tmp/integration-20260916/audit-suite/jazz/InventoryItem/Unarmed.lua: Активный generated companion отсутствует в metadata.code.
ERROR [jazz] tmp/integration-20260916/audit-suite/jazz/InventoryItem/UnderslungGrenadeLauncher.lua: Активный generated companion отсутствует в metadata.code.
ERROR [jazz] tmp/integration-20260916/audit-suite/jazz/InventoryItem/US_Passport.lua: Активный generated companion отсутствует в metadata.code.
ERROR [jazz] tmp/integration-20260916/audit-suite/jazz/InventoryItem/USAS12.lua: Активный generated companion отсутствует в metadata.code.
ERROR [jazz] tmp/integration-20260916/audit-suite/jazz/InventoryItem/USP45.lua: Активный generated companion отсутствует в metadata.code.
ERROR [jazz] tmp/integration-20260916/audit-suite/jazz/InventoryItem/UZI.lua: Активный generated companion отсутствует в metadata.code.
ERROR [jazz] tmp/integration-20260916/audit-suite/jazz/InventoryItem/VectorCP1.lua: Активный generated companion отсутствует в metadata.code.
ERROR [jazz] tmp/integration-20260916/audit-suite/jazz/InventoryItem/Vest_test.lua: Активный generated companion отсутствует в metadata.code.
ERROR [jazz] tmp/integration-20260916/audit-suite/jazz/InventoryItem/VirusSample.lua: Активный generated companion отсутствует в metadata.code.
ERROR [jazz] tmp/integration-20260916/audit-suite/jazz/InventoryItem/VSS.lua: Активный generated companion отсутствует в metadata.code.
ERROR [jazz] tmp/integration-20260916/audit-suite/jazz/InventoryItem/Warhead_Frag.lua: Активный generated companion отсутствует в metadata.code.
ERROR [jazz] tmp/integration-20260916/audit-suite/jazz/InventoryItem/Webley.lua: Активный generated companion отсутствует в metadata.code.
ERROR [jazz] tmp/integration-20260916/audit-suite/jazz/InventoryItem/WeirdosMap.lua: Активный generated companion отсутствует в metadata.code.
ERROR [jazz] tmp/integration-20260916/audit-suite/jazz/InventoryItem/Welrod.lua: Активный generated companion отсутствует в metadata.code.
ERROR [jazz] tmp/integration-20260916/audit-suite/jazz/InventoryItem/Wig.lua: Активный generated companion отсутствует в metadata.code.
ERROR [jazz] tmp/integration-20260916/audit-suite/jazz/InventoryItem/Winchester_Quest.lua: Активный generated companion отсутствует в metadata.code.
ERROR [jazz] tmp/integration-20260916/audit-suite/jazz/InventoryItem/Winchester1894.lua: Активный generated companion отсутствует в metadata.code.
ERROR [jazz] tmp/integration-20260916/audit-suite/jazz/InventoryItem/Wirecutter.lua: Активный generated companion отсутствует в metadata.code.
ERROR [jazz] tmp/integration-20260916/audit-suite/jazz/InventoryItem/WorkerDiary.lua: Активный generated companion отсутствует в metadata.code.
ERROR [jazz] tmp/integration-20260916/audit-suite/jazz/InventoryItem/WriterDiary.lua: Активный generated companion отсутствует в metadata.code.
ERROR [jazz] tmp/integration-20260916/audit-suite/jazz/InventoryItem/WriterLetter.lua: Активный generated companion отсутствует в metadata.code.
ERROR [jazz] tmp/integration-20260916/audit-suite/jazz/InventoryItem/WriterPage.lua: Активный generated companion отсутствует в metadata.code.
ERROR [jazz] tmp/integration-20260916/audit-suite/jazz/InventoryItem/Zastava_M70.lua: Активный generated companion отсутствует в metadata.code.
ERROR [jazz] tmp/integration-20260916/audit-suite/jazz/InventoryItem/ZastavaM76.lua: Активный generated companion отсутствует в metadata.code.
ERROR [jazz] tmp/integration-20260916/audit-suite/jazz/InventoryItem/ZastavaM92.lua: Активный generated companion отсутствует в metadata.code.
ERROR [jazz] tmp/integration-20260916/audit-suite/jazz/InventoryItem/vanillunique/Auto5_quest.lua: Активный generated companion отсутствует в metadata.code.
ERROR [jazz] tmp/integration-20260916/audit-suite/jazz/InventoryItem/vanillunique/Galil_FlagHill.lua: Активный generated companion отсутствует в metadata.code.
ERROR [jazz] tmp/integration-20260916/audit-suite/jazz/InventoryItem/vanillunique/GoldenGun.lua: Активный generated companion отсутствует в metadata.code.
ERROR [jazz] tmp/integration-20260916/audit-suite/jazz/InventoryItem/vanillunique/LionRoar.lua: Активный generated companion отсутствует в metadata.code.
ERROR [jazz] tmp/integration-20260916/audit-suite/jazz/InventoryItem/vanillunique/TexRevolver.lua: Активный generated companion отсутствует в metadata.code.
ERROR [jazz] tmp/integration-20260916/audit-suite/jazz/InventoryItem/vanillunique/Winchester_Quest.lua: Активный generated companion отсутствует в metadata.code.
ERROR [jazz] tmp/integration-20260916/baseline-suite/jazz/CharacterEffect/Analgesia.lua: Активный generated companion отсутствует в metadata.code.
ERROR [jazz] tmp/integration-20260916/baseline-suite/jazz/CharacterEffect/Armsshot.lua: Активный generated companion отсутствует в metadata.code.
ERROR [jazz] tmp/integration-20260916/baseline-suite/jazz/CharacterEffect/AutoWeapons.lua: Активный generated companion отсутствует в metadata.code.
ERROR [jazz] tmp/integration-20260916/baseline-suite/jazz/CharacterEffect/BandageInCombat.lua: Активный generated companion отсутствует в metadata.code.
ERROR [jazz] tmp/integration-20260916/baseline-suite/jazz/CharacterEffect/BipodUnfolded.lua: Активный generated companion отсутствует в metadata.code.
ERROR [jazz] tmp/integration-20260916/baseline-suite/jazz/CharacterEffect/Bleeding.lua: Активный generated companion отсутствует в metadata.code.
ERROR [jazz] tmp/integration-20260916/baseline-suite/jazz/CharacterEffect/BleedingChance.lua: Активный generated companion отсутствует в metadata.code.
ERROR [jazz] tmp/integration-20260916/baseline-suite/jazz/CharacterEffect/BleedingHeavy.lua: Активный generated companion отсутствует в metadata.code.
ERROR [jazz] tmp/integration-20260916/baseline-suite/jazz/CharacterEffect/BleedingMedium.lua: Активный generated companion отсутствует в metadata.code.
ERROR [jazz] tmp/integration-20260916/baseline-suite/jazz/CharacterEffect/BleedingOut.lua: Активный generated companion отсутствует в metadata.code.
ERROR [jazz] tmp/integration-20260916/baseline-suite/jazz/CharacterEffect/Blinded.lua: Активный generated companion отсутствует в metadata.code.
ERROR [jazz] tmp/integration-20260916/baseline-suite/jazz/CharacterEffect/BloodLoss1.lua: Активный generated companion отсутствует в metadata.code.
ERROR [jazz] tmp/integration-20260916/baseline-suite/jazz/CharacterEffect/BloodLoss10.lua: Активный generated companion отсутствует в metadata.code.
ERROR [jazz] tmp/integration-20260916/baseline-suite/jazz/CharacterEffect/BloodLoss20.lua: Активный generated companion отсутствует в metadata.code.
ERROR [jazz] tmp/integration-20260916/baseline-suite/jazz/CharacterEffect/BloodLoss30.lua: Активный generated companion отсутствует в metadata.code.
ERROR [jazz] tmp/integration-20260916/baseline-suite/jazz/CharacterEffect/BloodLoss40.lua: Активный generated companion отсутствует в metadata.code.
ERROR [jazz] tmp/integration-20260916/baseline-suite/jazz/CharacterEffect/BloodLoss5.lua: Активный generated companion отсутствует в metadata.code.
ERROR [jazz] tmp/integration-20260916/baseline-suite/jazz/CharacterEffect/BloodLoss50.lua: Активный generated companion отсутствует в metadata.code.
ERROR [jazz] tmp/integration-20260916/baseline-suite/jazz/CharacterEffect/Bond.lua: Активный generated companion отсутствует в metadata.code.
ERROR [jazz] tmp/integration-20260916/baseline-suite/jazz/CharacterEffect/BuildingConfidence.lua: Активный generated companion отсутствует в metadata.code.
ERROR [jazz] tmp/integration-20260916/baseline-suite/jazz/CharacterEffect/BulletHell.lua: Активный generated companion отсутствует в metadata.code.
ERROR [jazz] tmp/integration-20260916/baseline-suite/jazz/CharacterEffect/Burning.lua: Активный generated companion отсутствует в metadata.code.
ERROR [jazz] tmp/integration-20260916/baseline-suite/jazz/CharacterEffect/Choking.lua: Активный generated companion отсутствует в metadata.code.
ERROR [jazz] tmp/integration-20260916/baseline-suite/jazz/CharacterEffect/Claustrophobic.lua: Активный generated companion отсутствует в metadata.code.
ERROR [jazz] tmp/integration-20260916/baseline-suite/jazz/CharacterEffect/Concussion.lua: Активный generated companion отсутствует в metadata.code.
ERROR [jazz] tmp/integration-20260916/baseline-suite/jazz/CharacterEffect/DamageReduction.lua: Активный generated companion отсутствует в metadata.code.
ERROR [jazz] tmp/integration-20260916/baseline-suite/jazz/CharacterEffect/DangerClose.lua: Активный generated companion отсутствует в metadata.code.
ERROR [jazz] tmp/integration-20260916/baseline-suite/jazz/CharacterEffect/DesignerExplosives.lua: Активный generated companion отсутствует в metadata.code.
ERROR [jazz] tmp/integration-20260916/baseline-suite/jazz/CharacterEffect/Drunk.lua: Активный generated companion отсутствует в metadata.code.
ERROR [jazz] tmp/integration-20260916/baseline-suite/jazz/CharacterEffect/Exhausted.lua: Активный generated companion отсутствует в metadata.code.
ERROR [jazz] tmp/integration-20260916/baseline-suite/jazz/CharacterEffect/ExplodingPalm.lua: Активный generated companion отсутствует в metadata.code.
ERROR [jazz] tmp/integration-20260916/baseline-suite/jazz/CharacterEffect/Fatigued.lua: Активный generated companion отсутствует в metadata.code.
ERROR [jazz] tmp/integration-20260916/baseline-suite/jazz/CharacterEffect/Fit.lua: Активный generated companion отсутствует в metadata.code.
ERROR [jazz] tmp/integration-20260916/baseline-suite/jazz/CharacterEffect/FreeMove.lua: Активный generated companion отсутствует в metadata.code.
ERROR [jazz] tmp/integration-20260916/baseline-suite/jazz/CharacterEffect/GloryHog.lua: Активный generated companion отсутствует в metadata.code.
ERROR [jazz] tmp/integration-20260916/baseline-suite/jazz/CharacterEffect/GrizzlyPerk.lua: Активный generated companion отсутствует в metadata.code.
ERROR [jazz] tmp/integration-20260916/baseline-suite/jazz/CharacterEffect/Groinshot.lua: Активный generated companion отсутствует в metadata.code.
ERROR [jazz] tmp/integration-20260916/baseline-suite/jazz/CharacterEffect/Grunty_AdditionalAP.lua: Активный generated companion отсутствует в metadata.code.
ERROR [jazz] tmp/integration-20260916/baseline-suite/jazz/CharacterEffect/GruntyPerk_JAZZ.lua: Активный generated companion отсутствует в metadata.code.
ERROR [jazz] tmp/integration-20260916/baseline-suite/jazz/CharacterEffect/GruntyPerk.lua: Активный generated companion отсутствует в metadata.code.
ERROR [jazz] tmp/integration-20260916/baseline-suite/jazz/CharacterEffect/HaveABlast.lua: Активный generated companion отсутствует в metadata.code.
ERROR [jazz] tmp/integration-20260916/baseline-suite/jazz/CharacterEffect/HawksEye.lua: Активный generated companion отсутствует в metadata.code.
ERROR [jazz] tmp/integration-20260916/baseline-suite/jazz/CharacterEffect/Headshot.lua: Активный generated companion отсутствует в metadata.code.
ERROR [jazz] tmp/integration-20260916/baseline-suite/jazz/CharacterEffect/HeavyWeaponsTraining.lua: Активный generated companion отсутствует в metadata.code.
ERROR [jazz] tmp/integration-20260916/baseline-suite/jazz/CharacterEffect/Hemophobic.lua: Активный generated companion отсутствует в metadata.code.
ERROR [jazz] tmp/integration-20260916/baseline-suite/jazz/CharacterEffect/Inaccurate.lua: Активный generated companion отсутствует в metadata.code.
ERROR [jazz] tmp/integration-20260916/baseline-suite/jazz/CharacterEffect/InnerInfo_JAZZ.lua: Активный generated companion отсутствует в metadata.code.
ERROR [jazz] tmp/integration-20260916/baseline-suite/jazz/CharacterEffect/InnerInfo.lua: Активный generated companion отсутствует в metadata.code.
ERROR [jazz] tmp/integration-20260916/baseline-suite/jazz/CharacterEffect/Ironclad.lua: Активный generated companion отсутствует в metadata.code.
ERROR [jazz] tmp/integration-20260916/baseline-suite/jazz/CharacterEffect/JackOfAllTrades.lua: Активный generated companion отсутствует в metadata.code.
ERROR [jazz] tmp/integration-20260916/baseline-suite/jazz/CharacterEffect/Jazz_CombatMedicBuff.lua: Активный generated companion отсутствует в metadata.code.
ERROR [jazz] tmp/integration-20260916/baseline-suite/jazz/CharacterEffect/Jazz_MakeThemBleedBuff.lua: Активный generated companion отсутствует в metadata.code.
ERROR [jazz] tmp/integration-20260916/baseline-suite/jazz/CharacterEffect/Jazz_MiguelAuraDown.lua: Активный generated companion отсутствует в metadata.code.
ERROR [jazz] tmp/integration-20260916/baseline-suite/jazz/CharacterEffect/Jazz_MiguelAuraUp.lua: Активный generated companion отсутствует в metadata.code.
ERROR [jazz] tmp/integration-20260916/baseline-suite/jazz/CharacterEffect/Jazz_OrderAP.lua: Активный generated companion отсутствует в metadata.code.
ERROR [jazz] tmp/integration-20260916/baseline-suite/jazz/CharacterEffect/Jazz_OrderCTH.lua: Активный generated companion отсутствует в metadata.code.
ERROR [jazz] tmp/integration-20260916/baseline-suite/jazz/CharacterEffect/Jazz_Perk_00.lua: Активный generated companion отсутствует в metadata.code.
ERROR [jazz] tmp/integration-20260916/baseline-suite/jazz/CharacterEffect/Jazz_Perk_Allik.lua: Активный generated companion отсутствует в metadata.code.
ERROR [jazz] tmp/integration-20260916/baseline-suite/jazz/CharacterEffect/Jazz_Perk_Benny.lua: Активный generated companion отсутствует в metadata.code.
ERROR [jazz] tmp/integration-20260916/baseline-suite/jazz/CharacterEffect/Jazz_Perk_Biff.lua: Активный generated companion отсутствует в metadata.code.
ERROR [jazz] tmp/integration-20260916/baseline-suite/jazz/CharacterEffect/Jazz_Perk_Biggens.lua: Активный generated companion отсутствует в metadata.code.
ERROR [jazz] tmp/integration-20260916/baseline-suite/jazz/CharacterEffect/Jazz_Perk_Blade.lua: Активный generated companion отсутствует в metadata.code.
ERROR [jazz] tmp/integration-20260916/baseline-suite/jazz/CharacterEffect/Jazz_Perk_Bull.lua: Активный generated companion отсутствует в metadata.code.
ERROR [jazz] tmp/integration-20260916/baseline-suite/jazz/CharacterEffect/Jazz_Perk_Buzz.lua: Активный generated companion отсутствует в metadata.code.
ERROR [jazz] tmp/integration-20260916/baseline-suite/jazz/CharacterEffect/Jazz_Perk_Carlos.lua: Активный generated companion отсутствует в metadata.code.
ERROR [jazz] tmp/integration-20260916/baseline-suite/jazz/CharacterEffect/Jazz_Perk_Colby.lua: Активный generated companion отсутствует в metadata.code.
ERROR [jazz] tmp/integration-20260916/baseline-suite/jazz/CharacterEffect/Jazz_Perk_Conrad.lua: Активный generated companion отсутствует в metadata.code.
ERROR [jazz] tmp/integration-20260916/baseline-suite/jazz/CharacterEffect/Jazz_Perk_Cord.lua: Активный generated companion отсутствует в metadata.code.
ERROR [jazz] tmp/integration-20260916/baseline-suite/jazz/CharacterEffect/Jazz_Perk_Cougar.lua: Активный generated companion отсутствует в metadata.code.
ERROR [jazz] tmp/integration-20260916/baseline-suite/jazz/CharacterEffect/Jazz_Perk_Devin.lua: Активный generated companion отсутствует в metadata.code.
ERROR [jazz] tmp/integration-20260916/baseline-suite/jazz/CharacterEffect/Jazz_Perk_Dimitri.lua: Активный generated companion отсутствует в metadata.code.
ERROR [jazz] tmp/integration-20260916/baseline-suite/jazz/CharacterEffect/Jazz_Perk_Dynamo.lua: Активный generated companion отсутствует в metadata.code.
ERROR [jazz] tmp/integration-20260916/baseline-suite/jazz/CharacterEffect/Jazz_Perk_Eskimo.lua: Активный generated companion отсутствует в metadata.code.
ERROR [jazz] tmp/integration-20260916/baseline-suite/jazz/CharacterEffect/Jazz_Perk_Flo.lua: Активный generated companion отсутствует в metadata.code.
ERROR [jazz] tmp/integration-20260916/baseline-suite/jazz/CharacterEffect/Jazz_Perk_Gamos.lua: Активный generated companion отсутствует в metadata.code.
ERROR [jazz] tmp/integration-20260916/baseline-suite/jazz/CharacterEffect/Jazz_Perk_Gaston.lua: Активный generated companion отсутствует в metadata.code.
ERROR [jazz] tmp/integration-20260916/baseline-suite/jazz/CharacterEffect/Jazz_Perk_Grace.lua: Активный generated companion отсутствует в metadata.code.
ERROR [jazz] tmp/integration-20260916/baseline-suite/jazz/CharacterEffect/Jazz_Perk_Grom.lua: Активный generated companion отсутствует в metadata.code.
ERROR [jazz] tmp/integration-20260916/baseline-suite/jazz/CharacterEffect/Jazz_Perk_Henning.lua: Активный generated companion отсутствует в metadata.code.
ERROR [jazz] tmp/integration-20260916/baseline-suite/jazz/CharacterEffect/Jazz_Perk_Highball.lua: Активный generated companion отсутствует в metadata.code.
ERROR [jazz] tmp/integration-20260916/baseline-suite/jazz/CharacterEffect/Jazz_Perk_Hitman.lua: Активный generated companion отсутствует в metadata.code.
ERROR [jazz] tmp/integration-20260916/baseline-suite/jazz/CharacterEffect/Jazz_Perk_Hobbit.lua: Активный generated companion отсутствует в metadata.code.
ERROR [jazz] tmp/integration-20260916/baseline-suite/jazz/CharacterEffect/Jazz_Perk_Horg.lua: Активный generated companion отсутствует в metadata.code.
ERROR [jazz] tmp/integration-20260916/baseline-suite/jazz/CharacterEffect/Jazz_Perk_Iggy.lua: Активный generated companion отсутствует в metadata.code.
ERROR [jazz] tmp/integration-20260916/baseline-suite/jazz/CharacterEffect/Jazz_Perk_Ira.lua: Активный generated companion отсутствует в metadata.code.
ERROR [jazz] tmp/integration-20260916/baseline-suite/jazz/CharacterEffect/Jazz_Perk_Kulba.lua: Активный generated companion отсутствует в metadata.code.
ERROR [jazz] tmp/integration-20260916/baseline-suite/jazz/CharacterEffect/Jazz_Perk_Laura.lua: Активный generated companion отсутствует в metadata.code.
ERROR [jazz] tmp/integration-20260916/baseline-suite/jazz/CharacterEffect/Jazz_Perk_Lucky.lua: Активный generated companion отсутствует в metadata.code.
ERROR [jazz] tmp/integration-20260916/baseline-suite/jazz/CharacterEffect/Jazz_Perk_Lynx.lua: Активный generated companion отсутствует в metadata.code.
ERROR [jazz] tmp/integration-20260916/baseline-suite/jazz/CharacterEffect/Jazz_Perk_Madman.lua: Активный generated companion отсутствует в metadata.code.
ERROR [jazz] tmp/integration-20260916/baseline-suite/jazz/CharacterEffect/Jazz_Perk_Manuel.lua: Активный generated companion отсутствует в metadata.code.
ERROR [jazz] tmp/integration-20260916/baseline-suite/jazz/CharacterEffect/Jazz_Perk_Meat.lua: Активный generated companion отсутствует в metadata.code.
ERROR [jazz] tmp/integration-20260916/baseline-suite/jazz/CharacterEffect/Jazz_Perk_Miguel.lua: Активный generated companion отсутствует в metadata.code.
ERROR [jazz] tmp/integration-20260916/baseline-suite/jazz/CharacterEffect/Jazz_Perk_Mike.lua: Активный generated companion отсутствует в metadata.code.
ERROR [jazz] tmp/integration-20260916/baseline-suite/jazz/CharacterEffect/Jazz_Perk_Mimicry.lua: Активный generated companion отсутствует в metadata.code.
ERROR [jazz] tmp/integration-20260916/baseline-suite/jazz/CharacterEffect/Jazz_Perk_Monk.lua: Активный generated companion отсутствует в metadata.code.
ERROR [jazz] tmp/integration-20260916/baseline-suite/jazz/CharacterEffect/Jazz_Perk_Nervous.lua: Активный generated companion отсутствует в metadata.code.
ERROR [jazz] tmp/integration-20260916/baseline-suite/jazz/CharacterEffect/Jazz_Perk_OfficerAura.lua: Активный generated companion отсутствует в metadata.code.
ERROR [jazz] tmp/integration-20260916/baseline-suite/jazz/CharacterEffect/Jazz_Perk_OfficerAuraInfluence.lua: Активный generated companion отсутствует в metadata.code.
ERROR [jazz] tmp/integration-20260916/baseline-suite/jazz/CharacterEffect/Jazz_Perk_Quinten.lua: Активный generated companion отсутствует в metadata.code.
ERROR [jazz] tmp/integration-20260916/baseline-suite/jazz/CharacterEffect/Jazz_Perk_Ricochet.lua: Активный generated companion отсутствует в metadata.code.
ERROR [jazz] tmp/integration-20260916/baseline-suite/jazz/CharacterEffect/Jazz_Perk_Rothman.lua: Активный generated companion отсутствует в metadata.code.
ERROR [jazz] tmp/integration-20260916/baseline-suite/jazz/CharacterEffect/Jazz_Perk_Shank.lua: Активный generated companion отсутствует в metadata.code.
ERROR [jazz] tmp/integration-20260916/baseline-suite/jazz/CharacterEffect/Jazz_Perk_Simon.lua: Активный generated companion отсутствует в metadata.code.
ERROR [jazz] tmp/integration-20260916/baseline-suite/jazz/CharacterEffect/Jazz_Perk_Sniper.lua: Активный generated companion отсутствует в metadata.code.
ERROR [jazz] tmp/integration-20260916/baseline-suite/jazz/CharacterEffect/Jazz_Perk_Spider.lua: Активный generated companion отсутствует в metadata.code.
ERROR [jazz] tmp/integration-20260916/baseline-suite/jazz/CharacterEffect/Jazz_Perk_Static.lua: Активный generated companion отсутствует в metadata.code.
ERROR [jazz] tmp/integration-20260916/baseline-suite/jazz/CharacterEffect/Jazz_Perk_Steiger.lua: Активный generated companion отсутствует в metadata.code.
ERROR [jazz] tmp/integration-20260916/baseline-suite/jazz/CharacterEffect/Jazz_Perk_Veteran.lua: Активный generated companion отсутствует в metadata.code.
ERROR [jazz] tmp/integration-20260916/baseline-suite/jazz/CharacterEffect/Jazz_Perk_Vicious.lua: Активный generated companion отсутствует в metadata.code.
ERROR [jazz] tmp/integration-20260916/baseline-suite/jazz/CharacterEffect/Jazz_Perk_Vilde.lua: Активный generated companion отсутствует в metadata.code.
ERROR [jazz] tmp/integration-20260916/baseline-suite/jazz/CharacterEffect/Jazz_Perk_Vince.lua: Активный generated companion отсутствует в metadata.code.
ERROR [jazz] tmp/integration-20260916/baseline-suite/jazz/CharacterEffect/KillingWind.lua: Активный generated companion отсутствует в metadata.code.
ERROR [jazz] tmp/integration-20260916/baseline-suite/jazz/CharacterEffect/Legsshot.lua: Активный generated companion отсутствует в metadata.code.
ERROR [jazz] tmp/integration-20260916/baseline-suite/jazz/CharacterEffect/Loner.lua: Активный generated companion отсутствует в metadata.code.
ERROR [jazz] tmp/integration-20260916/baseline-suite/jazz/CharacterEffect/MakeThemBleed.lua: Активный generated companion отсутствует в metadata.code.
ERROR [jazz] tmp/integration-20260916/baseline-suite/jazz/CharacterEffect/MarkedTraccers.lua: Активный generated companion отсутствует в metadata.code.
ERROR [jazz] tmp/integration-20260916/baseline-suite/jazz/CharacterEffect/NaturalHealing.lua: Активный generated companion отсутствует в metadata.code.
ERROR [jazz] tmp/integration-20260916/baseline-suite/jazz/CharacterEffect/Nazdarovya.lua: Активный generated companion отсутствует в metadata.code.
ERROR [jazz] tmp/integration-20260916/baseline-suite/jazz/CharacterEffect/Negotiator.lua: Активный generated companion отсутствует в metadata.code.
ERROR [jazz] tmp/integration-20260916/baseline-suite/jazz/CharacterEffect/Optimist.lua: Активный generated companion отсутствует в metadata.code.
ERROR [jazz] tmp/integration-20260916/baseline-suite/jazz/CharacterEffect/Pain.lua: Активный generated companion отсутствует в metadata.code.
ERROR [jazz] tmp/integration-20260916/baseline-suite/jazz/CharacterEffect/Pessimist.lua: Активный generated companion отсутствует в metadata.code.
ERROR [jazz] tmp/integration-20260916/baseline-suite/jazz/CharacterEffect/Psycho.lua: Активный generated companion отсутствует в metadata.code.
ERROR [jazz] tmp/integration-20260916/baseline-suite/jazz/CharacterEffect/RecklessAssault.lua: Активный generated companion отсутствует в metadata.code.
ERROR [jazz] tmp/integration-20260916/baseline-suite/jazz/CharacterEffect/Scoundrel.lua: Активный generated companion отсутствует в metadata.code.
ERROR [jazz] tmp/integration-20260916/baseline-suite/jazz/CharacterEffect/Slowed.lua: Активный generated companion отсутствует в metadata.code.
ERROR [jazz] tmp/integration-20260916/baseline-suite/jazz/CharacterEffect/Spiritual.lua: Активный generated companion отсутствует в metadata.code.
ERROR [jazz] tmp/integration-20260916/baseline-suite/jazz/CharacterEffect/SteadyBreathing.lua: Активный generated companion отсутствует в metadata.code.
ERROR [jazz] tmp/integration-20260916/baseline-suite/jazz/CharacterEffect/Stealthy.lua: Активный generated companion отсутствует в metadata.code.
ERROR [jazz] tmp/integration-20260916/baseline-suite/jazz/CharacterEffect/SteroidPunch.lua: Активный generated companion отсутствует в metadata.code.
ERROR [jazz] tmp/integration-20260916/baseline-suite/jazz/CharacterEffect/suppressionHeavy.lua: Активный generated companion отсутствует в metadata.code.
ERROR [jazz] tmp/integration-20260916/baseline-suite/jazz/CharacterEffect/suppressionHeavy2.lua: Активный generated companion отсутствует в metadata.code.
ERROR [jazz] tmp/integration-20260916/baseline-suite/jazz/CharacterEffect/suppressionLight.lua: Активный generated companion отсутствует в metadata.code.
ERROR [jazz] tmp/integration-20260916/baseline-suite/jazz/CharacterEffect/suppressionMedium.lua: Активный generated companion отсутствует в metadata.code.
ERROR [jazz] tmp/integration-20260916/baseline-suite/jazz/CharacterEffect/suppressionPinned.lua: Активный generated companion отсутствует в metadata.code.
ERROR [jazz] tmp/integration-20260916/baseline-suite/jazz/CharacterEffect/SuppressStunGrenade.lua: Активный generated companion отсутствует в metadata.code.
ERROR [jazz] tmp/integration-20260916/baseline-suite/jazz/CharacterEffect/TakeAim.lua: Активный generated companion отсутствует в metadata.code.
ERROR [jazz] tmp/integration-20260916/baseline-suite/jazz/CharacterEffect/Tired.lua: Активный generated companion отсутствует в metadata.code.
ERROR [jazz] tmp/integration-20260916/baseline-suite/jazz/CharacterEffect/Torsoshot.lua: Активный generated companion отсутствует в metadata.code.
ERROR [jazz] tmp/integration-20260916/baseline-suite/jazz/CharacterEffect/TraumaArmsHeavy.lua: Активный generated companion отсутствует в metadata.code.
ERROR [jazz] tmp/integration-20260916/baseline-suite/jazz/CharacterEffect/TraumaArmsLight.lua: Активный generated companion отсутствует в metadata.code.
ERROR [jazz] tmp/integration-20260916/baseline-suite/jazz/CharacterEffect/TraumaArmsMedium.lua: Активный generated companion отсутствует в metadata.code.
ERROR [jazz] tmp/integration-20260916/baseline-suite/jazz/CharacterEffect/TraumaBurnHeavy.lua: Активный generated companion отсутствует в metadata.code.
ERROR [jazz] tmp/integration-20260916/baseline-suite/jazz/CharacterEffect/TraumaBurnLight.lua: Активный generated companion отсутствует в metadata.code.
ERROR [jazz] tmp/integration-20260916/baseline-suite/jazz/CharacterEffect/TraumaBurnMedium.lua: Активный generated companion отсутствует в metadata.code.
ERROR [jazz] tmp/integration-20260916/baseline-suite/jazz/CharacterEffect/TraumaHeadHeavy.lua: Активный generated companion отсутствует в metadata.code.
ERROR [jazz] tmp/integration-20260916/baseline-suite/jazz/CharacterEffect/TraumaHeadLight.lua: Активный generated companion отсутствует в metadata.code.
ERROR [jazz] tmp/integration-20260916/baseline-suite/jazz/CharacterEffect/TraumaHeadMedium.lua: Активный generated companion отсутствует в metadata.code.
ERROR [jazz] tmp/integration-20260916/baseline-suite/jazz/CharacterEffect/TraumaLegsHeavy.lua: Активный generated companion отсутствует в metadata.code.
ERROR [jazz] tmp/integration-20260916/baseline-suite/jazz/CharacterEffect/TraumaLegsLight.lua: Активный generated companion отсутствует в metadata.code.
ERROR [jazz] tmp/integration-20260916/baseline-suite/jazz/CharacterEffect/TraumaLegsMedium.lua: Активный generated companion отсутствует в metadata.code.
ERROR [jazz] tmp/integration-20260916/baseline-suite/jazz/CharacterEffect/TraumaRibsHeavy.lua: Активный generated companion отсутствует в metadata.code.
ERROR [jazz] tmp/integration-20260916/baseline-suite/jazz/CharacterEffect/TraumaRibsLight.lua: Активный generated companion отсутствует в metadata.code.
ERROR [jazz] tmp/integration-20260916/baseline-suite/jazz/CharacterEffect/TraumaRibsMedium.lua: Активный generated companion отсутствует в metadata.code.
ERROR [jazz] tmp/integration-20260916/baseline-suite/jazz/CharacterEffect/TrueGrit.lua: Активный generated companion отсутствует в metadata.code.
ERROR [jazz] tmp/integration-20260916/baseline-suite/jazz/CharacterEffect/Unconscious.lua: Активный generated companion отсутствует в metadata.code.
ERROR [jazz] tmp/integration-20260916/baseline-suite/jazz/CharacterEffect/Weight_1Class.lua: Активный generated companion отсутствует в metadata.code.
ERROR [jazz] tmp/integration-20260916/baseline-suite/jazz/CharacterEffect/Weight_2Class.lua: Активный generated companion отсутствует в metadata.code.
ERROR [jazz] tmp/integration-20260916/baseline-suite/jazz/CharacterEffect/Weight_3Class.lua: Активный generated companion отсутствует в metadata.code.
ERROR [jazz] tmp/integration-20260916/baseline-suite/jazz/CharacterEffect/Weight_4Class.lua: Активный generated companion отсутствует в metadata.code.
ERROR [jazz] tmp/integration-20260916/baseline-suite/jazz/CharacterEffect/Weight_5Class.lua: Активный generated companion отсутствует в metadata.code.
ERROR [jazz] tmp/integration-20260916/baseline-suite/jazz/CharacterEffect/WellRested.lua: Активный generated companion отсутствует в metadata.code.
ERROR [jazz] tmp/integration-20260916/baseline-suite/jazz/CharacterEffect/Winded.lua: Активный generated companion отсутствует в metadata.code.
ERROR [jazz] tmp/integration-20260916/baseline-suite/jazz/CharacterEffect/Wounded.lua: Активный generated companion отсутствует в metadata.code.
ERROR [jazz] tmp/integration-20260916/baseline-suite/jazz/CharacterEffect/WoundInfected.lua: Активный generated companion отсутствует в metadata.code.
ERROR [jazz] tmp/integration-20260916/baseline-suite/jazz/CharacterEffect/Zoophobic.lua: Активный generated companion отсутствует в metadata.code.
ERROR [jazz] tmp/integration-20260916/baseline-suite/jazz/InventoryItem/_12gauge_APSlug.lua: Активный generated companion отсутствует в metadata.code.
ERROR [jazz] tmp/integration-20260916/baseline-suite/jazz/InventoryItem/_12gauge_Breacher.lua: Активный generated companion отсутствует в metadata.code.
ERROR [jazz] tmp/integration-20260916/baseline-suite/jazz/InventoryItem/_12gauge_Buckshot.lua: Активный generated companion отсутствует в metadata.code.
ERROR [jazz] tmp/integration-20260916/baseline-suite/jazz/InventoryItem/_12gauge_Flechette.lua: Активный generated companion отсутствует в metadata.code.
ERROR [jazz] tmp/integration-20260916/baseline-suite/jazz/InventoryItem/_12gauge_Saltshot.lua: Активный generated companion отсутствует в metadata.code.
ERROR [jazz] tmp/integration-20260916/baseline-suite/jazz/InventoryItem/_40mmFlashbangGrenade.lua: Активный generated companion отсутствует в metadata.code.
ERROR [jazz] tmp/integration-20260916/baseline-suite/jazz/InventoryItem/_40mmFragGrenade.lua: Активный generated companion отсутствует в metadata.code.
ERROR [jazz] tmp/integration-20260916/baseline-suite/jazz/InventoryItem/_44CAL_AP.lua: Активный generated companion отсутствует в metadata.code.
ERROR [jazz] tmp/integration-20260916/baseline-suite/jazz/InventoryItem/_44CAL_Basic.lua: Активный generated companion отсутствует в metadata.code.
ERROR [jazz] tmp/integration-20260916/baseline-suite/jazz/InventoryItem/_44CAL_HP.lua: Активный generated companion отсутствует в metadata.code.
ERROR [jazz] tmp/integration-20260916/baseline-suite/jazz/InventoryItem/_44CAL_Match.lua: Активный generated companion отсутствует в metadata.code.
ERROR [jazz] tmp/integration-20260916/baseline-suite/jazz/InventoryItem/_44CAL_Shock.lua: Активный generated companion отсутствует в metadata.code.
ERROR [jazz] tmp/integration-20260916/baseline-suite/jazz/InventoryItem/_50BMG_Basic.lua: Активный generated companion отсутствует в metadata.code.
ERROR [jazz] tmp/integration-20260916/baseline-suite/jazz/InventoryItem/_50BMG_HE.lua: Активный generated companion отсутствует в metadata.code.
ERROR [jazz] tmp/integration-20260916/baseline-suite/jazz/InventoryItem/_50BMG_Incendiary.lua: Активный generated companion отсутствует в metadata.code.
ERROR [jazz] tmp/integration-20260916/baseline-suite/jazz/InventoryItem/_50BMG_SLAP.lua: Активный generated companion отсутствует в metadata.code.
ERROR [jazz] tmp/integration-20260916/baseline-suite/jazz/InventoryItem/_556_AP.lua: Активный generated companion отсутствует в metadata.code.
ERROR [jazz] tmp/integration-20260916/baseline-suite/jazz/InventoryItem/_556_Basic.lua: Активный generated companion отсутствует в metadata.code.
ERROR [jazz] tmp/integration-20260916/baseline-suite/jazz/InventoryItem/_556_HP.lua: Активный generated companion отсутствует в metadata.code.
ERROR [jazz] tmp/integration-20260916/baseline-suite/jazz/InventoryItem/_556_Match.lua: Активный generated companion отсутствует в metadata.code.
ERROR [jazz] tmp/integration-20260916/baseline-suite/jazz/InventoryItem/_556_Tracer.lua: Активный generated companion отсутствует в metadata.code.
ERROR [jazz] tmp/integration-20260916/baseline-suite/jazz/InventoryItem/_762NATO_AP.lua: Активный generated companion отсутствует в metadata.code.
ERROR [jazz] tmp/integration-20260916/baseline-suite/jazz/InventoryItem/_762NATO_Basic.lua: Активный generated companion отсутствует в metadata.code.
ERROR [jazz] tmp/integration-20260916/baseline-suite/jazz/InventoryItem/_762NATO_HP.lua: Активный generated companion отсутствует в metadata.code.
ERROR [jazz] tmp/integration-20260916/baseline-suite/jazz/InventoryItem/_762NATO_Match.lua: Активный generated companion отсутствует в metadata.code.
ERROR [jazz] tmp/integration-20260916/baseline-suite/jazz/InventoryItem/_762NATO_Tracer.lua: Активный generated companion отсутствует в metadata.code.
ERROR [jazz] tmp/integration-20260916/baseline-suite/jazz/InventoryItem/_762WP_AP.lua: Активный generated companion отсутствует в metadata.code.
ERROR [jazz] tmp/integration-20260916/baseline-suite/jazz/InventoryItem/_762WP_Basic.lua: Активный generated companion отсутствует в metadata.code.
ERROR [jazz] tmp/integration-20260916/baseline-suite/jazz/InventoryItem/_762WP_HP.lua: Активный generated companion отсутствует в metadata.code.
ERROR [jazz] tmp/integration-20260916/baseline-suite/jazz/InventoryItem/_762WP_Match.lua: Активный generated companion отсутствует в metadata.code.
ERROR [jazz] tmp/integration-20260916/baseline-suite/jazz/InventoryItem/_762WP_Subsonic.lua: Активный generated companion отсутствует в metadata.code.
ERROR [jazz] tmp/integration-20260916/baseline-suite/jazz/InventoryItem/_762WP_Tracer.lua: Активный generated companion отсутствует в metadata.code.
ERROR [jazz] tmp/integration-20260916/baseline-suite/jazz/InventoryItem/_9mm_AP.lua: Активный generated companion отсутствует в metadata.code.
ERROR [jazz] tmp/integration-20260916/baseline-suite/jazz/InventoryItem/_9mm_Basic.lua: Активный generated companion отсутствует в metadata.code.
ERROR [jazz] tmp/integration-20260916/baseline-suite/jazz/InventoryItem/_9mm_HP.lua: Активный generated companion отсутствует в metadata.code.
ERROR [jazz] tmp/integration-20260916/baseline-suite/jazz/InventoryItem/_9mm_Match.lua: Активный generated companion отсутствует в metadata.code.
ERROR [jazz] tmp/integration-20260916/baseline-suite/jazz/InventoryItem/_9mm_Shock.lua: Активный generated companion отсутствует в metadata.code.
ERROR [jazz] tmp/integration-20260916/baseline-suite/jazz/InventoryItem/_9mm_Subsonic.lua: Активный generated companion отсутствует в metadata.code.
ERROR [jazz] tmp/integration-20260916/baseline-suite/jazz/InventoryItem/_9mm_Tracer.lua: Активный generated companion отсутствует в metadata.code.
ERROR [jazz] tmp/integration-20260916/baseline-suite/jazz/InventoryItem/AA12.lua: Активный generated companion отсутствует в metadata.code.
ERROR [jazz] tmp/integration-20260916/baseline-suite/jazz/InventoryItem/AA52.lua: Активный generated companion отсутствует в metadata.code.
ERROR [jazz] tmp/integration-20260916/baseline-suite/jazz/InventoryItem/Agram2000.lua: Активный generated companion отсутствует в metadata.code.
ERROR [jazz] tmp/integration-20260916/baseline-suite/jazz/InventoryItem/AK105.lua: Активный generated companion отсутствует в metadata.code.
ERROR [jazz] tmp/integration-20260916/baseline-suite/jazz/InventoryItem/AK47.lua: Активный generated companion отсутствует в metadata.code.
ERROR [jazz] tmp/integration-20260916/baseline-suite/jazz/InventoryItem/AK74.lua: Активный generated companion отсутствует в metadata.code.
ERROR [jazz] tmp/integration-20260916/baseline-suite/jazz/InventoryItem/AK74M.lua: Активный generated companion отсутствует в metadata.code.
ERROR [jazz] tmp/integration-20260916/baseline-suite/jazz/InventoryItem/AKM.lua: Активный generated companion отсутствует в metadata.code.
ERROR [jazz] tmp/integration-20260916/baseline-suite/jazz/InventoryItem/AKSU.lua: Активный generated companion отсутствует в metadata.code.
ERROR [jazz] tmp/integration-20260916/baseline-suite/jazz/InventoryItem/AN94.lua: Активный generated companion отсутствует в metadata.code.
ERROR [jazz] tmp/integration-20260916/baseline-suite/jazz/InventoryItem/APS.lua: Активный generated companion отсутствует в metadata.code.
ERROR [jazz] tmp/integration-20260916/baseline-suite/jazz/InventoryItem/AR10.lua: Активный generated companion отсутствует в metadata.code.
ERROR [jazz] tmp/integration-20260916/baseline-suite/jazz/InventoryItem/AR10DMR.lua: Активный generated companion отсутствует в metadata.code.
ERROR [jazz] tmp/integration-20260916/baseline-suite/jazz/InventoryItem/AR15.lua: Активный generated companion отсутствует в metadata.code.
ERROR [jazz] tmp/integration-20260916/baseline-suite/jazz/InventoryItem/ArcticWarfare.lua: Активный generated companion отсутствует в metadata.code.
ERROR [jazz] tmp/integration-20260916/baseline-suite/jazz/InventoryItem/AS_Val.lua: Активный generated companion отсутствует в metadata.code.
ERROR [jazz] tmp/integration-20260916/baseline-suite/jazz/InventoryItem/AUG.lua: Активный generated companion отсутствует в metadata.code.
ERROR [jazz] tmp/integration-20260916/baseline-suite/jazz/InventoryItem/Auto5_quest.lua: Активный generated companion отсутствует в metadata.code.
ERROR [jazz] tmp/integration-20260916/baseline-suite/jazz/InventoryItem/Auto5.lua: Активный generated companion отсутствует в metadata.code.
ERROR [jazz] tmp/integration-20260916/baseline-suite/jazz/InventoryItem/AVT40.lua: Активный generated companion отсутствует в metadata.code.
ERROR [jazz] tmp/integration-20260916/baseline-suite/jazz/InventoryItem/Backpack_test.lua: Активный generated companion отсутствует в metadata.code.
ERROR [jazz] tmp/integration-20260916/baseline-suite/jazz/InventoryItem/BAR.lua: Активный generated companion отсутствует в metadata.code.
ERROR [jazz] tmp/integration-20260916/baseline-suite/jazz/InventoryItem/BarretM82.lua: Активный generated companion отсутствует в metadata.code.
ERROR [jazz] tmp/integration-20260916/baseline-suite/jazz/InventoryItem/Bayonet.lua: Активный generated companion отсутствует в metadata.code.
ERROR [jazz] tmp/integration-20260916/baseline-suite/jazz/InventoryItem/Bereta92.lua: Активный generated companion отсутствует в metadata.code.
ERROR [jazz] tmp/integration-20260916/baseline-suite/jazz/InventoryItem/Beretta93r.lua: Активный generated companion отсутствует в metadata.code.
ERROR [jazz] tmp/integration-20260916/baseline-suite/jazz/InventoryItem/BerettaM12.lua: Активный generated companion отсутствует в metadata.code.
ERROR [jazz] tmp/integration-20260916/baseline-suite/jazz/InventoryItem/BlackPowder.lua: Активный generated companion отсутствует в metadata.code.
ERROR [jazz] tmp/integration-20260916/baseline-suite/jazz/InventoryItem/BrowningM2HMG.lua: Активный generated companion отсутствует в metadata.code.
ERROR [jazz] tmp/integration-20260916/baseline-suite/jazz/InventoryItem/C4.lua: Активный generated companion отсутствует в metadata.code.
ERROR [jazz] tmp/integration-20260916/baseline-suite/jazz/InventoryItem/CamoArmor_Light_Kompositum.lua: Активный generated companion отсутствует в metadata.code.
ERROR [jazz] tmp/integration-20260916/baseline-suite/jazz/InventoryItem/CamoArmor_Light.lua: Активный generated companion отсутствует в metadata.code.
ERROR [jazz] tmp/integration-20260916/baseline-suite/jazz/InventoryItem/CamoArmor_Medium_Kompositum.lua: Активный generated companion отсутствует в metadata.code.
ERROR [jazz] tmp/integration-20260916/baseline-suite/jazz/InventoryItem/CamoArmor_Medium.lua: Активный generated companion отсутствует в metadata.code.
ERROR [jazz] tmp/integration-20260916/baseline-suite/jazz/InventoryItem/CAR15.lua: Активный generated companion отсутствует в metadata.code.
ERROR [jazz] tmp/integration-20260916/baseline-suite/jazz/InventoryItem/China_Lake.lua: Активный generated companion отсутствует в metadata.code.
ERROR [jazz] tmp/integration-20260916/baseline-suite/jazz/InventoryItem/Coin.lua: Активный generated companion отсутствует в metadata.code.
ERROR [jazz] tmp/integration-20260916/baseline-suite/jazz/InventoryItem/Colt1911.lua: Активный generated companion отсутствует в metadata.code.
ERROR [jazz] tmp/integration-20260916/baseline-suite/jazz/InventoryItem/Colt38Special.lua: Активный generated companion отсутствует в metadata.code.
ERROR [jazz] tmp/integration-20260916/baseline-suite/jazz/InventoryItem/ColtAnaconda.lua: Активный generated companion отсутствует в metadata.code.
ERROR [jazz] tmp/integration-20260916/baseline-suite/jazz/InventoryItem/ColtM1917.lua: Активный generated companion отсутствует в metadata.code.
ERROR [jazz] tmp/integration-20260916/baseline-suite/jazz/InventoryItem/ColtPeacemaker.lua: Активный generated companion отсутствует в metadata.code.
ERROR [jazz] tmp/integration-20260916/baseline-suite/jazz/InventoryItem/CombatStim.lua: Активный generated companion отсутствует в metadata.code.
ERROR [jazz] tmp/integration-20260916/baseline-suite/jazz/InventoryItem/Combination_CeramicPlates.lua: Активный generated companion отсутствует в metadata.code.
ERROR [jazz] tmp/integration-20260916/baseline-suite/jazz/InventoryItem/Combination_Kompositum58.lua: Активный generated companion отсутствует в metadata.code.
ERROR [jazz] tmp/integration-20260916/baseline-suite/jazz/InventoryItem/Combination_WeavePadding.lua: Активный generated companion отсутствует в metadata.code.
ERROR [jazz] tmp/integration-20260916/baseline-suite/jazz/InventoryItem/Compensator.lua: Активный generated companion отсутствует в metadata.code.
ERROR [jazz] tmp/integration-20260916/baseline-suite/jazz/InventoryItem/ConcussiveGrenade.lua: Активный generated companion отсутствует в metadata.code.
ERROR [jazz] tmp/integration-20260916/baseline-suite/jazz/InventoryItem/Cookie.lua: Активный generated companion отсутствует в metadata.code.
ERROR [jazz] tmp/integration-20260916/baseline-suite/jazz/InventoryItem/CrocodileHide.lua: Активный generated companion отсутствует в metadata.code.
ERROR [jazz] tmp/integration-20260916/baseline-suite/jazz/InventoryItem/Crowbar.lua: Активный generated companion отсутствует в metadata.code.
ERROR [jazz] tmp/integration-20260916/baseline-suite/jazz/InventoryItem/CustomPDA.lua: Активный generated companion отсутствует в metadata.code.
ERROR [jazz] tmp/integration-20260916/baseline-suite/jazz/InventoryItem/CZ52.lua: Активный generated companion отсутствует в metadata.code.
ERROR [jazz] tmp/integration-20260916/baseline-suite/jazz/InventoryItem/CZ75.lua: Активный generated companion отсутствует в metadata.code.
ERROR [jazz] tmp/integration-20260916/baseline-suite/jazz/InventoryItem/DeLisle.lua: Активный generated companion отсутствует в metadata.code.
ERROR [jazz] tmp/integration-20260916/baseline-suite/jazz/InventoryItem/DesertEagle.lua: Активный generated companion отсутствует в metadata.code.
ERROR [jazz] tmp/integration-20260916/baseline-suite/jazz/InventoryItem/Diesel.lua: Активный generated companion отсутствует в metadata.code.
ERROR [jazz] tmp/integration-20260916/baseline-suite/jazz/InventoryItem/Dollars.lua: Активный generated companion отсутствует в metadata.code.
ERROR [jazz] tmp/integration-20260916/baseline-suite/jazz/InventoryItem/DoubleBarrelShotgun.lua: Активный generated companion отсутствует в metadata.code.
ERROR [jazz] tmp/integration-20260916/baseline-suite/jazz/InventoryItem/DP27.lua: Активный generated companion отсутствует в metadata.code.
ERROR [jazz] tmp/integration-20260916/baseline-suite/jazz/InventoryItem/DragunovSVD_Custom.lua: Активный generated companion отсутствует в metadata.code.
ERROR [jazz] tmp/integration-20260916/baseline-suite/jazz/InventoryItem/DragunovSVD.lua: Активный generated companion отсутствует в metadata.code.
ERROR [jazz] tmp/integration-20260916/baseline-suite/jazz/InventoryItem/EndlessKnives.lua: Активный generated companion отсутствует в metadata.code.
ERROR [jazz] tmp/integration-20260916/baseline-suite/jazz/InventoryItem/FAMAS.lua: Активный generated companion отсутствует в metadata.code.
ERROR [jazz] tmp/integration-20260916/baseline-suite/jazz/InventoryItem/FG42.lua: Активный generated companion отсутствует в metadata.code.
ERROR [jazz] tmp/integration-20260916/baseline-suite/jazz/InventoryItem/FineSteelPipe.lua: Активный generated companion отсутствует в metadata.code.
ERROR [jazz] tmp/integration-20260916/baseline-suite/jazz/InventoryItem/FirstAidKit.lua: Активный generated companion отсутствует в metadata.code.
ERROR [jazz] tmp/integration-20260916/baseline-suite/jazz/InventoryItem/FiveSeven.lua: Активный generated companion отсутствует в metadata.code.
ERROR [jazz] tmp/integration-20260916/baseline-suite/jazz/InventoryItem/FlakArmor_CeramicPlates.lua: Активный generated companion отсутствует в metadata.code.
ERROR [jazz] tmp/integration-20260916/baseline-suite/jazz/InventoryItem/FlakArmor_Kompositum.lua: Активный generated companion отсутствует в metadata.code.
ERROR [jazz] tmp/integration-20260916/baseline-suite/jazz/InventoryItem/FlakArmor_WeavePadding.lua: Активный generated companion отсутствует в metadata.code.
ERROR [jazz] tmp/integration-20260916/baseline-suite/jazz/InventoryItem/FlakArmor.lua: Активный generated companion отсутствует в metadata.code.
ERROR [jazz] tmp/integration-20260916/baseline-suite/jazz/InventoryItem/FlakLeggings_Kompositum.lua: Активный generated companion отсутствует в metadata.code.
ERROR [jazz] tmp/integration-20260916/baseline-suite/jazz/InventoryItem/FlakLeggings_WeavePadding.lua: Активный generated companion отсутствует в metadata.code.
ERROR [jazz] tmp/integration-20260916/baseline-suite/jazz/InventoryItem/FlakLeggings.lua: Активный generated companion отсутствует в metadata.code.
ERROR [jazz] tmp/integration-20260916/baseline-suite/jazz/InventoryItem/FlakVest_CeramicPlates.lua: Активный generated companion отсутствует в metadata.code.
ERROR [jazz] tmp/integration-20260916/baseline-suite/jazz/InventoryItem/FlakVest_Kompositum.lua: Активный generated companion отсутствует в metadata.code.
ERROR [jazz] tmp/integration-20260916/baseline-suite/jazz/InventoryItem/FlakVest_WeavePadding.lua: Активный generated companion отсутствует в metadata.code.
ERROR [jazz] tmp/integration-20260916/baseline-suite/jazz/InventoryItem/FlakVest.lua: Активный generated companion отсутствует в metadata.code.
ERROR [jazz] tmp/integration-20260916/baseline-suite/jazz/InventoryItem/FlareAmmo.lua: Активный generated companion отсутствует в metadata.code.
ERROR [jazz] tmp/integration-20260916/baseline-suite/jazz/InventoryItem/FlareHandgun.lua: Активный generated companion отсутствует в metadata.code.
ERROR [jazz] tmp/integration-20260916/baseline-suite/jazz/InventoryItem/FlareStick.lua: Активный generated companion отсутствует в metadata.code.
ERROR [jazz] tmp/integration-20260916/baseline-suite/jazz/InventoryItem/FNFAL.lua: Активный generated companion отсутствует в metadata.code.
ERROR [jazz] tmp/integration-20260916/baseline-suite/jazz/InventoryItem/FNMAG.lua: Активный generated companion отсутствует в metadata.code.
ERROR [jazz] tmp/integration-20260916/baseline-suite/jazz/InventoryItem/FNMinimi.lua: Активный generated companion отсутствует в metadata.code.
ERROR [jazz] tmp/integration-20260916/baseline-suite/jazz/InventoryItem/FragGrenade.lua: Активный generated companion отсутствует в metadata.code.
ERROR [jazz] tmp/integration-20260916/baseline-suite/jazz/InventoryItem/FRF2.lua: Активный generated companion отсутствует в metadata.code.
ERROR [jazz] tmp/integration-20260916/baseline-suite/jazz/InventoryItem/G36.lua: Активный generated companion отсутствует в metadata.code.
ERROR [jazz] tmp/integration-20260916/baseline-suite/jazz/InventoryItem/G36c.lua: Активный generated companion отсутствует в metadata.code.
ERROR [jazz] tmp/integration-20260916/baseline-suite/jazz/InventoryItem/G3A3.lua: Активный generated companion отсутствует в metadata.code.
ERROR [jazz] tmp/integration-20260916/baseline-suite/jazz/InventoryItem/G3A4.lua: Активный generated companion отсутствует в metadata.code.
ERROR [jazz] tmp/integration-20260916/baseline-suite/jazz/InventoryItem/G3SniperV1.lua: Активный generated companion отсутствует в metadata.code.
ERROR [jazz] tmp/integration-20260916/baseline-suite/jazz/InventoryItem/G43.lua: Активный generated companion отсутствует в metadata.code.
ERROR [jazz] tmp/integration-20260916/baseline-suite/jazz/InventoryItem/Galil_FlagHill.lua: Активный generated companion отсутствует в metadata.code.
ERROR [jazz] tmp/integration-20260916/baseline-suite/jazz/InventoryItem/Galil.lua: Активный generated companion отсутствует в metadata.code.
ERROR [jazz] tmp/integration-20260916/baseline-suite/jazz/InventoryItem/GasMask.lua: Активный generated companion отсутствует в metadata.code.
ERROR [jazz] tmp/integration-20260916/baseline-suite/jazz/InventoryItem/Gasmaskenhelm.lua: Активный generated companion отсутствует в metadata.code.
ERROR [jazz] tmp/integration-20260916/baseline-suite/jazz/InventoryItem/Gewehr98.lua: Активный generated companion отсутствует в metadata.code.
ERROR [jazz] tmp/integration-20260916/baseline-suite/jazz/InventoryItem/Glock17.lua: Активный generated companion отсутствует в metadata.code.
ERROR [jazz] tmp/integration-20260916/baseline-suite/jazz/InventoryItem/Glock18.lua: Активный generated companion отсутствует в metadata.code.
ERROR [jazz] tmp/integration-20260916/baseline-suite/jazz/InventoryItem/GlowStick.lua: Активный generated companion отсутствует в metadata.code.
ERROR [jazz] tmp/integration-20260916/baseline-suite/jazz/InventoryItem/GoldenGun.lua: Активный generated companion отсутствует в metadata.code.
ERROR [jazz] tmp/integration-20260916/baseline-suite/jazz/InventoryItem/GoldenWatch.lua: Активный generated companion отсутствует в metadata.code.
ERROR [jazz] tmp/integration-20260916/baseline-suite/jazz/InventoryItem/GrizzlyLAR.lua: Активный generated companion отсутствует в metadata.code.
ERROR [jazz] tmp/integration-20260916/baseline-suite/jazz/InventoryItem/GutHookKnife.lua: Активный generated companion отсутствует в metadata.code.
ERROR [jazz] tmp/integration-20260916/baseline-suite/jazz/InventoryItem/HE_Grenade.lua: Активный generated companion отсутствует в metadata.code.
ERROR [jazz] tmp/integration-20260916/baseline-suite/jazz/InventoryItem/HeavyArmorChestplate_CeramicPlates.lua: Активный generated companion отсутствует в metadata.code.
ERROR [jazz] tmp/integration-20260916/baseline-suite/jazz/InventoryItem/HeavyArmorChestplate_Kompositum.lua: Активный generated companion отсутствует в metadata.code.
ERROR [jazz] tmp/integration-20260916/baseline-suite/jazz/InventoryItem/HeavyArmorChestplate_WeavePadding.lua: Активный generated companion отсутствует в metadata.code.
ERROR [jazz] tmp/integration-20260916/baseline-suite/jazz/InventoryItem/HeavyArmorChestplate.lua: Активный generated companion отсутствует в metadata.code.
ERROR [jazz] tmp/integration-20260916/baseline-suite/jazz/InventoryItem/HeavyArmorHelmet_Kompositum.lua: Активный generated companion отсутствует в metadata.code.
ERROR [jazz] tmp/integration-20260916/baseline-suite/jazz/InventoryItem/HeavyArmorHelmet_WeavePadding.lua: Активный generated companion отсутствует в metadata.code.
ERROR [jazz] tmp/integration-20260916/baseline-suite/jazz/InventoryItem/HeavyArmorHelmet.lua: Активный generated companion отсутствует в metadata.code.
ERROR [jazz] tmp/integration-20260916/baseline-suite/jazz/InventoryItem/HeavyArmorLeggings_Kompositum.lua: Активный generated companion отсутствует в metadata.code.
ERROR [jazz] tmp/integration-20260916/baseline-suite/jazz/InventoryItem/HeavyArmorLeggings_WeavePadding.lua: Активный generated companion отсутствует в metadata.code.
ERROR [jazz] tmp/integration-20260916/baseline-suite/jazz/InventoryItem/HeavyArmorLeggings.lua: Активный generated companion отсутствует в metadata.code.
ERROR [jazz] tmp/integration-20260916/baseline-suite/jazz/InventoryItem/HeavyArmorTorso_CeramicPlates.lua: Активный generated companion отсутствует в metadata.code.
ERROR [jazz] tmp/integration-20260916/baseline-suite/jazz/InventoryItem/HeavyArmorTorso_Kompositum.lua: Активный generated companion отсутствует в metadata.code.
ERROR [jazz] tmp/integration-20260916/baseline-suite/jazz/InventoryItem/HeavyArmorTorso_WeavePadding.lua: Активный generated companion отсутствует в metadata.code.
ERROR [jazz] tmp/integration-20260916/baseline-suite/jazz/InventoryItem/HeavyArmorTorso.lua: Активный generated companion отсутствует в metadata.code.
ERROR [jazz] tmp/integration-20260916/baseline-suite/jazz/InventoryItem/HerbalMedicine.lua: Активный generated companion отсутствует в metadata.code.
ERROR [jazz] tmp/integration-20260916/baseline-suite/jazz/InventoryItem/HiPower.lua: Активный generated companion отсутствует в metadata.code.
ERROR [jazz] tmp/integration-20260916/baseline-suite/jazz/InventoryItem/HK21.lua: Активный generated companion отсутствует в metadata.code.
ERROR [jazz] tmp/integration-20260916/baseline-suite/jazz/InventoryItem/HK23e.lua: Активный generated companion отсутствует в metadata.code.
ERROR [jazz] tmp/integration-20260916/baseline-suite/jazz/InventoryItem/HK33.lua: Активный generated companion отсутствует в metadata.code.
ERROR [jazz] tmp/integration-20260916/baseline-suite/jazz/InventoryItem/Infected_HardenedSkin.lua: Активный generated companion отсутствует в metadata.code.
ERROR [jazz] tmp/integration-20260916/baseline-suite/jazz/InventoryItem/Ithaca.lua: Активный generated companion отсутствует в metadata.code.
ERROR [jazz] tmp/integration-20260916/baseline-suite/jazz/InventoryItem/IvanUshanka.lua: Активный generated companion отсутствует в metadata.code.
ERROR [jazz] tmp/integration-20260916/baseline-suite/jazz/InventoryItem/JAZZ_AMMO_12gauge_APSlug.lua: Активный generated companion отсутствует в metadata.code.
ERROR [jazz] tmp/integration-20260916/baseline-suite/jazz/InventoryItem/JAZZ_AMMO_12gauge_Birdshot.lua: Активный generated companion отсутствует в metadata.code.
ERROR [jazz] tmp/integration-20260916/baseline-suite/jazz/InventoryItem/JAZZ_AMMO_12gauge_Buckshot.lua: Активный generated companion отсутствует в metadata.code.
ERROR [jazz] tmp/integration-20260916/baseline-suite/jazz/InventoryItem/JAZZ_AMMO_12gauge_Saltshot.lua: Активный generated companion отсутствует в metadata.code.
ERROR [jazz] tmp/integration-20260916/baseline-suite/jazz/InventoryItem/JAZZ_AMMO_12gauge_Slug.lua: Активный generated companion отсутствует в metadata.code.
ERROR [jazz] tmp/integration-20260916/baseline-suite/jazz/InventoryItem/JAZZ_AMMO_30_FMJ.lua: Активный generated companion отсутствует в metadata.code.
ERROR [jazz] tmp/integration-20260916/baseline-suite/jazz/InventoryItem/JAZZ_AMMO_30_P.lua: Активный generated companion отсутствует в metadata.code.
ERROR [jazz] tmp/integration-20260916/baseline-suite/jazz/InventoryItem/JAZZ_AMMO_30_Tracer.lua: Активный generated companion отсутствует в metadata.code.
ERROR [jazz] tmp/integration-20260916/baseline-suite/jazz/InventoryItem/JAZZ_AMMO_3006_AP.lua: Активный generated companion отсутствует в metadata.code.
ERROR [jazz] tmp/integration-20260916/baseline-suite/jazz/InventoryItem/JAZZ_AMMO_3006_FMJ.lua: Активный generated companion отсутствует в metadata.code.
ERROR [jazz] tmp/integration-20260916/baseline-suite/jazz/InventoryItem/JAZZ_AMMO_3006_Match.lua: Активный generated companion отсутствует в metadata.code.
ERROR [jazz] tmp/integration-20260916/baseline-suite/jazz/InventoryItem/JAZZ_AMMO_357_FMJ.lua: Активный generated companion отсутствует в metadata.code.
ERROR [jazz] tmp/integration-20260916/baseline-suite/jazz/InventoryItem/JAZZ_AMMO_357_JHP.lua: Активный generated companion отсутствует в metadata.code.
ERROR [jazz] tmp/integration-20260916/baseline-suite/jazz/InventoryItem/JAZZ_AMMO_38special_FMJ.lua: Активный generated companion отсутствует в metadata.code.
ERROR [jazz] tmp/integration-20260916/baseline-suite/jazz/InventoryItem/JAZZ_AMMO_38special_JHP.lua: Активный generated companion отсутствует в metadata.code.
ERROR [jazz] tmp/integration-20260916/baseline-suite/jazz/InventoryItem/JAZZ_AMMO_40mmFlashbangGrenade.lua: Активный generated companion отсутствует в metadata.code.
ERROR [jazz] tmp/integration-20260916/baseline-suite/jazz/InventoryItem/JAZZ_AMMO_40mmFragGrenade.lua: Активный generated companion отсутствует в metadata.code.
ERROR [jazz] tmp/integration-20260916/baseline-suite/jazz/InventoryItem/JAZZ_AMMO_44CAL_FMJ.lua: Активный generated companion отсутствует в metadata.code.
ERROR [jazz] tmp/integration-20260916/baseline-suite/jazz/InventoryItem/JAZZ_AMMO_44CAL_JHP.lua: Активный generated companion отсутствует в metadata.code.
ERROR [jazz] tmp/integration-20260916/baseline-suite/jazz/InventoryItem/JAZZ_AMMO_44CAL_Match.lua: Активный generated companion отсутствует в metadata.code.
ERROR [jazz] tmp/integration-20260916/baseline-suite/jazz/InventoryItem/JAZZ_AMMO_45ACP_Crafted.lua: Активный generated companion отсутствует в metadata.code.
ERROR [jazz] tmp/integration-20260916/baseline-suite/jazz/InventoryItem/JAZZ_AMMO_45ACP_FMJ.lua: Активный generated companion отсутствует в metadata.code.
ERROR [jazz] tmp/integration-20260916/baseline-suite/jazz/InventoryItem/JAZZ_AMMO_45ACP_JHP.lua: Активный generated companion отсутствует в metadata.code.
ERROR [jazz] tmp/integration-20260916/baseline-suite/jazz/InventoryItem/JAZZ_AMMO_45ACP_P.lua: Активный generated companion отсутствует в metadata.code.
ERROR [jazz] tmp/integration-20260916/baseline-suite/jazz/InventoryItem/JAZZ_AMMO_45ACP_Poor.lua: Активный generated companion отсутствует в metadata.code.
ERROR [jazz] tmp/integration-20260916/baseline-suite/jazz/InventoryItem/JAZZ_AMMO_46_AP.lua: Активный generated companion отсутствует в metadata.code.
ERROR [jazz] tmp/integration-20260916/baseline-suite/jazz/InventoryItem/JAZZ_AMMO_46_FMJ.lua: Активный generated companion отсутствует в metadata.code.
ERROR [jazz] tmp/integration-20260916/baseline-suite/jazz/InventoryItem/JAZZ_AMMO_46_JHP.lua: Активный generated companion отсутствует в metadata.code.
ERROR [jazz] tmp/integration-20260916/baseline-suite/jazz/InventoryItem/JAZZ_AMMO_50AE_FMJ.lua: Активный generated companion отсутствует в metadata.code.
ERROR [jazz] tmp/integration-20260916/baseline-suite/jazz/InventoryItem/JAZZ_AMMO_50AE_JHP.lua: Активный generated companion отсутствует в metadata.code.
ERROR [jazz] tmp/integration-20260916/baseline-suite/jazz/InventoryItem/JAZZ_AMMO_50BMG_API_HEI.lua: Активный generated companion отсутствует в metadata.code.
ERROR [jazz] tmp/integration-20260916/baseline-suite/jazz/InventoryItem/JAZZ_AMMO_50BMG_APIT.lua: Активный generated companion отсутствует в metadata.code.
ERROR [jazz] tmp/integration-20260916/baseline-suite/jazz/InventoryItem/JAZZ_AMMO_50BMG_Basic.lua: Активный generated companion отсутствует в metadata.code.
ERROR [jazz] tmp/integration-20260916/baseline-suite/jazz/InventoryItem/JAZZ_AMMO_545_AP.lua: Активный generated companion отсутствует в metadata.code.
ERROR [jazz] tmp/integration-20260916/baseline-suite/jazz/InventoryItem/JAZZ_AMMO_545_Army.lua: Активный generated companion отсутствует в metadata.code.
ERROR [jazz] tmp/integration-20260916/baseline-suite/jazz/InventoryItem/JAZZ_AMMO_545_Crafted.lua: Активный generated companion отсутствует в metadata.code.
ERROR [jazz] tmp/integration-20260916/baseline-suite/jazz/InventoryItem/JAZZ_AMMO_545_EPR.lua: Активный generated companion отсутствует в metadata.code.
ERROR [jazz] tmp/integration-20260916/baseline-suite/jazz/InventoryItem/JAZZ_AMMO_545_Poor.lua: Активный generated companion отсутствует в metadata.code.
ERROR [jazz] tmp/integration-20260916/baseline-suite/jazz/InventoryItem/JAZZ_AMMO_545_Tracer.lua: Активный generated companion отсутствует в metadata.code.
ERROR [jazz] tmp/integration-20260916/baseline-suite/jazz/InventoryItem/JAZZ_AMMO_556_AP.lua: Активный generated companion отсутствует в metadata.code.
ERROR [jazz] tmp/integration-20260916/baseline-suite/jazz/InventoryItem/JAZZ_AMMO_556_Army.lua: Активный generated companion отсутствует в metadata.code.
ERROR [jazz] tmp/integration-20260916/baseline-suite/jazz/InventoryItem/JAZZ_AMMO_556_Crafted.lua: Активный generated companion отсутствует в metadata.code.
ERROR [jazz] tmp/integration-20260916/baseline-suite/jazz/InventoryItem/JAZZ_AMMO_556_EPR.lua: Активный generated companion отсутствует в metadata.code.
ERROR [jazz] tmp/integration-20260916/baseline-suite/jazz/InventoryItem/JAZZ_AMMO_556_FMJ.lua: Активный generated companion отсутствует в metadata.code.
ERROR [jazz] tmp/integration-20260916/baseline-suite/jazz/InventoryItem/JAZZ_AMMO_556_Match.lua: Активный generated companion отсутствует в metadata.code.
ERROR [jazz] tmp/integration-20260916/baseline-suite/jazz/InventoryItem/JAZZ_AMMO_556_Poor.lua: Активный generated companion отсутствует в metadata.code.
ERROR [jazz] tmp/integration-20260916/baseline-suite/jazz/InventoryItem/JAZZ_AMMO_556_Tracer.lua: Активный generated companion отсутствует в metadata.code.
ERROR [jazz] tmp/integration-20260916/baseline-suite/jazz/InventoryItem/JAZZ_AMMO_57_AP.lua: Активный generated companion отсутствует в metadata.code.
ERROR [jazz] tmp/integration-20260916/baseline-suite/jazz/InventoryItem/JAZZ_AMMO_57_JHP.lua: Активный generated companion отсутствует в metadata.code.
ERROR [jazz] tmp/integration-20260916/baseline-suite/jazz/InventoryItem/JAZZ_AMMO_57_Subsonic.lua: Активный generated companion отсутствует в metadata.code.
ERROR [jazz] tmp/integration-20260916/baseline-suite/jazz/InventoryItem/JAZZ_AMMO_75French_AP.lua: Активный generated companion отсутствует в metadata.code.
ERROR [jazz] tmp/integration-20260916/baseline-suite/jazz/InventoryItem/JAZZ_AMMO_75French_FMJ.lua: Активный generated companion отсутствует в metadata.code.
ERROR [jazz] tmp/integration-20260916/baseline-suite/jazz/InventoryItem/JAZZ_AMMO_762x25_AP.lua: Активный generated companion отсутствует в metadata.code.
ERROR [jazz] tmp/integration-20260916/baseline-suite/jazz/InventoryItem/JAZZ_AMMO_762x25_FMJ.lua: Активный generated companion отсутствует в metadata.code.
ERROR [jazz] tmp/integration-20260916/baseline-suite/jazz/InventoryItem/JAZZ_AMMO_762x25_JHP.lua: Активный generated companion отсутствует в metadata.code.
ERROR [jazz] tmp/integration-20260916/baseline-suite/jazz/InventoryItem/JAZZ_AMMO_762x25_Poor.lua: Активный generated companion отсутствует в metadata.code.
ERROR [jazz] tmp/integration-20260916/baseline-suite/jazz/InventoryItem/JAZZ_AMMO_762x39_APP.lua: Активный generated companion отсутствует в metadata.code.
ERROR [jazz] tmp/integration-20260916/baseline-suite/jazz/InventoryItem/JAZZ_AMMO_762x39_Army.lua: Активный generated companion отсутствует в metadata.code.
ERROR [jazz] tmp/integration-20260916/baseline-suite/jazz/InventoryItem/JAZZ_AMMO_762x39_Crafted.lua: Активный generated companion отсутствует в metadata.code.
ERROR [jazz] tmp/integration-20260916/baseline-suite/jazz/InventoryItem/JAZZ_AMMO_762x39_FMJ.lua: Активный generated companion отсутствует в metadata.code.
ERROR [jazz] tmp/integration-20260916/baseline-suite/jazz/InventoryItem/JAZZ_AMMO_762x39_JHP.lua: Активный generated companion отсутствует в metadata.code.
ERROR [jazz] tmp/integration-20260916/baseline-suite/jazz/InventoryItem/JAZZ_AMMO_762x39_Poor.lua: Активный generated companion отсутствует в metadata.code.
ERROR [jazz] tmp/integration-20260916/baseline-suite/jazz/InventoryItem/JAZZ_AMMO_762x39_Tracer.lua: Активный generated companion отсутствует в metadata.code.
ERROR [jazz] tmp/integration-20260916/baseline-suite/jazz/InventoryItem/JAZZ_AMMO_762x39_US.lua: Активный generated companion отсутствует в metadata.code.
ERROR [jazz] tmp/integration-20260916/baseline-suite/jazz/InventoryItem/JAZZ_AMMO_762x51_AP.lua: Активный generated companion отсутствует в metadata.code.
ERROR [jazz] tmp/integration-20260916/baseline-suite/jazz/InventoryItem/JAZZ_AMMO_762x51_Army.lua: Активный generated companion отсутствует в metadata.code.
ERROR [jazz] tmp/integration-20260916/baseline-suite/jazz/InventoryItem/JAZZ_AMMO_762x51_Crafted.lua: Активный generated companion отсутствует в metadata.code.
ERROR [jazz] tmp/integration-20260916/baseline-suite/jazz/InventoryItem/JAZZ_AMMO_762x51_FMJ.lua: Активный generated companion отсутствует в metadata.code.
ERROR [jazz] tmp/integration-20260916/baseline-suite/jazz/InventoryItem/JAZZ_AMMO_762x51_Match.lua: Активный generated companion отсутствует в metadata.code.
ERROR [jazz] tmp/integration-20260916/baseline-suite/jazz/InventoryItem/JAZZ_AMMO_762x51_Poor.lua: Активный generated companion отсутствует в metadata.code.
ERROR [jazz] tmp/integration-20260916/baseline-suite/jazz/InventoryItem/JAZZ_AMMO_762x51_Tracer.lua: Активный generated companion отсутствует в metadata.code.
ERROR [jazz] tmp/integration-20260916/baseline-suite/jazz/InventoryItem/JAZZ_AMMO_762x54_APIT.lua: Активный generated companion отсутствует в metadata.code.
ERROR [jazz] tmp/integration-20260916/baseline-suite/jazz/InventoryItem/JAZZ_AMMO_762x54_Crafted.lua: Активный generated companion отсутствует в metadata.code.
ERROR [jazz] tmp/integration-20260916/baseline-suite/jazz/InventoryItem/JAZZ_AMMO_762x54_FMJ.lua: Активный generated companion отсутствует в metadata.code.
ERROR [jazz] tmp/integration-20260916/baseline-suite/jazz/InventoryItem/JAZZ_AMMO_762x54_Match.lua: Активный generated companion отсутствует в metadata.code.
ERROR [jazz] tmp/integration-20260916/baseline-suite/jazz/InventoryItem/JAZZ_AMMO_762x54_Poor.lua: Активный generated companion отсутствует в metadata.code.
ERROR [jazz] tmp/integration-20260916/baseline-suite/jazz/InventoryItem/JAZZ_AMMO_762x54_Tracer.lua: Активный generated companion отсутствует в metadata.code.
ERROR [jazz] tmp/integration-20260916/baseline-suite/jazz/InventoryItem/JAZZ_AMMO_792_AP.lua: Активный generated companion отсутствует в metadata.code.
ERROR [jazz] tmp/integration-20260916/baseline-suite/jazz/InventoryItem/JAZZ_AMMO_792_APIT.lua: Активный generated companion отсутствует в metadata.code.
ERROR [jazz] tmp/integration-20260916/baseline-suite/jazz/InventoryItem/JAZZ_AMMO_792_FMJ.lua: Активный generated companion отсутствует в metadata.code.
ERROR [jazz] tmp/integration-20260916/baseline-suite/jazz/InventoryItem/JAZZ_AMMO_792x33_AP.lua: Активный generated companion отсутствует в metadata.code.
ERROR [jazz] tmp/integration-20260916/baseline-suite/jazz/InventoryItem/JAZZ_AMMO_792x33_FMJ.lua: Активный generated companion отсутствует в metadata.code.
ERROR [jazz] tmp/integration-20260916/baseline-suite/jazz/InventoryItem/JAZZ_AMMO_792x33_Tracer.lua: Активный generated companion отсутствует в metadata.code.
ERROR [jazz] tmp/integration-20260916/baseline-suite/jazz/InventoryItem/JAZZ_AMMO_9x18_AP.lua: Активный generated companion отсутствует в metadata.code.
ERROR [jazz] tmp/integration-20260916/baseline-suite/jazz/InventoryItem/JAZZ_AMMO_9x18_APP.lua: Активный generated companion отсутствует в metadata.code.
ERROR [jazz] tmp/integration-20260916/baseline-suite/jazz/InventoryItem/JAZZ_AMMO_9x18_Crafted.lua: Активный generated companion отсутствует в metadata.code.
ERROR [jazz] tmp/integration-20260916/baseline-suite/jazz/InventoryItem/JAZZ_AMMO_9x18_FMJ.lua: Активный generated companion отсутствует в metadata.code.
ERROR [jazz] tmp/integration-20260916/baseline-suite/jazz/InventoryItem/JAZZ_AMMO_9x18_JHP.lua: Активный generated companion отсутствует в metadata.code.
ERROR [jazz] tmp/integration-20260916/baseline-suite/jazz/InventoryItem/JAZZ_AMMO_9x18_Poor.lua: Активный generated companion отсутствует в metadata.code.
ERROR [jazz] tmp/integration-20260916/baseline-suite/jazz/InventoryItem/JAZZ_AMMO_9x19_AP.lua: Активный generated companion отсутствует в metadata.code.
ERROR [jazz] tmp/integration-20260916/baseline-suite/jazz/InventoryItem/JAZZ_AMMO_9x19_APP.lua: Активный generated companion отсутствует в metadata.code.
ERROR [jazz] tmp/integration-20260916/baseline-suite/jazz/InventoryItem/JAZZ_AMMO_9x19_Crafted.lua: Активный generated companion отсутствует в metadata.code.
ERROR [jazz] tmp/integration-20260916/baseline-suite/jazz/InventoryItem/JAZZ_AMMO_9x19_FMJ.lua: Активный generated companion отсутствует в metadata.code.
ERROR [jazz] tmp/integration-20260916/baseline-suite/jazz/InventoryItem/JAZZ_AMMO_9x19_JHP.lua: Активный generated companion отсутствует в metadata.code.
ERROR [jazz] tmp/integration-20260916/baseline-suite/jazz/InventoryItem/JAZZ_AMMO_9x19_Match.lua: Активный generated companion отсутствует в metadata.code.
ERROR [jazz] tmp/integration-20260916/baseline-suite/jazz/InventoryItem/JAZZ_AMMO_9x19_Poor.lua: Активный generated companion отсутствует в metadata.code.
ERROR [jazz] tmp/integration-20260916/baseline-suite/jazz/InventoryItem/JAZZ_AMMO_9x39_AP.lua: Активный generated companion отсутствует в metadata.code.
ERROR [jazz] tmp/integration-20260916/baseline-suite/jazz/InventoryItem/JAZZ_AMMO_9x39_Crafted.lua: Активный generated companion отсутствует в metadata.code.
ERROR [jazz] tmp/integration-20260916/baseline-suite/jazz/InventoryItem/JAZZ_AMMO_9x39_JHP.lua: Активный generated companion отсутствует в metadata.code.
ERROR [jazz] tmp/integration-20260916/baseline-suite/jazz/InventoryItem/JAZZ_AMMO_MortarShell_Gas.lua: Активный generated companion отсутствует в metadata.code.
ERROR [jazz] tmp/integration-20260916/baseline-suite/jazz/InventoryItem/JAZZ_AMMO_MortarShell_HE.lua: Активный generated companion отсутствует в metadata.code.
ERROR [jazz] tmp/integration-20260916/baseline-suite/jazz/InventoryItem/JAZZ_AMMO_MortarShell_Smoke.lua: Активный generated companion отсутствует в metadata.code.
ERROR [jazz] tmp/integration-20260916/baseline-suite/jazz/InventoryItem/JAZZ_ArmorUpgrade.lua: Активный generated companion отсутствует в metadata.code.
ERROR [jazz] tmp/integration-20260916/baseline-suite/jazz/InventoryItem/JAZZ_AUGCompensator_01.lua: Активный generated companion отсутствует в metadata.code.
ERROR [jazz] tmp/integration-20260916/baseline-suite/jazz/InventoryItem/JAZZ_AUGCompensator_03.lua: Активный generated companion отсутствует в metadata.code.
ERROR [jazz] tmp/integration-20260916/baseline-suite/jazz/InventoryItem/JAZZ_Bandage.lua: Активный generated companion отсутствует в metadata.code.
ERROR [jazz] tmp/integration-20260916/baseline-suite/jazz/InventoryItem/JAZZ_BarrelParts.lua: Активный generated companion отсутствует в metadata.code.
ERROR [jazz] tmp/integration-20260916/baseline-suite/jazz/InventoryItem/JAZZ_Bipod_Galil.lua: Активный generated companion отсутствует в metadata.code.
ERROR [jazz] tmp/integration-20260916/baseline-suite/jazz/InventoryItem/JAZZ_Bipod_Under.lua: Активный generated companion отсутствует в metadata.code.
ERROR [jazz] tmp/integration-20260916/baseline-suite/jazz/InventoryItem/JAZZ_Bipod.lua: Активный generated companion отсутствует в metadata.code.
ERROR [jazz] tmp/integration-20260916/baseline-suite/jazz/InventoryItem/JAZZ_CombatScope_1P29.lua: Активный generated companion отсутствует в metadata.code.
ERROR [jazz] tmp/integration-20260916/baseline-suite/jazz/InventoryItem/JAZZ_CombatScope_2x.lua: Активный generated companion отсутствует в metadata.code.
ERROR [jazz] tmp/integration-20260916/baseline-suite/jazz/InventoryItem/JAZZ_CombatScope_3x.lua: Активный generated companion отсутствует в metadata.code.
ERROR [jazz] tmp/integration-20260916/baseline-suite/jazz/InventoryItem/JAZZ_CombatScope_ACOG.lua: Активный generated companion отсутствует в metadata.code.
ERROR [jazz] tmp/integration-20260916/baseline-suite/jazz/InventoryItem/JAZZ_CombatScope_FeroZ24.lua: Активный generated companion отсутствует в metadata.code.
ERROR [jazz] tmp/integration-20260916/baseline-suite/jazz/InventoryItem/JAZZ_Compensator.lua: Активный generated companion отсутствует в metadata.code.
ERROR [jazz] tmp/integration-20260916/baseline-suite/jazz/InventoryItem/JAZZ_DuckbillChoke.lua: Активный generated companion отсутствует в metadata.code.
ERROR [jazz] tmp/integration-20260916/baseline-suite/jazz/InventoryItem/JAZZ_FlashHider.lua: Активный generated companion отсутствует в metadata.code.
ERROR [jazz] tmp/integration-20260916/baseline-suite/jazz/InventoryItem/JAZZ_Flashlight_aa12.lua: Активный generated companion отсутствует в metadata.code.
ERROR [jazz] tmp/integration-20260916/baseline-suite/jazz/InventoryItem/JAZZ_Flashlight_PSG_M1.lua: Активный generated companion отсутствует в metadata.code.
ERROR [jazz] tmp/integration-20260916/baseline-suite/jazz/InventoryItem/JAZZ_Flashlight.lua: Активный generated companion отсутствует в metadata.code.
ERROR [jazz] tmp/integration-20260916/baseline-suite/jazz/InventoryItem/JAZZ_FlashlightDot_aa12.lua: Активный generated companion отсутствует в metadata.code.
ERROR [jazz] tmp/integration-20260916/baseline-suite/jazz/InventoryItem/JAZZ_FlashlightDot_Anaconda.lua: Активный generated companion отсутствует в metadata.code.
ERROR [jazz] tmp/integration-20260916/baseline-suite/jazz/InventoryItem/JAZZ_FlashlightDot_PSG_M1.lua: Активный generated companion отсутствует в metadata.code.
ERROR [jazz] tmp/integration-20260916/baseline-suite/jazz/InventoryItem/JAZZ_FlashlightDot.lua: Активный generated companion отсутствует в metadata.code.
ERROR [jazz] tmp/integration-20260916/baseline-suite/jazz/InventoryItem/JAZZ_FullChoke.lua: Активный generated companion отсутствует в metadata.code.
ERROR [jazz] tmp/integration-20260916/baseline-suite/jazz/InventoryItem/JAZZ_G36Scope.lua: Активный generated companion отсутствует в metadata.code.
ERROR [jazz] tmp/integration-20260916/baseline-suite/jazz/InventoryItem/JAZZ_G36Sight.lua: Активный generated companion отсутствует в metadata.code.
ERROR [jazz] tmp/integration-20260916/baseline-suite/jazz/InventoryItem/JAZZ_Galil_Brake_Default.lua: Активный generated companion отсутствует в metadata.code.
ERROR [jazz] tmp/integration-20260916/baseline-suite/jazz/InventoryItem/JAZZ_GP25.lua: Активный generated companion отсутствует в metadata.code.
ERROR [jazz] tmp/integration-20260916/baseline-suite/jazz/InventoryItem/JAZZ_GrenadeLauncher_AUG.lua: Активный generated companion отсутствует в metadata.code.
ERROR [jazz] tmp/integration-20260916/baseline-suite/jazz/InventoryItem/JAZZ_GrenadeLauncher_Commando.lua: Активный generated companion отсутствует в metadata.code.
ERROR [jazz] tmp/integration-20260916/baseline-suite/jazz/InventoryItem/JAZZ_GrenadeLauncher_Galil.lua: Активный generated companion отсутствует в metadata.code.
ERROR [jazz] tmp/integration-20260916/baseline-suite/jazz/InventoryItem/JAZZ_GrenadeLauncher_M14.lua: Активный generated companion отсутствует в metadata.code.
ERROR [jazz] tmp/integration-20260916/baseline-suite/jazz/InventoryItem/JAZZ_GrenadeLauncher.lua: Активный generated companion отсутствует в metadata.code.
ERROR [jazz] tmp/integration-20260916/baseline-suite/jazz/InventoryItem/JAZZ_HandlingWrap.lua: Активный generated companion отсутствует в metadata.code.
ERROR [jazz] tmp/integration-20260916/baseline-suite/jazz/InventoryItem/JAZZ_ImprovisedSuppressor.lua: Активный generated companion отсутствует в metadata.code.
ERROR [jazz] tmp/integration-20260916/baseline-suite/jazz/InventoryItem/JAZZ_LaserDot_aa12.lua: Активный generated companion отсутствует в metadata.code.
ERROR [jazz] tmp/integration-20260916/baseline-suite/jazz/InventoryItem/JAZZ_LaserDot_Anaconda.lua: Активный generated companion отсутствует в metadata.code.
ERROR [jazz] tmp/integration-20260916/baseline-suite/jazz/InventoryItem/JAZZ_LaserDot_PSG_M1.lua: Активный generated companion отсутствует в metadata.code.
ERROR [jazz] tmp/integration-20260916/baseline-suite/jazz/InventoryItem/JAZZ_LaserDot.lua: Активный generated companion отсутствует в metadata.code.
ERROR [jazz] tmp/integration-20260916/baseline-suite/jazz/InventoryItem/JAZZ_M70_Grenade.lua: Активный generated companion отсутствует в metadata.code.
ERROR [jazz] tmp/integration-20260916/baseline-suite/jazz/InventoryItem/JAZZ_MagBelt_100_200.lua: Активный generated companion отсутствует в metadata.code.
ERROR [jazz] tmp/integration-20260916/baseline-suite/jazz/InventoryItem/JAZZ_MagBelt_40_100.lua: Активный generated companion отсутствует в metadata.code.
ERROR [jazz] tmp/integration-20260916/baseline-suite/jazz/InventoryItem/JAZZ_MagDrum_30_100_cumbersome.lua: Активный generated companion отсутствует в metadata.code.
ERROR [jazz] tmp/integration-20260916/baseline-suite/jazz/InventoryItem/JAZZ_MagDrum_30_100_G3.lua: Активный generated companion отсутствует в metadata.code.
ERROR [jazz] tmp/integration-20260916/baseline-suite/jazz/InventoryItem/JAZZ_MagDrum_30_100_HK33.lua: Активный generated companion отсутствует в metadata.code.
ERROR [jazz] tmp/integration-20260916/baseline-suite/jazz/InventoryItem/JAZZ_MagDrum_30_100.lua: Активный generated companion отсутствует в metadata.code.
ERROR [jazz] tmp/integration-20260916/baseline-suite/jazz/InventoryItem/JAZZ_MagDrum_30_50_THOMPSON.lua: Активный generated companion отсутствует в metadata.code.
ERROR [jazz] tmp/integration-20260916/baseline-suite/jazz/InventoryItem/JAZZ_MagDrum_30_50_UZI.lua: Активный generated companion отсутствует в metadata.code.
ERROR [jazz] tmp/integration-20260916/baseline-suite/jazz/InventoryItem/JAZZ_MagDrum_30_50.lua: Активный generated companion отсутствует в metadata.code.
ERROR [jazz] tmp/integration-20260916/baseline-suite/jazz/InventoryItem/JAZZ_MagDrum_30_75.lua: Активный generated companion отсутствует в metadata.code.
ERROR [jazz] tmp/integration-20260916/baseline-suite/jazz/InventoryItem/JAZZ_MagDrum_35_71.lua: Активный generated companion отсутствует в metadata.code.
ERROR [jazz] tmp/integration-20260916/baseline-suite/jazz/InventoryItem/JAZZ_MagLarge_10_20_SVD.lua: Активный generated companion отсутствует в metadata.code.
ERROR [jazz] tmp/integration-20260916/baseline-suite/jazz/InventoryItem/JAZZ_MagLarge_10_20_VAL.lua: Активный generated companion отсутствует в metadata.code.
ERROR [jazz] tmp/integration-20260916/baseline-suite/jazz/InventoryItem/JAZZ_MagLarge_10_20.lua: Активный generated companion отсутствует в metadata.code.
ERROR [jazz] tmp/integration-20260916/baseline-suite/jazz/InventoryItem/JAZZ_MagLarge_13_PISTOL_52.lua: Активный generated companion отсутствует в metadata.code.
ERROR [jazz] tmp/integration-20260916/baseline-suite/jazz/InventoryItem/JAZZ_MagLarge_13_PISTOL_DE.lua: Активный generated companion отсутствует в metadata.code.
ERROR [jazz] tmp/integration-20260916/baseline-suite/jazz/InventoryItem/JAZZ_MagLarge_13.lua: Активный generated companion отсутствует в metadata.code.
ERROR [jazz] tmp/integration-20260916/baseline-suite/jazz/InventoryItem/JAZZ_MagLarge_17_33.lua: Активный generated companion отсутствует в metadata.code.
ERROR [jazz] tmp/integration-20260916/baseline-suite/jazz/InventoryItem/JAZZ_MagLarge_18_20.lua: Активный generated companion отсутствует в metadata.code.
ERROR [jazz] tmp/integration-20260916/baseline-suite/jazz/InventoryItem/JAZZ_MagLarge_20_30_FAL.lua: Активный generated companion отсутствует в metadata.code.
ERROR [jazz] tmp/integration-20260916/baseline-suite/jazz/InventoryItem/JAZZ_MagLarge_20_30_MINI14.lua: Активный generated companion отсутствует в metadata.code.
ERROR [jazz] tmp/integration-20260916/baseline-suite/jazz/InventoryItem/JAZZ_MagLarge_20_30_UZI.lua: Активный generated companion отсутствует в metadata.code.
ERROR [jazz] tmp/integration-20260916/baseline-suite/jazz/InventoryItem/JAZZ_MagLarge_20_30.lua: Активный generated companion отсутствует в metadata.code.
ERROR [jazz] tmp/integration-20260916/baseline-suite/jazz/InventoryItem/JAZZ_MagLarge_25_40.lua: Активный generated companion отсутствует в metadata.code.
ERROR [jazz] tmp/integration-20260916/baseline-suite/jazz/InventoryItem/JAZZ_MagLarge_25_AA12.lua: Активный generated companion отсутствует в metadata.code.
ERROR [jazz] tmp/integration-20260916/baseline-suite/jazz/InventoryItem/JAZZ_MagLarge_25_PISTOL_9.lua: Активный generated companion отсутствует в metadata.code.
ERROR [jazz] tmp/integration-20260916/baseline-suite/jazz/InventoryItem/JAZZ_MagLarge_25_USAS.lua: Активный generated companion отсутствует в metadata.code.
ERROR [jazz] tmp/integration-20260916/baseline-suite/jazz/InventoryItem/JAZZ_MagLarge_25.lua: Активный generated companion отсутствует в metadata.code.
ERROR [jazz] tmp/integration-20260916/baseline-suite/jazz/InventoryItem/JAZZ_MagLarge_27.lua: Активный generated companion отсутствует в metadata.code.
ERROR [jazz] tmp/integration-20260916/baseline-suite/jazz/InventoryItem/JAZZ_MagLarge_28.lua: Активный generated companion отсутствует в metadata.code.
ERROR [jazz] tmp/integration-20260916/baseline-suite/jazz/InventoryItem/JAZZ_MagLarge_30_40.lua: Активный generated companion отсутствует в metadata.code.
ERROR [jazz] tmp/integration-20260916/baseline-suite/jazz/InventoryItem/JAZZ_MagLarge_30_42.lua: Активный generated companion отсутствует в metadata.code.
ERROR [jazz] tmp/integration-20260916/baseline-suite/jazz/InventoryItem/JAZZ_MagLarge_30_45.lua: Активный generated companion отсутствует в metadata.code.
ERROR [jazz] tmp/integration-20260916/baseline-suite/jazz/InventoryItem/JAZZ_MagLarge_5_10.lua: Активный generated companion отсутствует в metadata.code.
ERROR [jazz] tmp/integration-20260916/baseline-suite/jazz/InventoryItem/JAZZ_MagLarge_50_AR15.lua: Активный generated companion отсутствует в metadata.code.
ERROR [jazz] tmp/integration-20260916/baseline-suite/jazz/InventoryItem/JAZZ_MagLarge_50_MP5.lua: Активный generated companion отсутствует в metadata.code.
ERROR [jazz] tmp/integration-20260916/baseline-suite/jazz/InventoryItem/JAZZ_MagLarge_50_SIG.lua: Активный generated companion отсутствует в metadata.code.
ERROR [jazz] tmp/integration-20260916/baseline-suite/jazz/InventoryItem/JAZZ_MagLarge_50.lua: Активный generated companion отсутствует в metadata.code.
ERROR [jazz] tmp/integration-20260916/baseline-suite/jazz/InventoryItem/JAZZ_MagLarge_7_10.lua: Активный generated companion отсутствует в metadata.code.
ERROR [jazz] tmp/integration-20260916/baseline-suite/jazz/InventoryItem/JAZZ_MagLarge_8_10.lua: Активный generated companion отсутствует в metadata.code.
ERROR [jazz] tmp/integration-20260916/baseline-suite/jazz/InventoryItem/JAZZ_MagLarge_8_BARRET.lua: Активный generated companion отсутствует в metadata.code.
ERROR [jazz] tmp/integration-20260916/baseline-suite/jazz/InventoryItem/JAZZ_MagLarge_8_PISTOL_52.lua: Активный generated companion отсутствует в metadata.code.
ERROR [jazz] tmp/integration-20260916/baseline-suite/jazz/InventoryItem/JAZZ_MagLarge_8_PSG1.lua: Активный generated companion отсутствует в metadata.code.
ERROR [jazz] tmp/integration-20260916/baseline-suite/jazz/InventoryItem/JAZZ_MagLarge_8.lua: Активный generated companion отсутствует в metadata.code.
ERROR [jazz] tmp/integration-20260916/baseline-suite/jazz/InventoryItem/JAZZ_MagLargeFine.lua: Активный generated companion отсутствует в metadata.code.
ERROR [jazz] tmp/integration-20260916/baseline-suite/jazz/InventoryItem/JAZZ_MagNormalFine_AR15.lua: Активный generated companion отсутствует в metadata.code.
ERROR [jazz] tmp/integration-20260916/baseline-suite/jazz/InventoryItem/JAZZ_MagNormalFine_FAL.lua: Активный generated companion отсутствует в metadata.code.
ERROR [jazz] tmp/integration-20260916/baseline-suite/jazz/InventoryItem/JAZZ_MagNormalFine_M14.lua: Активный generated companion отсутствует в metadata.code.
ERROR [jazz] tmp/integration-20260916/baseline-suite/jazz/InventoryItem/JAZZ_MagNormalFine_PISTOL_9.lua: Активный generated companion отсутствует в metadata.code.
ERROR [jazz] tmp/integration-20260916/baseline-suite/jazz/InventoryItem/JAZZ_MagNormalFine_PSG1.lua: Активный generated companion отсутствует в metadata.code.
ERROR [jazz] tmp/integration-20260916/baseline-suite/jazz/InventoryItem/JAZZ_MagNormalFine.lua: Активный generated companion отсутствует в metadata.code.
ERROR [jazz] tmp/integration-20260916/baseline-suite/jazz/InventoryItem/JAZZ_MagNormalG18.lua: Активный generated companion отсутствует в metadata.code.
ERROR [jazz] tmp/integration-20260916/baseline-suite/jazz/InventoryItem/JAZZ_MagQuick_AK.lua: Активный generated companion отсутствует в metadata.code.
ERROR [jazz] tmp/integration-20260916/baseline-suite/jazz/InventoryItem/JAZZ_MagQuick_AR15.lua: Активный generated companion отсутствует в metadata.code.
ERROR [jazz] tmp/integration-20260916/baseline-suite/jazz/InventoryItem/JAZZ_MagQuick_AUG.lua: Активный generated companion отсутствует в metadata.code.
ERROR [jazz] tmp/integration-20260916/baseline-suite/jazz/InventoryItem/JAZZ_MagQuick_G36.lua: Активный generated companion отсутствует в metadata.code.
ERROR [jazz] tmp/integration-20260916/baseline-suite/jazz/InventoryItem/JAZZ_MagQuick_GALIL.lua: Активный generated companion отсутствует в metadata.code.
ERROR [jazz] tmp/integration-20260916/baseline-suite/jazz/InventoryItem/JAZZ_MagQuick_MP5.lua: Активный generated companion отсутствует в metadata.code.
ERROR [jazz] tmp/integration-20260916/baseline-suite/jazz/InventoryItem/JAZZ_MagQuick.lua: Активный generated companion отсутствует в metadata.code.
ERROR [jazz] tmp/integration-20260916/baseline-suite/jazz/InventoryItem/JAZZ_MagSmall20_10_G3.lua: Активный generated companion отсутствует в metadata.code.
ERROR [jazz] tmp/integration-20260916/baseline-suite/jazz/InventoryItem/JAZZ_MagSmall20_10_M14.lua: Активный generated companion отсутствует в metadata.code.
ERROR [jazz] tmp/integration-20260916/baseline-suite/jazz/InventoryItem/JAZZ_MagSmall20_10.lua: Активный generated companion отсутствует в metadata.code.
ERROR [jazz] tmp/integration-20260916/baseline-suite/jazz/InventoryItem/JAZZ_MagSmall30_15_M2CARBINE.lua: Активный generated companion отсутствует в metadata.code.
ERROR [jazz] tmp/integration-20260916/baseline-suite/jazz/InventoryItem/JAZZ_MagSmall30_15_MP5.lua: Активный generated companion отсутствует в metadata.code.
ERROR [jazz] tmp/integration-20260916/baseline-suite/jazz/InventoryItem/JAZZ_MagSmall30_15_TMP.lua: Активный generated companion отсутствует в metadata.code.
ERROR [jazz] tmp/integration-20260916/baseline-suite/jazz/InventoryItem/JAZZ_MagSmall30_15.lua: Активный generated companion отсутствует в metadata.code.
ERROR [jazz] tmp/integration-20260916/baseline-suite/jazz/InventoryItem/JAZZ_MagSmall30_20.lua: Активный generated companion отсутствует в metadata.code.
ERROR [jazz] tmp/integration-20260916/baseline-suite/jazz/InventoryItem/JAZZ_Morphine.lua: Активный generated companion отсутствует в metadata.code.
ERROR [jazz] tmp/integration-20260916/baseline-suite/jazz/InventoryItem/JAZZ_NightScope_M3.lua: Активный generated companion отсутствует в metadata.code.
ERROR [jazz] tmp/integration-20260916/baseline-suite/jazz/InventoryItem/JAZZ_NightScope_NSPU.lua: Активный generated companion отсутствует в metadata.code.
ERROR [jazz] tmp/integration-20260916/baseline-suite/jazz/InventoryItem/JAZZ_NightScope.lua: Активный generated companion отсутствует в metadata.code.
ERROR [jazz] tmp/integration-20260916/baseline-suite/jazz/InventoryItem/JAZZ_PistolSuppressor.lua: Активный generated companion отсутствует в metadata.code.
ERROR [jazz] tmp/integration-20260916/baseline-suite/jazz/InventoryItem/JAZZ_Reflex_Aimpoint5000.lua: Активный generated companion отсутствует в metadata.code.
ERROR [jazz] tmp/integration-20260916/baseline-suite/jazz/InventoryItem/JAZZ_Reflex_Closed.lua: Активный generated companion отсутствует в metadata.code.
ERROR [jazz] tmp/integration-20260916/baseline-suite/jazz/InventoryItem/JAZZ_Reflex_Cobra.lua: Активный generated companion отсутствует в metadata.code.
ERROR [jazz] tmp/integration-20260916/baseline-suite/jazz/InventoryItem/JAZZ_Reflex_Eotech.lua: Активный generated companion отсутствует в metadata.code.
ERROR [jazz] tmp/integration-20260916/baseline-suite/jazz/InventoryItem/JAZZ_Reflex_Garand.lua: Активный generated companion отсутствует в metadata.code.
ERROR [jazz] tmp/integration-20260916/baseline-suite/jazz/InventoryItem/JAZZ_Reflex_M68.lua: Активный generated companion отсутствует в metadata.code.
ERROR [jazz] tmp/integration-20260916/baseline-suite/jazz/InventoryItem/JAZZ_Reflex_Open.lua: Активный generated companion отсутствует в metadata.code.
ERROR [jazz] tmp/integration-20260916/baseline-suite/jazz/InventoryItem/JAZZ_Reflex_Pistol.lua: Активный generated companion отсутствует в metadata.code.
ERROR [jazz] tmp/integration-20260916/baseline-suite/jazz/InventoryItem/JAZZ_Reflex_PKAS.lua: Активный generated companion отсутствует в metadata.code.
ERROR [jazz] tmp/integration-20260916/baseline-suite/jazz/InventoryItem/JAZZ_RemovableAttachment.lua: Активный generated companion отсутствует в metadata.code.
ERROR [jazz] tmp/integration-20260916/baseline-suite/jazz/InventoryItem/JAZZ_Scope_12x.lua: Активный generated companion отсутствует в metadata.code.
ERROR [jazz] tmp/integration-20260916/baseline-suite/jazz/InventoryItem/JAZZ_Scope_3x_9x.lua: Активный generated companion отсутствует в metadata.code.
ERROR [jazz] tmp/integration-20260916/baseline-suite/jazz/InventoryItem/JAZZ_Scope_6x.lua: Активный generated companion отсутствует в metadata.code.
ERROR [jazz] tmp/integration-20260916/baseline-suite/jazz/InventoryItem/JAZZ_Scope_8x_SCROME.lua: Активный generated companion отсутствует в metadata.code.
ERROR [jazz] tmp/integration-20260916/baseline-suite/jazz/InventoryItem/JAZZ_Scope_DA15_6x.lua: Активный generated companion отсутствует в metadata.code.
ERROR [jazz] tmp/integration-20260916/baseline-suite/jazz/InventoryItem/JAZZ_Scope_Garand.lua: Активный generated companion отсутствует в metadata.code.
ERROR [jazz] tmp/integration-20260916/baseline-suite/jazz/InventoryItem/JAZZ_Scope_PSG.lua: Активный generated companion отсутствует в metadata.code.
ERROR [jazz] tmp/integration-20260916/baseline-suite/jazz/InventoryItem/JAZZ_Scope_PSO.lua: Активный generated companion отсутствует в metadata.code.
ERROR [jazz] tmp/integration-20260916/baseline-suite/jazz/InventoryItem/JAZZ_Scope_PU.lua: Активный generated companion отсутствует в metadata.code.
ERROR [jazz] tmp/integration-20260916/baseline-suite/jazz/InventoryItem/JAZZ_Scope_Scout.lua: Активный generated companion отсутствует в metadata.code.
ERROR [jazz] tmp/integration-20260916/baseline-suite/jazz/InventoryItem/JAZZ_Scope_Springfield.lua: Активный generated companion отсутствует в metadata.code.
ERROR [jazz] tmp/integration-20260916/baseline-suite/jazz/InventoryItem/JAZZ_Scope_ZF4.lua: Активный generated companion отсутствует в metadata.code.
ERROR [jazz] tmp/integration-20260916/baseline-suite/jazz/InventoryItem/JAZZ_Scope_ZRAK.lua: Активный generated companion отсутствует в metadata.code.
ERROR [jazz] tmp/integration-20260916/baseline-suite/jazz/InventoryItem/JAZZ_ScopeParts.lua: Активный generated companion отсутствует в metadata.code.
ERROR [jazz] tmp/integration-20260916/baseline-suite/jazz/InventoryItem/JAZZ_Suppressor.lua: Активный generated companion отсутствует в metadata.code.
ERROR [jazz] tmp/integration-20260916/baseline-suite/jazz/InventoryItem/JAZZ_SuppressorImproved.lua: Активный generated companion отсутствует в metadata.code.
ERROR [jazz] tmp/integration-20260916/baseline-suite/jazz/InventoryItem/JAZZ_SuppressorIntegrated.lua: Активный generated companion отсутствует в metadata.code.
ERROR [jazz] tmp/integration-20260916/baseline-suite/jazz/InventoryItem/JAZZ_SurgicalKit.lua: Активный generated companion отсутствует в metadata.code.
ERROR [jazz] tmp/integration-20260916/baseline-suite/jazz/InventoryItem/JAZZ_TacGrip_M14.lua: Активный generated companion отсутствует в metadata.code.
ERROR [jazz] tmp/integration-20260916/baseline-suite/jazz/InventoryItem/JAZZ_TacGrip.lua: Активный generated companion отсутствует в metadata.code.
ERROR [jazz] tmp/integration-20260916/baseline-suite/jazz/InventoryItem/JAZZ_Type56Bayo.lua: Активный generated companion отсутствует в metadata.code.
ERROR [jazz] tmp/integration-20260916/baseline-suite/jazz/InventoryItem/JAZZ_Type56BayoF.lua: Активный generated companion отсутствует в metadata.code.
ERROR [jazz] tmp/integration-20260916/baseline-suite/jazz/InventoryItem/JAZZ_UVDot_aa12.lua: Активный generated companion отсутствует в metadata.code.
ERROR [jazz] tmp/integration-20260916/baseline-suite/jazz/InventoryItem/JAZZ_UVDot_Anaconda.lua: Активный generated companion отсутствует в metadata.code.
ERROR [jazz] tmp/integration-20260916/baseline-suite/jazz/InventoryItem/JAZZ_UVDot_PSG_M1.lua: Активный generated companion отсутствует в metadata.code.
ERROR [jazz] tmp/integration-20260916/baseline-suite/jazz/InventoryItem/JAZZ_UVDot.lua: Активный generated companion отсутствует в metadata.code.
ERROR [jazz] tmp/integration-20260916/baseline-suite/jazz/InventoryItem/JAZZ_VerticalGrip_Commando.lua: Активный generated companion отсутствует в metadata.code.
ERROR [jazz] tmp/integration-20260916/baseline-suite/jazz/InventoryItem/JAZZ_VerticalGrip_M14.lua: Активный generated companion отсутствует в metadata.code.
ERROR [jazz] tmp/integration-20260916/baseline-suite/jazz/InventoryItem/JAZZ_VerticalGrip.lua: Активный generated companion отсутствует в metadata.code.
ERROR [jazz] tmp/integration-20260916/baseline-suite/jazz/InventoryItem/JazzArmor_6B13.lua: Активный generated companion отсутствует в metadata.code.
ERROR [jazz] tmp/integration-20260916/baseline-suite/jazz/InventoryItem/JazzArmor_6B3.lua: Активный generated companion отсутствует в metadata.code.
ERROR [jazz] tmp/integration-20260916/baseline-suite/jazz/InventoryItem/JazzArmor_6b7Helm.lua: Активный generated companion отсутствует в metadata.code.
ERROR [jazz] tmp/integration-20260916/baseline-suite/jazz/InventoryItem/JazzArmor_AdrianHelmet.lua: Активный generated companion отсутствует в metadata.code.
ERROR [jazz] tmp/integration-20260916/baseline-suite/jazz/InventoryItem/JazzArmor_AltynHelm.lua: Активный generated companion отсутствует в metadata.code.
ERROR [jazz] tmp/integration-20260916/baseline-suite/jazz/InventoryItem/JazzArmor_AssaultCuirass.lua: Активный generated companion отсутствует в metadata.code.
ERROR [jazz] tmp/integration-20260916/baseline-suite/jazz/InventoryItem/JazzArmor_BallisticMask.lua: Активный generated companion отсутствует в metadata.code.
ERROR [jazz] tmp/integration-20260916/baseline-suite/jazz/InventoryItem/JazzArmor_CamoBalaclava.lua: Активный generated companion отсутствует в metadata.code.
ERROR [jazz] tmp/integration-20260916/baseline-suite/jazz/InventoryItem/JazzArmor_CamoKneePads.lua: Активный generated companion отсутствует в metadata.code.
ERROR [jazz] tmp/integration-20260916/baseline-suite/jazz/InventoryItem/JazzArmor_Chainmail.lua: Активный generated companion отсутствует в metadata.code.
ERROR [jazz] tmp/integration-20260916/baseline-suite/jazz/InventoryItem/JazzArmor_ConstructionHelmet.lua: Активный generated companion отсутствует в metadata.code.
ERROR [jazz] tmp/integration-20260916/baseline-suite/jazz/InventoryItem/JazzArmor_EOD.lua: Активный generated companion отсутствует в metadata.code.
ERROR [jazz] tmp/integration-20260916/baseline-suite/jazz/InventoryItem/JazzArmor_ESS.lua: Активный generated companion отсутствует в metadata.code.
ERROR [jazz] tmp/integration-20260916/baseline-suite/jazz/InventoryItem/JazzArmor_FlakM1955.lua: Активный generated companion отсутствует в metadata.code.
ERROR [jazz] tmp/integration-20260916/baseline-suite/jazz/InventoryItem/JazzArmor_FlakM69.lua: Активный generated companion отсутствует в metadata.code.
ERROR [jazz] tmp/integration-20260916/baseline-suite/jazz/InventoryItem/JazzArmor_GuardianFull.lua: Активный generated companion отсутствует в metadata.code.
ERROR [jazz] tmp/integration-20260916/baseline-suite/jazz/InventoryItem/JazzArmor_GuardianHeavyLegs.lua: Активный generated companion отсутствует в metadata.code.
ERROR [jazz] tmp/integration-20260916/baseline-suite/jazz/InventoryItem/JazzArmor_GuardianHelm.lua: Активный generated companion отсутствует в metadata.code.
ERROR [jazz] tmp/integration-20260916/baseline-suite/jazz/InventoryItem/JazzArmor_GuardianHelmHeavy.lua: Активный generated companion отсутствует в metadata.code.
ERROR [jazz] tmp/integration-20260916/baseline-suite/jazz/InventoryItem/JazzArmor_GuardianLegs.lua: Активный generated companion отсутствует в metadata.code.
ERROR [jazz] tmp/integration-20260916/baseline-suite/jazz/InventoryItem/JazzArmor_GuardianLight.lua: Активный generated companion отсутствует в metadata.code.
ERROR [jazz] tmp/integration-20260916/baseline-suite/jazz/InventoryItem/JazzArmor_GuardianMedium.lua: Активный generated companion отсутствует в metadata.code.
ERROR [jazz] tmp/integration-20260916/baseline-suite/jazz/InventoryItem/JazzArmor_IBA.lua: Активный generated companion отсутствует в metadata.code.
ERROR [jazz] tmp/integration-20260916/baseline-suite/jazz/InventoryItem/JazzArmor_IBAFull.lua: Активный generated companion отсутствует в metadata.code.
ERROR [jazz] tmp/integration-20260916/baseline-suite/jazz/InventoryItem/JazzArmor_IBALight.lua: Активный generated companion отсутствует в metadata.code.
ERROR [jazz] tmp/integration-20260916/baseline-suite/jazz/InventoryItem/JazzArmor_ImprovisedCuirass.lua: Активный generated companion отсутствует в metadata.code.
ERROR [jazz] tmp/integration-20260916/baseline-suite/jazz/InventoryItem/JazzArmor_LeatherArmor.lua: Активный generated companion отсутствует в metadata.code.
ERROR [jazz] tmp/integration-20260916/baseline-suite/jazz/InventoryItem/JazzArmor_LeatherJacketBlk.lua: Активный generated companion отсутствует в metadata.code.
ERROR [jazz] tmp/integration-20260916/baseline-suite/jazz/InventoryItem/JazzArmor_LeatherJacketBrn.lua: Активный generated companion отсутствует в metadata.code.
ERROR [jazz] tmp/integration-20260916/baseline-suite/jazz/InventoryItem/JazzArmor_LeatherPants.lua: Активный generated companion отсутствует в metadata.code.
ERROR [jazz] tmp/integration-20260916/baseline-suite/jazz/InventoryItem/JazzArmor_LeatherVest.lua: Активный generated companion отсутствует в metadata.code.
ERROR [jazz] tmp/integration-20260916/baseline-suite/jazz/InventoryItem/JazzArmor_M1Helm.lua: Активный generated companion отсутствует в metadata.code.
ERROR [jazz] tmp/integration-20260916/baseline-suite/jazz/InventoryItem/JazzArmor_MetalHelm.lua: Активный generated companion отсутствует в metadata.code.
ERROR [jazz] tmp/integration-20260916/baseline-suite/jazz/InventoryItem/JazzArmor_Mich2000.lua: Активный generated companion отсутствует в metadata.code.
ERROR [jazz] tmp/integration-20260916/baseline-suite/jazz/InventoryItem/JazzArmor_Mich2001.lua: Активный generated companion отсутствует в metadata.code.
ERROR [jazz] tmp/integration-20260916/baseline-suite/jazz/InventoryItem/JazzArmor_MotoKneePads.lua: Активный generated companion отсутствует в metadata.code.
ERROR [jazz] tmp/integration-20260916/baseline-suite/jazz/InventoryItem/JazzArmor_NVG1.lua: Активный generated companion отсутствует в metadata.code.
ERROR [jazz] tmp/integration-20260916/baseline-suite/jazz/InventoryItem/JazzArmor_NVG2.lua: Активный generated companion отсутствует в metadata.code.
ERROR [jazz] tmp/integration-20260916/baseline-suite/jazz/InventoryItem/JazzArmor_NVG3.lua: Активный generated companion отсутствует в metadata.code.
ERROR [jazz] tmp/integration-20260916/baseline-suite/jazz/InventoryItem/JazzArmor_PASGT.lua: Активный generated companion отсутствует в metadata.code.
ERROR [jazz] tmp/integration-20260916/baseline-suite/jazz/InventoryItem/JazzArmor_PASGTHelm.lua: Активный generated companion отсутствует в metadata.code.
ERROR [jazz] tmp/integration-20260916/baseline-suite/jazz/InventoryItem/JazzArmor_PoliceVest.lua: Активный generated companion отсутствует в metadata.code.
ERROR [jazz] tmp/integration-20260916/baseline-suite/jazz/InventoryItem/JazzArmor_ProTecHelm.lua: Активный generated companion отсутствует в metadata.code.
ERROR [jazz] tmp/integration-20260916/baseline-suite/jazz/InventoryItem/JazzArmor_RaiderKneePads.lua: Активный generated companion отсутствует в metadata.code.
ERROR [jazz] tmp/integration-20260916/baseline-suite/jazz/InventoryItem/JazzArmor_RaiderMetalLeggins.lua: Активный generated companion отсутствует в metadata.code.
ERROR [jazz] tmp/integration-20260916/baseline-suite/jazz/InventoryItem/JazzArmor_RBA.lua: Активный generated companion отсутствует в metadata.code.
ERROR [jazz] tmp/integration-20260916/baseline-suite/jazz/InventoryItem/JazzArmor_SovietAssaultArmor.lua: Активный generated companion отсутствует в metadata.code.
ERROR [jazz] tmp/integration-20260916/baseline-suite/jazz/InventoryItem/JazzArmor_SovietHelm.lua: Активный generated companion отсутствует в metadata.code.
ERROR [jazz] tmp/integration-20260916/baseline-suite/jazz/InventoryItem/JazzArmor_Spectra.lua: Активный generated companion отсутствует в metadata.code.
ERROR [jazz] tmp/integration-20260916/baseline-suite/jazz/InventoryItem/JazzArmor_SpectraCompositum.lua: Активный generated companion отсутствует в metadata.code.
ERROR [jazz] tmp/integration-20260916/baseline-suite/jazz/InventoryItem/JazzArmor_SpectraFull.lua: Активный generated companion отсутствует в metadata.code.
ERROR [jazz] tmp/integration-20260916/baseline-suite/jazz/InventoryItem/JazzArmor_SpectraFullCompositum.lua: Активный generated companion отсутствует в metadata.code.
ERROR [jazz] tmp/integration-20260916/baseline-suite/jazz/InventoryItem/JazzArmor_SpectraHelm.lua: Активный generated companion отсутствует в metadata.code.
ERROR [jazz] tmp/integration-20260916/baseline-suite/jazz/InventoryItem/JazzArmor_SpectraLegs.lua: Активный generated companion отсутствует в metadata.code.
ERROR [jazz] tmp/integration-20260916/baseline-suite/jazz/InventoryItem/JazzArmor_Stahlhelm.lua: Активный generated companion отсутствует в metadata.code.
ERROR [jazz] tmp/integration-20260916/baseline-suite/jazz/InventoryItem/JazzArmor_STSHHelm.lua: Активный generated companion отсутствует в metadata.code.
ERROR [jazz] tmp/integration-20260916/baseline-suite/jazz/InventoryItem/JazzArmor_Sunglasses.lua: Активный generated companion отсутствует в metadata.code.
ERROR [jazz] tmp/integration-20260916/baseline-suite/jazz/InventoryItem/JazzArmor_SWAT.lua: Активный generated companion отсутствует в metadata.code.
ERROR [jazz] tmp/integration-20260916/baseline-suite/jazz/InventoryItem/JazzArmor_SwatPads.lua: Активный generated companion отсутствует в metadata.code.
ERROR [jazz] tmp/integration-20260916/baseline-suite/jazz/InventoryItem/JazzArmor_TireArmor.lua: Активный generated companion отсутствует в metadata.code.
ERROR [jazz] tmp/integration-20260916/baseline-suite/jazz/InventoryItem/JazzArmor_TireBrigantine.lua: Активный generated companion отсутствует в metadata.code.
ERROR [jazz] tmp/integration-20260916/baseline-suite/jazz/InventoryItem/JazzArmor_TwaronFull.lua: Активный generated companion отсутствует в metadata.code.
ERROR [jazz] tmp/integration-20260916/baseline-suite/jazz/InventoryItem/JazzArmor_TwaronHeavyLegs.lua: Активный generated companion отсутствует в metadata.code.
ERROR [jazz] tmp/integration-20260916/baseline-suite/jazz/InventoryItem/JazzArmor_TwaronHelm.lua: Активный generated companion отсутствует в metadata.code.
ERROR [jazz] tmp/integration-20260916/baseline-suite/jazz/InventoryItem/JazzArmor_TwaronHelmHeavy.lua: Активный generated companion отсутствует в metadata.code.
ERROR [jazz] tmp/integration-20260916/baseline-suite/jazz/InventoryItem/JazzArmor_TwaronLegs.lua: Активный generated companion отсутствует в metadata.code.
ERROR [jazz] tmp/integration-20260916/baseline-suite/jazz/InventoryItem/JazzArmor_TwaronLight.lua: Активный generated companion отсутствует в metadata.code.
ERROR [jazz] tmp/integration-20260916/baseline-suite/jazz/InventoryItem/JazzArmor_TwaronMedium.lua: Активный generated companion отсутствует в metadata.code.
ERROR [jazz] tmp/integration-20260916/baseline-suite/jazz/InventoryItem/JazzArmor_UHMWPE.lua: Активный generated companion отсутствует в metadata.code.
ERROR [jazz] tmp/integration-20260916/baseline-suite/jazz/InventoryItem/JazzArmor_UHMWPEFull.lua: Активный generated companion отсутствует в metadata.code.
ERROR [jazz] tmp/integration-20260916/baseline-suite/jazz/InventoryItem/JazzArmor_UHMWPEHelm.lua: Активный generated companion отсутствует в metadata.code.
ERROR [jazz] tmp/integration-20260916/baseline-suite/jazz/InventoryItem/JazzArmor_UHMWPELegs.lua: Активный generated companion отсутствует в metadata.code.
ERROR [jazz] tmp/integration-20260916/baseline-suite/jazz/InventoryItem/JazzArmor_Uniform.lua: Активный generated companion отсутствует в metadata.code.
ERROR [jazz] tmp/integration-20260916/baseline-suite/jazz/InventoryItem/JazzArmor_UniformCap.lua: Активный generated companion отсутствует в metadata.code.
ERROR [jazz] tmp/integration-20260916/baseline-suite/jazz/InventoryItem/JazzArmor_UniformPants.lua: Активный generated companion отсутствует в metadata.code.
ERROR [jazz] tmp/integration-20260916/baseline-suite/jazz/InventoryItem/JazzArmor_WieldingHelm.lua: Активный generated companion отсутствует в metadata.code.
ERROR [jazz] tmp/integration-20260916/baseline-suite/jazz/InventoryItem/JazzArmor_ZylonFull.lua: Активный generated companion отсутствует в metadata.code.
ERROR [jazz] tmp/integration-20260916/baseline-suite/jazz/InventoryItem/JazzArmor_ZylonHeavyLegs.lua: Активный generated companion отсутствует в metadata.code.
ERROR [jazz] tmp/integration-20260916/baseline-suite/jazz/InventoryItem/JazzArmor_ZylonHelm.lua: Активный generated companion отсутствует в metadata.code.
ERROR [jazz] tmp/integration-20260916/baseline-suite/jazz/InventoryItem/JazzArmor_ZylonHelmHeavy.lua: Активный generated companion отсутствует в metadata.code.
ERROR [jazz] tmp/integration-20260916/baseline-suite/jazz/InventoryItem/JazzArmor_ZylonLegs.lua: Активный generated companion отсутствует в metadata.code.
ERROR [jazz] tmp/integration-20260916/baseline-suite/jazz/InventoryItem/JazzArmor_ZylonLight.lua: Активный generated companion отсутствует в metadata.code.
ERROR [jazz] tmp/integration-20260916/baseline-suite/jazz/InventoryItem/JazzArmor_ZylonMedium.lua: Активный generated companion отсутствует в metadata.code.
ERROR [jazz] tmp/integration-20260916/baseline-suite/jazz/InventoryItem/JazzArmorPlates_Ceramics3.lua: Активный generated companion отсутствует в metadata.code.
ERROR [jazz] tmp/integration-20260916/baseline-suite/jazz/InventoryItem/JazzArmorPlates_Ceramics4.lua: Активный generated companion отсутствует в metadata.code.
ERROR [jazz] tmp/integration-20260916/baseline-suite/jazz/InventoryItem/JazzArmorPlates_Ceramics5.lua: Активный generated companion отсутствует в metadata.code.
ERROR [jazz] tmp/integration-20260916/baseline-suite/jazz/InventoryItem/JazzArmorPlates_Kevlar.lua: Активный generated companion отсутствует в metadata.code.
ERROR [jazz] tmp/integration-20260916/baseline-suite/jazz/InventoryItem/JazzArmorPlates_Scrap.lua: Активный generated companion отсутствует в metadata.code.
ERROR [jazz] tmp/integration-20260916/baseline-suite/jazz/InventoryItem/JazzArmorPlates_Steel3.lua: Активный generated companion отсутствует в metadata.code.
ERROR [jazz] tmp/integration-20260916/baseline-suite/jazz/InventoryItem/JazzArmorPlates_Steel4.lua: Активный generated companion отсутствует в metadata.code.
ERROR [jazz] tmp/integration-20260916/baseline-suite/jazz/InventoryItem/JazzArmorPlates_Steel5.lua: Активный generated companion отсутствует в metadata.code.
ERROR [jazz] tmp/integration-20260916/baseline-suite/jazz/InventoryItem/JazzArmorPlates_Titan3.lua: Активный generated companion отсутствует в metadata.code.
ERROR [jazz] tmp/integration-20260916/baseline-suite/jazz/InventoryItem/JazzArmorPlates_Titan4.lua: Активный generated companion отсутствует в metadata.code.
ERROR [jazz] tmp/integration-20260916/baseline-suite/jazz/InventoryItem/JazzArmorPlates_Titan5.lua: Активный generated companion отсутствует в metadata.code.
ERROR [jazz] tmp/integration-20260916/baseline-suite/jazz/InventoryItem/JazzArmorPlates_Twaron.lua: Активный generated companion отсутствует в metadata.code.
ERROR [jazz] tmp/integration-20260916/baseline-suite/jazz/InventoryItem/KevlarChestplate_CeramicPlates.lua: Активный generated companion отсутствует в metadata.code.
ERROR [jazz] tmp/integration-20260916/baseline-suite/jazz/InventoryItem/KevlarChestplate_Kompositum.lua: Активный generated companion отсутствует в metadata.code.
ERROR [jazz] tmp/integration-20260916/baseline-suite/jazz/InventoryItem/KevlarChestplate_WeavePadding.lua: Активный generated companion отсутствует в metadata.code.
ERROR [jazz] tmp/integration-20260916/baseline-suite/jazz/InventoryItem/KevlarChestplate.lua: Активный generated companion отсутствует в metadata.code.
ERROR [jazz] tmp/integration-20260916/baseline-suite/jazz/InventoryItem/KevlarHelmet_Kompositum.lua: Активный generated companion отсутствует в metadata.code.
ERROR [jazz] tmp/integration-20260916/baseline-suite/jazz/InventoryItem/KevlarHelmet_WeavePadding.lua: Активный generated companion отсутствует в metadata.code.
ERROR [jazz] tmp/integration-20260916/baseline-suite/jazz/InventoryItem/KevlarHelmet.lua: Активный generated companion отсутствует в metadata.code.
ERROR [jazz] tmp/integration-20260916/baseline-suite/jazz/InventoryItem/KevlarLeggings_Kompositum.lua: Активный generated companion отсутствует в metadata.code.
ERROR [jazz] tmp/integration-20260916/baseline-suite/jazz/InventoryItem/KevlarLeggings_WeavePadding.lua: Активный generated companion отсутствует в metadata.code.
ERROR [jazz] tmp/integration-20260916/baseline-suite/jazz/InventoryItem/KevlarLeggings.lua: Активный generated companion отсутствует в metadata.code.
ERROR [jazz] tmp/integration-20260916/baseline-suite/jazz/InventoryItem/KevlarVest_CeramicPlates.lua: Активный generated companion отсутствует в metadata.code.
ERROR [jazz] tmp/integration-20260916/baseline-suite/jazz/InventoryItem/KevlarVest_Kompositum.lua: Активный generated companion отсутствует в metadata.code.
ERROR [jazz] tmp/integration-20260916/baseline-suite/jazz/InventoryItem/KevlarVest_WeavePadding.lua: Активный generated companion отсутствует в metadata.code.
ERROR [jazz] tmp/integration-20260916/baseline-suite/jazz/InventoryItem/KevlarVest.lua: Активный generated companion отсутствует в metadata.code.
ERROR [jazz] tmp/integration-20260916/baseline-suite/jazz/InventoryItem/Kimber.lua: Активный generated companion отсутствует в metadata.code.
ERROR [jazz] tmp/integration-20260916/baseline-suite/jazz/InventoryItem/Knife_Balanced.lua: Активный generated companion отсутствует в metadata.code.
ERROR [jazz] tmp/integration-20260916/baseline-suite/jazz/InventoryItem/Knife_Sharpened.lua: Активный generated companion отсутствует в metadata.code.
ERROR [jazz] tmp/integration-20260916/baseline-suite/jazz/InventoryItem/Knife.lua: Активный generated companion отсутствует в metadata.code.
ERROR [jazz] tmp/integration-20260916/baseline-suite/jazz/InventoryItem/Korth.lua: Активный generated companion отсутствует в metadata.code.
ERROR [jazz] tmp/integration-20260916/baseline-suite/jazz/InventoryItem/L42A1.lua: Активный generated companion отсутствует в metadata.code.
ERROR [jazz] tmp/integration-20260916/baseline-suite/jazz/InventoryItem/LightHelmet_Kompositum.lua: Активный generated companion отсутствует в metadata.code.
ERROR [jazz] tmp/integration-20260916/baseline-suite/jazz/InventoryItem/LightHelmet_WeavePadding.lua: Активный generated companion отсутствует в metadata.code.
ERROR [jazz] tmp/integration-20260916/baseline-suite/jazz/InventoryItem/LightHelmet.lua: Активный generated companion отсутствует в metadata.code.
ERROR [jazz] tmp/integration-20260916/baseline-suite/jazz/InventoryItem/LionRoar.lua: Активный generated companion отсутствует в metadata.code.
ERROR [jazz] tmp/integration-20260916/baseline-suite/jazz/InventoryItem/Lockpick.lua: Активный generated companion отсутствует в metadata.code.
ERROR [jazz] tmp/integration-20260916/baseline-suite/jazz/InventoryItem/Luger.lua: Активный generated companion отсутствует в metadata.code.
ERROR [jazz] tmp/integration-20260916/baseline-suite/jazz/InventoryItem/M14SAW.lua: Активный generated companion отсутствует в metadata.code.
ERROR [jazz] tmp/integration-20260916/baseline-suite/jazz/InventoryItem/M16A1.lua: Активный generated companion отсутствует в metadata.code.
ERROR [jazz] tmp/integration-20260916/baseline-suite/jazz/InventoryItem/M16A2.lua: Активный generated companion отсутствует в metadata.code.
ERROR [jazz] tmp/integration-20260916/baseline-suite/jazz/InventoryItem/M16A4.lua: Активный generated companion отсутствует в metadata.code.
ERROR [jazz] tmp/integration-20260916/baseline-suite/jazz/InventoryItem/M1897.lua: Активный generated companion отсутствует в metadata.code.
ERROR [jazz] tmp/integration-20260916/baseline-suite/jazz/InventoryItem/M1A.lua: Активный generated companion отсутствует в metadata.code.
ERROR [jazz] tmp/integration-20260916/baseline-suite/jazz/InventoryItem/M1Garand.lua: Активный generated companion отсутствует в metadata.code.
ERROR [jazz] tmp/integration-20260916/baseline-suite/jazz/InventoryItem/M21.lua: Активный generated companion отсутствует в metadata.code.
ERROR [jazz] tmp/integration-20260916/baseline-suite/jazz/InventoryItem/M24Sniper.lua: Активный generated companion отсутствует в metadata.code.
ERROR [jazz] tmp/integration-20260916/baseline-suite/jazz/InventoryItem/M2Carbine.lua: Активный generated companion отсутствует в metadata.code.
ERROR [jazz] tmp/integration-20260916/baseline-suite/jazz/InventoryItem/M3GreaseGun.lua: Активный generated companion отсутствует в metadata.code.
ERROR [jazz] tmp/integration-20260916/baseline-suite/jazz/InventoryItem/M41Shotgun.lua: Активный generated companion отсутствует в metadata.code.
ERROR [jazz] tmp/integration-20260916/baseline-suite/jazz/InventoryItem/M45.lua: Активный generated companion отсутствует в metadata.code.
ERROR [jazz] tmp/integration-20260916/baseline-suite/jazz/InventoryItem/M4A1.lua: Активный generated companion отсутствует в metadata.code.
ERROR [jazz] tmp/integration-20260916/baseline-suite/jazz/InventoryItem/M4Commando.lua: Активный generated companion отсутствует в metadata.code.
ERROR [jazz] tmp/integration-20260916/baseline-suite/jazz/InventoryItem/M60.lua: Активный generated companion отсутствует в metadata.code.
ERROR [jazz] tmp/integration-20260916/baseline-suite/jazz/InventoryItem/M60E3.lua: Активный generated companion отсутствует в metadata.code.
ERROR [jazz] tmp/integration-20260916/baseline-suite/jazz/InventoryItem/M60E4.lua: Активный generated companion отсутствует в metadata.code.
ERROR [jazz] tmp/integration-20260916/baseline-suite/jazz/InventoryItem/M700.lua: Активный generated companion отсутствует в metadata.code.
ERROR [jazz] tmp/integration-20260916/baseline-suite/jazz/InventoryItem/M72LAW.lua: Активный generated companion отсутствует в metadata.code.
ERROR [jazz] tmp/integration-20260916/baseline-suite/jazz/InventoryItem/M79.lua: Активный generated companion отсутствует в metadata.code.
ERROR [jazz] tmp/integration-20260916/baseline-suite/jazz/InventoryItem/MAC10.lua: Активный generated companion отсутствует в metadata.code.
ERROR [jazz] tmp/integration-20260916/baseline-suite/jazz/InventoryItem/MAC1950.lua: Активный generated companion отсутствует в metadata.code.
ERROR [jazz] tmp/integration-20260916/baseline-suite/jazz/InventoryItem/MAC2429.lua: Активный generated companion отсутствует в metadata.code.
ERROR [jazz] tmp/integration-20260916/baseline-suite/jazz/InventoryItem/Machete_Balanced.lua: Активный generated companion отсутствует в metadata.code.
ERROR [jazz] tmp/integration-20260916/baseline-suite/jazz/InventoryItem/Machete_Sharpened.lua: Активный generated companion отсутствует в metadata.code.
ERROR [jazz] tmp/integration-20260916/baseline-suite/jazz/InventoryItem/Machete.lua: Активный generated companion отсутствует в metadata.code.
ERROR [jazz] tmp/integration-20260916/baseline-suite/jazz/InventoryItem/Makarov.lua: Активный generated companion отсутствует в metadata.code.
ERROR [jazz] tmp/integration-20260916/baseline-suite/jazz/InventoryItem/MAS36.lua: Активный generated companion отсутствует в metadata.code.
ERROR [jazz] tmp/integration-20260916/baseline-suite/jazz/InventoryItem/MAS49.lua: Активный generated companion отсутствует в metadata.code.
ERROR [jazz] tmp/integration-20260916/baseline-suite/jazz/InventoryItem/MAT49.lua: Активный generated companion отсутствует в metadata.code.
ERROR [jazz] tmp/integration-20260916/baseline-suite/jazz/InventoryItem/MedicalReport.lua: Активный generated companion отсутствует в metadata.code.
ERROR [jazz] tmp/integration-20260916/baseline-suite/jazz/InventoryItem/Medkit.lua: Активный generated companion отсутствует в metadata.code.
ERROR [jazz] tmp/integration-20260916/baseline-suite/jazz/InventoryItem/Meds.lua: Активный generated companion отсутствует в metadata.code.
ERROR [jazz] tmp/integration-20260916/baseline-suite/jazz/InventoryItem/MetaviraShot.lua: Активный generated companion отсутствует в metadata.code.
ERROR [jazz] tmp/integration-20260916/baseline-suite/jazz/InventoryItem/MG42.lua: Активный generated companion отсутствует в metadata.code.
ERROR [jazz] tmp/integration-20260916/baseline-suite/jazz/InventoryItem/MG58.lua: Активный generated companion отсутствует в metadata.code.
ERROR [jazz] tmp/integration-20260916/baseline-suite/jazz/InventoryItem/MGL.lua: Активный generated companion отсутствует в metadata.code.
ERROR [jazz] tmp/integration-20260916/baseline-suite/jazz/InventoryItem/Microchip.lua: Активный generated companion отсутствует в metadata.code.
ERROR [jazz] tmp/integration-20260916/baseline-suite/jazz/InventoryItem/MicroUZI.lua: Активный generated companion отсутствует в metadata.code.
ERROR [jazz] tmp/integration-20260916/baseline-suite/jazz/InventoryItem/Mini14.lua: Активный generated companion отсутствует в metadata.code.
ERROR [jazz] tmp/integration-20260916/baseline-suite/jazz/InventoryItem/Molotov.lua: Активный generated companion отсутствует в metadata.code.
ERROR [jazz] tmp/integration-20260916/baseline-suite/jazz/InventoryItem/MortarInventoryItem.lua: Активный generated companion отсутствует в metadata.code.
ERROR [jazz] tmp/integration-20260916/baseline-suite/jazz/InventoryItem/MortarShell_Gas.lua: Активный generated companion отсутствует в metadata.code.
ERROR [jazz] tmp/integration-20260916/baseline-suite/jazz/InventoryItem/MortarShell_HE.lua: Активный generated companion отсутствует в metadata.code.
ERROR [jazz] tmp/integration-20260916/baseline-suite/jazz/InventoryItem/MortarShell_Smoke.lua: Активный generated companion отсутствует в metadata.code.
ERROR [jazz] tmp/integration-20260916/baseline-suite/jazz/InventoryItem/Mosin.lua: Активный generated companion отсутствует в metadata.code.
ERROR [jazz] tmp/integration-20260916/baseline-suite/jazz/InventoryItem/MP40.lua: Активный generated companion отсутствует в metadata.code.
ERROR [jazz] tmp/integration-20260916/baseline-suite/jazz/InventoryItem/MP446VIKING.lua: Активный generated companion отсутствует в metadata.code.
ERROR [jazz] tmp/integration-20260916/baseline-suite/jazz/InventoryItem/MP5.lua: Активный generated companion отсутствует в metadata.code.
ERROR [jazz] tmp/integration-20260916/baseline-suite/jazz/InventoryItem/MP5A2.lua: Активный generated companion отсутствует в metadata.code.
ERROR [jazz] tmp/integration-20260916/baseline-suite/jazz/InventoryItem/MP5A4.lua: Активный generated companion отсутствует в metadata.code.
ERROR [jazz] tmp/integration-20260916/baseline-suite/jazz/InventoryItem/MP5K.lua: Активный generated companion отсутствует в metadata.code.
ERROR [jazz] tmp/integration-20260916/baseline-suite/jazz/InventoryItem/MP5SD.lua: Активный generated companion отсутствует в metadata.code.
ERROR [jazz] tmp/integration-20260916/baseline-suite/jazz/InventoryItem/MP7.lua: Активный generated companion отсутствует в metadata.code.
ERROR [jazz] tmp/integration-20260916/baseline-suite/jazz/InventoryItem/MPL.lua: Активный generated companion отсутствует в metadata.code.
ERROR [jazz] tmp/integration-20260916/baseline-suite/jazz/InventoryItem/MR73.lua: Активный generated companion отсутствует в metadata.code.
ERROR [jazz] tmp/integration-20260916/baseline-suite/jazz/InventoryItem/NailsLeatherVest.lua: Активный generated companion отсутствует в metadata.code.
ERROR [jazz] tmp/integration-20260916/baseline-suite/jazz/InventoryItem/NightVisionGoggles.lua: Активный generated companion отсутствует в metadata.code.
ERROR [jazz] tmp/integration-20260916/baseline-suite/jazz/InventoryItem/OilFilter.lua: Активный generated companion отсутствует в metadata.code.
ERROR [jazz] tmp/integration-20260916/baseline-suite/jazz/InventoryItem/OpticalLens.lua: Активный generated companion отсутствует в metadata.code.
ERROR [jazz] tmp/integration-20260916/baseline-suite/jazz/InventoryItem/P210.lua: Активный generated companion отсутствует в metadata.code.
ERROR [jazz] tmp/integration-20260916/baseline-suite/jazz/InventoryItem/P220.lua: Активный generated companion отсутствует в metadata.code.
ERROR [jazz] tmp/integration-20260916/baseline-suite/jazz/InventoryItem/P226.lua: Активный generated companion отсутствует в metadata.code.
ERROR [jazz] tmp/integration-20260916/baseline-suite/jazz/InventoryItem/P38.lua: Активный generated companion отсутствует в metadata.code.
ERROR [jazz] tmp/integration-20260916/baseline-suite/jazz/InventoryItem/P90.lua: Активный generated companion отсутствует в metadata.code.
ERROR [jazz] tmp/integration-20260916/baseline-suite/jazz/InventoryItem/PaBaggzWill.lua: Активный generated companion отсутствует в metadata.code.
ERROR [jazz] tmp/integration-20260916/baseline-suite/jazz/InventoryItem/Pamphlets_LysRouge.lua: Активный generated companion отсутствует в metadata.code.
ERROR [jazz] tmp/integration-20260916/baseline-suite/jazz/InventoryItem/Pamphlets.lua: Активный generated companion отсутствует в metadata.code.
ERROR [jazz] tmp/integration-20260916/baseline-suite/jazz/InventoryItem/Parts.lua: Активный generated companion отсутствует в metadata.code.
ERROR [jazz] tmp/integration-20260916/baseline-suite/jazz/InventoryItem/PB.lua: Активный generated companion отсутствует в metadata.code.
ERROR [jazz] tmp/integration-20260916/baseline-suite/jazz/InventoryItem/Personal_Vicki_CustomTools.lua: Активный generated companion отсутствует в metadata.code.
ERROR [jazz] tmp/integration-20260916/baseline-suite/jazz/InventoryItem/PETN.lua: Активный generated companion отсутствует в metadata.code.
ERROR [jazz] tmp/integration-20260916/baseline-suite/jazz/InventoryItem/PierreMachete.lua: Активный generated companion отсутствует в metadata.code.
ERROR [jazz] tmp/integration-20260916/baseline-suite/jazz/InventoryItem/PipeBomb.lua: Активный generated companion отсутствует в metadata.code.
ERROR [jazz] tmp/integration-20260916/baseline-suite/jazz/InventoryItem/PKM.lua: Активный generated companion отсутствует в metadata.code.
ERROR [jazz] tmp/integration-20260916/baseline-suite/jazz/InventoryItem/PlasmaGun_Crowbar.lua: Активный generated companion отсутствует в metadata.code.
ERROR [jazz] tmp/integration-20260916/baseline-suite/jazz/InventoryItem/PostApoHelmet.lua: Активный generated companion отсутствует в metadata.code.
ERROR [jazz] tmp/integration-20260916/baseline-suite/jazz/InventoryItem/PP19Bizon.lua: Активный generated companion отсутствует в metadata.code.
ERROR [jazz] tmp/integration-20260916/baseline-suite/jazz/InventoryItem/PPS43.lua: Активный generated companion отсутствует в metadata.code.
ERROR [jazz] tmp/integration-20260916/baseline-suite/jazz/InventoryItem/PPSH.lua: Активный generated companion отсутствует в metadata.code.
ERROR [jazz] tmp/integration-20260916/baseline-suite/jazz/InventoryItem/ProximityC4.lua: Активный generated companion отсутствует в metadata.code.
ERROR [jazz] tmp/integration-20260916/baseline-suite/jazz/InventoryItem/ProximityPETN.lua: Активный generated companion отсутствует в metadata.code.
ERROR [jazz] tmp/integration-20260916/baseline-suite/jazz/InventoryItem/ProximityTNT.lua: Активный generated companion отсутствует в metadata.code.
ERROR [jazz] tmp/integration-20260916/baseline-suite/jazz/InventoryItem/PSG1.lua: Активный generated companion отсутствует в metadata.code.
ERROR [jazz] tmp/integration-20260916/baseline-suite/jazz/InventoryItem/R870.lua: Активный generated companion отсутствует в metadata.code.
ERROR [jazz] tmp/integration-20260916/baseline-suite/jazz/InventoryItem/Reanimationsset.lua: Активный generated companion отсутствует в metadata.code.
ERROR [jazz] tmp/integration-20260916/baseline-suite/jazz/InventoryItem/RemoteC4.lua: Активный generated companion отсутствует в metadata.code.
ERROR [jazz] tmp/integration-20260916/baseline-suite/jazz/InventoryItem/RemotePETN.lua: Активный generated companion отсутствует в metadata.code.
ERROR [jazz] tmp/integration-20260916/baseline-suite/jazz/InventoryItem/RemoteTNT.lua: Активный generated companion отсутствует в metadata.code.
ERROR [jazz] tmp/integration-20260916/baseline-suite/jazz/InventoryItem/RPD.lua: Активный generated companion отсутствует в metadata.code.
ERROR [jazz] tmp/integration-20260916/baseline-suite/jazz/InventoryItem/RPG7.lua: Активный generated companion отсутствует в metadata.code.
ERROR [jazz] tmp/integration-20260916/baseline-suite/jazz/InventoryItem/RPK.lua: Активный generated companion отсутствует в metadata.code.
ERROR [jazz] tmp/integration-20260916/baseline-suite/jazz/InventoryItem/RPK74.lua: Активный generated companion отсутствует в metadata.code.
ERROR [jazz] tmp/integration-20260916/baseline-suite/jazz/InventoryItem/RSH12.lua: Активный generated companion отсутствует в metadata.code.
ERROR [jazz] tmp/integration-20260916/baseline-suite/jazz/InventoryItem/Scorpion.lua: Активный generated companion отсутствует в metadata.code.
ERROR [jazz] tmp/integration-20260916/baseline-suite/jazz/InventoryItem/ScoutSniper.lua: Активный generated companion отсутствует в metadata.code.
ERROR [jazz] tmp/integration-20260916/baseline-suite/jazz/InventoryItem/ShamanHelmet.lua: Активный generated companion отсутствует в metadata.code.
ERROR [jazz] tmp/integration-20260916/baseline-suite/jazz/InventoryItem/ShamanLeggings.lua: Активный generated companion отсутствует в metadata.code.
ERROR [jazz] tmp/integration-20260916/baseline-suite/jazz/InventoryItem/ShamanTorso.lua: Активный generated companion отсутствует в metadata.code.
ERROR [jazz] tmp/integration-20260916/baseline-suite/jazz/InventoryItem/ShapedCharge.lua: Активный generated companion отсутствует в metadata.code.
ERROR [jazz] tmp/integration-20260916/baseline-suite/jazz/InventoryItem/Sig550.lua: Активный generated companion отсутствует в metadata.code.
ERROR [jazz] tmp/integration-20260916/baseline-suite/jazz/InventoryItem/Sig550Custom.lua: Активный generated companion отсутствует в metadata.code.
ERROR [jazz] tmp/integration-20260916/baseline-suite/jazz/InventoryItem/Sig552.lua: Активный generated companion отсутствует в metadata.code.
ERROR [jazz] tmp/integration-20260916/baseline-suite/jazz/InventoryItem/Sig552SWAT.lua: Активный generated companion отсутствует в metadata.code.
ERROR [jazz] tmp/integration-20260916/baseline-suite/jazz/InventoryItem/SkillMag_Agility.lua: Активный generated companion отсутствует в metadata.code.
ERROR [jazz] tmp/integration-20260916/baseline-suite/jazz/InventoryItem/SkillMag_Dexterity.lua: Активный generated companion отсутствует в metadata.code.
ERROR [jazz] tmp/integration-20260916/baseline-suite/jazz/InventoryItem/SkillMag_Explosives.lua: Активный generated companion отсутствует в metadata.code.
ERROR [jazz] tmp/integration-20260916/baseline-suite/jazz/InventoryItem/SkillMag_Health.lua: Активный generated companion отсутствует в metadata.code.
ERROR [jazz] tmp/integration-20260916/baseline-suite/jazz/InventoryItem/SkillMag_Leadership.lua: Активный generated companion отсутствует в metadata.code.
ERROR [jazz] tmp/integration-20260916/baseline-suite/jazz/InventoryItem/SkillMag_Marksmanship.lua: Активный generated companion отсутствует в metadata.code.
ERROR [jazz] tmp/integration-20260916/baseline-suite/jazz/InventoryItem/SkillMag_Mechanical.lua: Активный generated companion отсутствует в metadata.code.
ERROR [jazz] tmp/integration-20260916/baseline-suite/jazz/InventoryItem/SkillMag_Medical.lua: Активный generated companion отсутствует в metadata.code.
ERROR [jazz] tmp/integration-20260916/baseline-suite/jazz/InventoryItem/SkillMag_Strength.lua: Активный generated companion отсутствует в metadata.code.
ERROR [jazz] tmp/integration-20260916/baseline-suite/jazz/InventoryItem/SkillMag_Wisdom.lua: Активный generated companion отсутствует в metadata.code.
ERROR [jazz] tmp/integration-20260916/baseline-suite/jazz/InventoryItem/SKS.lua: Активный generated companion отсутствует в metadata.code.
ERROR [jazz] tmp/integration-20260916/baseline-suite/jazz/InventoryItem/SmokeGrenade.lua: Активный generated companion отсутствует в metadata.code.
ERROR [jazz] tmp/integration-20260916/baseline-suite/jazz/InventoryItem/SPAS12.lua: Активный generated companion отсутствует в metadata.code.
ERROR [jazz] tmp/integration-20260916/baseline-suite/jazz/InventoryItem/SpectreM4.lua: Активный generated companion отсутствует в metadata.code.
ERROR [jazz] tmp/integration-20260916/baseline-suite/jazz/InventoryItem/Springfield.lua: Активный generated companion отсутствует в metadata.code.
ERROR [jazz] tmp/integration-20260916/baseline-suite/jazz/InventoryItem/SR3M.lua: Активный generated companion отсутствует в metadata.code.
ERROR [jazz] tmp/integration-20260916/baseline-suite/jazz/InventoryItem/Sterling.lua: Активный generated companion отсутствует в metadata.code.
ERROR [jazz] tmp/integration-20260916/baseline-suite/jazz/InventoryItem/STG44.lua: Активный generated companion отсутствует в metadata.code.
ERROR [jazz] tmp/integration-20260916/baseline-suite/jazz/InventoryItem/Stoeger.lua: Активный generated companion отсутствует в metadata.code.
ERROR [jazz] tmp/integration-20260916/baseline-suite/jazz/InventoryItem/Striker.lua: Активный generated companion отсутствует в metadata.code.
ERROR [jazz] tmp/integration-20260916/baseline-suite/jazz/InventoryItem/Suppressor_Rifle.lua: Активный generated companion отсутствует в metadata.code.
ERROR [jazz] tmp/integration-20260916/baseline-suite/jazz/InventoryItem/Suppressor.lua: Активный generated companion отсутствует в metadata.code.
ERROR [jazz] tmp/integration-20260916/baseline-suite/jazz/InventoryItem/SVT40.lua: Активный generated companion отсутствует в metadata.code.
ERROR [jazz] tmp/integration-20260916/baseline-suite/jazz/InventoryItem/SVU.lua: Активный generated companion отсутствует в metadata.code.
ERROR [jazz] tmp/integration-20260916/baseline-suite/jazz/InventoryItem/SWModel10.lua: Активный generated companion отсутствует в metadata.code.
ERROR [jazz] tmp/integration-20260916/baseline-suite/jazz/InventoryItem/SWModel19.lua: Активный generated companion отсутствует в metadata.code.
ERROR [jazz] tmp/integration-20260916/baseline-suite/jazz/InventoryItem/SWModel29.lua: Активный generated companion отсутствует в metadata.code.
ERROR [jazz] tmp/integration-20260916/baseline-suite/jazz/InventoryItem/SWModel52.lua: Активный generated companion отсутствует в metadata.code.
ERROR [jazz] tmp/integration-20260916/baseline-suite/jazz/InventoryItem/SWModel5906.lua: Активный generated companion отсутствует в metadata.code.
ERROR [jazz] tmp/integration-20260916/baseline-suite/jazz/InventoryItem/TearGasGrenade.lua: Активный generated companion отсутствует в metadata.code.
ERROR [jazz] tmp/integration-20260916/baseline-suite/jazz/InventoryItem/Ted.lua: Активный generated companion отсутствует в metadata.code.
ERROR [jazz] tmp/integration-20260916/baseline-suite/jazz/InventoryItem/TexRevolver.lua: Активный generated companion отсутствует в metadata.code.
ERROR [jazz] tmp/integration-20260916/baseline-suite/jazz/InventoryItem/Thompson.lua: Активный generated companion отсутствует в metadata.code.
ERROR [jazz] tmp/integration-20260916/baseline-suite/jazz/InventoryItem/TimedC4.lua: Активный generated companion отсутствует в metadata.code.
ERROR [jazz] tmp/integration-20260916/baseline-suite/jazz/InventoryItem/TimedPETN.lua: Активный generated companion отсутствует в metadata.code.
ERROR [jazz] tmp/integration-20260916/baseline-suite/jazz/InventoryItem/TimedTNT.lua: Активный generated companion отсутствует в metadata.code.
ERROR [jazz] tmp/integration-20260916/baseline-suite/jazz/InventoryItem/TMP.lua: Активный generated companion отсутствует в metadata.code.
ERROR [jazz] tmp/integration-20260916/baseline-suite/jazz/InventoryItem/TNT.lua: Активный generated companion отсутствует в metadata.code.
ERROR [jazz] tmp/integration-20260916/baseline-suite/jazz/InventoryItem/ToxicGasGrenade.lua: Активный generated companion отсутствует в metadata.code.
ERROR [jazz] tmp/integration-20260916/baseline-suite/jazz/InventoryItem/Trench_Shovel.lua: Активный generated companion отсутствует в metadata.code.
ERROR [jazz] tmp/integration-20260916/baseline-suite/jazz/InventoryItem/Trophy.lua: Активный generated companion отсутствует в metadata.code.
ERROR [jazz] tmp/integration-20260916/baseline-suite/jazz/InventoryItem/TT33.lua: Активный generated companion отсутствует в metadata.code.
ERROR [jazz] tmp/integration-20260916/baseline-suite/jazz/InventoryItem/Type56.lua: Активный generated companion отсутствует в metadata.code.
ERROR [jazz] tmp/integration-20260916/baseline-suite/jazz/InventoryItem/U100.lua: Активный generated companion отсутствует в metadata.code.
ERROR [jazz] tmp/integration-20260916/baseline-suite/jazz/InventoryItem/UMP45.lua: Активный generated companion отсутствует в metadata.code.
ERROR [jazz] tmp/integration-20260916/baseline-suite/jazz/InventoryItem/Unarmed.lua: Активный generated companion отсутствует в metadata.code.
ERROR [jazz] tmp/integration-20260916/baseline-suite/jazz/InventoryItem/UnderslungGrenadeLauncher.lua: Активный generated companion отсутствует в metadata.code.
ERROR [jazz] tmp/integration-20260916/baseline-suite/jazz/InventoryItem/US_Passport.lua: Активный generated companion отсутствует в metadata.code.
ERROR [jazz] tmp/integration-20260916/baseline-suite/jazz/InventoryItem/USAS12.lua: Активный generated companion отсутствует в metadata.code.
ERROR [jazz] tmp/integration-20260916/baseline-suite/jazz/InventoryItem/USP45.lua: Активный generated companion отсутствует в metadata.code.
ERROR [jazz] tmp/integration-20260916/baseline-suite/jazz/InventoryItem/UZI.lua: Активный generated companion отсутствует в metadata.code.
ERROR [jazz] tmp/integration-20260916/baseline-suite/jazz/InventoryItem/VectorCP1.lua: Активный generated companion отсутствует в metadata.code.
ERROR [jazz] tmp/integration-20260916/baseline-suite/jazz/InventoryItem/Vest_test.lua: Активный generated companion отсутствует в metadata.code.
ERROR [jazz] tmp/integration-20260916/baseline-suite/jazz/InventoryItem/VirusSample.lua: Активный generated companion отсутствует в metadata.code.
ERROR [jazz] tmp/integration-20260916/baseline-suite/jazz/InventoryItem/VSS.lua: Активный generated companion отсутствует в metadata.code.
ERROR [jazz] tmp/integration-20260916/baseline-suite/jazz/InventoryItem/Warhead_Frag.lua: Активный generated companion отсутствует в metadata.code.
ERROR [jazz] tmp/integration-20260916/baseline-suite/jazz/InventoryItem/Webley.lua: Активный generated companion отсутствует в metadata.code.
ERROR [jazz] tmp/integration-20260916/baseline-suite/jazz/InventoryItem/WeirdosMap.lua: Активный generated companion отсутствует в metadata.code.
ERROR [jazz] tmp/integration-20260916/baseline-suite/jazz/InventoryItem/Welrod.lua: Активный generated companion отсутствует в metadata.code.
ERROR [jazz] tmp/integration-20260916/baseline-suite/jazz/InventoryItem/Wig.lua: Активный generated companion отсутствует в metadata.code.
ERROR [jazz] tmp/integration-20260916/baseline-suite/jazz/InventoryItem/Winchester_Quest.lua: Активный generated companion отсутствует в metadata.code.
ERROR [jazz] tmp/integration-20260916/baseline-suite/jazz/InventoryItem/Winchester1894.lua: Активный generated companion отсутствует в metadata.code.
ERROR [jazz] tmp/integration-20260916/baseline-suite/jazz/InventoryItem/Wirecutter.lua: Активный generated companion отсутствует в metadata.code.
ERROR [jazz] tmp/integration-20260916/baseline-suite/jazz/InventoryItem/WorkerDiary.lua: Активный generated companion отсутствует в metadata.code.
ERROR [jazz] tmp/integration-20260916/baseline-suite/jazz/InventoryItem/WriterDiary.lua: Активный generated companion отсутствует в metadata.code.
ERROR [jazz] tmp/integration-20260916/baseline-suite/jazz/InventoryItem/WriterLetter.lua: Активный generated companion отсутствует в metadata.code.
ERROR [jazz] tmp/integration-20260916/baseline-suite/jazz/InventoryItem/WriterPage.lua: Активный generated companion отсутствует в metadata.code.
ERROR [jazz] tmp/integration-20260916/baseline-suite/jazz/InventoryItem/Zastava_M70.lua: Активный generated companion отсутствует в metadata.code.
ERROR [jazz] tmp/integration-20260916/baseline-suite/jazz/InventoryItem/ZastavaM76.lua: Активный generated companion отсутствует в metadata.code.
ERROR [jazz] tmp/integration-20260916/baseline-suite/jazz/InventoryItem/ZastavaM92.lua: Активный generated companion отсутствует в metadata.code.
ERROR [jazz] tmp/integration-20260916/baseline-suite/jazz/InventoryItem/vanillunique/Auto5_quest.lua: Активный generated companion отсутствует в metadata.code.
ERROR [jazz] tmp/integration-20260916/baseline-suite/jazz/InventoryItem/vanillunique/Galil_FlagHill.lua: Активный generated companion отсутствует в metadata.code.
ERROR [jazz] tmp/integration-20260916/baseline-suite/jazz/InventoryItem/vanillunique/GoldenGun.lua: Активный generated companion отсутствует в metadata.code.
ERROR [jazz] tmp/integration-20260916/baseline-suite/jazz/InventoryItem/vanillunique/LionRoar.lua: Активный generated companion отсутствует в metadata.code.
ERROR [jazz] tmp/integration-20260916/baseline-suite/jazz/InventoryItem/vanillunique/TexRevolver.lua: Активный generated companion отсутствует в metadata.code.
ERROR [jazz] tmp/integration-20260916/baseline-suite/jazz/InventoryItem/vanillunique/Winchester_Quest.lua: Активный generated companion отсутствует в metadata.code.
ERROR [jazz] tmp/inventory-container-fix/TraumaLegsHeavy.before.lua: Активный generated companion отсутствует в metadata.code.
ERROR [jazz] tmp/inventory-container-fix/TraumaLegsLight.before.lua: Активный generated companion отсутствует в metadata.code.
ERROR [jazz] tmp/inventory-container-fix/TraumaLegsMedium.before.lua: Активный generated companion отсутствует в metadata.code.
ERROR [jazz] tmp/inventory-container-fix/TraumaRibsHeavy.before.lua: Активный generated companion отсутствует в metadata.code.
ERROR [jazz] tmp/inventory-container-fix/TraumaRibsLight.before.lua: Активный generated companion отсутствует в metadata.code.
ERROR [jazz] tmp/inventory-container-fix/TraumaRibsMedium.before.lua: Активный generated companion отсутствует в metadata.code.
ERROR [jazz] tmp/release-stage-v0.20.6219/jazz/CharacterEffect/Analgesia.lua: Активный generated companion отсутствует в metadata.code.
ERROR [jazz] tmp/release-stage-v0.20.6219/jazz/CharacterEffect/Armsshot.lua: Активный generated companion отсутствует в metadata.code.
ERROR [jazz] tmp/release-stage-v0.20.6219/jazz/CharacterEffect/AutoWeapons.lua: Активный generated companion отсутствует в metadata.code.
ERROR [jazz] tmp/release-stage-v0.20.6219/jazz/CharacterEffect/BandageInCombat.lua: Активный generated companion отсутствует в metadata.code.
ERROR [jazz] tmp/release-stage-v0.20.6219/jazz/CharacterEffect/BipodUnfolded.lua: Активный generated companion отсутствует в metadata.code.
ERROR [jazz] tmp/release-stage-v0.20.6219/jazz/CharacterEffect/Bleeding.lua: Активный generated companion отсутствует в metadata.code.
ERROR [jazz] tmp/release-stage-v0.20.6219/jazz/CharacterEffect/BleedingChance.lua: Активный generated companion отсутствует в metadata.code.
ERROR [jazz] tmp/release-stage-v0.20.6219/jazz/CharacterEffect/BleedingHeavy.lua: Активный generated companion отсутствует в metadata.code.
ERROR [jazz] tmp/release-stage-v0.20.6219/jazz/CharacterEffect/BleedingMedium.lua: Активный generated companion отсутствует в metadata.code.
ERROR [jazz] tmp/release-stage-v0.20.6219/jazz/CharacterEffect/BleedingOut.lua: Активный generated companion отсутствует в metadata.code.
ERROR [jazz] tmp/release-stage-v0.20.6219/jazz/CharacterEffect/Blinded.lua: Активный generated companion отсутствует в metadata.code.
ERROR [jazz] tmp/release-stage-v0.20.6219/jazz/CharacterEffect/BloodLoss1.lua: Активный generated companion отсутствует в metadata.code.
ERROR [jazz] tmp/release-stage-v0.20.6219/jazz/CharacterEffect/BloodLoss10.lua: Активный generated companion отсутствует в metadata.code.
ERROR [jazz] tmp/release-stage-v0.20.6219/jazz/CharacterEffect/BloodLoss20.lua: Активный generated companion отсутствует в metadata.code.
ERROR [jazz] tmp/release-stage-v0.20.6219/jazz/CharacterEffect/BloodLoss30.lua: Активный generated companion отсутствует в metadata.code.
ERROR [jazz] tmp/release-stage-v0.20.6219/jazz/CharacterEffect/BloodLoss40.lua: Активный generated companion отсутствует в metadata.code.
ERROR [jazz] tmp/release-stage-v0.20.6219/jazz/CharacterEffect/BloodLoss5.lua: Активный generated companion отсутствует в metadata.code.
ERROR [jazz] tmp/release-stage-v0.20.6219/jazz/CharacterEffect/BloodLoss50.lua: Активный generated companion отсутствует в metadata.code.
ERROR [jazz] tmp/release-stage-v0.20.6219/jazz/CharacterEffect/Bond.lua: Активный generated companion отсутствует в metadata.code.
ERROR [jazz] tmp/release-stage-v0.20.6219/jazz/CharacterEffect/BuildingConfidence.lua: Активный generated companion отсутствует в metadata.code.
ERROR [jazz] tmp/release-stage-v0.20.6219/jazz/CharacterEffect/BulletHell.lua: Активный generated companion отсутствует в metadata.code.
ERROR [jazz] tmp/release-stage-v0.20.6219/jazz/CharacterEffect/Burning.lua: Активный generated companion отсутствует в metadata.code.
ERROR [jazz] tmp/release-stage-v0.20.6219/jazz/CharacterEffect/Choking.lua: Активный generated companion отсутствует в metadata.code.
ERROR [jazz] tmp/release-stage-v0.20.6219/jazz/CharacterEffect/Claustrophobic.lua: Активный generated companion отсутствует в metadata.code.
ERROR [jazz] tmp/release-stage-v0.20.6219/jazz/CharacterEffect/Concussion.lua: Активный generated companion отсутствует в metadata.code.
ERROR [jazz] tmp/release-stage-v0.20.6219/jazz/CharacterEffect/DamageReduction.lua: Активный generated companion отсутствует в metadata.code.
ERROR [jazz] tmp/release-stage-v0.20.6219/jazz/CharacterEffect/DangerClose.lua: Активный generated companion отсутствует в metadata.code.
ERROR [jazz] tmp/release-stage-v0.20.6219/jazz/CharacterEffect/DesignerExplosives.lua: Активный generated companion отсутствует в metadata.code.
ERROR [jazz] tmp/release-stage-v0.20.6219/jazz/CharacterEffect/Drunk.lua: Активный generated companion отсутствует в metadata.code.
ERROR [jazz] tmp/release-stage-v0.20.6219/jazz/CharacterEffect/Exhausted.lua: Активный generated companion отсутствует в metadata.code.
ERROR [jazz] tmp/release-stage-v0.20.6219/jazz/CharacterEffect/ExplodingPalm.lua: Активный generated companion отсутствует в metadata.code.
ERROR [jazz] tmp/release-stage-v0.20.6219/jazz/CharacterEffect/Fatigued.lua: Активный generated companion отсутствует в metadata.code.
ERROR [jazz] tmp/release-stage-v0.20.6219/jazz/CharacterEffect/Fit.lua: Активный generated companion отсутствует в metadata.code.
ERROR [jazz] tmp/release-stage-v0.20.6219/jazz/CharacterEffect/FreeMove.lua: Активный generated companion отсутствует в metadata.code.
ERROR [jazz] tmp/release-stage-v0.20.6219/jazz/CharacterEffect/GloryHog.lua: Активный generated companion отсутствует в metadata.code.
ERROR [jazz] tmp/release-stage-v0.20.6219/jazz/CharacterEffect/GrizzlyPerk.lua: Активный generated companion отсутствует в metadata.code.
ERROR [jazz] tmp/release-stage-v0.20.6219/jazz/CharacterEffect/Groinshot.lua: Активный generated companion отсутствует в metadata.code.
ERROR [jazz] tmp/release-stage-v0.20.6219/jazz/CharacterEffect/Grunty_AdditionalAP.lua: Активный generated companion отсутствует в metadata.code.
ERROR [jazz] tmp/release-stage-v0.20.6219/jazz/CharacterEffect/GruntyPerk_JAZZ.lua: Активный generated companion отсутствует в metadata.code.
ERROR [jazz] tmp/release-stage-v0.20.6219/jazz/CharacterEffect/GruntyPerk.lua: Активный generated companion отсутствует в metadata.code.
ERROR [jazz] tmp/release-stage-v0.20.6219/jazz/CharacterEffect/HaveABlast.lua: Активный generated companion отсутствует в metadata.code.
ERROR [jazz] tmp/release-stage-v0.20.6219/jazz/CharacterEffect/HawksEye.lua: Активный generated companion отсутствует в metadata.code.
ERROR [jazz] tmp/release-stage-v0.20.6219/jazz/CharacterEffect/Headshot.lua: Активный generated companion отсутствует в metadata.code.
ERROR [jazz] tmp/release-stage-v0.20.6219/jazz/CharacterEffect/HeavyWeaponsTraining.lua: Активный generated companion отсутствует в metadata.code.
ERROR [jazz] tmp/release-stage-v0.20.6219/jazz/CharacterEffect/Hemophobic.lua: Активный generated companion отсутствует в metadata.code.
ERROR [jazz] tmp/release-stage-v0.20.6219/jazz/CharacterEffect/Inaccurate.lua: Активный generated companion отсутствует в metadata.code.
ERROR [jazz] tmp/release-stage-v0.20.6219/jazz/CharacterEffect/InnerInfo_JAZZ.lua: Активный generated companion отсутствует в metadata.code.
ERROR [jazz] tmp/release-stage-v0.20.6219/jazz/CharacterEffect/InnerInfo.lua: Активный generated companion отсутствует в metadata.code.
ERROR [jazz] tmp/release-stage-v0.20.6219/jazz/CharacterEffect/Ironclad.lua: Активный generated companion отсутствует в metadata.code.
ERROR [jazz] tmp/release-stage-v0.20.6219/jazz/CharacterEffect/JackOfAllTrades.lua: Активный generated companion отсутствует в metadata.code.
ERROR [jazz] tmp/release-stage-v0.20.6219/jazz/CharacterEffect/Jazz_CombatMedicBuff.lua: Активный generated companion отсутствует в metadata.code.
ERROR [jazz] tmp/release-stage-v0.20.6219/jazz/CharacterEffect/Jazz_MakeThemBleedBuff.lua: Активный generated companion отсутствует в metadata.code.
ERROR [jazz] tmp/release-stage-v0.20.6219/jazz/CharacterEffect/Jazz_MiguelAuraDown.lua: Активный generated companion отсутствует в metadata.code.
ERROR [jazz] tmp/release-stage-v0.20.6219/jazz/CharacterEffect/Jazz_MiguelAuraUp.lua: Активный generated companion отсутствует в metadata.code.
ERROR [jazz] tmp/release-stage-v0.20.6219/jazz/CharacterEffect/Jazz_OrderAP.lua: Активный generated companion отсутствует в metadata.code.
ERROR [jazz] tmp/release-stage-v0.20.6219/jazz/CharacterEffect/Jazz_OrderCTH.lua: Активный generated companion отсутствует в metadata.code.
ERROR [jazz] tmp/release-stage-v0.20.6219/jazz/CharacterEffect/Jazz_Perk_00.lua: Активный generated companion отсутствует в metadata.code.
ERROR [jazz] tmp/release-stage-v0.20.6219/jazz/CharacterEffect/Jazz_Perk_Allik.lua: Активный generated companion отсутствует в metadata.code.
ERROR [jazz] tmp/release-stage-v0.20.6219/jazz/CharacterEffect/Jazz_Perk_Benny.lua: Активный generated companion отсутствует в metadata.code.
ERROR [jazz] tmp/release-stage-v0.20.6219/jazz/CharacterEffect/Jazz_Perk_Biff.lua: Активный generated companion отсутствует в metadata.code.
ERROR [jazz] tmp/release-stage-v0.20.6219/jazz/CharacterEffect/Jazz_Perk_Biggens.lua: Активный generated companion отсутствует в metadata.code.
ERROR [jazz] tmp/release-stage-v0.20.6219/jazz/CharacterEffect/Jazz_Perk_Blade.lua: Активный generated companion отсутствует в metadata.code.
ERROR [jazz] tmp/release-stage-v0.20.6219/jazz/CharacterEffect/Jazz_Perk_Bull.lua: Активный generated companion отсутствует в metadata.code.
ERROR [jazz] tmp/release-stage-v0.20.6219/jazz/CharacterEffect/Jazz_Perk_Buzz.lua: Активный generated companion отсутствует в metadata.code.
ERROR [jazz] tmp/release-stage-v0.20.6219/jazz/CharacterEffect/Jazz_Perk_Carlos.lua: Активный generated companion отсутствует в metadata.code.
ERROR [jazz] tmp/release-stage-v0.20.6219/jazz/CharacterEffect/Jazz_Perk_Colby.lua: Активный generated companion отсутствует в metadata.code.
ERROR [jazz] tmp/release-stage-v0.20.6219/jazz/CharacterEffect/Jazz_Perk_Conrad.lua: Активный generated companion отсутствует в metadata.code.
ERROR [jazz] tmp/release-stage-v0.20.6219/jazz/CharacterEffect/Jazz_Perk_Cord.lua: Активный generated companion отсутствует в metadata.code.
ERROR [jazz] tmp/release-stage-v0.20.6219/jazz/CharacterEffect/Jazz_Perk_Cougar.lua: Активный generated companion отсутствует в metadata.code.
ERROR [jazz] tmp/release-stage-v0.20.6219/jazz/CharacterEffect/Jazz_Perk_Devin.lua: Активный generated companion отсутствует в metadata.code.
ERROR [jazz] tmp/release-stage-v0.20.6219/jazz/CharacterEffect/Jazz_Perk_Dimitri.lua: Активный generated companion отсутствует в metadata.code.
ERROR [jazz] tmp/release-stage-v0.20.6219/jazz/CharacterEffect/Jazz_Perk_Dynamo.lua: Активный generated companion отсутствует в metadata.code.
ERROR [jazz] tmp/release-stage-v0.20.6219/jazz/CharacterEffect/Jazz_Perk_Eskimo.lua: Активный generated companion отсутствует в metadata.code.
ERROR [jazz] tmp/release-stage-v0.20.6219/jazz/CharacterEffect/Jazz_Perk_Flo.lua: Активный generated companion отсутствует в metadata.code.
ERROR [jazz] tmp/release-stage-v0.20.6219/jazz/CharacterEffect/Jazz_Perk_Gamos.lua: Активный generated companion отсутствует в metadata.code.
ERROR [jazz] tmp/release-stage-v0.20.6219/jazz/CharacterEffect/Jazz_Perk_Gaston.lua: Активный generated companion отсутствует в metadata.code.
ERROR [jazz] tmp/release-stage-v0.20.6219/jazz/CharacterEffect/Jazz_Perk_Grace.lua: Активный generated companion отсутствует в metadata.code.
ERROR [jazz] tmp/release-stage-v0.20.6219/jazz/CharacterEffect/Jazz_Perk_Grom.lua: Активный generated companion отсутствует в metadata.code.
ERROR [jazz] tmp/release-stage-v0.20.6219/jazz/CharacterEffect/Jazz_Perk_Henning.lua: Активный generated companion отсутствует в metadata.code.
ERROR [jazz] tmp/release-stage-v0.20.6219/jazz/CharacterEffect/Jazz_Perk_Highball.lua: Активный generated companion отсутствует в metadata.code.
ERROR [jazz] tmp/release-stage-v0.20.6219/jazz/CharacterEffect/Jazz_Perk_Hitman.lua: Активный generated companion отсутствует в metadata.code.
ERROR [jazz] tmp/release-stage-v0.20.6219/jazz/CharacterEffect/Jazz_Perk_Hobbit.lua: Активный generated companion отсутствует в metadata.code.
ERROR [jazz] tmp/release-stage-v0.20.6219/jazz/CharacterEffect/Jazz_Perk_Horg.lua: Активный generated companion отсутствует в metadata.code.
ERROR [jazz] tmp/release-stage-v0.20.6219/jazz/CharacterEffect/Jazz_Perk_Iggy.lua: Активный generated companion отсутствует в metadata.code.
ERROR [jazz] tmp/release-stage-v0.20.6219/jazz/CharacterEffect/Jazz_Perk_Ira.lua: Активный generated companion отсутствует в metadata.code.
ERROR [jazz] tmp/release-stage-v0.20.6219/jazz/CharacterEffect/Jazz_Perk_Kulba.lua: Активный generated companion отсутствует в metadata.code.
ERROR [jazz] tmp/release-stage-v0.20.6219/jazz/CharacterEffect/Jazz_Perk_Laura.lua: Активный generated companion отсутствует в metadata.code.
ERROR [jazz] tmp/release-stage-v0.20.6219/jazz/CharacterEffect/Jazz_Perk_Lucky.lua: Активный generated companion отсутствует в metadata.code.
ERROR [jazz] tmp/release-stage-v0.20.6219/jazz/CharacterEffect/Jazz_Perk_Lynx.lua: Активный generated companion отсутствует в metadata.code.
ERROR [jazz] tmp/release-stage-v0.20.6219/jazz/CharacterEffect/Jazz_Perk_Madman.lua: Активный generated companion отсутствует в metadata.code.
ERROR [jazz] tmp/release-stage-v0.20.6219/jazz/CharacterEffect/Jazz_Perk_Manuel.lua: Активный generated companion отсутствует в metadata.code.
ERROR [jazz] tmp/release-stage-v0.20.6219/jazz/CharacterEffect/Jazz_Perk_Meat.lua: Активный generated companion отсутствует в metadata.code.
ERROR [jazz] tmp/release-stage-v0.20.6219/jazz/CharacterEffect/Jazz_Perk_Miguel.lua: Активный generated companion отсутствует в metadata.code.
ERROR [jazz] tmp/release-stage-v0.20.6219/jazz/CharacterEffect/Jazz_Perk_Mike.lua: Активный generated companion отсутствует в metadata.code.
ERROR [jazz] tmp/release-stage-v0.20.6219/jazz/CharacterEffect/Jazz_Perk_Mimicry.lua: Активный generated companion отсутствует в metadata.code.
ERROR [jazz] tmp/release-stage-v0.20.6219/jazz/CharacterEffect/Jazz_Perk_Monk.lua: Активный generated companion отсутствует в metadata.code.
ERROR [jazz] tmp/release-stage-v0.20.6219/jazz/CharacterEffect/Jazz_Perk_Nervous.lua: Активный generated companion отсутствует в metadata.code.
ERROR [jazz] tmp/release-stage-v0.20.6219/jazz/CharacterEffect/Jazz_Perk_OfficerAura.lua: Активный generated companion отсутствует в metadata.code.
ERROR [jazz] tmp/release-stage-v0.20.6219/jazz/CharacterEffect/Jazz_Perk_OfficerAuraInfluence.lua: Активный generated companion отсутствует в metadata.code.
ERROR [jazz] tmp/release-stage-v0.20.6219/jazz/CharacterEffect/Jazz_Perk_Quinten.lua: Активный generated companion отсутствует в metadata.code.
ERROR [jazz] tmp/release-stage-v0.20.6219/jazz/CharacterEffect/Jazz_Perk_Ricochet.lua: Активный generated companion отсутствует в metadata.code.
ERROR [jazz] tmp/release-stage-v0.20.6219/jazz/CharacterEffect/Jazz_Perk_Rothman.lua: Активный generated companion отсутствует в metadata.code.
ERROR [jazz] tmp/release-stage-v0.20.6219/jazz/CharacterEffect/Jazz_Perk_Shank.lua: Активный generated companion отсутствует в metadata.code.
ERROR [jazz] tmp/release-stage-v0.20.6219/jazz/CharacterEffect/Jazz_Perk_Simon.lua: Активный generated companion отсутствует в metadata.code.
ERROR [jazz] tmp/release-stage-v0.20.6219/jazz/CharacterEffect/Jazz_Perk_Sniper.lua: Активный generated companion отсутствует в metadata.code.
ERROR [jazz] tmp/release-stage-v0.20.6219/jazz/CharacterEffect/Jazz_Perk_Spider.lua: Активный generated companion отсутствует в metadata.code.
ERROR [jazz] tmp/release-stage-v0.20.6219/jazz/CharacterEffect/Jazz_Perk_Static.lua: Активный generated companion отсутствует в metadata.code.
ERROR [jazz] tmp/release-stage-v0.20.6219/jazz/CharacterEffect/Jazz_Perk_Steiger.lua: Активный generated companion отсутствует в metadata.code.
ERROR [jazz] tmp/release-stage-v0.20.6219/jazz/CharacterEffect/Jazz_Perk_Veteran.lua: Активный generated companion отсутствует в metadata.code.
ERROR [jazz] tmp/release-stage-v0.20.6219/jazz/CharacterEffect/Jazz_Perk_Vicious.lua: Активный generated companion отсутствует в metadata.code.
ERROR [jazz] tmp/release-stage-v0.20.6219/jazz/CharacterEffect/Jazz_Perk_Vilde.lua: Активный generated companion отсутствует в metadata.code.
ERROR [jazz] tmp/release-stage-v0.20.6219/jazz/CharacterEffect/Jazz_Perk_Vince.lua: Активный generated companion отсутствует в metadata.code.
ERROR [jazz] tmp/release-stage-v0.20.6219/jazz/CharacterEffect/KillingWind.lua: Активный generated companion отсутствует в metadata.code.
ERROR [jazz] tmp/release-stage-v0.20.6219/jazz/CharacterEffect/Legsshot.lua: Активный generated companion отсутствует в metadata.code.
ERROR [jazz] tmp/release-stage-v0.20.6219/jazz/CharacterEffect/Loner.lua: Активный generated companion отсутствует в metadata.code.
ERROR [jazz] tmp/release-stage-v0.20.6219/jazz/CharacterEffect/MakeThemBleed.lua: Активный generated companion отсутствует в metadata.code.
ERROR [jazz] tmp/release-stage-v0.20.6219/jazz/CharacterEffect/MarkedTraccers.lua: Активный generated companion отсутствует в metadata.code.
ERROR [jazz] tmp/release-stage-v0.20.6219/jazz/CharacterEffect/NaturalHealing.lua: Активный generated companion отсутствует в metadata.code.
ERROR [jazz] tmp/release-stage-v0.20.6219/jazz/CharacterEffect/Nazdarovya.lua: Активный generated companion отсутствует в metadata.code.
ERROR [jazz] tmp/release-stage-v0.20.6219/jazz/CharacterEffect/Negotiator.lua: Активный generated companion отсутствует в metadata.code.
ERROR [jazz] tmp/release-stage-v0.20.6219/jazz/CharacterEffect/Optimist.lua: Активный generated companion отсутствует в metadata.code.
ERROR [jazz] tmp/release-stage-v0.20.6219/jazz/CharacterEffect/Pain.lua: Активный generated companion отсутствует в metadata.code.
ERROR [jazz] tmp/release-stage-v0.20.6219/jazz/CharacterEffect/Pessimist.lua: Активный generated companion отсутствует в metadata.code.
ERROR [jazz] tmp/release-stage-v0.20.6219/jazz/CharacterEffect/Psycho.lua: Активный generated companion отсутствует в metadata.code.
ERROR [jazz] tmp/release-stage-v0.20.6219/jazz/CharacterEffect/RecklessAssault.lua: Активный generated companion отсутствует в metadata.code.
ERROR [jazz] tmp/release-stage-v0.20.6219/jazz/CharacterEffect/Scoundrel.lua: Активный generated companion отсутствует в metadata.code.
ERROR [jazz] tmp/release-stage-v0.20.6219/jazz/CharacterEffect/Slowed.lua: Активный generated companion отсутствует в metadata.code.
ERROR [jazz] tmp/release-stage-v0.20.6219/jazz/CharacterEffect/Spiritual.lua: Активный generated companion отсутствует в metadata.code.
ERROR [jazz] tmp/release-stage-v0.20.6219/jazz/CharacterEffect/SteadyBreathing.lua: Активный generated companion отсутствует в metadata.code.
ERROR [jazz] tmp/release-stage-v0.20.6219/jazz/CharacterEffect/Stealthy.lua: Активный generated companion отсутствует в metadata.code.
ERROR [jazz] tmp/release-stage-v0.20.6219/jazz/CharacterEffect/SteroidPunch.lua: Активный generated companion отсутствует в metadata.code.
ERROR [jazz] tmp/release-stage-v0.20.6219/jazz/CharacterEffect/suppressionHeavy.lua: Активный generated companion отсутствует в metadata.code.
ERROR [jazz] tmp/release-stage-v0.20.6219/jazz/CharacterEffect/suppressionHeavy2.lua: Активный generated companion отсутствует в metadata.code.
ERROR [jazz] tmp/release-stage-v0.20.6219/jazz/CharacterEffect/suppressionLight.lua: Активный generated companion отсутствует в metadata.code.
ERROR [jazz] tmp/release-stage-v0.20.6219/jazz/CharacterEffect/suppressionMedium.lua: Активный generated companion отсутствует в metadata.code.
ERROR [jazz] tmp/release-stage-v0.20.6219/jazz/CharacterEffect/suppressionPinned.lua: Активный generated companion отсутствует в metadata.code.
ERROR [jazz] tmp/release-stage-v0.20.6219/jazz/CharacterEffect/SuppressStunGrenade.lua: Активный generated companion отсутствует в metadata.code.
ERROR [jazz] tmp/release-stage-v0.20.6219/jazz/CharacterEffect/TakeAim.lua: Активный generated companion отсутствует в metadata.code.
ERROR [jazz] tmp/release-stage-v0.20.6219/jazz/CharacterEffect/Tired.lua: Активный generated companion отсутствует в metadata.code.
ERROR [jazz] tmp/release-stage-v0.20.6219/jazz/CharacterEffect/Torsoshot.lua: Активный generated companion отсутствует в metadata.code.
ERROR [jazz] tmp/release-stage-v0.20.6219/jazz/CharacterEffect/TraumaArmsHeavy.lua: Активный generated companion отсутствует в metadata.code.
ERROR [jazz] tmp/release-stage-v0.20.6219/jazz/CharacterEffect/TraumaArmsLight.lua: Активный generated companion отсутствует в metadata.code.
ERROR [jazz] tmp/release-stage-v0.20.6219/jazz/CharacterEffect/TraumaArmsMedium.lua: Активный generated companion отсутствует в metadata.code.
ERROR [jazz] tmp/release-stage-v0.20.6219/jazz/CharacterEffect/TraumaBurnHeavy.lua: Активный generated companion отсутствует в metadata.code.
ERROR [jazz] tmp/release-stage-v0.20.6219/jazz/CharacterEffect/TraumaBurnLight.lua: Активный generated companion отсутствует в metadata.code.
ERROR [jazz] tmp/release-stage-v0.20.6219/jazz/CharacterEffect/TraumaBurnMedium.lua: Активный generated companion отсутствует в metadata.code.
ERROR [jazz] tmp/release-stage-v0.20.6219/jazz/CharacterEffect/TraumaHeadHeavy.lua: Активный generated companion отсутствует в metadata.code.
ERROR [jazz] tmp/release-stage-v0.20.6219/jazz/CharacterEffect/TraumaHeadLight.lua: Активный generated companion отсутствует в metadata.code.
ERROR [jazz] tmp/release-stage-v0.20.6219/jazz/CharacterEffect/TraumaHeadMedium.lua: Активный generated companion отсутствует в metadata.code.
ERROR [jazz] tmp/release-stage-v0.20.6219/jazz/CharacterEffect/TraumaLegsHeavy.lua: Активный generated companion отсутствует в metadata.code.
ERROR [jazz] tmp/release-stage-v0.20.6219/jazz/CharacterEffect/TraumaLegsLight.lua: Активный generated companion отсутствует в metadata.code.
ERROR [jazz] tmp/release-stage-v0.20.6219/jazz/CharacterEffect/TraumaLegsMedium.lua: Активный generated companion отсутствует в metadata.code.
ERROR [jazz] tmp/release-stage-v0.20.6219/jazz/CharacterEffect/TraumaRibsHeavy.lua: Активный generated companion отсутствует в metadata.code.
ERROR [jazz] tmp/release-stage-v0.20.6219/jazz/CharacterEffect/TraumaRibsLight.lua: Активный generated companion отсутствует в metadata.code.
ERROR [jazz] tmp/release-stage-v0.20.6219/jazz/CharacterEffect/TraumaRibsMedium.lua: Активный generated companion отсутствует в metadata.code.
ERROR [jazz] tmp/release-stage-v0.20.6219/jazz/CharacterEffect/TrueGrit.lua: Активный generated companion отсутствует в metadata.code.
ERROR [jazz] tmp/release-stage-v0.20.6219/jazz/CharacterEffect/Unconscious.lua: Активный generated companion отсутствует в metadata.code.
ERROR [jazz] tmp/release-stage-v0.20.6219/jazz/CharacterEffect/Weight_1Class.lua: Активный generated companion отсутствует в metadata.code.
ERROR [jazz] tmp/release-stage-v0.20.6219/jazz/CharacterEffect/Weight_2Class.lua: Активный generated companion отсутствует в metadata.code.
ERROR [jazz] tmp/release-stage-v0.20.6219/jazz/CharacterEffect/Weight_3Class.lua: Активный generated companion отсутствует в metadata.code.
ERROR [jazz] tmp/release-stage-v0.20.6219/jazz/CharacterEffect/Weight_4Class.lua: Активный generated companion отсутствует в metadata.code.
ERROR [jazz] tmp/release-stage-v0.20.6219/jazz/CharacterEffect/Weight_5Class.lua: Активный generated companion отсутствует в metadata.code.
ERROR [jazz] tmp/release-stage-v0.20.6219/jazz/CharacterEffect/WellRested.lua: Активный generated companion отсутствует в metadata.code.
ERROR [jazz] tmp/release-stage-v0.20.6219/jazz/CharacterEffect/Winded.lua: Активный generated companion отсутствует в metadata.code.
ERROR [jazz] tmp/release-stage-v0.20.6219/jazz/CharacterEffect/Wounded.lua: Активный generated companion отсутствует в metadata.code.
ERROR [jazz] tmp/release-stage-v0.20.6219/jazz/CharacterEffect/WoundInfected.lua: Активный generated companion отсутствует в metadata.code.
ERROR [jazz] tmp/release-stage-v0.20.6219/jazz/CharacterEffect/Zoophobic.lua: Активный generated companion отсутствует в metadata.code.
ERROR [jazz] tmp/release-stage-v0.20.6219/jazz/InventoryItem/_12gauge_APSlug.lua: Активный generated companion отсутствует в metadata.code.
ERROR [jazz] tmp/release-stage-v0.20.6219/jazz/InventoryItem/_12gauge_Breacher.lua: Активный generated companion отсутствует в metadata.code.
ERROR [jazz] tmp/release-stage-v0.20.6219/jazz/InventoryItem/_12gauge_Buckshot.lua: Активный generated companion отсутствует в metadata.code.
ERROR [jazz] tmp/release-stage-v0.20.6219/jazz/InventoryItem/_12gauge_Flechette.lua: Активный generated companion отсутствует в metadata.code.
ERROR [jazz] tmp/release-stage-v0.20.6219/jazz/InventoryItem/_12gauge_Saltshot.lua: Активный generated companion отсутствует в metadata.code.
ERROR [jazz] tmp/release-stage-v0.20.6219/jazz/InventoryItem/_40mmFlashbangGrenade.lua: Активный generated companion отсутствует в metadata.code.
ERROR [jazz] tmp/release-stage-v0.20.6219/jazz/InventoryItem/_40mmFragGrenade.lua: Активный generated companion отсутствует в metadata.code.
ERROR [jazz] tmp/release-stage-v0.20.6219/jazz/InventoryItem/_44CAL_AP.lua: Активный generated companion отсутствует в metadata.code.
ERROR [jazz] tmp/release-stage-v0.20.6219/jazz/InventoryItem/_44CAL_Basic.lua: Активный generated companion отсутствует в metadata.code.
ERROR [jazz] tmp/release-stage-v0.20.6219/jazz/InventoryItem/_44CAL_HP.lua: Активный generated companion отсутствует в metadata.code.
ERROR [jazz] tmp/release-stage-v0.20.6219/jazz/InventoryItem/_44CAL_Match.lua: Активный generated companion отсутствует в metadata.code.
ERROR [jazz] tmp/release-stage-v0.20.6219/jazz/InventoryItem/_44CAL_Shock.lua: Активный generated companion отсутствует в metadata.code.
ERROR [jazz] tmp/release-stage-v0.20.6219/jazz/InventoryItem/_50BMG_Basic.lua: Активный generated companion отсутствует в metadata.code.
ERROR [jazz] tmp/release-stage-v0.20.6219/jazz/InventoryItem/_50BMG_HE.lua: Активный generated companion отсутствует в metadata.code.
ERROR [jazz] tmp/release-stage-v0.20.6219/jazz/InventoryItem/_50BMG_Incendiary.lua: Активный generated companion отсутствует в metadata.code.
ERROR [jazz] tmp/release-stage-v0.20.6219/jazz/InventoryItem/_50BMG_SLAP.lua: Активный generated companion отсутствует в metadata.code.
ERROR [jazz] tmp/release-stage-v0.20.6219/jazz/InventoryItem/_556_AP.lua: Активный generated companion отсутствует в metadata.code.
ERROR [jazz] tmp/release-stage-v0.20.6219/jazz/InventoryItem/_556_Basic.lua: Активный generated companion отсутствует в metadata.code.
ERROR [jazz] tmp/release-stage-v0.20.6219/jazz/InventoryItem/_556_HP.lua: Активный generated companion отсутствует в metadata.code.
ERROR [jazz] tmp/release-stage-v0.20.6219/jazz/InventoryItem/_556_Match.lua: Активный generated companion отсутствует в metadata.code.
ERROR [jazz] tmp/release-stage-v0.20.6219/jazz/InventoryItem/_556_Tracer.lua: Активный generated companion отсутствует в metadata.code.
ERROR [jazz] tmp/release-stage-v0.20.6219/jazz/InventoryItem/_762NATO_AP.lua: Активный generated companion отсутствует в metadata.code.
ERROR [jazz] tmp/release-stage-v0.20.6219/jazz/InventoryItem/_762NATO_Basic.lua: Активный generated companion отсутствует в metadata.code.
ERROR [jazz] tmp/release-stage-v0.20.6219/jazz/InventoryItem/_762NATO_HP.lua: Активный generated companion отсутствует в metadata.code.
ERROR [jazz] tmp/release-stage-v0.20.6219/jazz/InventoryItem/_762NATO_Match.lua: Активный generated companion отсутствует в metadata.code.
ERROR [jazz] tmp/release-stage-v0.20.6219/jazz/InventoryItem/_762NATO_Tracer.lua: Активный generated companion отсутствует в metadata.code.
ERROR [jazz] tmp/release-stage-v0.20.6219/jazz/InventoryItem/_762WP_AP.lua: Активный generated companion отсутствует в metadata.code.
ERROR [jazz] tmp/release-stage-v0.20.6219/jazz/InventoryItem/_762WP_Basic.lua: Активный generated companion отсутствует в metadata.code.
ERROR [jazz] tmp/release-stage-v0.20.6219/jazz/InventoryItem/_762WP_HP.lua: Активный generated companion отсутствует в metadata.code.
ERROR [jazz] tmp/release-stage-v0.20.6219/jazz/InventoryItem/_762WP_Match.lua: Активный generated companion отсутствует в metadata.code.
ERROR [jazz] tmp/release-stage-v0.20.6219/jazz/InventoryItem/_762WP_Subsonic.lua: Активный generated companion отсутствует в metadata.code.
ERROR [jazz] tmp/release-stage-v0.20.6219/jazz/InventoryItem/_762WP_Tracer.lua: Активный generated companion отсутствует в metadata.code.
ERROR [jazz] tmp/release-stage-v0.20.6219/jazz/InventoryItem/_9mm_AP.lua: Активный generated companion отсутствует в metadata.code.
ERROR [jazz] tmp/release-stage-v0.20.6219/jazz/InventoryItem/_9mm_Basic.lua: Активный generated companion отсутствует в metadata.code.
ERROR [jazz] tmp/release-stage-v0.20.6219/jazz/InventoryItem/_9mm_HP.lua: Активный generated companion отсутствует в metadata.code.
ERROR [jazz] tmp/release-stage-v0.20.6219/jazz/InventoryItem/_9mm_Match.lua: Активный generated companion отсутствует в metadata.code.
ERROR [jazz] tmp/release-stage-v0.20.6219/jazz/InventoryItem/_9mm_Shock.lua: Активный generated companion отсутствует в metadata.code.
ERROR [jazz] tmp/release-stage-v0.20.6219/jazz/InventoryItem/_9mm_Subsonic.lua: Активный generated companion отсутствует в metadata.code.
ERROR [jazz] tmp/release-stage-v0.20.6219/jazz/InventoryItem/_9mm_Tracer.lua: Активный generated companion отсутствует в metadata.code.
ERROR [jazz] tmp/release-stage-v0.20.6219/jazz/InventoryItem/AA12.lua: Активный generated companion отсутствует в metadata.code.
ERROR [jazz] tmp/release-stage-v0.20.6219/jazz/InventoryItem/AA52.lua: Активный generated companion отсутствует в metadata.code.
ERROR [jazz] tmp/release-stage-v0.20.6219/jazz/InventoryItem/Agram2000.lua: Активный generated companion отсутствует в metadata.code.
ERROR [jazz] tmp/release-stage-v0.20.6219/jazz/InventoryItem/AK105.lua: Активный generated companion отсутствует в metadata.code.
ERROR [jazz] tmp/release-stage-v0.20.6219/jazz/InventoryItem/AK47.lua: Активный generated companion отсутствует в metadata.code.
ERROR [jazz] tmp/release-stage-v0.20.6219/jazz/InventoryItem/AK74.lua: Активный generated companion отсутствует в metadata.code.
ERROR [jazz] tmp/release-stage-v0.20.6219/jazz/InventoryItem/AK74M.lua: Активный generated companion отсутствует в metadata.code.
ERROR [jazz] tmp/release-stage-v0.20.6219/jazz/InventoryItem/AKM.lua: Активный generated companion отсутствует в metadata.code.
ERROR [jazz] tmp/release-stage-v0.20.6219/jazz/InventoryItem/AKSU.lua: Активный generated companion отсутствует в metadata.code.
ERROR [jazz] tmp/release-stage-v0.20.6219/jazz/InventoryItem/AN94.lua: Активный generated companion отсутствует в metadata.code.
ERROR [jazz] tmp/release-stage-v0.20.6219/jazz/InventoryItem/APS.lua: Активный generated companion отсутствует в metadata.code.
ERROR [jazz] tmp/release-stage-v0.20.6219/jazz/InventoryItem/AR10.lua: Активный generated companion отсутствует в metadata.code.
ERROR [jazz] tmp/release-stage-v0.20.6219/jazz/InventoryItem/AR10DMR.lua: Активный generated companion отсутствует в metadata.code.
ERROR [jazz] tmp/release-stage-v0.20.6219/jazz/InventoryItem/AR15.lua: Активный generated companion отсутствует в metadata.code.
ERROR [jazz] tmp/release-stage-v0.20.6219/jazz/InventoryItem/ArcticWarfare.lua: Активный generated companion отсутствует в metadata.code.
ERROR [jazz] tmp/release-stage-v0.20.6219/jazz/InventoryItem/AS_Val.lua: Активный generated companion отсутствует в metadata.code.
ERROR [jazz] tmp/release-stage-v0.20.6219/jazz/InventoryItem/AUG.lua: Активный generated companion отсутствует в metadata.code.
ERROR [jazz] tmp/release-stage-v0.20.6219/jazz/InventoryItem/Auto5_quest.lua: Активный generated companion отсутствует в metadata.code.
ERROR [jazz] tmp/release-stage-v0.20.6219/jazz/InventoryItem/Auto5.lua: Активный generated companion отсутствует в metadata.code.
ERROR [jazz] tmp/release-stage-v0.20.6219/jazz/InventoryItem/AVT40.lua: Активный generated companion отсутствует в metadata.code.
ERROR [jazz] tmp/release-stage-v0.20.6219/jazz/InventoryItem/Backpack_test.lua: Активный generated companion отсутствует в metadata.code.
ERROR [jazz] tmp/release-stage-v0.20.6219/jazz/InventoryItem/BAR.lua: Активный generated companion отсутствует в metadata.code.
ERROR [jazz] tmp/release-stage-v0.20.6219/jazz/InventoryItem/BarretM82.lua: Активный generated companion отсутствует в metadata.code.
ERROR [jazz] tmp/release-stage-v0.20.6219/jazz/InventoryItem/Bayonet.lua: Активный generated companion отсутствует в metadata.code.
ERROR [jazz] tmp/release-stage-v0.20.6219/jazz/InventoryItem/Bereta92.lua: Активный generated companion отсутствует в metadata.code.
ERROR [jazz] tmp/release-stage-v0.20.6219/jazz/InventoryItem/Beretta93r.lua: Активный generated companion отсутствует в metadata.code.
ERROR [jazz] tmp/release-stage-v0.20.6219/jazz/InventoryItem/BerettaM12.lua: Активный generated companion отсутствует в metadata.code.
ERROR [jazz] tmp/release-stage-v0.20.6219/jazz/InventoryItem/BlackPowder.lua: Активный generated companion отсутствует в metadata.code.
ERROR [jazz] tmp/release-stage-v0.20.6219/jazz/InventoryItem/BrowningM2HMG.lua: Активный generated companion отсутствует в metadata.code.
ERROR [jazz] tmp/release-stage-v0.20.6219/jazz/InventoryItem/C4.lua: Активный generated companion отсутствует в metadata.code.
ERROR [jazz] tmp/release-stage-v0.20.6219/jazz/InventoryItem/CamoArmor_Light_Kompositum.lua: Активный generated companion отсутствует в metadata.code.
ERROR [jazz] tmp/release-stage-v0.20.6219/jazz/InventoryItem/CamoArmor_Light.lua: Активный generated companion отсутствует в metadata.code.
ERROR [jazz] tmp/release-stage-v0.20.6219/jazz/InventoryItem/CamoArmor_Medium_Kompositum.lua: Активный generated companion отсутствует в metadata.code.
ERROR [jazz] tmp/release-stage-v0.20.6219/jazz/InventoryItem/CamoArmor_Medium.lua: Активный generated companion отсутствует в metadata.code.
ERROR [jazz] tmp/release-stage-v0.20.6219/jazz/InventoryItem/CAR15.lua: Активный generated companion отсутствует в metadata.code.
ERROR [jazz] tmp/release-stage-v0.20.6219/jazz/InventoryItem/China_Lake.lua: Активный generated companion отсутствует в metadata.code.
ERROR [jazz] tmp/release-stage-v0.20.6219/jazz/InventoryItem/Coin.lua: Активный generated companion отсутствует в metadata.code.
ERROR [jazz] tmp/release-stage-v0.20.6219/jazz/InventoryItem/Colt1911.lua: Активный generated companion отсутствует в metadata.code.
ERROR [jazz] tmp/release-stage-v0.20.6219/jazz/InventoryItem/Colt38Special.lua: Активный generated companion отсутствует в metadata.code.
ERROR [jazz] tmp/release-stage-v0.20.6219/jazz/InventoryItem/ColtAnaconda.lua: Активный generated companion отсутствует в metadata.code.
ERROR [jazz] tmp/release-stage-v0.20.6219/jazz/InventoryItem/ColtM1917.lua: Активный generated companion отсутствует в metadata.code.
ERROR [jazz] tmp/release-stage-v0.20.6219/jazz/InventoryItem/ColtPeacemaker.lua: Активный generated companion отсутствует в metadata.code.
ERROR [jazz] tmp/release-stage-v0.20.6219/jazz/InventoryItem/CombatStim.lua: Активный generated companion отсутствует в metadata.code.
ERROR [jazz] tmp/release-stage-v0.20.6219/jazz/InventoryItem/Combination_CeramicPlates.lua: Активный generated companion отсутствует в metadata.code.
ERROR [jazz] tmp/release-stage-v0.20.6219/jazz/InventoryItem/Combination_Kompositum58.lua: Активный generated companion отсутствует в metadata.code.
ERROR [jazz] tmp/release-stage-v0.20.6219/jazz/InventoryItem/Combination_WeavePadding.lua: Активный generated companion отсутствует в metadata.code.
ERROR [jazz] tmp/release-stage-v0.20.6219/jazz/InventoryItem/Compensator.lua: Активный generated companion отсутствует в metadata.code.
ERROR [jazz] tmp/release-stage-v0.20.6219/jazz/InventoryItem/ConcussiveGrenade.lua: Активный generated companion отсутствует в metadata.code.
ERROR [jazz] tmp/release-stage-v0.20.6219/jazz/InventoryItem/Cookie.lua: Активный generated companion отсутствует в metadata.code.
ERROR [jazz] tmp/release-stage-v0.20.6219/jazz/InventoryItem/CrocodileHide.lua: Активный generated companion отсутствует в metadata.code.
ERROR [jazz] tmp/release-stage-v0.20.6219/jazz/InventoryItem/Crowbar.lua: Активный generated companion отсутствует в metadata.code.
ERROR [jazz] tmp/release-stage-v0.20.6219/jazz/InventoryItem/CustomPDA.lua: Активный generated companion отсутствует в metadata.code.
ERROR [jazz] tmp/release-stage-v0.20.6219/jazz/InventoryItem/CZ52.lua: Активный generated companion отсутствует в metadata.code.
ERROR [jazz] tmp/release-stage-v0.20.6219/jazz/InventoryItem/CZ75.lua: Активный generated companion отсутствует в metadata.code.
ERROR [jazz] tmp/release-stage-v0.20.6219/jazz/InventoryItem/DeLisle.lua: Активный generated companion отсутствует в metadata.code.
ERROR [jazz] tmp/release-stage-v0.20.6219/jazz/InventoryItem/DesertEagle.lua: Активный generated companion отсутствует в metadata.code.
ERROR [jazz] tmp/release-stage-v0.20.6219/jazz/InventoryItem/Diesel.lua: Активный generated companion отсутствует в metadata.code.
ERROR [jazz] tmp/release-stage-v0.20.6219/jazz/InventoryItem/Dollars.lua: Активный generated companion отсутствует в metadata.code.
ERROR [jazz] tmp/release-stage-v0.20.6219/jazz/InventoryItem/DoubleBarrelShotgun.lua: Активный generated companion отсутствует в metadata.code.
ERROR [jazz] tmp/release-stage-v0.20.6219/jazz/InventoryItem/DP27.lua: Активный generated companion отсутствует в metadata.code.
ERROR [jazz] tmp/release-stage-v0.20.6219/jazz/InventoryItem/DragunovSVD_Custom.lua: Активный generated companion отсутствует в metadata.code.
ERROR [jazz] tmp/release-stage-v0.20.6219/jazz/InventoryItem/DragunovSVD.lua: Активный generated companion отсутствует в metadata.code.
ERROR [jazz] tmp/release-stage-v0.20.6219/jazz/InventoryItem/EndlessKnives.lua: Активный generated companion отсутствует в metadata.code.
ERROR [jazz] tmp/release-stage-v0.20.6219/jazz/InventoryItem/FAMAS.lua: Активный generated companion отсутствует в metadata.code.
ERROR [jazz] tmp/release-stage-v0.20.6219/jazz/InventoryItem/FG42.lua: Активный generated companion отсутствует в metadata.code.
ERROR [jazz] tmp/release-stage-v0.20.6219/jazz/InventoryItem/FineSteelPipe.lua: Активный generated companion отсутствует в metadata.code.
ERROR [jazz] tmp/release-stage-v0.20.6219/jazz/InventoryItem/FirstAidKit.lua: Активный generated companion отсутствует в metadata.code.
ERROR [jazz] tmp/release-stage-v0.20.6219/jazz/InventoryItem/FiveSeven.lua: Активный generated companion отсутствует в metadata.code.
ERROR [jazz] tmp/release-stage-v0.20.6219/jazz/InventoryItem/FlakArmor_CeramicPlates.lua: Активный generated companion отсутствует в metadata.code.
ERROR [jazz] tmp/release-stage-v0.20.6219/jazz/InventoryItem/FlakArmor_Kompositum.lua: Активный generated companion отсутствует в metadata.code.
ERROR [jazz] tmp/release-stage-v0.20.6219/jazz/InventoryItem/FlakArmor_WeavePadding.lua: Активный generated companion отсутствует в metadata.code.
ERROR [jazz] tmp/release-stage-v0.20.6219/jazz/InventoryItem/FlakArmor.lua: Активный generated companion отсутствует в metadata.code.
ERROR [jazz] tmp/release-stage-v0.20.6219/jazz/InventoryItem/FlakLeggings_Kompositum.lua: Активный generated companion отсутствует в metadata.code.
ERROR [jazz] tmp/release-stage-v0.20.6219/jazz/InventoryItem/FlakLeggings_WeavePadding.lua: Активный generated companion отсутствует в metadata.code.
ERROR [jazz] tmp/release-stage-v0.20.6219/jazz/InventoryItem/FlakLeggings.lua: Активный generated companion отсутствует в metadata.code.
ERROR [jazz] tmp/release-stage-v0.20.6219/jazz/InventoryItem/FlakVest_CeramicPlates.lua: Активный generated companion отсутствует в metadata.code.
ERROR [jazz] tmp/release-stage-v0.20.6219/jazz/InventoryItem/FlakVest_Kompositum.lua: Активный generated companion отсутствует в metadata.code.
ERROR [jazz] tmp/release-stage-v0.20.6219/jazz/InventoryItem/FlakVest_WeavePadding.lua: Активный generated companion отсутствует в metadata.code.
ERROR [jazz] tmp/release-stage-v0.20.6219/jazz/InventoryItem/FlakVest.lua: Активный generated companion отсутствует в metadata.code.
ERROR [jazz] tmp/release-stage-v0.20.6219/jazz/InventoryItem/FlareAmmo.lua: Активный generated companion отсутствует в metadata.code.
ERROR [jazz] tmp/release-stage-v0.20.6219/jazz/InventoryItem/FlareHandgun.lua: Активный generated companion отсутствует в metadata.code.
ERROR [jazz] tmp/release-stage-v0.20.6219/jazz/InventoryItem/FlareStick.lua: Активный generated companion отсутствует в metadata.code.
ERROR [jazz] tmp/release-stage-v0.20.6219/jazz/InventoryItem/FNFAL.lua: Активный generated companion отсутствует в metadata.code.
ERROR [jazz] tmp/release-stage-v0.20.6219/jazz/InventoryItem/FNMAG.lua: Активный generated companion отсутствует в metadata.code.
ERROR [jazz] tmp/release-stage-v0.20.6219/jazz/InventoryItem/FNMinimi.lua: Активный generated companion отсутствует в metadata.code.
ERROR [jazz] tmp/release-stage-v0.20.6219/jazz/InventoryItem/FragGrenade.lua: Активный generated companion отсутствует в metadata.code.
ERROR [jazz] tmp/release-stage-v0.20.6219/jazz/InventoryItem/FRF2.lua: Активный generated companion отсутствует в metadata.code.
ERROR [jazz] tmp/release-stage-v0.20.6219/jazz/InventoryItem/G36.lua: Активный generated companion отсутствует в metadata.code.
ERROR [jazz] tmp/release-stage-v0.20.6219/jazz/InventoryItem/G36c.lua: Активный generated companion отсутствует в metadata.code.
ERROR [jazz] tmp/release-stage-v0.20.6219/jazz/InventoryItem/G3A3.lua: Активный generated companion отсутствует в metadata.code.
ERROR [jazz] tmp/release-stage-v0.20.6219/jazz/InventoryItem/G3A4.lua: Активный generated companion отсутствует в metadata.code.
ERROR [jazz] tmp/release-stage-v0.20.6219/jazz/InventoryItem/G3SniperV1.lua: Активный generated companion отсутствует в metadata.code.
ERROR [jazz] tmp/release-stage-v0.20.6219/jazz/InventoryItem/G43.lua: Активный generated companion отсутствует в metadata.code.
ERROR [jazz] tmp/release-stage-v0.20.6219/jazz/InventoryItem/Galil_FlagHill.lua: Активный generated companion отсутствует в metadata.code.
ERROR [jazz] tmp/release-stage-v0.20.6219/jazz/InventoryItem/Galil.lua: Активный generated companion отсутствует в metadata.code.
ERROR [jazz] tmp/release-stage-v0.20.6219/jazz/InventoryItem/GasMask.lua: Активный generated companion отсутствует в metadata.code.
ERROR [jazz] tmp/release-stage-v0.20.6219/jazz/InventoryItem/Gasmaskenhelm.lua: Активный generated companion отсутствует в metadata.code.
ERROR [jazz] tmp/release-stage-v0.20.6219/jazz/InventoryItem/Gewehr98.lua: Активный generated companion отсутствует в metadata.code.
ERROR [jazz] tmp/release-stage-v0.20.6219/jazz/InventoryItem/Glock17.lua: Активный generated companion отсутствует в metadata.code.
ERROR [jazz] tmp/release-stage-v0.20.6219/jazz/InventoryItem/Glock18.lua: Активный generated companion отсутствует в metadata.code.
ERROR [jazz] tmp/release-stage-v0.20.6219/jazz/InventoryItem/GlowStick.lua: Активный generated companion отсутствует в metadata.code.
ERROR [jazz] tmp/release-stage-v0.20.6219/jazz/InventoryItem/GoldenGun.lua: Активный generated companion отсутствует в metadata.code.
ERROR [jazz] tmp/release-stage-v0.20.6219/jazz/InventoryItem/GoldenWatch.lua: Активный generated companion отсутствует в metadata.code.
ERROR [jazz] tmp/release-stage-v0.20.6219/jazz/InventoryItem/GrizzlyLAR.lua: Активный generated companion отсутствует в metadata.code.
ERROR [jazz] tmp/release-stage-v0.20.6219/jazz/InventoryItem/GutHookKnife.lua: Активный generated companion отсутствует в metadata.code.
ERROR [jazz] tmp/release-stage-v0.20.6219/jazz/InventoryItem/HE_Grenade.lua: Активный generated companion отсутствует в metadata.code.
ERROR [jazz] tmp/release-stage-v0.20.6219/jazz/InventoryItem/HeavyArmorChestplate_CeramicPlates.lua: Активный generated companion отсутствует в metadata.code.
ERROR [jazz] tmp/release-stage-v0.20.6219/jazz/InventoryItem/HeavyArmorChestplate_Kompositum.lua: Активный generated companion отсутствует в metadata.code.
ERROR [jazz] tmp/release-stage-v0.20.6219/jazz/InventoryItem/HeavyArmorChestplate_WeavePadding.lua: Активный generated companion отсутствует в metadata.code.
ERROR [jazz] tmp/release-stage-v0.20.6219/jazz/InventoryItem/HeavyArmorChestplate.lua: Активный generated companion отсутствует в metadata.code.
ERROR [jazz] tmp/release-stage-v0.20.6219/jazz/InventoryItem/HeavyArmorHelmet_Kompositum.lua: Активный generated companion отсутствует в metadata.code.
ERROR [jazz] tmp/release-stage-v0.20.6219/jazz/InventoryItem/HeavyArmorHelmet_WeavePadding.lua: Активный generated companion отсутствует в metadata.code.
ERROR [jazz] tmp/release-stage-v0.20.6219/jazz/InventoryItem/HeavyArmorHelmet.lua: Активный generated companion отсутствует в metadata.code.
ERROR [jazz] tmp/release-stage-v0.20.6219/jazz/InventoryItem/HeavyArmorLeggings_Kompositum.lua: Активный generated companion отсутствует в metadata.code.
ERROR [jazz] tmp/release-stage-v0.20.6219/jazz/InventoryItem/HeavyArmorLeggings_WeavePadding.lua: Активный generated companion отсутствует в metadata.code.
ERROR [jazz] tmp/release-stage-v0.20.6219/jazz/InventoryItem/HeavyArmorLeggings.lua: Активный generated companion отсутствует в metadata.code.
ERROR [jazz] tmp/release-stage-v0.20.6219/jazz/InventoryItem/HeavyArmorTorso_CeramicPlates.lua: Активный generated companion отсутствует в metadata.code.
ERROR [jazz] tmp/release-stage-v0.20.6219/jazz/InventoryItem/HeavyArmorTorso_Kompositum.lua: Активный generated companion отсутствует в metadata.code.
ERROR [jazz] tmp/release-stage-v0.20.6219/jazz/InventoryItem/HeavyArmorTorso_WeavePadding.lua: Активный generated companion отсутствует в metadata.code.
ERROR [jazz] tmp/release-stage-v0.20.6219/jazz/InventoryItem/HeavyArmorTorso.lua: Активный generated companion отсутствует в metadata.code.
ERROR [jazz] tmp/release-stage-v0.20.6219/jazz/InventoryItem/HerbalMedicine.lua: Активный generated companion отсутствует в metadata.code.
ERROR [jazz] tmp/release-stage-v0.20.6219/jazz/InventoryItem/HiPower.lua: Активный generated companion отсутствует в metadata.code.
ERROR [jazz] tmp/release-stage-v0.20.6219/jazz/InventoryItem/HK21.lua: Активный generated companion отсутствует в metadata.code.
ERROR [jazz] tmp/release-stage-v0.20.6219/jazz/InventoryItem/HK23e.lua: Активный generated companion отсутствует в metadata.code.
ERROR [jazz] tmp/release-stage-v0.20.6219/jazz/InventoryItem/HK33.lua: Активный generated companion отсутствует в metadata.code.
ERROR [jazz] tmp/release-stage-v0.20.6219/jazz/InventoryItem/Infected_HardenedSkin.lua: Активный generated companion отсутствует в metadata.code.
ERROR [jazz] tmp/release-stage-v0.20.6219/jazz/InventoryItem/Ithaca.lua: Активный generated companion отсутствует в metadata.code.
ERROR [jazz] tmp/release-stage-v0.20.6219/jazz/InventoryItem/IvanUshanka.lua: Активный generated companion отсутствует в metadata.code.
ERROR [jazz] tmp/release-stage-v0.20.6219/jazz/InventoryItem/JAZZ_AMMO_12gauge_APSlug.lua: Активный generated companion отсутствует в metadata.code.
ERROR [jazz] tmp/release-stage-v0.20.6219/jazz/InventoryItem/JAZZ_AMMO_12gauge_Birdshot.lua: Активный generated companion отсутствует в metadata.code.
ERROR [jazz] tmp/release-stage-v0.20.6219/jazz/InventoryItem/JAZZ_AMMO_12gauge_Buckshot.lua: Активный generated companion отсутствует в metadata.code.
ERROR [jazz] tmp/release-stage-v0.20.6219/jazz/InventoryItem/JAZZ_AMMO_12gauge_Saltshot.lua: Активный generated companion отсутствует в metadata.code.
ERROR [jazz] tmp/release-stage-v0.20.6219/jazz/InventoryItem/JAZZ_AMMO_12gauge_Slug.lua: Активный generated companion отсутствует в metadata.code.
ERROR [jazz] tmp/release-stage-v0.20.6219/jazz/InventoryItem/JAZZ_AMMO_30_FMJ.lua: Активный generated companion отсутствует в metadata.code.
ERROR [jazz] tmp/release-stage-v0.20.6219/jazz/InventoryItem/JAZZ_AMMO_30_P.lua: Активный generated companion отсутствует в metadata.code.
ERROR [jazz] tmp/release-stage-v0.20.6219/jazz/InventoryItem/JAZZ_AMMO_30_Tracer.lua: Активный generated companion отсутствует в metadata.code.
ERROR [jazz] tmp/release-stage-v0.20.6219/jazz/InventoryItem/JAZZ_AMMO_3006_AP.lua: Активный generated companion отсутствует в metadata.code.
ERROR [jazz] tmp/release-stage-v0.20.6219/jazz/InventoryItem/JAZZ_AMMO_3006_FMJ.lua: Активный generated companion отсутствует в metadata.code.
ERROR [jazz] tmp/release-stage-v0.20.6219/jazz/InventoryItem/JAZZ_AMMO_3006_Match.lua: Активный generated companion отсутствует в metadata.code.
ERROR [jazz] tmp/release-stage-v0.20.6219/jazz/InventoryItem/JAZZ_AMMO_357_FMJ.lua: Активный generated companion отсутствует в metadata.code.
ERROR [jazz] tmp/release-stage-v0.20.6219/jazz/InventoryItem/JAZZ_AMMO_357_JHP.lua: Активный generated companion отсутствует в metadata.code.
ERROR [jazz] tmp/release-stage-v0.20.6219/jazz/InventoryItem/JAZZ_AMMO_38special_FMJ.lua: Активный generated companion отсутствует в metadata.code.
ERROR [jazz] tmp/release-stage-v0.20.6219/jazz/InventoryItem/JAZZ_AMMO_38special_JHP.lua: Активный generated companion отсутствует в metadata.code.
ERROR [jazz] tmp/release-stage-v0.20.6219/jazz/InventoryItem/JAZZ_AMMO_40mmFlashbangGrenade.lua: Активный generated companion отсутствует в metadata.code.
ERROR [jazz] tmp/release-stage-v0.20.6219/jazz/InventoryItem/JAZZ_AMMO_40mmFragGrenade.lua: Активный generated companion отсутствует в metadata.code.
ERROR [jazz] tmp/release-stage-v0.20.6219/jazz/InventoryItem/JAZZ_AMMO_44CAL_FMJ.lua: Активный generated companion отсутствует в metadata.code.
ERROR [jazz] tmp/release-stage-v0.20.6219/jazz/InventoryItem/JAZZ_AMMO_44CAL_JHP.lua: Активный generated companion отсутствует в metadata.code.
ERROR [jazz] tmp/release-stage-v0.20.6219/jazz/InventoryItem/JAZZ_AMMO_44CAL_Match.lua: Активный generated companion отсутствует в metadata.code.
ERROR [jazz] tmp/release-stage-v0.20.6219/jazz/InventoryItem/JAZZ_AMMO_45ACP_Crafted.lua: Активный generated companion отсутствует в metadata.code.
ERROR [jazz] tmp/release-stage-v0.20.6219/jazz/InventoryItem/JAZZ_AMMO_45ACP_FMJ.lua: Активный generated companion отсутствует в metadata.code.
ERROR [jazz] tmp/release-stage-v0.20.6219/jazz/InventoryItem/JAZZ_AMMO_45ACP_JHP.lua: Активный generated companion отсутствует в metadata.code.
ERROR [jazz] tmp/release-stage-v0.20.6219/jazz/InventoryItem/JAZZ_AMMO_45ACP_P.lua: Активный generated companion отсутствует в metadata.code.
ERROR [jazz] tmp/release-stage-v0.20.6219/jazz/InventoryItem/JAZZ_AMMO_45ACP_Poor.lua: Активный generated companion отсутствует в metadata.code.
ERROR [jazz] tmp/release-stage-v0.20.6219/jazz/InventoryItem/JAZZ_AMMO_46_AP.lua: Активный generated companion отсутствует в metadata.code.
ERROR [jazz] tmp/release-stage-v0.20.6219/jazz/InventoryItem/JAZZ_AMMO_46_FMJ.lua: Активный generated companion отсутствует в metadata.code.
ERROR [jazz] tmp/release-stage-v0.20.6219/jazz/InventoryItem/JAZZ_AMMO_46_JHP.lua: Активный generated companion отсутствует в metadata.code.
ERROR [jazz] tmp/release-stage-v0.20.6219/jazz/InventoryItem/JAZZ_AMMO_50AE_FMJ.lua: Активный generated companion отсутствует в metadata.code.
ERROR [jazz] tmp/release-stage-v0.20.6219/jazz/InventoryItem/JAZZ_AMMO_50AE_JHP.lua: Активный generated companion отсутствует в metadata.code.
ERROR [jazz] tmp/release-stage-v0.20.6219/jazz/InventoryItem/JAZZ_AMMO_50BMG_API_HEI.lua: Активный generated companion отсутствует в metadata.code.
ERROR [jazz] tmp/release-stage-v0.20.6219/jazz/InventoryItem/JAZZ_AMMO_50BMG_APIT.lua: Активный generated companion отсутствует в metadata.code.
ERROR [jazz] tmp/release-stage-v0.20.6219/jazz/InventoryItem/JAZZ_AMMO_50BMG_Basic.lua: Активный generated companion отсутствует в metadata.code.
ERROR [jazz] tmp/release-stage-v0.20.6219/jazz/InventoryItem/JAZZ_AMMO_545_AP.lua: Активный generated companion отсутствует в metadata.code.
ERROR [jazz] tmp/release-stage-v0.20.6219/jazz/InventoryItem/JAZZ_AMMO_545_Army.lua: Активный generated companion отсутствует в metadata.code.
ERROR [jazz] tmp/release-stage-v0.20.6219/jazz/InventoryItem/JAZZ_AMMO_545_Crafted.lua: Активный generated companion отсутствует в metadata.code.
ERROR [jazz] tmp/release-stage-v0.20.6219/jazz/InventoryItem/JAZZ_AMMO_545_EPR.lua: Активный generated companion отсутствует в metadata.code.
ERROR [jazz] tmp/release-stage-v0.20.6219/jazz/InventoryItem/JAZZ_AMMO_545_Poor.lua: Активный generated companion отсутствует в metadata.code.
ERROR [jazz] tmp/release-stage-v0.20.6219/jazz/InventoryItem/JAZZ_AMMO_545_Tracer.lua: Активный generated companion отсутствует в metadata.code.
ERROR [jazz] tmp/release-stage-v0.20.6219/jazz/InventoryItem/JAZZ_AMMO_556_AP.lua: Активный generated companion отсутствует в metadata.code.
ERROR [jazz] tmp/release-stage-v0.20.6219/jazz/InventoryItem/JAZZ_AMMO_556_Army.lua: Активный generated companion отсутствует в metadata.code.
ERROR [jazz] tmp/release-stage-v0.20.6219/jazz/InventoryItem/JAZZ_AMMO_556_Crafted.lua: Активный generated companion отсутствует в metadata.code.
ERROR [jazz] tmp/release-stage-v0.20.6219/jazz/InventoryItem/JAZZ_AMMO_556_EPR.lua: Активный generated companion отсутствует в metadata.code.
ERROR [jazz] tmp/release-stage-v0.20.6219/jazz/InventoryItem/JAZZ_AMMO_556_FMJ.lua: Активный generated companion отсутствует в metadata.code.
ERROR [jazz] tmp/release-stage-v0.20.6219/jazz/InventoryItem/JAZZ_AMMO_556_Match.lua: Активный generated companion отсутствует в metadata.code.
ERROR [jazz] tmp/release-stage-v0.20.6219/jazz/InventoryItem/JAZZ_AMMO_556_Poor.lua: Активный generated companion отсутствует в metadata.code.
ERROR [jazz] tmp/release-stage-v0.20.6219/jazz/InventoryItem/JAZZ_AMMO_556_Tracer.lua: Активный generated companion отсутствует в metadata.code.
ERROR [jazz] tmp/release-stage-v0.20.6219/jazz/InventoryItem/JAZZ_AMMO_57_AP.lua: Активный generated companion отсутствует в metadata.code.
ERROR [jazz] tmp/release-stage-v0.20.6219/jazz/InventoryItem/JAZZ_AMMO_57_JHP.lua: Активный generated companion отсутствует в metadata.code.
ERROR [jazz] tmp/release-stage-v0.20.6219/jazz/InventoryItem/JAZZ_AMMO_57_Subsonic.lua: Активный generated companion отсутствует в metadata.code.
ERROR [jazz] tmp/release-stage-v0.20.6219/jazz/InventoryItem/JAZZ_AMMO_75French_AP.lua: Активный generated companion отсутствует в metadata.code.
ERROR [jazz] tmp/release-stage-v0.20.6219/jazz/InventoryItem/JAZZ_AMMO_75French_FMJ.lua: Активный generated companion отсутствует в metadata.code.
ERROR [jazz] tmp/release-stage-v0.20.6219/jazz/InventoryItem/JAZZ_AMMO_762x25_AP.lua: Активный generated companion отсутствует в metadata.code.
ERROR [jazz] tmp/release-stage-v0.20.6219/jazz/InventoryItem/JAZZ_AMMO_762x25_FMJ.lua: Активный generated companion отсутствует в metadata.code.
ERROR [jazz] tmp/release-stage-v0.20.6219/jazz/InventoryItem/JAZZ_AMMO_762x25_JHP.lua: Активный generated companion отсутствует в metadata.code.
ERROR [jazz] tmp/release-stage-v0.20.6219/jazz/InventoryItem/JAZZ_AMMO_762x25_Poor.lua: Активный generated companion отсутствует в metadata.code.
ERROR [jazz] tmp/release-stage-v0.20.6219/jazz/InventoryItem/JAZZ_AMMO_762x39_APP.lua: Активный generated companion отсутствует в metadata.code.
ERROR [jazz] tmp/release-stage-v0.20.6219/jazz/InventoryItem/JAZZ_AMMO_762x39_Army.lua: Активный generated companion отсутствует в metadata.code.
ERROR [jazz] tmp/release-stage-v0.20.6219/jazz/InventoryItem/JAZZ_AMMO_762x39_Crafted.lua: Активный generated companion отсутствует в metadata.code.
ERROR [jazz] tmp/release-stage-v0.20.6219/jazz/InventoryItem/JAZZ_AMMO_762x39_FMJ.lua: Активный generated companion отсутствует в metadata.code.
ERROR [jazz] tmp/release-stage-v0.20.6219/jazz/InventoryItem/JAZZ_AMMO_762x39_JHP.lua: Активный generated companion отсутствует в metadata.code.
ERROR [jazz] tmp/release-stage-v0.20.6219/jazz/InventoryItem/JAZZ_AMMO_762x39_Poor.lua: Активный generated companion отсутствует в metadata.code.
ERROR [jazz] tmp/release-stage-v0.20.6219/jazz/InventoryItem/JAZZ_AMMO_762x39_Tracer.lua: Активный generated companion отсутствует в metadata.code.
ERROR [jazz] tmp/release-stage-v0.20.6219/jazz/InventoryItem/JAZZ_AMMO_762x39_US.lua: Активный generated companion отсутствует в metadata.code.
ERROR [jazz] tmp/release-stage-v0.20.6219/jazz/InventoryItem/JAZZ_AMMO_762x51_AP.lua: Активный generated companion отсутствует в metadata.code.
ERROR [jazz] tmp/release-stage-v0.20.6219/jazz/InventoryItem/JAZZ_AMMO_762x51_Army.lua: Активный generated companion отсутствует в metadata.code.
ERROR [jazz] tmp/release-stage-v0.20.6219/jazz/InventoryItem/JAZZ_AMMO_762x51_Crafted.lua: Активный generated companion отсутствует в metadata.code.
ERROR [jazz] tmp/release-stage-v0.20.6219/jazz/InventoryItem/JAZZ_AMMO_762x51_FMJ.lua: Активный generated companion отсутствует в metadata.code.
ERROR [jazz] tmp/release-stage-v0.20.6219/jazz/InventoryItem/JAZZ_AMMO_762x51_Match.lua: Активный generated companion отсутствует в metadata.code.
ERROR [jazz] tmp/release-stage-v0.20.6219/jazz/InventoryItem/JAZZ_AMMO_762x51_Poor.lua: Активный generated companion отсутствует в metadata.code.
ERROR [jazz] tmp/release-stage-v0.20.6219/jazz/InventoryItem/JAZZ_AMMO_762x51_Tracer.lua: Активный generated companion отсутствует в metadata.code.
ERROR [jazz] tmp/release-stage-v0.20.6219/jazz/InventoryItem/JAZZ_AMMO_762x54_APIT.lua: Активный generated companion отсутствует в metadata.code.
ERROR [jazz] tmp/release-stage-v0.20.6219/jazz/InventoryItem/JAZZ_AMMO_762x54_Crafted.lua: Активный generated companion отсутствует в metadata.code.
ERROR [jazz] tmp/release-stage-v0.20.6219/jazz/InventoryItem/JAZZ_AMMO_762x54_FMJ.lua: Активный generated companion отсутствует в metadata.code.
ERROR [jazz] tmp/release-stage-v0.20.6219/jazz/InventoryItem/JAZZ_AMMO_762x54_Match.lua: Активный generated companion отсутствует в metadata.code.
ERROR [jazz] tmp/release-stage-v0.20.6219/jazz/InventoryItem/JAZZ_AMMO_762x54_Poor.lua: Активный generated companion отсутствует в metadata.code.
ERROR [jazz] tmp/release-stage-v0.20.6219/jazz/InventoryItem/JAZZ_AMMO_762x54_Tracer.lua: Активный generated companion отсутствует в metadata.code.
ERROR [jazz] tmp/release-stage-v0.20.6219/jazz/InventoryItem/JAZZ_AMMO_792_AP.lua: Активный generated companion отсутствует в metadata.code.
ERROR [jazz] tmp/release-stage-v0.20.6219/jazz/InventoryItem/JAZZ_AMMO_792_APIT.lua: Активный generated companion отсутствует в metadata.code.
ERROR [jazz] tmp/release-stage-v0.20.6219/jazz/InventoryItem/JAZZ_AMMO_792_FMJ.lua: Активный generated companion отсутствует в metadata.code.
ERROR [jazz] tmp/release-stage-v0.20.6219/jazz/InventoryItem/JAZZ_AMMO_792x33_AP.lua: Активный generated companion отсутствует в metadata.code.
ERROR [jazz] tmp/release-stage-v0.20.6219/jazz/InventoryItem/JAZZ_AMMO_792x33_FMJ.lua: Активный generated companion отсутствует в metadata.code.
ERROR [jazz] tmp/release-stage-v0.20.6219/jazz/InventoryItem/JAZZ_AMMO_792x33_Tracer.lua: Активный generated companion отсутствует в metadata.code.
ERROR [jazz] tmp/release-stage-v0.20.6219/jazz/InventoryItem/JAZZ_AMMO_9x18_AP.lua: Активный generated companion отсутствует в metadata.code.
ERROR [jazz] tmp/release-stage-v0.20.6219/jazz/InventoryItem/JAZZ_AMMO_9x18_APP.lua: Активный generated companion отсутствует в metadata.code.
ERROR [jazz] tmp/release-stage-v0.20.6219/jazz/InventoryItem/JAZZ_AMMO_9x18_Crafted.lua: Активный generated companion отсутствует в metadata.code.
ERROR [jazz] tmp/release-stage-v0.20.6219/jazz/InventoryItem/JAZZ_AMMO_9x18_FMJ.lua: Активный generated companion отсутствует в metadata.code.
ERROR [jazz] tmp/release-stage-v0.20.6219/jazz/InventoryItem/JAZZ_AMMO_9x18_JHP.lua: Активный generated companion отсутствует в metadata.code.
ERROR [jazz] tmp/release-stage-v0.20.6219/jazz/InventoryItem/JAZZ_AMMO_9x18_Poor.lua: Активный generated companion отсутствует в metadata.code.
ERROR [jazz] tmp/release-stage-v0.20.6219/jazz/InventoryItem/JAZZ_AMMO_9x19_AP.lua: Активный generated companion отсутствует в metadata.code.
ERROR [jazz] tmp/release-stage-v0.20.6219/jazz/InventoryItem/JAZZ_AMMO_9x19_APP.lua: Активный generated companion отсутствует в metadata.code.
ERROR [jazz] tmp/release-stage-v0.20.6219/jazz/InventoryItem/JAZZ_AMMO_9x19_Crafted.lua: Активный generated companion отсутствует в metadata.code.
ERROR [jazz] tmp/release-stage-v0.20.6219/jazz/InventoryItem/JAZZ_AMMO_9x19_FMJ.lua: Активный generated companion отсутствует в metadata.code.
ERROR [jazz] tmp/release-stage-v0.20.6219/jazz/InventoryItem/JAZZ_AMMO_9x19_JHP.lua: Активный generated companion отсутствует в metadata.code.
ERROR [jazz] tmp/release-stage-v0.20.6219/jazz/InventoryItem/JAZZ_AMMO_9x19_Match.lua: Активный generated companion отсутствует в metadata.code.
ERROR [jazz] tmp/release-stage-v0.20.6219/jazz/InventoryItem/JAZZ_AMMO_9x19_Poor.lua: Активный generated companion отсутствует в metadata.code.
ERROR [jazz] tmp/release-stage-v0.20.6219/jazz/InventoryItem/JAZZ_AMMO_9x39_AP.lua: Активный generated companion отсутствует в metadata.code.
ERROR [jazz] tmp/release-stage-v0.20.6219/jazz/InventoryItem/JAZZ_AMMO_9x39_Crafted.lua: Активный generated companion отсутствует в metadata.code.
ERROR [jazz] tmp/release-stage-v0.20.6219/jazz/InventoryItem/JAZZ_AMMO_9x39_JHP.lua: Активный generated companion отсутствует в metadata.code.
ERROR [jazz] tmp/release-stage-v0.20.6219/jazz/InventoryItem/JAZZ_AMMO_MortarShell_Gas.lua: Активный generated companion отсутствует в metadata.code.
ERROR [jazz] tmp/release-stage-v0.20.6219/jazz/InventoryItem/JAZZ_AMMO_MortarShell_HE.lua: Активный generated companion отсутствует в metadata.code.
ERROR [jazz] tmp/release-stage-v0.20.6219/jazz/InventoryItem/JAZZ_AMMO_MortarShell_Smoke.lua: Активный generated companion отсутствует в metadata.code.
ERROR [jazz] tmp/release-stage-v0.20.6219/jazz/InventoryItem/JAZZ_ArmorUpgrade.lua: Активный generated companion отсутствует в metadata.code.
ERROR [jazz] tmp/release-stage-v0.20.6219/jazz/InventoryItem/JAZZ_AUGCompensator_01.lua: Активный generated companion отсутствует в metadata.code.
ERROR [jazz] tmp/release-stage-v0.20.6219/jazz/InventoryItem/JAZZ_AUGCompensator_03.lua: Активный generated companion отсутствует в metadata.code.
ERROR [jazz] tmp/release-stage-v0.20.6219/jazz/InventoryItem/JAZZ_Bandage.lua: Активный generated companion отсутствует в metadata.code.
ERROR [jazz] tmp/release-stage-v0.20.6219/jazz/InventoryItem/JAZZ_BarrelParts.lua: Активный generated companion отсутствует в metadata.code.
ERROR [jazz] tmp/release-stage-v0.20.6219/jazz/InventoryItem/JAZZ_Bipod_Galil.lua: Активный generated companion отсутствует в metadata.code.
ERROR [jazz] tmp/release-stage-v0.20.6219/jazz/InventoryItem/JAZZ_Bipod_Under.lua: Активный generated companion отсутствует в metadata.code.
ERROR [jazz] tmp/release-stage-v0.20.6219/jazz/InventoryItem/JAZZ_Bipod.lua: Активный generated companion отсутствует в metadata.code.
ERROR [jazz] tmp/release-stage-v0.20.6219/jazz/InventoryItem/JAZZ_CombatScope_1P29.lua: Активный generated companion отсутствует в metadata.code.
ERROR [jazz] tmp/release-stage-v0.20.6219/jazz/InventoryItem/JAZZ_CombatScope_2x.lua: Активный generated companion отсутствует в metadata.code.
ERROR [jazz] tmp/release-stage-v0.20.6219/jazz/InventoryItem/JAZZ_CombatScope_3x.lua: Активный generated companion отсутствует в metadata.code.
ERROR [jazz] tmp/release-stage-v0.20.6219/jazz/InventoryItem/JAZZ_CombatScope_ACOG.lua: Активный generated companion отсутствует в metadata.code.
ERROR [jazz] tmp/release-stage-v0.20.6219/jazz/InventoryItem/JAZZ_CombatScope_FeroZ24.lua: Активный generated companion отсутствует в metadata.code.
ERROR [jazz] tmp/release-stage-v0.20.6219/jazz/InventoryItem/JAZZ_Compensator.lua: Активный generated companion отсутствует в metadata.code.
ERROR [jazz] tmp/release-stage-v0.20.6219/jazz/InventoryItem/JAZZ_DuckbillChoke.lua: Активный generated companion отсутствует в metadata.code.
ERROR [jazz] tmp/release-stage-v0.20.6219/jazz/InventoryItem/JAZZ_FlashHider.lua: Активный generated companion отсутствует в metadata.code.
ERROR [jazz] tmp/release-stage-v0.20.6219/jazz/InventoryItem/JAZZ_Flashlight_aa12.lua: Активный generated companion отсутствует в metadata.code.
ERROR [jazz] tmp/release-stage-v0.20.6219/jazz/InventoryItem/JAZZ_Flashlight_PSG_M1.lua: Активный generated companion отсутствует в metadata.code.
ERROR [jazz] tmp/release-stage-v0.20.6219/jazz/InventoryItem/JAZZ_Flashlight.lua: Активный generated companion отсутствует в metadata.code.
ERROR [jazz] tmp/release-stage-v0.20.6219/jazz/InventoryItem/JAZZ_FlashlightDot_aa12.lua: Активный generated companion отсутствует в metadata.code.
ERROR [jazz] tmp/release-stage-v0.20.6219/jazz/InventoryItem/JAZZ_FlashlightDot_Anaconda.lua: Активный generated companion отсутствует в metadata.code.
ERROR [jazz] tmp/release-stage-v0.20.6219/jazz/InventoryItem/JAZZ_FlashlightDot_PSG_M1.lua: Активный generated companion отсутствует в metadata.code.
ERROR [jazz] tmp/release-stage-v0.20.6219/jazz/InventoryItem/JAZZ_FlashlightDot.lua: Активный generated companion отсутствует в metadata.code.
ERROR [jazz] tmp/release-stage-v0.20.6219/jazz/InventoryItem/JAZZ_FullChoke.lua: Активный generated companion отсутствует в metadata.code.
ERROR [jazz] tmp/release-stage-v0.20.6219/jazz/InventoryItem/JAZZ_G36Scope.lua: Активный generated companion отсутствует в metadata.code.
ERROR [jazz] tmp/release-stage-v0.20.6219/jazz/InventoryItem/JAZZ_G36Sight.lua: Активный generated companion отсутствует в metadata.code.
ERROR [jazz] tmp/release-stage-v0.20.6219/jazz/InventoryItem/JAZZ_Galil_Brake_Default.lua: Активный generated companion отсутствует в metadata.code.
ERROR [jazz] tmp/release-stage-v0.20.6219/jazz/InventoryItem/JAZZ_GP25.lua: Активный generated companion отсутствует в metadata.code.
ERROR [jazz] tmp/release-stage-v0.20.6219/jazz/InventoryItem/JAZZ_GrenadeLauncher_AUG.lua: Активный generated companion отсутствует в metadata.code.
ERROR [jazz] tmp/release-stage-v0.20.6219/jazz/InventoryItem/JAZZ_GrenadeLauncher_Commando.lua: Активный generated companion отсутствует в metadata.code.
ERROR [jazz] tmp/release-stage-v0.20.6219/jazz/InventoryItem/JAZZ_GrenadeLauncher_Galil.lua: Активный generated companion отсутствует в metadata.code.
ERROR [jazz] tmp/release-stage-v0.20.6219/jazz/InventoryItem/JAZZ_GrenadeLauncher_M14.lua: Активный generated companion отсутствует в metadata.code.
ERROR [jazz] tmp/release-stage-v0.20.6219/jazz/InventoryItem/JAZZ_GrenadeLauncher.lua: Активный generated companion отсутствует в metadata.code.
ERROR [jazz] tmp/release-stage-v0.20.6219/jazz/InventoryItem/JAZZ_HandlingWrap.lua: Активный generated companion отсутствует в metadata.code.
ERROR [jazz] tmp/release-stage-v0.20.6219/jazz/InventoryItem/JAZZ_ImprovisedSuppressor.lua: Активный generated companion отсутствует в metadata.code.
ERROR [jazz] tmp/release-stage-v0.20.6219/jazz/InventoryItem/JAZZ_LaserDot_aa12.lua: Активный generated companion отсутствует в metadata.code.
ERROR [jazz] tmp/release-stage-v0.20.6219/jazz/InventoryItem/JAZZ_LaserDot_Anaconda.lua: Активный generated companion отсутствует в metadata.code.
ERROR [jazz] tmp/release-stage-v0.20.6219/jazz/InventoryItem/JAZZ_LaserDot_PSG_M1.lua: Активный generated companion отсутствует в metadata.code.
ERROR [jazz] tmp/release-stage-v0.20.6219/jazz/InventoryItem/JAZZ_LaserDot.lua: Активный generated companion отсутствует в metadata.code.
ERROR [jazz] tmp/release-stage-v0.20.6219/jazz/InventoryItem/JAZZ_M70_Grenade.lua: Активный generated companion отсутствует в metadata.code.
ERROR [jazz] tmp/release-stage-v0.20.6219/jazz/InventoryItem/JAZZ_MagBelt_100_200.lua: Активный generated companion отсутствует в metadata.code.
ERROR [jazz] tmp/release-stage-v0.20.6219/jazz/InventoryItem/JAZZ_MagBelt_40_100.lua: Активный generated companion отсутствует в metadata.code.
ERROR [jazz] tmp/release-stage-v0.20.6219/jazz/InventoryItem/JAZZ_MagDrum_30_100_cumbersome.lua: Активный generated companion отсутствует в metadata.code.
ERROR [jazz] tmp/release-stage-v0.20.6219/jazz/InventoryItem/JAZZ_MagDrum_30_100_G3.lua: Активный generated companion отсутствует в metadata.code.
ERROR [jazz] tmp/release-stage-v0.20.6219/jazz/InventoryItem/JAZZ_MagDrum_30_100_HK33.lua: Активный generated companion отсутствует в metadata.code.
ERROR [jazz] tmp/release-stage-v0.20.6219/jazz/InventoryItem/JAZZ_MagDrum_30_100.lua: Активный generated companion отсутствует в metadata.code.
ERROR [jazz] tmp/release-stage-v0.20.6219/jazz/InventoryItem/JAZZ_MagDrum_30_50_THOMPSON.lua: Активный generated companion отсутствует в metadata.code.
ERROR [jazz] tmp/release-stage-v0.20.6219/jazz/InventoryItem/JAZZ_MagDrum_30_50_UZI.lua: Активный generated companion отсутствует в metadata.code.
ERROR [jazz] tmp/release-stage-v0.20.6219/jazz/InventoryItem/JAZZ_MagDrum_30_50.lua: Активный generated companion отсутствует в metadata.code.
ERROR [jazz] tmp/release-stage-v0.20.6219/jazz/InventoryItem/JAZZ_MagDrum_30_75.lua: Активный generated companion отсутствует в metadata.code.
ERROR [jazz] tmp/release-stage-v0.20.6219/jazz/InventoryItem/JAZZ_MagDrum_35_71.lua: Активный generated companion отсутствует в metadata.code.
ERROR [jazz] tmp/release-stage-v0.20.6219/jazz/InventoryItem/JAZZ_MagLarge_10_20_SVD.lua: Активный generated companion отсутствует в metadata.code.
ERROR [jazz] tmp/release-stage-v0.20.6219/jazz/InventoryItem/JAZZ_MagLarge_10_20_VAL.lua: Активный generated companion отсутствует в metadata.code.
ERROR [jazz] tmp/release-stage-v0.20.6219/jazz/InventoryItem/JAZZ_MagLarge_10_20.lua: Активный generated companion отсутствует в metadata.code.
ERROR [jazz] tmp/release-stage-v0.20.6219/jazz/InventoryItem/JAZZ_MagLarge_13_PISTOL_52.lua: Активный generated companion отсутствует в metadata.code.
ERROR [jazz] tmp/release-stage-v0.20.6219/jazz/InventoryItem/JAZZ_MagLarge_13_PISTOL_DE.lua: Активный generated companion отсутствует в metadata.code.
ERROR [jazz] tmp/release-stage-v0.20.6219/jazz/InventoryItem/JAZZ_MagLarge_13.lua: Активный generated companion отсутствует в metadata.code.
ERROR [jazz] tmp/release-stage-v0.20.6219/jazz/InventoryItem/JAZZ_MagLarge_17_33.lua: Активный generated companion отсутствует в metadata.code.
ERROR [jazz] tmp/release-stage-v0.20.6219/jazz/InventoryItem/JAZZ_MagLarge_18_20.lua: Активный generated companion отсутствует в metadata.code.
ERROR [jazz] tmp/release-stage-v0.20.6219/jazz/InventoryItem/JAZZ_MagLarge_20_30_FAL.lua: Активный generated companion отсутствует в metadata.code.
ERROR [jazz] tmp/release-stage-v0.20.6219/jazz/InventoryItem/JAZZ_MagLarge_20_30_MINI14.lua: Активный generated companion отсутствует в metadata.code.
ERROR [jazz] tmp/release-stage-v0.20.6219/jazz/InventoryItem/JAZZ_MagLarge_20_30_UZI.lua: Активный generated companion отсутствует в metadata.code.
ERROR [jazz] tmp/release-stage-v0.20.6219/jazz/InventoryItem/JAZZ_MagLarge_20_30.lua: Активный generated companion отсутствует в metadata.code.
ERROR [jazz] tmp/release-stage-v0.20.6219/jazz/InventoryItem/JAZZ_MagLarge_25_40.lua: Активный generated companion отсутствует в metadata.code.
ERROR [jazz] tmp/release-stage-v0.20.6219/jazz/InventoryItem/JAZZ_MagLarge_25_AA12.lua: Активный generated companion отсутствует в metadata.code.
ERROR [jazz] tmp/release-stage-v0.20.6219/jazz/InventoryItem/JAZZ_MagLarge_25_PISTOL_9.lua: Активный generated companion отсутствует в metadata.code.
ERROR [jazz] tmp/release-stage-v0.20.6219/jazz/InventoryItem/JAZZ_MagLarge_25_USAS.lua: Активный generated companion отсутствует в metadata.code.
ERROR [jazz] tmp/release-stage-v0.20.6219/jazz/InventoryItem/JAZZ_MagLarge_25.lua: Активный generated companion отсутствует в metadata.code.
ERROR [jazz] tmp/release-stage-v0.20.6219/jazz/InventoryItem/JAZZ_MagLarge_27.lua: Активный generated companion отсутствует в metadata.code.
ERROR [jazz] tmp/release-stage-v0.20.6219/jazz/InventoryItem/JAZZ_MagLarge_28.lua: Активный generated companion отсутствует в metadata.code.
ERROR [jazz] tmp/release-stage-v0.20.6219/jazz/InventoryItem/JAZZ_MagLarge_30_40.lua: Активный generated companion отсутствует в metadata.code.
ERROR [jazz] tmp/release-stage-v0.20.6219/jazz/InventoryItem/JAZZ_MagLarge_30_42.lua: Активный generated companion отсутствует в metadata.code.
ERROR [jazz] tmp/release-stage-v0.20.6219/jazz/InventoryItem/JAZZ_MagLarge_30_45.lua: Активный generated companion отсутствует в metadata.code.
ERROR [jazz] tmp/release-stage-v0.20.6219/jazz/InventoryItem/JAZZ_MagLarge_5_10.lua: Активный generated companion отсутствует в metadata.code.
ERROR [jazz] tmp/release-stage-v0.20.6219/jazz/InventoryItem/JAZZ_MagLarge_50_AR15.lua: Активный generated companion отсутствует в metadata.code.
ERROR [jazz] tmp/release-stage-v0.20.6219/jazz/InventoryItem/JAZZ_MagLarge_50_MP5.lua: Активный generated companion отсутствует в metadata.code.
ERROR [jazz] tmp/release-stage-v0.20.6219/jazz/InventoryItem/JAZZ_MagLarge_50_SIG.lua: Активный generated companion отсутствует в metadata.code.
ERROR [jazz] tmp/release-stage-v0.20.6219/jazz/InventoryItem/JAZZ_MagLarge_50.lua: Активный generated companion отсутствует в metadata.code.
ERROR [jazz] tmp/release-stage-v0.20.6219/jazz/InventoryItem/JAZZ_MagLarge_7_10.lua: Активный generated companion отсутствует в metadata.code.
ERROR [jazz] tmp/release-stage-v0.20.6219/jazz/InventoryItem/JAZZ_MagLarge_8_10.lua: Активный generated companion отсутствует в metadata.code.
ERROR [jazz] tmp/release-stage-v0.20.6219/jazz/InventoryItem/JAZZ_MagLarge_8_BARRET.lua: Активный generated companion отсутствует в metadata.code.
ERROR [jazz] tmp/release-stage-v0.20.6219/jazz/InventoryItem/JAZZ_MagLarge_8_PISTOL_52.lua: Активный generated companion отсутствует в metadata.code.
ERROR [jazz] tmp/release-stage-v0.20.6219/jazz/InventoryItem/JAZZ_MagLarge_8_PSG1.lua: Активный generated companion отсутствует в metadata.code.
ERROR [jazz] tmp/release-stage-v0.20.6219/jazz/InventoryItem/JAZZ_MagLarge_8.lua: Активный generated companion отсутствует в metadata.code.
ERROR [jazz] tmp/release-stage-v0.20.6219/jazz/InventoryItem/JAZZ_MagLargeFine.lua: Активный generated companion отсутствует в metadata.code.
ERROR [jazz] tmp/release-stage-v0.20.6219/jazz/InventoryItem/JAZZ_MagNormalFine_AR15.lua: Активный generated companion отсутствует в metadata.code.
ERROR [jazz] tmp/release-stage-v0.20.6219/jazz/InventoryItem/JAZZ_MagNormalFine_FAL.lua: Активный generated companion отсутствует в metadata.code.
ERROR [jazz] tmp/release-stage-v0.20.6219/jazz/InventoryItem/JAZZ_MagNormalFine_M14.lua: Активный generated companion отсутствует в metadata.code.
ERROR [jazz] tmp/release-stage-v0.20.6219/jazz/InventoryItem/JAZZ_MagNormalFine_PISTOL_9.lua: Активный generated companion отсутствует в metadata.code.
ERROR [jazz] tmp/release-stage-v0.20.6219/jazz/InventoryItem/JAZZ_MagNormalFine_PSG1.lua: Активный generated companion отсутствует в metadata.code.
ERROR [jazz] tmp/release-stage-v0.20.6219/jazz/InventoryItem/JAZZ_MagNormalFine.lua: Активный generated companion отсутствует в metadata.code.
ERROR [jazz] tmp/release-stage-v0.20.6219/jazz/InventoryItem/JAZZ_MagNormalG18.lua: Активный generated companion отсутствует в metadata.code.
ERROR [jazz] tmp/release-stage-v0.20.6219/jazz/InventoryItem/JAZZ_MagQuick_AK.lua: Активный generated companion отсутствует в metadata.code.
ERROR [jazz] tmp/release-stage-v0.20.6219/jazz/InventoryItem/JAZZ_MagQuick_AR15.lua: Активный generated companion отсутствует в metadata.code.
ERROR [jazz] tmp/release-stage-v0.20.6219/jazz/InventoryItem/JAZZ_MagQuick_AUG.lua: Активный generated companion отсутствует в metadata.code.
ERROR [jazz] tmp/release-stage-v0.20.6219/jazz/InventoryItem/JAZZ_MagQuick_G36.lua: Активный generated companion отсутствует в metadata.code.
ERROR [jazz] tmp/release-stage-v0.20.6219/jazz/InventoryItem/JAZZ_MagQuick_GALIL.lua: Активный generated companion отсутствует в metadata.code.
ERROR [jazz] tmp/release-stage-v0.20.6219/jazz/InventoryItem/JAZZ_MagQuick_MP5.lua: Активный generated companion отсутствует в metadata.code.
ERROR [jazz] tmp/release-stage-v0.20.6219/jazz/InventoryItem/JAZZ_MagQuick.lua: Активный generated companion отсутствует в metadata.code.
ERROR [jazz] tmp/release-stage-v0.20.6219/jazz/InventoryItem/JAZZ_MagSmall20_10_G3.lua: Активный generated companion отсутствует в metadata.code.
ERROR [jazz] tmp/release-stage-v0.20.6219/jazz/InventoryItem/JAZZ_MagSmall20_10_M14.lua: Активный generated companion отсутствует в metadata.code.
ERROR [jazz] tmp/release-stage-v0.20.6219/jazz/InventoryItem/JAZZ_MagSmall20_10.lua: Активный generated companion отсутствует в metadata.code.
ERROR [jazz] tmp/release-stage-v0.20.6219/jazz/InventoryItem/JAZZ_MagSmall30_15_M2CARBINE.lua: Активный generated companion отсутствует в metadata.code.
ERROR [jazz] tmp/release-stage-v0.20.6219/jazz/InventoryItem/JAZZ_MagSmall30_15_MP5.lua: Активный generated companion отсутствует в metadata.code.
ERROR [jazz] tmp/release-stage-v0.20.6219/jazz/InventoryItem/JAZZ_MagSmall30_15_TMP.lua: Активный generated companion отсутствует в metadata.code.
ERROR [jazz] tmp/release-stage-v0.20.6219/jazz/InventoryItem/JAZZ_MagSmall30_15.lua: Активный generated companion отсутствует в metadata.code.
ERROR [jazz] tmp/release-stage-v0.20.6219/jazz/InventoryItem/JAZZ_MagSmall30_20.lua: Активный generated companion отсутствует в metadata.code.
ERROR [jazz] tmp/release-stage-v0.20.6219/jazz/InventoryItem/JAZZ_Morphine.lua: Активный generated companion отсутствует в metadata.code.
ERROR [jazz] tmp/release-stage-v0.20.6219/jazz/InventoryItem/JAZZ_NightScope_M3.lua: Активный generated companion отсутствует в metadata.code.
ERROR [jazz] tmp/release-stage-v0.20.6219/jazz/InventoryItem/JAZZ_NightScope_NSPU.lua: Активный generated companion отсутствует в metadata.code.
ERROR [jazz] tmp/release-stage-v0.20.6219/jazz/InventoryItem/JAZZ_NightScope.lua: Активный generated companion отсутствует в metadata.code.
ERROR [jazz] tmp/release-stage-v0.20.6219/jazz/InventoryItem/JAZZ_PistolSuppressor.lua: Активный generated companion отсутствует в metadata.code.
ERROR [jazz] tmp/release-stage-v0.20.6219/jazz/InventoryItem/JAZZ_Reflex_Aimpoint5000.lua: Активный generated companion отсутствует в metadata.code.
ERROR [jazz] tmp/release-stage-v0.20.6219/jazz/InventoryItem/JAZZ_Reflex_Closed.lua: Активный generated companion отсутствует в metadata.code.
ERROR [jazz] tmp/release-stage-v0.20.6219/jazz/InventoryItem/JAZZ_Reflex_Cobra.lua: Активный generated companion отсутствует в metadata.code.
ERROR [jazz] tmp/release-stage-v0.20.6219/jazz/InventoryItem/JAZZ_Reflex_Eotech.lua: Активный generated companion отсутствует в metadata.code.
ERROR [jazz] tmp/release-stage-v0.20.6219/jazz/InventoryItem/JAZZ_Reflex_Garand.lua: Активный generated companion отсутствует в metadata.code.
ERROR [jazz] tmp/release-stage-v0.20.6219/jazz/InventoryItem/JAZZ_Reflex_M68.lua: Активный generated companion отсутствует в metadata.code.
ERROR [jazz] tmp/release-stage-v0.20.6219/jazz/InventoryItem/JAZZ_Reflex_Open.lua: Активный generated companion отсутствует в metadata.code.
ERROR [jazz] tmp/release-stage-v0.20.6219/jazz/InventoryItem/JAZZ_Reflex_Pistol.lua: Активный generated companion отсутствует в metadata.code.
ERROR [jazz] tmp/release-stage-v0.20.6219/jazz/InventoryItem/JAZZ_Reflex_PKAS.lua: Активный generated companion отсутствует в metadata.code.
ERROR [jazz] tmp/release-stage-v0.20.6219/jazz/InventoryItem/JAZZ_RemovableAttachment.lua: Активный generated companion отсутствует в metadata.code.
ERROR [jazz] tmp/release-stage-v0.20.6219/jazz/InventoryItem/JAZZ_Scope_12x.lua: Активный generated companion отсутствует в metadata.code.
ERROR [jazz] tmp/release-stage-v0.20.6219/jazz/InventoryItem/JAZZ_Scope_3x_9x.lua: Активный generated companion отсутствует в metadata.code.
ERROR [jazz] tmp/release-stage-v0.20.6219/jazz/InventoryItem/JAZZ_Scope_6x.lua: Активный generated companion отсутствует в metadata.code.
ERROR [jazz] tmp/release-stage-v0.20.6219/jazz/InventoryItem/JAZZ_Scope_8x_SCROME.lua: Активный generated companion отсутствует в metadata.code.
ERROR [jazz] tmp/release-stage-v0.20.6219/jazz/InventoryItem/JAZZ_Scope_DA15_6x.lua: Активный generated companion отсутствует в metadata.code.
ERROR [jazz] tmp/release-stage-v0.20.6219/jazz/InventoryItem/JAZZ_Scope_Garand.lua: Активный generated companion отсутствует в metadata.code.
ERROR [jazz] tmp/release-stage-v0.20.6219/jazz/InventoryItem/JAZZ_Scope_PSG.lua: Активный generated companion отсутствует в metadata.code.
ERROR [jazz] tmp/release-stage-v0.20.6219/jazz/InventoryItem/JAZZ_Scope_PSO.lua: Активный generated companion отсутствует в metadata.code.
ERROR [jazz] tmp/release-stage-v0.20.6219/jazz/InventoryItem/JAZZ_Scope_PU.lua: Активный generated companion отсутствует в metadata.code.
ERROR [jazz] tmp/release-stage-v0.20.6219/jazz/InventoryItem/JAZZ_Scope_Scout.lua: Активный generated companion отсутствует в metadata.code.
ERROR [jazz] tmp/release-stage-v0.20.6219/jazz/InventoryItem/JAZZ_Scope_Springfield.lua: Активный generated companion отсутствует в metadata.code.
ERROR [jazz] tmp/release-stage-v0.20.6219/jazz/InventoryItem/JAZZ_Scope_ZF4.lua: Активный generated companion отсутствует в metadata.code.
ERROR [jazz] tmp/release-stage-v0.20.6219/jazz/InventoryItem/JAZZ_Scope_ZRAK.lua: Активный generated companion отсутствует в metadata.code.
ERROR [jazz] tmp/release-stage-v0.20.6219/jazz/InventoryItem/JAZZ_ScopeParts.lua: Активный generated companion отсутствует в metadata.code.
ERROR [jazz] tmp/release-stage-v0.20.6219/jazz/InventoryItem/JAZZ_Suppressor.lua: Активный generated companion отсутствует в metadata.code.
ERROR [jazz] tmp/release-stage-v0.20.6219/jazz/InventoryItem/JAZZ_SuppressorImproved.lua: Активный generated companion отсутствует в metadata.code.
ERROR [jazz] tmp/release-stage-v0.20.6219/jazz/InventoryItem/JAZZ_SuppressorIntegrated.lua: Активный generated companion отсутствует в metadata.code.
ERROR [jazz] tmp/release-stage-v0.20.6219/jazz/InventoryItem/JAZZ_SurgicalKit.lua: Активный generated companion отсутствует в metadata.code.
ERROR [jazz] tmp/release-stage-v0.20.6219/jazz/InventoryItem/JAZZ_TacGrip_M14.lua: Активный generated companion отсутствует в metadata.code.
ERROR [jazz] tmp/release-stage-v0.20.6219/jazz/InventoryItem/JAZZ_TacGrip.lua: Активный generated companion отсутствует в metadata.code.
ERROR [jazz] tmp/release-stage-v0.20.6219/jazz/InventoryItem/JAZZ_Type56Bayo.lua: Активный generated companion отсутствует в metadata.code.
ERROR [jazz] tmp/release-stage-v0.20.6219/jazz/InventoryItem/JAZZ_Type56BayoF.lua: Активный generated companion отсутствует в metadata.code.
ERROR [jazz] tmp/release-stage-v0.20.6219/jazz/InventoryItem/JAZZ_UVDot_aa12.lua: Активный generated companion отсутствует в metadata.code.
ERROR [jazz] tmp/release-stage-v0.20.6219/jazz/InventoryItem/JAZZ_UVDot_Anaconda.lua: Активный generated companion отсутствует в metadata.code.
ERROR [jazz] tmp/release-stage-v0.20.6219/jazz/InventoryItem/JAZZ_UVDot_PSG_M1.lua: Активный generated companion отсутствует в metadata.code.
ERROR [jazz] tmp/release-stage-v0.20.6219/jazz/InventoryItem/JAZZ_UVDot.lua: Активный generated companion отсутствует в metadata.code.
ERROR [jazz] tmp/release-stage-v0.20.6219/jazz/InventoryItem/JAZZ_VerticalGrip_Commando.lua: Активный generated companion отсутствует в metadata.code.
ERROR [jazz] tmp/release-stage-v0.20.6219/jazz/InventoryItem/JAZZ_VerticalGrip_M14.lua: Активный generated companion отсутствует в metadata.code.
ERROR [jazz] tmp/release-stage-v0.20.6219/jazz/InventoryItem/JAZZ_VerticalGrip.lua: Активный generated companion отсутствует в metadata.code.
ERROR [jazz] tmp/release-stage-v0.20.6219/jazz/InventoryItem/JazzArmor_6B13.lua: Активный generated companion отсутствует в metadata.code.
ERROR [jazz] tmp/release-stage-v0.20.6219/jazz/InventoryItem/JazzArmor_6B3.lua: Активный generated companion отсутствует в metadata.code.
ERROR [jazz] tmp/release-stage-v0.20.6219/jazz/InventoryItem/JazzArmor_6b7Helm.lua: Активный generated companion отсутствует в metadata.code.
ERROR [jazz] tmp/release-stage-v0.20.6219/jazz/InventoryItem/JazzArmor_AdrianHelmet.lua: Активный generated companion отсутствует в metadata.code.
ERROR [jazz] tmp/release-stage-v0.20.6219/jazz/InventoryItem/JazzArmor_AltynHelm.lua: Активный generated companion отсутствует в metadata.code.
ERROR [jazz] tmp/release-stage-v0.20.6219/jazz/InventoryItem/JazzArmor_AssaultCuirass.lua: Активный generated companion отсутствует в metadata.code.
ERROR [jazz] tmp/release-stage-v0.20.6219/jazz/InventoryItem/JazzArmor_BallisticMask.lua: Активный generated companion отсутствует в metadata.code.
ERROR [jazz] tmp/release-stage-v0.20.6219/jazz/InventoryItem/JazzArmor_CamoBalaclava.lua: Активный generated companion отсутствует в metadata.code.
ERROR [jazz] tmp/release-stage-v0.20.6219/jazz/InventoryItem/JazzArmor_CamoKneePads.lua: Активный generated companion отсутствует в metadata.code.
ERROR [jazz] tmp/release-stage-v0.20.6219/jazz/InventoryItem/JazzArmor_Chainmail.lua: Активный generated companion отсутствует в metadata.code.
ERROR [jazz] tmp/release-stage-v0.20.6219/jazz/InventoryItem/JazzArmor_ConstructionHelmet.lua: Активный generated companion отсутствует в metadata.code.
ERROR [jazz] tmp/release-stage-v0.20.6219/jazz/InventoryItem/JazzArmor_EOD.lua: Активный generated companion отсутствует в metadata.code.
ERROR [jazz] tmp/release-stage-v0.20.6219/jazz/InventoryItem/JazzArmor_ESS.lua: Активный generated companion отсутствует в metadata.code.
ERROR [jazz] tmp/release-stage-v0.20.6219/jazz/InventoryItem/JazzArmor_FlakM1955.lua: Активный generated companion отсутствует в metadata.code.
ERROR [jazz] tmp/release-stage-v0.20.6219/jazz/InventoryItem/JazzArmor_FlakM69.lua: Активный generated companion отсутствует в metadata.code.
ERROR [jazz] tmp/release-stage-v0.20.6219/jazz/InventoryItem/JazzArmor_GuardianFull.lua: Активный generated companion отсутствует в metadata.code.
ERROR [jazz] tmp/release-stage-v0.20.6219/jazz/InventoryItem/JazzArmor_GuardianHeavyLegs.lua: Активный generated companion отсутствует в metadata.code.
ERROR [jazz] tmp/release-stage-v0.20.6219/jazz/InventoryItem/JazzArmor_GuardianHelm.lua: Активный generated companion отсутствует в metadata.code.
ERROR [jazz] tmp/release-stage-v0.20.6219/jazz/InventoryItem/JazzArmor_GuardianHelmHeavy.lua: Активный generated companion отсутствует в metadata.code.
ERROR [jazz] tmp/release-stage-v0.20.6219/jazz/InventoryItem/JazzArmor_GuardianLegs.lua: Активный generated companion отсутствует в metadata.code.
ERROR [jazz] tmp/release-stage-v0.20.6219/jazz/InventoryItem/JazzArmor_GuardianLight.lua: Активный generated companion отсутствует в metadata.code.
ERROR [jazz] tmp/release-stage-v0.20.6219/jazz/InventoryItem/JazzArmor_GuardianMedium.lua: Активный generated companion отсутствует в metadata.code.
ERROR [jazz] tmp/release-stage-v0.20.6219/jazz/InventoryItem/JazzArmor_IBA.lua: Активный generated companion отсутствует в metadata.code.
ERROR [jazz] tmp/release-stage-v0.20.6219/jazz/InventoryItem/JazzArmor_IBAFull.lua: Активный generated companion отсутствует в metadata.code.
ERROR [jazz] tmp/release-stage-v0.20.6219/jazz/InventoryItem/JazzArmor_IBALight.lua: Активный generated companion отсутствует в metadata.code.
ERROR [jazz] tmp/release-stage-v0.20.6219/jazz/InventoryItem/JazzArmor_ImprovisedCuirass.lua: Активный generated companion отсутствует в metadata.code.
ERROR [jazz] tmp/release-stage-v0.20.6219/jazz/InventoryItem/JazzArmor_LeatherArmor.lua: Активный generated companion отсутствует в metadata.code.
ERROR [jazz] tmp/release-stage-v0.20.6219/jazz/InventoryItem/JazzArmor_LeatherJacketBlk.lua: Активный generated companion отсутствует в metadata.code.
ERROR [jazz] tmp/release-stage-v0.20.6219/jazz/InventoryItem/JazzArmor_LeatherJacketBrn.lua: Активный generated companion отсутствует в metadata.code.
ERROR [jazz] tmp/release-stage-v0.20.6219/jazz/InventoryItem/JazzArmor_LeatherPants.lua: Активный generated companion отсутствует в metadata.code.
ERROR [jazz] tmp/release-stage-v0.20.6219/jazz/InventoryItem/JazzArmor_LeatherVest.lua: Активный generated companion отсутствует в metadata.code.
ERROR [jazz] tmp/release-stage-v0.20.6219/jazz/InventoryItem/JazzArmor_M1Helm.lua: Активный generated companion отсутствует в metadata.code.
ERROR [jazz] tmp/release-stage-v0.20.6219/jazz/InventoryItem/JazzArmor_MetalHelm.lua: Активный generated companion отсутствует в metadata.code.
ERROR [jazz] tmp/release-stage-v0.20.6219/jazz/InventoryItem/JazzArmor_Mich2000.lua: Активный generated companion отсутствует в metadata.code.
ERROR [jazz] tmp/release-stage-v0.20.6219/jazz/InventoryItem/JazzArmor_Mich2001.lua: Активный generated companion отсутствует в metadata.code.
ERROR [jazz] tmp/release-stage-v0.20.6219/jazz/InventoryItem/JazzArmor_MotoKneePads.lua: Активный generated companion отсутствует в metadata.code.
ERROR [jazz] tmp/release-stage-v0.20.6219/jazz/InventoryItem/JazzArmor_NVG1.lua: Активный generated companion отсутствует в metadata.code.
ERROR [jazz] tmp/release-stage-v0.20.6219/jazz/InventoryItem/JazzArmor_NVG2.lua: Активный generated companion отсутствует в metadata.code.
ERROR [jazz] tmp/release-stage-v0.20.6219/jazz/InventoryItem/JazzArmor_NVG3.lua: Активный generated companion отсутствует в metadata.code.
ERROR [jazz] tmp/release-stage-v0.20.6219/jazz/InventoryItem/JazzArmor_PASGT.lua: Активный generated companion отсутствует в metadata.code.
ERROR [jazz] tmp/release-stage-v0.20.6219/jazz/InventoryItem/JazzArmor_PASGTHelm.lua: Активный generated companion отсутствует в metadata.code.
ERROR [jazz] tmp/release-stage-v0.20.6219/jazz/InventoryItem/JazzArmor_PoliceVest.lua: Активный generated companion отсутствует в metadata.code.
ERROR [jazz] tmp/release-stage-v0.20.6219/jazz/InventoryItem/JazzArmor_ProTecHelm.lua: Активный generated companion отсутствует в metadata.code.
ERROR [jazz] tmp/release-stage-v0.20.6219/jazz/InventoryItem/JazzArmor_RaiderKneePads.lua: Активный generated companion отсутствует в metadata.code.
ERROR [jazz] tmp/release-stage-v0.20.6219/jazz/InventoryItem/JazzArmor_RaiderMetalLeggins.lua: Активный generated companion отсутствует в metadata.code.
ERROR [jazz] tmp/release-stage-v0.20.6219/jazz/InventoryItem/JazzArmor_RBA.lua: Активный generated companion отсутствует в metadata.code.
ERROR [jazz] tmp/release-stage-v0.20.6219/jazz/InventoryItem/JazzArmor_SovietAssaultArmor.lua: Активный generated companion отсутствует в metadata.code.
ERROR [jazz] tmp/release-stage-v0.20.6219/jazz/InventoryItem/JazzArmor_SovietHelm.lua: Активный generated companion отсутствует в metadata.code.
ERROR [jazz] tmp/release-stage-v0.20.6219/jazz/InventoryItem/JazzArmor_Spectra.lua: Активный generated companion отсутствует в metadata.code.
ERROR [jazz] tmp/release-stage-v0.20.6219/jazz/InventoryItem/JazzArmor_SpectraCompositum.lua: Активный generated companion отсутствует в metadata.code.
ERROR [jazz] tmp/release-stage-v0.20.6219/jazz/InventoryItem/JazzArmor_SpectraFull.lua: Активный generated companion отсутствует в metadata.code.
ERROR [jazz] tmp/release-stage-v0.20.6219/jazz/InventoryItem/JazzArmor_SpectraFullCompositum.lua: Активный generated companion отсутствует в metadata.code.
ERROR [jazz] tmp/release-stage-v0.20.6219/jazz/InventoryItem/JazzArmor_SpectraHelm.lua: Активный generated companion отсутствует в metadata.code.
ERROR [jazz] tmp/release-stage-v0.20.6219/jazz/InventoryItem/JazzArmor_SpectraLegs.lua: Активный generated companion отсутствует в metadata.code.
ERROR [jazz] tmp/release-stage-v0.20.6219/jazz/InventoryItem/JazzArmor_Stahlhelm.lua: Активный generated companion отсутствует в metadata.code.
ERROR [jazz] tmp/release-stage-v0.20.6219/jazz/InventoryItem/JazzArmor_STSHHelm.lua: Активный generated companion отсутствует в metadata.code.
ERROR [jazz] tmp/release-stage-v0.20.6219/jazz/InventoryItem/JazzArmor_Sunglasses.lua: Активный generated companion отсутствует в metadata.code.
ERROR [jazz] tmp/release-stage-v0.20.6219/jazz/InventoryItem/JazzArmor_SWAT.lua: Активный generated companion отсутствует в metadata.code.
ERROR [jazz] tmp/release-stage-v0.20.6219/jazz/InventoryItem/JazzArmor_SwatPads.lua: Активный generated companion отсутствует в metadata.code.
ERROR [jazz] tmp/release-stage-v0.20.6219/jazz/InventoryItem/JazzArmor_TireArmor.lua: Активный generated companion отсутствует в metadata.code.
ERROR [jazz] tmp/release-stage-v0.20.6219/jazz/InventoryItem/JazzArmor_TireBrigantine.lua: Активный generated companion отсутствует в metadata.code.
ERROR [jazz] tmp/release-stage-v0.20.6219/jazz/InventoryItem/JazzArmor_TwaronFull.lua: Активный generated companion отсутствует в metadata.code.
ERROR [jazz] tmp/release-stage-v0.20.6219/jazz/InventoryItem/JazzArmor_TwaronHeavyLegs.lua: Активный generated companion отсутствует в metadata.code.
ERROR [jazz] tmp/release-stage-v0.20.6219/jazz/InventoryItem/JazzArmor_TwaronHelm.lua: Активный generated companion отсутствует в metadata.code.
ERROR [jazz] tmp/release-stage-v0.20.6219/jazz/InventoryItem/JazzArmor_TwaronHelmHeavy.lua: Активный generated companion отсутствует в metadata.code.
ERROR [jazz] tmp/release-stage-v0.20.6219/jazz/InventoryItem/JazzArmor_TwaronLegs.lua: Активный generated companion отсутствует в metadata.code.
ERROR [jazz] tmp/release-stage-v0.20.6219/jazz/InventoryItem/JazzArmor_TwaronLight.lua: Активный generated companion отсутствует в metadata.code.
ERROR [jazz] tmp/release-stage-v0.20.6219/jazz/InventoryItem/JazzArmor_TwaronMedium.lua: Активный generated companion отсутствует в metadata.code.
ERROR [jazz] tmp/release-stage-v0.20.6219/jazz/InventoryItem/JazzArmor_UHMWPE.lua: Активный generated companion отсутствует в metadata.code.
ERROR [jazz] tmp/release-stage-v0.20.6219/jazz/InventoryItem/JazzArmor_UHMWPEFull.lua: Активный generated companion отсутствует в metadata.code.
ERROR [jazz] tmp/release-stage-v0.20.6219/jazz/InventoryItem/JazzArmor_UHMWPEHelm.lua: Активный generated companion отсутствует в metadata.code.
ERROR [jazz] tmp/release-stage-v0.20.6219/jazz/InventoryItem/JazzArmor_UHMWPELegs.lua: Активный generated companion отсутствует в metadata.code.
ERROR [jazz] tmp/release-stage-v0.20.6219/jazz/InventoryItem/JazzArmor_Uniform.lua: Активный generated companion отсутствует в metadata.code.
ERROR [jazz] tmp/release-stage-v0.20.6219/jazz/InventoryItem/JazzArmor_UniformCap.lua: Активный generated companion отсутствует в metadata.code.
ERROR [jazz] tmp/release-stage-v0.20.6219/jazz/InventoryItem/JazzArmor_UniformPants.lua: Активный generated companion отсутствует в metadata.code.
ERROR [jazz] tmp/release-stage-v0.20.6219/jazz/InventoryItem/JazzArmor_WieldingHelm.lua: Активный generated companion отсутствует в metadata.code.
ERROR [jazz] tmp/release-stage-v0.20.6219/jazz/InventoryItem/JazzArmor_ZylonFull.lua: Активный generated companion отсутствует в metadata.code.
ERROR [jazz] tmp/release-stage-v0.20.6219/jazz/InventoryItem/JazzArmor_ZylonHeavyLegs.lua: Активный generated companion отсутствует в metadata.code.
ERROR [jazz] tmp/release-stage-v0.20.6219/jazz/InventoryItem/JazzArmor_ZylonHelm.lua: Активный generated companion отсутствует в metadata.code.
ERROR [jazz] tmp/release-stage-v0.20.6219/jazz/InventoryItem/JazzArmor_ZylonHelmHeavy.lua: Активный generated companion отсутствует в metadata.code.
ERROR [jazz] tmp/release-stage-v0.20.6219/jazz/InventoryItem/JazzArmor_ZylonLegs.lua: Активный generated companion отсутствует в metadata.code.
ERROR [jazz] tmp/release-stage-v0.20.6219/jazz/InventoryItem/JazzArmor_ZylonLight.lua: Активный generated companion отсутствует в metadata.code.
ERROR [jazz] tmp/release-stage-v0.20.6219/jazz/InventoryItem/JazzArmor_ZylonMedium.lua: Активный generated companion отсутствует в metadata.code.
ERROR [jazz] tmp/release-stage-v0.20.6219/jazz/InventoryItem/JazzArmorPlates_Ceramics3.lua: Активный generated companion отсутствует в metadata.code.
ERROR [jazz] tmp/release-stage-v0.20.6219/jazz/InventoryItem/JazzArmorPlates_Ceramics4.lua: Активный generated companion отсутствует в metadata.code.
ERROR [jazz] tmp/release-stage-v0.20.6219/jazz/InventoryItem/JazzArmorPlates_Ceramics5.lua: Активный generated companion отсутствует в metadata.code.
ERROR [jazz] tmp/release-stage-v0.20.6219/jazz/InventoryItem/JazzArmorPlates_Kevlar.lua: Активный generated companion отсутствует в metadata.code.
ERROR [jazz] tmp/release-stage-v0.20.6219/jazz/InventoryItem/JazzArmorPlates_Scrap.lua: Активный generated companion отсутствует в metadata.code.
ERROR [jazz] tmp/release-stage-v0.20.6219/jazz/InventoryItem/JazzArmorPlates_Steel3.lua: Активный generated companion отсутствует в metadata.code.
ERROR [jazz] tmp/release-stage-v0.20.6219/jazz/InventoryItem/JazzArmorPlates_Steel4.lua: Активный generated companion отсутствует в metadata.code.
ERROR [jazz] tmp/release-stage-v0.20.6219/jazz/InventoryItem/JazzArmorPlates_Steel5.lua: Активный generated companion отсутствует в metadata.code.
ERROR [jazz] tmp/release-stage-v0.20.6219/jazz/InventoryItem/JazzArmorPlates_Titan3.lua: Активный generated companion отсутствует в metadata.code.
ERROR [jazz] tmp/release-stage-v0.20.6219/jazz/InventoryItem/JazzArmorPlates_Titan4.lua: Активный generated companion отсутствует в metadata.code.
ERROR [jazz] tmp/release-stage-v0.20.6219/jazz/InventoryItem/JazzArmorPlates_Titan5.lua: Активный generated companion отсутствует в metadata.code.
ERROR [jazz] tmp/release-stage-v0.20.6219/jazz/InventoryItem/JazzArmorPlates_Twaron.lua: Активный generated companion отсутствует в metadata.code.
ERROR [jazz] tmp/release-stage-v0.20.6219/jazz/InventoryItem/KevlarChestplate_CeramicPlates.lua: Активный generated companion отсутствует в metadata.code.
ERROR [jazz] tmp/release-stage-v0.20.6219/jazz/InventoryItem/KevlarChestplate_Kompositum.lua: Активный generated companion отсутствует в metadata.code.
ERROR [jazz] tmp/release-stage-v0.20.6219/jazz/InventoryItem/KevlarChestplate_WeavePadding.lua: Активный generated companion отсутствует в metadata.code.
ERROR [jazz] tmp/release-stage-v0.20.6219/jazz/InventoryItem/KevlarChestplate.lua: Активный generated companion отсутствует в metadata.code.
ERROR [jazz] tmp/release-stage-v0.20.6219/jazz/InventoryItem/KevlarHelmet_Kompositum.lua: Активный generated companion отсутствует в metadata.code.
ERROR [jazz] tmp/release-stage-v0.20.6219/jazz/InventoryItem/KevlarHelmet_WeavePadding.lua: Активный generated companion отсутствует в metadata.code.
ERROR [jazz] tmp/release-stage-v0.20.6219/jazz/InventoryItem/KevlarHelmet.lua: Активный generated companion отсутствует в metadata.code.
ERROR [jazz] tmp/release-stage-v0.20.6219/jazz/InventoryItem/KevlarLeggings_Kompositum.lua: Активный generated companion отсутствует в metadata.code.
ERROR [jazz] tmp/release-stage-v0.20.6219/jazz/InventoryItem/KevlarLeggings_WeavePadding.lua: Активный generated companion отсутствует в metadata.code.
ERROR [jazz] tmp/release-stage-v0.20.6219/jazz/InventoryItem/KevlarLeggings.lua: Активный generated companion отсутствует в metadata.code.
ERROR [jazz] tmp/release-stage-v0.20.6219/jazz/InventoryItem/KevlarVest_CeramicPlates.lua: Активный generated companion отсутствует в metadata.code.
ERROR [jazz] tmp/release-stage-v0.20.6219/jazz/InventoryItem/KevlarVest_Kompositum.lua: Активный generated companion отсутствует в metadata.code.
ERROR [jazz] tmp/release-stage-v0.20.6219/jazz/InventoryItem/KevlarVest_WeavePadding.lua: Активный generated companion отсутствует в metadata.code.
ERROR [jazz] tmp/release-stage-v0.20.6219/jazz/InventoryItem/KevlarVest.lua: Активный generated companion отсутствует в metadata.code.
ERROR [jazz] tmp/release-stage-v0.20.6219/jazz/InventoryItem/Kimber.lua: Активный generated companion отсутствует в metadata.code.
ERROR [jazz] tmp/release-stage-v0.20.6219/jazz/InventoryItem/Knife_Balanced.lua: Активный generated companion отсутствует в metadata.code.
ERROR [jazz] tmp/release-stage-v0.20.6219/jazz/InventoryItem/Knife_Sharpened.lua: Активный generated companion отсутствует в metadata.code.
ERROR [jazz] tmp/release-stage-v0.20.6219/jazz/InventoryItem/Knife.lua: Активный generated companion отсутствует в metadata.code.
ERROR [jazz] tmp/release-stage-v0.20.6219/jazz/InventoryItem/Korth.lua: Активный generated companion отсутствует в metadata.code.
ERROR [jazz] tmp/release-stage-v0.20.6219/jazz/InventoryItem/L42A1.lua: Активный generated companion отсутствует в metadata.code.
ERROR [jazz] tmp/release-stage-v0.20.6219/jazz/InventoryItem/LightHelmet_Kompositum.lua: Активный generated companion отсутствует в metadata.code.
ERROR [jazz] tmp/release-stage-v0.20.6219/jazz/InventoryItem/LightHelmet_WeavePadding.lua: Активный generated companion отсутствует в metadata.code.
ERROR [jazz] tmp/release-stage-v0.20.6219/jazz/InventoryItem/LightHelmet.lua: Активный generated companion отсутствует в metadata.code.
ERROR [jazz] tmp/release-stage-v0.20.6219/jazz/InventoryItem/LionRoar.lua: Активный generated companion отсутствует в metadata.code.
ERROR [jazz] tmp/release-stage-v0.20.6219/jazz/InventoryItem/Lockpick.lua: Активный generated companion отсутствует в metadata.code.
ERROR [jazz] tmp/release-stage-v0.20.6219/jazz/InventoryItem/Luger.lua: Активный generated companion отсутствует в metadata.code.
ERROR [jazz] tmp/release-stage-v0.20.6219/jazz/InventoryItem/M14SAW.lua: Активный generated companion отсутствует в metadata.code.
ERROR [jazz] tmp/release-stage-v0.20.6219/jazz/InventoryItem/M16A1.lua: Активный generated companion отсутствует в metadata.code.
ERROR [jazz] tmp/release-stage-v0.20.6219/jazz/InventoryItem/M16A2.lua: Активный generated companion отсутствует в metadata.code.
ERROR [jazz] tmp/release-stage-v0.20.6219/jazz/InventoryItem/M16A4.lua: Активный generated companion отсутствует в metadata.code.
ERROR [jazz] tmp/release-stage-v0.20.6219/jazz/InventoryItem/M1897.lua: Активный generated companion отсутствует в metadata.code.
ERROR [jazz] tmp/release-stage-v0.20.6219/jazz/InventoryItem/M1A.lua: Активный generated companion отсутствует в metadata.code.
ERROR [jazz] tmp/release-stage-v0.20.6219/jazz/InventoryItem/M1Garand.lua: Активный generated companion отсутствует в metadata.code.
ERROR [jazz] tmp/release-stage-v0.20.6219/jazz/InventoryItem/M21.lua: Активный generated companion отсутствует в metadata.code.
ERROR [jazz] tmp/release-stage-v0.20.6219/jazz/InventoryItem/M24Sniper.lua: Активный generated companion отсутствует в metadata.code.
ERROR [jazz] tmp/release-stage-v0.20.6219/jazz/InventoryItem/M2Carbine.lua: Активный generated companion отсутствует в metadata.code.
ERROR [jazz] tmp/release-stage-v0.20.6219/jazz/InventoryItem/M3GreaseGun.lua: Активный generated companion отсутствует в metadata.code.
ERROR [jazz] tmp/release-stage-v0.20.6219/jazz/InventoryItem/M41Shotgun.lua: Активный generated companion отсутствует в metadata.code.
ERROR [jazz] tmp/release-stage-v0.20.6219/jazz/InventoryItem/M45.lua: Активный generated companion отсутствует в metadata.code.
ERROR [jazz] tmp/release-stage-v0.20.6219/jazz/InventoryItem/M4A1.lua: Активный generated companion отсутствует в metadata.code.
ERROR [jazz] tmp/release-stage-v0.20.6219/jazz/InventoryItem/M4Commando.lua: Активный generated companion отсутствует в metadata.code.
ERROR [jazz] tmp/release-stage-v0.20.6219/jazz/InventoryItem/M60.lua: Активный generated companion отсутствует в metadata.code.
ERROR [jazz] tmp/release-stage-v0.20.6219/jazz/InventoryItem/M60E3.lua: Активный generated companion отсутствует в metadata.code.
ERROR [jazz] tmp/release-stage-v0.20.6219/jazz/InventoryItem/M60E4.lua: Активный generated companion отсутствует в metadata.code.
ERROR [jazz] tmp/release-stage-v0.20.6219/jazz/InventoryItem/M700.lua: Активный generated companion отсутствует в metadata.code.
ERROR [jazz] tmp/release-stage-v0.20.6219/jazz/InventoryItem/M72LAW.lua: Активный generated companion отсутствует в metadata.code.
ERROR [jazz] tmp/release-stage-v0.20.6219/jazz/InventoryItem/M79.lua: Активный generated companion отсутствует в metadata.code.
ERROR [jazz] tmp/release-stage-v0.20.6219/jazz/InventoryItem/MAC10.lua: Активный generated companion отсутствует в metadata.code.
ERROR [jazz] tmp/release-stage-v0.20.6219/jazz/InventoryItem/MAC1950.lua: Активный generated companion отсутствует в metadata.code.
ERROR [jazz] tmp/release-stage-v0.20.6219/jazz/InventoryItem/MAC2429.lua: Активный generated companion отсутствует в metadata.code.
ERROR [jazz] tmp/release-stage-v0.20.6219/jazz/InventoryItem/Machete_Balanced.lua: Активный generated companion отсутствует в metadata.code.
ERROR [jazz] tmp/release-stage-v0.20.6219/jazz/InventoryItem/Machete_Sharpened.lua: Активный generated companion отсутствует в metadata.code.
ERROR [jazz] tmp/release-stage-v0.20.6219/jazz/InventoryItem/Machete.lua: Активный generated companion отсутствует в metadata.code.
ERROR [jazz] tmp/release-stage-v0.20.6219/jazz/InventoryItem/Makarov.lua: Активный generated companion отсутствует в metadata.code.
ERROR [jazz] tmp/release-stage-v0.20.6219/jazz/InventoryItem/MAS36.lua: Активный generated companion отсутствует в metadata.code.
ERROR [jazz] tmp/release-stage-v0.20.6219/jazz/InventoryItem/MAS49.lua: Активный generated companion отсутствует в metadata.code.
ERROR [jazz] tmp/release-stage-v0.20.6219/jazz/InventoryItem/MAT49.lua: Активный generated companion отсутствует в metadata.code.
ERROR [jazz] tmp/release-stage-v0.20.6219/jazz/InventoryItem/MedicalReport.lua: Активный generated companion отсутствует в metadata.code.
ERROR [jazz] tmp/release-stage-v0.20.6219/jazz/InventoryItem/Medkit.lua: Активный generated companion отсутствует в metadata.code.
ERROR [jazz] tmp/release-stage-v0.20.6219/jazz/InventoryItem/Meds.lua: Активный generated companion отсутствует в metadata.code.
ERROR [jazz] tmp/release-stage-v0.20.6219/jazz/InventoryItem/MetaviraShot.lua: Активный generated companion отсутствует в metadata.code.
ERROR [jazz] tmp/release-stage-v0.20.6219/jazz/InventoryItem/MG42.lua: Активный generated companion отсутствует в metadata.code.
ERROR [jazz] tmp/release-stage-v0.20.6219/jazz/InventoryItem/MG58.lua: Активный generated companion отсутствует в metadata.code.
ERROR [jazz] tmp/release-stage-v0.20.6219/jazz/InventoryItem/MGL.lua: Активный generated companion отсутствует в metadata.code.
ERROR [jazz] tmp/release-stage-v0.20.6219/jazz/InventoryItem/Microchip.lua: Активный generated companion отсутствует в metadata.code.
ERROR [jazz] tmp/release-stage-v0.20.6219/jazz/InventoryItem/MicroUZI.lua: Активный generated companion отсутствует в metadata.code.
ERROR [jazz] tmp/release-stage-v0.20.6219/jazz/InventoryItem/Mini14.lua: Активный generated companion отсутствует в metadata.code.
ERROR [jazz] tmp/release-stage-v0.20.6219/jazz/InventoryItem/Molotov.lua: Активный generated companion отсутствует в metadata.code.
ERROR [jazz] tmp/release-stage-v0.20.6219/jazz/InventoryItem/MortarInventoryItem.lua: Активный generated companion отсутствует в metadata.code.
ERROR [jazz] tmp/release-stage-v0.20.6219/jazz/InventoryItem/MortarShell_Gas.lua: Активный generated companion отсутствует в metadata.code.
ERROR [jazz] tmp/release-stage-v0.20.6219/jazz/InventoryItem/MortarShell_HE.lua: Активный generated companion отсутствует в metadata.code.
ERROR [jazz] tmp/release-stage-v0.20.6219/jazz/InventoryItem/MortarShell_Smoke.lua: Активный generated companion отсутствует в metadata.code.
ERROR [jazz] tmp/release-stage-v0.20.6219/jazz/InventoryItem/Mosin.lua: Активный generated companion отсутствует в metadata.code.
ERROR [jazz] tmp/release-stage-v0.20.6219/jazz/InventoryItem/MP40.lua: Активный generated companion отсутствует в metadata.code.
ERROR [jazz] tmp/release-stage-v0.20.6219/jazz/InventoryItem/MP446VIKING.lua: Активный generated companion отсутствует в metadata.code.
ERROR [jazz] tmp/release-stage-v0.20.6219/jazz/InventoryItem/MP5.lua: Активный generated companion отсутствует в metadata.code.
ERROR [jazz] tmp/release-stage-v0.20.6219/jazz/InventoryItem/MP5A2.lua: Активный generated companion отсутствует в metadata.code.
ERROR [jazz] tmp/release-stage-v0.20.6219/jazz/InventoryItem/MP5A4.lua: Активный generated companion отсутствует в metadata.code.
ERROR [jazz] tmp/release-stage-v0.20.6219/jazz/InventoryItem/MP5K.lua: Активный generated companion отсутствует в metadata.code.
ERROR [jazz] tmp/release-stage-v0.20.6219/jazz/InventoryItem/MP5SD.lua: Активный generated companion отсутствует в metadata.code.
ERROR [jazz] tmp/release-stage-v0.20.6219/jazz/InventoryItem/MP7.lua: Активный generated companion отсутствует в metadata.code.
ERROR [jazz] tmp/release-stage-v0.20.6219/jazz/InventoryItem/MPL.lua: Активный generated companion отсутствует в metadata.code.
ERROR [jazz] tmp/release-stage-v0.20.6219/jazz/InventoryItem/MR73.lua: Активный generated companion отсутствует в metadata.code.
ERROR [jazz] tmp/release-stage-v0.20.6219/jazz/InventoryItem/NailsLeatherVest.lua: Активный generated companion отсутствует в metadata.code.
ERROR [jazz] tmp/release-stage-v0.20.6219/jazz/InventoryItem/NightVisionGoggles.lua: Активный generated companion отсутствует в metadata.code.
ERROR [jazz] tmp/release-stage-v0.20.6219/jazz/InventoryItem/OilFilter.lua: Активный generated companion отсутствует в metadata.code.
ERROR [jazz] tmp/release-stage-v0.20.6219/jazz/InventoryItem/OpticalLens.lua: Активный generated companion отсутствует в metadata.code.
ERROR [jazz] tmp/release-stage-v0.20.6219/jazz/InventoryItem/P210.lua: Активный generated companion отсутствует в metadata.code.
ERROR [jazz] tmp/release-stage-v0.20.6219/jazz/InventoryItem/P220.lua: Активный generated companion отсутствует в metadata.code.
ERROR [jazz] tmp/release-stage-v0.20.6219/jazz/InventoryItem/P226.lua: Активный generated companion отсутствует в metadata.code.
ERROR [jazz] tmp/release-stage-v0.20.6219/jazz/InventoryItem/P38.lua: Активный generated companion отсутствует в metadata.code.
ERROR [jazz] tmp/release-stage-v0.20.6219/jazz/InventoryItem/P90.lua: Активный generated companion отсутствует в metadata.code.
ERROR [jazz] tmp/release-stage-v0.20.6219/jazz/InventoryItem/PaBaggzWill.lua: Активный generated companion отсутствует в metadata.code.
ERROR [jazz] tmp/release-stage-v0.20.6219/jazz/InventoryItem/Pamphlets_LysRouge.lua: Активный generated companion отсутствует в metadata.code.
ERROR [jazz] tmp/release-stage-v0.20.6219/jazz/InventoryItem/Pamphlets.lua: Активный generated companion отсутствует в metadata.code.
ERROR [jazz] tmp/release-stage-v0.20.6219/jazz/InventoryItem/Parts.lua: Активный generated companion отсутствует в metadata.code.
ERROR [jazz] tmp/release-stage-v0.20.6219/jazz/InventoryItem/PB.lua: Активный generated companion отсутствует в metadata.code.
ERROR [jazz] tmp/release-stage-v0.20.6219/jazz/InventoryItem/Personal_Vicki_CustomTools.lua: Активный generated companion отсутствует в metadata.code.
ERROR [jazz] tmp/release-stage-v0.20.6219/jazz/InventoryItem/PETN.lua: Активный generated companion отсутствует в metadata.code.
ERROR [jazz] tmp/release-stage-v0.20.6219/jazz/InventoryItem/PierreMachete.lua: Активный generated companion отсутствует в metadata.code.
ERROR [jazz] tmp/release-stage-v0.20.6219/jazz/InventoryItem/PipeBomb.lua: Активный generated companion отсутствует в metadata.code.
ERROR [jazz] tmp/release-stage-v0.20.6219/jazz/InventoryItem/PKM.lua: Активный generated companion отсутствует в metadata.code.
ERROR [jazz] tmp/release-stage-v0.20.6219/jazz/InventoryItem/PlasmaGun_Crowbar.lua: Активный generated companion отсутствует в metadata.code.
ERROR [jazz] tmp/release-stage-v0.20.6219/jazz/InventoryItem/PostApoHelmet.lua: Активный generated companion отсутствует в metadata.code.
ERROR [jazz] tmp/release-stage-v0.20.6219/jazz/InventoryItem/PP19Bizon.lua: Активный generated companion отсутствует в metadata.code.
ERROR [jazz] tmp/release-stage-v0.20.6219/jazz/InventoryItem/PPS43.lua: Активный generated companion отсутствует в metadata.code.
ERROR [jazz] tmp/release-stage-v0.20.6219/jazz/InventoryItem/PPSH.lua: Активный generated companion отсутствует в metadata.code.
ERROR [jazz] tmp/release-stage-v0.20.6219/jazz/InventoryItem/ProximityC4.lua: Активный generated companion отсутствует в metadata.code.
ERROR [jazz] tmp/release-stage-v0.20.6219/jazz/InventoryItem/ProximityPETN.lua: Активный generated companion отсутствует в metadata.code.
ERROR [jazz] tmp/release-stage-v0.20.6219/jazz/InventoryItem/ProximityTNT.lua: Активный generated companion отсутствует в metadata.code.
ERROR [jazz] tmp/release-stage-v0.20.6219/jazz/InventoryItem/PSG1.lua: Активный generated companion отсутствует в metadata.code.
ERROR [jazz] tmp/release-stage-v0.20.6219/jazz/InventoryItem/R870.lua: Активный generated companion отсутствует в metadata.code.
ERROR [jazz] tmp/release-stage-v0.20.6219/jazz/InventoryItem/Reanimationsset.lua: Активный generated companion отсутствует в metadata.code.
ERROR [jazz] tmp/release-stage-v0.20.6219/jazz/InventoryItem/RemoteC4.lua: Активный generated companion отсутствует в metadata.code.
ERROR [jazz] tmp/release-stage-v0.20.6219/jazz/InventoryItem/RemotePETN.lua: Активный generated companion отсутствует в metadata.code.
ERROR [jazz] tmp/release-stage-v0.20.6219/jazz/InventoryItem/RemoteTNT.lua: Активный generated companion отсутствует в metadata.code.
ERROR [jazz] tmp/release-stage-v0.20.6219/jazz/InventoryItem/RPD.lua: Активный generated companion отсутствует в metadata.code.
ERROR [jazz] tmp/release-stage-v0.20.6219/jazz/InventoryItem/RPG7.lua: Активный generated companion отсутствует в metadata.code.
ERROR [jazz] tmp/release-stage-v0.20.6219/jazz/InventoryItem/RPK.lua: Активный generated companion отсутствует в metadata.code.
ERROR [jazz] tmp/release-stage-v0.20.6219/jazz/InventoryItem/RPK74.lua: Активный generated companion отсутствует в metadata.code.
ERROR [jazz] tmp/release-stage-v0.20.6219/jazz/InventoryItem/RSH12.lua: Активный generated companion отсутствует в metadata.code.
ERROR [jazz] tmp/release-stage-v0.20.6219/jazz/InventoryItem/Scorpion.lua: Активный generated companion отсутствует в metadata.code.
ERROR [jazz] tmp/release-stage-v0.20.6219/jazz/InventoryItem/ScoutSniper.lua: Активный generated companion отсутствует в metadata.code.
ERROR [jazz] tmp/release-stage-v0.20.6219/jazz/InventoryItem/ShamanHelmet.lua: Активный generated companion отсутствует в metadata.code.
ERROR [jazz] tmp/release-stage-v0.20.6219/jazz/InventoryItem/ShamanLeggings.lua: Активный generated companion отсутствует в metadata.code.
ERROR [jazz] tmp/release-stage-v0.20.6219/jazz/InventoryItem/ShamanTorso.lua: Активный generated companion отсутствует в metadata.code.
ERROR [jazz] tmp/release-stage-v0.20.6219/jazz/InventoryItem/ShapedCharge.lua: Активный generated companion отсутствует в metadata.code.
ERROR [jazz] tmp/release-stage-v0.20.6219/jazz/InventoryItem/Sig550.lua: Активный generated companion отсутствует в metadata.code.
ERROR [jazz] tmp/release-stage-v0.20.6219/jazz/InventoryItem/Sig550Custom.lua: Активный generated companion отсутствует в metadata.code.
ERROR [jazz] tmp/release-stage-v0.20.6219/jazz/InventoryItem/Sig552.lua: Активный generated companion отсутствует в metadata.code.
ERROR [jazz] tmp/release-stage-v0.20.6219/jazz/InventoryItem/Sig552SWAT.lua: Активный generated companion отсутствует в metadata.code.
ERROR [jazz] tmp/release-stage-v0.20.6219/jazz/InventoryItem/SkillMag_Agility.lua: Активный generated companion отсутствует в metadata.code.
ERROR [jazz] tmp/release-stage-v0.20.6219/jazz/InventoryItem/SkillMag_Dexterity.lua: Активный generated companion отсутствует в metadata.code.
ERROR [jazz] tmp/release-stage-v0.20.6219/jazz/InventoryItem/SkillMag_Explosives.lua: Активный generated companion отсутствует в metadata.code.
ERROR [jazz] tmp/release-stage-v0.20.6219/jazz/InventoryItem/SkillMag_Health.lua: Активный generated companion отсутствует в metadata.code.
ERROR [jazz] tmp/release-stage-v0.20.6219/jazz/InventoryItem/SkillMag_Leadership.lua: Активный generated companion отсутствует в metadata.code.
ERROR [jazz] tmp/release-stage-v0.20.6219/jazz/InventoryItem/SkillMag_Marksmanship.lua: Активный generated companion отсутствует в metadata.code.
ERROR [jazz] tmp/release-stage-v0.20.6219/jazz/InventoryItem/SkillMag_Mechanical.lua: Активный generated companion отсутствует в metadata.code.
ERROR [jazz] tmp/release-stage-v0.20.6219/jazz/InventoryItem/SkillMag_Medical.lua: Активный generated companion отсутствует в metadata.code.
ERROR [jazz] tmp/release-stage-v0.20.6219/jazz/InventoryItem/SkillMag_Strength.lua: Активный generated companion отсутствует в metadata.code.
ERROR [jazz] tmp/release-stage-v0.20.6219/jazz/InventoryItem/SkillMag_Wisdom.lua: Активный generated companion отсутствует в metadata.code.
ERROR [jazz] tmp/release-stage-v0.20.6219/jazz/InventoryItem/SKS.lua: Активный generated companion отсутствует в metadata.code.
ERROR [jazz] tmp/release-stage-v0.20.6219/jazz/InventoryItem/SmokeGrenade.lua: Активный generated companion отсутствует в metadata.code.
ERROR [jazz] tmp/release-stage-v0.20.6219/jazz/InventoryItem/SPAS12.lua: Активный generated companion отсутствует в metadata.code.
ERROR [jazz] tmp/release-stage-v0.20.6219/jazz/InventoryItem/SpectreM4.lua: Активный generated companion отсутствует в metadata.code.
ERROR [jazz] tmp/release-stage-v0.20.6219/jazz/InventoryItem/Springfield.lua: Активный generated companion отсутствует в metadata.code.
ERROR [jazz] tmp/release-stage-v0.20.6219/jazz/InventoryItem/SR3M.lua: Активный generated companion отсутствует в metadata.code.
ERROR [jazz] tmp/release-stage-v0.20.6219/jazz/InventoryItem/Sterling.lua: Активный generated companion отсутствует в metadata.code.
ERROR [jazz] tmp/release-stage-v0.20.6219/jazz/InventoryItem/STG44.lua: Активный generated companion отсутствует в metadata.code.
ERROR [jazz] tmp/release-stage-v0.20.6219/jazz/InventoryItem/Stoeger.lua: Активный generated companion отсутствует в metadata.code.
ERROR [jazz] tmp/release-stage-v0.20.6219/jazz/InventoryItem/Striker.lua: Активный generated companion отсутствует в metadata.code.
ERROR [jazz] tmp/release-stage-v0.20.6219/jazz/InventoryItem/Suppressor_Rifle.lua: Активный generated companion отсутствует в metadata.code.
ERROR [jazz] tmp/release-stage-v0.20.6219/jazz/InventoryItem/Suppressor.lua: Активный generated companion отсутствует в metadata.code.
ERROR [jazz] tmp/release-stage-v0.20.6219/jazz/InventoryItem/SVT40.lua: Активный generated companion отсутствует в metadata.code.
ERROR [jazz] tmp/release-stage-v0.20.6219/jazz/InventoryItem/SVU.lua: Активный generated companion отсутствует в metadata.code.
ERROR [jazz] tmp/release-stage-v0.20.6219/jazz/InventoryItem/SWModel10.lua: Активный generated companion отсутствует в metadata.code.
ERROR [jazz] tmp/release-stage-v0.20.6219/jazz/InventoryItem/SWModel19.lua: Активный generated companion отсутствует в metadata.code.
ERROR [jazz] tmp/release-stage-v0.20.6219/jazz/InventoryItem/SWModel29.lua: Активный generated companion отсутствует в metadata.code.
ERROR [jazz] tmp/release-stage-v0.20.6219/jazz/InventoryItem/SWModel52.lua: Активный generated companion отсутствует в metadata.code.
ERROR [jazz] tmp/release-stage-v0.20.6219/jazz/InventoryItem/SWModel5906.lua: Активный generated companion отсутствует в metadata.code.
ERROR [jazz] tmp/release-stage-v0.20.6219/jazz/InventoryItem/TearGasGrenade.lua: Активный generated companion отсутствует в metadata.code.
ERROR [jazz] tmp/release-stage-v0.20.6219/jazz/InventoryItem/Ted.lua: Активный generated companion отсутствует в metadata.code.
ERROR [jazz] tmp/release-stage-v0.20.6219/jazz/InventoryItem/TexRevolver.lua: Активный generated companion отсутствует в metadata.code.
ERROR [jazz] tmp/release-stage-v0.20.6219/jazz/InventoryItem/Thompson.lua: Активный generated companion отсутствует в metadata.code.
ERROR [jazz] tmp/release-stage-v0.20.6219/jazz/InventoryItem/TimedC4.lua: Активный generated companion отсутствует в metadata.code.
ERROR [jazz] tmp/release-stage-v0.20.6219/jazz/InventoryItem/TimedPETN.lua: Активный generated companion отсутствует в metadata.code.
ERROR [jazz] tmp/release-stage-v0.20.6219/jazz/InventoryItem/TimedTNT.lua: Активный generated companion отсутствует в metadata.code.
ERROR [jazz] tmp/release-stage-v0.20.6219/jazz/InventoryItem/TMP.lua: Активный generated companion отсутствует в metadata.code.
ERROR [jazz] tmp/release-stage-v0.20.6219/jazz/InventoryItem/TNT.lua: Активный generated companion отсутствует в metadata.code.
ERROR [jazz] tmp/release-stage-v0.20.6219/jazz/InventoryItem/ToxicGasGrenade.lua: Активный generated companion отсутствует в metadata.code.
ERROR [jazz] tmp/release-stage-v0.20.6219/jazz/InventoryItem/Trench_Shovel.lua: Активный generated companion отсутствует в metadata.code.
ERROR [jazz] tmp/release-stage-v0.20.6219/jazz/InventoryItem/Trophy.lua: Активный generated companion отсутствует в metadata.code.
ERROR [jazz] tmp/release-stage-v0.20.6219/jazz/InventoryItem/TT33.lua: Активный generated companion отсутствует в metadata.code.
ERROR [jazz] tmp/release-stage-v0.20.6219/jazz/InventoryItem/Type56.lua: Активный generated companion отсутствует в metadata.code.
ERROR [jazz] tmp/release-stage-v0.20.6219/jazz/InventoryItem/U100.lua: Активный generated companion отсутствует в metadata.code.
ERROR [jazz] tmp/release-stage-v0.20.6219/jazz/InventoryItem/UMP45.lua: Активный generated companion отсутствует в metadata.code.
ERROR [jazz] tmp/release-stage-v0.20.6219/jazz/InventoryItem/Unarmed.lua: Активный generated companion отсутствует в metadata.code.
ERROR [jazz] tmp/release-stage-v0.20.6219/jazz/InventoryItem/UnderslungGrenadeLauncher.lua: Активный generated companion отсутствует в metadata.code.
ERROR [jazz] tmp/release-stage-v0.20.6219/jazz/InventoryItem/US_Passport.lua: Активный generated companion отсутствует в metadata.code.
ERROR [jazz] tmp/release-stage-v0.20.6219/jazz/InventoryItem/USAS12.lua: Активный generated companion отсутствует в metadata.code.
ERROR [jazz] tmp/release-stage-v0.20.6219/jazz/InventoryItem/USP45.lua: Активный generated companion отсутствует в metadata.code.
ERROR [jazz] tmp/release-stage-v0.20.6219/jazz/InventoryItem/UZI.lua: Активный generated companion отсутствует в metadata.code.
ERROR [jazz] tmp/release-stage-v0.20.6219/jazz/InventoryItem/VectorCP1.lua: Активный generated companion отсутствует в metadata.code.
ERROR [jazz] tmp/release-stage-v0.20.6219/jazz/InventoryItem/Vest_test.lua: Активный generated companion отсутствует в metadata.code.
ERROR [jazz] tmp/release-stage-v0.20.6219/jazz/InventoryItem/VirusSample.lua: Активный generated companion отсутствует в metadata.code.
ERROR [jazz] tmp/release-stage-v0.20.6219/jazz/InventoryItem/VSS.lua: Активный generated companion отсутствует в metadata.code.
ERROR [jazz] tmp/release-stage-v0.20.6219/jazz/InventoryItem/Warhead_Frag.lua: Активный generated companion отсутствует в metadata.code.
ERROR [jazz] tmp/release-stage-v0.20.6219/jazz/InventoryItem/Webley.lua: Активный generated companion отсутствует в metadata.code.
ERROR [jazz] tmp/release-stage-v0.20.6219/jazz/InventoryItem/WeirdosMap.lua: Активный generated companion отсутствует в metadata.code.
ERROR [jazz] tmp/release-stage-v0.20.6219/jazz/InventoryItem/Welrod.lua: Активный generated companion отсутствует в metadata.code.
ERROR [jazz] tmp/release-stage-v0.20.6219/jazz/InventoryItem/Wig.lua: Активный generated companion отсутствует в metadata.code.
ERROR [jazz] tmp/release-stage-v0.20.6219/jazz/InventoryItem/Winchester_Quest.lua: Активный generated companion отсутствует в metadata.code.
ERROR [jazz] tmp/release-stage-v0.20.6219/jazz/InventoryItem/Winchester1894.lua: Активный generated companion отсутствует в metadata.code.
ERROR [jazz] tmp/release-stage-v0.20.6219/jazz/InventoryItem/Wirecutter.lua: Активный generated companion отсутствует в metadata.code.
ERROR [jazz] tmp/release-stage-v0.20.6219/jazz/InventoryItem/WorkerDiary.lua: Активный generated companion отсутствует в metadata.code.
ERROR [jazz] tmp/release-stage-v0.20.6219/jazz/InventoryItem/WriterDiary.lua: Активный generated companion отсутствует в metadata.code.
ERROR [jazz] tmp/release-stage-v0.20.6219/jazz/InventoryItem/WriterLetter.lua: Активный generated companion отсутствует в metadata.code.
ERROR [jazz] tmp/release-stage-v0.20.6219/jazz/InventoryItem/WriterPage.lua: Активный generated companion отсутствует в metadata.code.
ERROR [jazz] tmp/release-stage-v0.20.6219/jazz/InventoryItem/Zastava_M70.lua: Активный generated companion отсутствует в metadata.code.
ERROR [jazz] tmp/release-stage-v0.20.6219/jazz/InventoryItem/ZastavaM76.lua: Активный generated companion отсутствует в metadata.code.
ERROR [jazz] tmp/release-stage-v0.20.6219/jazz/InventoryItem/ZastavaM92.lua: Активный generated companion отсутствует в metadata.code.
ERROR [jazz] tmp/release-stage-v0.20.6219/jazz/InventoryItem/vanillunique/Auto5_quest.lua: Активный generated companion отсутствует в metadata.code.
ERROR [jazz] tmp/release-stage-v0.20.6219/jazz/InventoryItem/vanillunique/Galil_FlagHill.lua: Активный generated companion отсутствует в metadata.code.
ERROR [jazz] tmp/release-stage-v0.20.6219/jazz/InventoryItem/vanillunique/GoldenGun.lua: Активный generated companion отсутствует в metadata.code.
ERROR [jazz] tmp/release-stage-v0.20.6219/jazz/InventoryItem/vanillunique/LionRoar.lua: Активный generated companion отсутствует в metadata.code.
ERROR [jazz] tmp/release-stage-v0.20.6219/jazz/InventoryItem/vanillunique/TexRevolver.lua: Активный generated companion отсутствует в metadata.code.
ERROR [jazz] tmp/release-stage-v0.20.6219/jazz/InventoryItem/vanillunique/Winchester_Quest.lua: Активный generated companion отсутствует в metadata.code.
ERROR [jazz] tmp/release-stage-v0.20.6220/jazz/CharacterEffect/Analgesia.lua: Активный generated companion отсутствует в metadata.code.
ERROR [jazz] tmp/release-stage-v0.20.6220/jazz/CharacterEffect/Armsshot.lua: Активный generated companion отсутствует в metadata.code.
ERROR [jazz] tmp/release-stage-v0.20.6220/jazz/CharacterEffect/AutoWeapons.lua: Активный generated companion отсутствует в metadata.code.
ERROR [jazz] tmp/release-stage-v0.20.6220/jazz/CharacterEffect/BandageInCombat.lua: Активный generated companion отсутствует в metadata.code.
ERROR [jazz] tmp/release-stage-v0.20.6220/jazz/CharacterEffect/BipodUnfolded.lua: Активный generated companion отсутствует в metadata.code.
ERROR [jazz] tmp/release-stage-v0.20.6220/jazz/CharacterEffect/Bleeding.lua: Активный generated companion отсутствует в metadata.code.
ERROR [jazz] tmp/release-stage-v0.20.6220/jazz/CharacterEffect/BleedingChance.lua: Активный generated companion отсутствует в metadata.code.
ERROR [jazz] tmp/release-stage-v0.20.6220/jazz/CharacterEffect/BleedingHeavy.lua: Активный generated companion отсутствует в metadata.code.
ERROR [jazz] tmp/release-stage-v0.20.6220/jazz/CharacterEffect/BleedingMedium.lua: Активный generated companion отсутствует в metadata.code.
ERROR [jazz] tmp/release-stage-v0.20.6220/jazz/CharacterEffect/BleedingOut.lua: Активный generated companion отсутствует в metadata.code.
ERROR [jazz] tmp/release-stage-v0.20.6220/jazz/CharacterEffect/Blinded.lua: Активный generated companion отсутствует в metadata.code.
ERROR [jazz] tmp/release-stage-v0.20.6220/jazz/CharacterEffect/BloodLoss1.lua: Активный generated companion отсутствует в metadata.code.
ERROR [jazz] tmp/release-stage-v0.20.6220/jazz/CharacterEffect/BloodLoss10.lua: Активный generated companion отсутствует в metadata.code.
ERROR [jazz] tmp/release-stage-v0.20.6220/jazz/CharacterEffect/BloodLoss20.lua: Активный generated companion отсутствует в metadata.code.
ERROR [jazz] tmp/release-stage-v0.20.6220/jazz/CharacterEffect/BloodLoss30.lua: Активный generated companion отсутствует в metadata.code.
ERROR [jazz] tmp/release-stage-v0.20.6220/jazz/CharacterEffect/BloodLoss40.lua: Активный generated companion отсутствует в metadata.code.
ERROR [jazz] tmp/release-stage-v0.20.6220/jazz/CharacterEffect/BloodLoss5.lua: Активный generated companion отсутствует в metadata.code.
ERROR [jazz] tmp/release-stage-v0.20.6220/jazz/CharacterEffect/BloodLoss50.lua: Активный generated companion отсутствует в metadata.code.
ERROR [jazz] tmp/release-stage-v0.20.6220/jazz/CharacterEffect/Bond.lua: Активный generated companion отсутствует в metadata.code.
ERROR [jazz] tmp/release-stage-v0.20.6220/jazz/CharacterEffect/BuildingConfidence.lua: Активный generated companion отсутствует в metadata.code.
ERROR [jazz] tmp/release-stage-v0.20.6220/jazz/CharacterEffect/BulletHell.lua: Активный generated companion отсутствует в metadata.code.
ERROR [jazz] tmp/release-stage-v0.20.6220/jazz/CharacterEffect/Burning.lua: Активный generated companion отсутствует в metadata.code.
ERROR [jazz] tmp/release-stage-v0.20.6220/jazz/CharacterEffect/Choking.lua: Активный generated companion отсутствует в metadata.code.
ERROR [jazz] tmp/release-stage-v0.20.6220/jazz/CharacterEffect/Claustrophobic.lua: Активный generated companion отсутствует в metadata.code.
ERROR [jazz] tmp/release-stage-v0.20.6220/jazz/CharacterEffect/Concussion.lua: Активный generated companion отсутствует в metadata.code.
ERROR [jazz] tmp/release-stage-v0.20.6220/jazz/CharacterEffect/DamageReduction.lua: Активный generated companion отсутствует в metadata.code.
ERROR [jazz] tmp/release-stage-v0.20.6220/jazz/CharacterEffect/DangerClose.lua: Активный generated companion отсутствует в metadata.code.
ERROR [jazz] tmp/release-stage-v0.20.6220/jazz/CharacterEffect/DesignerExplosives.lua: Активный generated companion отсутствует в metadata.code.
ERROR [jazz] tmp/release-stage-v0.20.6220/jazz/CharacterEffect/Drunk.lua: Активный generated companion отсутствует в metadata.code.
ERROR [jazz] tmp/release-stage-v0.20.6220/jazz/CharacterEffect/Exhausted.lua: Активный generated companion отсутствует в metadata.code.
ERROR [jazz] tmp/release-stage-v0.20.6220/jazz/CharacterEffect/ExplodingPalm.lua: Активный generated companion отсутствует в metadata.code.
ERROR [jazz] tmp/release-stage-v0.20.6220/jazz/CharacterEffect/Fatigued.lua: Активный generated companion отсутствует в metadata.code.
ERROR [jazz] tmp/release-stage-v0.20.6220/jazz/CharacterEffect/Fit.lua: Активный generated companion отсутствует в metadata.code.
ERROR [jazz] tmp/release-stage-v0.20.6220/jazz/CharacterEffect/FreeMove.lua: Активный generated companion отсутствует в metadata.code.
ERROR [jazz] tmp/release-stage-v0.20.6220/jazz/CharacterEffect/GloryHog.lua: Активный generated companion отсутствует в metadata.code.
ERROR [jazz] tmp/release-stage-v0.20.6220/jazz/CharacterEffect/GrizzlyPerk.lua: Активный generated companion отсутствует в metadata.code.
ERROR [jazz] tmp/release-stage-v0.20.6220/jazz/CharacterEffect/Groinshot.lua: Активный generated companion отсутствует в metadata.code.
ERROR [jazz] tmp/release-stage-v0.20.6220/jazz/CharacterEffect/Grunty_AdditionalAP.lua: Активный generated companion отсутствует в metadata.code.
ERROR [jazz] tmp/release-stage-v0.20.6220/jazz/CharacterEffect/GruntyPerk_JAZZ.lua: Активный generated companion отсутствует в metadata.code.
ERROR [jazz] tmp/release-stage-v0.20.6220/jazz/CharacterEffect/GruntyPerk.lua: Активный generated companion отсутствует в metadata.code.
ERROR [jazz] tmp/release-stage-v0.20.6220/jazz/CharacterEffect/HaveABlast.lua: Активный generated companion отсутствует в metadata.code.
ERROR [jazz] tmp/release-stage-v0.20.6220/jazz/CharacterEffect/HawksEye.lua: Активный generated companion отсутствует в metadata.code.
ERROR [jazz] tmp/release-stage-v0.20.6220/jazz/CharacterEffect/Headshot.lua: Активный generated companion отсутствует в metadata.code.
ERROR [jazz] tmp/release-stage-v0.20.6220/jazz/CharacterEffect/HeavyWeaponsTraining.lua: Активный generated companion отсутствует в metadata.code.
ERROR [jazz] tmp/release-stage-v0.20.6220/jazz/CharacterEffect/Hemophobic.lua: Активный generated companion отсутствует в metadata.code.
ERROR [jazz] tmp/release-stage-v0.20.6220/jazz/CharacterEffect/Inaccurate.lua: Активный generated companion отсутствует в metadata.code.
ERROR [jazz] tmp/release-stage-v0.20.6220/jazz/CharacterEffect/InnerInfo_JAZZ.lua: Активный generated companion отсутствует в metadata.code.
ERROR [jazz] tmp/release-stage-v0.20.6220/jazz/CharacterEffect/InnerInfo.lua: Активный generated companion отсутствует в metadata.code.
ERROR [jazz] tmp/release-stage-v0.20.6220/jazz/CharacterEffect/Ironclad.lua: Активный generated companion отсутствует в metadata.code.
ERROR [jazz] tmp/release-stage-v0.20.6220/jazz/CharacterEffect/JackOfAllTrades.lua: Активный generated companion отсутствует в metadata.code.
ERROR [jazz] tmp/release-stage-v0.20.6220/jazz/CharacterEffect/Jazz_CombatMedicBuff.lua: Активный generated companion отсутствует в metadata.code.
ERROR [jazz] tmp/release-stage-v0.20.6220/jazz/CharacterEffect/Jazz_MakeThemBleedBuff.lua: Активный generated companion отсутствует в metadata.code.
ERROR [jazz] tmp/release-stage-v0.20.6220/jazz/CharacterEffect/Jazz_MiguelAuraDown.lua: Активный generated companion отсутствует в metadata.code.
ERROR [jazz] tmp/release-stage-v0.20.6220/jazz/CharacterEffect/Jazz_MiguelAuraUp.lua: Активный generated companion отсутствует в metadata.code.
ERROR [jazz] tmp/release-stage-v0.20.6220/jazz/CharacterEffect/Jazz_OrderAP.lua: Активный generated companion отсутствует в metadata.code.
ERROR [jazz] tmp/release-stage-v0.20.6220/jazz/CharacterEffect/Jazz_OrderCTH.lua: Активный generated companion отсутствует в metadata.code.
ERROR [jazz] tmp/release-stage-v0.20.6220/jazz/CharacterEffect/Jazz_Perk_00.lua: Активный generated companion отсутствует в metadata.code.
ERROR [jazz] tmp/release-stage-v0.20.6220/jazz/CharacterEffect/Jazz_Perk_Allik.lua: Активный generated companion отсутствует в metadata.code.
ERROR [jazz] tmp/release-stage-v0.20.6220/jazz/CharacterEffect/Jazz_Perk_Benny.lua: Активный generated companion отсутствует в metadata.code.
ERROR [jazz] tmp/release-stage-v0.20.6220/jazz/CharacterEffect/Jazz_Perk_Biff.lua: Активный generated companion отсутствует в metadata.code.
ERROR [jazz] tmp/release-stage-v0.20.6220/jazz/CharacterEffect/Jazz_Perk_Biggens.lua: Активный generated companion отсутствует в metadata.code.
ERROR [jazz] tmp/release-stage-v0.20.6220/jazz/CharacterEffect/Jazz_Perk_Blade.lua: Активный generated companion отсутствует в metadata.code.
ERROR [jazz] tmp/release-stage-v0.20.6220/jazz/CharacterEffect/Jazz_Perk_Bull.lua: Активный generated companion отсутствует в metadata.code.
ERROR [jazz] tmp/release-stage-v0.20.6220/jazz/CharacterEffect/Jazz_Perk_Buzz.lua: Активный generated companion отсутствует в metadata.code.
ERROR [jazz] tmp/release-stage-v0.20.6220/jazz/CharacterEffect/Jazz_Perk_Carlos.lua: Активный generated companion отсутствует в metadata.code.
ERROR [jazz] tmp/release-stage-v0.20.6220/jazz/CharacterEffect/Jazz_Perk_Colby.lua: Активный generated companion отсутствует в metadata.code.
ERROR [jazz] tmp/release-stage-v0.20.6220/jazz/CharacterEffect/Jazz_Perk_Conrad.lua: Активный generated companion отсутствует в metadata.code.
ERROR [jazz] tmp/release-stage-v0.20.6220/jazz/CharacterEffect/Jazz_Perk_Cord.lua: Активный generated companion отсутствует в metadata.code.
ERROR [jazz] tmp/release-stage-v0.20.6220/jazz/CharacterEffect/Jazz_Perk_Cougar.lua: Активный generated companion отсутствует в metadata.code.
ERROR [jazz] tmp/release-stage-v0.20.6220/jazz/CharacterEffect/Jazz_Perk_Devin.lua: Активный generated companion отсутствует в metadata.code.
ERROR [jazz] tmp/release-stage-v0.20.6220/jazz/CharacterEffect/Jazz_Perk_Dimitri.lua: Активный generated companion отсутствует в metadata.code.
ERROR [jazz] tmp/release-stage-v0.20.6220/jazz/CharacterEffect/Jazz_Perk_Dynamo.lua: Активный generated companion отсутствует в metadata.code.
ERROR [jazz] tmp/release-stage-v0.20.6220/jazz/CharacterEffect/Jazz_Perk_Eskimo.lua: Активный generated companion отсутствует в metadata.code.
ERROR [jazz] tmp/release-stage-v0.20.6220/jazz/CharacterEffect/Jazz_Perk_Flo.lua: Активный generated companion отсутствует в metadata.code.
ERROR [jazz] tmp/release-stage-v0.20.6220/jazz/CharacterEffect/Jazz_Perk_Gamos.lua: Активный generated companion отсутствует в metadata.code.
ERROR [jazz] tmp/release-stage-v0.20.6220/jazz/CharacterEffect/Jazz_Perk_Gaston.lua: Активный generated companion отсутствует в metadata.code.
ERROR [jazz] tmp/release-stage-v0.20.6220/jazz/CharacterEffect/Jazz_Perk_Grace.lua: Активный generated companion отсутствует в metadata.code.
ERROR [jazz] tmp/release-stage-v0.20.6220/jazz/CharacterEffect/Jazz_Perk_Grom.lua: Активный generated companion отсутствует в metadata.code.
ERROR [jazz] tmp/release-stage-v0.20.6220/jazz/CharacterEffect/Jazz_Perk_Henning.lua: Активный generated companion отсутствует в metadata.code.
ERROR [jazz] tmp/release-stage-v0.20.6220/jazz/CharacterEffect/Jazz_Perk_Highball.lua: Активный generated companion отсутствует в metadata.code.
ERROR [jazz] tmp/release-stage-v0.20.6220/jazz/CharacterEffect/Jazz_Perk_Hitman.lua: Активный generated companion отсутствует в metadata.code.
ERROR [jazz] tmp/release-stage-v0.20.6220/jazz/CharacterEffect/Jazz_Perk_Hobbit.lua: Активный generated companion отсутствует в metadata.code.
ERROR [jazz] tmp/release-stage-v0.20.6220/jazz/CharacterEffect/Jazz_Perk_Horg.lua: Активный generated companion отсутствует в metadata.code.
ERROR [jazz] tmp/release-stage-v0.20.6220/jazz/CharacterEffect/Jazz_Perk_Iggy.lua: Активный generated companion отсутствует в metadata.code.
ERROR [jazz] tmp/release-stage-v0.20.6220/jazz/CharacterEffect/Jazz_Perk_Ira.lua: Активный generated companion отсутствует в metadata.code.
ERROR [jazz] tmp/release-stage-v0.20.6220/jazz/CharacterEffect/Jazz_Perk_Kulba.lua: Активный generated companion отсутствует в metadata.code.
ERROR [jazz] tmp/release-stage-v0.20.6220/jazz/CharacterEffect/Jazz_Perk_Laura.lua: Активный generated companion отсутствует в metadata.code.
ERROR [jazz] tmp/release-stage-v0.20.6220/jazz/CharacterEffect/Jazz_Perk_Lucky.lua: Активный generated companion отсутствует в metadata.code.
ERROR [jazz] tmp/release-stage-v0.20.6220/jazz/CharacterEffect/Jazz_Perk_Lynx.lua: Активный generated companion отсутствует в metadata.code.
ERROR [jazz] tmp/release-stage-v0.20.6220/jazz/CharacterEffect/Jazz_Perk_Madman.lua: Активный generated companion отсутствует в metadata.code.
ERROR [jazz] tmp/release-stage-v0.20.6220/jazz/CharacterEffect/Jazz_Perk_Manuel.lua: Активный generated companion отсутствует в metadata.code.
ERROR [jazz] tmp/release-stage-v0.20.6220/jazz/CharacterEffect/Jazz_Perk_Meat.lua: Активный generated companion отсутствует в metadata.code.
ERROR [jazz] tmp/release-stage-v0.20.6220/jazz/CharacterEffect/Jazz_Perk_Miguel.lua: Активный generated companion отсутствует в metadata.code.
ERROR [jazz] tmp/release-stage-v0.20.6220/jazz/CharacterEffect/Jazz_Perk_Mike.lua: Активный generated companion отсутствует в metadata.code.
ERROR [jazz] tmp/release-stage-v0.20.6220/jazz/CharacterEffect/Jazz_Perk_Mimicry.lua: Активный generated companion отсутствует в metadata.code.
ERROR [jazz] tmp/release-stage-v0.20.6220/jazz/CharacterEffect/Jazz_Perk_Monk.lua: Активный generated companion отсутствует в metadata.code.
ERROR [jazz] tmp/release-stage-v0.20.6220/jazz/CharacterEffect/Jazz_Perk_Nervous.lua: Активный generated companion отсутствует в metadata.code.
ERROR [jazz] tmp/release-stage-v0.20.6220/jazz/CharacterEffect/Jazz_Perk_OfficerAura.lua: Активный generated companion отсутствует в metadata.code.
ERROR [jazz] tmp/release-stage-v0.20.6220/jazz/CharacterEffect/Jazz_Perk_OfficerAuraInfluence.lua: Активный generated companion отсутствует в metadata.code.
ERROR [jazz] tmp/release-stage-v0.20.6220/jazz/CharacterEffect/Jazz_Perk_Quinten.lua: Активный generated companion отсутствует в metadata.code.
ERROR [jazz] tmp/release-stage-v0.20.6220/jazz/CharacterEffect/Jazz_Perk_Ricochet.lua: Активный generated companion отсутствует в metadata.code.
ERROR [jazz] tmp/release-stage-v0.20.6220/jazz/CharacterEffect/Jazz_Perk_Rothman.lua: Активный generated companion отсутствует в metadata.code.
ERROR [jazz] tmp/release-stage-v0.20.6220/jazz/CharacterEffect/Jazz_Perk_Shank.lua: Активный generated companion отсутствует в metadata.code.
ERROR [jazz] tmp/release-stage-v0.20.6220/jazz/CharacterEffect/Jazz_Perk_Simon.lua: Активный generated companion отсутствует в metadata.code.
ERROR [jazz] tmp/release-stage-v0.20.6220/jazz/CharacterEffect/Jazz_Perk_Sniper.lua: Активный generated companion отсутствует в metadata.code.
ERROR [jazz] tmp/release-stage-v0.20.6220/jazz/CharacterEffect/Jazz_Perk_Spider.lua: Активный generated companion отсутствует в metadata.code.
ERROR [jazz] tmp/release-stage-v0.20.6220/jazz/CharacterEffect/Jazz_Perk_Static.lua: Активный generated companion отсутствует в metadata.code.
ERROR [jazz] tmp/release-stage-v0.20.6220/jazz/CharacterEffect/Jazz_Perk_Steiger.lua: Активный generated companion отсутствует в metadata.code.
ERROR [jazz] tmp/release-stage-v0.20.6220/jazz/CharacterEffect/Jazz_Perk_Veteran.lua: Активный generated companion отсутствует в metadata.code.
ERROR [jazz] tmp/release-stage-v0.20.6220/jazz/CharacterEffect/Jazz_Perk_Vicious.lua: Активный generated companion отсутствует в metadata.code.
ERROR [jazz] tmp/release-stage-v0.20.6220/jazz/CharacterEffect/Jazz_Perk_Vilde.lua: Активный generated companion отсутствует в metadata.code.
ERROR [jazz] tmp/release-stage-v0.20.6220/jazz/CharacterEffect/Jazz_Perk_Vince.lua: Активный generated companion отсутствует в metadata.code.
ERROR [jazz] tmp/release-stage-v0.20.6220/jazz/CharacterEffect/KillingWind.lua: Активный generated companion отсутствует в metadata.code.
ERROR [jazz] tmp/release-stage-v0.20.6220/jazz/CharacterEffect/Legsshot.lua: Активный generated companion отсутствует в metadata.code.
ERROR [jazz] tmp/release-stage-v0.20.6220/jazz/CharacterEffect/Loner.lua: Активный generated companion отсутствует в metadata.code.
ERROR [jazz] tmp/release-stage-v0.20.6220/jazz/CharacterEffect/MakeThemBleed.lua: Активный generated companion отсутствует в metadata.code.
ERROR [jazz] tmp/release-stage-v0.20.6220/jazz/CharacterEffect/MarkedTraccers.lua: Активный generated companion отсутствует в metadata.code.
ERROR [jazz] tmp/release-stage-v0.20.6220/jazz/CharacterEffect/NaturalHealing.lua: Активный generated companion отсутствует в metadata.code.
ERROR [jazz] tmp/release-stage-v0.20.6220/jazz/CharacterEffect/Nazdarovya.lua: Активный generated companion отсутствует в metadata.code.
ERROR [jazz] tmp/release-stage-v0.20.6220/jazz/CharacterEffect/Negotiator.lua: Активный generated companion отсутствует в metadata.code.
ERROR [jazz] tmp/release-stage-v0.20.6220/jazz/CharacterEffect/Optimist.lua: Активный generated companion отсутствует в metadata.code.
ERROR [jazz] tmp/release-stage-v0.20.6220/jazz/CharacterEffect/Pain.lua: Активный generated companion отсутствует в metadata.code.
ERROR [jazz] tmp/release-stage-v0.20.6220/jazz/CharacterEffect/Pessimist.lua: Активный generated companion отсутствует в metadata.code.
ERROR [jazz] tmp/release-stage-v0.20.6220/jazz/CharacterEffect/Psycho.lua: Активный generated companion отсутствует в metadata.code.
ERROR [jazz] tmp/release-stage-v0.20.6220/jazz/CharacterEffect/RecklessAssault.lua: Активный generated companion отсутствует в metadata.code.
ERROR [jazz] tmp/release-stage-v0.20.6220/jazz/CharacterEffect/Scoundrel.lua: Активный generated companion отсутствует в metadata.code.
ERROR [jazz] tmp/release-stage-v0.20.6220/jazz/CharacterEffect/Slowed.lua: Активный generated companion отсутствует в metadata.code.
ERROR [jazz] tmp/release-stage-v0.20.6220/jazz/CharacterEffect/Spiritual.lua: Активный generated companion отсутствует в metadata.code.
ERROR [jazz] tmp/release-stage-v0.20.6220/jazz/CharacterEffect/SteadyBreathing.lua: Активный generated companion отсутствует в metadata.code.
ERROR [jazz] tmp/release-stage-v0.20.6220/jazz/CharacterEffect/Stealthy.lua: Активный generated companion отсутствует в metadata.code.
ERROR [jazz] tmp/release-stage-v0.20.6220/jazz/CharacterEffect/SteroidPunch.lua: Активный generated companion отсутствует в metadata.code.
ERROR [jazz] tmp/release-stage-v0.20.6220/jazz/CharacterEffect/suppressionHeavy.lua: Активный generated companion отсутствует в metadata.code.
ERROR [jazz] tmp/release-stage-v0.20.6220/jazz/CharacterEffect/suppressionHeavy2.lua: Активный generated companion отсутствует в metadata.code.
ERROR [jazz] tmp/release-stage-v0.20.6220/jazz/CharacterEffect/suppressionLight.lua: Активный generated companion отсутствует в metadata.code.
ERROR [jazz] tmp/release-stage-v0.20.6220/jazz/CharacterEffect/suppressionMedium.lua: Активный generated companion отсутствует в metadata.code.
ERROR [jazz] tmp/release-stage-v0.20.6220/jazz/CharacterEffect/suppressionPinned.lua: Активный generated companion отсутствует в metadata.code.
ERROR [jazz] tmp/release-stage-v0.20.6220/jazz/CharacterEffect/SuppressStunGrenade.lua: Активный generated companion отсутствует в metadata.code.
ERROR [jazz] tmp/release-stage-v0.20.6220/jazz/CharacterEffect/TakeAim.lua: Активный generated companion отсутствует в metadata.code.
ERROR [jazz] tmp/release-stage-v0.20.6220/jazz/CharacterEffect/Tired.lua: Активный generated companion отсутствует в metadata.code.
ERROR [jazz] tmp/release-stage-v0.20.6220/jazz/CharacterEffect/Torsoshot.lua: Активный generated companion отсутствует в metadata.code.
ERROR [jazz] tmp/release-stage-v0.20.6220/jazz/CharacterEffect/TraumaArmsHeavy.lua: Активный generated companion отсутствует в metadata.code.
ERROR [jazz] tmp/release-stage-v0.20.6220/jazz/CharacterEffect/TraumaArmsLight.lua: Активный generated companion отсутствует в metadata.code.
ERROR [jazz] tmp/release-stage-v0.20.6220/jazz/CharacterEffect/TraumaArmsMedium.lua: Активный generated companion отсутствует в metadata.code.
ERROR [jazz] tmp/release-stage-v0.20.6220/jazz/CharacterEffect/TraumaBurnHeavy.lua: Активный generated companion отсутствует в metadata.code.
ERROR [jazz] tmp/release-stage-v0.20.6220/jazz/CharacterEffect/TraumaBurnLight.lua: Активный generated companion отсутствует в metadata.code.
ERROR [jazz] tmp/release-stage-v0.20.6220/jazz/CharacterEffect/TraumaBurnMedium.lua: Активный generated companion отсутствует в metadata.code.
ERROR [jazz] tmp/release-stage-v0.20.6220/jazz/CharacterEffect/TraumaHeadHeavy.lua: Активный generated companion отсутствует в metadata.code.
ERROR [jazz] tmp/release-stage-v0.20.6220/jazz/CharacterEffect/TraumaHeadLight.lua: Активный generated companion отсутствует в metadata.code.
ERROR [jazz] tmp/release-stage-v0.20.6220/jazz/CharacterEffect/TraumaHeadMedium.lua: Активный generated companion отсутствует в metadata.code.
ERROR [jazz] tmp/release-stage-v0.20.6220/jazz/CharacterEffect/TraumaLegsHeavy.lua: Активный generated companion отсутствует в metadata.code.
ERROR [jazz] tmp/release-stage-v0.20.6220/jazz/CharacterEffect/TraumaLegsLight.lua: Активный generated companion отсутствует в metadata.code.
ERROR [jazz] tmp/release-stage-v0.20.6220/jazz/CharacterEffect/TraumaLegsMedium.lua: Активный generated companion отсутствует в metadata.code.
ERROR [jazz] tmp/release-stage-v0.20.6220/jazz/CharacterEffect/TraumaRibsHeavy.lua: Активный generated companion отсутствует в metadata.code.
ERROR [jazz] tmp/release-stage-v0.20.6220/jazz/CharacterEffect/TraumaRibsLight.lua: Активный generated companion отсутствует в metadata.code.
ERROR [jazz] tmp/release-stage-v0.20.6220/jazz/CharacterEffect/TraumaRibsMedium.lua: Активный generated companion отсутствует в metadata.code.
ERROR [jazz] tmp/release-stage-v0.20.6220/jazz/CharacterEffect/TrueGrit.lua: Активный generated companion отсутствует в metadata.code.
ERROR [jazz] tmp/release-stage-v0.20.6220/jazz/CharacterEffect/Unconscious.lua: Активный generated companion отсутствует в metadata.code.
ERROR [jazz] tmp/release-stage-v0.20.6220/jazz/CharacterEffect/Weight_1Class.lua: Активный generated companion отсутствует в metadata.code.
ERROR [jazz] tmp/release-stage-v0.20.6220/jazz/CharacterEffect/Weight_2Class.lua: Активный generated companion отсутствует в metadata.code.
ERROR [jazz] tmp/release-stage-v0.20.6220/jazz/CharacterEffect/Weight_3Class.lua: Активный generated companion отсутствует в metadata.code.
ERROR [jazz] tmp/release-stage-v0.20.6220/jazz/CharacterEffect/Weight_4Class.lua: Активный generated companion отсутствует в metadata.code.
ERROR [jazz] tmp/release-stage-v0.20.6220/jazz/CharacterEffect/Weight_5Class.lua: Активный generated companion отсутствует в metadata.code.
ERROR [jazz] tmp/release-stage-v0.20.6220/jazz/CharacterEffect/WellRested.lua: Активный generated companion отсутствует в metadata.code.
ERROR [jazz] tmp/release-stage-v0.20.6220/jazz/CharacterEffect/Winded.lua: Активный generated companion отсутствует в metadata.code.
ERROR [jazz] tmp/release-stage-v0.20.6220/jazz/CharacterEffect/Wounded.lua: Активный generated companion отсутствует в metadata.code.
ERROR [jazz] tmp/release-stage-v0.20.6220/jazz/CharacterEffect/WoundInfected.lua: Активный generated companion отсутствует в metadata.code.
ERROR [jazz] tmp/release-stage-v0.20.6220/jazz/CharacterEffect/Zoophobic.lua: Активный generated companion отсутствует в metadata.code.
ERROR [jazz] tmp/release-stage-v0.20.6220/jazz/InventoryItem/_12gauge_APSlug.lua: Активный generated companion отсутствует в metadata.code.
ERROR [jazz] tmp/release-stage-v0.20.6220/jazz/InventoryItem/_12gauge_Breacher.lua: Активный generated companion отсутствует в metadata.code.
ERROR [jazz] tmp/release-stage-v0.20.6220/jazz/InventoryItem/_12gauge_Buckshot.lua: Активный generated companion отсутствует в metadata.code.
ERROR [jazz] tmp/release-stage-v0.20.6220/jazz/InventoryItem/_12gauge_Flechette.lua: Активный generated companion отсутствует в metadata.code.
ERROR [jazz] tmp/release-stage-v0.20.6220/jazz/InventoryItem/_12gauge_Saltshot.lua: Активный generated companion отсутствует в metadata.code.
ERROR [jazz] tmp/release-stage-v0.20.6220/jazz/InventoryItem/_40mmFlashbangGrenade.lua: Активный generated companion отсутствует в metadata.code.
ERROR [jazz] tmp/release-stage-v0.20.6220/jazz/InventoryItem/_40mmFragGrenade.lua: Активный generated companion отсутствует в metadata.code.
ERROR [jazz] tmp/release-stage-v0.20.6220/jazz/InventoryItem/_44CAL_AP.lua: Активный generated companion отсутствует в metadata.code.
ERROR [jazz] tmp/release-stage-v0.20.6220/jazz/InventoryItem/_44CAL_Basic.lua: Активный generated companion отсутствует в metadata.code.
ERROR [jazz] tmp/release-stage-v0.20.6220/jazz/InventoryItem/_44CAL_HP.lua: Активный generated companion отсутствует в metadata.code.
ERROR [jazz] tmp/release-stage-v0.20.6220/jazz/InventoryItem/_44CAL_Match.lua: Активный generated companion отсутствует в metadata.code.
ERROR [jazz] tmp/release-stage-v0.20.6220/jazz/InventoryItem/_44CAL_Shock.lua: Активный generated companion отсутствует в metadata.code.
ERROR [jazz] tmp/release-stage-v0.20.6220/jazz/InventoryItem/_50BMG_Basic.lua: Активный generated companion отсутствует в metadata.code.
ERROR [jazz] tmp/release-stage-v0.20.6220/jazz/InventoryItem/_50BMG_HE.lua: Активный generated companion отсутствует в metadata.code.
ERROR [jazz] tmp/release-stage-v0.20.6220/jazz/InventoryItem/_50BMG_Incendiary.lua: Активный generated companion отсутствует в metadata.code.
ERROR [jazz] tmp/release-stage-v0.20.6220/jazz/InventoryItem/_50BMG_SLAP.lua: Активный generated companion отсутствует в metadata.code.
ERROR [jazz] tmp/release-stage-v0.20.6220/jazz/InventoryItem/_556_AP.lua: Активный generated companion отсутствует в metadata.code.
ERROR [jazz] tmp/release-stage-v0.20.6220/jazz/InventoryItem/_556_Basic.lua: Активный generated companion отсутствует в metadata.code.
ERROR [jazz] tmp/release-stage-v0.20.6220/jazz/InventoryItem/_556_HP.lua: Активный generated companion отсутствует в metadata.code.
ERROR [jazz] tmp/release-stage-v0.20.6220/jazz/InventoryItem/_556_Match.lua: Активный generated companion отсутствует в metadata.code.
ERROR [jazz] tmp/release-stage-v0.20.6220/jazz/InventoryItem/_556_Tracer.lua: Активный generated companion отсутствует в metadata.code.
ERROR [jazz] tmp/release-stage-v0.20.6220/jazz/InventoryItem/_762NATO_AP.lua: Активный generated companion отсутствует в metadata.code.
ERROR [jazz] tmp/release-stage-v0.20.6220/jazz/InventoryItem/_762NATO_Basic.lua: Активный generated companion отсутствует в metadata.code.
ERROR [jazz] tmp/release-stage-v0.20.6220/jazz/InventoryItem/_762NATO_HP.lua: Активный generated companion отсутствует в metadata.code.
ERROR [jazz] tmp/release-stage-v0.20.6220/jazz/InventoryItem/_762NATO_Match.lua: Активный generated companion отсутствует в metadata.code.
ERROR [jazz] tmp/release-stage-v0.20.6220/jazz/InventoryItem/_762NATO_Tracer.lua: Активный generated companion отсутствует в metadata.code.
ERROR [jazz] tmp/release-stage-v0.20.6220/jazz/InventoryItem/_762WP_AP.lua: Активный generated companion отсутствует в metadata.code.
ERROR [jazz] tmp/release-stage-v0.20.6220/jazz/InventoryItem/_762WP_Basic.lua: Активный generated companion отсутствует в metadata.code.
ERROR [jazz] tmp/release-stage-v0.20.6220/jazz/InventoryItem/_762WP_HP.lua: Активный generated companion отсутствует в metadata.code.
ERROR [jazz] tmp/release-stage-v0.20.6220/jazz/InventoryItem/_762WP_Match.lua: Активный generated companion отсутствует в metadata.code.
ERROR [jazz] tmp/release-stage-v0.20.6220/jazz/InventoryItem/_762WP_Subsonic.lua: Активный generated companion отсутствует в metadata.code.
ERROR [jazz] tmp/release-stage-v0.20.6220/jazz/InventoryItem/_762WP_Tracer.lua: Активный generated companion отсутствует в metadata.code.
ERROR [jazz] tmp/release-stage-v0.20.6220/jazz/InventoryItem/_9mm_AP.lua: Активный generated companion отсутствует в metadata.code.
ERROR [jazz] tmp/release-stage-v0.20.6220/jazz/InventoryItem/_9mm_Basic.lua: Активный generated companion отсутствует в metadata.code.
ERROR [jazz] tmp/release-stage-v0.20.6220/jazz/InventoryItem/_9mm_HP.lua: Активный generated companion отсутствует в metadata.code.
ERROR [jazz] tmp/release-stage-v0.20.6220/jazz/InventoryItem/_9mm_Match.lua: Активный generated companion отсутствует в metadata.code.
ERROR [jazz] tmp/release-stage-v0.20.6220/jazz/InventoryItem/_9mm_Shock.lua: Активный generated companion отсутствует в metadata.code.
ERROR [jazz] tmp/release-stage-v0.20.6220/jazz/InventoryItem/_9mm_Subsonic.lua: Активный generated companion отсутствует в metadata.code.
ERROR [jazz] tmp/release-stage-v0.20.6220/jazz/InventoryItem/_9mm_Tracer.lua: Активный generated companion отсутствует в metadata.code.
ERROR [jazz] tmp/release-stage-v0.20.6220/jazz/InventoryItem/AA12.lua: Активный generated companion отсутствует в metadata.code.
ERROR [jazz] tmp/release-stage-v0.20.6220/jazz/InventoryItem/AA52.lua: Активный generated companion отсутствует в metadata.code.
ERROR [jazz] tmp/release-stage-v0.20.6220/jazz/InventoryItem/Agram2000.lua: Активный generated companion отсутствует в metadata.code.
ERROR [jazz] tmp/release-stage-v0.20.6220/jazz/InventoryItem/AK105.lua: Активный generated companion отсутствует в metadata.code.
ERROR [jazz] tmp/release-stage-v0.20.6220/jazz/InventoryItem/AK47.lua: Активный generated companion отсутствует в metadata.code.
ERROR [jazz] tmp/release-stage-v0.20.6220/jazz/InventoryItem/AK74.lua: Активный generated companion отсутствует в metadata.code.
ERROR [jazz] tmp/release-stage-v0.20.6220/jazz/InventoryItem/AK74M.lua: Активный generated companion отсутствует в metadata.code.
ERROR [jazz] tmp/release-stage-v0.20.6220/jazz/InventoryItem/AKM.lua: Активный generated companion отсутствует в metadata.code.
ERROR [jazz] tmp/release-stage-v0.20.6220/jazz/InventoryItem/AKSU.lua: Активный generated companion отсутствует в metadata.code.
ERROR [jazz] tmp/release-stage-v0.20.6220/jazz/InventoryItem/AN94.lua: Активный generated companion отсутствует в metadata.code.
ERROR [jazz] tmp/release-stage-v0.20.6220/jazz/InventoryItem/APS.lua: Активный generated companion отсутствует в metadata.code.
ERROR [jazz] tmp/release-stage-v0.20.6220/jazz/InventoryItem/AR10.lua: Активный generated companion отсутствует в metadata.code.
ERROR [jazz] tmp/release-stage-v0.20.6220/jazz/InventoryItem/AR10DMR.lua: Активный generated companion отсутствует в metadata.code.
ERROR [jazz] tmp/release-stage-v0.20.6220/jazz/InventoryItem/AR15.lua: Активный generated companion отсутствует в metadata.code.
ERROR [jazz] tmp/release-stage-v0.20.6220/jazz/InventoryItem/ArcticWarfare.lua: Активный generated companion отсутствует в metadata.code.
ERROR [jazz] tmp/release-stage-v0.20.6220/jazz/InventoryItem/AS_Val.lua: Активный generated companion отсутствует в metadata.code.
ERROR [jazz] tmp/release-stage-v0.20.6220/jazz/InventoryItem/AUG.lua: Активный generated companion отсутствует в metadata.code.
ERROR [jazz] tmp/release-stage-v0.20.6220/jazz/InventoryItem/Auto5_quest.lua: Активный generated companion отсутствует в metadata.code.
ERROR [jazz] tmp/release-stage-v0.20.6220/jazz/InventoryItem/Auto5.lua: Активный generated companion отсутствует в metadata.code.
ERROR [jazz] tmp/release-stage-v0.20.6220/jazz/InventoryItem/AVT40.lua: Активный generated companion отсутствует в metadata.code.
ERROR [jazz] tmp/release-stage-v0.20.6220/jazz/InventoryItem/Backpack_test.lua: Активный generated companion отсутствует в metadata.code.
ERROR [jazz] tmp/release-stage-v0.20.6220/jazz/InventoryItem/BAR.lua: Активный generated companion отсутствует в metadata.code.
ERROR [jazz] tmp/release-stage-v0.20.6220/jazz/InventoryItem/BarretM82.lua: Активный generated companion отсутствует в metadata.code.
ERROR [jazz] tmp/release-stage-v0.20.6220/jazz/InventoryItem/Bayonet.lua: Активный generated companion отсутствует в metadata.code.
ERROR [jazz] tmp/release-stage-v0.20.6220/jazz/InventoryItem/Bereta92.lua: Активный generated companion отсутствует в metadata.code.
ERROR [jazz] tmp/release-stage-v0.20.6220/jazz/InventoryItem/Beretta93r.lua: Активный generated companion отсутствует в metadata.code.
ERROR [jazz] tmp/release-stage-v0.20.6220/jazz/InventoryItem/BerettaM12.lua: Активный generated companion отсутствует в metadata.code.
ERROR [jazz] tmp/release-stage-v0.20.6220/jazz/InventoryItem/BlackPowder.lua: Активный generated companion отсутствует в metadata.code.
ERROR [jazz] tmp/release-stage-v0.20.6220/jazz/InventoryItem/BrowningM2HMG.lua: Активный generated companion отсутствует в metadata.code.
ERROR [jazz] tmp/release-stage-v0.20.6220/jazz/InventoryItem/C4.lua: Активный generated companion отсутствует в metadata.code.
ERROR [jazz] tmp/release-stage-v0.20.6220/jazz/InventoryItem/CamoArmor_Light_Kompositum.lua: Активный generated companion отсутствует в metadata.code.
ERROR [jazz] tmp/release-stage-v0.20.6220/jazz/InventoryItem/CamoArmor_Light.lua: Активный generated companion отсутствует в metadata.code.
ERROR [jazz] tmp/release-stage-v0.20.6220/jazz/InventoryItem/CamoArmor_Medium_Kompositum.lua: Активный generated companion отсутствует в metadata.code.
ERROR [jazz] tmp/release-stage-v0.20.6220/jazz/InventoryItem/CamoArmor_Medium.lua: Активный generated companion отсутствует в metadata.code.
ERROR [jazz] tmp/release-stage-v0.20.6220/jazz/InventoryItem/CAR15.lua: Активный generated companion отсутствует в metadata.code.
ERROR [jazz] tmp/release-stage-v0.20.6220/jazz/InventoryItem/China_Lake.lua: Активный generated companion отсутствует в metadata.code.
ERROR [jazz] tmp/release-stage-v0.20.6220/jazz/InventoryItem/Coin.lua: Активный generated companion отсутствует в metadata.code.
ERROR [jazz] tmp/release-stage-v0.20.6220/jazz/InventoryItem/Colt1911.lua: Активный generated companion отсутствует в metadata.code.
ERROR [jazz] tmp/release-stage-v0.20.6220/jazz/InventoryItem/Colt38Special.lua: Активный generated companion отсутствует в metadata.code.
ERROR [jazz] tmp/release-stage-v0.20.6220/jazz/InventoryItem/ColtAnaconda.lua: Активный generated companion отсутствует в metadata.code.
ERROR [jazz] tmp/release-stage-v0.20.6220/jazz/InventoryItem/ColtM1917.lua: Активный generated companion отсутствует в metadata.code.
ERROR [jazz] tmp/release-stage-v0.20.6220/jazz/InventoryItem/ColtPeacemaker.lua: Активный generated companion отсутствует в metadata.code.
ERROR [jazz] tmp/release-stage-v0.20.6220/jazz/InventoryItem/CombatStim.lua: Активный generated companion отсутствует в metadata.code.
ERROR [jazz] tmp/release-stage-v0.20.6220/jazz/InventoryItem/Combination_CeramicPlates.lua: Активный generated companion отсутствует в metadata.code.
ERROR [jazz] tmp/release-stage-v0.20.6220/jazz/InventoryItem/Combination_Kompositum58.lua: Активный generated companion отсутствует в metadata.code.
ERROR [jazz] tmp/release-stage-v0.20.6220/jazz/InventoryItem/Combination_WeavePadding.lua: Активный generated companion отсутствует в metadata.code.
ERROR [jazz] tmp/release-stage-v0.20.6220/jazz/InventoryItem/Compensator.lua: Активный generated companion отсутствует в metadata.code.
ERROR [jazz] tmp/release-stage-v0.20.6220/jazz/InventoryItem/ConcussiveGrenade.lua: Активный generated companion отсутствует в metadata.code.
ERROR [jazz] tmp/release-stage-v0.20.6220/jazz/InventoryItem/Cookie.lua: Активный generated companion отсутствует в metadata.code.
ERROR [jazz] tmp/release-stage-v0.20.6220/jazz/InventoryItem/CrocodileHide.lua: Активный generated companion отсутствует в metadata.code.
ERROR [jazz] tmp/release-stage-v0.20.6220/jazz/InventoryItem/Crowbar.lua: Активный generated companion отсутствует в metadata.code.
ERROR [jazz] tmp/release-stage-v0.20.6220/jazz/InventoryItem/CustomPDA.lua: Активный generated companion отсутствует в metadata.code.
ERROR [jazz] tmp/release-stage-v0.20.6220/jazz/InventoryItem/CZ52.lua: Активный generated companion отсутствует в metadata.code.
ERROR [jazz] tmp/release-stage-v0.20.6220/jazz/InventoryItem/CZ75.lua: Активный generated companion отсутствует в metadata.code.
ERROR [jazz] tmp/release-stage-v0.20.6220/jazz/InventoryItem/DeLisle.lua: Активный generated companion отсутствует в metadata.code.
ERROR [jazz] tmp/release-stage-v0.20.6220/jazz/InventoryItem/DesertEagle.lua: Активный generated companion отсутствует в metadata.code.
ERROR [jazz] tmp/release-stage-v0.20.6220/jazz/InventoryItem/Diesel.lua: Активный generated companion отсутствует в metadata.code.
ERROR [jazz] tmp/release-stage-v0.20.6220/jazz/InventoryItem/Dollars.lua: Активный generated companion отсутствует в metadata.code.
ERROR [jazz] tmp/release-stage-v0.20.6220/jazz/InventoryItem/DoubleBarrelShotgun.lua: Активный generated companion отсутствует в metadata.code.
ERROR [jazz] tmp/release-stage-v0.20.6220/jazz/InventoryItem/DP27.lua: Активный generated companion отсутствует в metadata.code.
ERROR [jazz] tmp/release-stage-v0.20.6220/jazz/InventoryItem/DragunovSVD_Custom.lua: Активный generated companion отсутствует в metadata.code.
ERROR [jazz] tmp/release-stage-v0.20.6220/jazz/InventoryItem/DragunovSVD.lua: Активный generated companion отсутствует в metadata.code.
ERROR [jazz] tmp/release-stage-v0.20.6220/jazz/InventoryItem/EndlessKnives.lua: Активный generated companion отсутствует в metadata.code.
ERROR [jazz] tmp/release-stage-v0.20.6220/jazz/InventoryItem/FAMAS.lua: Активный generated companion отсутствует в metadata.code.
ERROR [jazz] tmp/release-stage-v0.20.6220/jazz/InventoryItem/FG42.lua: Активный generated companion отсутствует в metadata.code.
ERROR [jazz] tmp/release-stage-v0.20.6220/jazz/InventoryItem/FineSteelPipe.lua: Активный generated companion отсутствует в metadata.code.
ERROR [jazz] tmp/release-stage-v0.20.6220/jazz/InventoryItem/FirstAidKit.lua: Активный generated companion отсутствует в metadata.code.
ERROR [jazz] tmp/release-stage-v0.20.6220/jazz/InventoryItem/FiveSeven.lua: Активный generated companion отсутствует в metadata.code.
ERROR [jazz] tmp/release-stage-v0.20.6220/jazz/InventoryItem/FlakArmor_CeramicPlates.lua: Активный generated companion отсутствует в metadata.code.
ERROR [jazz] tmp/release-stage-v0.20.6220/jazz/InventoryItem/FlakArmor_Kompositum.lua: Активный generated companion отсутствует в metadata.code.
ERROR [jazz] tmp/release-stage-v0.20.6220/jazz/InventoryItem/FlakArmor_WeavePadding.lua: Активный generated companion отсутствует в metadata.code.
ERROR [jazz] tmp/release-stage-v0.20.6220/jazz/InventoryItem/FlakArmor.lua: Активный generated companion отсутствует в metadata.code.
ERROR [jazz] tmp/release-stage-v0.20.6220/jazz/InventoryItem/FlakLeggings_Kompositum.lua: Активный generated companion отсутствует в metadata.code.
ERROR [jazz] tmp/release-stage-v0.20.6220/jazz/InventoryItem/FlakLeggings_WeavePadding.lua: Активный generated companion отсутствует в metadata.code.
ERROR [jazz] tmp/release-stage-v0.20.6220/jazz/InventoryItem/FlakLeggings.lua: Активный generated companion отсутствует в metadata.code.
ERROR [jazz] tmp/release-stage-v0.20.6220/jazz/InventoryItem/FlakVest_CeramicPlates.lua: Активный generated companion отсутствует в metadata.code.
ERROR [jazz] tmp/release-stage-v0.20.6220/jazz/InventoryItem/FlakVest_Kompositum.lua: Активный generated companion отсутствует в metadata.code.
ERROR [jazz] tmp/release-stage-v0.20.6220/jazz/InventoryItem/FlakVest_WeavePadding.lua: Активный generated companion отсутствует в metadata.code.
ERROR [jazz] tmp/release-stage-v0.20.6220/jazz/InventoryItem/FlakVest.lua: Активный generated companion отсутствует в metadata.code.
ERROR [jazz] tmp/release-stage-v0.20.6220/jazz/InventoryItem/FlareAmmo.lua: Активный generated companion отсутствует в metadata.code.
ERROR [jazz] tmp/release-stage-v0.20.6220/jazz/InventoryItem/FlareHandgun.lua: Активный generated companion отсутствует в metadata.code.
ERROR [jazz] tmp/release-stage-v0.20.6220/jazz/InventoryItem/FlareStick.lua: Активный generated companion отсутствует в metadata.code.
ERROR [jazz] tmp/release-stage-v0.20.6220/jazz/InventoryItem/FNFAL.lua: Активный generated companion отсутствует в metadata.code.
ERROR [jazz] tmp/release-stage-v0.20.6220/jazz/InventoryItem/FNMAG.lua: Активный generated companion отсутствует в metadata.code.
ERROR [jazz] tmp/release-stage-v0.20.6220/jazz/InventoryItem/FNMinimi.lua: Активный generated companion отсутствует в metadata.code.
ERROR [jazz] tmp/release-stage-v0.20.6220/jazz/InventoryItem/FragGrenade.lua: Активный generated companion отсутствует в metadata.code.
ERROR [jazz] tmp/release-stage-v0.20.6220/jazz/InventoryItem/FRF2.lua: Активный generated companion отсутствует в metadata.code.
ERROR [jazz] tmp/release-stage-v0.20.6220/jazz/InventoryItem/G36.lua: Активный generated companion отсутствует в metadata.code.
ERROR [jazz] tmp/release-stage-v0.20.6220/jazz/InventoryItem/G36c.lua: Активный generated companion отсутствует в metadata.code.
ERROR [jazz] tmp/release-stage-v0.20.6220/jazz/InventoryItem/G3A3.lua: Активный generated companion отсутствует в metadata.code.
ERROR [jazz] tmp/release-stage-v0.20.6220/jazz/InventoryItem/G3A4.lua: Активный generated companion отсутствует в metadata.code.
ERROR [jazz] tmp/release-stage-v0.20.6220/jazz/InventoryItem/G3SniperV1.lua: Активный generated companion отсутствует в metadata.code.
ERROR [jazz] tmp/release-stage-v0.20.6220/jazz/InventoryItem/G43.lua: Активный generated companion отсутствует в metadata.code.
ERROR [jazz] tmp/release-stage-v0.20.6220/jazz/InventoryItem/Galil_FlagHill.lua: Активный generated companion отсутствует в metadata.code.
ERROR [jazz] tmp/release-stage-v0.20.6220/jazz/InventoryItem/Galil.lua: Активный generated companion отсутствует в metadata.code.
ERROR [jazz] tmp/release-stage-v0.20.6220/jazz/InventoryItem/GasMask.lua: Активный generated companion отсутствует в metadata.code.
ERROR [jazz] tmp/release-stage-v0.20.6220/jazz/InventoryItem/Gasmaskenhelm.lua: Активный generated companion отсутствует в metadata.code.
ERROR [jazz] tmp/release-stage-v0.20.6220/jazz/InventoryItem/Gewehr98.lua: Активный generated companion отсутствует в metadata.code.
ERROR [jazz] tmp/release-stage-v0.20.6220/jazz/InventoryItem/Glock17.lua: Активный generated companion отсутствует в metadata.code.
ERROR [jazz] tmp/release-stage-v0.20.6220/jazz/InventoryItem/Glock18.lua: Активный generated companion отсутствует в metadata.code.
ERROR [jazz] tmp/release-stage-v0.20.6220/jazz/InventoryItem/GlowStick.lua: Активный generated companion отсутствует в metadata.code.
ERROR [jazz] tmp/release-stage-v0.20.6220/jazz/InventoryItem/GoldenGun.lua: Активный generated companion отсутствует в metadata.code.
ERROR [jazz] tmp/release-stage-v0.20.6220/jazz/InventoryItem/GoldenWatch.lua: Активный generated companion отсутствует в metadata.code.
ERROR [jazz] tmp/release-stage-v0.20.6220/jazz/InventoryItem/GrizzlyLAR.lua: Активный generated companion отсутствует в metadata.code.
ERROR [jazz] tmp/release-stage-v0.20.6220/jazz/InventoryItem/GutHookKnife.lua: Активный generated companion отсутствует в metadata.code.
ERROR [jazz] tmp/release-stage-v0.20.6220/jazz/InventoryItem/HE_Grenade.lua: Активный generated companion отсутствует в metadata.code.
ERROR [jazz] tmp/release-stage-v0.20.6220/jazz/InventoryItem/HeavyArmorChestplate_CeramicPlates.lua: Активный generated companion отсутствует в metadata.code.
ERROR [jazz] tmp/release-stage-v0.20.6220/jazz/InventoryItem/HeavyArmorChestplate_Kompositum.lua: Активный generated companion отсутствует в metadata.code.
ERROR [jazz] tmp/release-stage-v0.20.6220/jazz/InventoryItem/HeavyArmorChestplate_WeavePadding.lua: Активный generated companion отсутствует в metadata.code.
ERROR [jazz] tmp/release-stage-v0.20.6220/jazz/InventoryItem/HeavyArmorChestplate.lua: Активный generated companion отсутствует в metadata.code.
ERROR [jazz] tmp/release-stage-v0.20.6220/jazz/InventoryItem/HeavyArmorHelmet_Kompositum.lua: Активный generated companion отсутствует в metadata.code.
ERROR [jazz] tmp/release-stage-v0.20.6220/jazz/InventoryItem/HeavyArmorHelmet_WeavePadding.lua: Активный generated companion отсутствует в metadata.code.
ERROR [jazz] tmp/release-stage-v0.20.6220/jazz/InventoryItem/HeavyArmorHelmet.lua: Активный generated companion отсутствует в metadata.code.
ERROR [jazz] tmp/release-stage-v0.20.6220/jazz/InventoryItem/HeavyArmorLeggings_Kompositum.lua: Активный generated companion отсутствует в metadata.code.
ERROR [jazz] tmp/release-stage-v0.20.6220/jazz/InventoryItem/HeavyArmorLeggings_WeavePadding.lua: Активный generated companion отсутствует в metadata.code.
ERROR [jazz] tmp/release-stage-v0.20.6220/jazz/InventoryItem/HeavyArmorLeggings.lua: Активный generated companion отсутствует в metadata.code.
ERROR [jazz] tmp/release-stage-v0.20.6220/jazz/InventoryItem/HeavyArmorTorso_CeramicPlates.lua: Активный generated companion отсутствует в metadata.code.
ERROR [jazz] tmp/release-stage-v0.20.6220/jazz/InventoryItem/HeavyArmorTorso_Kompositum.lua: Активный generated companion отсутствует в metadata.code.
ERROR [jazz] tmp/release-stage-v0.20.6220/jazz/InventoryItem/HeavyArmorTorso_WeavePadding.lua: Активный generated companion отсутствует в metadata.code.
ERROR [jazz] tmp/release-stage-v0.20.6220/jazz/InventoryItem/HeavyArmorTorso.lua: Активный generated companion отсутствует в metadata.code.
ERROR [jazz] tmp/release-stage-v0.20.6220/jazz/InventoryItem/HerbalMedicine.lua: Активный generated companion отсутствует в metadata.code.
ERROR [jazz] tmp/release-stage-v0.20.6220/jazz/InventoryItem/HiPower.lua: Активный generated companion отсутствует в metadata.code.
ERROR [jazz] tmp/release-stage-v0.20.6220/jazz/InventoryItem/HK21.lua: Активный generated companion отсутствует в metadata.code.
ERROR [jazz] tmp/release-stage-v0.20.6220/jazz/InventoryItem/HK23e.lua: Активный generated companion отсутствует в metadata.code.
ERROR [jazz] tmp/release-stage-v0.20.6220/jazz/InventoryItem/HK33.lua: Активный generated companion отсутствует в metadata.code.
ERROR [jazz] tmp/release-stage-v0.20.6220/jazz/InventoryItem/Infected_HardenedSkin.lua: Активный generated companion отсутствует в metadata.code.
ERROR [jazz] tmp/release-stage-v0.20.6220/jazz/InventoryItem/Ithaca.lua: Активный generated companion отсутствует в metadata.code.
ERROR [jazz] tmp/release-stage-v0.20.6220/jazz/InventoryItem/IvanUshanka.lua: Активный generated companion отсутствует в metadata.code.
ERROR [jazz] tmp/release-stage-v0.20.6220/jazz/InventoryItem/JAZZ_AMMO_12gauge_APSlug.lua: Активный generated companion отсутствует в metadata.code.
ERROR [jazz] tmp/release-stage-v0.20.6220/jazz/InventoryItem/JAZZ_AMMO_12gauge_Birdshot.lua: Активный generated companion отсутствует в metadata.code.
ERROR [jazz] tmp/release-stage-v0.20.6220/jazz/InventoryItem/JAZZ_AMMO_12gauge_Buckshot.lua: Активный generated companion отсутствует в metadata.code.
ERROR [jazz] tmp/release-stage-v0.20.6220/jazz/InventoryItem/JAZZ_AMMO_12gauge_Saltshot.lua: Активный generated companion отсутствует в metadata.code.
ERROR [jazz] tmp/release-stage-v0.20.6220/jazz/InventoryItem/JAZZ_AMMO_12gauge_Slug.lua: Активный generated companion отсутствует в metadata.code.
ERROR [jazz] tmp/release-stage-v0.20.6220/jazz/InventoryItem/JAZZ_AMMO_30_FMJ.lua: Активный generated companion отсутствует в metadata.code.
ERROR [jazz] tmp/release-stage-v0.20.6220/jazz/InventoryItem/JAZZ_AMMO_30_P.lua: Активный generated companion отсутствует в metadata.code.
ERROR [jazz] tmp/release-stage-v0.20.6220/jazz/InventoryItem/JAZZ_AMMO_30_Tracer.lua: Активный generated companion отсутствует в metadata.code.
ERROR [jazz] tmp/release-stage-v0.20.6220/jazz/InventoryItem/JAZZ_AMMO_3006_AP.lua: Активный generated companion отсутствует в metadata.code.
ERROR [jazz] tmp/release-stage-v0.20.6220/jazz/InventoryItem/JAZZ_AMMO_3006_FMJ.lua: Активный generated companion отсутствует в metadata.code.
ERROR [jazz] tmp/release-stage-v0.20.6220/jazz/InventoryItem/JAZZ_AMMO_3006_Match.lua: Активный generated companion отсутствует в metadata.code.
ERROR [jazz] tmp/release-stage-v0.20.6220/jazz/InventoryItem/JAZZ_AMMO_357_FMJ.lua: Активный generated companion отсутствует в metadata.code.
ERROR [jazz] tmp/release-stage-v0.20.6220/jazz/InventoryItem/JAZZ_AMMO_357_JHP.lua: Активный generated companion отсутствует в metadata.code.
ERROR [jazz] tmp/release-stage-v0.20.6220/jazz/InventoryItem/JAZZ_AMMO_38special_FMJ.lua: Активный generated companion отсутствует в metadata.code.
ERROR [jazz] tmp/release-stage-v0.20.6220/jazz/InventoryItem/JAZZ_AMMO_38special_JHP.lua: Активный generated companion отсутствует в metadata.code.
ERROR [jazz] tmp/release-stage-v0.20.6220/jazz/InventoryItem/JAZZ_AMMO_40mmFlashbangGrenade.lua: Активный generated companion отсутствует в metadata.code.
ERROR [jazz] tmp/release-stage-v0.20.6220/jazz/InventoryItem/JAZZ_AMMO_40mmFragGrenade.lua: Активный generated companion отсутствует в metadata.code.
ERROR [jazz] tmp/release-stage-v0.20.6220/jazz/InventoryItem/JAZZ_AMMO_44CAL_FMJ.lua: Активный generated companion отсутствует в metadata.code.
ERROR [jazz] tmp/release-stage-v0.20.6220/jazz/InventoryItem/JAZZ_AMMO_44CAL_JHP.lua: Активный generated companion отсутствует в metadata.code.
ERROR [jazz] tmp/release-stage-v0.20.6220/jazz/InventoryItem/JAZZ_AMMO_44CAL_Match.lua: Активный generated companion отсутствует в metadata.code.
ERROR [jazz] tmp/release-stage-v0.20.6220/jazz/InventoryItem/JAZZ_AMMO_45ACP_Crafted.lua: Активный generated companion отсутствует в metadata.code.
ERROR [jazz] tmp/release-stage-v0.20.6220/jazz/InventoryItem/JAZZ_AMMO_45ACP_FMJ.lua: Активный generated companion отсутствует в metadata.code.
ERROR [jazz] tmp/release-stage-v0.20.6220/jazz/InventoryItem/JAZZ_AMMO_45ACP_JHP.lua: Активный generated companion отсутствует в metadata.code.
ERROR [jazz] tmp/release-stage-v0.20.6220/jazz/InventoryItem/JAZZ_AMMO_45ACP_P.lua: Активный generated companion отсутствует в metadata.code.
ERROR [jazz] tmp/release-stage-v0.20.6220/jazz/InventoryItem/JAZZ_AMMO_45ACP_Poor.lua: Активный generated companion отсутствует в metadata.code.
ERROR [jazz] tmp/release-stage-v0.20.6220/jazz/InventoryItem/JAZZ_AMMO_46_AP.lua: Активный generated companion отсутствует в metadata.code.
ERROR [jazz] tmp/release-stage-v0.20.6220/jazz/InventoryItem/JAZZ_AMMO_46_FMJ.lua: Активный generated companion отсутствует в metadata.code.
ERROR [jazz] tmp/release-stage-v0.20.6220/jazz/InventoryItem/JAZZ_AMMO_46_JHP.lua: Активный generated companion отсутствует в metadata.code.
ERROR [jazz] tmp/release-stage-v0.20.6220/jazz/InventoryItem/JAZZ_AMMO_50AE_FMJ.lua: Активный generated companion отсутствует в metadata.code.
ERROR [jazz] tmp/release-stage-v0.20.6220/jazz/InventoryItem/JAZZ_AMMO_50AE_JHP.lua: Активный generated companion отсутствует в metadata.code.
ERROR [jazz] tmp/release-stage-v0.20.6220/jazz/InventoryItem/JAZZ_AMMO_50BMG_API_HEI.lua: Активный generated companion отсутствует в metadata.code.
ERROR [jazz] tmp/release-stage-v0.20.6220/jazz/InventoryItem/JAZZ_AMMO_50BMG_APIT.lua: Активный generated companion отсутствует в metadata.code.
ERROR [jazz] tmp/release-stage-v0.20.6220/jazz/InventoryItem/JAZZ_AMMO_50BMG_Basic.lua: Активный generated companion отсутствует в metadata.code.
ERROR [jazz] tmp/release-stage-v0.20.6220/jazz/InventoryItem/JAZZ_AMMO_545_AP.lua: Активный generated companion отсутствует в metadata.code.
ERROR [jazz] tmp/release-stage-v0.20.6220/jazz/InventoryItem/JAZZ_AMMO_545_Army.lua: Активный generated companion отсутствует в metadata.code.
ERROR [jazz] tmp/release-stage-v0.20.6220/jazz/InventoryItem/JAZZ_AMMO_545_Crafted.lua: Активный generated companion отсутствует в metadata.code.
ERROR [jazz] tmp/release-stage-v0.20.6220/jazz/InventoryItem/JAZZ_AMMO_545_EPR.lua: Активный generated companion отсутствует в metadata.code.
ERROR [jazz] tmp/release-stage-v0.20.6220/jazz/InventoryItem/JAZZ_AMMO_545_Poor.lua: Активный generated companion отсутствует в metadata.code.
ERROR [jazz] tmp/release-stage-v0.20.6220/jazz/InventoryItem/JAZZ_AMMO_545_Tracer.lua: Активный generated companion отсутствует в metadata.code.
ERROR [jazz] tmp/release-stage-v0.20.6220/jazz/InventoryItem/JAZZ_AMMO_556_AP.lua: Активный generated companion отсутствует в metadata.code.
ERROR [jazz] tmp/release-stage-v0.20.6220/jazz/InventoryItem/JAZZ_AMMO_556_Army.lua: Активный generated companion отсутствует в metadata.code.
ERROR [jazz] tmp/release-stage-v0.20.6220/jazz/InventoryItem/JAZZ_AMMO_556_Crafted.lua: Активный generated companion отсутствует в metadata.code.
ERROR [jazz] tmp/release-stage-v0.20.6220/jazz/InventoryItem/JAZZ_AMMO_556_EPR.lua: Активный generated companion отсутствует в metadata.code.
ERROR [jazz] tmp/release-stage-v0.20.6220/jazz/InventoryItem/JAZZ_AMMO_556_FMJ.lua: Активный generated companion отсутствует в metadata.code.
ERROR [jazz] tmp/release-stage-v0.20.6220/jazz/InventoryItem/JAZZ_AMMO_556_Match.lua: Активный generated companion отсутствует в metadata.code.
ERROR [jazz] tmp/release-stage-v0.20.6220/jazz/InventoryItem/JAZZ_AMMO_556_Poor.lua: Активный generated companion отсутствует в metadata.code.
ERROR [jazz] tmp/release-stage-v0.20.6220/jazz/InventoryItem/JAZZ_AMMO_556_Tracer.lua: Активный generated companion отсутствует в metadata.code.
ERROR [jazz] tmp/release-stage-v0.20.6220/jazz/InventoryItem/JAZZ_AMMO_57_AP.lua: Активный generated companion отсутствует в metadata.code.
ERROR [jazz] tmp/release-stage-v0.20.6220/jazz/InventoryItem/JAZZ_AMMO_57_JHP.lua: Активный generated companion отсутствует в metadata.code.
ERROR [jazz] tmp/release-stage-v0.20.6220/jazz/InventoryItem/JAZZ_AMMO_57_Subsonic.lua: Активный generated companion отсутствует в metadata.code.
ERROR [jazz] tmp/release-stage-v0.20.6220/jazz/InventoryItem/JAZZ_AMMO_75French_AP.lua: Активный generated companion отсутствует в metadata.code.
ERROR [jazz] tmp/release-stage-v0.20.6220/jazz/InventoryItem/JAZZ_AMMO_75French_FMJ.lua: Активный generated companion отсутствует в metadata.code.
ERROR [jazz] tmp/release-stage-v0.20.6220/jazz/InventoryItem/JAZZ_AMMO_762x25_AP.lua: Активный generated companion отсутствует в metadata.code.
ERROR [jazz] tmp/release-stage-v0.20.6220/jazz/InventoryItem/JAZZ_AMMO_762x25_FMJ.lua: Активный generated companion отсутствует в metadata.code.
ERROR [jazz] tmp/release-stage-v0.20.6220/jazz/InventoryItem/JAZZ_AMMO_762x25_JHP.lua: Активный generated companion отсутствует в metadata.code.
ERROR [jazz] tmp/release-stage-v0.20.6220/jazz/InventoryItem/JAZZ_AMMO_762x25_Poor.lua: Активный generated companion отсутствует в metadata.code.
ERROR [jazz] tmp/release-stage-v0.20.6220/jazz/InventoryItem/JAZZ_AMMO_762x39_APP.lua: Активный generated companion отсутствует в metadata.code.
ERROR [jazz] tmp/release-stage-v0.20.6220/jazz/InventoryItem/JAZZ_AMMO_762x39_Army.lua: Активный generated companion отсутствует в metadata.code.
ERROR [jazz] tmp/release-stage-v0.20.6220/jazz/InventoryItem/JAZZ_AMMO_762x39_Crafted.lua: Активный generated companion отсутствует в metadata.code.
ERROR [jazz] tmp/release-stage-v0.20.6220/jazz/InventoryItem/JAZZ_AMMO_762x39_FMJ.lua: Активный generated companion отсутствует в metadata.code.
ERROR [jazz] tmp/release-stage-v0.20.6220/jazz/InventoryItem/JAZZ_AMMO_762x39_JHP.lua: Активный generated companion отсутствует в metadata.code.
ERROR [jazz] tmp/release-stage-v0.20.6220/jazz/InventoryItem/JAZZ_AMMO_762x39_Poor.lua: Активный generated companion отсутствует в metadata.code.
ERROR [jazz] tmp/release-stage-v0.20.6220/jazz/InventoryItem/JAZZ_AMMO_762x39_Tracer.lua: Активный generated companion отсутствует в metadata.code.
ERROR [jazz] tmp/release-stage-v0.20.6220/jazz/InventoryItem/JAZZ_AMMO_762x39_US.lua: Активный generated companion отсутствует в metadata.code.
ERROR [jazz] tmp/release-stage-v0.20.6220/jazz/InventoryItem/JAZZ_AMMO_762x51_AP.lua: Активный generated companion отсутствует в metadata.code.
ERROR [jazz] tmp/release-stage-v0.20.6220/jazz/InventoryItem/JAZZ_AMMO_762x51_Army.lua: Активный generated companion отсутствует в metadata.code.
ERROR [jazz] tmp/release-stage-v0.20.6220/jazz/InventoryItem/JAZZ_AMMO_762x51_Crafted.lua: Активный generated companion отсутствует в metadata.code.
ERROR [jazz] tmp/release-stage-v0.20.6220/jazz/InventoryItem/JAZZ_AMMO_762x51_FMJ.lua: Активный generated companion отсутствует в metadata.code.
ERROR [jazz] tmp/release-stage-v0.20.6220/jazz/InventoryItem/JAZZ_AMMO_762x51_Match.lua: Активный generated companion отсутствует в metadata.code.
ERROR [jazz] tmp/release-stage-v0.20.6220/jazz/InventoryItem/JAZZ_AMMO_762x51_Poor.lua: Активный generated companion отсутствует в metadata.code.
ERROR [jazz] tmp/release-stage-v0.20.6220/jazz/InventoryItem/JAZZ_AMMO_762x51_Tracer.lua: Активный generated companion отсутствует в metadata.code.
ERROR [jazz] tmp/release-stage-v0.20.6220/jazz/InventoryItem/JAZZ_AMMO_762x54_APIT.lua: Активный generated companion отсутствует в metadata.code.
ERROR [jazz] tmp/release-stage-v0.20.6220/jazz/InventoryItem/JAZZ_AMMO_762x54_Crafted.lua: Активный generated companion отсутствует в metadata.code.
ERROR [jazz] tmp/release-stage-v0.20.6220/jazz/InventoryItem/JAZZ_AMMO_762x54_FMJ.lua: Активный generated companion отсутствует в metadata.code.
ERROR [jazz] tmp/release-stage-v0.20.6220/jazz/InventoryItem/JAZZ_AMMO_762x54_Match.lua: Активный generated companion отсутствует в metadata.code.
ERROR [jazz] tmp/release-stage-v0.20.6220/jazz/InventoryItem/JAZZ_AMMO_762x54_Poor.lua: Активный generated companion отсутствует в metadata.code.
ERROR [jazz] tmp/release-stage-v0.20.6220/jazz/InventoryItem/JAZZ_AMMO_762x54_Tracer.lua: Активный generated companion отсутствует в metadata.code.
ERROR [jazz] tmp/release-stage-v0.20.6220/jazz/InventoryItem/JAZZ_AMMO_792_AP.lua: Активный generated companion отсутствует в metadata.code.
ERROR [jazz] tmp/release-stage-v0.20.6220/jazz/InventoryItem/JAZZ_AMMO_792_APIT.lua: Активный generated companion отсутствует в metadata.code.
ERROR [jazz] tmp/release-stage-v0.20.6220/jazz/InventoryItem/JAZZ_AMMO_792_FMJ.lua: Активный generated companion отсутствует в metadata.code.
ERROR [jazz] tmp/release-stage-v0.20.6220/jazz/InventoryItem/JAZZ_AMMO_792x33_AP.lua: Активный generated companion отсутствует в metadata.code.
ERROR [jazz] tmp/release-stage-v0.20.6220/jazz/InventoryItem/JAZZ_AMMO_792x33_FMJ.lua: Активный generated companion отсутствует в metadata.code.
ERROR [jazz] tmp/release-stage-v0.20.6220/jazz/InventoryItem/JAZZ_AMMO_792x33_Tracer.lua: Активный generated companion отсутствует в metadata.code.
ERROR [jazz] tmp/release-stage-v0.20.6220/jazz/InventoryItem/JAZZ_AMMO_9x18_AP.lua: Активный generated companion отсутствует в metadata.code.
ERROR [jazz] tmp/release-stage-v0.20.6220/jazz/InventoryItem/JAZZ_AMMO_9x18_APP.lua: Активный generated companion отсутствует в metadata.code.
ERROR [jazz] tmp/release-stage-v0.20.6220/jazz/InventoryItem/JAZZ_AMMO_9x18_Crafted.lua: Активный generated companion отсутствует в metadata.code.
ERROR [jazz] tmp/release-stage-v0.20.6220/jazz/InventoryItem/JAZZ_AMMO_9x18_FMJ.lua: Активный generated companion отсутствует в metadata.code.
ERROR [jazz] tmp/release-stage-v0.20.6220/jazz/InventoryItem/JAZZ_AMMO_9x18_JHP.lua: Активный generated companion отсутствует в metadata.code.
ERROR [jazz] tmp/release-stage-v0.20.6220/jazz/InventoryItem/JAZZ_AMMO_9x18_Poor.lua: Активный generated companion отсутствует в metadata.code.
ERROR [jazz] tmp/release-stage-v0.20.6220/jazz/InventoryItem/JAZZ_AMMO_9x19_AP.lua: Активный generated companion отсутствует в metadata.code.
ERROR [jazz] tmp/release-stage-v0.20.6220/jazz/InventoryItem/JAZZ_AMMO_9x19_APP.lua: Активный generated companion отсутствует в metadata.code.
ERROR [jazz] tmp/release-stage-v0.20.6220/jazz/InventoryItem/JAZZ_AMMO_9x19_Crafted.lua: Активный generated companion отсутствует в metadata.code.
ERROR [jazz] tmp/release-stage-v0.20.6220/jazz/InventoryItem/JAZZ_AMMO_9x19_FMJ.lua: Активный generated companion отсутствует в metadata.code.
ERROR [jazz] tmp/release-stage-v0.20.6220/jazz/InventoryItem/JAZZ_AMMO_9x19_JHP.lua: Активный generated companion отсутствует в metadata.code.
ERROR [jazz] tmp/release-stage-v0.20.6220/jazz/InventoryItem/JAZZ_AMMO_9x19_Match.lua: Активный generated companion отсутствует в metadata.code.
ERROR [jazz] tmp/release-stage-v0.20.6220/jazz/InventoryItem/JAZZ_AMMO_9x19_Poor.lua: Активный generated companion отсутствует в metadata.code.
ERROR [jazz] tmp/release-stage-v0.20.6220/jazz/InventoryItem/JAZZ_AMMO_9x39_AP.lua: Активный generated companion отсутствует в metadata.code.
ERROR [jazz] tmp/release-stage-v0.20.6220/jazz/InventoryItem/JAZZ_AMMO_9x39_Crafted.lua: Активный generated companion отсутствует в metadata.code.
ERROR [jazz] tmp/release-stage-v0.20.6220/jazz/InventoryItem/JAZZ_AMMO_9x39_JHP.lua: Активный generated companion отсутствует в metadata.code.
ERROR [jazz] tmp/release-stage-v0.20.6220/jazz/InventoryItem/JAZZ_AMMO_MortarShell_Gas.lua: Активный generated companion отсутствует в metadata.code.
ERROR [jazz] tmp/release-stage-v0.20.6220/jazz/InventoryItem/JAZZ_AMMO_MortarShell_HE.lua: Активный generated companion отсутствует в metadata.code.
ERROR [jazz] tmp/release-stage-v0.20.6220/jazz/InventoryItem/JAZZ_AMMO_MortarShell_Smoke.lua: Активный generated companion отсутствует в metadata.code.
ERROR [jazz] tmp/release-stage-v0.20.6220/jazz/InventoryItem/JAZZ_ArmorUpgrade.lua: Активный generated companion отсутствует в metadata.code.
ERROR [jazz] tmp/release-stage-v0.20.6220/jazz/InventoryItem/JAZZ_AUGCompensator_01.lua: Активный generated companion отсутствует в metadata.code.
ERROR [jazz] tmp/release-stage-v0.20.6220/jazz/InventoryItem/JAZZ_AUGCompensator_03.lua: Активный generated companion отсутствует в metadata.code.
ERROR [jazz] tmp/release-stage-v0.20.6220/jazz/InventoryItem/JAZZ_Bandage.lua: Активный generated companion отсутствует в metadata.code.
ERROR [jazz] tmp/release-stage-v0.20.6220/jazz/InventoryItem/JAZZ_BarrelParts.lua: Активный generated companion отсутствует в metadata.code.
ERROR [jazz] tmp/release-stage-v0.20.6220/jazz/InventoryItem/JAZZ_Bipod_Galil.lua: Активный generated companion отсутствует в metadata.code.
ERROR [jazz] tmp/release-stage-v0.20.6220/jazz/InventoryItem/JAZZ_Bipod_Under.lua: Активный generated companion отсутствует в metadata.code.
ERROR [jazz] tmp/release-stage-v0.20.6220/jazz/InventoryItem/JAZZ_Bipod.lua: Активный generated companion отсутствует в metadata.code.
ERROR [jazz] tmp/release-stage-v0.20.6220/jazz/InventoryItem/JAZZ_CombatScope_1P29.lua: Активный generated companion отсутствует в metadata.code.
ERROR [jazz] tmp/release-stage-v0.20.6220/jazz/InventoryItem/JAZZ_CombatScope_2x.lua: Активный generated companion отсутствует в metadata.code.
ERROR [jazz] tmp/release-stage-v0.20.6220/jazz/InventoryItem/JAZZ_CombatScope_3x.lua: Активный generated companion отсутствует в metadata.code.
ERROR [jazz] tmp/release-stage-v0.20.6220/jazz/InventoryItem/JAZZ_CombatScope_ACOG.lua: Активный generated companion отсутствует в metadata.code.
ERROR [jazz] tmp/release-stage-v0.20.6220/jazz/InventoryItem/JAZZ_CombatScope_FeroZ24.lua: Активный generated companion отсутствует в metadata.code.
ERROR [jazz] tmp/release-stage-v0.20.6220/jazz/InventoryItem/JAZZ_Compensator.lua: Активный generated companion отсутствует в metadata.code.
ERROR [jazz] tmp/release-stage-v0.20.6220/jazz/InventoryItem/JAZZ_DuckbillChoke.lua: Активный generated companion отсутствует в metadata.code.
ERROR [jazz] tmp/release-stage-v0.20.6220/jazz/InventoryItem/JAZZ_FlashHider.lua: Активный generated companion отсутствует в metadata.code.
ERROR [jazz] tmp/release-stage-v0.20.6220/jazz/InventoryItem/JAZZ_Flashlight_aa12.lua: Активный generated companion отсутствует в metadata.code.
ERROR [jazz] tmp/release-stage-v0.20.6220/jazz/InventoryItem/JAZZ_Flashlight_PSG_M1.lua: Активный generated companion отсутствует в metadata.code.
ERROR [jazz] tmp/release-stage-v0.20.6220/jazz/InventoryItem/JAZZ_Flashlight.lua: Активный generated companion отсутствует в metadata.code.
ERROR [jazz] tmp/release-stage-v0.20.6220/jazz/InventoryItem/JAZZ_FlashlightDot_aa12.lua: Активный generated companion отсутствует в metadata.code.
ERROR [jazz] tmp/release-stage-v0.20.6220/jazz/InventoryItem/JAZZ_FlashlightDot_Anaconda.lua: Активный generated companion отсутствует в metadata.code.
ERROR [jazz] tmp/release-stage-v0.20.6220/jazz/InventoryItem/JAZZ_FlashlightDot_PSG_M1.lua: Активный generated companion отсутствует в metadata.code.
ERROR [jazz] tmp/release-stage-v0.20.6220/jazz/InventoryItem/JAZZ_FlashlightDot.lua: Активный generated companion отсутствует в metadata.code.
ERROR [jazz] tmp/release-stage-v0.20.6220/jazz/InventoryItem/JAZZ_FullChoke.lua: Активный generated companion отсутствует в metadata.code.
ERROR [jazz] tmp/release-stage-v0.20.6220/jazz/InventoryItem/JAZZ_G36Scope.lua: Активный generated companion отсутствует в metadata.code.
ERROR [jazz] tmp/release-stage-v0.20.6220/jazz/InventoryItem/JAZZ_G36Sight.lua: Активный generated companion отсутствует в metadata.code.
ERROR [jazz] tmp/release-stage-v0.20.6220/jazz/InventoryItem/JAZZ_Galil_Brake_Default.lua: Активный generated companion отсутствует в metadata.code.
ERROR [jazz] tmp/release-stage-v0.20.6220/jazz/InventoryItem/JAZZ_GP25.lua: Активный generated companion отсутствует в metadata.code.
ERROR [jazz] tmp/release-stage-v0.20.6220/jazz/InventoryItem/JAZZ_GrenadeLauncher_AUG.lua: Активный generated companion отсутствует в metadata.code.
ERROR [jazz] tmp/release-stage-v0.20.6220/jazz/InventoryItem/JAZZ_GrenadeLauncher_Commando.lua: Активный generated companion отсутствует в metadata.code.
ERROR [jazz] tmp/release-stage-v0.20.6220/jazz/InventoryItem/JAZZ_GrenadeLauncher_Galil.lua: Активный generated companion отсутствует в metadata.code.
ERROR [jazz] tmp/release-stage-v0.20.6220/jazz/InventoryItem/JAZZ_GrenadeLauncher_M14.lua: Активный generated companion отсутствует в metadata.code.
ERROR [jazz] tmp/release-stage-v0.20.6220/jazz/InventoryItem/JAZZ_GrenadeLauncher.lua: Активный generated companion отсутствует в metadata.code.
ERROR [jazz] tmp/release-stage-v0.20.6220/jazz/InventoryItem/JAZZ_HandlingWrap.lua: Активный generated companion отсутствует в metadata.code.
ERROR [jazz] tmp/release-stage-v0.20.6220/jazz/InventoryItem/JAZZ_ImprovisedSuppressor.lua: Активный generated companion отсутствует в metadata.code.
ERROR [jazz] tmp/release-stage-v0.20.6220/jazz/InventoryItem/JAZZ_LaserDot_aa12.lua: Активный generated companion отсутствует в metadata.code.
ERROR [jazz] tmp/release-stage-v0.20.6220/jazz/InventoryItem/JAZZ_LaserDot_Anaconda.lua: Активный generated companion отсутствует в metadata.code.
ERROR [jazz] tmp/release-stage-v0.20.6220/jazz/InventoryItem/JAZZ_LaserDot_PSG_M1.lua: Активный generated companion отсутствует в metadata.code.
ERROR [jazz] tmp/release-stage-v0.20.6220/jazz/InventoryItem/JAZZ_LaserDot.lua: Активный generated companion отсутствует в metadata.code.
ERROR [jazz] tmp/release-stage-v0.20.6220/jazz/InventoryItem/JAZZ_M70_Grenade.lua: Активный generated companion отсутствует в metadata.code.
ERROR [jazz] tmp/release-stage-v0.20.6220/jazz/InventoryItem/JAZZ_MagBelt_100_200.lua: Активный generated companion отсутствует в metadata.code.
ERROR [jazz] tmp/release-stage-v0.20.6220/jazz/InventoryItem/JAZZ_MagBelt_40_100.lua: Активный generated companion отсутствует в metadata.code.
ERROR [jazz] tmp/release-stage-v0.20.6220/jazz/InventoryItem/JAZZ_MagDrum_30_100_cumbersome.lua: Активный generated companion отсутствует в metadata.code.
ERROR [jazz] tmp/release-stage-v0.20.6220/jazz/InventoryItem/JAZZ_MagDrum_30_100_G3.lua: Активный generated companion отсутствует в metadata.code.
ERROR [jazz] tmp/release-stage-v0.20.6220/jazz/InventoryItem/JAZZ_MagDrum_30_100_HK33.lua: Активный generated companion отсутствует в metadata.code.
ERROR [jazz] tmp/release-stage-v0.20.6220/jazz/InventoryItem/JAZZ_MagDrum_30_100.lua: Активный generated companion отсутствует в metadata.code.
ERROR [jazz] tmp/release-stage-v0.20.6220/jazz/InventoryItem/JAZZ_MagDrum_30_50_THOMPSON.lua: Активный generated companion отсутствует в metadata.code.
ERROR [jazz] tmp/release-stage-v0.20.6220/jazz/InventoryItem/JAZZ_MagDrum_30_50_UZI.lua: Активный generated companion отсутствует в metadata.code.
ERROR [jazz] tmp/release-stage-v0.20.6220/jazz/InventoryItem/JAZZ_MagDrum_30_50.lua: Активный generated companion отсутствует в metadata.code.
ERROR [jazz] tmp/release-stage-v0.20.6220/jazz/InventoryItem/JAZZ_MagDrum_30_75.lua: Активный generated companion отсутствует в metadata.code.
ERROR [jazz] tmp/release-stage-v0.20.6220/jazz/InventoryItem/JAZZ_MagDrum_35_71.lua: Активный generated companion отсутствует в metadata.code.
ERROR [jazz] tmp/release-stage-v0.20.6220/jazz/InventoryItem/JAZZ_MagLarge_10_20_SVD.lua: Активный generated companion отсутствует в metadata.code.
ERROR [jazz] tmp/release-stage-v0.20.6220/jazz/InventoryItem/JAZZ_MagLarge_10_20_VAL.lua: Активный generated companion отсутствует в metadata.code.
ERROR [jazz] tmp/release-stage-v0.20.6220/jazz/InventoryItem/JAZZ_MagLarge_10_20.lua: Активный generated companion отсутствует в metadata.code.
ERROR [jazz] tmp/release-stage-v0.20.6220/jazz/InventoryItem/JAZZ_MagLarge_13_PISTOL_52.lua: Активный generated companion отсутствует в metadata.code.
ERROR [jazz] tmp/release-stage-v0.20.6220/jazz/InventoryItem/JAZZ_MagLarge_13_PISTOL_DE.lua: Активный generated companion отсутствует в metadata.code.
ERROR [jazz] tmp/release-stage-v0.20.6220/jazz/InventoryItem/JAZZ_MagLarge_13.lua: Активный generated companion отсутствует в metadata.code.
ERROR [jazz] tmp/release-stage-v0.20.6220/jazz/InventoryItem/JAZZ_MagLarge_17_33.lua: Активный generated companion отсутствует в metadata.code.
ERROR [jazz] tmp/release-stage-v0.20.6220/jazz/InventoryItem/JAZZ_MagLarge_18_20.lua: Активный generated companion отсутствует в metadata.code.
ERROR [jazz] tmp/release-stage-v0.20.6220/jazz/InventoryItem/JAZZ_MagLarge_20_30_FAL.lua: Активный generated companion отсутствует в metadata.code.
ERROR [jazz] tmp/release-stage-v0.20.6220/jazz/InventoryItem/JAZZ_MagLarge_20_30_MINI14.lua: Активный generated companion отсутствует в metadata.code.
ERROR [jazz] tmp/release-stage-v0.20.6220/jazz/InventoryItem/JAZZ_MagLarge_20_30_UZI.lua: Активный generated companion отсутствует в metadata.code.
ERROR [jazz] tmp/release-stage-v0.20.6220/jazz/InventoryItem/JAZZ_MagLarge_20_30.lua: Активный generated companion отсутствует в metadata.code.
ERROR [jazz] tmp/release-stage-v0.20.6220/jazz/InventoryItem/JAZZ_MagLarge_25_40.lua: Активный generated companion отсутствует в metadata.code.
ERROR [jazz] tmp/release-stage-v0.20.6220/jazz/InventoryItem/JAZZ_MagLarge_25_AA12.lua: Активный generated companion отсутствует в metadata.code.
ERROR [jazz] tmp/release-stage-v0.20.6220/jazz/InventoryItem/JAZZ_MagLarge_25_PISTOL_9.lua: Активный generated companion отсутствует в metadata.code.
ERROR [jazz] tmp/release-stage-v0.20.6220/jazz/InventoryItem/JAZZ_MagLarge_25_USAS.lua: Активный generated companion отсутствует в metadata.code.
ERROR [jazz] tmp/release-stage-v0.20.6220/jazz/InventoryItem/JAZZ_MagLarge_25.lua: Активный generated companion отсутствует в metadata.code.
ERROR [jazz] tmp/release-stage-v0.20.6220/jazz/InventoryItem/JAZZ_MagLarge_27.lua: Активный generated companion отсутствует в metadata.code.
ERROR [jazz] tmp/release-stage-v0.20.6220/jazz/InventoryItem/JAZZ_MagLarge_28.lua: Активный generated companion отсутствует в metadata.code.
ERROR [jazz] tmp/release-stage-v0.20.6220/jazz/InventoryItem/JAZZ_MagLarge_30_40.lua: Активный generated companion отсутствует в metadata.code.
ERROR [jazz] tmp/release-stage-v0.20.6220/jazz/InventoryItem/JAZZ_MagLarge_30_42.lua: Активный generated companion отсутствует в metadata.code.
ERROR [jazz] tmp/release-stage-v0.20.6220/jazz/InventoryItem/JAZZ_MagLarge_30_45.lua: Активный generated companion отсутствует в metadata.code.
ERROR [jazz] tmp/release-stage-v0.20.6220/jazz/InventoryItem/JAZZ_MagLarge_5_10.lua: Активный generated companion отсутствует в metadata.code.
ERROR [jazz] tmp/release-stage-v0.20.6220/jazz/InventoryItem/JAZZ_MagLarge_50_AR15.lua: Активный generated companion отсутствует в metadata.code.
ERROR [jazz] tmp/release-stage-v0.20.6220/jazz/InventoryItem/JAZZ_MagLarge_50_MP5.lua: Активный generated companion отсутствует в metadata.code.
ERROR [jazz] tmp/release-stage-v0.20.6220/jazz/InventoryItem/JAZZ_MagLarge_50_SIG.lua: Активный generated companion отсутствует в metadata.code.
ERROR [jazz] tmp/release-stage-v0.20.6220/jazz/InventoryItem/JAZZ_MagLarge_50.lua: Активный generated companion отсутствует в metadata.code.
ERROR [jazz] tmp/release-stage-v0.20.6220/jazz/InventoryItem/JAZZ_MagLarge_7_10.lua: Активный generated companion отсутствует в metadata.code.
ERROR [jazz] tmp/release-stage-v0.20.6220/jazz/InventoryItem/JAZZ_MagLarge_8_10.lua: Активный generated companion отсутствует в metadata.code.
ERROR [jazz] tmp/release-stage-v0.20.6220/jazz/InventoryItem/JAZZ_MagLarge_8_BARRET.lua: Активный generated companion отсутствует в metadata.code.
ERROR [jazz] tmp/release-stage-v0.20.6220/jazz/InventoryItem/JAZZ_MagLarge_8_PISTOL_52.lua: Активный generated companion отсутствует в metadata.code.
ERROR [jazz] tmp/release-stage-v0.20.6220/jazz/InventoryItem/JAZZ_MagLarge_8_PSG1.lua: Активный generated companion отсутствует в metadata.code.
ERROR [jazz] tmp/release-stage-v0.20.6220/jazz/InventoryItem/JAZZ_MagLarge_8.lua: Активный generated companion отсутствует в metadata.code.
ERROR [jazz] tmp/release-stage-v0.20.6220/jazz/InventoryItem/JAZZ_MagLargeFine.lua: Активный generated companion отсутствует в metadata.code.
ERROR [jazz] tmp/release-stage-v0.20.6220/jazz/InventoryItem/JAZZ_MagNormalFine_AR15.lua: Активный generated companion отсутствует в metadata.code.
ERROR [jazz] tmp/release-stage-v0.20.6220/jazz/InventoryItem/JAZZ_MagNormalFine_FAL.lua: Активный generated companion отсутствует в metadata.code.
ERROR [jazz] tmp/release-stage-v0.20.6220/jazz/InventoryItem/JAZZ_MagNormalFine_M14.lua: Активный generated companion отсутствует в metadata.code.
ERROR [jazz] tmp/release-stage-v0.20.6220/jazz/InventoryItem/JAZZ_MagNormalFine_PISTOL_9.lua: Активный generated companion отсутствует в metadata.code.
ERROR [jazz] tmp/release-stage-v0.20.6220/jazz/InventoryItem/JAZZ_MagNormalFine_PSG1.lua: Активный generated companion отсутствует в metadata.code.
ERROR [jazz] tmp/release-stage-v0.20.6220/jazz/InventoryItem/JAZZ_MagNormalFine.lua: Активный generated companion отсутствует в metadata.code.
ERROR [jazz] tmp/release-stage-v0.20.6220/jazz/InventoryItem/JAZZ_MagNormalG18.lua: Активный generated companion отсутствует в metadata.code.
ERROR [jazz] tmp/release-stage-v0.20.6220/jazz/InventoryItem/JAZZ_MagQuick_AK.lua: Активный generated companion отсутствует в metadata.code.
ERROR [jazz] tmp/release-stage-v0.20.6220/jazz/InventoryItem/JAZZ_MagQuick_AR15.lua: Активный generated companion отсутствует в metadata.code.
ERROR [jazz] tmp/release-stage-v0.20.6220/jazz/InventoryItem/JAZZ_MagQuick_AUG.lua: Активный generated companion отсутствует в metadata.code.
ERROR [jazz] tmp/release-stage-v0.20.6220/jazz/InventoryItem/JAZZ_MagQuick_G36.lua: Активный generated companion отсутствует в metadata.code.
ERROR [jazz] tmp/release-stage-v0.20.6220/jazz/InventoryItem/JAZZ_MagQuick_GALIL.lua: Активный generated companion отсутствует в metadata.code.
ERROR [jazz] tmp/release-stage-v0.20.6220/jazz/InventoryItem/JAZZ_MagQuick_MP5.lua: Активный generated companion отсутствует в metadata.code.
ERROR [jazz] tmp/release-stage-v0.20.6220/jazz/InventoryItem/JAZZ_MagQuick.lua: Активный generated companion отсутствует в metadata.code.
ERROR [jazz] tmp/release-stage-v0.20.6220/jazz/InventoryItem/JAZZ_MagSmall20_10_G3.lua: Активный generated companion отсутствует в metadata.code.
ERROR [jazz] tmp/release-stage-v0.20.6220/jazz/InventoryItem/JAZZ_MagSmall20_10_M14.lua: Активный generated companion отсутствует в metadata.code.
ERROR [jazz] tmp/release-stage-v0.20.6220/jazz/InventoryItem/JAZZ_MagSmall20_10.lua: Активный generated companion отсутствует в metadata.code.
ERROR [jazz] tmp/release-stage-v0.20.6220/jazz/InventoryItem/JAZZ_MagSmall30_15_M2CARBINE.lua: Активный generated companion отсутствует в metadata.code.
ERROR [jazz] tmp/release-stage-v0.20.6220/jazz/InventoryItem/JAZZ_MagSmall30_15_MP5.lua: Активный generated companion отсутствует в metadata.code.
ERROR [jazz] tmp/release-stage-v0.20.6220/jazz/InventoryItem/JAZZ_MagSmall30_15_TMP.lua: Активный generated companion отсутствует в metadata.code.
ERROR [jazz] tmp/release-stage-v0.20.6220/jazz/InventoryItem/JAZZ_MagSmall30_15.lua: Активный generated companion отсутствует в metadata.code.
ERROR [jazz] tmp/release-stage-v0.20.6220/jazz/InventoryItem/JAZZ_MagSmall30_20.lua: Активный generated companion отсутствует в metadata.code.
ERROR [jazz] tmp/release-stage-v0.20.6220/jazz/InventoryItem/JAZZ_Morphine.lua: Активный generated companion отсутствует в metadata.code.
ERROR [jazz] tmp/release-stage-v0.20.6220/jazz/InventoryItem/JAZZ_NightScope_M3.lua: Активный generated companion отсутствует в metadata.code.
ERROR [jazz] tmp/release-stage-v0.20.6220/jazz/InventoryItem/JAZZ_NightScope_NSPU.lua: Активный generated companion отсутствует в metadata.code.
ERROR [jazz] tmp/release-stage-v0.20.6220/jazz/InventoryItem/JAZZ_NightScope.lua: Активный generated companion отсутствует в metadata.code.
ERROR [jazz] tmp/release-stage-v0.20.6220/jazz/InventoryItem/JAZZ_PistolSuppressor.lua: Активный generated companion отсутствует в metadata.code.
ERROR [jazz] tmp/release-stage-v0.20.6220/jazz/InventoryItem/JAZZ_Reflex_Aimpoint5000.lua: Активный generated companion отсутствует в metadata.code.
ERROR [jazz] tmp/release-stage-v0.20.6220/jazz/InventoryItem/JAZZ_Reflex_Closed.lua: Активный generated companion отсутствует в metadata.code.
ERROR [jazz] tmp/release-stage-v0.20.6220/jazz/InventoryItem/JAZZ_Reflex_Cobra.lua: Активный generated companion отсутствует в metadata.code.
ERROR [jazz] tmp/release-stage-v0.20.6220/jazz/InventoryItem/JAZZ_Reflex_Eotech.lua: Активный generated companion отсутствует в metadata.code.
ERROR [jazz] tmp/release-stage-v0.20.6220/jazz/InventoryItem/JAZZ_Reflex_Garand.lua: Активный generated companion отсутствует в metadata.code.
ERROR [jazz] tmp/release-stage-v0.20.6220/jazz/InventoryItem/JAZZ_Reflex_M68.lua: Активный generated companion отсутствует в metadata.code.
ERROR [jazz] tmp/release-stage-v0.20.6220/jazz/InventoryItem/JAZZ_Reflex_Open.lua: Активный generated companion отсутствует в metadata.code.
ERROR [jazz] tmp/release-stage-v0.20.6220/jazz/InventoryItem/JAZZ_Reflex_Pistol.lua: Активный generated companion отсутствует в metadata.code.
ERROR [jazz] tmp/release-stage-v0.20.6220/jazz/InventoryItem/JAZZ_Reflex_PKAS.lua: Активный generated companion отсутствует в metadata.code.
ERROR [jazz] tmp/release-stage-v0.20.6220/jazz/InventoryItem/JAZZ_RemovableAttachment.lua: Активный generated companion отсутствует в metadata.code.
ERROR [jazz] tmp/release-stage-v0.20.6220/jazz/InventoryItem/JAZZ_Scope_12x.lua: Активный generated companion отсутствует в metadata.code.
ERROR [jazz] tmp/release-stage-v0.20.6220/jazz/InventoryItem/JAZZ_Scope_3x_9x.lua: Активный generated companion отсутствует в metadata.code.
ERROR [jazz] tmp/release-stage-v0.20.6220/jazz/InventoryItem/JAZZ_Scope_6x.lua: Активный generated companion отсутствует в metadata.code.
ERROR [jazz] tmp/release-stage-v0.20.6220/jazz/InventoryItem/JAZZ_Scope_8x_SCROME.lua: Активный generated companion отсутствует в metadata.code.
ERROR [jazz] tmp/release-stage-v0.20.6220/jazz/InventoryItem/JAZZ_Scope_DA15_6x.lua: Активный generated companion отсутствует в metadata.code.
ERROR [jazz] tmp/release-stage-v0.20.6220/jazz/InventoryItem/JAZZ_Scope_Garand.lua: Активный generated companion отсутствует в metadata.code.
ERROR [jazz] tmp/release-stage-v0.20.6220/jazz/InventoryItem/JAZZ_Scope_PSG.lua: Активный generated companion отсутствует в metadata.code.
ERROR [jazz] tmp/release-stage-v0.20.6220/jazz/InventoryItem/JAZZ_Scope_PSO.lua: Активный generated companion отсутствует в metadata.code.
ERROR [jazz] tmp/release-stage-v0.20.6220/jazz/InventoryItem/JAZZ_Scope_PU.lua: Активный generated companion отсутствует в metadata.code.
ERROR [jazz] tmp/release-stage-v0.20.6220/jazz/InventoryItem/JAZZ_Scope_Scout.lua: Активный generated companion отсутствует в metadata.code.
ERROR [jazz] tmp/release-stage-v0.20.6220/jazz/InventoryItem/JAZZ_Scope_Springfield.lua: Активный generated companion отсутствует в metadata.code.
ERROR [jazz] tmp/release-stage-v0.20.6220/jazz/InventoryItem/JAZZ_Scope_ZF4.lua: Активный generated companion отсутствует в metadata.code.
ERROR [jazz] tmp/release-stage-v0.20.6220/jazz/InventoryItem/JAZZ_Scope_ZRAK.lua: Активный generated companion отсутствует в metadata.code.
ERROR [jazz] tmp/release-stage-v0.20.6220/jazz/InventoryItem/JAZZ_ScopeParts.lua: Активный generated companion отсутствует в metadata.code.
ERROR [jazz] tmp/release-stage-v0.20.6220/jazz/InventoryItem/JAZZ_Suppressor.lua: Активный generated companion отсутствует в metadata.code.
ERROR [jazz] tmp/release-stage-v0.20.6220/jazz/InventoryItem/JAZZ_SuppressorImproved.lua: Активный generated companion отсутствует в metadata.code.
ERROR [jazz] tmp/release-stage-v0.20.6220/jazz/InventoryItem/JAZZ_SuppressorIntegrated.lua: Активный generated companion отсутствует в metadata.code.
ERROR [jazz] tmp/release-stage-v0.20.6220/jazz/InventoryItem/JAZZ_SurgicalKit.lua: Активный generated companion отсутствует в metadata.code.
ERROR [jazz] tmp/release-stage-v0.20.6220/jazz/InventoryItem/JAZZ_TacGrip_M14.lua: Активный generated companion отсутствует в metadata.code.
ERROR [jazz] tmp/release-stage-v0.20.6220/jazz/InventoryItem/JAZZ_TacGrip.lua: Активный generated companion отсутствует в metadata.code.
ERROR [jazz] tmp/release-stage-v0.20.6220/jazz/InventoryItem/JAZZ_Type56Bayo.lua: Активный generated companion отсутствует в metadata.code.
ERROR [jazz] tmp/release-stage-v0.20.6220/jazz/InventoryItem/JAZZ_Type56BayoF.lua: Активный generated companion отсутствует в metadata.code.
ERROR [jazz] tmp/release-stage-v0.20.6220/jazz/InventoryItem/JAZZ_UVDot_aa12.lua: Активный generated companion отсутствует в metadata.code.
ERROR [jazz] tmp/release-stage-v0.20.6220/jazz/InventoryItem/JAZZ_UVDot_Anaconda.lua: Активный generated companion отсутствует в metadata.code.
ERROR [jazz] tmp/release-stage-v0.20.6220/jazz/InventoryItem/JAZZ_UVDot_PSG_M1.lua: Активный generated companion отсутствует в metadata.code.
ERROR [jazz] tmp/release-stage-v0.20.6220/jazz/InventoryItem/JAZZ_UVDot.lua: Активный generated companion отсутствует в metadata.code.
ERROR [jazz] tmp/release-stage-v0.20.6220/jazz/InventoryItem/JAZZ_VerticalGrip_Commando.lua: Активный generated companion отсутствует в metadata.code.
ERROR [jazz] tmp/release-stage-v0.20.6220/jazz/InventoryItem/JAZZ_VerticalGrip_M14.lua: Активный generated companion отсутствует в metadata.code.
ERROR [jazz] tmp/release-stage-v0.20.6220/jazz/InventoryItem/JAZZ_VerticalGrip.lua: Активный generated companion отсутствует в metadata.code.
ERROR [jazz] tmp/release-stage-v0.20.6220/jazz/InventoryItem/JazzArmor_6B13.lua: Активный generated companion отсутствует в metadata.code.
ERROR [jazz] tmp/release-stage-v0.20.6220/jazz/InventoryItem/JazzArmor_6B3.lua: Активный generated companion отсутствует в metadata.code.
ERROR [jazz] tmp/release-stage-v0.20.6220/jazz/InventoryItem/JazzArmor_6b7Helm.lua: Активный generated companion отсутствует в metadata.code.
ERROR [jazz] tmp/release-stage-v0.20.6220/jazz/InventoryItem/JazzArmor_AdrianHelmet.lua: Активный generated companion отсутствует в metadata.code.
ERROR [jazz] tmp/release-stage-v0.20.6220/jazz/InventoryItem/JazzArmor_AltynHelm.lua: Активный generated companion отсутствует в metadata.code.
ERROR [jazz] tmp/release-stage-v0.20.6220/jazz/InventoryItem/JazzArmor_AssaultCuirass.lua: Активный generated companion отсутствует в metadata.code.
ERROR [jazz] tmp/release-stage-v0.20.6220/jazz/InventoryItem/JazzArmor_BallisticMask.lua: Активный generated companion отсутствует в metadata.code.
ERROR [jazz] tmp/release-stage-v0.20.6220/jazz/InventoryItem/JazzArmor_CamoBalaclava.lua: Активный generated companion отсутствует в metadata.code.
ERROR [jazz] tmp/release-stage-v0.20.6220/jazz/InventoryItem/JazzArmor_CamoKneePads.lua: Активный generated companion отсутствует в metadata.code.
ERROR [jazz] tmp/release-stage-v0.20.6220/jazz/InventoryItem/JazzArmor_Chainmail.lua: Активный generated companion отсутствует в metadata.code.
ERROR [jazz] tmp/release-stage-v0.20.6220/jazz/InventoryItem/JazzArmor_ConstructionHelmet.lua: Активный generated companion отсутствует в metadata.code.
ERROR [jazz] tmp/release-stage-v0.20.6220/jazz/InventoryItem/JazzArmor_EOD.lua: Активный generated companion отсутствует в metadata.code.
ERROR [jazz] tmp/release-stage-v0.20.6220/jazz/InventoryItem/JazzArmor_ESS.lua: Активный generated companion отсутствует в metadata.code.
ERROR [jazz] tmp/release-stage-v0.20.6220/jazz/InventoryItem/JazzArmor_FlakM1955.lua: Активный generated companion отсутствует в metadata.code.
ERROR [jazz] tmp/release-stage-v0.20.6220/jazz/InventoryItem/JazzArmor_FlakM69.lua: Активный generated companion отсутствует в metadata.code.
ERROR [jazz] tmp/release-stage-v0.20.6220/jazz/InventoryItem/JazzArmor_GuardianFull.lua: Активный generated companion отсутствует в metadata.code.
ERROR [jazz] tmp/release-stage-v0.20.6220/jazz/InventoryItem/JazzArmor_GuardianHeavyLegs.lua: Активный generated companion отсутствует в metadata.code.
ERROR [jazz] tmp/release-stage-v0.20.6220/jazz/InventoryItem/JazzArmor_GuardianHelm.lua: Активный generated companion отсутствует в metadata.code.
ERROR [jazz] tmp/release-stage-v0.20.6220/jazz/InventoryItem/JazzArmor_GuardianHelmHeavy.lua: Активный generated companion отсутствует в metadata.code.
ERROR [jazz] tmp/release-stage-v0.20.6220/jazz/InventoryItem/JazzArmor_GuardianLegs.lua: Активный generated companion отсутствует в metadata.code.
ERROR [jazz] tmp/release-stage-v0.20.6220/jazz/InventoryItem/JazzArmor_GuardianLight.lua: Активный generated companion отсутствует в metadata.code.
ERROR [jazz] tmp/release-stage-v0.20.6220/jazz/InventoryItem/JazzArmor_GuardianMedium.lua: Активный generated companion отсутствует в metadata.code.
ERROR [jazz] tmp/release-stage-v0.20.6220/jazz/InventoryItem/JazzArmor_IBA.lua: Активный generated companion отсутствует в metadata.code.
ERROR [jazz] tmp/release-stage-v0.20.6220/jazz/InventoryItem/JazzArmor_IBAFull.lua: Активный generated companion отсутствует в metadata.code.
ERROR [jazz] tmp/release-stage-v0.20.6220/jazz/InventoryItem/JazzArmor_IBALight.lua: Активный generated companion отсутствует в metadata.code.
ERROR [jazz] tmp/release-stage-v0.20.6220/jazz/InventoryItem/JazzArmor_ImprovisedCuirass.lua: Активный generated companion отсутствует в metadata.code.
ERROR [jazz] tmp/release-stage-v0.20.6220/jazz/InventoryItem/JazzArmor_LeatherArmor.lua: Активный generated companion отсутствует в metadata.code.
ERROR [jazz] tmp/release-stage-v0.20.6220/jazz/InventoryItem/JazzArmor_LeatherJacketBlk.lua: Активный generated companion отсутствует в metadata.code.
ERROR [jazz] tmp/release-stage-v0.20.6220/jazz/InventoryItem/JazzArmor_LeatherJacketBrn.lua: Активный generated companion отсутствует в metadata.code.
ERROR [jazz] tmp/release-stage-v0.20.6220/jazz/InventoryItem/JazzArmor_LeatherPants.lua: Активный generated companion отсутствует в metadata.code.
ERROR [jazz] tmp/release-stage-v0.20.6220/jazz/InventoryItem/JazzArmor_LeatherVest.lua: Активный generated companion отсутствует в metadata.code.
ERROR [jazz] tmp/release-stage-v0.20.6220/jazz/InventoryItem/JazzArmor_M1Helm.lua: Активный generated companion отсутствует в metadata.code.
ERROR [jazz] tmp/release-stage-v0.20.6220/jazz/InventoryItem/JazzArmor_MetalHelm.lua: Активный generated companion отсутствует в metadata.code.
ERROR [jazz] tmp/release-stage-v0.20.6220/jazz/InventoryItem/JazzArmor_Mich2000.lua: Активный generated companion отсутствует в metadata.code.
ERROR [jazz] tmp/release-stage-v0.20.6220/jazz/InventoryItem/JazzArmor_Mich2001.lua: Активный generated companion отсутствует в metadata.code.
ERROR [jazz] tmp/release-stage-v0.20.6220/jazz/InventoryItem/JazzArmor_MotoKneePads.lua: Активный generated companion отсутствует в metadata.code.
ERROR [jazz] tmp/release-stage-v0.20.6220/jazz/InventoryItem/JazzArmor_NVG1.lua: Активный generated companion отсутствует в metadata.code.
ERROR [jazz] tmp/release-stage-v0.20.6220/jazz/InventoryItem/JazzArmor_NVG2.lua: Активный generated companion отсутствует в metadata.code.
ERROR [jazz] tmp/release-stage-v0.20.6220/jazz/InventoryItem/JazzArmor_NVG3.lua: Активный generated companion отсутствует в metadata.code.
ERROR [jazz] tmp/release-stage-v0.20.6220/jazz/InventoryItem/JazzArmor_PASGT.lua: Активный generated companion отсутствует в metadata.code.
ERROR [jazz] tmp/release-stage-v0.20.6220/jazz/InventoryItem/JazzArmor_PASGTHelm.lua: Активный generated companion отсутствует в metadata.code.
ERROR [jazz] tmp/release-stage-v0.20.6220/jazz/InventoryItem/JazzArmor_PoliceVest.lua: Активный generated companion отсутствует в metadata.code.
ERROR [jazz] tmp/release-stage-v0.20.6220/jazz/InventoryItem/JazzArmor_ProTecHelm.lua: Активный generated companion отсутствует в metadata.code.
ERROR [jazz] tmp/release-stage-v0.20.6220/jazz/InventoryItem/JazzArmor_RaiderKneePads.lua: Активный generated companion отсутствует в metadata.code.
ERROR [jazz] tmp/release-stage-v0.20.6220/jazz/InventoryItem/JazzArmor_RaiderMetalLeggins.lua: Активный generated companion отсутствует в metadata.code.
ERROR [jazz] tmp/release-stage-v0.20.6220/jazz/InventoryItem/JazzArmor_RBA.lua: Активный generated companion отсутствует в metadata.code.
ERROR [jazz] tmp/release-stage-v0.20.6220/jazz/InventoryItem/JazzArmor_SovietAssaultArmor.lua: Активный generated companion отсутствует в metadata.code.
ERROR [jazz] tmp/release-stage-v0.20.6220/jazz/InventoryItem/JazzArmor_SovietHelm.lua: Активный generated companion отсутствует в metadata.code.
ERROR [jazz] tmp/release-stage-v0.20.6220/jazz/InventoryItem/JazzArmor_Spectra.lua: Активный generated companion отсутствует в metadata.code.
ERROR [jazz] tmp/release-stage-v0.20.6220/jazz/InventoryItem/JazzArmor_SpectraCompositum.lua: Активный generated companion отсутствует в metadata.code.
ERROR [jazz] tmp/release-stage-v0.20.6220/jazz/InventoryItem/JazzArmor_SpectraFull.lua: Активный generated companion отсутствует в metadata.code.
ERROR [jazz] tmp/release-stage-v0.20.6220/jazz/InventoryItem/JazzArmor_SpectraFullCompositum.lua: Активный generated companion отсутствует в metadata.code.
ERROR [jazz] tmp/release-stage-v0.20.6220/jazz/InventoryItem/JazzArmor_SpectraHelm.lua: Активный generated companion отсутствует в metadata.code.
ERROR [jazz] tmp/release-stage-v0.20.6220/jazz/InventoryItem/JazzArmor_SpectraLegs.lua: Активный generated companion отсутствует в metadata.code.
ERROR [jazz] tmp/release-stage-v0.20.6220/jazz/InventoryItem/JazzArmor_Stahlhelm.lua: Активный generated companion отсутствует в metadata.code.
ERROR [jazz] tmp/release-stage-v0.20.6220/jazz/InventoryItem/JazzArmor_STSHHelm.lua: Активный generated companion отсутствует в metadata.code.
ERROR [jazz] tmp/release-stage-v0.20.6220/jazz/InventoryItem/JazzArmor_Sunglasses.lua: Активный generated companion отсутствует в metadata.code.
ERROR [jazz] tmp/release-stage-v0.20.6220/jazz/InventoryItem/JazzArmor_SWAT.lua: Активный generated companion отсутствует в metadata.code.
ERROR [jazz] tmp/release-stage-v0.20.6220/jazz/InventoryItem/JazzArmor_SwatPads.lua: Активный generated companion отсутствует в metadata.code.
ERROR [jazz] tmp/release-stage-v0.20.6220/jazz/InventoryItem/JazzArmor_TireArmor.lua: Активный generated companion отсутствует в metadata.code.
ERROR [jazz] tmp/release-stage-v0.20.6220/jazz/InventoryItem/JazzArmor_TireBrigantine.lua: Активный generated companion отсутствует в metadata.code.
ERROR [jazz] tmp/release-stage-v0.20.6220/jazz/InventoryItem/JazzArmor_TwaronFull.lua: Активный generated companion отсутствует в metadata.code.
ERROR [jazz] tmp/release-stage-v0.20.6220/jazz/InventoryItem/JazzArmor_TwaronHeavyLegs.lua: Активный generated companion отсутствует в metadata.code.
ERROR [jazz] tmp/release-stage-v0.20.6220/jazz/InventoryItem/JazzArmor_TwaronHelm.lua: Активный generated companion отсутствует в metadata.code.
ERROR [jazz] tmp/release-stage-v0.20.6220/jazz/InventoryItem/JazzArmor_TwaronHelmHeavy.lua: Активный generated companion отсутствует в metadata.code.
ERROR [jazz] tmp/release-stage-v0.20.6220/jazz/InventoryItem/JazzArmor_TwaronLegs.lua: Активный generated companion отсутствует в metadata.code.
ERROR [jazz] tmp/release-stage-v0.20.6220/jazz/InventoryItem/JazzArmor_TwaronLight.lua: Активный generated companion отсутствует в metadata.code.
ERROR [jazz] tmp/release-stage-v0.20.6220/jazz/InventoryItem/JazzArmor_TwaronMedium.lua: Активный generated companion отсутствует в metadata.code.
ERROR [jazz] tmp/release-stage-v0.20.6220/jazz/InventoryItem/JazzArmor_UHMWPE.lua: Активный generated companion отсутствует в metadata.code.
ERROR [jazz] tmp/release-stage-v0.20.6220/jazz/InventoryItem/JazzArmor_UHMWPEFull.lua: Активный generated companion отсутствует в metadata.code.
ERROR [jazz] tmp/release-stage-v0.20.6220/jazz/InventoryItem/JazzArmor_UHMWPEHelm.lua: Активный generated companion отсутствует в metadata.code.
ERROR [jazz] tmp/release-stage-v0.20.6220/jazz/InventoryItem/JazzArmor_UHMWPELegs.lua: Активный generated companion отсутствует в metadata.code.
ERROR [jazz] tmp/release-stage-v0.20.6220/jazz/InventoryItem/JazzArmor_Uniform.lua: Активный generated companion отсутствует в metadata.code.
ERROR [jazz] tmp/release-stage-v0.20.6220/jazz/InventoryItem/JazzArmor_UniformCap.lua: Активный generated companion отсутствует в metadata.code.
ERROR [jazz] tmp/release-stage-v0.20.6220/jazz/InventoryItem/JazzArmor_UniformPants.lua: Активный generated companion отсутствует в metadata.code.
ERROR [jazz] tmp/release-stage-v0.20.6220/jazz/InventoryItem/JazzArmor_WieldingHelm.lua: Активный generated companion отсутствует в metadata.code.
ERROR [jazz] tmp/release-stage-v0.20.6220/jazz/InventoryItem/JazzArmor_ZylonFull.lua: Активный generated companion отсутствует в metadata.code.
ERROR [jazz] tmp/release-stage-v0.20.6220/jazz/InventoryItem/JazzArmor_ZylonHeavyLegs.lua: Активный generated companion отсутствует в metadata.code.
ERROR [jazz] tmp/release-stage-v0.20.6220/jazz/InventoryItem/JazzArmor_ZylonHelm.lua: Активный generated companion отсутствует в metadata.code.
ERROR [jazz] tmp/release-stage-v0.20.6220/jazz/InventoryItem/JazzArmor_ZylonHelmHeavy.lua: Активный generated companion отсутствует в metadata.code.
ERROR [jazz] tmp/release-stage-v0.20.6220/jazz/InventoryItem/JazzArmor_ZylonLegs.lua: Активный generated companion отсутствует в metadata.code.
ERROR [jazz] tmp/release-stage-v0.20.6220/jazz/InventoryItem/JazzArmor_ZylonLight.lua: Активный generated companion отсутствует в metadata.code.
ERROR [jazz] tmp/release-stage-v0.20.6220/jazz/InventoryItem/JazzArmor_ZylonMedium.lua: Активный generated companion отсутствует в metadata.code.
ERROR [jazz] tmp/release-stage-v0.20.6220/jazz/InventoryItem/JazzArmorPlates_Ceramics3.lua: Активный generated companion отсутствует в metadata.code.
ERROR [jazz] tmp/release-stage-v0.20.6220/jazz/InventoryItem/JazzArmorPlates_Ceramics4.lua: Активный generated companion отсутствует в metadata.code.
ERROR [jazz] tmp/release-stage-v0.20.6220/jazz/InventoryItem/JazzArmorPlates_Ceramics5.lua: Активный generated companion отсутствует в metadata.code.
ERROR [jazz] tmp/release-stage-v0.20.6220/jazz/InventoryItem/JazzArmorPlates_Kevlar.lua: Активный generated companion отсутствует в metadata.code.
ERROR [jazz] tmp/release-stage-v0.20.6220/jazz/InventoryItem/JazzArmorPlates_Scrap.lua: Активный generated companion отсутствует в metadata.code.
ERROR [jazz] tmp/release-stage-v0.20.6220/jazz/InventoryItem/JazzArmorPlates_Steel3.lua: Активный generated companion отсутствует в metadata.code.
ERROR [jazz] tmp/release-stage-v0.20.6220/jazz/InventoryItem/JazzArmorPlates_Steel4.lua: Активный generated companion отсутствует в metadata.code.
ERROR [jazz] tmp/release-stage-v0.20.6220/jazz/InventoryItem/JazzArmorPlates_Steel5.lua: Активный generated companion отсутствует в metadata.code.
ERROR [jazz] tmp/release-stage-v0.20.6220/jazz/InventoryItem/JazzArmorPlates_Titan3.lua: Активный generated companion отсутствует в metadata.code.
ERROR [jazz] tmp/release-stage-v0.20.6220/jazz/InventoryItem/JazzArmorPlates_Titan4.lua: Активный generated companion отсутствует в metadata.code.
ERROR [jazz] tmp/release-stage-v0.20.6220/jazz/InventoryItem/JazzArmorPlates_Titan5.lua: Активный generated companion отсутствует в metadata.code.
ERROR [jazz] tmp/release-stage-v0.20.6220/jazz/InventoryItem/JazzArmorPlates_Twaron.lua: Активный generated companion отсутствует в metadata.code.
ERROR [jazz] tmp/release-stage-v0.20.6220/jazz/InventoryItem/KevlarChestplate_CeramicPlates.lua: Активный generated companion отсутствует в metadata.code.
ERROR [jazz] tmp/release-stage-v0.20.6220/jazz/InventoryItem/KevlarChestplate_Kompositum.lua: Активный generated companion отсутствует в metadata.code.
ERROR [jazz] tmp/release-stage-v0.20.6220/jazz/InventoryItem/KevlarChestplate_WeavePadding.lua: Активный generated companion отсутствует в metadata.code.
ERROR [jazz] tmp/release-stage-v0.20.6220/jazz/InventoryItem/KevlarChestplate.lua: Активный generated companion отсутствует в metadata.code.
ERROR [jazz] tmp/release-stage-v0.20.6220/jazz/InventoryItem/KevlarHelmet_Kompositum.lua: Активный generated companion отсутствует в metadata.code.
ERROR [jazz] tmp/release-stage-v0.20.6220/jazz/InventoryItem/KevlarHelmet_WeavePadding.lua: Активный generated companion отсутствует в metadata.code.
ERROR [jazz] tmp/release-stage-v0.20.6220/jazz/InventoryItem/KevlarHelmet.lua: Активный generated companion отсутствует в metadata.code.
ERROR [jazz] tmp/release-stage-v0.20.6220/jazz/InventoryItem/KevlarLeggings_Kompositum.lua: Активный generated companion отсутствует в metadata.code.
ERROR [jazz] tmp/release-stage-v0.20.6220/jazz/InventoryItem/KevlarLeggings_WeavePadding.lua: Активный generated companion отсутствует в metadata.code.
ERROR [jazz] tmp/release-stage-v0.20.6220/jazz/InventoryItem/KevlarLeggings.lua: Активный generated companion отсутствует в metadata.code.
ERROR [jazz] tmp/release-stage-v0.20.6220/jazz/InventoryItem/KevlarVest_CeramicPlates.lua: Активный generated companion отсутствует в metadata.code.
ERROR [jazz] tmp/release-stage-v0.20.6220/jazz/InventoryItem/KevlarVest_Kompositum.lua: Активный generated companion отсутствует в metadata.code.
ERROR [jazz] tmp/release-stage-v0.20.6220/jazz/InventoryItem/KevlarVest_WeavePadding.lua: Активный generated companion отсутствует в metadata.code.
ERROR [jazz] tmp/release-stage-v0.20.6220/jazz/InventoryItem/KevlarVest.lua: Активный generated companion отсутствует в metadata.code.
ERROR [jazz] tmp/release-stage-v0.20.6220/jazz/InventoryItem/Kimber.lua: Активный generated companion отсутствует в metadata.code.
ERROR [jazz] tmp/release-stage-v0.20.6220/jazz/InventoryItem/Knife_Balanced.lua: Активный generated companion отсутствует в metadata.code.
ERROR [jazz] tmp/release-stage-v0.20.6220/jazz/InventoryItem/Knife_Sharpened.lua: Активный generated companion отсутствует в metadata.code.
ERROR [jazz] tmp/release-stage-v0.20.6220/jazz/InventoryItem/Knife.lua: Активный generated companion отсутствует в metadata.code.
ERROR [jazz] tmp/release-stage-v0.20.6220/jazz/InventoryItem/Korth.lua: Активный generated companion отсутствует в metadata.code.
ERROR [jazz] tmp/release-stage-v0.20.6220/jazz/InventoryItem/L42A1.lua: Активный generated companion отсутствует в metadata.code.
ERROR [jazz] tmp/release-stage-v0.20.6220/jazz/InventoryItem/LightHelmet_Kompositum.lua: Активный generated companion отсутствует в metadata.code.
ERROR [jazz] tmp/release-stage-v0.20.6220/jazz/InventoryItem/LightHelmet_WeavePadding.lua: Активный generated companion отсутствует в metadata.code.
ERROR [jazz] tmp/release-stage-v0.20.6220/jazz/InventoryItem/LightHelmet.lua: Активный generated companion отсутствует в metadata.code.
ERROR [jazz] tmp/release-stage-v0.20.6220/jazz/InventoryItem/LionRoar.lua: Активный generated companion отсутствует в metadata.code.
ERROR [jazz] tmp/release-stage-v0.20.6220/jazz/InventoryItem/Lockpick.lua: Активный generated companion отсутствует в metadata.code.
ERROR [jazz] tmp/release-stage-v0.20.6220/jazz/InventoryItem/Luger.lua: Активный generated companion отсутствует в metadata.code.
ERROR [jazz] tmp/release-stage-v0.20.6220/jazz/InventoryItem/M14SAW.lua: Активный generated companion отсутствует в metadata.code.
ERROR [jazz] tmp/release-stage-v0.20.6220/jazz/InventoryItem/M16A1.lua: Активный generated companion отсутствует в metadata.code.
ERROR [jazz] tmp/release-stage-v0.20.6220/jazz/InventoryItem/M16A2.lua: Активный generated companion отсутствует в metadata.code.
ERROR [jazz] tmp/release-stage-v0.20.6220/jazz/InventoryItem/M16A4.lua: Активный generated companion отсутствует в metadata.code.
ERROR [jazz] tmp/release-stage-v0.20.6220/jazz/InventoryItem/M1897.lua: Активный generated companion отсутствует в metadata.code.
ERROR [jazz] tmp/release-stage-v0.20.6220/jazz/InventoryItem/M1A.lua: Активный generated companion отсутствует в metadata.code.
ERROR [jazz] tmp/release-stage-v0.20.6220/jazz/InventoryItem/M1Garand.lua: Активный generated companion отсутствует в metadata.code.
ERROR [jazz] tmp/release-stage-v0.20.6220/jazz/InventoryItem/M21.lua: Активный generated companion отсутствует в metadata.code.
ERROR [jazz] tmp/release-stage-v0.20.6220/jazz/InventoryItem/M24Sniper.lua: Активный generated companion отсутствует в metadata.code.
ERROR [jazz] tmp/release-stage-v0.20.6220/jazz/InventoryItem/M2Carbine.lua: Активный generated companion отсутствует в metadata.code.
ERROR [jazz] tmp/release-stage-v0.20.6220/jazz/InventoryItem/M3GreaseGun.lua: Активный generated companion отсутствует в metadata.code.
ERROR [jazz] tmp/release-stage-v0.20.6220/jazz/InventoryItem/M41Shotgun.lua: Активный generated companion отсутствует в metadata.code.
ERROR [jazz] tmp/release-stage-v0.20.6220/jazz/InventoryItem/M45.lua: Активный generated companion отсутствует в metadata.code.
ERROR [jazz] tmp/release-stage-v0.20.6220/jazz/InventoryItem/M4A1.lua: Активный generated companion отсутствует в metadata.code.
ERROR [jazz] tmp/release-stage-v0.20.6220/jazz/InventoryItem/M4Commando.lua: Активный generated companion отсутствует в metadata.code.
ERROR [jazz] tmp/release-stage-v0.20.6220/jazz/InventoryItem/M60.lua: Активный generated companion отсутствует в metadata.code.
ERROR [jazz] tmp/release-stage-v0.20.6220/jazz/InventoryItem/M60E3.lua: Активный generated companion отсутствует в metadata.code.
ERROR [jazz] tmp/release-stage-v0.20.6220/jazz/InventoryItem/M60E4.lua: Активный generated companion отсутствует в metadata.code.
ERROR [jazz] tmp/release-stage-v0.20.6220/jazz/InventoryItem/M700.lua: Активный generated companion отсутствует в metadata.code.
ERROR [jazz] tmp/release-stage-v0.20.6220/jazz/InventoryItem/M72LAW.lua: Активный generated companion отсутствует в metadata.code.
ERROR [jazz] tmp/release-stage-v0.20.6220/jazz/InventoryItem/M79.lua: Активный generated companion отсутствует в metadata.code.
ERROR [jazz] tmp/release-stage-v0.20.6220/jazz/InventoryItem/MAC10.lua: Активный generated companion отсутствует в metadata.code.
ERROR [jazz] tmp/release-stage-v0.20.6220/jazz/InventoryItem/MAC1950.lua: Активный generated companion отсутствует в metadata.code.
ERROR [jazz] tmp/release-stage-v0.20.6220/jazz/InventoryItem/MAC2429.lua: Активный generated companion отсутствует в metadata.code.
ERROR [jazz] tmp/release-stage-v0.20.6220/jazz/InventoryItem/Machete_Balanced.lua: Активный generated companion отсутствует в metadata.code.
ERROR [jazz] tmp/release-stage-v0.20.6220/jazz/InventoryItem/Machete_Sharpened.lua: Активный generated companion отсутствует в metadata.code.
ERROR [jazz] tmp/release-stage-v0.20.6220/jazz/InventoryItem/Machete.lua: Активный generated companion отсутствует в metadata.code.
ERROR [jazz] tmp/release-stage-v0.20.6220/jazz/InventoryItem/Makarov.lua: Активный generated companion отсутствует в metadata.code.
ERROR [jazz] tmp/release-stage-v0.20.6220/jazz/InventoryItem/MAS36.lua: Активный generated companion отсутствует в metadata.code.
ERROR [jazz] tmp/release-stage-v0.20.6220/jazz/InventoryItem/MAS49.lua: Активный generated companion отсутствует в metadata.code.
ERROR [jazz] tmp/release-stage-v0.20.6220/jazz/InventoryItem/MAT49.lua: Активный generated companion отсутствует в metadata.code.
ERROR [jazz] tmp/release-stage-v0.20.6220/jazz/InventoryItem/MedicalReport.lua: Активный generated companion отсутствует в metadata.code.
ERROR [jazz] tmp/release-stage-v0.20.6220/jazz/InventoryItem/Medkit.lua: Активный generated companion отсутствует в metadata.code.
ERROR [jazz] tmp/release-stage-v0.20.6220/jazz/InventoryItem/Meds.lua: Активный generated companion отсутствует в metadata.code.
ERROR [jazz] tmp/release-stage-v0.20.6220/jazz/InventoryItem/MetaviraShot.lua: Активный generated companion отсутствует в metadata.code.
ERROR [jazz] tmp/release-stage-v0.20.6220/jazz/InventoryItem/MG42.lua: Активный generated companion отсутствует в metadata.code.
ERROR [jazz] tmp/release-stage-v0.20.6220/jazz/InventoryItem/MG58.lua: Активный generated companion отсутствует в metadata.code.
ERROR [jazz] tmp/release-stage-v0.20.6220/jazz/InventoryItem/MGL.lua: Активный generated companion отсутствует в metadata.code.
ERROR [jazz] tmp/release-stage-v0.20.6220/jazz/InventoryItem/Microchip.lua: Активный generated companion отсутствует в metadata.code.
ERROR [jazz] tmp/release-stage-v0.20.6220/jazz/InventoryItem/MicroUZI.lua: Активный generated companion отсутствует в metadata.code.
ERROR [jazz] tmp/release-stage-v0.20.6220/jazz/InventoryItem/Mini14.lua: Активный generated companion отсутствует в metadata.code.
ERROR [jazz] tmp/release-stage-v0.20.6220/jazz/InventoryItem/Molotov.lua: Активный generated companion отсутствует в metadata.code.
ERROR [jazz] tmp/release-stage-v0.20.6220/jazz/InventoryItem/MortarInventoryItem.lua: Активный generated companion отсутствует в metadata.code.
ERROR [jazz] tmp/release-stage-v0.20.6220/jazz/InventoryItem/MortarShell_Gas.lua: Активный generated companion отсутствует в metadata.code.
ERROR [jazz] tmp/release-stage-v0.20.6220/jazz/InventoryItem/MortarShell_HE.lua: Активный generated companion отсутствует в metadata.code.
ERROR [jazz] tmp/release-stage-v0.20.6220/jazz/InventoryItem/MortarShell_Smoke.lua: Активный generated companion отсутствует в metadata.code.
ERROR [jazz] tmp/release-stage-v0.20.6220/jazz/InventoryItem/Mosin.lua: Активный generated companion отсутствует в metadata.code.
ERROR [jazz] tmp/release-stage-v0.20.6220/jazz/InventoryItem/MP40.lua: Активный generated companion отсутствует в metadata.code.
ERROR [jazz] tmp/release-stage-v0.20.6220/jazz/InventoryItem/MP446VIKING.lua: Активный generated companion отсутствует в metadata.code.
ERROR [jazz] tmp/release-stage-v0.20.6220/jazz/InventoryItem/MP5.lua: Активный generated companion отсутствует в metadata.code.
ERROR [jazz] tmp/release-stage-v0.20.6220/jazz/InventoryItem/MP5A2.lua: Активный generated companion отсутствует в metadata.code.
ERROR [jazz] tmp/release-stage-v0.20.6220/jazz/InventoryItem/MP5A4.lua: Активный generated companion отсутствует в metadata.code.
ERROR [jazz] tmp/release-stage-v0.20.6220/jazz/InventoryItem/MP5K.lua: Активный generated companion отсутствует в metadata.code.
ERROR [jazz] tmp/release-stage-v0.20.6220/jazz/InventoryItem/MP5SD.lua: Активный generated companion отсутствует в metadata.code.
ERROR [jazz] tmp/release-stage-v0.20.6220/jazz/InventoryItem/MP7.lua: Активный generated companion отсутствует в metadata.code.
ERROR [jazz] tmp/release-stage-v0.20.6220/jazz/InventoryItem/MPL.lua: Активный generated companion отсутствует в metadata.code.
ERROR [jazz] tmp/release-stage-v0.20.6220/jazz/InventoryItem/MR73.lua: Активный generated companion отсутствует в metadata.code.
ERROR [jazz] tmp/release-stage-v0.20.6220/jazz/InventoryItem/NailsLeatherVest.lua: Активный generated companion отсутствует в metadata.code.
ERROR [jazz] tmp/release-stage-v0.20.6220/jazz/InventoryItem/NightVisionGoggles.lua: Активный generated companion отсутствует в metadata.code.
ERROR [jazz] tmp/release-stage-v0.20.6220/jazz/InventoryItem/OilFilter.lua: Активный generated companion отсутствует в metadata.code.
ERROR [jazz] tmp/release-stage-v0.20.6220/jazz/InventoryItem/OpticalLens.lua: Активный generated companion отсутствует в metadata.code.
ERROR [jazz] tmp/release-stage-v0.20.6220/jazz/InventoryItem/P210.lua: Активный generated companion отсутствует в metadata.code.
ERROR [jazz] tmp/release-stage-v0.20.6220/jazz/InventoryItem/P220.lua: Активный generated companion отсутствует в metadata.code.
ERROR [jazz] tmp/release-stage-v0.20.6220/jazz/InventoryItem/P226.lua: Активный generated companion отсутствует в metadata.code.
ERROR [jazz] tmp/release-stage-v0.20.6220/jazz/InventoryItem/P38.lua: Активный generated companion отсутствует в metadata.code.
ERROR [jazz] tmp/release-stage-v0.20.6220/jazz/InventoryItem/P90.lua: Активный generated companion отсутствует в metadata.code.
ERROR [jazz] tmp/release-stage-v0.20.6220/jazz/InventoryItem/PaBaggzWill.lua: Активный generated companion отсутствует в metadata.code.
ERROR [jazz] tmp/release-stage-v0.20.6220/jazz/InventoryItem/Pamphlets_LysRouge.lua: Активный generated companion отсутствует в metadata.code.
ERROR [jazz] tmp/release-stage-v0.20.6220/jazz/InventoryItem/Pamphlets.lua: Активный generated companion отсутствует в metadata.code.
ERROR [jazz] tmp/release-stage-v0.20.6220/jazz/InventoryItem/Parts.lua: Активный generated companion отсутствует в metadata.code.
ERROR [jazz] tmp/release-stage-v0.20.6220/jazz/InventoryItem/PB.lua: Активный generated companion отсутствует в metadata.code.
ERROR [jazz] tmp/release-stage-v0.20.6220/jazz/InventoryItem/Personal_Vicki_CustomTools.lua: Активный generated companion отсутствует в metadata.code.
ERROR [jazz] tmp/release-stage-v0.20.6220/jazz/InventoryItem/PETN.lua: Активный generated companion отсутствует в metadata.code.
ERROR [jazz] tmp/release-stage-v0.20.6220/jazz/InventoryItem/PierreMachete.lua: Активный generated companion отсутствует в metadata.code.
ERROR [jazz] tmp/release-stage-v0.20.6220/jazz/InventoryItem/PipeBomb.lua: Активный generated companion отсутствует в metadata.code.
ERROR [jazz] tmp/release-stage-v0.20.6220/jazz/InventoryItem/PKM.lua: Активный generated companion отсутствует в metadata.code.
ERROR [jazz] tmp/release-stage-v0.20.6220/jazz/InventoryItem/PlasmaGun_Crowbar.lua: Активный generated companion отсутствует в metadata.code.
ERROR [jazz] tmp/release-stage-v0.20.6220/jazz/InventoryItem/PostApoHelmet.lua: Активный generated companion отсутствует в metadata.code.
ERROR [jazz] tmp/release-stage-v0.20.6220/jazz/InventoryItem/PP19Bizon.lua: Активный generated companion отсутствует в metadata.code.
ERROR [jazz] tmp/release-stage-v0.20.6220/jazz/InventoryItem/PPS43.lua: Активный generated companion отсутствует в metadata.code.
ERROR [jazz] tmp/release-stage-v0.20.6220/jazz/InventoryItem/PPSH.lua: Активный generated companion отсутствует в metadata.code.
ERROR [jazz] tmp/release-stage-v0.20.6220/jazz/InventoryItem/ProximityC4.lua: Активный generated companion отсутствует в metadata.code.
ERROR [jazz] tmp/release-stage-v0.20.6220/jazz/InventoryItem/ProximityPETN.lua: Активный generated companion отсутствует в metadata.code.
ERROR [jazz] tmp/release-stage-v0.20.6220/jazz/InventoryItem/ProximityTNT.lua: Активный generated companion отсутствует в metadata.code.
ERROR [jazz] tmp/release-stage-v0.20.6220/jazz/InventoryItem/PSG1.lua: Активный generated companion отсутствует в metadata.code.
ERROR [jazz] tmp/release-stage-v0.20.6220/jazz/InventoryItem/R870.lua: Активный generated companion отсутствует в metadata.code.
ERROR [jazz] tmp/release-stage-v0.20.6220/jazz/InventoryItem/Reanimationsset.lua: Активный generated companion отсутствует в metadata.code.
ERROR [jazz] tmp/release-stage-v0.20.6220/jazz/InventoryItem/RemoteC4.lua: Активный generated companion отсутствует в metadata.code.
ERROR [jazz] tmp/release-stage-v0.20.6220/jazz/InventoryItem/RemotePETN.lua: Активный generated companion отсутствует в metadata.code.
ERROR [jazz] tmp/release-stage-v0.20.6220/jazz/InventoryItem/RemoteTNT.lua: Активный generated companion отсутствует в metadata.code.
ERROR [jazz] tmp/release-stage-v0.20.6220/jazz/InventoryItem/RPD.lua: Активный generated companion отсутствует в metadata.code.
ERROR [jazz] tmp/release-stage-v0.20.6220/jazz/InventoryItem/RPG7.lua: Активный generated companion отсутствует в metadata.code.
ERROR [jazz] tmp/release-stage-v0.20.6220/jazz/InventoryItem/RPK.lua: Активный generated companion отсутствует в metadata.code.
ERROR [jazz] tmp/release-stage-v0.20.6220/jazz/InventoryItem/RPK74.lua: Активный generated companion отсутствует в metadata.code.
ERROR [jazz] tmp/release-stage-v0.20.6220/jazz/InventoryItem/RSH12.lua: Активный generated companion отсутствует в metadata.code.
ERROR [jazz] tmp/release-stage-v0.20.6220/jazz/InventoryItem/Scorpion.lua: Активный generated companion отсутствует в metadata.code.
ERROR [jazz] tmp/release-stage-v0.20.6220/jazz/InventoryItem/ScoutSniper.lua: Активный generated companion отсутствует в metadata.code.
ERROR [jazz] tmp/release-stage-v0.20.6220/jazz/InventoryItem/ShamanHelmet.lua: Активный generated companion отсутствует в metadata.code.
ERROR [jazz] tmp/release-stage-v0.20.6220/jazz/InventoryItem/ShamanLeggings.lua: Активный generated companion отсутствует в metadata.code.
ERROR [jazz] tmp/release-stage-v0.20.6220/jazz/InventoryItem/ShamanTorso.lua: Активный generated companion отсутствует в metadata.code.
ERROR [jazz] tmp/release-stage-v0.20.6220/jazz/InventoryItem/ShapedCharge.lua: Активный generated companion отсутствует в metadata.code.
ERROR [jazz] tmp/release-stage-v0.20.6220/jazz/InventoryItem/Sig550.lua: Активный generated companion отсутствует в metadata.code.
ERROR [jazz] tmp/release-stage-v0.20.6220/jazz/InventoryItem/Sig550Custom.lua: Активный generated companion отсутствует в metadata.code.
ERROR [jazz] tmp/release-stage-v0.20.6220/jazz/InventoryItem/Sig552.lua: Активный generated companion отсутствует в metadata.code.
ERROR [jazz] tmp/release-stage-v0.20.6220/jazz/InventoryItem/Sig552SWAT.lua: Активный generated companion отсутствует в metadata.code.
ERROR [jazz] tmp/release-stage-v0.20.6220/jazz/InventoryItem/SkillMag_Agility.lua: Активный generated companion отсутствует в metadata.code.
ERROR [jazz] tmp/release-stage-v0.20.6220/jazz/InventoryItem/SkillMag_Dexterity.lua: Активный generated companion отсутствует в metadata.code.
ERROR [jazz] tmp/release-stage-v0.20.6220/jazz/InventoryItem/SkillMag_Explosives.lua: Активный generated companion отсутствует в metadata.code.
ERROR [jazz] tmp/release-stage-v0.20.6220/jazz/InventoryItem/SkillMag_Health.lua: Активный generated companion отсутствует в metadata.code.
ERROR [jazz] tmp/release-stage-v0.20.6220/jazz/InventoryItem/SkillMag_Leadership.lua: Активный generated companion отсутствует в metadata.code.
ERROR [jazz] tmp/release-stage-v0.20.6220/jazz/InventoryItem/SkillMag_Marksmanship.lua: Активный generated companion отсутствует в metadata.code.
ERROR [jazz] tmp/release-stage-v0.20.6220/jazz/InventoryItem/SkillMag_Mechanical.lua: Активный generated companion отсутствует в metadata.code.
ERROR [jazz] tmp/release-stage-v0.20.6220/jazz/InventoryItem/SkillMag_Medical.lua: Активный generated companion отсутствует в metadata.code.
ERROR [jazz] tmp/release-stage-v0.20.6220/jazz/InventoryItem/SkillMag_Strength.lua: Активный generated companion отсутствует в metadata.code.
ERROR [jazz] tmp/release-stage-v0.20.6220/jazz/InventoryItem/SkillMag_Wisdom.lua: Активный generated companion отсутствует в metadata.code.
ERROR [jazz] tmp/release-stage-v0.20.6220/jazz/InventoryItem/SKS.lua: Активный generated companion отсутствует в metadata.code.
ERROR [jazz] tmp/release-stage-v0.20.6220/jazz/InventoryItem/SmokeGrenade.lua: Активный generated companion отсутствует в metadata.code.
ERROR [jazz] tmp/release-stage-v0.20.6220/jazz/InventoryItem/SPAS12.lua: Активный generated companion отсутствует в metadata.code.
ERROR [jazz] tmp/release-stage-v0.20.6220/jazz/InventoryItem/SpectreM4.lua: Активный generated companion отсутствует в metadata.code.
ERROR [jazz] tmp/release-stage-v0.20.6220/jazz/InventoryItem/Springfield.lua: Активный generated companion отсутствует в metadata.code.
ERROR [jazz] tmp/release-stage-v0.20.6220/jazz/InventoryItem/SR3M.lua: Активный generated companion отсутствует в metadata.code.
ERROR [jazz] tmp/release-stage-v0.20.6220/jazz/InventoryItem/Sterling.lua: Активный generated companion отсутствует в metadata.code.
ERROR [jazz] tmp/release-stage-v0.20.6220/jazz/InventoryItem/STG44.lua: Активный generated companion отсутствует в metadata.code.
ERROR [jazz] tmp/release-stage-v0.20.6220/jazz/InventoryItem/Stoeger.lua: Активный generated companion отсутствует в metadata.code.
ERROR [jazz] tmp/release-stage-v0.20.6220/jazz/InventoryItem/Striker.lua: Активный generated companion отсутствует в metadata.code.
ERROR [jazz] tmp/release-stage-v0.20.6220/jazz/InventoryItem/Suppressor_Rifle.lua: Активный generated companion отсутствует в metadata.code.
ERROR [jazz] tmp/release-stage-v0.20.6220/jazz/InventoryItem/Suppressor.lua: Активный generated companion отсутствует в metadata.code.
ERROR [jazz] tmp/release-stage-v0.20.6220/jazz/InventoryItem/SVT40.lua: Активный generated companion отсутствует в metadata.code.
ERROR [jazz] tmp/release-stage-v0.20.6220/jazz/InventoryItem/SVU.lua: Активный generated companion отсутствует в metadata.code.
ERROR [jazz] tmp/release-stage-v0.20.6220/jazz/InventoryItem/SWModel10.lua: Активный generated companion отсутствует в metadata.code.
ERROR [jazz] tmp/release-stage-v0.20.6220/jazz/InventoryItem/SWModel19.lua: Активный generated companion отсутствует в metadata.code.
ERROR [jazz] tmp/release-stage-v0.20.6220/jazz/InventoryItem/SWModel29.lua: Активный generated companion отсутствует в metadata.code.
ERROR [jazz] tmp/release-stage-v0.20.6220/jazz/InventoryItem/SWModel52.lua: Активный generated companion отсутствует в metadata.code.
ERROR [jazz] tmp/release-stage-v0.20.6220/jazz/InventoryItem/SWModel5906.lua: Активный generated companion отсутствует в metadata.code.
ERROR [jazz] tmp/release-stage-v0.20.6220/jazz/InventoryItem/TearGasGrenade.lua: Активный generated companion отсутствует в metadata.code.
ERROR [jazz] tmp/release-stage-v0.20.6220/jazz/InventoryItem/Ted.lua: Активный generated companion отсутствует в metadata.code.
ERROR [jazz] tmp/release-stage-v0.20.6220/jazz/InventoryItem/TexRevolver.lua: Активный generated companion отсутствует в metadata.code.
ERROR [jazz] tmp/release-stage-v0.20.6220/jazz/InventoryItem/Thompson.lua: Активный generated companion отсутствует в metadata.code.
ERROR [jazz] tmp/release-stage-v0.20.6220/jazz/InventoryItem/TimedC4.lua: Активный generated companion отсутствует в metadata.code.
ERROR [jazz] tmp/release-stage-v0.20.6220/jazz/InventoryItem/TimedPETN.lua: Активный generated companion отсутствует в metadata.code.
ERROR [jazz] tmp/release-stage-v0.20.6220/jazz/InventoryItem/TimedTNT.lua: Активный generated companion отсутствует в metadata.code.
ERROR [jazz] tmp/release-stage-v0.20.6220/jazz/InventoryItem/TMP.lua: Активный generated companion отсутствует в metadata.code.
ERROR [jazz] tmp/release-stage-v0.20.6220/jazz/InventoryItem/TNT.lua: Активный generated companion отсутствует в metadata.code.
ERROR [jazz] tmp/release-stage-v0.20.6220/jazz/InventoryItem/ToxicGasGrenade.lua: Активный generated companion отсутствует в metadata.code.
ERROR [jazz] tmp/release-stage-v0.20.6220/jazz/InventoryItem/Trench_Shovel.lua: Активный generated companion отсутствует в metadata.code.
ERROR [jazz] tmp/release-stage-v0.20.6220/jazz/InventoryItem/Trophy.lua: Активный generated companion отсутствует в metadata.code.
ERROR [jazz] tmp/release-stage-v0.20.6220/jazz/InventoryItem/TT33.lua: Активный generated companion отсутствует в metadata.code.
ERROR [jazz] tmp/release-stage-v0.20.6220/jazz/InventoryItem/Type56.lua: Активный generated companion отсутствует в metadata.code.
ERROR [jazz] tmp/release-stage-v0.20.6220/jazz/InventoryItem/U100.lua: Активный generated companion отсутствует в metadata.code.
ERROR [jazz] tmp/release-stage-v0.20.6220/jazz/InventoryItem/UMP45.lua: Активный generated companion отсутствует в metadata.code.
ERROR [jazz] tmp/release-stage-v0.20.6220/jazz/InventoryItem/Unarmed.lua: Активный generated companion отсутствует в metadata.code.
ERROR [jazz] tmp/release-stage-v0.20.6220/jazz/InventoryItem/UnderslungGrenadeLauncher.lua: Активный generated companion отсутствует в metadata.code.
ERROR [jazz] tmp/release-stage-v0.20.6220/jazz/InventoryItem/US_Passport.lua: Активный generated companion отсутствует в metadata.code.
ERROR [jazz] tmp/release-stage-v0.20.6220/jazz/InventoryItem/USAS12.lua: Активный generated companion отсутствует в metadata.code.
ERROR [jazz] tmp/release-stage-v0.20.6220/jazz/InventoryItem/USP45.lua: Активный generated companion отсутствует в metadata.code.
ERROR [jazz] tmp/release-stage-v0.20.6220/jazz/InventoryItem/UZI.lua: Активный generated companion отсутствует в metadata.code.
ERROR [jazz] tmp/release-stage-v0.20.6220/jazz/InventoryItem/VectorCP1.lua: Активный generated companion отсутствует в metadata.code.
ERROR [jazz] tmp/release-stage-v0.20.6220/jazz/InventoryItem/Vest_test.lua: Активный generated companion отсутствует в metadata.code.
ERROR [jazz] tmp/release-stage-v0.20.6220/jazz/InventoryItem/VirusSample.lua: Активный generated companion отсутствует в metadata.code.
ERROR [jazz] tmp/release-stage-v0.20.6220/jazz/InventoryItem/VSS.lua: Активный generated companion отсутствует в metadata.code.
ERROR [jazz] tmp/release-stage-v0.20.6220/jazz/InventoryItem/Warhead_Frag.lua: Активный generated companion отсутствует в metadata.code.
ERROR [jazz] tmp/release-stage-v0.20.6220/jazz/InventoryItem/Webley.lua: Активный generated companion отсутствует в metadata.code.
ERROR [jazz] tmp/release-stage-v0.20.6220/jazz/InventoryItem/WeirdosMap.lua: Активный generated companion отсутствует в metadata.code.
ERROR [jazz] tmp/release-stage-v0.20.6220/jazz/InventoryItem/Welrod.lua: Активный generated companion отсутствует в metadata.code.
ERROR [jazz] tmp/release-stage-v0.20.6220/jazz/InventoryItem/Wig.lua: Активный generated companion отсутствует в metadata.code.
ERROR [jazz] tmp/release-stage-v0.20.6220/jazz/InventoryItem/Winchester_Quest.lua: Активный generated companion отсутствует в metadata.code.
ERROR [jazz] tmp/release-stage-v0.20.6220/jazz/InventoryItem/Winchester1894.lua: Активный generated companion отсутствует в metadata.code.
ERROR [jazz] tmp/release-stage-v0.20.6220/jazz/InventoryItem/Wirecutter.lua: Активный generated companion отсутствует в metadata.code.
ERROR [jazz] tmp/release-stage-v0.20.6220/jazz/InventoryItem/WorkerDiary.lua: Активный generated companion отсутствует в metadata.code.
ERROR [jazz] tmp/release-stage-v0.20.6220/jazz/InventoryItem/WriterDiary.lua: Активный generated companion отсутствует в metadata.code.
ERROR [jazz] tmp/release-stage-v0.20.6220/jazz/InventoryItem/WriterLetter.lua: Активный generated companion отсутствует в metadata.code.
ERROR [jazz] tmp/release-stage-v0.20.6220/jazz/InventoryItem/WriterPage.lua: Активный generated companion отсутствует в metadata.code.
ERROR [jazz] tmp/release-stage-v0.20.6220/jazz/InventoryItem/Zastava_M70.lua: Активный generated companion отсутствует в metadata.code.
ERROR [jazz] tmp/release-stage-v0.20.6220/jazz/InventoryItem/ZastavaM76.lua: Активный generated companion отсутствует в metadata.code.
ERROR [jazz] tmp/release-stage-v0.20.6220/jazz/InventoryItem/ZastavaM92.lua: Активный generated companion отсутствует в metadata.code.
ERROR [jazz] tmp/release-stage-v0.20.6220/jazz/InventoryItem/vanillunique/Auto5_quest.lua: Активный generated companion отсутствует в metadata.code.
ERROR [jazz] tmp/release-stage-v0.20.6220/jazz/InventoryItem/vanillunique/Galil_FlagHill.lua: Активный generated companion отсутствует в metadata.code.
ERROR [jazz] tmp/release-stage-v0.20.6220/jazz/InventoryItem/vanillunique/GoldenGun.lua: Активный generated companion отсутствует в metadata.code.
ERROR [jazz] tmp/release-stage-v0.20.6220/jazz/InventoryItem/vanillunique/LionRoar.lua: Активный generated companion отсутствует в metadata.code.
ERROR [jazz] tmp/release-stage-v0.20.6220/jazz/InventoryItem/vanillunique/TexRevolver.lua: Активный generated companion отсутствует в metadata.code.
ERROR [jazz] tmp/release-stage-v0.20.6220/jazz/InventoryItem/vanillunique/Winchester_Quest.lua: Активный generated companion отсутствует в metadata.code.
ERROR [jazz] tmp/suite-release-stage-6223/jazz/CharacterEffect/Analgesia.lua: Активный generated companion отсутствует в metadata.code.
ERROR [jazz] tmp/suite-release-stage-6223/jazz/CharacterEffect/Armsshot.lua: Активный generated companion отсутствует в metadata.code.
ERROR [jazz] tmp/suite-release-stage-6223/jazz/CharacterEffect/AutoWeapons.lua: Активный generated companion отсутствует в metadata.code.
ERROR [jazz] tmp/suite-release-stage-6223/jazz/CharacterEffect/BandageInCombat.lua: Активный generated companion отсутствует в metadata.code.
ERROR [jazz] tmp/suite-release-stage-6223/jazz/CharacterEffect/BipodUnfolded.lua: Активный generated companion отсутствует в metadata.code.
ERROR [jazz] tmp/suite-release-stage-6223/jazz/CharacterEffect/Bleeding.lua: Активный generated companion отсутствует в metadata.code.
ERROR [jazz] tmp/suite-release-stage-6223/jazz/CharacterEffect/BleedingChance.lua: Активный generated companion отсутствует в metadata.code.
ERROR [jazz] tmp/suite-release-stage-6223/jazz/CharacterEffect/BleedingHeavy.lua: Активный generated companion отсутствует в metadata.code.
ERROR [jazz] tmp/suite-release-stage-6223/jazz/CharacterEffect/BleedingMedium.lua: Активный generated companion отсутствует в metadata.code.
ERROR [jazz] tmp/suite-release-stage-6223/jazz/CharacterEffect/BleedingOut.lua: Активный generated companion отсутствует в metadata.code.
ERROR [jazz] tmp/suite-release-stage-6223/jazz/CharacterEffect/Blinded.lua: Активный generated companion отсутствует в metadata.code.
ERROR [jazz] tmp/suite-release-stage-6223/jazz/CharacterEffect/BloodLoss1.lua: Активный generated companion отсутствует в metadata.code.
ERROR [jazz] tmp/suite-release-stage-6223/jazz/CharacterEffect/BloodLoss10.lua: Активный generated companion отсутствует в metadata.code.
ERROR [jazz] tmp/suite-release-stage-6223/jazz/CharacterEffect/BloodLoss20.lua: Активный generated companion отсутствует в metadata.code.
ERROR [jazz] tmp/suite-release-stage-6223/jazz/CharacterEffect/BloodLoss30.lua: Активный generated companion отсутствует в metadata.code.
ERROR [jazz] tmp/suite-release-stage-6223/jazz/CharacterEffect/BloodLoss40.lua: Активный generated companion отсутствует в metadata.code.
ERROR [jazz] tmp/suite-release-stage-6223/jazz/CharacterEffect/BloodLoss5.lua: Активный generated companion отсутствует в metadata.code.
ERROR [jazz] tmp/suite-release-stage-6223/jazz/CharacterEffect/BloodLoss50.lua: Активный generated companion отсутствует в metadata.code.
ERROR [jazz] tmp/suite-release-stage-6223/jazz/CharacterEffect/Bond.lua: Активный generated companion отсутствует в metadata.code.
ERROR [jazz] tmp/suite-release-stage-6223/jazz/CharacterEffect/BuildingConfidence.lua: Активный generated companion отсутствует в metadata.code.
ERROR [jazz] tmp/suite-release-stage-6223/jazz/CharacterEffect/BulletHell.lua: Активный generated companion отсутствует в metadata.code.
ERROR [jazz] tmp/suite-release-stage-6223/jazz/CharacterEffect/Burning.lua: Активный generated companion отсутствует в metadata.code.
ERROR [jazz] tmp/suite-release-stage-6223/jazz/CharacterEffect/Choking.lua: Активный generated companion отсутствует в metadata.code.
ERROR [jazz] tmp/suite-release-stage-6223/jazz/CharacterEffect/Claustrophobic.lua: Активный generated companion отсутствует в metadata.code.
ERROR [jazz] tmp/suite-release-stage-6223/jazz/CharacterEffect/Concussion.lua: Активный generated companion отсутствует в metadata.code.
ERROR [jazz] tmp/suite-release-stage-6223/jazz/CharacterEffect/DamageReduction.lua: Активный generated companion отсутствует в metadata.code.
ERROR [jazz] tmp/suite-release-stage-6223/jazz/CharacterEffect/DangerClose.lua: Активный generated companion отсутствует в metadata.code.
ERROR [jazz] tmp/suite-release-stage-6223/jazz/CharacterEffect/DesignerExplosives.lua: Активный generated companion отсутствует в metadata.code.
ERROR [jazz] tmp/suite-release-stage-6223/jazz/CharacterEffect/Drunk.lua: Активный generated companion отсутствует в metadata.code.
ERROR [jazz] tmp/suite-release-stage-6223/jazz/CharacterEffect/Exhausted.lua: Активный generated companion отсутствует в metadata.code.
ERROR [jazz] tmp/suite-release-stage-6223/jazz/CharacterEffect/ExplodingPalm.lua: Активный generated companion отсутствует в metadata.code.
ERROR [jazz] tmp/suite-release-stage-6223/jazz/CharacterEffect/Fatigued.lua: Активный generated companion отсутствует в metadata.code.
ERROR [jazz] tmp/suite-release-stage-6223/jazz/CharacterEffect/Fit.lua: Активный generated companion отсутствует в metadata.code.
ERROR [jazz] tmp/suite-release-stage-6223/jazz/CharacterEffect/FreeMove.lua: Активный generated companion отсутствует в metadata.code.
ERROR [jazz] tmp/suite-release-stage-6223/jazz/CharacterEffect/GloryHog.lua: Активный generated companion отсутствует в metadata.code.
ERROR [jazz] tmp/suite-release-stage-6223/jazz/CharacterEffect/GrizzlyPerk.lua: Активный generated companion отсутствует в metadata.code.
ERROR [jazz] tmp/suite-release-stage-6223/jazz/CharacterEffect/Groinshot.lua: Активный generated companion отсутствует в metadata.code.
ERROR [jazz] tmp/suite-release-stage-6223/jazz/CharacterEffect/Grunty_AdditionalAP.lua: Активный generated companion отсутствует в metadata.code.
ERROR [jazz] tmp/suite-release-stage-6223/jazz/CharacterEffect/GruntyPerk_JAZZ.lua: Активный generated companion отсутствует в metadata.code.
ERROR [jazz] tmp/suite-release-stage-6223/jazz/CharacterEffect/GruntyPerk.lua: Активный generated companion отсутствует в metadata.code.
ERROR [jazz] tmp/suite-release-stage-6223/jazz/CharacterEffect/HaveABlast.lua: Активный generated companion отсутствует в metadata.code.
ERROR [jazz] tmp/suite-release-stage-6223/jazz/CharacterEffect/HawksEye.lua: Активный generated companion отсутствует в metadata.code.
ERROR [jazz] tmp/suite-release-stage-6223/jazz/CharacterEffect/Headshot.lua: Активный generated companion отсутствует в metadata.code.
ERROR [jazz] tmp/suite-release-stage-6223/jazz/CharacterEffect/HeavyWeaponsTraining.lua: Активный generated companion отсутствует в metadata.code.
ERROR [jazz] tmp/suite-release-stage-6223/jazz/CharacterEffect/Hemophobic.lua: Активный generated companion отсутствует в metadata.code.
ERROR [jazz] tmp/suite-release-stage-6223/jazz/CharacterEffect/Inaccurate.lua: Активный generated companion отсутствует в metadata.code.
ERROR [jazz] tmp/suite-release-stage-6223/jazz/CharacterEffect/InnerInfo_JAZZ.lua: Активный generated companion отсутствует в metadata.code.
ERROR [jazz] tmp/suite-release-stage-6223/jazz/CharacterEffect/InnerInfo.lua: Активный generated companion отсутствует в metadata.code.
ERROR [jazz] tmp/suite-release-stage-6223/jazz/CharacterEffect/Ironclad.lua: Активный generated companion отсутствует в metadata.code.
ERROR [jazz] tmp/suite-release-stage-6223/jazz/CharacterEffect/JackOfAllTrades.lua: Активный generated companion отсутствует в metadata.code.
ERROR [jazz] tmp/suite-release-stage-6223/jazz/CharacterEffect/Jazz_CombatMedicBuff.lua: Активный generated companion отсутствует в metadata.code.
ERROR [jazz] tmp/suite-release-stage-6223/jazz/CharacterEffect/Jazz_MakeThemBleedBuff.lua: Активный generated companion отсутствует в metadata.code.
ERROR [jazz] tmp/suite-release-stage-6223/jazz/CharacterEffect/Jazz_MiguelAuraDown.lua: Активный generated companion отсутствует в metadata.code.
ERROR [jazz] tmp/suite-release-stage-6223/jazz/CharacterEffect/Jazz_MiguelAuraUp.lua: Активный generated companion отсутствует в metadata.code.
ERROR [jazz] tmp/suite-release-stage-6223/jazz/CharacterEffect/Jazz_OrderAP.lua: Активный generated companion отсутствует в metadata.code.
ERROR [jazz] tmp/suite-release-stage-6223/jazz/CharacterEffect/Jazz_OrderCTH.lua: Активный generated companion отсутствует в metadata.code.
ERROR [jazz] tmp/suite-release-stage-6223/jazz/CharacterEffect/Jazz_Perk_00.lua: Активный generated companion отсутствует в metadata.code.
ERROR [jazz] tmp/suite-release-stage-6223/jazz/CharacterEffect/Jazz_Perk_Allik.lua: Активный generated companion отсутствует в metadata.code.
ERROR [jazz] tmp/suite-release-stage-6223/jazz/CharacterEffect/Jazz_Perk_Benny.lua: Активный generated companion отсутствует в metadata.code.
ERROR [jazz] tmp/suite-release-stage-6223/jazz/CharacterEffect/Jazz_Perk_Biff.lua: Активный generated companion отсутствует в metadata.code.
ERROR [jazz] tmp/suite-release-stage-6223/jazz/CharacterEffect/Jazz_Perk_Biggens.lua: Активный generated companion отсутствует в metadata.code.
ERROR [jazz] tmp/suite-release-stage-6223/jazz/CharacterEffect/Jazz_Perk_Blade.lua: Активный generated companion отсутствует в metadata.code.
ERROR [jazz] tmp/suite-release-stage-6223/jazz/CharacterEffect/Jazz_Perk_Bull.lua: Активный generated companion отсутствует в metadata.code.
ERROR [jazz] tmp/suite-release-stage-6223/jazz/CharacterEffect/Jazz_Perk_Buzz.lua: Активный generated companion отсутствует в metadata.code.
ERROR [jazz] tmp/suite-release-stage-6223/jazz/CharacterEffect/Jazz_Perk_Carlos.lua: Активный generated companion отсутствует в metadata.code.
ERROR [jazz] tmp/suite-release-stage-6223/jazz/CharacterEffect/Jazz_Perk_Colby.lua: Активный generated companion отсутствует в metadata.code.
ERROR [jazz] tmp/suite-release-stage-6223/jazz/CharacterEffect/Jazz_Perk_Conrad.lua: Активный generated companion отсутствует в metadata.code.
ERROR [jazz] tmp/suite-release-stage-6223/jazz/CharacterEffect/Jazz_Perk_Cord.lua: Активный generated companion отсутствует в metadata.code.
ERROR [jazz] tmp/suite-release-stage-6223/jazz/CharacterEffect/Jazz_Perk_Cougar.lua: Активный generated companion отсутствует в metadata.code.
ERROR [jazz] tmp/suite-release-stage-6223/jazz/CharacterEffect/Jazz_Perk_Devin.lua: Активный generated companion отсутствует в metadata.code.
ERROR [jazz] tmp/suite-release-stage-6223/jazz/CharacterEffect/Jazz_Perk_Dimitri.lua: Активный generated companion отсутствует в metadata.code.
ERROR [jazz] tmp/suite-release-stage-6223/jazz/CharacterEffect/Jazz_Perk_Dynamo.lua: Активный generated companion отсутствует в metadata.code.
ERROR [jazz] tmp/suite-release-stage-6223/jazz/CharacterEffect/Jazz_Perk_Eskimo.lua: Активный generated companion отсутствует в metadata.code.
ERROR [jazz] tmp/suite-release-stage-6223/jazz/CharacterEffect/Jazz_Perk_Flo.lua: Активный generated companion отсутствует в metadata.code.
ERROR [jazz] tmp/suite-release-stage-6223/jazz/CharacterEffect/Jazz_Perk_Gamos.lua: Активный generated companion отсутствует в metadata.code.
ERROR [jazz] tmp/suite-release-stage-6223/jazz/CharacterEffect/Jazz_Perk_Gaston.lua: Активный generated companion отсутствует в metadata.code.
ERROR [jazz] tmp/suite-release-stage-6223/jazz/CharacterEffect/Jazz_Perk_Grace.lua: Активный generated companion отсутствует в metadata.code.
ERROR [jazz] tmp/suite-release-stage-6223/jazz/CharacterEffect/Jazz_Perk_Grom.lua: Активный generated companion отсутствует в metadata.code.
ERROR [jazz] tmp/suite-release-stage-6223/jazz/CharacterEffect/Jazz_Perk_Henning.lua: Активный generated companion отсутствует в metadata.code.
ERROR [jazz] tmp/suite-release-stage-6223/jazz/CharacterEffect/Jazz_Perk_Highball.lua: Активный generated companion отсутствует в metadata.code.
ERROR [jazz] tmp/suite-release-stage-6223/jazz/CharacterEffect/Jazz_Perk_Hitman.lua: Активный generated companion отсутствует в metadata.code.
ERROR [jazz] tmp/suite-release-stage-6223/jazz/CharacterEffect/Jazz_Perk_Hobbit.lua: Активный generated companion отсутствует в metadata.code.
ERROR [jazz] tmp/suite-release-stage-6223/jazz/CharacterEffect/Jazz_Perk_Horg.lua: Активный generated companion отсутствует в metadata.code.
ERROR [jazz] tmp/suite-release-stage-6223/jazz/CharacterEffect/Jazz_Perk_Iggy.lua: Активный generated companion отсутствует в metadata.code.
ERROR [jazz] tmp/suite-release-stage-6223/jazz/CharacterEffect/Jazz_Perk_Ira.lua: Активный generated companion отсутствует в metadata.code.
ERROR [jazz] tmp/suite-release-stage-6223/jazz/CharacterEffect/Jazz_Perk_Kulba.lua: Активный generated companion отсутствует в metadata.code.
ERROR [jazz] tmp/suite-release-stage-6223/jazz/CharacterEffect/Jazz_Perk_Laura.lua: Активный generated companion отсутствует в metadata.code.
ERROR [jazz] tmp/suite-release-stage-6223/jazz/CharacterEffect/Jazz_Perk_Lucky.lua: Активный generated companion отсутствует в metadata.code.
ERROR [jazz] tmp/suite-release-stage-6223/jazz/CharacterEffect/Jazz_Perk_Lynx.lua: Активный generated companion отсутствует в metadata.code.
ERROR [jazz] tmp/suite-release-stage-6223/jazz/CharacterEffect/Jazz_Perk_Madman.lua: Активный generated companion отсутствует в metadata.code.
ERROR [jazz] tmp/suite-release-stage-6223/jazz/CharacterEffect/Jazz_Perk_Manuel.lua: Активный generated companion отсутствует в metadata.code.
ERROR [jazz] tmp/suite-release-stage-6223/jazz/CharacterEffect/Jazz_Perk_Meat.lua: Активный generated companion отсутствует в metadata.code.
ERROR [jazz] tmp/suite-release-stage-6223/jazz/CharacterEffect/Jazz_Perk_Miguel.lua: Активный generated companion отсутствует в metadata.code.
ERROR [jazz] tmp/suite-release-stage-6223/jazz/CharacterEffect/Jazz_Perk_Mike.lua: Активный generated companion отсутствует в metadata.code.
ERROR [jazz] tmp/suite-release-stage-6223/jazz/CharacterEffect/Jazz_Perk_Mimicry.lua: Активный generated companion отсутствует в metadata.code.
ERROR [jazz] tmp/suite-release-stage-6223/jazz/CharacterEffect/Jazz_Perk_Monk.lua: Активный generated companion отсутствует в metadata.code.
ERROR [jazz] tmp/suite-release-stage-6223/jazz/CharacterEffect/Jazz_Perk_Nervous.lua: Активный generated companion отсутствует в metadata.code.
ERROR [jazz] tmp/suite-release-stage-6223/jazz/CharacterEffect/Jazz_Perk_OfficerAura.lua: Активный generated companion отсутствует в metadata.code.
ERROR [jazz] tmp/suite-release-stage-6223/jazz/CharacterEffect/Jazz_Perk_OfficerAuraInfluence.lua: Активный generated companion отсутствует в metadata.code.
ERROR [jazz] tmp/suite-release-stage-6223/jazz/CharacterEffect/Jazz_Perk_Quinten.lua: Активный generated companion отсутствует в metadata.code.
ERROR [jazz] tmp/suite-release-stage-6223/jazz/CharacterEffect/Jazz_Perk_Ricochet.lua: Активный generated companion отсутствует в metadata.code.
ERROR [jazz] tmp/suite-release-stage-6223/jazz/CharacterEffect/Jazz_Perk_Rothman.lua: Активный generated companion отсутствует в metadata.code.
ERROR [jazz] tmp/suite-release-stage-6223/jazz/CharacterEffect/Jazz_Perk_Shank.lua: Активный generated companion отсутствует в metadata.code.
ERROR [jazz] tmp/suite-release-stage-6223/jazz/CharacterEffect/Jazz_Perk_Simon.lua: Активный generated companion отсутствует в metadata.code.
ERROR [jazz] tmp/suite-release-stage-6223/jazz/CharacterEffect/Jazz_Perk_Sniper.lua: Активный generated companion отсутствует в metadata.code.
ERROR [jazz] tmp/suite-release-stage-6223/jazz/CharacterEffect/Jazz_Perk_Spider.lua: Активный generated companion отсутствует в metadata.code.
ERROR [jazz] tmp/suite-release-stage-6223/jazz/CharacterEffect/Jazz_Perk_Static.lua: Активный generated companion отсутствует в metadata.code.
ERROR [jazz] tmp/suite-release-stage-6223/jazz/CharacterEffect/Jazz_Perk_Steiger.lua: Активный generated companion отсутствует в metadata.code.
ERROR [jazz] tmp/suite-release-stage-6223/jazz/CharacterEffect/Jazz_Perk_Veteran.lua: Активный generated companion отсутствует в metadata.code.
ERROR [jazz] tmp/suite-release-stage-6223/jazz/CharacterEffect/Jazz_Perk_Vicious.lua: Активный generated companion отсутствует в metadata.code.
ERROR [jazz] tmp/suite-release-stage-6223/jazz/CharacterEffect/Jazz_Perk_Vilde.lua: Активный generated companion отсутствует в metadata.code.
ERROR [jazz] tmp/suite-release-stage-6223/jazz/CharacterEffect/Jazz_Perk_Vince.lua: Активный generated companion отсутствует в metadata.code.
ERROR [jazz] tmp/suite-release-stage-6223/jazz/CharacterEffect/KillingWind.lua: Активный generated companion отсутствует в metadata.code.
ERROR [jazz] tmp/suite-release-stage-6223/jazz/CharacterEffect/Legsshot.lua: Активный generated companion отсутствует в metadata.code.
ERROR [jazz] tmp/suite-release-stage-6223/jazz/CharacterEffect/Loner.lua: Активный generated companion отсутствует в metadata.code.
ERROR [jazz] tmp/suite-release-stage-6223/jazz/CharacterEffect/MakeThemBleed.lua: Активный generated companion отсутствует в metadata.code.
ERROR [jazz] tmp/suite-release-stage-6223/jazz/CharacterEffect/MarkedTraccers.lua: Активный generated companion отсутствует в metadata.code.
ERROR [jazz] tmp/suite-release-stage-6223/jazz/CharacterEffect/NaturalHealing.lua: Активный generated companion отсутствует в metadata.code.
ERROR [jazz] tmp/suite-release-stage-6223/jazz/CharacterEffect/Nazdarovya.lua: Активный generated companion отсутствует в metadata.code.
ERROR [jazz] tmp/suite-release-stage-6223/jazz/CharacterEffect/Negotiator.lua: Активный generated companion отсутствует в metadata.code.
ERROR [jazz] tmp/suite-release-stage-6223/jazz/CharacterEffect/Optimist.lua: Активный generated companion отсутствует в metadata.code.
ERROR [jazz] tmp/suite-release-stage-6223/jazz/CharacterEffect/Pain.lua: Активный generated companion отсутствует в metadata.code.
ERROR [jazz] tmp/suite-release-stage-6223/jazz/CharacterEffect/Pessimist.lua: Активный generated companion отсутствует в metadata.code.
ERROR [jazz] tmp/suite-release-stage-6223/jazz/CharacterEffect/Psycho.lua: Активный generated companion отсутствует в metadata.code.
ERROR [jazz] tmp/suite-release-stage-6223/jazz/CharacterEffect/RecklessAssault.lua: Активный generated companion отсутствует в metadata.code.
ERROR [jazz] tmp/suite-release-stage-6223/jazz/CharacterEffect/Scoundrel.lua: Активный generated companion отсутствует в metadata.code.
ERROR [jazz] tmp/suite-release-stage-6223/jazz/CharacterEffect/Slowed.lua: Активный generated companion отсутствует в metadata.code.
ERROR [jazz] tmp/suite-release-stage-6223/jazz/CharacterEffect/Spiritual.lua: Активный generated companion отсутствует в metadata.code.
ERROR [jazz] tmp/suite-release-stage-6223/jazz/CharacterEffect/SteadyBreathing.lua: Активный generated companion отсутствует в metadata.code.
ERROR [jazz] tmp/suite-release-stage-6223/jazz/CharacterEffect/Stealthy.lua: Активный generated companion отсутствует в metadata.code.
ERROR [jazz] tmp/suite-release-stage-6223/jazz/CharacterEffect/SteroidPunch.lua: Активный generated companion отсутствует в metadata.code.
ERROR [jazz] tmp/suite-release-stage-6223/jazz/CharacterEffect/suppressionHeavy.lua: Активный generated companion отсутствует в metadata.code.
ERROR [jazz] tmp/suite-release-stage-6223/jazz/CharacterEffect/suppressionHeavy2.lua: Активный generated companion отсутствует в metadata.code.
ERROR [jazz] tmp/suite-release-stage-6223/jazz/CharacterEffect/suppressionLight.lua: Активный generated companion отсутствует в metadata.code.
ERROR [jazz] tmp/suite-release-stage-6223/jazz/CharacterEffect/suppressionMedium.lua: Активный generated companion отсутствует в metadata.code.
ERROR [jazz] tmp/suite-release-stage-6223/jazz/CharacterEffect/suppressionPinned.lua: Активный generated companion отсутствует в metadata.code.
ERROR [jazz] tmp/suite-release-stage-6223/jazz/CharacterEffect/SuppressStunGrenade.lua: Активный generated companion отсутствует в metadata.code.
ERROR [jazz] tmp/suite-release-stage-6223/jazz/CharacterEffect/TakeAim.lua: Активный generated companion отсутствует в metadata.code.
ERROR [jazz] tmp/suite-release-stage-6223/jazz/CharacterEffect/Tired.lua: Активный generated companion отсутствует в metadata.code.
ERROR [jazz] tmp/suite-release-stage-6223/jazz/CharacterEffect/Torsoshot.lua: Активный generated companion отсутствует в metadata.code.
ERROR [jazz] tmp/suite-release-stage-6223/jazz/CharacterEffect/TraumaArmsHeavy.lua: Активный generated companion отсутствует в metadata.code.
ERROR [jazz] tmp/suite-release-stage-6223/jazz/CharacterEffect/TraumaArmsLight.lua: Активный generated companion отсутствует в metadata.code.
ERROR [jazz] tmp/suite-release-stage-6223/jazz/CharacterEffect/TraumaArmsMedium.lua: Активный generated companion отсутствует в metadata.code.
ERROR [jazz] tmp/suite-release-stage-6223/jazz/CharacterEffect/TraumaBurnHeavy.lua: Активный generated companion отсутствует в metadata.code.
ERROR [jazz] tmp/suite-release-stage-6223/jazz/CharacterEffect/TraumaBurnLight.lua: Активный generated companion отсутствует в metadata.code.
ERROR [jazz] tmp/suite-release-stage-6223/jazz/CharacterEffect/TraumaBurnMedium.lua: Активный generated companion отсутствует в metadata.code.
ERROR [jazz] tmp/suite-release-stage-6223/jazz/CharacterEffect/TraumaHeadHeavy.lua: Активный generated companion отсутствует в metadata.code.
ERROR [jazz] tmp/suite-release-stage-6223/jazz/CharacterEffect/TraumaHeadLight.lua: Активный generated companion отсутствует в metadata.code.
ERROR [jazz] tmp/suite-release-stage-6223/jazz/CharacterEffect/TraumaHeadMedium.lua: Активный generated companion отсутствует в metadata.code.
ERROR [jazz] tmp/suite-release-stage-6223/jazz/CharacterEffect/TraumaLegsHeavy.lua: Активный generated companion отсутствует в metadata.code.
ERROR [jazz] tmp/suite-release-stage-6223/jazz/CharacterEffect/TraumaLegsLight.lua: Активный generated companion отсутствует в metadata.code.
ERROR [jazz] tmp/suite-release-stage-6223/jazz/CharacterEffect/TraumaLegsMedium.lua: Активный generated companion отсутствует в metadata.code.
ERROR [jazz] tmp/suite-release-stage-6223/jazz/CharacterEffect/TraumaRibsHeavy.lua: Активный generated companion отсутствует в metadata.code.
ERROR [jazz] tmp/suite-release-stage-6223/jazz/CharacterEffect/TraumaRibsLight.lua: Активный generated companion отсутствует в metadata.code.
ERROR [jazz] tmp/suite-release-stage-6223/jazz/CharacterEffect/TraumaRibsMedium.lua: Активный generated companion отсутствует в metadata.code.
ERROR [jazz] tmp/suite-release-stage-6223/jazz/CharacterEffect/TrueGrit.lua: Активный generated companion отсутствует в metadata.code.
ERROR [jazz] tmp/suite-release-stage-6223/jazz/CharacterEffect/Unconscious.lua: Активный generated companion отсутствует в metadata.code.
ERROR [jazz] tmp/suite-release-stage-6223/jazz/CharacterEffect/Weight_1Class.lua: Активный generated companion отсутствует в metadata.code.
ERROR [jazz] tmp/suite-release-stage-6223/jazz/CharacterEffect/Weight_2Class.lua: Активный generated companion отсутствует в metadata.code.
ERROR [jazz] tmp/suite-release-stage-6223/jazz/CharacterEffect/Weight_3Class.lua: Активный generated companion отсутствует в metadata.code.
ERROR [jazz] tmp/suite-release-stage-6223/jazz/CharacterEffect/Weight_4Class.lua: Активный generated companion отсутствует в metadata.code.
ERROR [jazz] tmp/suite-release-stage-6223/jazz/CharacterEffect/Weight_5Class.lua: Активный generated companion отсутствует в metadata.code.
ERROR [jazz] tmp/suite-release-stage-6223/jazz/CharacterEffect/WellRested.lua: Активный generated companion отсутствует в metadata.code.
ERROR [jazz] tmp/suite-release-stage-6223/jazz/CharacterEffect/Winded.lua: Активный generated companion отсутствует в metadata.code.
ERROR [jazz] tmp/suite-release-stage-6223/jazz/CharacterEffect/Wounded.lua: Активный generated companion отсутствует в metadata.code.
ERROR [jazz] tmp/suite-release-stage-6223/jazz/CharacterEffect/WoundInfected.lua: Активный generated companion отсутствует в metadata.code.
ERROR [jazz] tmp/suite-release-stage-6223/jazz/CharacterEffect/Zoophobic.lua: Активный generated companion отсутствует в metadata.code.
ERROR [jazz] tmp/suite-release-stage-6223/jazz/InventoryItem/_12gauge_APSlug.lua: Активный generated companion отсутствует в metadata.code.
ERROR [jazz] tmp/suite-release-stage-6223/jazz/InventoryItem/_12gauge_Breacher.lua: Активный generated companion отсутствует в metadata.code.
ERROR [jazz] tmp/suite-release-stage-6223/jazz/InventoryItem/_12gauge_Buckshot.lua: Активный generated companion отсутствует в metadata.code.
ERROR [jazz] tmp/suite-release-stage-6223/jazz/InventoryItem/_12gauge_Flechette.lua: Активный generated companion отсутствует в metadata.code.
ERROR [jazz] tmp/suite-release-stage-6223/jazz/InventoryItem/_12gauge_Saltshot.lua: Активный generated companion отсутствует в metadata.code.
ERROR [jazz] tmp/suite-release-stage-6223/jazz/InventoryItem/_40mmFlashbangGrenade.lua: Активный generated companion отсутствует в metadata.code.
ERROR [jazz] tmp/suite-release-stage-6223/jazz/InventoryItem/_40mmFragGrenade.lua: Активный generated companion отсутствует в metadata.code.
ERROR [jazz] tmp/suite-release-stage-6223/jazz/InventoryItem/_44CAL_AP.lua: Активный generated companion отсутствует в metadata.code.
ERROR [jazz] tmp/suite-release-stage-6223/jazz/InventoryItem/_44CAL_Basic.lua: Активный generated companion отсутствует в metadata.code.
ERROR [jazz] tmp/suite-release-stage-6223/jazz/InventoryItem/_44CAL_HP.lua: Активный generated companion отсутствует в metadata.code.
ERROR [jazz] tmp/suite-release-stage-6223/jazz/InventoryItem/_44CAL_Match.lua: Активный generated companion отсутствует в metadata.code.
ERROR [jazz] tmp/suite-release-stage-6223/jazz/InventoryItem/_44CAL_Shock.lua: Активный generated companion отсутствует в metadata.code.
ERROR [jazz] tmp/suite-release-stage-6223/jazz/InventoryItem/_50BMG_Basic.lua: Активный generated companion отсутствует в metadata.code.
ERROR [jazz] tmp/suite-release-stage-6223/jazz/InventoryItem/_50BMG_HE.lua: Активный generated companion отсутствует в metadata.code.
ERROR [jazz] tmp/suite-release-stage-6223/jazz/InventoryItem/_50BMG_Incendiary.lua: Активный generated companion отсутствует в metadata.code.
ERROR [jazz] tmp/suite-release-stage-6223/jazz/InventoryItem/_50BMG_SLAP.lua: Активный generated companion отсутствует в metadata.code.
ERROR [jazz] tmp/suite-release-stage-6223/jazz/InventoryItem/_556_AP.lua: Активный generated companion отсутствует в metadata.code.
ERROR [jazz] tmp/suite-release-stage-6223/jazz/InventoryItem/_556_Basic.lua: Активный generated companion отсутствует в metadata.code.
ERROR [jazz] tmp/suite-release-stage-6223/jazz/InventoryItem/_556_HP.lua: Активный generated companion отсутствует в metadata.code.
ERROR [jazz] tmp/suite-release-stage-6223/jazz/InventoryItem/_556_Match.lua: Активный generated companion отсутствует в metadata.code.
ERROR [jazz] tmp/suite-release-stage-6223/jazz/InventoryItem/_556_Tracer.lua: Активный generated companion отсутствует в metadata.code.
ERROR [jazz] tmp/suite-release-stage-6223/jazz/InventoryItem/_762NATO_AP.lua: Активный generated companion отсутствует в metadata.code.
ERROR [jazz] tmp/suite-release-stage-6223/jazz/InventoryItem/_762NATO_Basic.lua: Активный generated companion отсутствует в metadata.code.
ERROR [jazz] tmp/suite-release-stage-6223/jazz/InventoryItem/_762NATO_HP.lua: Активный generated companion отсутствует в metadata.code.
ERROR [jazz] tmp/suite-release-stage-6223/jazz/InventoryItem/_762NATO_Match.lua: Активный generated companion отсутствует в metadata.code.
ERROR [jazz] tmp/suite-release-stage-6223/jazz/InventoryItem/_762NATO_Tracer.lua: Активный generated companion отсутствует в metadata.code.
ERROR [jazz] tmp/suite-release-stage-6223/jazz/InventoryItem/_762WP_AP.lua: Активный generated companion отсутствует в metadata.code.
ERROR [jazz] tmp/suite-release-stage-6223/jazz/InventoryItem/_762WP_Basic.lua: Активный generated companion отсутствует в metadata.code.
ERROR [jazz] tmp/suite-release-stage-6223/jazz/InventoryItem/_762WP_HP.lua: Активный generated companion отсутствует в metadata.code.
ERROR [jazz] tmp/suite-release-stage-6223/jazz/InventoryItem/_762WP_Match.lua: Активный generated companion отсутствует в metadata.code.
ERROR [jazz] tmp/suite-release-stage-6223/jazz/InventoryItem/_762WP_Subsonic.lua: Активный generated companion отсутствует в metadata.code.
ERROR [jazz] tmp/suite-release-stage-6223/jazz/InventoryItem/_762WP_Tracer.lua: Активный generated companion отсутствует в metadata.code.
ERROR [jazz] tmp/suite-release-stage-6223/jazz/InventoryItem/_9mm_AP.lua: Активный generated companion отсутствует в metadata.code.
ERROR [jazz] tmp/suite-release-stage-6223/jazz/InventoryItem/_9mm_Basic.lua: Активный generated companion отсутствует в metadata.code.
ERROR [jazz] tmp/suite-release-stage-6223/jazz/InventoryItem/_9mm_HP.lua: Активный generated companion отсутствует в metadata.code.
ERROR [jazz] tmp/suite-release-stage-6223/jazz/InventoryItem/_9mm_Match.lua: Активный generated companion отсутствует в metadata.code.
ERROR [jazz] tmp/suite-release-stage-6223/jazz/InventoryItem/_9mm_Shock.lua: Активный generated companion отсутствует в metadata.code.
ERROR [jazz] tmp/suite-release-stage-6223/jazz/InventoryItem/_9mm_Subsonic.lua: Активный generated companion отсутствует в metadata.code.
ERROR [jazz] tmp/suite-release-stage-6223/jazz/InventoryItem/_9mm_Tracer.lua: Активный generated companion отсутствует в metadata.code.
ERROR [jazz] tmp/suite-release-stage-6223/jazz/InventoryItem/AA12.lua: Активный generated companion отсутствует в metadata.code.
ERROR [jazz] tmp/suite-release-stage-6223/jazz/InventoryItem/AA52.lua: Активный generated companion отсутствует в metadata.code.
ERROR [jazz] tmp/suite-release-stage-6223/jazz/InventoryItem/Agram2000.lua: Активный generated companion отсутствует в metadata.code.
ERROR [jazz] tmp/suite-release-stage-6223/jazz/InventoryItem/AK105.lua: Активный generated companion отсутствует в metadata.code.
ERROR [jazz] tmp/suite-release-stage-6223/jazz/InventoryItem/AK47.lua: Активный generated companion отсутствует в metadata.code.
ERROR [jazz] tmp/suite-release-stage-6223/jazz/InventoryItem/AK74.lua: Активный generated companion отсутствует в metadata.code.
ERROR [jazz] tmp/suite-release-stage-6223/jazz/InventoryItem/AK74M.lua: Активный generated companion отсутствует в metadata.code.
ERROR [jazz] tmp/suite-release-stage-6223/jazz/InventoryItem/AKM.lua: Активный generated companion отсутствует в metadata.code.
ERROR [jazz] tmp/suite-release-stage-6223/jazz/InventoryItem/AKSU.lua: Активный generated companion отсутствует в metadata.code.
ERROR [jazz] tmp/suite-release-stage-6223/jazz/InventoryItem/AN94.lua: Активный generated companion отсутствует в metadata.code.
ERROR [jazz] tmp/suite-release-stage-6223/jazz/InventoryItem/APS.lua: Активный generated companion отсутствует в metadata.code.
ERROR [jazz] tmp/suite-release-stage-6223/jazz/InventoryItem/AR10.lua: Активный generated companion отсутствует в metadata.code.
ERROR [jazz] tmp/suite-release-stage-6223/jazz/InventoryItem/AR10DMR.lua: Активный generated companion отсутствует в metadata.code.
ERROR [jazz] tmp/suite-release-stage-6223/jazz/InventoryItem/AR15.lua: Активный generated companion отсутствует в metadata.code.
ERROR [jazz] tmp/suite-release-stage-6223/jazz/InventoryItem/ArcticWarfare.lua: Активный generated companion отсутствует в metadata.code.
ERROR [jazz] tmp/suite-release-stage-6223/jazz/InventoryItem/AS_Val.lua: Активный generated companion отсутствует в metadata.code.
ERROR [jazz] tmp/suite-release-stage-6223/jazz/InventoryItem/AUG.lua: Активный generated companion отсутствует в metadata.code.
ERROR [jazz] tmp/suite-release-stage-6223/jazz/InventoryItem/Auto5_quest.lua: Активный generated companion отсутствует в metadata.code.
ERROR [jazz] tmp/suite-release-stage-6223/jazz/InventoryItem/Auto5.lua: Активный generated companion отсутствует в metadata.code.
ERROR [jazz] tmp/suite-release-stage-6223/jazz/InventoryItem/AVT40.lua: Активный generated companion отсутствует в metadata.code.
ERROR [jazz] tmp/suite-release-stage-6223/jazz/InventoryItem/Backpack_test.lua: Активный generated companion отсутствует в metadata.code.
ERROR [jazz] tmp/suite-release-stage-6223/jazz/InventoryItem/BAR.lua: Активный generated companion отсутствует в metadata.code.
ERROR [jazz] tmp/suite-release-stage-6223/jazz/InventoryItem/BarretM82.lua: Активный generated companion отсутствует в metadata.code.
ERROR [jazz] tmp/suite-release-stage-6223/jazz/InventoryItem/Bayonet.lua: Активный generated companion отсутствует в metadata.code.
ERROR [jazz] tmp/suite-release-stage-6223/jazz/InventoryItem/Bereta92.lua: Активный generated companion отсутствует в metadata.code.
ERROR [jazz] tmp/suite-release-stage-6223/jazz/InventoryItem/Beretta93r.lua: Активный generated companion отсутствует в metadata.code.
ERROR [jazz] tmp/suite-release-stage-6223/jazz/InventoryItem/BerettaM12.lua: Активный generated companion отсутствует в metadata.code.
ERROR [jazz] tmp/suite-release-stage-6223/jazz/InventoryItem/BlackPowder.lua: Активный generated companion отсутствует в metadata.code.
ERROR [jazz] tmp/suite-release-stage-6223/jazz/InventoryItem/BrowningM2HMG.lua: Активный generated companion отсутствует в metadata.code.
ERROR [jazz] tmp/suite-release-stage-6223/jazz/InventoryItem/C4.lua: Активный generated companion отсутствует в metadata.code.
ERROR [jazz] tmp/suite-release-stage-6223/jazz/InventoryItem/CamoArmor_Light_Kompositum.lua: Активный generated companion отсутствует в metadata.code.
ERROR [jazz] tmp/suite-release-stage-6223/jazz/InventoryItem/CamoArmor_Light.lua: Активный generated companion отсутствует в metadata.code.
ERROR [jazz] tmp/suite-release-stage-6223/jazz/InventoryItem/CamoArmor_Medium_Kompositum.lua: Активный generated companion отсутствует в metadata.code.
ERROR [jazz] tmp/suite-release-stage-6223/jazz/InventoryItem/CamoArmor_Medium.lua: Активный generated companion отсутствует в metadata.code.
ERROR [jazz] tmp/suite-release-stage-6223/jazz/InventoryItem/CAR15.lua: Активный generated companion отсутствует в metadata.code.
ERROR [jazz] tmp/suite-release-stage-6223/jazz/InventoryItem/China_Lake.lua: Активный generated companion отсутствует в metadata.code.
ERROR [jazz] tmp/suite-release-stage-6223/jazz/InventoryItem/Coin.lua: Активный generated companion отсутствует в metadata.code.
ERROR [jazz] tmp/suite-release-stage-6223/jazz/InventoryItem/Colt1911.lua: Активный generated companion отсутствует в metadata.code.
ERROR [jazz] tmp/suite-release-stage-6223/jazz/InventoryItem/Colt38Special.lua: Активный generated companion отсутствует в metadata.code.
ERROR [jazz] tmp/suite-release-stage-6223/jazz/InventoryItem/ColtAnaconda.lua: Активный generated companion отсутствует в metadata.code.
ERROR [jazz] tmp/suite-release-stage-6223/jazz/InventoryItem/ColtM1917.lua: Активный generated companion отсутствует в metadata.code.
ERROR [jazz] tmp/suite-release-stage-6223/jazz/InventoryItem/ColtPeacemaker.lua: Активный generated companion отсутствует в metadata.code.
ERROR [jazz] tmp/suite-release-stage-6223/jazz/InventoryItem/CombatStim.lua: Активный generated companion отсутствует в metadata.code.
ERROR [jazz] tmp/suite-release-stage-6223/jazz/InventoryItem/Combination_CeramicPlates.lua: Активный generated companion отсутствует в metadata.code.
ERROR [jazz] tmp/suite-release-stage-6223/jazz/InventoryItem/Combination_Kompositum58.lua: Активный generated companion отсутствует в metadata.code.
ERROR [jazz] tmp/suite-release-stage-6223/jazz/InventoryItem/Combination_WeavePadding.lua: Активный generated companion отсутствует в metadata.code.
ERROR [jazz] tmp/suite-release-stage-6223/jazz/InventoryItem/Compensator.lua: Активный generated companion отсутствует в metadata.code.
ERROR [jazz] tmp/suite-release-stage-6223/jazz/InventoryItem/ConcussiveGrenade.lua: Активный generated companion отсутствует в metadata.code.
ERROR [jazz] tmp/suite-release-stage-6223/jazz/InventoryItem/Cookie.lua: Активный generated companion отсутствует в metadata.code.
ERROR [jazz] tmp/suite-release-stage-6223/jazz/InventoryItem/CrocodileHide.lua: Активный generated companion отсутствует в metadata.code.
ERROR [jazz] tmp/suite-release-stage-6223/jazz/InventoryItem/Crowbar.lua: Активный generated companion отсутствует в metadata.code.
ERROR [jazz] tmp/suite-release-stage-6223/jazz/InventoryItem/CustomPDA.lua: Активный generated companion отсутствует в metadata.code.
ERROR [jazz] tmp/suite-release-stage-6223/jazz/InventoryItem/CZ52.lua: Активный generated companion отсутствует в metadata.code.
ERROR [jazz] tmp/suite-release-stage-6223/jazz/InventoryItem/CZ75.lua: Активный generated companion отсутствует в metadata.code.
ERROR [jazz] tmp/suite-release-stage-6223/jazz/InventoryItem/DeLisle.lua: Активный generated companion отсутствует в metadata.code.
ERROR [jazz] tmp/suite-release-stage-6223/jazz/InventoryItem/DesertEagle.lua: Активный generated companion отсутствует в metadata.code.
ERROR [jazz] tmp/suite-release-stage-6223/jazz/InventoryItem/Diesel.lua: Активный generated companion отсутствует в metadata.code.
ERROR [jazz] tmp/suite-release-stage-6223/jazz/InventoryItem/Dollars.lua: Активный generated companion отсутствует в metadata.code.
ERROR [jazz] tmp/suite-release-stage-6223/jazz/InventoryItem/DoubleBarrelShotgun.lua: Активный generated companion отсутствует в metadata.code.
ERROR [jazz] tmp/suite-release-stage-6223/jazz/InventoryItem/DP27.lua: Активный generated companion отсутствует в metadata.code.
ERROR [jazz] tmp/suite-release-stage-6223/jazz/InventoryItem/DragunovSVD_Custom.lua: Активный generated companion отсутствует в metadata.code.
ERROR [jazz] tmp/suite-release-stage-6223/jazz/InventoryItem/DragunovSVD.lua: Активный generated companion отсутствует в metadata.code.
ERROR [jazz] tmp/suite-release-stage-6223/jazz/InventoryItem/EndlessKnives.lua: Активный generated companion отсутствует в metadata.code.
ERROR [jazz] tmp/suite-release-stage-6223/jazz/InventoryItem/FAMAS.lua: Активный generated companion отсутствует в metadata.code.
ERROR [jazz] tmp/suite-release-stage-6223/jazz/InventoryItem/FG42.lua: Активный generated companion отсутствует в metadata.code.
ERROR [jazz] tmp/suite-release-stage-6223/jazz/InventoryItem/FineSteelPipe.lua: Активный generated companion отсутствует в metadata.code.
ERROR [jazz] tmp/suite-release-stage-6223/jazz/InventoryItem/FirstAidKit.lua: Активный generated companion отсутствует в metadata.code.
ERROR [jazz] tmp/suite-release-stage-6223/jazz/InventoryItem/FiveSeven.lua: Активный generated companion отсутствует в metadata.code.
ERROR [jazz] tmp/suite-release-stage-6223/jazz/InventoryItem/FlakArmor_CeramicPlates.lua: Активный generated companion отсутствует в metadata.code.
ERROR [jazz] tmp/suite-release-stage-6223/jazz/InventoryItem/FlakArmor_Kompositum.lua: Активный generated companion отсутствует в metadata.code.
ERROR [jazz] tmp/suite-release-stage-6223/jazz/InventoryItem/FlakArmor_WeavePadding.lua: Активный generated companion отсутствует в metadata.code.
ERROR [jazz] tmp/suite-release-stage-6223/jazz/InventoryItem/FlakArmor.lua: Активный generated companion отсутствует в metadata.code.
ERROR [jazz] tmp/suite-release-stage-6223/jazz/InventoryItem/FlakLeggings_Kompositum.lua: Активный generated companion отсутствует в metadata.code.
ERROR [jazz] tmp/suite-release-stage-6223/jazz/InventoryItem/FlakLeggings_WeavePadding.lua: Активный generated companion отсутствует в metadata.code.
ERROR [jazz] tmp/suite-release-stage-6223/jazz/InventoryItem/FlakLeggings.lua: Активный generated companion отсутствует в metadata.code.
ERROR [jazz] tmp/suite-release-stage-6223/jazz/InventoryItem/FlakVest_CeramicPlates.lua: Активный generated companion отсутствует в metadata.code.
ERROR [jazz] tmp/suite-release-stage-6223/jazz/InventoryItem/FlakVest_Kompositum.lua: Активный generated companion отсутствует в metadata.code.
ERROR [jazz] tmp/suite-release-stage-6223/jazz/InventoryItem/FlakVest_WeavePadding.lua: Активный generated companion отсутствует в metadata.code.
ERROR [jazz] tmp/suite-release-stage-6223/jazz/InventoryItem/FlakVest.lua: Активный generated companion отсутствует в metadata.code.
ERROR [jazz] tmp/suite-release-stage-6223/jazz/InventoryItem/FlareAmmo.lua: Активный generated companion отсутствует в metadata.code.
ERROR [jazz] tmp/suite-release-stage-6223/jazz/InventoryItem/FlareHandgun.lua: Активный generated companion отсутствует в metadata.code.
ERROR [jazz] tmp/suite-release-stage-6223/jazz/InventoryItem/FlareStick.lua: Активный generated companion отсутствует в metadata.code.
ERROR [jazz] tmp/suite-release-stage-6223/jazz/InventoryItem/FNFAL.lua: Активный generated companion отсутствует в metadata.code.
ERROR [jazz] tmp/suite-release-stage-6223/jazz/InventoryItem/FNMAG.lua: Активный generated companion отсутствует в metadata.code.
ERROR [jazz] tmp/suite-release-stage-6223/jazz/InventoryItem/FNMinimi.lua: Активный generated companion отсутствует в metadata.code.
ERROR [jazz] tmp/suite-release-stage-6223/jazz/InventoryItem/FragGrenade.lua: Активный generated companion отсутствует в metadata.code.
ERROR [jazz] tmp/suite-release-stage-6223/jazz/InventoryItem/FRF2.lua: Активный generated companion отсутствует в metadata.code.
ERROR [jazz] tmp/suite-release-stage-6223/jazz/InventoryItem/G36.lua: Активный generated companion отсутствует в metadata.code.
ERROR [jazz] tmp/suite-release-stage-6223/jazz/InventoryItem/G36c.lua: Активный generated companion отсутствует в metadata.code.
ERROR [jazz] tmp/suite-release-stage-6223/jazz/InventoryItem/G3A3.lua: Активный generated companion отсутствует в metadata.code.
ERROR [jazz] tmp/suite-release-stage-6223/jazz/InventoryItem/G3A4.lua: Активный generated companion отсутствует в metadata.code.
ERROR [jazz] tmp/suite-release-stage-6223/jazz/InventoryItem/G3SniperV1.lua: Активный generated companion отсутствует в metadata.code.
ERROR [jazz] tmp/suite-release-stage-6223/jazz/InventoryItem/G43.lua: Активный generated companion отсутствует в metadata.code.
ERROR [jazz] tmp/suite-release-stage-6223/jazz/InventoryItem/Galil_FlagHill.lua: Активный generated companion отсутствует в metadata.code.
ERROR [jazz] tmp/suite-release-stage-6223/jazz/InventoryItem/Galil.lua: Активный generated companion отсутствует в metadata.code.
ERROR [jazz] tmp/suite-release-stage-6223/jazz/InventoryItem/GasMask.lua: Активный generated companion отсутствует в metadata.code.
ERROR [jazz] tmp/suite-release-stage-6223/jazz/InventoryItem/Gasmaskenhelm.lua: Активный generated companion отсутствует в metadata.code.
ERROR [jazz] tmp/suite-release-stage-6223/jazz/InventoryItem/Gewehr98.lua: Активный generated companion отсутствует в metadata.code.
ERROR [jazz] tmp/suite-release-stage-6223/jazz/InventoryItem/Glock17.lua: Активный generated companion отсутствует в metadata.code.
ERROR [jazz] tmp/suite-release-stage-6223/jazz/InventoryItem/Glock18.lua: Активный generated companion отсутствует в metadata.code.
ERROR [jazz] tmp/suite-release-stage-6223/jazz/InventoryItem/GlowStick.lua: Активный generated companion отсутствует в metadata.code.
ERROR [jazz] tmp/suite-release-stage-6223/jazz/InventoryItem/GoldenGun.lua: Активный generated companion отсутствует в metadata.code.
ERROR [jazz] tmp/suite-release-stage-6223/jazz/InventoryItem/GoldenWatch.lua: Активный generated companion отсутствует в metadata.code.
ERROR [jazz] tmp/suite-release-stage-6223/jazz/InventoryItem/GrizzlyLAR.lua: Активный generated companion отсутствует в metadata.code.
ERROR [jazz] tmp/suite-release-stage-6223/jazz/InventoryItem/GutHookKnife.lua: Активный generated companion отсутствует в metadata.code.
ERROR [jazz] tmp/suite-release-stage-6223/jazz/InventoryItem/HE_Grenade.lua: Активный generated companion отсутствует в metadata.code.
ERROR [jazz] tmp/suite-release-stage-6223/jazz/InventoryItem/HeavyArmorChestplate_CeramicPlates.lua: Активный generated companion отсутствует в metadata.code.
ERROR [jazz] tmp/suite-release-stage-6223/jazz/InventoryItem/HeavyArmorChestplate_Kompositum.lua: Активный generated companion отсутствует в metadata.code.
ERROR [jazz] tmp/suite-release-stage-6223/jazz/InventoryItem/HeavyArmorChestplate_WeavePadding.lua: Активный generated companion отсутствует в metadata.code.
ERROR [jazz] tmp/suite-release-stage-6223/jazz/InventoryItem/HeavyArmorChestplate.lua: Активный generated companion отсутствует в metadata.code.
ERROR [jazz] tmp/suite-release-stage-6223/jazz/InventoryItem/HeavyArmorHelmet_Kompositum.lua: Активный generated companion отсутствует в metadata.code.
ERROR [jazz] tmp/suite-release-stage-6223/jazz/InventoryItem/HeavyArmorHelmet_WeavePadding.lua: Активный generated companion отсутствует в metadata.code.
ERROR [jazz] tmp/suite-release-stage-6223/jazz/InventoryItem/HeavyArmorHelmet.lua: Активный generated companion отсутствует в metadata.code.
ERROR [jazz] tmp/suite-release-stage-6223/jazz/InventoryItem/HeavyArmorLeggings_Kompositum.lua: Активный generated companion отсутствует в metadata.code.
ERROR [jazz] tmp/suite-release-stage-6223/jazz/InventoryItem/HeavyArmorLeggings_WeavePadding.lua: Активный generated companion отсутствует в metadata.code.
ERROR [jazz] tmp/suite-release-stage-6223/jazz/InventoryItem/HeavyArmorLeggings.lua: Активный generated companion отсутствует в metadata.code.
ERROR [jazz] tmp/suite-release-stage-6223/jazz/InventoryItem/HeavyArmorTorso_CeramicPlates.lua: Активный generated companion отсутствует в metadata.code.
ERROR [jazz] tmp/suite-release-stage-6223/jazz/InventoryItem/HeavyArmorTorso_Kompositum.lua: Активный generated companion отсутствует в metadata.code.
ERROR [jazz] tmp/suite-release-stage-6223/jazz/InventoryItem/HeavyArmorTorso_WeavePadding.lua: Активный generated companion отсутствует в metadata.code.
ERROR [jazz] tmp/suite-release-stage-6223/jazz/InventoryItem/HeavyArmorTorso.lua: Активный generated companion отсутствует в metadata.code.
ERROR [jazz] tmp/suite-release-stage-6223/jazz/InventoryItem/HerbalMedicine.lua: Активный generated companion отсутствует в metadata.code.
ERROR [jazz] tmp/suite-release-stage-6223/jazz/InventoryItem/HiPower.lua: Активный generated companion отсутствует в metadata.code.
ERROR [jazz] tmp/suite-release-stage-6223/jazz/InventoryItem/HK21.lua: Активный generated companion отсутствует в metadata.code.
ERROR [jazz] tmp/suite-release-stage-6223/jazz/InventoryItem/HK23e.lua: Активный generated companion отсутствует в metadata.code.
ERROR [jazz] tmp/suite-release-stage-6223/jazz/InventoryItem/HK33.lua: Активный generated companion отсутствует в metadata.code.
ERROR [jazz] tmp/suite-release-stage-6223/jazz/InventoryItem/Infected_HardenedSkin.lua: Активный generated companion отсутствует в metadata.code.
ERROR [jazz] tmp/suite-release-stage-6223/jazz/InventoryItem/Ithaca.lua: Активный generated companion отсутствует в metadata.code.
ERROR [jazz] tmp/suite-release-stage-6223/jazz/InventoryItem/IvanUshanka.lua: Активный generated companion отсутствует в metadata.code.
ERROR [jazz] tmp/suite-release-stage-6223/jazz/InventoryItem/JAZZ_AMMO_12gauge_APSlug.lua: Активный generated companion отсутствует в metadata.code.
ERROR [jazz] tmp/suite-release-stage-6223/jazz/InventoryItem/JAZZ_AMMO_12gauge_Birdshot.lua: Активный generated companion отсутствует в metadata.code.
ERROR [jazz] tmp/suite-release-stage-6223/jazz/InventoryItem/JAZZ_AMMO_12gauge_Buckshot.lua: Активный generated companion отсутствует в metadata.code.
ERROR [jazz] tmp/suite-release-stage-6223/jazz/InventoryItem/JAZZ_AMMO_12gauge_Saltshot.lua: Активный generated companion отсутствует в metadata.code.
ERROR [jazz] tmp/suite-release-stage-6223/jazz/InventoryItem/JAZZ_AMMO_12gauge_Slug.lua: Активный generated companion отсутствует в metadata.code.
ERROR [jazz] tmp/suite-release-stage-6223/jazz/InventoryItem/JAZZ_AMMO_30_FMJ.lua: Активный generated companion отсутствует в metadata.code.
ERROR [jazz] tmp/suite-release-stage-6223/jazz/InventoryItem/JAZZ_AMMO_30_P.lua: Активный generated companion отсутствует в metadata.code.
ERROR [jazz] tmp/suite-release-stage-6223/jazz/InventoryItem/JAZZ_AMMO_30_Tracer.lua: Активный generated companion отсутствует в metadata.code.
ERROR [jazz] tmp/suite-release-stage-6223/jazz/InventoryItem/JAZZ_AMMO_3006_AP.lua: Активный generated companion отсутствует в metadata.code.
ERROR [jazz] tmp/suite-release-stage-6223/jazz/InventoryItem/JAZZ_AMMO_3006_FMJ.lua: Активный generated companion отсутствует в metadata.code.
ERROR [jazz] tmp/suite-release-stage-6223/jazz/InventoryItem/JAZZ_AMMO_3006_Match.lua: Активный generated companion отсутствует в metadata.code.
ERROR [jazz] tmp/suite-release-stage-6223/jazz/InventoryItem/JAZZ_AMMO_357_FMJ.lua: Активный generated companion отсутствует в metadata.code.
ERROR [jazz] tmp/suite-release-stage-6223/jazz/InventoryItem/JAZZ_AMMO_357_JHP.lua: Активный generated companion отсутствует в metadata.code.
ERROR [jazz] tmp/suite-release-stage-6223/jazz/InventoryItem/JAZZ_AMMO_38special_FMJ.lua: Активный generated companion отсутствует в metadata.code.
ERROR [jazz] tmp/suite-release-stage-6223/jazz/InventoryItem/JAZZ_AMMO_38special_JHP.lua: Активный generated companion отсутствует в metadata.code.
ERROR [jazz] tmp/suite-release-stage-6223/jazz/InventoryItem/JAZZ_AMMO_40mmFlashbangGrenade.lua: Активный generated companion отсутствует в metadata.code.
ERROR [jazz] tmp/suite-release-stage-6223/jazz/InventoryItem/JAZZ_AMMO_40mmFragGrenade.lua: Активный generated companion отсутствует в metadata.code.
ERROR [jazz] tmp/suite-release-stage-6223/jazz/InventoryItem/JAZZ_AMMO_44CAL_FMJ.lua: Активный generated companion отсутствует в metadata.code.
ERROR [jazz] tmp/suite-release-stage-6223/jazz/InventoryItem/JAZZ_AMMO_44CAL_JHP.lua: Активный generated companion отсутствует в metadata.code.
ERROR [jazz] tmp/suite-release-stage-6223/jazz/InventoryItem/JAZZ_AMMO_44CAL_Match.lua: Активный generated companion отсутствует в metadata.code.
ERROR [jazz] tmp/suite-release-stage-6223/jazz/InventoryItem/JAZZ_AMMO_45ACP_Crafted.lua: Активный generated companion отсутствует в metadata.code.
ERROR [jazz] tmp/suite-release-stage-6223/jazz/InventoryItem/JAZZ_AMMO_45ACP_FMJ.lua: Активный generated companion отсутствует в metadata.code.
ERROR [jazz] tmp/suite-release-stage-6223/jazz/InventoryItem/JAZZ_AMMO_45ACP_JHP.lua: Активный generated companion отсутствует в metadata.code.
ERROR [jazz] tmp/suite-release-stage-6223/jazz/InventoryItem/JAZZ_AMMO_45ACP_P.lua: Активный generated companion отсутствует в metadata.code.
ERROR [jazz] tmp/suite-release-stage-6223/jazz/InventoryItem/JAZZ_AMMO_45ACP_Poor.lua: Активный generated companion отсутствует в metadata.code.
ERROR [jazz] tmp/suite-release-stage-6223/jazz/InventoryItem/JAZZ_AMMO_46_AP.lua: Активный generated companion отсутствует в metadata.code.
ERROR [jazz] tmp/suite-release-stage-6223/jazz/InventoryItem/JAZZ_AMMO_46_FMJ.lua: Активный generated companion отсутствует в metadata.code.
ERROR [jazz] tmp/suite-release-stage-6223/jazz/InventoryItem/JAZZ_AMMO_46_JHP.lua: Активный generated companion отсутствует в metadata.code.
ERROR [jazz] tmp/suite-release-stage-6223/jazz/InventoryItem/JAZZ_AMMO_50AE_FMJ.lua: Активный generated companion отсутствует в metadata.code.
ERROR [jazz] tmp/suite-release-stage-6223/jazz/InventoryItem/JAZZ_AMMO_50AE_JHP.lua: Активный generated companion отсутствует в metadata.code.
ERROR [jazz] tmp/suite-release-stage-6223/jazz/InventoryItem/JAZZ_AMMO_50BMG_API_HEI.lua: Активный generated companion отсутствует в metadata.code.
ERROR [jazz] tmp/suite-release-stage-6223/jazz/InventoryItem/JAZZ_AMMO_50BMG_APIT.lua: Активный generated companion отсутствует в metadata.code.
ERROR [jazz] tmp/suite-release-stage-6223/jazz/InventoryItem/JAZZ_AMMO_50BMG_Basic.lua: Активный generated companion отсутствует в metadata.code.
ERROR [jazz] tmp/suite-release-stage-6223/jazz/InventoryItem/JAZZ_AMMO_545_AP.lua: Активный generated companion отсутствует в metadata.code.
ERROR [jazz] tmp/suite-release-stage-6223/jazz/InventoryItem/JAZZ_AMMO_545_Army.lua: Активный generated companion отсутствует в metadata.code.
ERROR [jazz] tmp/suite-release-stage-6223/jazz/InventoryItem/JAZZ_AMMO_545_Crafted.lua: Активный generated companion отсутствует в metadata.code.
ERROR [jazz] tmp/suite-release-stage-6223/jazz/InventoryItem/JAZZ_AMMO_545_EPR.lua: Активный generated companion отсутствует в metadata.code.
ERROR [jazz] tmp/suite-release-stage-6223/jazz/InventoryItem/JAZZ_AMMO_545_Poor.lua: Активный generated companion отсутствует в metadata.code.
ERROR [jazz] tmp/suite-release-stage-6223/jazz/InventoryItem/JAZZ_AMMO_545_Tracer.lua: Активный generated companion отсутствует в metadata.code.
ERROR [jazz] tmp/suite-release-stage-6223/jazz/InventoryItem/JAZZ_AMMO_556_AP.lua: Активный generated companion отсутствует в metadata.code.
ERROR [jazz] tmp/suite-release-stage-6223/jazz/InventoryItem/JAZZ_AMMO_556_Army.lua: Активный generated companion отсутствует в metadata.code.
ERROR [jazz] tmp/suite-release-stage-6223/jazz/InventoryItem/JAZZ_AMMO_556_Crafted.lua: Активный generated companion отсутствует в metadata.code.
ERROR [jazz] tmp/suite-release-stage-6223/jazz/InventoryItem/JAZZ_AMMO_556_EPR.lua: Активный generated companion отсутствует в metadata.code.
ERROR [jazz] tmp/suite-release-stage-6223/jazz/InventoryItem/JAZZ_AMMO_556_FMJ.lua: Активный generated companion отсутствует в metadata.code.
ERROR [jazz] tmp/suite-release-stage-6223/jazz/InventoryItem/JAZZ_AMMO_556_Match.lua: Активный generated companion отсутствует в metadata.code.
ERROR [jazz] tmp/suite-release-stage-6223/jazz/InventoryItem/JAZZ_AMMO_556_Poor.lua: Активный generated companion отсутствует в metadata.code.
ERROR [jazz] tmp/suite-release-stage-6223/jazz/InventoryItem/JAZZ_AMMO_556_Tracer.lua: Активный generated companion отсутствует в metadata.code.
ERROR [jazz] tmp/suite-release-stage-6223/jazz/InventoryItem/JAZZ_AMMO_57_AP.lua: Активный generated companion отсутствует в metadata.code.
ERROR [jazz] tmp/suite-release-stage-6223/jazz/InventoryItem/JAZZ_AMMO_57_JHP.lua: Активный generated companion отсутствует в metadata.code.
ERROR [jazz] tmp/suite-release-stage-6223/jazz/InventoryItem/JAZZ_AMMO_57_Subsonic.lua: Активный generated companion отсутствует в metadata.code.
ERROR [jazz] tmp/suite-release-stage-6223/jazz/InventoryItem/JAZZ_AMMO_75French_AP.lua: Активный generated companion отсутствует в metadata.code.
ERROR [jazz] tmp/suite-release-stage-6223/jazz/InventoryItem/JAZZ_AMMO_75French_FMJ.lua: Активный generated companion отсутствует в metadata.code.
ERROR [jazz] tmp/suite-release-stage-6223/jazz/InventoryItem/JAZZ_AMMO_762x25_AP.lua: Активный generated companion отсутствует в metadata.code.
ERROR [jazz] tmp/suite-release-stage-6223/jazz/InventoryItem/JAZZ_AMMO_762x25_FMJ.lua: Активный generated companion отсутствует в metadata.code.
ERROR [jazz] tmp/suite-release-stage-6223/jazz/InventoryItem/JAZZ_AMMO_762x25_JHP.lua: Активный generated companion отсутствует в metadata.code.
ERROR [jazz] tmp/suite-release-stage-6223/jazz/InventoryItem/JAZZ_AMMO_762x25_Poor.lua: Активный generated companion отсутствует в metadata.code.
ERROR [jazz] tmp/suite-release-stage-6223/jazz/InventoryItem/JAZZ_AMMO_762x39_APP.lua: Активный generated companion отсутствует в metadata.code.
ERROR [jazz] tmp/suite-release-stage-6223/jazz/InventoryItem/JAZZ_AMMO_762x39_Army.lua: Активный generated companion отсутствует в metadata.code.
ERROR [jazz] tmp/suite-release-stage-6223/jazz/InventoryItem/JAZZ_AMMO_762x39_Crafted.lua: Активный generated companion отсутствует в metadata.code.
ERROR [jazz] tmp/suite-release-stage-6223/jazz/InventoryItem/JAZZ_AMMO_762x39_FMJ.lua: Активный generated companion отсутствует в metadata.code.
ERROR [jazz] tmp/suite-release-stage-6223/jazz/InventoryItem/JAZZ_AMMO_762x39_JHP.lua: Активный generated companion отсутствует в metadata.code.
ERROR [jazz] tmp/suite-release-stage-6223/jazz/InventoryItem/JAZZ_AMMO_762x39_Poor.lua: Активный generated companion отсутствует в metadata.code.
ERROR [jazz] tmp/suite-release-stage-6223/jazz/InventoryItem/JAZZ_AMMO_762x39_Tracer.lua: Активный generated companion отсутствует в metadata.code.
ERROR [jazz] tmp/suite-release-stage-6223/jazz/InventoryItem/JAZZ_AMMO_762x39_US.lua: Активный generated companion отсутствует в metadata.code.
ERROR [jazz] tmp/suite-release-stage-6223/jazz/InventoryItem/JAZZ_AMMO_762x51_AP.lua: Активный generated companion отсутствует в metadata.code.
ERROR [jazz] tmp/suite-release-stage-6223/jazz/InventoryItem/JAZZ_AMMO_762x51_Army.lua: Активный generated companion отсутствует в metadata.code.
ERROR [jazz] tmp/suite-release-stage-6223/jazz/InventoryItem/JAZZ_AMMO_762x51_Crafted.lua: Активный generated companion отсутствует в metadata.code.
ERROR [jazz] tmp/suite-release-stage-6223/jazz/InventoryItem/JAZZ_AMMO_762x51_FMJ.lua: Активный generated companion отсутствует в metadata.code.
ERROR [jazz] tmp/suite-release-stage-6223/jazz/InventoryItem/JAZZ_AMMO_762x51_Match.lua: Активный generated companion отсутствует в metadata.code.
ERROR [jazz] tmp/suite-release-stage-6223/jazz/InventoryItem/JAZZ_AMMO_762x51_Poor.lua: Активный generated companion отсутствует в metadata.code.
ERROR [jazz] tmp/suite-release-stage-6223/jazz/InventoryItem/JAZZ_AMMO_762x51_Tracer.lua: Активный generated companion отсутствует в metadata.code.
ERROR [jazz] tmp/suite-release-stage-6223/jazz/InventoryItem/JAZZ_AMMO_762x54_APIT.lua: Активный generated companion отсутствует в metadata.code.
ERROR [jazz] tmp/suite-release-stage-6223/jazz/InventoryItem/JAZZ_AMMO_762x54_Crafted.lua: Активный generated companion отсутствует в metadata.code.
ERROR [jazz] tmp/suite-release-stage-6223/jazz/InventoryItem/JAZZ_AMMO_762x54_FMJ.lua: Активный generated companion отсутствует в metadata.code.
ERROR [jazz] tmp/suite-release-stage-6223/jazz/InventoryItem/JAZZ_AMMO_762x54_Match.lua: Активный generated companion отсутствует в metadata.code.
ERROR [jazz] tmp/suite-release-stage-6223/jazz/InventoryItem/JAZZ_AMMO_762x54_Poor.lua: Активный generated companion отсутствует в metadata.code.
ERROR [jazz] tmp/suite-release-stage-6223/jazz/InventoryItem/JAZZ_AMMO_762x54_Tracer.lua: Активный generated companion отсутствует в metadata.code.
ERROR [jazz] tmp/suite-release-stage-6223/jazz/InventoryItem/JAZZ_AMMO_792_AP.lua: Активный generated companion отсутствует в metadata.code.
ERROR [jazz] tmp/suite-release-stage-6223/jazz/InventoryItem/JAZZ_AMMO_792_APIT.lua: Активный generated companion отсутствует в metadata.code.
ERROR [jazz] tmp/suite-release-stage-6223/jazz/InventoryItem/JAZZ_AMMO_792_FMJ.lua: Активный generated companion отсутствует в metadata.code.
ERROR [jazz] tmp/suite-release-stage-6223/jazz/InventoryItem/JAZZ_AMMO_792x33_AP.lua: Активный generated companion отсутствует в metadata.code.
ERROR [jazz] tmp/suite-release-stage-6223/jazz/InventoryItem/JAZZ_AMMO_792x33_FMJ.lua: Активный generated companion отсутствует в metadata.code.
ERROR [jazz] tmp/suite-release-stage-6223/jazz/InventoryItem/JAZZ_AMMO_792x33_Tracer.lua: Активный generated companion отсутствует в metadata.code.
ERROR [jazz] tmp/suite-release-stage-6223/jazz/InventoryItem/JAZZ_AMMO_9x18_AP.lua: Активный generated companion отсутствует в metadata.code.
ERROR [jazz] tmp/suite-release-stage-6223/jazz/InventoryItem/JAZZ_AMMO_9x18_APP.lua: Активный generated companion отсутствует в metadata.code.
ERROR [jazz] tmp/suite-release-stage-6223/jazz/InventoryItem/JAZZ_AMMO_9x18_Crafted.lua: Активный generated companion отсутствует в metadata.code.
ERROR [jazz] tmp/suite-release-stage-6223/jazz/InventoryItem/JAZZ_AMMO_9x18_FMJ.lua: Активный generated companion отсутствует в metadata.code.
ERROR [jazz] tmp/suite-release-stage-6223/jazz/InventoryItem/JAZZ_AMMO_9x18_JHP.lua: Активный generated companion отсутствует в metadata.code.
ERROR [jazz] tmp/suite-release-stage-6223/jazz/InventoryItem/JAZZ_AMMO_9x18_Poor.lua: Активный generated companion отсутствует в metadata.code.
ERROR [jazz] tmp/suite-release-stage-6223/jazz/InventoryItem/JAZZ_AMMO_9x19_AP.lua: Активный generated companion отсутствует в metadata.code.
ERROR [jazz] tmp/suite-release-stage-6223/jazz/InventoryItem/JAZZ_AMMO_9x19_APP.lua: Активный generated companion отсутствует в metadata.code.
ERROR [jazz] tmp/suite-release-stage-6223/jazz/InventoryItem/JAZZ_AMMO_9x19_Crafted.lua: Активный generated companion отсутствует в metadata.code.
ERROR [jazz] tmp/suite-release-stage-6223/jazz/InventoryItem/JAZZ_AMMO_9x19_FMJ.lua: Активный generated companion отсутствует в metadata.code.
ERROR [jazz] tmp/suite-release-stage-6223/jazz/InventoryItem/JAZZ_AMMO_9x19_JHP.lua: Активный generated companion отсутствует в metadata.code.
ERROR [jazz] tmp/suite-release-stage-6223/jazz/InventoryItem/JAZZ_AMMO_9x19_Match.lua: Активный generated companion отсутствует в metadata.code.
ERROR [jazz] tmp/suite-release-stage-6223/jazz/InventoryItem/JAZZ_AMMO_9x19_Poor.lua: Активный generated companion отсутствует в metadata.code.
ERROR [jazz] tmp/suite-release-stage-6223/jazz/InventoryItem/JAZZ_AMMO_9x39_AP.lua: Активный generated companion отсутствует в metadata.code.
ERROR [jazz] tmp/suite-release-stage-6223/jazz/InventoryItem/JAZZ_AMMO_9x39_Crafted.lua: Активный generated companion отсутствует в metadata.code.
ERROR [jazz] tmp/suite-release-stage-6223/jazz/InventoryItem/JAZZ_AMMO_9x39_JHP.lua: Активный generated companion отсутствует в metadata.code.
ERROR [jazz] tmp/suite-release-stage-6223/jazz/InventoryItem/JAZZ_AMMO_MortarShell_Gas.lua: Активный generated companion отсутствует в metadata.code.
ERROR [jazz] tmp/suite-release-stage-6223/jazz/InventoryItem/JAZZ_AMMO_MortarShell_HE.lua: Активный generated companion отсутствует в metadata.code.
ERROR [jazz] tmp/suite-release-stage-6223/jazz/InventoryItem/JAZZ_AMMO_MortarShell_Smoke.lua: Активный generated companion отсутствует в metadata.code.
ERROR [jazz] tmp/suite-release-stage-6223/jazz/InventoryItem/JAZZ_ArmorUpgrade.lua: Активный generated companion отсутствует в metadata.code.
ERROR [jazz] tmp/suite-release-stage-6223/jazz/InventoryItem/JAZZ_AUGCompensator_01.lua: Активный generated companion отсутствует в metadata.code.
ERROR [jazz] tmp/suite-release-stage-6223/jazz/InventoryItem/JAZZ_AUGCompensator_03.lua: Активный generated companion отсутствует в metadata.code.
ERROR [jazz] tmp/suite-release-stage-6223/jazz/InventoryItem/JAZZ_Bandage.lua: Активный generated companion отсутствует в metadata.code.
ERROR [jazz] tmp/suite-release-stage-6223/jazz/InventoryItem/JAZZ_BarrelParts.lua: Активный generated companion отсутствует в metadata.code.
ERROR [jazz] tmp/suite-release-stage-6223/jazz/InventoryItem/JAZZ_Bipod_Galil.lua: Активный generated companion отсутствует в metadata.code.
ERROR [jazz] tmp/suite-release-stage-6223/jazz/InventoryItem/JAZZ_Bipod_Under.lua: Активный generated companion отсутствует в metadata.code.
ERROR [jazz] tmp/suite-release-stage-6223/jazz/InventoryItem/JAZZ_Bipod.lua: Активный generated companion отсутствует в metadata.code.
ERROR [jazz] tmp/suite-release-stage-6223/jazz/InventoryItem/JAZZ_CombatScope_1P29.lua: Активный generated companion отсутствует в metadata.code.
ERROR [jazz] tmp/suite-release-stage-6223/jazz/InventoryItem/JAZZ_CombatScope_2x.lua: Активный generated companion отсутствует в metadata.code.
ERROR [jazz] tmp/suite-release-stage-6223/jazz/InventoryItem/JAZZ_CombatScope_3x.lua: Активный generated companion отсутствует в metadata.code.
ERROR [jazz] tmp/suite-release-stage-6223/jazz/InventoryItem/JAZZ_CombatScope_ACOG.lua: Активный generated companion отсутствует в metadata.code.
ERROR [jazz] tmp/suite-release-stage-6223/jazz/InventoryItem/JAZZ_CombatScope_FeroZ24.lua: Активный generated companion отсутствует в metadata.code.
ERROR [jazz] tmp/suite-release-stage-6223/jazz/InventoryItem/JAZZ_Compensator.lua: Активный generated companion отсутствует в metadata.code.
ERROR [jazz] tmp/suite-release-stage-6223/jazz/InventoryItem/JAZZ_DuckbillChoke.lua: Активный generated companion отсутствует в metadata.code.
ERROR [jazz] tmp/suite-release-stage-6223/jazz/InventoryItem/JAZZ_FlashHider.lua: Активный generated companion отсутствует в metadata.code.
ERROR [jazz] tmp/suite-release-stage-6223/jazz/InventoryItem/JAZZ_Flashlight_aa12.lua: Активный generated companion отсутствует в metadata.code.
ERROR [jazz] tmp/suite-release-stage-6223/jazz/InventoryItem/JAZZ_Flashlight_PSG_M1.lua: Активный generated companion отсутствует в metadata.code.
ERROR [jazz] tmp/suite-release-stage-6223/jazz/InventoryItem/JAZZ_Flashlight.lua: Активный generated companion отсутствует в metadata.code.
ERROR [jazz] tmp/suite-release-stage-6223/jazz/InventoryItem/JAZZ_FlashlightDot_aa12.lua: Активный generated companion отсутствует в metadata.code.
ERROR [jazz] tmp/suite-release-stage-6223/jazz/InventoryItem/JAZZ_FlashlightDot_Anaconda.lua: Активный generated companion отсутствует в metadata.code.
ERROR [jazz] tmp/suite-release-stage-6223/jazz/InventoryItem/JAZZ_FlashlightDot_PSG_M1.lua: Активный generated companion отсутствует в metadata.code.
ERROR [jazz] tmp/suite-release-stage-6223/jazz/InventoryItem/JAZZ_FlashlightDot.lua: Активный generated companion отсутствует в metadata.code.
ERROR [jazz] tmp/suite-release-stage-6223/jazz/InventoryItem/JAZZ_FullChoke.lua: Активный generated companion отсутствует в metadata.code.
ERROR [jazz] tmp/suite-release-stage-6223/jazz/InventoryItem/JAZZ_G36Scope.lua: Активный generated companion отсутствует в metadata.code.
ERROR [jazz] tmp/suite-release-stage-6223/jazz/InventoryItem/JAZZ_G36Sight.lua: Активный generated companion отсутствует в metadata.code.
ERROR [jazz] tmp/suite-release-stage-6223/jazz/InventoryItem/JAZZ_Galil_Brake_Default.lua: Активный generated companion отсутствует в metadata.code.
ERROR [jazz] tmp/suite-release-stage-6223/jazz/InventoryItem/JAZZ_GP25.lua: Активный generated companion отсутствует в metadata.code.
ERROR [jazz] tmp/suite-release-stage-6223/jazz/InventoryItem/JAZZ_GrenadeLauncher_AUG.lua: Активный generated companion отсутствует в metadata.code.
ERROR [jazz] tmp/suite-release-stage-6223/jazz/InventoryItem/JAZZ_GrenadeLauncher_Commando.lua: Активный generated companion отсутствует в metadata.code.
ERROR [jazz] tmp/suite-release-stage-6223/jazz/InventoryItem/JAZZ_GrenadeLauncher_Galil.lua: Активный generated companion отсутствует в metadata.code.
ERROR [jazz] tmp/suite-release-stage-6223/jazz/InventoryItem/JAZZ_GrenadeLauncher_M14.lua: Активный generated companion отсутствует в metadata.code.
ERROR [jazz] tmp/suite-release-stage-6223/jazz/InventoryItem/JAZZ_GrenadeLauncher.lua: Активный generated companion отсутствует в metadata.code.
ERROR [jazz] tmp/suite-release-stage-6223/jazz/InventoryItem/JAZZ_HandlingWrap.lua: Активный generated companion отсутствует в metadata.code.
ERROR [jazz] tmp/suite-release-stage-6223/jazz/InventoryItem/JAZZ_ImprovisedSuppressor.lua: Активный generated companion отсутствует в metadata.code.
ERROR [jazz] tmp/suite-release-stage-6223/jazz/InventoryItem/JAZZ_LaserDot_aa12.lua: Активный generated companion отсутствует в metadata.code.
ERROR [jazz] tmp/suite-release-stage-6223/jazz/InventoryItem/JAZZ_LaserDot_Anaconda.lua: Активный generated companion отсутствует в metadata.code.
ERROR [jazz] tmp/suite-release-stage-6223/jazz/InventoryItem/JAZZ_LaserDot_PSG_M1.lua: Активный generated companion отсутствует в metadata.code.
ERROR [jazz] tmp/suite-release-stage-6223/jazz/InventoryItem/JAZZ_LaserDot.lua: Активный generated companion отсутствует в metadata.code.
ERROR [jazz] tmp/suite-release-stage-6223/jazz/InventoryItem/JAZZ_M70_Grenade.lua: Активный generated companion отсутствует в metadata.code.
ERROR [jazz] tmp/suite-release-stage-6223/jazz/InventoryItem/JAZZ_MagBelt_100_200.lua: Активный generated companion отсутствует в metadata.code.
ERROR [jazz] tmp/suite-release-stage-6223/jazz/InventoryItem/JAZZ_MagBelt_40_100.lua: Активный generated companion отсутствует в metadata.code.
ERROR [jazz] tmp/suite-release-stage-6223/jazz/InventoryItem/JAZZ_MagDrum_30_100_cumbersome.lua: Активный generated companion отсутствует в metadata.code.
ERROR [jazz] tmp/suite-release-stage-6223/jazz/InventoryItem/JAZZ_MagDrum_30_100_G3.lua: Активный generated companion отсутствует в metadata.code.
ERROR [jazz] tmp/suite-release-stage-6223/jazz/InventoryItem/JAZZ_MagDrum_30_100_HK33.lua: Активный generated companion отсутствует в metadata.code.
ERROR [jazz] tmp/suite-release-stage-6223/jazz/InventoryItem/JAZZ_MagDrum_30_100.lua: Активный generated companion отсутствует в metadata.code.
ERROR [jazz] tmp/suite-release-stage-6223/jazz/InventoryItem/JAZZ_MagDrum_30_50_THOMPSON.lua: Активный generated companion отсутствует в metadata.code.
ERROR [jazz] tmp/suite-release-stage-6223/jazz/InventoryItem/JAZZ_MagDrum_30_50_UZI.lua: Активный generated companion отсутствует в metadata.code.
ERROR [jazz] tmp/suite-release-stage-6223/jazz/InventoryItem/JAZZ_MagDrum_30_50.lua: Активный generated companion отсутствует в metadata.code.
ERROR [jazz] tmp/suite-release-stage-6223/jazz/InventoryItem/JAZZ_MagDrum_30_75.lua: Активный generated companion отсутствует в metadata.code.
ERROR [jazz] tmp/suite-release-stage-6223/jazz/InventoryItem/JAZZ_MagDrum_35_71.lua: Активный generated companion отсутствует в metadata.code.
ERROR [jazz] tmp/suite-release-stage-6223/jazz/InventoryItem/JAZZ_MagLarge_10_20_SVD.lua: Активный generated companion отсутствует в metadata.code.
ERROR [jazz] tmp/suite-release-stage-6223/jazz/InventoryItem/JAZZ_MagLarge_10_20_VAL.lua: Активный generated companion отсутствует в metadata.code.
ERROR [jazz] tmp/suite-release-stage-6223/jazz/InventoryItem/JAZZ_MagLarge_10_20.lua: Активный generated companion отсутствует в metadata.code.
ERROR [jazz] tmp/suite-release-stage-6223/jazz/InventoryItem/JAZZ_MagLarge_13_PISTOL_52.lua: Активный generated companion отсутствует в metadata.code.
ERROR [jazz] tmp/suite-release-stage-6223/jazz/InventoryItem/JAZZ_MagLarge_13_PISTOL_DE.lua: Активный generated companion отсутствует в metadata.code.
ERROR [jazz] tmp/suite-release-stage-6223/jazz/InventoryItem/JAZZ_MagLarge_13.lua: Активный generated companion отсутствует в metadata.code.
ERROR [jazz] tmp/suite-release-stage-6223/jazz/InventoryItem/JAZZ_MagLarge_17_33.lua: Активный generated companion отсутствует в metadata.code.
ERROR [jazz] tmp/suite-release-stage-6223/jazz/InventoryItem/JAZZ_MagLarge_18_20.lua: Активный generated companion отсутствует в metadata.code.
ERROR [jazz] tmp/suite-release-stage-6223/jazz/InventoryItem/JAZZ_MagLarge_20_30_FAL.lua: Активный generated companion отсутствует в metadata.code.
ERROR [jazz] tmp/suite-release-stage-6223/jazz/InventoryItem/JAZZ_MagLarge_20_30_MINI14.lua: Активный generated companion отсутствует в metadata.code.
ERROR [jazz] tmp/suite-release-stage-6223/jazz/InventoryItem/JAZZ_MagLarge_20_30_UZI.lua: Активный generated companion отсутствует в metadata.code.
ERROR [jazz] tmp/suite-release-stage-6223/jazz/InventoryItem/JAZZ_MagLarge_20_30.lua: Активный generated companion отсутствует в metadata.code.
ERROR [jazz] tmp/suite-release-stage-6223/jazz/InventoryItem/JAZZ_MagLarge_25_40.lua: Активный generated companion отсутствует в metadata.code.
ERROR [jazz] tmp/suite-release-stage-6223/jazz/InventoryItem/JAZZ_MagLarge_25_AA12.lua: Активный generated companion отсутствует в metadata.code.
ERROR [jazz] tmp/suite-release-stage-6223/jazz/InventoryItem/JAZZ_MagLarge_25_PISTOL_9.lua: Активный generated companion отсутствует в metadata.code.
ERROR [jazz] tmp/suite-release-stage-6223/jazz/InventoryItem/JAZZ_MagLarge_25_USAS.lua: Активный generated companion отсутствует в metadata.code.
ERROR [jazz] tmp/suite-release-stage-6223/jazz/InventoryItem/JAZZ_MagLarge_25.lua: Активный generated companion отсутствует в metadata.code.
ERROR [jazz] tmp/suite-release-stage-6223/jazz/InventoryItem/JAZZ_MagLarge_27.lua: Активный generated companion отсутствует в metadata.code.
ERROR [jazz] tmp/suite-release-stage-6223/jazz/InventoryItem/JAZZ_MagLarge_28.lua: Активный generated companion отсутствует в metadata.code.
ERROR [jazz] tmp/suite-release-stage-6223/jazz/InventoryItem/JAZZ_MagLarge_30_40.lua: Активный generated companion отсутствует в metadata.code.
ERROR [jazz] tmp/suite-release-stage-6223/jazz/InventoryItem/JAZZ_MagLarge_30_42.lua: Активный generated companion отсутствует в metadata.code.
ERROR [jazz] tmp/suite-release-stage-6223/jazz/InventoryItem/JAZZ_MagLarge_30_45.lua: Активный generated companion отсутствует в metadata.code.
ERROR [jazz] tmp/suite-release-stage-6223/jazz/InventoryItem/JAZZ_MagLarge_5_10.lua: Активный generated companion отсутствует в metadata.code.
ERROR [jazz] tmp/suite-release-stage-6223/jazz/InventoryItem/JAZZ_MagLarge_50_AR15.lua: Активный generated companion отсутствует в metadata.code.
ERROR [jazz] tmp/suite-release-stage-6223/jazz/InventoryItem/JAZZ_MagLarge_50_MP5.lua: Активный generated companion отсутствует в metadata.code.
ERROR [jazz] tmp/suite-release-stage-6223/jazz/InventoryItem/JAZZ_MagLarge_50_SIG.lua: Активный generated companion отсутствует в metadata.code.
ERROR [jazz] tmp/suite-release-stage-6223/jazz/InventoryItem/JAZZ_MagLarge_50.lua: Активный generated companion отсутствует в metadata.code.
ERROR [jazz] tmp/suite-release-stage-6223/jazz/InventoryItem/JAZZ_MagLarge_7_10.lua: Активный generated companion отсутствует в metadata.code.
ERROR [jazz] tmp/suite-release-stage-6223/jazz/InventoryItem/JAZZ_MagLarge_8_10.lua: Активный generated companion отсутствует в metadata.code.
ERROR [jazz] tmp/suite-release-stage-6223/jazz/InventoryItem/JAZZ_MagLarge_8_BARRET.lua: Активный generated companion отсутствует в metadata.code.
ERROR [jazz] tmp/suite-release-stage-6223/jazz/InventoryItem/JAZZ_MagLarge_8_PISTOL_52.lua: Активный generated companion отсутствует в metadata.code.
ERROR [jazz] tmp/suite-release-stage-6223/jazz/InventoryItem/JAZZ_MagLarge_8_PSG1.lua: Активный generated companion отсутствует в metadata.code.
ERROR [jazz] tmp/suite-release-stage-6223/jazz/InventoryItem/JAZZ_MagLarge_8.lua: Активный generated companion отсутствует в metadata.code.
ERROR [jazz] tmp/suite-release-stage-6223/jazz/InventoryItem/JAZZ_MagLargeFine.lua: Активный generated companion отсутствует в metadata.code.
ERROR [jazz] tmp/suite-release-stage-6223/jazz/InventoryItem/JAZZ_MagNormalFine_AR15.lua: Активный generated companion отсутствует в metadata.code.
ERROR [jazz] tmp/suite-release-stage-6223/jazz/InventoryItem/JAZZ_MagNormalFine_FAL.lua: Активный generated companion отсутствует в metadata.code.
ERROR [jazz] tmp/suite-release-stage-6223/jazz/InventoryItem/JAZZ_MagNormalFine_M14.lua: Активный generated companion отсутствует в metadata.code.
ERROR [jazz] tmp/suite-release-stage-6223/jazz/InventoryItem/JAZZ_MagNormalFine_PISTOL_9.lua: Активный generated companion отсутствует в metadata.code.
ERROR [jazz] tmp/suite-release-stage-6223/jazz/InventoryItem/JAZZ_MagNormalFine_PSG1.lua: Активный generated companion отсутствует в metadata.code.
ERROR [jazz] tmp/suite-release-stage-6223/jazz/InventoryItem/JAZZ_MagNormalFine.lua: Активный generated companion отсутствует в metadata.code.
ERROR [jazz] tmp/suite-release-stage-6223/jazz/InventoryItem/JAZZ_MagNormalG18.lua: Активный generated companion отсутствует в metadata.code.
ERROR [jazz] tmp/suite-release-stage-6223/jazz/InventoryItem/JAZZ_MagQuick_AK.lua: Активный generated companion отсутствует в metadata.code.
ERROR [jazz] tmp/suite-release-stage-6223/jazz/InventoryItem/JAZZ_MagQuick_AR15.lua: Активный generated companion отсутствует в metadata.code.
ERROR [jazz] tmp/suite-release-stage-6223/jazz/InventoryItem/JAZZ_MagQuick_AUG.lua: Активный generated companion отсутствует в metadata.code.
ERROR [jazz] tmp/suite-release-stage-6223/jazz/InventoryItem/JAZZ_MagQuick_G36.lua: Активный generated companion отсутствует в metadata.code.
ERROR [jazz] tmp/suite-release-stage-6223/jazz/InventoryItem/JAZZ_MagQuick_GALIL.lua: Активный generated companion отсутствует в metadata.code.
ERROR [jazz] tmp/suite-release-stage-6223/jazz/InventoryItem/JAZZ_MagQuick_MP5.lua: Активный generated companion отсутствует в metadata.code.
ERROR [jazz] tmp/suite-release-stage-6223/jazz/InventoryItem/JAZZ_MagQuick.lua: Активный generated companion отсутствует в metadata.code.
ERROR [jazz] tmp/suite-release-stage-6223/jazz/InventoryItem/JAZZ_MagSmall20_10_G3.lua: Активный generated companion отсутствует в metadata.code.
ERROR [jazz] tmp/suite-release-stage-6223/jazz/InventoryItem/JAZZ_MagSmall20_10_M14.lua: Активный generated companion отсутствует в metadata.code.
ERROR [jazz] tmp/suite-release-stage-6223/jazz/InventoryItem/JAZZ_MagSmall20_10.lua: Активный generated companion отсутствует в metadata.code.
ERROR [jazz] tmp/suite-release-stage-6223/jazz/InventoryItem/JAZZ_MagSmall30_15_M2CARBINE.lua: Активный generated companion отсутствует в metadata.code.
ERROR [jazz] tmp/suite-release-stage-6223/jazz/InventoryItem/JAZZ_MagSmall30_15_MP5.lua: Активный generated companion отсутствует в metadata.code.
ERROR [jazz] tmp/suite-release-stage-6223/jazz/InventoryItem/JAZZ_MagSmall30_15_TMP.lua: Активный generated companion отсутствует в metadata.code.
ERROR [jazz] tmp/suite-release-stage-6223/jazz/InventoryItem/JAZZ_MagSmall30_15.lua: Активный generated companion отсутствует в metadata.code.
ERROR [jazz] tmp/suite-release-stage-6223/jazz/InventoryItem/JAZZ_MagSmall30_20.lua: Активный generated companion отсутствует в metadata.code.
ERROR [jazz] tmp/suite-release-stage-6223/jazz/InventoryItem/JAZZ_Morphine.lua: Активный generated companion отсутствует в metadata.code.
ERROR [jazz] tmp/suite-release-stage-6223/jazz/InventoryItem/JAZZ_NightScope_M3.lua: Активный generated companion отсутствует в metadata.code.
ERROR [jazz] tmp/suite-release-stage-6223/jazz/InventoryItem/JAZZ_NightScope_NSPU.lua: Активный generated companion отсутствует в metadata.code.
ERROR [jazz] tmp/suite-release-stage-6223/jazz/InventoryItem/JAZZ_NightScope.lua: Активный generated companion отсутствует в metadata.code.
ERROR [jazz] tmp/suite-release-stage-6223/jazz/InventoryItem/JAZZ_PistolSuppressor.lua: Активный generated companion отсутствует в metadata.code.
ERROR [jazz] tmp/suite-release-stage-6223/jazz/InventoryItem/JAZZ_Reflex_Aimpoint5000.lua: Активный generated companion отсутствует в metadata.code.
ERROR [jazz] tmp/suite-release-stage-6223/jazz/InventoryItem/JAZZ_Reflex_Closed.lua: Активный generated companion отсутствует в metadata.code.
ERROR [jazz] tmp/suite-release-stage-6223/jazz/InventoryItem/JAZZ_Reflex_Cobra.lua: Активный generated companion отсутствует в metadata.code.
ERROR [jazz] tmp/suite-release-stage-6223/jazz/InventoryItem/JAZZ_Reflex_Eotech.lua: Активный generated companion отсутствует в metadata.code.
ERROR [jazz] tmp/suite-release-stage-6223/jazz/InventoryItem/JAZZ_Reflex_Garand.lua: Активный generated companion отсутствует в metadata.code.
ERROR [jazz] tmp/suite-release-stage-6223/jazz/InventoryItem/JAZZ_Reflex_M68.lua: Активный generated companion отсутствует в metadata.code.
ERROR [jazz] tmp/suite-release-stage-6223/jazz/InventoryItem/JAZZ_Reflex_Open.lua: Активный generated companion отсутствует в metadata.code.
ERROR [jazz] tmp/suite-release-stage-6223/jazz/InventoryItem/JAZZ_Reflex_Pistol.lua: Активный generated companion отсутствует в metadata.code.
ERROR [jazz] tmp/suite-release-stage-6223/jazz/InventoryItem/JAZZ_Reflex_PKAS.lua: Активный generated companion отсутствует в metadata.code.
ERROR [jazz] tmp/suite-release-stage-6223/jazz/InventoryItem/JAZZ_RemovableAttachment.lua: Активный generated companion отсутствует в metadata.code.
ERROR [jazz] tmp/suite-release-stage-6223/jazz/InventoryItem/JAZZ_Scope_12x.lua: Активный generated companion отсутствует в metadata.code.
ERROR [jazz] tmp/suite-release-stage-6223/jazz/InventoryItem/JAZZ_Scope_3x_9x.lua: Активный generated companion отсутствует в metadata.code.
ERROR [jazz] tmp/suite-release-stage-6223/jazz/InventoryItem/JAZZ_Scope_6x.lua: Активный generated companion отсутствует в metadata.code.
ERROR [jazz] tmp/suite-release-stage-6223/jazz/InventoryItem/JAZZ_Scope_8x_SCROME.lua: Активный generated companion отсутствует в metadata.code.
ERROR [jazz] tmp/suite-release-stage-6223/jazz/InventoryItem/JAZZ_Scope_DA15_6x.lua: Активный generated companion отсутствует в metadata.code.
ERROR [jazz] tmp/suite-release-stage-6223/jazz/InventoryItem/JAZZ_Scope_Garand.lua: Активный generated companion отсутствует в metadata.code.
ERROR [jazz] tmp/suite-release-stage-6223/jazz/InventoryItem/JAZZ_Scope_PSG.lua: Активный generated companion отсутствует в metadata.code.
ERROR [jazz] tmp/suite-release-stage-6223/jazz/InventoryItem/JAZZ_Scope_PSO.lua: Активный generated companion отсутствует в metadata.code.
ERROR [jazz] tmp/suite-release-stage-6223/jazz/InventoryItem/JAZZ_Scope_PU.lua: Активный generated companion отсутствует в metadata.code.
ERROR [jazz] tmp/suite-release-stage-6223/jazz/InventoryItem/JAZZ_Scope_Scout.lua: Активный generated companion отсутствует в metadata.code.
ERROR [jazz] tmp/suite-release-stage-6223/jazz/InventoryItem/JAZZ_Scope_Springfield.lua: Активный generated companion отсутствует в metadata.code.
ERROR [jazz] tmp/suite-release-stage-6223/jazz/InventoryItem/JAZZ_Scope_ZF4.lua: Активный generated companion отсутствует в metadata.code.
ERROR [jazz] tmp/suite-release-stage-6223/jazz/InventoryItem/JAZZ_Scope_ZRAK.lua: Активный generated companion отсутствует в metadata.code.
ERROR [jazz] tmp/suite-release-stage-6223/jazz/InventoryItem/JAZZ_ScopeParts.lua: Активный generated companion отсутствует в metadata.code.
ERROR [jazz] tmp/suite-release-stage-6223/jazz/InventoryItem/JAZZ_Suppressor.lua: Активный generated companion отсутствует в metadata.code.
ERROR [jazz] tmp/suite-release-stage-6223/jazz/InventoryItem/JAZZ_SuppressorImproved.lua: Активный generated companion отсутствует в metadata.code.
ERROR [jazz] tmp/suite-release-stage-6223/jazz/InventoryItem/JAZZ_SuppressorIntegrated.lua: Активный generated companion отсутствует в metadata.code.
ERROR [jazz] tmp/suite-release-stage-6223/jazz/InventoryItem/JAZZ_SurgicalKit.lua: Активный generated companion отсутствует в metadata.code.
ERROR [jazz] tmp/suite-release-stage-6223/jazz/InventoryItem/JAZZ_TacGrip_M14.lua: Активный generated companion отсутствует в metadata.code.
ERROR [jazz] tmp/suite-release-stage-6223/jazz/InventoryItem/JAZZ_TacGrip.lua: Активный generated companion отсутствует в metadata.code.
ERROR [jazz] tmp/suite-release-stage-6223/jazz/InventoryItem/JAZZ_Type56Bayo.lua: Активный generated companion отсутствует в metadata.code.
ERROR [jazz] tmp/suite-release-stage-6223/jazz/InventoryItem/JAZZ_Type56BayoF.lua: Активный generated companion отсутствует в metadata.code.
ERROR [jazz] tmp/suite-release-stage-6223/jazz/InventoryItem/JAZZ_UVDot_aa12.lua: Активный generated companion отсутствует в metadata.code.
ERROR [jazz] tmp/suite-release-stage-6223/jazz/InventoryItem/JAZZ_UVDot_Anaconda.lua: Активный generated companion отсутствует в metadata.code.
ERROR [jazz] tmp/suite-release-stage-6223/jazz/InventoryItem/JAZZ_UVDot_PSG_M1.lua: Активный generated companion отсутствует в metadata.code.
ERROR [jazz] tmp/suite-release-stage-6223/jazz/InventoryItem/JAZZ_UVDot.lua: Активный generated companion отсутствует в metadata.code.
ERROR [jazz] tmp/suite-release-stage-6223/jazz/InventoryItem/JAZZ_VerticalGrip_Commando.lua: Активный generated companion отсутствует в metadata.code.
ERROR [jazz] tmp/suite-release-stage-6223/jazz/InventoryItem/JAZZ_VerticalGrip_M14.lua: Активный generated companion отсутствует в metadata.code.
ERROR [jazz] tmp/suite-release-stage-6223/jazz/InventoryItem/JAZZ_VerticalGrip.lua: Активный generated companion отсутствует в metadata.code.
ERROR [jazz] tmp/suite-release-stage-6223/jazz/InventoryItem/JazzArmor_6B13.lua: Активный generated companion отсутствует в metadata.code.
ERROR [jazz] tmp/suite-release-stage-6223/jazz/InventoryItem/JazzArmor_6B3.lua: Активный generated companion отсутствует в metadata.code.
ERROR [jazz] tmp/suite-release-stage-6223/jazz/InventoryItem/JazzArmor_6b7Helm.lua: Активный generated companion отсутствует в metadata.code.
ERROR [jazz] tmp/suite-release-stage-6223/jazz/InventoryItem/JazzArmor_AdrianHelmet.lua: Активный generated companion отсутствует в metadata.code.
ERROR [jazz] tmp/suite-release-stage-6223/jazz/InventoryItem/JazzArmor_AltynHelm.lua: Активный generated companion отсутствует в metadata.code.
ERROR [jazz] tmp/suite-release-stage-6223/jazz/InventoryItem/JazzArmor_AssaultCuirass.lua: Активный generated companion отсутствует в metadata.code.
ERROR [jazz] tmp/suite-release-stage-6223/jazz/InventoryItem/JazzArmor_BallisticMask.lua: Активный generated companion отсутствует в metadata.code.
ERROR [jazz] tmp/suite-release-stage-6223/jazz/InventoryItem/JazzArmor_CamoBalaclava.lua: Активный generated companion отсутствует в metadata.code.
ERROR [jazz] tmp/suite-release-stage-6223/jazz/InventoryItem/JazzArmor_CamoKneePads.lua: Активный generated companion отсутствует в metadata.code.
ERROR [jazz] tmp/suite-release-stage-6223/jazz/InventoryItem/JazzArmor_Chainmail.lua: Активный generated companion отсутствует в metadata.code.
ERROR [jazz] tmp/suite-release-stage-6223/jazz/InventoryItem/JazzArmor_ConstructionHelmet.lua: Активный generated companion отсутствует в metadata.code.
ERROR [jazz] tmp/suite-release-stage-6223/jazz/InventoryItem/JazzArmor_EOD.lua: Активный generated companion отсутствует в metadata.code.
ERROR [jazz] tmp/suite-release-stage-6223/jazz/InventoryItem/JazzArmor_ESS.lua: Активный generated companion отсутствует в metadata.code.
ERROR [jazz] tmp/suite-release-stage-6223/jazz/InventoryItem/JazzArmor_FlakM1955.lua: Активный generated companion отсутствует в metadata.code.
ERROR [jazz] tmp/suite-release-stage-6223/jazz/InventoryItem/JazzArmor_FlakM69.lua: Активный generated companion отсутствует в metadata.code.
ERROR [jazz] tmp/suite-release-stage-6223/jazz/InventoryItem/JazzArmor_GuardianFull.lua: Активный generated companion отсутствует в metadata.code.
ERROR [jazz] tmp/suite-release-stage-6223/jazz/InventoryItem/JazzArmor_GuardianHeavyLegs.lua: Активный generated companion отсутствует в metadata.code.
ERROR [jazz] tmp/suite-release-stage-6223/jazz/InventoryItem/JazzArmor_GuardianHelm.lua: Активный generated companion отсутствует в metadata.code.
ERROR [jazz] tmp/suite-release-stage-6223/jazz/InventoryItem/JazzArmor_GuardianHelmHeavy.lua: Активный generated companion отсутствует в metadata.code.
ERROR [jazz] tmp/suite-release-stage-6223/jazz/InventoryItem/JazzArmor_GuardianLegs.lua: Активный generated companion отсутствует в metadata.code.
ERROR [jazz] tmp/suite-release-stage-6223/jazz/InventoryItem/JazzArmor_GuardianLight.lua: Активный generated companion отсутствует в metadata.code.
ERROR [jazz] tmp/suite-release-stage-6223/jazz/InventoryItem/JazzArmor_GuardianMedium.lua: Активный generated companion отсутствует в metadata.code.
ERROR [jazz] tmp/suite-release-stage-6223/jazz/InventoryItem/JazzArmor_IBA.lua: Активный generated companion отсутствует в metadata.code.
ERROR [jazz] tmp/suite-release-stage-6223/jazz/InventoryItem/JazzArmor_IBAFull.lua: Активный generated companion отсутствует в metadata.code.
ERROR [jazz] tmp/suite-release-stage-6223/jazz/InventoryItem/JazzArmor_IBALight.lua: Активный generated companion отсутствует в metadata.code.
ERROR [jazz] tmp/suite-release-stage-6223/jazz/InventoryItem/JazzArmor_ImprovisedCuirass.lua: Активный generated companion отсутствует в metadata.code.
ERROR [jazz] tmp/suite-release-stage-6223/jazz/InventoryItem/JazzArmor_LeatherArmor.lua: Активный generated companion отсутствует в metadata.code.
ERROR [jazz] tmp/suite-release-stage-6223/jazz/InventoryItem/JazzArmor_LeatherJacketBlk.lua: Активный generated companion отсутствует в metadata.code.
ERROR [jazz] tmp/suite-release-stage-6223/jazz/InventoryItem/JazzArmor_LeatherJacketBrn.lua: Активный generated companion отсутствует в metadata.code.
ERROR [jazz] tmp/suite-release-stage-6223/jazz/InventoryItem/JazzArmor_LeatherPants.lua: Активный generated companion отсутствует в metadata.code.
ERROR [jazz] tmp/suite-release-stage-6223/jazz/InventoryItem/JazzArmor_LeatherVest.lua: Активный generated companion отсутствует в metadata.code.
ERROR [jazz] tmp/suite-release-stage-6223/jazz/InventoryItem/JazzArmor_M1Helm.lua: Активный generated companion отсутствует в metadata.code.
ERROR [jazz] tmp/suite-release-stage-6223/jazz/InventoryItem/JazzArmor_MetalHelm.lua: Активный generated companion отсутствует в metadata.code.
ERROR [jazz] tmp/suite-release-stage-6223/jazz/InventoryItem/JazzArmor_Mich2000.lua: Активный generated companion отсутствует в metadata.code.
ERROR [jazz] tmp/suite-release-stage-6223/jazz/InventoryItem/JazzArmor_Mich2001.lua: Активный generated companion отсутствует в metadata.code.
ERROR [jazz] tmp/suite-release-stage-6223/jazz/InventoryItem/JazzArmor_MotoKneePads.lua: Активный generated companion отсутствует в metadata.code.
ERROR [jazz] tmp/suite-release-stage-6223/jazz/InventoryItem/JazzArmor_NVG1.lua: Активный generated companion отсутствует в metadata.code.
ERROR [jazz] tmp/suite-release-stage-6223/jazz/InventoryItem/JazzArmor_NVG2.lua: Активный generated companion отсутствует в metadata.code.
ERROR [jazz] tmp/suite-release-stage-6223/jazz/InventoryItem/JazzArmor_NVG3.lua: Активный generated companion отсутствует в metadata.code.
ERROR [jazz] tmp/suite-release-stage-6223/jazz/InventoryItem/JazzArmor_PASGT.lua: Активный generated companion отсутствует в metadata.code.
ERROR [jazz] tmp/suite-release-stage-6223/jazz/InventoryItem/JazzArmor_PASGTHelm.lua: Активный generated companion отсутствует в metadata.code.
ERROR [jazz] tmp/suite-release-stage-6223/jazz/InventoryItem/JazzArmor_PoliceVest.lua: Активный generated companion отсутствует в metadata.code.
ERROR [jazz] tmp/suite-release-stage-6223/jazz/InventoryItem/JazzArmor_ProTecHelm.lua: Активный generated companion отсутствует в metadata.code.
ERROR [jazz] tmp/suite-release-stage-6223/jazz/InventoryItem/JazzArmor_RaiderKneePads.lua: Активный generated companion отсутствует в metadata.code.
ERROR [jazz] tmp/suite-release-stage-6223/jazz/InventoryItem/JazzArmor_RaiderMetalLeggins.lua: Активный generated companion отсутствует в metadata.code.
ERROR [jazz] tmp/suite-release-stage-6223/jazz/InventoryItem/JazzArmor_RBA.lua: Активный generated companion отсутствует в metadata.code.
ERROR [jazz] tmp/suite-release-stage-6223/jazz/InventoryItem/JazzArmor_SovietAssaultArmor.lua: Активный generated companion отсутствует в metadata.code.
ERROR [jazz] tmp/suite-release-stage-6223/jazz/InventoryItem/JazzArmor_SovietHelm.lua: Активный generated companion отсутствует в metadata.code.
ERROR [jazz] tmp/suite-release-stage-6223/jazz/InventoryItem/JazzArmor_Spectra.lua: Активный generated companion отсутствует в metadata.code.
ERROR [jazz] tmp/suite-release-stage-6223/jazz/InventoryItem/JazzArmor_SpectraCompositum.lua: Активный generated companion отсутствует в metadata.code.
ERROR [jazz] tmp/suite-release-stage-6223/jazz/InventoryItem/JazzArmor_SpectraFull.lua: Активный generated companion отсутствует в metadata.code.
ERROR [jazz] tmp/suite-release-stage-6223/jazz/InventoryItem/JazzArmor_SpectraFullCompositum.lua: Активный generated companion отсутствует в metadata.code.
ERROR [jazz] tmp/suite-release-stage-6223/jazz/InventoryItem/JazzArmor_SpectraHelm.lua: Активный generated companion отсутствует в metadata.code.
ERROR [jazz] tmp/suite-release-stage-6223/jazz/InventoryItem/JazzArmor_SpectraLegs.lua: Активный generated companion отсутствует в metadata.code.
ERROR [jazz] tmp/suite-release-stage-6223/jazz/InventoryItem/JazzArmor_Stahlhelm.lua: Активный generated companion отсутствует в metadata.code.
ERROR [jazz] tmp/suite-release-stage-6223/jazz/InventoryItem/JazzArmor_STSHHelm.lua: Активный generated companion отсутствует в metadata.code.
ERROR [jazz] tmp/suite-release-stage-6223/jazz/InventoryItem/JazzArmor_Sunglasses.lua: Активный generated companion отсутствует в metadata.code.
ERROR [jazz] tmp/suite-release-stage-6223/jazz/InventoryItem/JazzArmor_SWAT.lua: Активный generated companion отсутствует в metadata.code.
ERROR [jazz] tmp/suite-release-stage-6223/jazz/InventoryItem/JazzArmor_SwatPads.lua: Активный generated companion отсутствует в metadata.code.
ERROR [jazz] tmp/suite-release-stage-6223/jazz/InventoryItem/JazzArmor_TireArmor.lua: Активный generated companion отсутствует в metadata.code.
ERROR [jazz] tmp/suite-release-stage-6223/jazz/InventoryItem/JazzArmor_TireBrigantine.lua: Активный generated companion отсутствует в metadata.code.
ERROR [jazz] tmp/suite-release-stage-6223/jazz/InventoryItem/JazzArmor_TwaronFull.lua: Активный generated companion отсутствует в metadata.code.
ERROR [jazz] tmp/suite-release-stage-6223/jazz/InventoryItem/JazzArmor_TwaronHeavyLegs.lua: Активный generated companion отсутствует в metadata.code.
ERROR [jazz] tmp/suite-release-stage-6223/jazz/InventoryItem/JazzArmor_TwaronHelm.lua: Активный generated companion отсутствует в metadata.code.
ERROR [jazz] tmp/suite-release-stage-6223/jazz/InventoryItem/JazzArmor_TwaronHelmHeavy.lua: Активный generated companion отсутствует в metadata.code.
ERROR [jazz] tmp/suite-release-stage-6223/jazz/InventoryItem/JazzArmor_TwaronLegs.lua: Активный generated companion отсутствует в metadata.code.
ERROR [jazz] tmp/suite-release-stage-6223/jazz/InventoryItem/JazzArmor_TwaronLight.lua: Активный generated companion отсутствует в metadata.code.
ERROR [jazz] tmp/suite-release-stage-6223/jazz/InventoryItem/JazzArmor_TwaronMedium.lua: Активный generated companion отсутствует в metadata.code.
ERROR [jazz] tmp/suite-release-stage-6223/jazz/InventoryItem/JazzArmor_UHMWPE.lua: Активный generated companion отсутствует в metadata.code.
ERROR [jazz] tmp/suite-release-stage-6223/jazz/InventoryItem/JazzArmor_UHMWPEFull.lua: Активный generated companion отсутствует в metadata.code.
ERROR [jazz] tmp/suite-release-stage-6223/jazz/InventoryItem/JazzArmor_UHMWPEHelm.lua: Активный generated companion отсутствует в metadata.code.
ERROR [jazz] tmp/suite-release-stage-6223/jazz/InventoryItem/JazzArmor_UHMWPELegs.lua: Активный generated companion отсутствует в metadata.code.
ERROR [jazz] tmp/suite-release-stage-6223/jazz/InventoryItem/JazzArmor_Uniform.lua: Активный generated companion отсутствует в metadata.code.
ERROR [jazz] tmp/suite-release-stage-6223/jazz/InventoryItem/JazzArmor_UniformCap.lua: Активный generated companion отсутствует в metadata.code.
ERROR [jazz] tmp/suite-release-stage-6223/jazz/InventoryItem/JazzArmor_UniformPants.lua: Активный generated companion отсутствует в metadata.code.
ERROR [jazz] tmp/suite-release-stage-6223/jazz/InventoryItem/JazzArmor_WieldingHelm.lua: Активный generated companion отсутствует в metadata.code.
ERROR [jazz] tmp/suite-release-stage-6223/jazz/InventoryItem/JazzArmor_ZylonFull.lua: Активный generated companion отсутствует в metadata.code.
ERROR [jazz] tmp/suite-release-stage-6223/jazz/InventoryItem/JazzArmor_ZylonHeavyLegs.lua: Активный generated companion отсутствует в metadata.code.
ERROR [jazz] tmp/suite-release-stage-6223/jazz/InventoryItem/JazzArmor_ZylonHelm.lua: Активный generated companion отсутствует в metadata.code.
ERROR [jazz] tmp/suite-release-stage-6223/jazz/InventoryItem/JazzArmor_ZylonHelmHeavy.lua: Активный generated companion отсутствует в metadata.code.
ERROR [jazz] tmp/suite-release-stage-6223/jazz/InventoryItem/JazzArmor_ZylonLegs.lua: Активный generated companion отсутствует в metadata.code.
ERROR [jazz] tmp/suite-release-stage-6223/jazz/InventoryItem/JazzArmor_ZylonLight.lua: Активный generated companion отсутствует в metadata.code.
ERROR [jazz] tmp/suite-release-stage-6223/jazz/InventoryItem/JazzArmor_ZylonMedium.lua: Активный generated companion отсутствует в metadata.code.
ERROR [jazz] tmp/suite-release-stage-6223/jazz/InventoryItem/JazzArmorPlates_Ceramics3.lua: Активный generated companion отсутствует в metadata.code.
ERROR [jazz] tmp/suite-release-stage-6223/jazz/InventoryItem/JazzArmorPlates_Ceramics4.lua: Активный generated companion отсутствует в metadata.code.
ERROR [jazz] tmp/suite-release-stage-6223/jazz/InventoryItem/JazzArmorPlates_Ceramics5.lua: Активный generated companion отсутствует в metadata.code.
ERROR [jazz] tmp/suite-release-stage-6223/jazz/InventoryItem/JazzArmorPlates_Kevlar.lua: Активный generated companion отсутствует в metadata.code.
ERROR [jazz] tmp/suite-release-stage-6223/jazz/InventoryItem/JazzArmorPlates_Scrap.lua: Активный generated companion отсутствует в metadata.code.
ERROR [jazz] tmp/suite-release-stage-6223/jazz/InventoryItem/JazzArmorPlates_Steel3.lua: Активный generated companion отсутствует в metadata.code.
ERROR [jazz] tmp/suite-release-stage-6223/jazz/InventoryItem/JazzArmorPlates_Steel4.lua: Активный generated companion отсутствует в metadata.code.
ERROR [jazz] tmp/suite-release-stage-6223/jazz/InventoryItem/JazzArmorPlates_Steel5.lua: Активный generated companion отсутствует в metadata.code.
ERROR [jazz] tmp/suite-release-stage-6223/jazz/InventoryItem/JazzArmorPlates_Titan3.lua: Активный generated companion отсутствует в metadata.code.
ERROR [jazz] tmp/suite-release-stage-6223/jazz/InventoryItem/JazzArmorPlates_Titan4.lua: Активный generated companion отсутствует в metadata.code.
ERROR [jazz] tmp/suite-release-stage-6223/jazz/InventoryItem/JazzArmorPlates_Titan5.lua: Активный generated companion отсутствует в metadata.code.
ERROR [jazz] tmp/suite-release-stage-6223/jazz/InventoryItem/JazzArmorPlates_Twaron.lua: Активный generated companion отсутствует в metadata.code.
ERROR [jazz] tmp/suite-release-stage-6223/jazz/InventoryItem/KevlarChestplate_CeramicPlates.lua: Активный generated companion отсутствует в metadata.code.
ERROR [jazz] tmp/suite-release-stage-6223/jazz/InventoryItem/KevlarChestplate_Kompositum.lua: Активный generated companion отсутствует в metadata.code.
ERROR [jazz] tmp/suite-release-stage-6223/jazz/InventoryItem/KevlarChestplate_WeavePadding.lua: Активный generated companion отсутствует в metadata.code.
ERROR [jazz] tmp/suite-release-stage-6223/jazz/InventoryItem/KevlarChestplate.lua: Активный generated companion отсутствует в metadata.code.
ERROR [jazz] tmp/suite-release-stage-6223/jazz/InventoryItem/KevlarHelmet_Kompositum.lua: Активный generated companion отсутствует в metadata.code.
ERROR [jazz] tmp/suite-release-stage-6223/jazz/InventoryItem/KevlarHelmet_WeavePadding.lua: Активный generated companion отсутствует в metadata.code.
ERROR [jazz] tmp/suite-release-stage-6223/jazz/InventoryItem/KevlarHelmet.lua: Активный generated companion отсутствует в metadata.code.
ERROR [jazz] tmp/suite-release-stage-6223/jazz/InventoryItem/KevlarLeggings_Kompositum.lua: Активный generated companion отсутствует в metadata.code.
ERROR [jazz] tmp/suite-release-stage-6223/jazz/InventoryItem/KevlarLeggings_WeavePadding.lua: Активный generated companion отсутствует в metadata.code.
ERROR [jazz] tmp/suite-release-stage-6223/jazz/InventoryItem/KevlarLeggings.lua: Активный generated companion отсутствует в metadata.code.
ERROR [jazz] tmp/suite-release-stage-6223/jazz/InventoryItem/KevlarVest_CeramicPlates.lua: Активный generated companion отсутствует в metadata.code.
ERROR [jazz] tmp/suite-release-stage-6223/jazz/InventoryItem/KevlarVest_Kompositum.lua: Активный generated companion отсутствует в metadata.code.
ERROR [jazz] tmp/suite-release-stage-6223/jazz/InventoryItem/KevlarVest_WeavePadding.lua: Активный generated companion отсутствует в metadata.code.
ERROR [jazz] tmp/suite-release-stage-6223/jazz/InventoryItem/KevlarVest.lua: Активный generated companion отсутствует в metadata.code.
ERROR [jazz] tmp/suite-release-stage-6223/jazz/InventoryItem/Kimber.lua: Активный generated companion отсутствует в metadata.code.
ERROR [jazz] tmp/suite-release-stage-6223/jazz/InventoryItem/Knife_Balanced.lua: Активный generated companion отсутствует в metadata.code.
ERROR [jazz] tmp/suite-release-stage-6223/jazz/InventoryItem/Knife_Sharpened.lua: Активный generated companion отсутствует в metadata.code.
ERROR [jazz] tmp/suite-release-stage-6223/jazz/InventoryItem/Knife.lua: Активный generated companion отсутствует в metadata.code.
ERROR [jazz] tmp/suite-release-stage-6223/jazz/InventoryItem/Korth.lua: Активный generated companion отсутствует в metadata.code.
ERROR [jazz] tmp/suite-release-stage-6223/jazz/InventoryItem/L42A1.lua: Активный generated companion отсутствует в metadata.code.
ERROR [jazz] tmp/suite-release-stage-6223/jazz/InventoryItem/LightHelmet_Kompositum.lua: Активный generated companion отсутствует в metadata.code.
ERROR [jazz] tmp/suite-release-stage-6223/jazz/InventoryItem/LightHelmet_WeavePadding.lua: Активный generated companion отсутствует в metadata.code.
ERROR [jazz] tmp/suite-release-stage-6223/jazz/InventoryItem/LightHelmet.lua: Активный generated companion отсутствует в metadata.code.
ERROR [jazz] tmp/suite-release-stage-6223/jazz/InventoryItem/LionRoar.lua: Активный generated companion отсутствует в metadata.code.
ERROR [jazz] tmp/suite-release-stage-6223/jazz/InventoryItem/Lockpick.lua: Активный generated companion отсутствует в metadata.code.
ERROR [jazz] tmp/suite-release-stage-6223/jazz/InventoryItem/Luger.lua: Активный generated companion отсутствует в metadata.code.
ERROR [jazz] tmp/suite-release-stage-6223/jazz/InventoryItem/M14SAW.lua: Активный generated companion отсутствует в metadata.code.
ERROR [jazz] tmp/suite-release-stage-6223/jazz/InventoryItem/M16A1.lua: Активный generated companion отсутствует в metadata.code.
ERROR [jazz] tmp/suite-release-stage-6223/jazz/InventoryItem/M16A2.lua: Активный generated companion отсутствует в metadata.code.
ERROR [jazz] tmp/suite-release-stage-6223/jazz/InventoryItem/M16A4.lua: Активный generated companion отсутствует в metadata.code.
ERROR [jazz] tmp/suite-release-stage-6223/jazz/InventoryItem/M1897.lua: Активный generated companion отсутствует в metadata.code.
ERROR [jazz] tmp/suite-release-stage-6223/jazz/InventoryItem/M1A.lua: Активный generated companion отсутствует в metadata.code.
ERROR [jazz] tmp/suite-release-stage-6223/jazz/InventoryItem/M1Garand.lua: Активный generated companion отсутствует в metadata.code.
ERROR [jazz] tmp/suite-release-stage-6223/jazz/InventoryItem/M21.lua: Активный generated companion отсутствует в metadata.code.
ERROR [jazz] tmp/suite-release-stage-6223/jazz/InventoryItem/M24Sniper.lua: Активный generated companion отсутствует в metadata.code.
ERROR [jazz] tmp/suite-release-stage-6223/jazz/InventoryItem/M2Carbine.lua: Активный generated companion отсутствует в metadata.code.
ERROR [jazz] tmp/suite-release-stage-6223/jazz/InventoryItem/M3GreaseGun.lua: Активный generated companion отсутствует в metadata.code.
ERROR [jazz] tmp/suite-release-stage-6223/jazz/InventoryItem/M41Shotgun.lua: Активный generated companion отсутствует в metadata.code.
ERROR [jazz] tmp/suite-release-stage-6223/jazz/InventoryItem/M45.lua: Активный generated companion отсутствует в metadata.code.
ERROR [jazz] tmp/suite-release-stage-6223/jazz/InventoryItem/M4A1.lua: Активный generated companion отсутствует в metadata.code.
ERROR [jazz] tmp/suite-release-stage-6223/jazz/InventoryItem/M4Commando.lua: Активный generated companion отсутствует в metadata.code.
ERROR [jazz] tmp/suite-release-stage-6223/jazz/InventoryItem/M60.lua: Активный generated companion отсутствует в metadata.code.
ERROR [jazz] tmp/suite-release-stage-6223/jazz/InventoryItem/M60E3.lua: Активный generated companion отсутствует в metadata.code.
ERROR [jazz] tmp/suite-release-stage-6223/jazz/InventoryItem/M60E4.lua: Активный generated companion отсутствует в metadata.code.
ERROR [jazz] tmp/suite-release-stage-6223/jazz/InventoryItem/M700.lua: Активный generated companion отсутствует в metadata.code.
ERROR [jazz] tmp/suite-release-stage-6223/jazz/InventoryItem/M72LAW.lua: Активный generated companion отсутствует в metadata.code.
ERROR [jazz] tmp/suite-release-stage-6223/jazz/InventoryItem/M79.lua: Активный generated companion отсутствует в metadata.code.
ERROR [jazz] tmp/suite-release-stage-6223/jazz/InventoryItem/MAC10.lua: Активный generated companion отсутствует в metadata.code.
ERROR [jazz] tmp/suite-release-stage-6223/jazz/InventoryItem/MAC1950.lua: Активный generated companion отсутствует в metadata.code.
ERROR [jazz] tmp/suite-release-stage-6223/jazz/InventoryItem/MAC2429.lua: Активный generated companion отсутствует в metadata.code.
ERROR [jazz] tmp/suite-release-stage-6223/jazz/InventoryItem/Machete_Balanced.lua: Активный generated companion отсутствует в metadata.code.
ERROR [jazz] tmp/suite-release-stage-6223/jazz/InventoryItem/Machete_Sharpened.lua: Активный generated companion отсутствует в metadata.code.
ERROR [jazz] tmp/suite-release-stage-6223/jazz/InventoryItem/Machete.lua: Активный generated companion отсутствует в metadata.code.
ERROR [jazz] tmp/suite-release-stage-6223/jazz/InventoryItem/Makarov.lua: Активный generated companion отсутствует в metadata.code.
ERROR [jazz] tmp/suite-release-stage-6223/jazz/InventoryItem/MAS36.lua: Активный generated companion отсутствует в metadata.code.
ERROR [jazz] tmp/suite-release-stage-6223/jazz/InventoryItem/MAS49.lua: Активный generated companion отсутствует в metadata.code.
ERROR [jazz] tmp/suite-release-stage-6223/jazz/InventoryItem/MAT49.lua: Активный generated companion отсутствует в metadata.code.
ERROR [jazz] tmp/suite-release-stage-6223/jazz/InventoryItem/MedicalReport.lua: Активный generated companion отсутствует в metadata.code.
ERROR [jazz] tmp/suite-release-stage-6223/jazz/InventoryItem/Medkit.lua: Активный generated companion отсутствует в metadata.code.
ERROR [jazz] tmp/suite-release-stage-6223/jazz/InventoryItem/Meds.lua: Активный generated companion отсутствует в metadata.code.
ERROR [jazz] tmp/suite-release-stage-6223/jazz/InventoryItem/MetaviraShot.lua: Активный generated companion отсутствует в metadata.code.
ERROR [jazz] tmp/suite-release-stage-6223/jazz/InventoryItem/MG42.lua: Активный generated companion отсутствует в metadata.code.
ERROR [jazz] tmp/suite-release-stage-6223/jazz/InventoryItem/MG58.lua: Активный generated companion отсутствует в metadata.code.
ERROR [jazz] tmp/suite-release-stage-6223/jazz/InventoryItem/MGL.lua: Активный generated companion отсутствует в metadata.code.
ERROR [jazz] tmp/suite-release-stage-6223/jazz/InventoryItem/Microchip.lua: Активный generated companion отсутствует в metadata.code.
ERROR [jazz] tmp/suite-release-stage-6223/jazz/InventoryItem/MicroUZI.lua: Активный generated companion отсутствует в metadata.code.
ERROR [jazz] tmp/suite-release-stage-6223/jazz/InventoryItem/Mini14.lua: Активный generated companion отсутствует в metadata.code.
ERROR [jazz] tmp/suite-release-stage-6223/jazz/InventoryItem/Molotov.lua: Активный generated companion отсутствует в metadata.code.
ERROR [jazz] tmp/suite-release-stage-6223/jazz/InventoryItem/MortarInventoryItem.lua: Активный generated companion отсутствует в metadata.code.
ERROR [jazz] tmp/suite-release-stage-6223/jazz/InventoryItem/MortarShell_Gas.lua: Активный generated companion отсутствует в metadata.code.
ERROR [jazz] tmp/suite-release-stage-6223/jazz/InventoryItem/MortarShell_HE.lua: Активный generated companion отсутствует в metadata.code.
ERROR [jazz] tmp/suite-release-stage-6223/jazz/InventoryItem/MortarShell_Smoke.lua: Активный generated companion отсутствует в metadata.code.
ERROR [jazz] tmp/suite-release-stage-6223/jazz/InventoryItem/Mosin.lua: Активный generated companion отсутствует в metadata.code.
ERROR [jazz] tmp/suite-release-stage-6223/jazz/InventoryItem/MP40.lua: Активный generated companion отсутствует в metadata.code.
ERROR [jazz] tmp/suite-release-stage-6223/jazz/InventoryItem/MP446VIKING.lua: Активный generated companion отсутствует в metadata.code.
ERROR [jazz] tmp/suite-release-stage-6223/jazz/InventoryItem/MP5.lua: Активный generated companion отсутствует в metadata.code.
ERROR [jazz] tmp/suite-release-stage-6223/jazz/InventoryItem/MP5A2.lua: Активный generated companion отсутствует в metadata.code.
ERROR [jazz] tmp/suite-release-stage-6223/jazz/InventoryItem/MP5A4.lua: Активный generated companion отсутствует в metadata.code.
ERROR [jazz] tmp/suite-release-stage-6223/jazz/InventoryItem/MP5K.lua: Активный generated companion отсутствует в metadata.code.
ERROR [jazz] tmp/suite-release-stage-6223/jazz/InventoryItem/MP5SD.lua: Активный generated companion отсутствует в metadata.code.
ERROR [jazz] tmp/suite-release-stage-6223/jazz/InventoryItem/MP7.lua: Активный generated companion отсутствует в metadata.code.
ERROR [jazz] tmp/suite-release-stage-6223/jazz/InventoryItem/MPL.lua: Активный generated companion отсутствует в metadata.code.
ERROR [jazz] tmp/suite-release-stage-6223/jazz/InventoryItem/MR73.lua: Активный generated companion отсутствует в metadata.code.
ERROR [jazz] tmp/suite-release-stage-6223/jazz/InventoryItem/NailsLeatherVest.lua: Активный generated companion отсутствует в metadata.code.
ERROR [jazz] tmp/suite-release-stage-6223/jazz/InventoryItem/NightVisionGoggles.lua: Активный generated companion отсутствует в metadata.code.
ERROR [jazz] tmp/suite-release-stage-6223/jazz/InventoryItem/OilFilter.lua: Активный generated companion отсутствует в metadata.code.
ERROR [jazz] tmp/suite-release-stage-6223/jazz/InventoryItem/OpticalLens.lua: Активный generated companion отсутствует в metadata.code.
ERROR [jazz] tmp/suite-release-stage-6223/jazz/InventoryItem/P210.lua: Активный generated companion отсутствует в metadata.code.
ERROR [jazz] tmp/suite-release-stage-6223/jazz/InventoryItem/P220.lua: Активный generated companion отсутствует в metadata.code.
ERROR [jazz] tmp/suite-release-stage-6223/jazz/InventoryItem/P226.lua: Активный generated companion отсутствует в metadata.code.
ERROR [jazz] tmp/suite-release-stage-6223/jazz/InventoryItem/P38.lua: Активный generated companion отсутствует в metadata.code.
ERROR [jazz] tmp/suite-release-stage-6223/jazz/InventoryItem/P90.lua: Активный generated companion отсутствует в metadata.code.
ERROR [jazz] tmp/suite-release-stage-6223/jazz/InventoryItem/PaBaggzWill.lua: Активный generated companion отсутствует в metadata.code.
ERROR [jazz] tmp/suite-release-stage-6223/jazz/InventoryItem/Pamphlets_LysRouge.lua: Активный generated companion отсутствует в metadata.code.
ERROR [jazz] tmp/suite-release-stage-6223/jazz/InventoryItem/Pamphlets.lua: Активный generated companion отсутствует в metadata.code.
ERROR [jazz] tmp/suite-release-stage-6223/jazz/InventoryItem/Parts.lua: Активный generated companion отсутствует в metadata.code.
ERROR [jazz] tmp/suite-release-stage-6223/jazz/InventoryItem/PB.lua: Активный generated companion отсутствует в metadata.code.
ERROR [jazz] tmp/suite-release-stage-6223/jazz/InventoryItem/Personal_Vicki_CustomTools.lua: Активный generated companion отсутствует в metadata.code.
ERROR [jazz] tmp/suite-release-stage-6223/jazz/InventoryItem/PETN.lua: Активный generated companion отсутствует в metadata.code.
ERROR [jazz] tmp/suite-release-stage-6223/jazz/InventoryItem/PierreMachete.lua: Активный generated companion отсутствует в metadata.code.
ERROR [jazz] tmp/suite-release-stage-6223/jazz/InventoryItem/PipeBomb.lua: Активный generated companion отсутствует в metadata.code.
ERROR [jazz] tmp/suite-release-stage-6223/jazz/InventoryItem/PKM.lua: Активный generated companion отсутствует в metadata.code.
ERROR [jazz] tmp/suite-release-stage-6223/jazz/InventoryItem/PlasmaGun_Crowbar.lua: Активный generated companion отсутствует в metadata.code.
ERROR [jazz] tmp/suite-release-stage-6223/jazz/InventoryItem/PostApoHelmet.lua: Активный generated companion отсутствует в metadata.code.
ERROR [jazz] tmp/suite-release-stage-6223/jazz/InventoryItem/PP19Bizon.lua: Активный generated companion отсутствует в metadata.code.
ERROR [jazz] tmp/suite-release-stage-6223/jazz/InventoryItem/PPS43.lua: Активный generated companion отсутствует в metadata.code.
ERROR [jazz] tmp/suite-release-stage-6223/jazz/InventoryItem/PPSH.lua: Активный generated companion отсутствует в metadata.code.
ERROR [jazz] tmp/suite-release-stage-6223/jazz/InventoryItem/ProximityC4.lua: Активный generated companion отсутствует в metadata.code.
ERROR [jazz] tmp/suite-release-stage-6223/jazz/InventoryItem/ProximityPETN.lua: Активный generated companion отсутствует в metadata.code.
ERROR [jazz] tmp/suite-release-stage-6223/jazz/InventoryItem/ProximityTNT.lua: Активный generated companion отсутствует в metadata.code.
ERROR [jazz] tmp/suite-release-stage-6223/jazz/InventoryItem/PSG1.lua: Активный generated companion отсутствует в metadata.code.
ERROR [jazz] tmp/suite-release-stage-6223/jazz/InventoryItem/R870.lua: Активный generated companion отсутствует в metadata.code.
ERROR [jazz] tmp/suite-release-stage-6223/jazz/InventoryItem/Reanimationsset.lua: Активный generated companion отсутствует в metadata.code.
ERROR [jazz] tmp/suite-release-stage-6223/jazz/InventoryItem/RemoteC4.lua: Активный generated companion отсутствует в metadata.code.
ERROR [jazz] tmp/suite-release-stage-6223/jazz/InventoryItem/RemotePETN.lua: Активный generated companion отсутствует в metadata.code.
ERROR [jazz] tmp/suite-release-stage-6223/jazz/InventoryItem/RemoteTNT.lua: Активный generated companion отсутствует в metadata.code.
ERROR [jazz] tmp/suite-release-stage-6223/jazz/InventoryItem/RPD.lua: Активный generated companion отсутствует в metadata.code.
ERROR [jazz] tmp/suite-release-stage-6223/jazz/InventoryItem/RPG7.lua: Активный generated companion отсутствует в metadata.code.
ERROR [jazz] tmp/suite-release-stage-6223/jazz/InventoryItem/RPK.lua: Активный generated companion отсутствует в metadata.code.
ERROR [jazz] tmp/suite-release-stage-6223/jazz/InventoryItem/RPK74.lua: Активный generated companion отсутствует в metadata.code.
ERROR [jazz] tmp/suite-release-stage-6223/jazz/InventoryItem/RSH12.lua: Активный generated companion отсутствует в metadata.code.
ERROR [jazz] tmp/suite-release-stage-6223/jazz/InventoryItem/Scorpion.lua: Активный generated companion отсутствует в metadata.code.
ERROR [jazz] tmp/suite-release-stage-6223/jazz/InventoryItem/ScoutSniper.lua: Активный generated companion отсутствует в metadata.code.
ERROR [jazz] tmp/suite-release-stage-6223/jazz/InventoryItem/ShamanHelmet.lua: Активный generated companion отсутствует в metadata.code.
ERROR [jazz] tmp/suite-release-stage-6223/jazz/InventoryItem/ShamanLeggings.lua: Активный generated companion отсутствует в metadata.code.
ERROR [jazz] tmp/suite-release-stage-6223/jazz/InventoryItem/ShamanTorso.lua: Активный generated companion отсутствует в metadata.code.
ERROR [jazz] tmp/suite-release-stage-6223/jazz/InventoryItem/ShapedCharge.lua: Активный generated companion отсутствует в metadata.code.
ERROR [jazz] tmp/suite-release-stage-6223/jazz/InventoryItem/Sig550.lua: Активный generated companion отсутствует в metadata.code.
ERROR [jazz] tmp/suite-release-stage-6223/jazz/InventoryItem/Sig550Custom.lua: Активный generated companion отсутствует в metadata.code.
ERROR [jazz] tmp/suite-release-stage-6223/jazz/InventoryItem/Sig552.lua: Активный generated companion отсутствует в metadata.code.
ERROR [jazz] tmp/suite-release-stage-6223/jazz/InventoryItem/Sig552SWAT.lua: Активный generated companion отсутствует в metadata.code.
ERROR [jazz] tmp/suite-release-stage-6223/jazz/InventoryItem/SkillMag_Agility.lua: Активный generated companion отсутствует в metadata.code.
ERROR [jazz] tmp/suite-release-stage-6223/jazz/InventoryItem/SkillMag_Dexterity.lua: Активный generated companion отсутствует в metadata.code.
ERROR [jazz] tmp/suite-release-stage-6223/jazz/InventoryItem/SkillMag_Explosives.lua: Активный generated companion отсутствует в metadata.code.
ERROR [jazz] tmp/suite-release-stage-6223/jazz/InventoryItem/SkillMag_Health.lua: Активный generated companion отсутствует в metadata.code.
ERROR [jazz] tmp/suite-release-stage-6223/jazz/InventoryItem/SkillMag_Leadership.lua: Активный generated companion отсутствует в metadata.code.
ERROR [jazz] tmp/suite-release-stage-6223/jazz/InventoryItem/SkillMag_Marksmanship.lua: Активный generated companion отсутствует в metadata.code.
ERROR [jazz] tmp/suite-release-stage-6223/jazz/InventoryItem/SkillMag_Mechanical.lua: Активный generated companion отсутствует в metadata.code.
ERROR [jazz] tmp/suite-release-stage-6223/jazz/InventoryItem/SkillMag_Medical.lua: Активный generated companion отсутствует в metadata.code.
ERROR [jazz] tmp/suite-release-stage-6223/jazz/InventoryItem/SkillMag_Strength.lua: Активный generated companion отсутствует в metadata.code.
ERROR [jazz] tmp/suite-release-stage-6223/jazz/InventoryItem/SkillMag_Wisdom.lua: Активный generated companion отсутствует в metadata.code.
ERROR [jazz] tmp/suite-release-stage-6223/jazz/InventoryItem/SKS.lua: Активный generated companion отсутствует в metadata.code.
ERROR [jazz] tmp/suite-release-stage-6223/jazz/InventoryItem/SmokeGrenade.lua: Активный generated companion отсутствует в metadata.code.
ERROR [jazz] tmp/suite-release-stage-6223/jazz/InventoryItem/SPAS12.lua: Активный generated companion отсутствует в metadata.code.
ERROR [jazz] tmp/suite-release-stage-6223/jazz/InventoryItem/SpectreM4.lua: Активный generated companion отсутствует в metadata.code.
ERROR [jazz] tmp/suite-release-stage-6223/jazz/InventoryItem/Springfield.lua: Активный generated companion отсутствует в metadata.code.
ERROR [jazz] tmp/suite-release-stage-6223/jazz/InventoryItem/SR3M.lua: Активный generated companion отсутствует в metadata.code.
ERROR [jazz] tmp/suite-release-stage-6223/jazz/InventoryItem/Sterling.lua: Активный generated companion отсутствует в metadata.code.
ERROR [jazz] tmp/suite-release-stage-6223/jazz/InventoryItem/STG44.lua: Активный generated companion отсутствует в metadata.code.
ERROR [jazz] tmp/suite-release-stage-6223/jazz/InventoryItem/Stoeger.lua: Активный generated companion отсутствует в metadata.code.
ERROR [jazz] tmp/suite-release-stage-6223/jazz/InventoryItem/Striker.lua: Активный generated companion отсутствует в metadata.code.
ERROR [jazz] tmp/suite-release-stage-6223/jazz/InventoryItem/Suppressor_Rifle.lua: Активный generated companion отсутствует в metadata.code.
ERROR [jazz] tmp/suite-release-stage-6223/jazz/InventoryItem/Suppressor.lua: Активный generated companion отсутствует в metadata.code.
ERROR [jazz] tmp/suite-release-stage-6223/jazz/InventoryItem/SVT40.lua: Активный generated companion отсутствует в metadata.code.
ERROR [jazz] tmp/suite-release-stage-6223/jazz/InventoryItem/SVU.lua: Активный generated companion отсутствует в metadata.code.
ERROR [jazz] tmp/suite-release-stage-6223/jazz/InventoryItem/SWModel10.lua: Активный generated companion отсутствует в metadata.code.
ERROR [jazz] tmp/suite-release-stage-6223/jazz/InventoryItem/SWModel19.lua: Активный generated companion отсутствует в metadata.code.
ERROR [jazz] tmp/suite-release-stage-6223/jazz/InventoryItem/SWModel29.lua: Активный generated companion отсутствует в metadata.code.
ERROR [jazz] tmp/suite-release-stage-6223/jazz/InventoryItem/SWModel52.lua: Активный generated companion отсутствует в metadata.code.
ERROR [jazz] tmp/suite-release-stage-6223/jazz/InventoryItem/SWModel5906.lua: Активный generated companion отсутствует в metadata.code.
ERROR [jazz] tmp/suite-release-stage-6223/jazz/InventoryItem/TearGasGrenade.lua: Активный generated companion отсутствует в metadata.code.
ERROR [jazz] tmp/suite-release-stage-6223/jazz/InventoryItem/Ted.lua: Активный generated companion отсутствует в metadata.code.
ERROR [jazz] tmp/suite-release-stage-6223/jazz/InventoryItem/TexRevolver.lua: Активный generated companion отсутствует в metadata.code.
ERROR [jazz] tmp/suite-release-stage-6223/jazz/InventoryItem/Thompson.lua: Активный generated companion отсутствует в metadata.code.
ERROR [jazz] tmp/suite-release-stage-6223/jazz/InventoryItem/TimedC4.lua: Активный generated companion отсутствует в metadata.code.
ERROR [jazz] tmp/suite-release-stage-6223/jazz/InventoryItem/TimedPETN.lua: Активный generated companion отсутствует в metadata.code.
ERROR [jazz] tmp/suite-release-stage-6223/jazz/InventoryItem/TimedTNT.lua: Активный generated companion отсутствует в metadata.code.
ERROR [jazz] tmp/suite-release-stage-6223/jazz/InventoryItem/TMP.lua: Активный generated companion отсутствует в metadata.code.
ERROR [jazz] tmp/suite-release-stage-6223/jazz/InventoryItem/TNT.lua: Активный generated companion отсутствует в metadata.code.
ERROR [jazz] tmp/suite-release-stage-6223/jazz/InventoryItem/ToxicGasGrenade.lua: Активный generated companion отсутствует в metadata.code.
ERROR [jazz] tmp/suite-release-stage-6223/jazz/InventoryItem/Trench_Shovel.lua: Активный generated companion отсутствует в metadata.code.
ERROR [jazz] tmp/suite-release-stage-6223/jazz/InventoryItem/Trophy.lua: Активный generated companion отсутствует в metadata.code.
ERROR [jazz] tmp/suite-release-stage-6223/jazz/InventoryItem/TT33.lua: Активный generated companion отсутствует в metadata.code.
ERROR [jazz] tmp/suite-release-stage-6223/jazz/InventoryItem/Type56.lua: Активный generated companion отсутствует в metadata.code.
ERROR [jazz] tmp/suite-release-stage-6223/jazz/InventoryItem/U100.lua: Активный generated companion отсутствует в metadata.code.
ERROR [jazz] tmp/suite-release-stage-6223/jazz/InventoryItem/UMP45.lua: Активный generated companion отсутствует в metadata.code.
ERROR [jazz] tmp/suite-release-stage-6223/jazz/InventoryItem/Unarmed.lua: Активный generated companion отсутствует в metadata.code.
ERROR [jazz] tmp/suite-release-stage-6223/jazz/InventoryItem/UnderslungGrenadeLauncher.lua: Активный generated companion отсутствует в metadata.code.
ERROR [jazz] tmp/suite-release-stage-6223/jazz/InventoryItem/US_Passport.lua: Активный generated companion отсутствует в metadata.code.
ERROR [jazz] tmp/suite-release-stage-6223/jazz/InventoryItem/USAS12.lua: Активный generated companion отсутствует в metadata.code.
ERROR [jazz] tmp/suite-release-stage-6223/jazz/InventoryItem/USP45.lua: Активный generated companion отсутствует в metadata.code.
ERROR [jazz] tmp/suite-release-stage-6223/jazz/InventoryItem/UZI.lua: Активный generated companion отсутствует в metadata.code.
ERROR [jazz] tmp/suite-release-stage-6223/jazz/InventoryItem/VectorCP1.lua: Активный generated companion отсутствует в metadata.code.
ERROR [jazz] tmp/suite-release-stage-6223/jazz/InventoryItem/Vest_test.lua: Активный generated companion отсутствует в metadata.code.
ERROR [jazz] tmp/suite-release-stage-6223/jazz/InventoryItem/VirusSample.lua: Активный generated companion отсутствует в metadata.code.
ERROR [jazz] tmp/suite-release-stage-6223/jazz/InventoryItem/VSS.lua: Активный generated companion отсутствует в metadata.code.
ERROR [jazz] tmp/suite-release-stage-6223/jazz/InventoryItem/Warhead_Frag.lua: Активный generated companion отсутствует в metadata.code.
ERROR [jazz] tmp/suite-release-stage-6223/jazz/InventoryItem/Webley.lua: Активный generated companion отсутствует в metadata.code.
ERROR [jazz] tmp/suite-release-stage-6223/jazz/InventoryItem/WeirdosMap.lua: Активный generated companion отсутствует в metadata.code.
ERROR [jazz] tmp/suite-release-stage-6223/jazz/InventoryItem/Welrod.lua: Активный generated companion отсутствует в metadata.code.
ERROR [jazz] tmp/suite-release-stage-6223/jazz/InventoryItem/Wig.lua: Активный generated companion отсутствует в metadata.code.
ERROR [jazz] tmp/suite-release-stage-6223/jazz/InventoryItem/Winchester_Quest.lua: Активный generated companion отсутствует в metadata.code.
ERROR [jazz] tmp/suite-release-stage-6223/jazz/InventoryItem/Winchester1894.lua: Активный generated companion отсутствует в metadata.code.
ERROR [jazz] tmp/suite-release-stage-6223/jazz/InventoryItem/Wirecutter.lua: Активный generated companion отсутствует в metadata.code.
ERROR [jazz] tmp/suite-release-stage-6223/jazz/InventoryItem/WorkerDiary.lua: Активный generated companion отсутствует в metadata.code.
ERROR [jazz] tmp/suite-release-stage-6223/jazz/InventoryItem/WriterDiary.lua: Активный generated companion отсутствует в metadata.code.
ERROR [jazz] tmp/suite-release-stage-6223/jazz/InventoryItem/WriterLetter.lua: Активный generated companion отсутствует в metadata.code.
ERROR [jazz] tmp/suite-release-stage-6223/jazz/InventoryItem/WriterPage.lua: Активный generated companion отсутствует в metadata.code.
ERROR [jazz] tmp/suite-release-stage-6223/jazz/InventoryItem/Zastava_M70.lua: Активный generated companion отсутствует в metadata.code.
ERROR [jazz] tmp/suite-release-stage-6223/jazz/InventoryItem/ZastavaM76.lua: Активный generated companion отсутствует в metadata.code.
ERROR [jazz] tmp/suite-release-stage-6223/jazz/InventoryItem/ZastavaM92.lua: Активный generated companion отсутствует в metadata.code.
ERROR [jazz] tmp/suite-release-stage-6223/jazz/InventoryItem/vanillunique/Auto5_quest.lua: Активный generated companion отсутствует в metadata.code.
ERROR [jazz] tmp/suite-release-stage-6223/jazz/InventoryItem/vanillunique/Galil_FlagHill.lua: Активный generated companion отсутствует в metadata.code.
ERROR [jazz] tmp/suite-release-stage-6223/jazz/InventoryItem/vanillunique/GoldenGun.lua: Активный generated companion отсутствует в metadata.code.
ERROR [jazz] tmp/suite-release-stage-6223/jazz/InventoryItem/vanillunique/LionRoar.lua: Активный generated companion отсутствует в metadata.code.
ERROR [jazz] tmp/suite-release-stage-6223/jazz/InventoryItem/vanillunique/TexRevolver.lua: Активный generated companion отсутствует в metadata.code.
ERROR [jazz] tmp/suite-release-stage-6223/jazz/InventoryItem/vanillunique/Winchester_Quest.lua: Активный generated companion отсутствует в metadata.code.
ERROR [jazz] tmp/suite-release-stage-6224/jazz/CharacterEffect/Analgesia.lua: Активный generated companion отсутствует в metadata.code.
ERROR [jazz] tmp/suite-release-stage-6224/jazz/CharacterEffect/Armsshot.lua: Активный generated companion отсутствует в metadata.code.
ERROR [jazz] tmp/suite-release-stage-6224/jazz/CharacterEffect/AutoWeapons.lua: Активный generated companion отсутствует в metadata.code.
ERROR [jazz] tmp/suite-release-stage-6224/jazz/CharacterEffect/BandageInCombat.lua: Активный generated companion отсутствует в metadata.code.
ERROR [jazz] tmp/suite-release-stage-6224/jazz/CharacterEffect/BipodUnfolded.lua: Активный generated companion отсутствует в metadata.code.
ERROR [jazz] tmp/suite-release-stage-6224/jazz/CharacterEffect/Bleeding.lua: Активный generated companion отсутствует в metadata.code.
ERROR [jazz] tmp/suite-release-stage-6224/jazz/CharacterEffect/BleedingChance.lua: Активный generated companion отсутствует в metadata.code.
ERROR [jazz] tmp/suite-release-stage-6224/jazz/CharacterEffect/BleedingHeavy.lua: Активный generated companion отсутствует в metadata.code.
ERROR [jazz] tmp/suite-release-stage-6224/jazz/CharacterEffect/BleedingMedium.lua: Активный generated companion отсутствует в metadata.code.
ERROR [jazz] tmp/suite-release-stage-6224/jazz/CharacterEffect/BleedingOut.lua: Активный generated companion отсутствует в metadata.code.
ERROR [jazz] tmp/suite-release-stage-6224/jazz/CharacterEffect/Blinded.lua: Активный generated companion отсутствует в metadata.code.
ERROR [jazz] tmp/suite-release-stage-6224/jazz/CharacterEffect/BloodLoss1.lua: Активный generated companion отсутствует в metadata.code.
ERROR [jazz] tmp/suite-release-stage-6224/jazz/CharacterEffect/BloodLoss10.lua: Активный generated companion отсутствует в metadata.code.
ERROR [jazz] tmp/suite-release-stage-6224/jazz/CharacterEffect/BloodLoss20.lua: Активный generated companion отсутствует в metadata.code.
ERROR [jazz] tmp/suite-release-stage-6224/jazz/CharacterEffect/BloodLoss30.lua: Активный generated companion отсутствует в metadata.code.
ERROR [jazz] tmp/suite-release-stage-6224/jazz/CharacterEffect/BloodLoss40.lua: Активный generated companion отсутствует в metadata.code.
ERROR [jazz] tmp/suite-release-stage-6224/jazz/CharacterEffect/BloodLoss5.lua: Активный generated companion отсутствует в metadata.code.
ERROR [jazz] tmp/suite-release-stage-6224/jazz/CharacterEffect/BloodLoss50.lua: Активный generated companion отсутствует в metadata.code.
ERROR [jazz] tmp/suite-release-stage-6224/jazz/CharacterEffect/Bond.lua: Активный generated companion отсутствует в metadata.code.
ERROR [jazz] tmp/suite-release-stage-6224/jazz/CharacterEffect/BuildingConfidence.lua: Активный generated companion отсутствует в metadata.code.
ERROR [jazz] tmp/suite-release-stage-6224/jazz/CharacterEffect/BulletHell.lua: Активный generated companion отсутствует в metadata.code.
ERROR [jazz] tmp/suite-release-stage-6224/jazz/CharacterEffect/Burning.lua: Активный generated companion отсутствует в metadata.code.
ERROR [jazz] tmp/suite-release-stage-6224/jazz/CharacterEffect/Choking.lua: Активный generated companion отсутствует в metadata.code.
ERROR [jazz] tmp/suite-release-stage-6224/jazz/CharacterEffect/Claustrophobic.lua: Активный generated companion отсутствует в metadata.code.
ERROR [jazz] tmp/suite-release-stage-6224/jazz/CharacterEffect/Concussion.lua: Активный generated companion отсутствует в metadata.code.
ERROR [jazz] tmp/suite-release-stage-6224/jazz/CharacterEffect/DamageReduction.lua: Активный generated companion отсутствует в metadata.code.
ERROR [jazz] tmp/suite-release-stage-6224/jazz/CharacterEffect/DangerClose.lua: Активный generated companion отсутствует в metadata.code.
ERROR [jazz] tmp/suite-release-stage-6224/jazz/CharacterEffect/DesignerExplosives.lua: Активный generated companion отсутствует в metadata.code.
ERROR [jazz] tmp/suite-release-stage-6224/jazz/CharacterEffect/Drunk.lua: Активный generated companion отсутствует в metadata.code.
ERROR [jazz] tmp/suite-release-stage-6224/jazz/CharacterEffect/Exhausted.lua: Активный generated companion отсутствует в metadata.code.
ERROR [jazz] tmp/suite-release-stage-6224/jazz/CharacterEffect/ExplodingPalm.lua: Активный generated companion отсутствует в metadata.code.
ERROR [jazz] tmp/suite-release-stage-6224/jazz/CharacterEffect/Fatigued.lua: Активный generated companion отсутствует в metadata.code.
ERROR [jazz] tmp/suite-release-stage-6224/jazz/CharacterEffect/Fit.lua: Активный generated companion отсутствует в metadata.code.
ERROR [jazz] tmp/suite-release-stage-6224/jazz/CharacterEffect/FreeMove.lua: Активный generated companion отсутствует в metadata.code.
ERROR [jazz] tmp/suite-release-stage-6224/jazz/CharacterEffect/GloryHog.lua: Активный generated companion отсутствует в metadata.code.
ERROR [jazz] tmp/suite-release-stage-6224/jazz/CharacterEffect/GrizzlyPerk.lua: Активный generated companion отсутствует в metadata.code.
ERROR [jazz] tmp/suite-release-stage-6224/jazz/CharacterEffect/Groinshot.lua: Активный generated companion отсутствует в metadata.code.
ERROR [jazz] tmp/suite-release-stage-6224/jazz/CharacterEffect/Grunty_AdditionalAP.lua: Активный generated companion отсутствует в metadata.code.
ERROR [jazz] tmp/suite-release-stage-6224/jazz/CharacterEffect/GruntyPerk_JAZZ.lua: Активный generated companion отсутствует в metadata.code.
ERROR [jazz] tmp/suite-release-stage-6224/jazz/CharacterEffect/GruntyPerk.lua: Активный generated companion отсутствует в metadata.code.
ERROR [jazz] tmp/suite-release-stage-6224/jazz/CharacterEffect/HaveABlast.lua: Активный generated companion отсутствует в metadata.code.
ERROR [jazz] tmp/suite-release-stage-6224/jazz/CharacterEffect/HawksEye.lua: Активный generated companion отсутствует в metadata.code.
ERROR [jazz] tmp/suite-release-stage-6224/jazz/CharacterEffect/Headshot.lua: Активный generated companion отсутствует в metadata.code.
ERROR [jazz] tmp/suite-release-stage-6224/jazz/CharacterEffect/HeavyWeaponsTraining.lua: Активный generated companion отсутствует в metadata.code.
ERROR [jazz] tmp/suite-release-stage-6224/jazz/CharacterEffect/Hemophobic.lua: Активный generated companion отсутствует в metadata.code.
ERROR [jazz] tmp/suite-release-stage-6224/jazz/CharacterEffect/Inaccurate.lua: Активный generated companion отсутствует в metadata.code.
ERROR [jazz] tmp/suite-release-stage-6224/jazz/CharacterEffect/InnerInfo_JAZZ.lua: Активный generated companion отсутствует в metadata.code.
ERROR [jazz] tmp/suite-release-stage-6224/jazz/CharacterEffect/InnerInfo.lua: Активный generated companion отсутствует в metadata.code.
ERROR [jazz] tmp/suite-release-stage-6224/jazz/CharacterEffect/Ironclad.lua: Активный generated companion отсутствует в metadata.code.
ERROR [jazz] tmp/suite-release-stage-6224/jazz/CharacterEffect/JackOfAllTrades.lua: Активный generated companion отсутствует в metadata.code.
ERROR [jazz] tmp/suite-release-stage-6224/jazz/CharacterEffect/Jazz_CombatMedicBuff.lua: Активный generated companion отсутствует в metadata.code.
ERROR [jazz] tmp/suite-release-stage-6224/jazz/CharacterEffect/Jazz_MakeThemBleedBuff.lua: Активный generated companion отсутствует в metadata.code.
ERROR [jazz] tmp/suite-release-stage-6224/jazz/CharacterEffect/Jazz_MiguelAuraDown.lua: Активный generated companion отсутствует в metadata.code.
ERROR [jazz] tmp/suite-release-stage-6224/jazz/CharacterEffect/Jazz_MiguelAuraUp.lua: Активный generated companion отсутствует в metadata.code.
ERROR [jazz] tmp/suite-release-stage-6224/jazz/CharacterEffect/Jazz_OrderAP.lua: Активный generated companion отсутствует в metadata.code.
ERROR [jazz] tmp/suite-release-stage-6224/jazz/CharacterEffect/Jazz_OrderCTH.lua: Активный generated companion отсутствует в metadata.code.
ERROR [jazz] tmp/suite-release-stage-6224/jazz/CharacterEffect/Jazz_Perk_00.lua: Активный generated companion отсутствует в metadata.code.
ERROR [jazz] tmp/suite-release-stage-6224/jazz/CharacterEffect/Jazz_Perk_Allik.lua: Активный generated companion отсутствует в metadata.code.
ERROR [jazz] tmp/suite-release-stage-6224/jazz/CharacterEffect/Jazz_Perk_Benny.lua: Активный generated companion отсутствует в metadata.code.
ERROR [jazz] tmp/suite-release-stage-6224/jazz/CharacterEffect/Jazz_Perk_Biff.lua: Активный generated companion отсутствует в metadata.code.
ERROR [jazz] tmp/suite-release-stage-6224/jazz/CharacterEffect/Jazz_Perk_Biggens.lua: Активный generated companion отсутствует в metadata.code.
ERROR [jazz] tmp/suite-release-stage-6224/jazz/CharacterEffect/Jazz_Perk_Blade.lua: Активный generated companion отсутствует в metadata.code.
ERROR [jazz] tmp/suite-release-stage-6224/jazz/CharacterEffect/Jazz_Perk_Bull.lua: Активный generated companion отсутствует в metadata.code.
ERROR [jazz] tmp/suite-release-stage-6224/jazz/CharacterEffect/Jazz_Perk_Buzz.lua: Активный generated companion отсутствует в metadata.code.
ERROR [jazz] tmp/suite-release-stage-6224/jazz/CharacterEffect/Jazz_Perk_Carlos.lua: Активный generated companion отсутствует в metadata.code.
ERROR [jazz] tmp/suite-release-stage-6224/jazz/CharacterEffect/Jazz_Perk_Colby.lua: Активный generated companion отсутствует в metadata.code.
ERROR [jazz] tmp/suite-release-stage-6224/jazz/CharacterEffect/Jazz_Perk_Conrad.lua: Активный generated companion отсутствует в metadata.code.
ERROR [jazz] tmp/suite-release-stage-6224/jazz/CharacterEffect/Jazz_Perk_Cord.lua: Активный generated companion отсутствует в metadata.code.
ERROR [jazz] tmp/suite-release-stage-6224/jazz/CharacterEffect/Jazz_Perk_Cougar.lua: Активный generated companion отсутствует в metadata.code.
ERROR [jazz] tmp/suite-release-stage-6224/jazz/CharacterEffect/Jazz_Perk_Devin.lua: Активный generated companion отсутствует в metadata.code.
ERROR [jazz] tmp/suite-release-stage-6224/jazz/CharacterEffect/Jazz_Perk_Dimitri.lua: Активный generated companion отсутствует в metadata.code.
ERROR [jazz] tmp/suite-release-stage-6224/jazz/CharacterEffect/Jazz_Perk_Dynamo.lua: Активный generated companion отсутствует в metadata.code.
ERROR [jazz] tmp/suite-release-stage-6224/jazz/CharacterEffect/Jazz_Perk_Eskimo.lua: Активный generated companion отсутствует в metadata.code.
ERROR [jazz] tmp/suite-release-stage-6224/jazz/CharacterEffect/Jazz_Perk_Flo.lua: Активный generated companion отсутствует в metadata.code.
ERROR [jazz] tmp/suite-release-stage-6224/jazz/CharacterEffect/Jazz_Perk_Gamos.lua: Активный generated companion отсутствует в metadata.code.
ERROR [jazz] tmp/suite-release-stage-6224/jazz/CharacterEffect/Jazz_Perk_Gaston.lua: Активный generated companion отсутствует в metadata.code.
ERROR [jazz] tmp/suite-release-stage-6224/jazz/CharacterEffect/Jazz_Perk_Grace.lua: Активный generated companion отсутствует в metadata.code.
ERROR [jazz] tmp/suite-release-stage-6224/jazz/CharacterEffect/Jazz_Perk_Grom.lua: Активный generated companion отсутствует в metadata.code.
ERROR [jazz] tmp/suite-release-stage-6224/jazz/CharacterEffect/Jazz_Perk_Henning.lua: Активный generated companion отсутствует в metadata.code.
ERROR [jazz] tmp/suite-release-stage-6224/jazz/CharacterEffect/Jazz_Perk_Highball.lua: Активный generated companion отсутствует в metadata.code.
ERROR [jazz] tmp/suite-release-stage-6224/jazz/CharacterEffect/Jazz_Perk_Hitman.lua: Активный generated companion отсутствует в metadata.code.
ERROR [jazz] tmp/suite-release-stage-6224/jazz/CharacterEffect/Jazz_Perk_Hobbit.lua: Активный generated companion отсутствует в metadata.code.
ERROR [jazz] tmp/suite-release-stage-6224/jazz/CharacterEffect/Jazz_Perk_Horg.lua: Активный generated companion отсутствует в metadata.code.
ERROR [jazz] tmp/suite-release-stage-6224/jazz/CharacterEffect/Jazz_Perk_Iggy.lua: Активный generated companion отсутствует в metadata.code.
ERROR [jazz] tmp/suite-release-stage-6224/jazz/CharacterEffect/Jazz_Perk_Ira.lua: Активный generated companion отсутствует в metadata.code.
ERROR [jazz] tmp/suite-release-stage-6224/jazz/CharacterEffect/Jazz_Perk_Kulba.lua: Активный generated companion отсутствует в metadata.code.
ERROR [jazz] tmp/suite-release-stage-6224/jazz/CharacterEffect/Jazz_Perk_Laura.lua: Активный generated companion отсутствует в metadata.code.
ERROR [jazz] tmp/suite-release-stage-6224/jazz/CharacterEffect/Jazz_Perk_Lucky.lua: Активный generated companion отсутствует в metadata.code.
ERROR [jazz] tmp/suite-release-stage-6224/jazz/CharacterEffect/Jazz_Perk_Lynx.lua: Активный generated companion отсутствует в metadata.code.
ERROR [jazz] tmp/suite-release-stage-6224/jazz/CharacterEffect/Jazz_Perk_Madman.lua: Активный generated companion отсутствует в metadata.code.
ERROR [jazz] tmp/suite-release-stage-6224/jazz/CharacterEffect/Jazz_Perk_Manuel.lua: Активный generated companion отсутствует в metadata.code.
ERROR [jazz] tmp/suite-release-stage-6224/jazz/CharacterEffect/Jazz_Perk_Meat.lua: Активный generated companion отсутствует в metadata.code.
ERROR [jazz] tmp/suite-release-stage-6224/jazz/CharacterEffect/Jazz_Perk_Miguel.lua: Активный generated companion отсутствует в metadata.code.
ERROR [jazz] tmp/suite-release-stage-6224/jazz/CharacterEffect/Jazz_Perk_Mike.lua: Активный generated companion отсутствует в metadata.code.
ERROR [jazz] tmp/suite-release-stage-6224/jazz/CharacterEffect/Jazz_Perk_Mimicry.lua: Активный generated companion отсутствует в metadata.code.
ERROR [jazz] tmp/suite-release-stage-6224/jazz/CharacterEffect/Jazz_Perk_Monk.lua: Активный generated companion отсутствует в metadata.code.
ERROR [jazz] tmp/suite-release-stage-6224/jazz/CharacterEffect/Jazz_Perk_Nervous.lua: Активный generated companion отсутствует в metadata.code.
ERROR [jazz] tmp/suite-release-stage-6224/jazz/CharacterEffect/Jazz_Perk_OfficerAura.lua: Активный generated companion отсутствует в metadata.code.
ERROR [jazz] tmp/suite-release-stage-6224/jazz/CharacterEffect/Jazz_Perk_OfficerAuraInfluence.lua: Активный generated companion отсутствует в metadata.code.
ERROR [jazz] tmp/suite-release-stage-6224/jazz/CharacterEffect/Jazz_Perk_Quinten.lua: Активный generated companion отсутствует в metadata.code.
ERROR [jazz] tmp/suite-release-stage-6224/jazz/CharacterEffect/Jazz_Perk_Ricochet.lua: Активный generated companion отсутствует в metadata.code.
ERROR [jazz] tmp/suite-release-stage-6224/jazz/CharacterEffect/Jazz_Perk_Rothman.lua: Активный generated companion отсутствует в metadata.code.
ERROR [jazz] tmp/suite-release-stage-6224/jazz/CharacterEffect/Jazz_Perk_Shank.lua: Активный generated companion отсутствует в metadata.code.
ERROR [jazz] tmp/suite-release-stage-6224/jazz/CharacterEffect/Jazz_Perk_Simon.lua: Активный generated companion отсутствует в metadata.code.
ERROR [jazz] tmp/suite-release-stage-6224/jazz/CharacterEffect/Jazz_Perk_Sniper.lua: Активный generated companion отсутствует в metadata.code.
ERROR [jazz] tmp/suite-release-stage-6224/jazz/CharacterEffect/Jazz_Perk_Spider.lua: Активный generated companion отсутствует в metadata.code.
ERROR [jazz] tmp/suite-release-stage-6224/jazz/CharacterEffect/Jazz_Perk_Static.lua: Активный generated companion отсутствует в metadata.code.
ERROR [jazz] tmp/suite-release-stage-6224/jazz/CharacterEffect/Jazz_Perk_Steiger.lua: Активный generated companion отсутствует в metadata.code.
ERROR [jazz] tmp/suite-release-stage-6224/jazz/CharacterEffect/Jazz_Perk_Veteran.lua: Активный generated companion отсутствует в metadata.code.
ERROR [jazz] tmp/suite-release-stage-6224/jazz/CharacterEffect/Jazz_Perk_Vicious.lua: Активный generated companion отсутствует в metadata.code.
ERROR [jazz] tmp/suite-release-stage-6224/jazz/CharacterEffect/Jazz_Perk_Vilde.lua: Активный generated companion отсутствует в metadata.code.
ERROR [jazz] tmp/suite-release-stage-6224/jazz/CharacterEffect/Jazz_Perk_Vince.lua: Активный generated companion отсутствует в metadata.code.
ERROR [jazz] tmp/suite-release-stage-6224/jazz/CharacterEffect/KillingWind.lua: Активный generated companion отсутствует в metadata.code.
ERROR [jazz] tmp/suite-release-stage-6224/jazz/CharacterEffect/Legsshot.lua: Активный generated companion отсутствует в metadata.code.
ERROR [jazz] tmp/suite-release-stage-6224/jazz/CharacterEffect/Loner.lua: Активный generated companion отсутствует в metadata.code.
ERROR [jazz] tmp/suite-release-stage-6224/jazz/CharacterEffect/MakeThemBleed.lua: Активный generated companion отсутствует в metadata.code.
ERROR [jazz] tmp/suite-release-stage-6224/jazz/CharacterEffect/MarkedTraccers.lua: Активный generated companion отсутствует в metadata.code.
ERROR [jazz] tmp/suite-release-stage-6224/jazz/CharacterEffect/NaturalHealing.lua: Активный generated companion отсутствует в metadata.code.
ERROR [jazz] tmp/suite-release-stage-6224/jazz/CharacterEffect/Nazdarovya.lua: Активный generated companion отсутствует в metadata.code.
ERROR [jazz] tmp/suite-release-stage-6224/jazz/CharacterEffect/Negotiator.lua: Активный generated companion отсутствует в metadata.code.
ERROR [jazz] tmp/suite-release-stage-6224/jazz/CharacterEffect/Optimist.lua: Активный generated companion отсутствует в metadata.code.
ERROR [jazz] tmp/suite-release-stage-6224/jazz/CharacterEffect/Pain.lua: Активный generated companion отсутствует в metadata.code.
ERROR [jazz] tmp/suite-release-stage-6224/jazz/CharacterEffect/Pessimist.lua: Активный generated companion отсутствует в metadata.code.
ERROR [jazz] tmp/suite-release-stage-6224/jazz/CharacterEffect/Psycho.lua: Активный generated companion отсутствует в metadata.code.
ERROR [jazz] tmp/suite-release-stage-6224/jazz/CharacterEffect/RecklessAssault.lua: Активный generated companion отсутствует в metadata.code.
ERROR [jazz] tmp/suite-release-stage-6224/jazz/CharacterEffect/Scoundrel.lua: Активный generated companion отсутствует в metadata.code.
ERROR [jazz] tmp/suite-release-stage-6224/jazz/CharacterEffect/Slowed.lua: Активный generated companion отсутствует в metadata.code.
ERROR [jazz] tmp/suite-release-stage-6224/jazz/CharacterEffect/Spiritual.lua: Активный generated companion отсутствует в metadata.code.
ERROR [jazz] tmp/suite-release-stage-6224/jazz/CharacterEffect/SteadyBreathing.lua: Активный generated companion отсутствует в metadata.code.
ERROR [jazz] tmp/suite-release-stage-6224/jazz/CharacterEffect/Stealthy.lua: Активный generated companion отсутствует в metadata.code.
ERROR [jazz] tmp/suite-release-stage-6224/jazz/CharacterEffect/SteroidPunch.lua: Активный generated companion отсутствует в metadata.code.
ERROR [jazz] tmp/suite-release-stage-6224/jazz/CharacterEffect/suppressionHeavy.lua: Активный generated companion отсутствует в metadata.code.
ERROR [jazz] tmp/suite-release-stage-6224/jazz/CharacterEffect/suppressionHeavy2.lua: Активный generated companion отсутствует в metadata.code.
ERROR [jazz] tmp/suite-release-stage-6224/jazz/CharacterEffect/suppressionLight.lua: Активный generated companion отсутствует в metadata.code.
ERROR [jazz] tmp/suite-release-stage-6224/jazz/CharacterEffect/suppressionMedium.lua: Активный generated companion отсутствует в metadata.code.
ERROR [jazz] tmp/suite-release-stage-6224/jazz/CharacterEffect/suppressionPinned.lua: Активный generated companion отсутствует в metadata.code.
ERROR [jazz] tmp/suite-release-stage-6224/jazz/CharacterEffect/SuppressStunGrenade.lua: Активный generated companion отсутствует в metadata.code.
ERROR [jazz] tmp/suite-release-stage-6224/jazz/CharacterEffect/TakeAim.lua: Активный generated companion отсутствует в metadata.code.
ERROR [jazz] tmp/suite-release-stage-6224/jazz/CharacterEffect/Tired.lua: Активный generated companion отсутствует в metadata.code.
ERROR [jazz] tmp/suite-release-stage-6224/jazz/CharacterEffect/Torsoshot.lua: Активный generated companion отсутствует в metadata.code.
ERROR [jazz] tmp/suite-release-stage-6224/jazz/CharacterEffect/TraumaArmsHeavy.lua: Активный generated companion отсутствует в metadata.code.
ERROR [jazz] tmp/suite-release-stage-6224/jazz/CharacterEffect/TraumaArmsLight.lua: Активный generated companion отсутствует в metadata.code.
ERROR [jazz] tmp/suite-release-stage-6224/jazz/CharacterEffect/TraumaArmsMedium.lua: Активный generated companion отсутствует в metadata.code.
ERROR [jazz] tmp/suite-release-stage-6224/jazz/CharacterEffect/TraumaBurnHeavy.lua: Активный generated companion отсутствует в metadata.code.
ERROR [jazz] tmp/suite-release-stage-6224/jazz/CharacterEffect/TraumaBurnLight.lua: Активный generated companion отсутствует в metadata.code.
ERROR [jazz] tmp/suite-release-stage-6224/jazz/CharacterEffect/TraumaBurnMedium.lua: Активный generated companion отсутствует в metadata.code.
ERROR [jazz] tmp/suite-release-stage-6224/jazz/CharacterEffect/TraumaHeadHeavy.lua: Активный generated companion отсутствует в metadata.code.
ERROR [jazz] tmp/suite-release-stage-6224/jazz/CharacterEffect/TraumaHeadLight.lua: Активный generated companion отсутствует в metadata.code.
ERROR [jazz] tmp/suite-release-stage-6224/jazz/CharacterEffect/TraumaHeadMedium.lua: Активный generated companion отсутствует в metadata.code.
ERROR [jazz] tmp/suite-release-stage-6224/jazz/CharacterEffect/TraumaLegsHeavy.lua: Активный generated companion отсутствует в metadata.code.
ERROR [jazz] tmp/suite-release-stage-6224/jazz/CharacterEffect/TraumaLegsLight.lua: Активный generated companion отсутствует в metadata.code.
ERROR [jazz] tmp/suite-release-stage-6224/jazz/CharacterEffect/TraumaLegsMedium.lua: Активный generated companion отсутствует в metadata.code.
ERROR [jazz] tmp/suite-release-stage-6224/jazz/CharacterEffect/TraumaRibsHeavy.lua: Активный generated companion отсутствует в metadata.code.
ERROR [jazz] tmp/suite-release-stage-6224/jazz/CharacterEffect/TraumaRibsLight.lua: Активный generated companion отсутствует в metadata.code.
ERROR [jazz] tmp/suite-release-stage-6224/jazz/CharacterEffect/TraumaRibsMedium.lua: Активный generated companion отсутствует в metadata.code.
ERROR [jazz] tmp/suite-release-stage-6224/jazz/CharacterEffect/TrueGrit.lua: Активный generated companion отсутствует в metadata.code.
ERROR [jazz] tmp/suite-release-stage-6224/jazz/CharacterEffect/Unconscious.lua: Активный generated companion отсутствует в metadata.code.
ERROR [jazz] tmp/suite-release-stage-6224/jazz/CharacterEffect/Weight_1Class.lua: Активный generated companion отсутствует в metadata.code.
ERROR [jazz] tmp/suite-release-stage-6224/jazz/CharacterEffect/Weight_2Class.lua: Активный generated companion отсутствует в metadata.code.
ERROR [jazz] tmp/suite-release-stage-6224/jazz/CharacterEffect/Weight_3Class.lua: Активный generated companion отсутствует в metadata.code.
ERROR [jazz] tmp/suite-release-stage-6224/jazz/CharacterEffect/Weight_4Class.lua: Активный generated companion отсутствует в metadata.code.
ERROR [jazz] tmp/suite-release-stage-6224/jazz/CharacterEffect/Weight_5Class.lua: Активный generated companion отсутствует в metadata.code.
ERROR [jazz] tmp/suite-release-stage-6224/jazz/CharacterEffect/WellRested.lua: Активный generated companion отсутствует в metadata.code.
ERROR [jazz] tmp/suite-release-stage-6224/jazz/CharacterEffect/Winded.lua: Активный generated companion отсутствует в metadata.code.
ERROR [jazz] tmp/suite-release-stage-6224/jazz/CharacterEffect/Wounded.lua: Активный generated companion отсутствует в metadata.code.
ERROR [jazz] tmp/suite-release-stage-6224/jazz/CharacterEffect/WoundInfected.lua: Активный generated companion отсутствует в metadata.code.
ERROR [jazz] tmp/suite-release-stage-6224/jazz/CharacterEffect/Zoophobic.lua: Активный generated companion отсутствует в metadata.code.
ERROR [jazz] tmp/suite-release-stage-6224/jazz/InventoryItem/_12gauge_APSlug.lua: Активный generated companion отсутствует в metadata.code.
ERROR [jazz] tmp/suite-release-stage-6224/jazz/InventoryItem/_12gauge_Breacher.lua: Активный generated companion отсутствует в metadata.code.
ERROR [jazz] tmp/suite-release-stage-6224/jazz/InventoryItem/_12gauge_Buckshot.lua: Активный generated companion отсутствует в metadata.code.
ERROR [jazz] tmp/suite-release-stage-6224/jazz/InventoryItem/_12gauge_Flechette.lua: Активный generated companion отсутствует в metadata.code.
ERROR [jazz] tmp/suite-release-stage-6224/jazz/InventoryItem/_12gauge_Saltshot.lua: Активный generated companion отсутствует в metadata.code.
ERROR [jazz] tmp/suite-release-stage-6224/jazz/InventoryItem/_40mmFlashbangGrenade.lua: Активный generated companion отсутствует в metadata.code.
ERROR [jazz] tmp/suite-release-stage-6224/jazz/InventoryItem/_40mmFragGrenade.lua: Активный generated companion отсутствует в metadata.code.
ERROR [jazz] tmp/suite-release-stage-6224/jazz/InventoryItem/_44CAL_AP.lua: Активный generated companion отсутствует в metadata.code.
ERROR [jazz] tmp/suite-release-stage-6224/jazz/InventoryItem/_44CAL_Basic.lua: Активный generated companion отсутствует в metadata.code.
ERROR [jazz] tmp/suite-release-stage-6224/jazz/InventoryItem/_44CAL_HP.lua: Активный generated companion отсутствует в metadata.code.
ERROR [jazz] tmp/suite-release-stage-6224/jazz/InventoryItem/_44CAL_Match.lua: Активный generated companion отсутствует в metadata.code.
ERROR [jazz] tmp/suite-release-stage-6224/jazz/InventoryItem/_44CAL_Shock.lua: Активный generated companion отсутствует в metadata.code.
ERROR [jazz] tmp/suite-release-stage-6224/jazz/InventoryItem/_50BMG_Basic.lua: Активный generated companion отсутствует в metadata.code.
ERROR [jazz] tmp/suite-release-stage-6224/jazz/InventoryItem/_50BMG_HE.lua: Активный generated companion отсутствует в metadata.code.
ERROR [jazz] tmp/suite-release-stage-6224/jazz/InventoryItem/_50BMG_Incendiary.lua: Активный generated companion отсутствует в metadata.code.
ERROR [jazz] tmp/suite-release-stage-6224/jazz/InventoryItem/_50BMG_SLAP.lua: Активный generated companion отсутствует в metadata.code.
ERROR [jazz] tmp/suite-release-stage-6224/jazz/InventoryItem/_556_AP.lua: Активный generated companion отсутствует в metadata.code.
ERROR [jazz] tmp/suite-release-stage-6224/jazz/InventoryItem/_556_Basic.lua: Активный generated companion отсутствует в metadata.code.
ERROR [jazz] tmp/suite-release-stage-6224/jazz/InventoryItem/_556_HP.lua: Активный generated companion отсутствует в metadata.code.
ERROR [jazz] tmp/suite-release-stage-6224/jazz/InventoryItem/_556_Match.lua: Активный generated companion отсутствует в metadata.code.
ERROR [jazz] tmp/suite-release-stage-6224/jazz/InventoryItem/_556_Tracer.lua: Активный generated companion отсутствует в metadata.code.
ERROR [jazz] tmp/suite-release-stage-6224/jazz/InventoryItem/_762NATO_AP.lua: Активный generated companion отсутствует в metadata.code.
ERROR [jazz] tmp/suite-release-stage-6224/jazz/InventoryItem/_762NATO_Basic.lua: Активный generated companion отсутствует в metadata.code.
ERROR [jazz] tmp/suite-release-stage-6224/jazz/InventoryItem/_762NATO_HP.lua: Активный generated companion отсутствует в metadata.code.
ERROR [jazz] tmp/suite-release-stage-6224/jazz/InventoryItem/_762NATO_Match.lua: Активный generated companion отсутствует в metadata.code.
ERROR [jazz] tmp/suite-release-stage-6224/jazz/InventoryItem/_762NATO_Tracer.lua: Активный generated companion отсутствует в metadata.code.
ERROR [jazz] tmp/suite-release-stage-6224/jazz/InventoryItem/_762WP_AP.lua: Активный generated companion отсутствует в metadata.code.
ERROR [jazz] tmp/suite-release-stage-6224/jazz/InventoryItem/_762WP_Basic.lua: Активный generated companion отсутствует в metadata.code.
ERROR [jazz] tmp/suite-release-stage-6224/jazz/InventoryItem/_762WP_HP.lua: Активный generated companion отсутствует в metadata.code.
ERROR [jazz] tmp/suite-release-stage-6224/jazz/InventoryItem/_762WP_Match.lua: Активный generated companion отсутствует в metadata.code.
ERROR [jazz] tmp/suite-release-stage-6224/jazz/InventoryItem/_762WP_Subsonic.lua: Активный generated companion отсутствует в metadata.code.
ERROR [jazz] tmp/suite-release-stage-6224/jazz/InventoryItem/_762WP_Tracer.lua: Активный generated companion отсутствует в metadata.code.
ERROR [jazz] tmp/suite-release-stage-6224/jazz/InventoryItem/_9mm_AP.lua: Активный generated companion отсутствует в metadata.code.
ERROR [jazz] tmp/suite-release-stage-6224/jazz/InventoryItem/_9mm_Basic.lua: Активный generated companion отсутствует в metadata.code.
ERROR [jazz] tmp/suite-release-stage-6224/jazz/InventoryItem/_9mm_HP.lua: Активный generated companion отсутствует в metadata.code.
ERROR [jazz] tmp/suite-release-stage-6224/jazz/InventoryItem/_9mm_Match.lua: Активный generated companion отсутствует в metadata.code.
ERROR [jazz] tmp/suite-release-stage-6224/jazz/InventoryItem/_9mm_Shock.lua: Активный generated companion отсутствует в metadata.code.
ERROR [jazz] tmp/suite-release-stage-6224/jazz/InventoryItem/_9mm_Subsonic.lua: Активный generated companion отсутствует в metadata.code.
ERROR [jazz] tmp/suite-release-stage-6224/jazz/InventoryItem/_9mm_Tracer.lua: Активный generated companion отсутствует в metadata.code.
ERROR [jazz] tmp/suite-release-stage-6224/jazz/InventoryItem/AA12.lua: Активный generated companion отсутствует в metadata.code.
ERROR [jazz] tmp/suite-release-stage-6224/jazz/InventoryItem/AA52.lua: Активный generated companion отсутствует в metadata.code.
ERROR [jazz] tmp/suite-release-stage-6224/jazz/InventoryItem/Agram2000.lua: Активный generated companion отсутствует в metadata.code.
ERROR [jazz] tmp/suite-release-stage-6224/jazz/InventoryItem/AK105.lua: Активный generated companion отсутствует в metadata.code.
ERROR [jazz] tmp/suite-release-stage-6224/jazz/InventoryItem/AK47.lua: Активный generated companion отсутствует в metadata.code.
ERROR [jazz] tmp/suite-release-stage-6224/jazz/InventoryItem/AK74.lua: Активный generated companion отсутствует в metadata.code.
ERROR [jazz] tmp/suite-release-stage-6224/jazz/InventoryItem/AK74M.lua: Активный generated companion отсутствует в metadata.code.
ERROR [jazz] tmp/suite-release-stage-6224/jazz/InventoryItem/AKM.lua: Активный generated companion отсутствует в metadata.code.
ERROR [jazz] tmp/suite-release-stage-6224/jazz/InventoryItem/AKSU.lua: Активный generated companion отсутствует в metadata.code.
ERROR [jazz] tmp/suite-release-stage-6224/jazz/InventoryItem/AN94.lua: Активный generated companion отсутствует в metadata.code.
ERROR [jazz] tmp/suite-release-stage-6224/jazz/InventoryItem/APS.lua: Активный generated companion отсутствует в metadata.code.
ERROR [jazz] tmp/suite-release-stage-6224/jazz/InventoryItem/AR10.lua: Активный generated companion отсутствует в metadata.code.
ERROR [jazz] tmp/suite-release-stage-6224/jazz/InventoryItem/AR10DMR.lua: Активный generated companion отсутствует в metadata.code.
ERROR [jazz] tmp/suite-release-stage-6224/jazz/InventoryItem/AR15.lua: Активный generated companion отсутствует в metadata.code.
ERROR [jazz] tmp/suite-release-stage-6224/jazz/InventoryItem/ArcticWarfare.lua: Активный generated companion отсутствует в metadata.code.
ERROR [jazz] tmp/suite-release-stage-6224/jazz/InventoryItem/AS_Val.lua: Активный generated companion отсутствует в metadata.code.
ERROR [jazz] tmp/suite-release-stage-6224/jazz/InventoryItem/AUG.lua: Активный generated companion отсутствует в metadata.code.
ERROR [jazz] tmp/suite-release-stage-6224/jazz/InventoryItem/Auto5_quest.lua: Активный generated companion отсутствует в metadata.code.
ERROR [jazz] tmp/suite-release-stage-6224/jazz/InventoryItem/Auto5.lua: Активный generated companion отсутствует в metadata.code.
ERROR [jazz] tmp/suite-release-stage-6224/jazz/InventoryItem/AVT40.lua: Активный generated companion отсутствует в metadata.code.
ERROR [jazz] tmp/suite-release-stage-6224/jazz/InventoryItem/Backpack_test.lua: Активный generated companion отсутствует в metadata.code.
ERROR [jazz] tmp/suite-release-stage-6224/jazz/InventoryItem/BAR.lua: Активный generated companion отсутствует в metadata.code.
ERROR [jazz] tmp/suite-release-stage-6224/jazz/InventoryItem/BarretM82.lua: Активный generated companion отсутствует в metadata.code.
ERROR [jazz] tmp/suite-release-stage-6224/jazz/InventoryItem/Bayonet.lua: Активный generated companion отсутствует в metadata.code.
ERROR [jazz] tmp/suite-release-stage-6224/jazz/InventoryItem/Bereta92.lua: Активный generated companion отсутствует в metadata.code.
ERROR [jazz] tmp/suite-release-stage-6224/jazz/InventoryItem/Beretta93r.lua: Активный generated companion отсутствует в metadata.code.
ERROR [jazz] tmp/suite-release-stage-6224/jazz/InventoryItem/BerettaM12.lua: Активный generated companion отсутствует в metadata.code.
ERROR [jazz] tmp/suite-release-stage-6224/jazz/InventoryItem/BlackPowder.lua: Активный generated companion отсутствует в metadata.code.
ERROR [jazz] tmp/suite-release-stage-6224/jazz/InventoryItem/BrowningM2HMG.lua: Активный generated companion отсутствует в metadata.code.
ERROR [jazz] tmp/suite-release-stage-6224/jazz/InventoryItem/C4.lua: Активный generated companion отсутствует в metadata.code.
ERROR [jazz] tmp/suite-release-stage-6224/jazz/InventoryItem/CamoArmor_Light_Kompositum.lua: Активный generated companion отсутствует в metadata.code.
ERROR [jazz] tmp/suite-release-stage-6224/jazz/InventoryItem/CamoArmor_Light.lua: Активный generated companion отсутствует в metadata.code.
ERROR [jazz] tmp/suite-release-stage-6224/jazz/InventoryItem/CamoArmor_Medium_Kompositum.lua: Активный generated companion отсутствует в metadata.code.
ERROR [jazz] tmp/suite-release-stage-6224/jazz/InventoryItem/CamoArmor_Medium.lua: Активный generated companion отсутствует в metadata.code.
ERROR [jazz] tmp/suite-release-stage-6224/jazz/InventoryItem/CAR15.lua: Активный generated companion отсутствует в metadata.code.
ERROR [jazz] tmp/suite-release-stage-6224/jazz/InventoryItem/China_Lake.lua: Активный generated companion отсутствует в metadata.code.
ERROR [jazz] tmp/suite-release-stage-6224/jazz/InventoryItem/Coin.lua: Активный generated companion отсутствует в metadata.code.
ERROR [jazz] tmp/suite-release-stage-6224/jazz/InventoryItem/Colt1911.lua: Активный generated companion отсутствует в metadata.code.
ERROR [jazz] tmp/suite-release-stage-6224/jazz/InventoryItem/Colt38Special.lua: Активный generated companion отсутствует в metadata.code.
ERROR [jazz] tmp/suite-release-stage-6224/jazz/InventoryItem/ColtAnaconda.lua: Активный generated companion отсутствует в metadata.code.
ERROR [jazz] tmp/suite-release-stage-6224/jazz/InventoryItem/ColtM1917.lua: Активный generated companion отсутствует в metadata.code.
ERROR [jazz] tmp/suite-release-stage-6224/jazz/InventoryItem/ColtPeacemaker.lua: Активный generated companion отсутствует в metadata.code.
ERROR [jazz] tmp/suite-release-stage-6224/jazz/InventoryItem/CombatStim.lua: Активный generated companion отсутствует в metadata.code.
ERROR [jazz] tmp/suite-release-stage-6224/jazz/InventoryItem/Combination_CeramicPlates.lua: Активный generated companion отсутствует в metadata.code.
ERROR [jazz] tmp/suite-release-stage-6224/jazz/InventoryItem/Combination_Kompositum58.lua: Активный generated companion отсутствует в metadata.code.
ERROR [jazz] tmp/suite-release-stage-6224/jazz/InventoryItem/Combination_WeavePadding.lua: Активный generated companion отсутствует в metadata.code.
ERROR [jazz] tmp/suite-release-stage-6224/jazz/InventoryItem/Compensator.lua: Активный generated companion отсутствует в metadata.code.
ERROR [jazz] tmp/suite-release-stage-6224/jazz/InventoryItem/ConcussiveGrenade.lua: Активный generated companion отсутствует в metadata.code.
ERROR [jazz] tmp/suite-release-stage-6224/jazz/InventoryItem/Cookie.lua: Активный generated companion отсутствует в metadata.code.
ERROR [jazz] tmp/suite-release-stage-6224/jazz/InventoryItem/CrocodileHide.lua: Активный generated companion отсутствует в metadata.code.
ERROR [jazz] tmp/suite-release-stage-6224/jazz/InventoryItem/Crowbar.lua: Активный generated companion отсутствует в metadata.code.
ERROR [jazz] tmp/suite-release-stage-6224/jazz/InventoryItem/CustomPDA.lua: Активный generated companion отсутствует в metadata.code.
ERROR [jazz] tmp/suite-release-stage-6224/jazz/InventoryItem/CZ52.lua: Активный generated companion отсутствует в metadata.code.
ERROR [jazz] tmp/suite-release-stage-6224/jazz/InventoryItem/CZ75.lua: Активный generated companion отсутствует в metadata.code.
ERROR [jazz] tmp/suite-release-stage-6224/jazz/InventoryItem/DeLisle.lua: Активный generated companion отсутствует в metadata.code.
ERROR [jazz] tmp/suite-release-stage-6224/jazz/InventoryItem/DesertEagle.lua: Активный generated companion отсутствует в metadata.code.
ERROR [jazz] tmp/suite-release-stage-6224/jazz/InventoryItem/Diesel.lua: Активный generated companion отсутствует в metadata.code.
ERROR [jazz] tmp/suite-release-stage-6224/jazz/InventoryItem/Dollars.lua: Активный generated companion отсутствует в metadata.code.
ERROR [jazz] tmp/suite-release-stage-6224/jazz/InventoryItem/DoubleBarrelShotgun.lua: Активный generated companion отсутствует в metadata.code.
ERROR [jazz] tmp/suite-release-stage-6224/jazz/InventoryItem/DP27.lua: Активный generated companion отсутствует в metadata.code.
ERROR [jazz] tmp/suite-release-stage-6224/jazz/InventoryItem/DragunovSVD_Custom.lua: Активный generated companion отсутствует в metadata.code.
ERROR [jazz] tmp/suite-release-stage-6224/jazz/InventoryItem/DragunovSVD.lua: Активный generated companion отсутствует в metadata.code.
ERROR [jazz] tmp/suite-release-stage-6224/jazz/InventoryItem/EndlessKnives.lua: Активный generated companion отсутствует в metadata.code.
ERROR [jazz] tmp/suite-release-stage-6224/jazz/InventoryItem/FAMAS.lua: Активный generated companion отсутствует в metadata.code.
ERROR [jazz] tmp/suite-release-stage-6224/jazz/InventoryItem/FG42.lua: Активный generated companion отсутствует в metadata.code.
ERROR [jazz] tmp/suite-release-stage-6224/jazz/InventoryItem/FineSteelPipe.lua: Активный generated companion отсутствует в metadata.code.
ERROR [jazz] tmp/suite-release-stage-6224/jazz/InventoryItem/FirstAidKit.lua: Активный generated companion отсутствует в metadata.code.
ERROR [jazz] tmp/suite-release-stage-6224/jazz/InventoryItem/FiveSeven.lua: Активный generated companion отсутствует в metadata.code.
ERROR [jazz] tmp/suite-release-stage-6224/jazz/InventoryItem/FlakArmor_CeramicPlates.lua: Активный generated companion отсутствует в metadata.code.
ERROR [jazz] tmp/suite-release-stage-6224/jazz/InventoryItem/FlakArmor_Kompositum.lua: Активный generated companion отсутствует в metadata.code.
ERROR [jazz] tmp/suite-release-stage-6224/jazz/InventoryItem/FlakArmor_WeavePadding.lua: Активный generated companion отсутствует в metadata.code.
ERROR [jazz] tmp/suite-release-stage-6224/jazz/InventoryItem/FlakArmor.lua: Активный generated companion отсутствует в metadata.code.
ERROR [jazz] tmp/suite-release-stage-6224/jazz/InventoryItem/FlakLeggings_Kompositum.lua: Активный generated companion отсутствует в metadata.code.
ERROR [jazz] tmp/suite-release-stage-6224/jazz/InventoryItem/FlakLeggings_WeavePadding.lua: Активный generated companion отсутствует в metadata.code.
ERROR [jazz] tmp/suite-release-stage-6224/jazz/InventoryItem/FlakLeggings.lua: Активный generated companion отсутствует в metadata.code.
ERROR [jazz] tmp/suite-release-stage-6224/jazz/InventoryItem/FlakVest_CeramicPlates.lua: Активный generated companion отсутствует в metadata.code.
ERROR [jazz] tmp/suite-release-stage-6224/jazz/InventoryItem/FlakVest_Kompositum.lua: Активный generated companion отсутствует в metadata.code.
ERROR [jazz] tmp/suite-release-stage-6224/jazz/InventoryItem/FlakVest_WeavePadding.lua: Активный generated companion отсутствует в metadata.code.
ERROR [jazz] tmp/suite-release-stage-6224/jazz/InventoryItem/FlakVest.lua: Активный generated companion отсутствует в metadata.code.
ERROR [jazz] tmp/suite-release-stage-6224/jazz/InventoryItem/FlareAmmo.lua: Активный generated companion отсутствует в metadata.code.
ERROR [jazz] tmp/suite-release-stage-6224/jazz/InventoryItem/FlareHandgun.lua: Активный generated companion отсутствует в metadata.code.
ERROR [jazz] tmp/suite-release-stage-6224/jazz/InventoryItem/FlareStick.lua: Активный generated companion отсутствует в metadata.code.
ERROR [jazz] tmp/suite-release-stage-6224/jazz/InventoryItem/FNFAL.lua: Активный generated companion отсутствует в metadata.code.
ERROR [jazz] tmp/suite-release-stage-6224/jazz/InventoryItem/FNMAG.lua: Активный generated companion отсутствует в metadata.code.
ERROR [jazz] tmp/suite-release-stage-6224/jazz/InventoryItem/FNMinimi.lua: Активный generated companion отсутствует в metadata.code.
ERROR [jazz] tmp/suite-release-stage-6224/jazz/InventoryItem/FragGrenade.lua: Активный generated companion отсутствует в metadata.code.
ERROR [jazz] tmp/suite-release-stage-6224/jazz/InventoryItem/FRF2.lua: Активный generated companion отсутствует в metadata.code.
ERROR [jazz] tmp/suite-release-stage-6224/jazz/InventoryItem/G36.lua: Активный generated companion отсутствует в metadata.code.
ERROR [jazz] tmp/suite-release-stage-6224/jazz/InventoryItem/G36c.lua: Активный generated companion отсутствует в metadata.code.
ERROR [jazz] tmp/suite-release-stage-6224/jazz/InventoryItem/G3A3.lua: Активный generated companion отсутствует в metadata.code.
ERROR [jazz] tmp/suite-release-stage-6224/jazz/InventoryItem/G3A4.lua: Активный generated companion отсутствует в metadata.code.
ERROR [jazz] tmp/suite-release-stage-6224/jazz/InventoryItem/G3SniperV1.lua: Активный generated companion отсутствует в metadata.code.
ERROR [jazz] tmp/suite-release-stage-6224/jazz/InventoryItem/G43.lua: Активный generated companion отсутствует в metadata.code.
ERROR [jazz] tmp/suite-release-stage-6224/jazz/InventoryItem/Galil_FlagHill.lua: Активный generated companion отсутствует в metadata.code.
ERROR [jazz] tmp/suite-release-stage-6224/jazz/InventoryItem/Galil.lua: Активный generated companion отсутствует в metadata.code.
ERROR [jazz] tmp/suite-release-stage-6224/jazz/InventoryItem/GasMask.lua: Активный generated companion отсутствует в metadata.code.
ERROR [jazz] tmp/suite-release-stage-6224/jazz/InventoryItem/Gasmaskenhelm.lua: Активный generated companion отсутствует в metadata.code.
ERROR [jazz] tmp/suite-release-stage-6224/jazz/InventoryItem/Gewehr98.lua: Активный generated companion отсутствует в metadata.code.
ERROR [jazz] tmp/suite-release-stage-6224/jazz/InventoryItem/Glock17.lua: Активный generated companion отсутствует в metadata.code.
ERROR [jazz] tmp/suite-release-stage-6224/jazz/InventoryItem/Glock18.lua: Активный generated companion отсутствует в metadata.code.
ERROR [jazz] tmp/suite-release-stage-6224/jazz/InventoryItem/GlowStick.lua: Активный generated companion отсутствует в metadata.code.
ERROR [jazz] tmp/suite-release-stage-6224/jazz/InventoryItem/GoldenGun.lua: Активный generated companion отсутствует в metadata.code.
ERROR [jazz] tmp/suite-release-stage-6224/jazz/InventoryItem/GoldenWatch.lua: Активный generated companion отсутствует в metadata.code.
ERROR [jazz] tmp/suite-release-stage-6224/jazz/InventoryItem/GrizzlyLAR.lua: Активный generated companion отсутствует в metadata.code.
ERROR [jazz] tmp/suite-release-stage-6224/jazz/InventoryItem/GutHookKnife.lua: Активный generated companion отсутствует в metadata.code.
ERROR [jazz] tmp/suite-release-stage-6224/jazz/InventoryItem/HE_Grenade.lua: Активный generated companion отсутствует в metadata.code.
ERROR [jazz] tmp/suite-release-stage-6224/jazz/InventoryItem/HeavyArmorChestplate_CeramicPlates.lua: Активный generated companion отсутствует в metadata.code.
ERROR [jazz] tmp/suite-release-stage-6224/jazz/InventoryItem/HeavyArmorChestplate_Kompositum.lua: Активный generated companion отсутствует в metadata.code.
ERROR [jazz] tmp/suite-release-stage-6224/jazz/InventoryItem/HeavyArmorChestplate_WeavePadding.lua: Активный generated companion отсутствует в metadata.code.
ERROR [jazz] tmp/suite-release-stage-6224/jazz/InventoryItem/HeavyArmorChestplate.lua: Активный generated companion отсутствует в metadata.code.
ERROR [jazz] tmp/suite-release-stage-6224/jazz/InventoryItem/HeavyArmorHelmet_Kompositum.lua: Активный generated companion отсутствует в metadata.code.
ERROR [jazz] tmp/suite-release-stage-6224/jazz/InventoryItem/HeavyArmorHelmet_WeavePadding.lua: Активный generated companion отсутствует в metadata.code.
ERROR [jazz] tmp/suite-release-stage-6224/jazz/InventoryItem/HeavyArmorHelmet.lua: Активный generated companion отсутствует в metadata.code.
ERROR [jazz] tmp/suite-release-stage-6224/jazz/InventoryItem/HeavyArmorLeggings_Kompositum.lua: Активный generated companion отсутствует в metadata.code.
ERROR [jazz] tmp/suite-release-stage-6224/jazz/InventoryItem/HeavyArmorLeggings_WeavePadding.lua: Активный generated companion отсутствует в metadata.code.
ERROR [jazz] tmp/suite-release-stage-6224/jazz/InventoryItem/HeavyArmorLeggings.lua: Активный generated companion отсутствует в metadata.code.
ERROR [jazz] tmp/suite-release-stage-6224/jazz/InventoryItem/HeavyArmorTorso_CeramicPlates.lua: Активный generated companion отсутствует в metadata.code.
ERROR [jazz] tmp/suite-release-stage-6224/jazz/InventoryItem/HeavyArmorTorso_Kompositum.lua: Активный generated companion отсутствует в metadata.code.
ERROR [jazz] tmp/suite-release-stage-6224/jazz/InventoryItem/HeavyArmorTorso_WeavePadding.lua: Активный generated companion отсутствует в metadata.code.
ERROR [jazz] tmp/suite-release-stage-6224/jazz/InventoryItem/HeavyArmorTorso.lua: Активный generated companion отсутствует в metadata.code.
ERROR [jazz] tmp/suite-release-stage-6224/jazz/InventoryItem/HerbalMedicine.lua: Активный generated companion отсутствует в metadata.code.
ERROR [jazz] tmp/suite-release-stage-6224/jazz/InventoryItem/HiPower.lua: Активный generated companion отсутствует в metadata.code.
ERROR [jazz] tmp/suite-release-stage-6224/jazz/InventoryItem/HK21.lua: Активный generated companion отсутствует в metadata.code.
ERROR [jazz] tmp/suite-release-stage-6224/jazz/InventoryItem/HK23e.lua: Активный generated companion отсутствует в metadata.code.
ERROR [jazz] tmp/suite-release-stage-6224/jazz/InventoryItem/HK33.lua: Активный generated companion отсутствует в metadata.code.
ERROR [jazz] tmp/suite-release-stage-6224/jazz/InventoryItem/Infected_HardenedSkin.lua: Активный generated companion отсутствует в metadata.code.
ERROR [jazz] tmp/suite-release-stage-6224/jazz/InventoryItem/Ithaca.lua: Активный generated companion отсутствует в metadata.code.
ERROR [jazz] tmp/suite-release-stage-6224/jazz/InventoryItem/IvanUshanka.lua: Активный generated companion отсутствует в metadata.code.
ERROR [jazz] tmp/suite-release-stage-6224/jazz/InventoryItem/JAZZ_AMMO_12gauge_APSlug.lua: Активный generated companion отсутствует в metadata.code.
ERROR [jazz] tmp/suite-release-stage-6224/jazz/InventoryItem/JAZZ_AMMO_12gauge_Birdshot.lua: Активный generated companion отсутствует в metadata.code.
ERROR [jazz] tmp/suite-release-stage-6224/jazz/InventoryItem/JAZZ_AMMO_12gauge_Buckshot.lua: Активный generated companion отсутствует в metadata.code.
ERROR [jazz] tmp/suite-release-stage-6224/jazz/InventoryItem/JAZZ_AMMO_12gauge_Saltshot.lua: Активный generated companion отсутствует в metadata.code.
ERROR [jazz] tmp/suite-release-stage-6224/jazz/InventoryItem/JAZZ_AMMO_12gauge_Slug.lua: Активный generated companion отсутствует в metadata.code.
ERROR [jazz] tmp/suite-release-stage-6224/jazz/InventoryItem/JAZZ_AMMO_30_FMJ.lua: Активный generated companion отсутствует в metadata.code.
ERROR [jazz] tmp/suite-release-stage-6224/jazz/InventoryItem/JAZZ_AMMO_30_P.lua: Активный generated companion отсутствует в metadata.code.
ERROR [jazz] tmp/suite-release-stage-6224/jazz/InventoryItem/JAZZ_AMMO_30_Tracer.lua: Активный generated companion отсутствует в metadata.code.
ERROR [jazz] tmp/suite-release-stage-6224/jazz/InventoryItem/JAZZ_AMMO_3006_AP.lua: Активный generated companion отсутствует в metadata.code.
ERROR [jazz] tmp/suite-release-stage-6224/jazz/InventoryItem/JAZZ_AMMO_3006_FMJ.lua: Активный generated companion отсутствует в metadata.code.
ERROR [jazz] tmp/suite-release-stage-6224/jazz/InventoryItem/JAZZ_AMMO_3006_Match.lua: Активный generated companion отсутствует в metadata.code.
ERROR [jazz] tmp/suite-release-stage-6224/jazz/InventoryItem/JAZZ_AMMO_357_FMJ.lua: Активный generated companion отсутствует в metadata.code.
ERROR [jazz] tmp/suite-release-stage-6224/jazz/InventoryItem/JAZZ_AMMO_357_JHP.lua: Активный generated companion отсутствует в metadata.code.
ERROR [jazz] tmp/suite-release-stage-6224/jazz/InventoryItem/JAZZ_AMMO_38special_FMJ.lua: Активный generated companion отсутствует в metadata.code.
ERROR [jazz] tmp/suite-release-stage-6224/jazz/InventoryItem/JAZZ_AMMO_38special_JHP.lua: Активный generated companion отсутствует в metadata.code.
ERROR [jazz] tmp/suite-release-stage-6224/jazz/InventoryItem/JAZZ_AMMO_40mmFlashbangGrenade.lua: Активный generated companion отсутствует в metadata.code.
ERROR [jazz] tmp/suite-release-stage-6224/jazz/InventoryItem/JAZZ_AMMO_40mmFragGrenade.lua: Активный generated companion отсутствует в metadata.code.
ERROR [jazz] tmp/suite-release-stage-6224/jazz/InventoryItem/JAZZ_AMMO_44CAL_FMJ.lua: Активный generated companion отсутствует в metadata.code.
ERROR [jazz] tmp/suite-release-stage-6224/jazz/InventoryItem/JAZZ_AMMO_44CAL_JHP.lua: Активный generated companion отсутствует в metadata.code.
ERROR [jazz] tmp/suite-release-stage-6224/jazz/InventoryItem/JAZZ_AMMO_44CAL_Match.lua: Активный generated companion отсутствует в metadata.code.
ERROR [jazz] tmp/suite-release-stage-6224/jazz/InventoryItem/JAZZ_AMMO_45ACP_Crafted.lua: Активный generated companion отсутствует в metadata.code.
ERROR [jazz] tmp/suite-release-stage-6224/jazz/InventoryItem/JAZZ_AMMO_45ACP_FMJ.lua: Активный generated companion отсутствует в metadata.code.
ERROR [jazz] tmp/suite-release-stage-6224/jazz/InventoryItem/JAZZ_AMMO_45ACP_JHP.lua: Активный generated companion отсутствует в metadata.code.
ERROR [jazz] tmp/suite-release-stage-6224/jazz/InventoryItem/JAZZ_AMMO_45ACP_P.lua: Активный generated companion отсутствует в metadata.code.
ERROR [jazz] tmp/suite-release-stage-6224/jazz/InventoryItem/JAZZ_AMMO_45ACP_Poor.lua: Активный generated companion отсутствует в metadata.code.
ERROR [jazz] tmp/suite-release-stage-6224/jazz/InventoryItem/JAZZ_AMMO_46_AP.lua: Активный generated companion отсутствует в metadata.code.
ERROR [jazz] tmp/suite-release-stage-6224/jazz/InventoryItem/JAZZ_AMMO_46_FMJ.lua: Активный generated companion отсутствует в metadata.code.
ERROR [jazz] tmp/suite-release-stage-6224/jazz/InventoryItem/JAZZ_AMMO_46_JHP.lua: Активный generated companion отсутствует в metadata.code.
ERROR [jazz] tmp/suite-release-stage-6224/jazz/InventoryItem/JAZZ_AMMO_50AE_FMJ.lua: Активный generated companion отсутствует в metadata.code.
ERROR [jazz] tmp/suite-release-stage-6224/jazz/InventoryItem/JAZZ_AMMO_50AE_JHP.lua: Активный generated companion отсутствует в metadata.code.
ERROR [jazz] tmp/suite-release-stage-6224/jazz/InventoryItem/JAZZ_AMMO_50BMG_API_HEI.lua: Активный generated companion отсутствует в metadata.code.
ERROR [jazz] tmp/suite-release-stage-6224/jazz/InventoryItem/JAZZ_AMMO_50BMG_APIT.lua: Активный generated companion отсутствует в metadata.code.
ERROR [jazz] tmp/suite-release-stage-6224/jazz/InventoryItem/JAZZ_AMMO_50BMG_Basic.lua: Активный generated companion отсутствует в metadata.code.
ERROR [jazz] tmp/suite-release-stage-6224/jazz/InventoryItem/JAZZ_AMMO_545_AP.lua: Активный generated companion отсутствует в metadata.code.
ERROR [jazz] tmp/suite-release-stage-6224/jazz/InventoryItem/JAZZ_AMMO_545_Army.lua: Активный generated companion отсутствует в metadata.code.
ERROR [jazz] tmp/suite-release-stage-6224/jazz/InventoryItem/JAZZ_AMMO_545_Crafted.lua: Активный generated companion отсутствует в metadata.code.
ERROR [jazz] tmp/suite-release-stage-6224/jazz/InventoryItem/JAZZ_AMMO_545_EPR.lua: Активный generated companion отсутствует в metadata.code.
ERROR [jazz] tmp/suite-release-stage-6224/jazz/InventoryItem/JAZZ_AMMO_545_Poor.lua: Активный generated companion отсутствует в metadata.code.
ERROR [jazz] tmp/suite-release-stage-6224/jazz/InventoryItem/JAZZ_AMMO_545_Tracer.lua: Активный generated companion отсутствует в metadata.code.
ERROR [jazz] tmp/suite-release-stage-6224/jazz/InventoryItem/JAZZ_AMMO_556_AP.lua: Активный generated companion отсутствует в metadata.code.
ERROR [jazz] tmp/suite-release-stage-6224/jazz/InventoryItem/JAZZ_AMMO_556_Army.lua: Активный generated companion отсутствует в metadata.code.
ERROR [jazz] tmp/suite-release-stage-6224/jazz/InventoryItem/JAZZ_AMMO_556_Crafted.lua: Активный generated companion отсутствует в metadata.code.
ERROR [jazz] tmp/suite-release-stage-6224/jazz/InventoryItem/JAZZ_AMMO_556_EPR.lua: Активный generated companion отсутствует в metadata.code.
ERROR [jazz] tmp/suite-release-stage-6224/jazz/InventoryItem/JAZZ_AMMO_556_FMJ.lua: Активный generated companion отсутствует в metadata.code.
ERROR [jazz] tmp/suite-release-stage-6224/jazz/InventoryItem/JAZZ_AMMO_556_Match.lua: Активный generated companion отсутствует в metadata.code.
ERROR [jazz] tmp/suite-release-stage-6224/jazz/InventoryItem/JAZZ_AMMO_556_Poor.lua: Активный generated companion отсутствует в metadata.code.
ERROR [jazz] tmp/suite-release-stage-6224/jazz/InventoryItem/JAZZ_AMMO_556_Tracer.lua: Активный generated companion отсутствует в metadata.code.
ERROR [jazz] tmp/suite-release-stage-6224/jazz/InventoryItem/JAZZ_AMMO_57_AP.lua: Активный generated companion отсутствует в metadata.code.
ERROR [jazz] tmp/suite-release-stage-6224/jazz/InventoryItem/JAZZ_AMMO_57_JHP.lua: Активный generated companion отсутствует в metadata.code.
ERROR [jazz] tmp/suite-release-stage-6224/jazz/InventoryItem/JAZZ_AMMO_57_Subsonic.lua: Активный generated companion отсутствует в metadata.code.
ERROR [jazz] tmp/suite-release-stage-6224/jazz/InventoryItem/JAZZ_AMMO_75French_AP.lua: Активный generated companion отсутствует в metadata.code.
ERROR [jazz] tmp/suite-release-stage-6224/jazz/InventoryItem/JAZZ_AMMO_75French_FMJ.lua: Активный generated companion отсутствует в metadata.code.
ERROR [jazz] tmp/suite-release-stage-6224/jazz/InventoryItem/JAZZ_AMMO_762x25_AP.lua: Активный generated companion отсутствует в metadata.code.
ERROR [jazz] tmp/suite-release-stage-6224/jazz/InventoryItem/JAZZ_AMMO_762x25_FMJ.lua: Активный generated companion отсутствует в metadata.code.
ERROR [jazz] tmp/suite-release-stage-6224/jazz/InventoryItem/JAZZ_AMMO_762x25_JHP.lua: Активный generated companion отсутствует в metadata.code.
ERROR [jazz] tmp/suite-release-stage-6224/jazz/InventoryItem/JAZZ_AMMO_762x25_Poor.lua: Активный generated companion отсутствует в metadata.code.
ERROR [jazz] tmp/suite-release-stage-6224/jazz/InventoryItem/JAZZ_AMMO_762x39_APP.lua: Активный generated companion отсутствует в metadata.code.
ERROR [jazz] tmp/suite-release-stage-6224/jazz/InventoryItem/JAZZ_AMMO_762x39_Army.lua: Активный generated companion отсутствует в metadata.code.
ERROR [jazz] tmp/suite-release-stage-6224/jazz/InventoryItem/JAZZ_AMMO_762x39_Crafted.lua: Активный generated companion отсутствует в metadata.code.
ERROR [jazz] tmp/suite-release-stage-6224/jazz/InventoryItem/JAZZ_AMMO_762x39_FMJ.lua: Активный generated companion отсутствует в metadata.code.
ERROR [jazz] tmp/suite-release-stage-6224/jazz/InventoryItem/JAZZ_AMMO_762x39_JHP.lua: Активный generated companion отсутствует в metadata.code.
ERROR [jazz] tmp/suite-release-stage-6224/jazz/InventoryItem/JAZZ_AMMO_762x39_Poor.lua: Активный generated companion отсутствует в metadata.code.
ERROR [jazz] tmp/suite-release-stage-6224/jazz/InventoryItem/JAZZ_AMMO_762x39_Tracer.lua: Активный generated companion отсутствует в metadata.code.
ERROR [jazz] tmp/suite-release-stage-6224/jazz/InventoryItem/JAZZ_AMMO_762x39_US.lua: Активный generated companion отсутствует в metadata.code.
ERROR [jazz] tmp/suite-release-stage-6224/jazz/InventoryItem/JAZZ_AMMO_762x51_AP.lua: Активный generated companion отсутствует в metadata.code.
ERROR [jazz] tmp/suite-release-stage-6224/jazz/InventoryItem/JAZZ_AMMO_762x51_Army.lua: Активный generated companion отсутствует в metadata.code.
ERROR [jazz] tmp/suite-release-stage-6224/jazz/InventoryItem/JAZZ_AMMO_762x51_Crafted.lua: Активный generated companion отсутствует в metadata.code.
ERROR [jazz] tmp/suite-release-stage-6224/jazz/InventoryItem/JAZZ_AMMO_762x51_FMJ.lua: Активный generated companion отсутствует в metadata.code.
ERROR [jazz] tmp/suite-release-stage-6224/jazz/InventoryItem/JAZZ_AMMO_762x51_Match.lua: Активный generated companion отсутствует в metadata.code.
ERROR [jazz] tmp/suite-release-stage-6224/jazz/InventoryItem/JAZZ_AMMO_762x51_Poor.lua: Активный generated companion отсутствует в metadata.code.
ERROR [jazz] tmp/suite-release-stage-6224/jazz/InventoryItem/JAZZ_AMMO_762x51_Tracer.lua: Активный generated companion отсутствует в metadata.code.
ERROR [jazz] tmp/suite-release-stage-6224/jazz/InventoryItem/JAZZ_AMMO_762x54_APIT.lua: Активный generated companion отсутствует в metadata.code.
ERROR [jazz] tmp/suite-release-stage-6224/jazz/InventoryItem/JAZZ_AMMO_762x54_Crafted.lua: Активный generated companion отсутствует в metadata.code.
ERROR [jazz] tmp/suite-release-stage-6224/jazz/InventoryItem/JAZZ_AMMO_762x54_FMJ.lua: Активный generated companion отсутствует в metadata.code.
ERROR [jazz] tmp/suite-release-stage-6224/jazz/InventoryItem/JAZZ_AMMO_762x54_Match.lua: Активный generated companion отсутствует в metadata.code.
ERROR [jazz] tmp/suite-release-stage-6224/jazz/InventoryItem/JAZZ_AMMO_762x54_Poor.lua: Активный generated companion отсутствует в metadata.code.
ERROR [jazz] tmp/suite-release-stage-6224/jazz/InventoryItem/JAZZ_AMMO_762x54_Tracer.lua: Активный generated companion отсутствует в metadata.code.
ERROR [jazz] tmp/suite-release-stage-6224/jazz/InventoryItem/JAZZ_AMMO_792_AP.lua: Активный generated companion отсутствует в metadata.code.
ERROR [jazz] tmp/suite-release-stage-6224/jazz/InventoryItem/JAZZ_AMMO_792_APIT.lua: Активный generated companion отсутствует в metadata.code.
ERROR [jazz] tmp/suite-release-stage-6224/jazz/InventoryItem/JAZZ_AMMO_792_FMJ.lua: Активный generated companion отсутствует в metadata.code.
ERROR [jazz] tmp/suite-release-stage-6224/jazz/InventoryItem/JAZZ_AMMO_792x33_AP.lua: Активный generated companion отсутствует в metadata.code.
ERROR [jazz] tmp/suite-release-stage-6224/jazz/InventoryItem/JAZZ_AMMO_792x33_FMJ.lua: Активный generated companion отсутствует в metadata.code.
ERROR [jazz] tmp/suite-release-stage-6224/jazz/InventoryItem/JAZZ_AMMO_792x33_Tracer.lua: Активный generated companion отсутствует в metadata.code.
ERROR [jazz] tmp/suite-release-stage-6224/jazz/InventoryItem/JAZZ_AMMO_9x18_AP.lua: Активный generated companion отсутствует в metadata.code.
ERROR [jazz] tmp/suite-release-stage-6224/jazz/InventoryItem/JAZZ_AMMO_9x18_APP.lua: Активный generated companion отсутствует в metadata.code.
ERROR [jazz] tmp/suite-release-stage-6224/jazz/InventoryItem/JAZZ_AMMO_9x18_Crafted.lua: Активный generated companion отсутствует в metadata.code.
ERROR [jazz] tmp/suite-release-stage-6224/jazz/InventoryItem/JAZZ_AMMO_9x18_FMJ.lua: Активный generated companion отсутствует в metadata.code.
ERROR [jazz] tmp/suite-release-stage-6224/jazz/InventoryItem/JAZZ_AMMO_9x18_JHP.lua: Активный generated companion отсутствует в metadata.code.
ERROR [jazz] tmp/suite-release-stage-6224/jazz/InventoryItem/JAZZ_AMMO_9x18_Poor.lua: Активный generated companion отсутствует в metadata.code.
ERROR [jazz] tmp/suite-release-stage-6224/jazz/InventoryItem/JAZZ_AMMO_9x19_AP.lua: Активный generated companion отсутствует в metadata.code.
ERROR [jazz] tmp/suite-release-stage-6224/jazz/InventoryItem/JAZZ_AMMO_9x19_APP.lua: Активный generated companion отсутствует в metadata.code.
ERROR [jazz] tmp/suite-release-stage-6224/jazz/InventoryItem/JAZZ_AMMO_9x19_Crafted.lua: Активный generated companion отсутствует в metadata.code.
ERROR [jazz] tmp/suite-release-stage-6224/jazz/InventoryItem/JAZZ_AMMO_9x19_FMJ.lua: Активный generated companion отсутствует в metadata.code.
ERROR [jazz] tmp/suite-release-stage-6224/jazz/InventoryItem/JAZZ_AMMO_9x19_JHP.lua: Активный generated companion отсутствует в metadata.code.
ERROR [jazz] tmp/suite-release-stage-6224/jazz/InventoryItem/JAZZ_AMMO_9x19_Match.lua: Активный generated companion отсутствует в metadata.code.
ERROR [jazz] tmp/suite-release-stage-6224/jazz/InventoryItem/JAZZ_AMMO_9x19_Poor.lua: Активный generated companion отсутствует в metadata.code.
ERROR [jazz] tmp/suite-release-stage-6224/jazz/InventoryItem/JAZZ_AMMO_9x39_AP.lua: Активный generated companion отсутствует в metadata.code.
ERROR [jazz] tmp/suite-release-stage-6224/jazz/InventoryItem/JAZZ_AMMO_9x39_Crafted.lua: Активный generated companion отсутствует в metadata.code.
ERROR [jazz] tmp/suite-release-stage-6224/jazz/InventoryItem/JAZZ_AMMO_9x39_JHP.lua: Активный generated companion отсутствует в metadata.code.
ERROR [jazz] tmp/suite-release-stage-6224/jazz/InventoryItem/JAZZ_AMMO_MortarShell_Gas.lua: Активный generated companion отсутствует в metadata.code.
ERROR [jazz] tmp/suite-release-stage-6224/jazz/InventoryItem/JAZZ_AMMO_MortarShell_HE.lua: Активный generated companion отсутствует в metadata.code.
ERROR [jazz] tmp/suite-release-stage-6224/jazz/InventoryItem/JAZZ_AMMO_MortarShell_Smoke.lua: Активный generated companion отсутствует в metadata.code.
ERROR [jazz] tmp/suite-release-stage-6224/jazz/InventoryItem/JAZZ_ArmorUpgrade.lua: Активный generated companion отсутствует в metadata.code.
ERROR [jazz] tmp/suite-release-stage-6224/jazz/InventoryItem/JAZZ_AUGCompensator_01.lua: Активный generated companion отсутствует в metadata.code.
ERROR [jazz] tmp/suite-release-stage-6224/jazz/InventoryItem/JAZZ_AUGCompensator_03.lua: Активный generated companion отсутствует в metadata.code.
ERROR [jazz] tmp/suite-release-stage-6224/jazz/InventoryItem/JAZZ_Bandage.lua: Активный generated companion отсутствует в metadata.code.
ERROR [jazz] tmp/suite-release-stage-6224/jazz/InventoryItem/JAZZ_BarrelParts.lua: Активный generated companion отсутствует в metadata.code.
ERROR [jazz] tmp/suite-release-stage-6224/jazz/InventoryItem/JAZZ_Bipod_Galil.lua: Активный generated companion отсутствует в metadata.code.
ERROR [jazz] tmp/suite-release-stage-6224/jazz/InventoryItem/JAZZ_Bipod_Under.lua: Активный generated companion отсутствует в metadata.code.
ERROR [jazz] tmp/suite-release-stage-6224/jazz/InventoryItem/JAZZ_Bipod.lua: Активный generated companion отсутствует в metadata.code.
ERROR [jazz] tmp/suite-release-stage-6224/jazz/InventoryItem/JAZZ_CombatScope_1P29.lua: Активный generated companion отсутствует в metadata.code.
ERROR [jazz] tmp/suite-release-stage-6224/jazz/InventoryItem/JAZZ_CombatScope_2x.lua: Активный generated companion отсутствует в metadata.code.
ERROR [jazz] tmp/suite-release-stage-6224/jazz/InventoryItem/JAZZ_CombatScope_3x.lua: Активный generated companion отсутствует в metadata.code.
ERROR [jazz] tmp/suite-release-stage-6224/jazz/InventoryItem/JAZZ_CombatScope_ACOG.lua: Активный generated companion отсутствует в metadata.code.
ERROR [jazz] tmp/suite-release-stage-6224/jazz/InventoryItem/JAZZ_CombatScope_FeroZ24.lua: Активный generated companion отсутствует в metadata.code.
ERROR [jazz] tmp/suite-release-stage-6224/jazz/InventoryItem/JAZZ_Compensator.lua: Активный generated companion отсутствует в metadata.code.
ERROR [jazz] tmp/suite-release-stage-6224/jazz/InventoryItem/JAZZ_DuckbillChoke.lua: Активный generated companion отсутствует в metadata.code.
ERROR [jazz] tmp/suite-release-stage-6224/jazz/InventoryItem/JAZZ_FlashHider.lua: Активный generated companion отсутствует в metadata.code.
ERROR [jazz] tmp/suite-release-stage-6224/jazz/InventoryItem/JAZZ_Flashlight_aa12.lua: Активный generated companion отсутствует в metadata.code.
ERROR [jazz] tmp/suite-release-stage-6224/jazz/InventoryItem/JAZZ_Flashlight_PSG_M1.lua: Активный generated companion отсутствует в metadata.code.
ERROR [jazz] tmp/suite-release-stage-6224/jazz/InventoryItem/JAZZ_Flashlight.lua: Активный generated companion отсутствует в metadata.code.
ERROR [jazz] tmp/suite-release-stage-6224/jazz/InventoryItem/JAZZ_FlashlightDot_aa12.lua: Активный generated companion отсутствует в metadata.code.
ERROR [jazz] tmp/suite-release-stage-6224/jazz/InventoryItem/JAZZ_FlashlightDot_Anaconda.lua: Активный generated companion отсутствует в metadata.code.
ERROR [jazz] tmp/suite-release-stage-6224/jazz/InventoryItem/JAZZ_FlashlightDot_PSG_M1.lua: Активный generated companion отсутствует в metadata.code.
ERROR [jazz] tmp/suite-release-stage-6224/jazz/InventoryItem/JAZZ_FlashlightDot.lua: Активный generated companion отсутствует в metadata.code.
ERROR [jazz] tmp/suite-release-stage-6224/jazz/InventoryItem/JAZZ_FullChoke.lua: Активный generated companion отсутствует в metadata.code.
ERROR [jazz] tmp/suite-release-stage-6224/jazz/InventoryItem/JAZZ_G36Scope.lua: Активный generated companion отсутствует в metadata.code.
ERROR [jazz] tmp/suite-release-stage-6224/jazz/InventoryItem/JAZZ_G36Sight.lua: Активный generated companion отсутствует в metadata.code.
ERROR [jazz] tmp/suite-release-stage-6224/jazz/InventoryItem/JAZZ_Galil_Brake_Default.lua: Активный generated companion отсутствует в metadata.code.
ERROR [jazz] tmp/suite-release-stage-6224/jazz/InventoryItem/JAZZ_GP25.lua: Активный generated companion отсутствует в metadata.code.
ERROR [jazz] tmp/suite-release-stage-6224/jazz/InventoryItem/JAZZ_GrenadeLauncher_AUG.lua: Активный generated companion отсутствует в metadata.code.
ERROR [jazz] tmp/suite-release-stage-6224/jazz/InventoryItem/JAZZ_GrenadeLauncher_Commando.lua: Активный generated companion отсутствует в metadata.code.
ERROR [jazz] tmp/suite-release-stage-6224/jazz/InventoryItem/JAZZ_GrenadeLauncher_Galil.lua: Активный generated companion отсутствует в metadata.code.
ERROR [jazz] tmp/suite-release-stage-6224/jazz/InventoryItem/JAZZ_GrenadeLauncher_M14.lua: Активный generated companion отсутствует в metadata.code.
ERROR [jazz] tmp/suite-release-stage-6224/jazz/InventoryItem/JAZZ_GrenadeLauncher.lua: Активный generated companion отсутствует в metadata.code.
ERROR [jazz] tmp/suite-release-stage-6224/jazz/InventoryItem/JAZZ_HandlingWrap.lua: Активный generated companion отсутствует в metadata.code.
ERROR [jazz] tmp/suite-release-stage-6224/jazz/InventoryItem/JAZZ_ImprovisedSuppressor.lua: Активный generated companion отсутствует в metadata.code.
ERROR [jazz] tmp/suite-release-stage-6224/jazz/InventoryItem/JAZZ_LaserDot_aa12.lua: Активный generated companion отсутствует в metadata.code.
ERROR [jazz] tmp/suite-release-stage-6224/jazz/InventoryItem/JAZZ_LaserDot_Anaconda.lua: Активный generated companion отсутствует в metadata.code.
ERROR [jazz] tmp/suite-release-stage-6224/jazz/InventoryItem/JAZZ_LaserDot_PSG_M1.lua: Активный generated companion отсутствует в metadata.code.
ERROR [jazz] tmp/suite-release-stage-6224/jazz/InventoryItem/JAZZ_LaserDot.lua: Активный generated companion отсутствует в metadata.code.
ERROR [jazz] tmp/suite-release-stage-6224/jazz/InventoryItem/JAZZ_M70_Grenade.lua: Активный generated companion отсутствует в metadata.code.
ERROR [jazz] tmp/suite-release-stage-6224/jazz/InventoryItem/JAZZ_MagBelt_100_200.lua: Активный generated companion отсутствует в metadata.code.
ERROR [jazz] tmp/suite-release-stage-6224/jazz/InventoryItem/JAZZ_MagBelt_40_100.lua: Активный generated companion отсутствует в metadata.code.
ERROR [jazz] tmp/suite-release-stage-6224/jazz/InventoryItem/JAZZ_MagDrum_30_100_cumbersome.lua: Активный generated companion отсутствует в metadata.code.
ERROR [jazz] tmp/suite-release-stage-6224/jazz/InventoryItem/JAZZ_MagDrum_30_100_G3.lua: Активный generated companion отсутствует в metadata.code.
ERROR [jazz] tmp/suite-release-stage-6224/jazz/InventoryItem/JAZZ_MagDrum_30_100_HK33.lua: Активный generated companion отсутствует в metadata.code.
ERROR [jazz] tmp/suite-release-stage-6224/jazz/InventoryItem/JAZZ_MagDrum_30_100.lua: Активный generated companion отсутствует в metadata.code.
ERROR [jazz] tmp/suite-release-stage-6224/jazz/InventoryItem/JAZZ_MagDrum_30_50_THOMPSON.lua: Активный generated companion отсутствует в metadata.code.
ERROR [jazz] tmp/suite-release-stage-6224/jazz/InventoryItem/JAZZ_MagDrum_30_50_UZI.lua: Активный generated companion отсутствует в metadata.code.
ERROR [jazz] tmp/suite-release-stage-6224/jazz/InventoryItem/JAZZ_MagDrum_30_50.lua: Активный generated companion отсутствует в metadata.code.
ERROR [jazz] tmp/suite-release-stage-6224/jazz/InventoryItem/JAZZ_MagDrum_30_75.lua: Активный generated companion отсутствует в metadata.code.
ERROR [jazz] tmp/suite-release-stage-6224/jazz/InventoryItem/JAZZ_MagDrum_35_71.lua: Активный generated companion отсутствует в metadata.code.
ERROR [jazz] tmp/suite-release-stage-6224/jazz/InventoryItem/JAZZ_MagLarge_10_20_SVD.lua: Активный generated companion отсутствует в metadata.code.
ERROR [jazz] tmp/suite-release-stage-6224/jazz/InventoryItem/JAZZ_MagLarge_10_20_VAL.lua: Активный generated companion отсутствует в metadata.code.
ERROR [jazz] tmp/suite-release-stage-6224/jazz/InventoryItem/JAZZ_MagLarge_10_20.lua: Активный generated companion отсутствует в metadata.code.
ERROR [jazz] tmp/suite-release-stage-6224/jazz/InventoryItem/JAZZ_MagLarge_13_PISTOL_52.lua: Активный generated companion отсутствует в metadata.code.
ERROR [jazz] tmp/suite-release-stage-6224/jazz/InventoryItem/JAZZ_MagLarge_13_PISTOL_DE.lua: Активный generated companion отсутствует в metadata.code.
ERROR [jazz] tmp/suite-release-stage-6224/jazz/InventoryItem/JAZZ_MagLarge_13.lua: Активный generated companion отсутствует в metadata.code.
ERROR [jazz] tmp/suite-release-stage-6224/jazz/InventoryItem/JAZZ_MagLarge_17_33.lua: Активный generated companion отсутствует в metadata.code.
ERROR [jazz] tmp/suite-release-stage-6224/jazz/InventoryItem/JAZZ_MagLarge_18_20.lua: Активный generated companion отсутствует в metadata.code.
ERROR [jazz] tmp/suite-release-stage-6224/jazz/InventoryItem/JAZZ_MagLarge_20_30_FAL.lua: Активный generated companion отсутствует в metadata.code.
ERROR [jazz] tmp/suite-release-stage-6224/jazz/InventoryItem/JAZZ_MagLarge_20_30_MINI14.lua: Активный generated companion отсутствует в metadata.code.
ERROR [jazz] tmp/suite-release-stage-6224/jazz/InventoryItem/JAZZ_MagLarge_20_30_UZI.lua: Активный generated companion отсутствует в metadata.code.
ERROR [jazz] tmp/suite-release-stage-6224/jazz/InventoryItem/JAZZ_MagLarge_20_30.lua: Активный generated companion отсутствует в metadata.code.
ERROR [jazz] tmp/suite-release-stage-6224/jazz/InventoryItem/JAZZ_MagLarge_25_40.lua: Активный generated companion отсутствует в metadata.code.
ERROR [jazz] tmp/suite-release-stage-6224/jazz/InventoryItem/JAZZ_MagLarge_25_AA12.lua: Активный generated companion отсутствует в metadata.code.
ERROR [jazz] tmp/suite-release-stage-6224/jazz/InventoryItem/JAZZ_MagLarge_25_PISTOL_9.lua: Активный generated companion отсутствует в metadata.code.
ERROR [jazz] tmp/suite-release-stage-6224/jazz/InventoryItem/JAZZ_MagLarge_25_USAS.lua: Активный generated companion отсутствует в metadata.code.
ERROR [jazz] tmp/suite-release-stage-6224/jazz/InventoryItem/JAZZ_MagLarge_25.lua: Активный generated companion отсутствует в metadata.code.
ERROR [jazz] tmp/suite-release-stage-6224/jazz/InventoryItem/JAZZ_MagLarge_27.lua: Активный generated companion отсутствует в metadata.code.
ERROR [jazz] tmp/suite-release-stage-6224/jazz/InventoryItem/JAZZ_MagLarge_28.lua: Активный generated companion отсутствует в metadata.code.
ERROR [jazz] tmp/suite-release-stage-6224/jazz/InventoryItem/JAZZ_MagLarge_30_40.lua: Активный generated companion отсутствует в metadata.code.
ERROR [jazz] tmp/suite-release-stage-6224/jazz/InventoryItem/JAZZ_MagLarge_30_42.lua: Активный generated companion отсутствует в metadata.code.
ERROR [jazz] tmp/suite-release-stage-6224/jazz/InventoryItem/JAZZ_MagLarge_30_45.lua: Активный generated companion отсутствует в metadata.code.
ERROR [jazz] tmp/suite-release-stage-6224/jazz/InventoryItem/JAZZ_MagLarge_5_10.lua: Активный generated companion отсутствует в metadata.code.
ERROR [jazz] tmp/suite-release-stage-6224/jazz/InventoryItem/JAZZ_MagLarge_50_AR15.lua: Активный generated companion отсутствует в metadata.code.
ERROR [jazz] tmp/suite-release-stage-6224/jazz/InventoryItem/JAZZ_MagLarge_50_MP5.lua: Активный generated companion отсутствует в metadata.code.
ERROR [jazz] tmp/suite-release-stage-6224/jazz/InventoryItem/JAZZ_MagLarge_50_SIG.lua: Активный generated companion отсутствует в metadata.code.
ERROR [jazz] tmp/suite-release-stage-6224/jazz/InventoryItem/JAZZ_MagLarge_50.lua: Активный generated companion отсутствует в metadata.code.
ERROR [jazz] tmp/suite-release-stage-6224/jazz/InventoryItem/JAZZ_MagLarge_7_10.lua: Активный generated companion отсутствует в metadata.code.
ERROR [jazz] tmp/suite-release-stage-6224/jazz/InventoryItem/JAZZ_MagLarge_8_10.lua: Активный generated companion отсутствует в metadata.code.
ERROR [jazz] tmp/suite-release-stage-6224/jazz/InventoryItem/JAZZ_MagLarge_8_BARRET.lua: Активный generated companion отсутствует в metadata.code.
ERROR [jazz] tmp/suite-release-stage-6224/jazz/InventoryItem/JAZZ_MagLarge_8_PISTOL_52.lua: Активный generated companion отсутствует в metadata.code.
ERROR [jazz] tmp/suite-release-stage-6224/jazz/InventoryItem/JAZZ_MagLarge_8_PSG1.lua: Активный generated companion отсутствует в metadata.code.
ERROR [jazz] tmp/suite-release-stage-6224/jazz/InventoryItem/JAZZ_MagLarge_8.lua: Активный generated companion отсутствует в metadata.code.
ERROR [jazz] tmp/suite-release-stage-6224/jazz/InventoryItem/JAZZ_MagLargeFine.lua: Активный generated companion отсутствует в metadata.code.
ERROR [jazz] tmp/suite-release-stage-6224/jazz/InventoryItem/JAZZ_MagNormalFine_AR15.lua: Активный generated companion отсутствует в metadata.code.
ERROR [jazz] tmp/suite-release-stage-6224/jazz/InventoryItem/JAZZ_MagNormalFine_FAL.lua: Активный generated companion отсутствует в metadata.code.
ERROR [jazz] tmp/suite-release-stage-6224/jazz/InventoryItem/JAZZ_MagNormalFine_M14.lua: Активный generated companion отсутствует в metadata.code.
ERROR [jazz] tmp/suite-release-stage-6224/jazz/InventoryItem/JAZZ_MagNormalFine_PISTOL_9.lua: Активный generated companion отсутствует в metadata.code.
ERROR [jazz] tmp/suite-release-stage-6224/jazz/InventoryItem/JAZZ_MagNormalFine_PSG1.lua: Активный generated companion отсутствует в metadata.code.
ERROR [jazz] tmp/suite-release-stage-6224/jazz/InventoryItem/JAZZ_MagNormalFine.lua: Активный generated companion отсутствует в metadata.code.
ERROR [jazz] tmp/suite-release-stage-6224/jazz/InventoryItem/JAZZ_MagNormalG18.lua: Активный generated companion отсутствует в metadata.code.
ERROR [jazz] tmp/suite-release-stage-6224/jazz/InventoryItem/JAZZ_MagQuick_AK.lua: Активный generated companion отсутствует в metadata.code.
ERROR [jazz] tmp/suite-release-stage-6224/jazz/InventoryItem/JAZZ_MagQuick_AR15.lua: Активный generated companion отсутствует в metadata.code.
ERROR [jazz] tmp/suite-release-stage-6224/jazz/InventoryItem/JAZZ_MagQuick_AUG.lua: Активный generated companion отсутствует в metadata.code.
ERROR [jazz] tmp/suite-release-stage-6224/jazz/InventoryItem/JAZZ_MagQuick_G36.lua: Активный generated companion отсутствует в metadata.code.
ERROR [jazz] tmp/suite-release-stage-6224/jazz/InventoryItem/JAZZ_MagQuick_GALIL.lua: Активный generated companion отсутствует в metadata.code.
ERROR [jazz] tmp/suite-release-stage-6224/jazz/InventoryItem/JAZZ_MagQuick_MP5.lua: Активный generated companion отсутствует в metadata.code.
ERROR [jazz] tmp/suite-release-stage-6224/jazz/InventoryItem/JAZZ_MagQuick.lua: Активный generated companion отсутствует в metadata.code.
ERROR [jazz] tmp/suite-release-stage-6224/jazz/InventoryItem/JAZZ_MagSmall20_10_G3.lua: Активный generated companion отсутствует в metadata.code.
ERROR [jazz] tmp/suite-release-stage-6224/jazz/InventoryItem/JAZZ_MagSmall20_10_M14.lua: Активный generated companion отсутствует в metadata.code.
ERROR [jazz] tmp/suite-release-stage-6224/jazz/InventoryItem/JAZZ_MagSmall20_10.lua: Активный generated companion отсутствует в metadata.code.
ERROR [jazz] tmp/suite-release-stage-6224/jazz/InventoryItem/JAZZ_MagSmall30_15_M2CARBINE.lua: Активный generated companion отсутствует в metadata.code.
ERROR [jazz] tmp/suite-release-stage-6224/jazz/InventoryItem/JAZZ_MagSmall30_15_MP5.lua: Активный generated companion отсутствует в metadata.code.
ERROR [jazz] tmp/suite-release-stage-6224/jazz/InventoryItem/JAZZ_MagSmall30_15_TMP.lua: Активный generated companion отсутствует в metadata.code.
ERROR [jazz] tmp/suite-release-stage-6224/jazz/InventoryItem/JAZZ_MagSmall30_15.lua: Активный generated companion отсутствует в metadata.code.
ERROR [jazz] tmp/suite-release-stage-6224/jazz/InventoryItem/JAZZ_MagSmall30_20.lua: Активный generated companion отсутствует в metadata.code.
ERROR [jazz] tmp/suite-release-stage-6224/jazz/InventoryItem/JAZZ_Morphine.lua: Активный generated companion отсутствует в metadata.code.
ERROR [jazz] tmp/suite-release-stage-6224/jazz/InventoryItem/JAZZ_NightScope_M3.lua: Активный generated companion отсутствует в metadata.code.
ERROR [jazz] tmp/suite-release-stage-6224/jazz/InventoryItem/JAZZ_NightScope_NSPU.lua: Активный generated companion отсутствует в metadata.code.
ERROR [jazz] tmp/suite-release-stage-6224/jazz/InventoryItem/JAZZ_NightScope.lua: Активный generated companion отсутствует в metadata.code.
ERROR [jazz] tmp/suite-release-stage-6224/jazz/InventoryItem/JAZZ_PistolSuppressor.lua: Активный generated companion отсутствует в metadata.code.
ERROR [jazz] tmp/suite-release-stage-6224/jazz/InventoryItem/JAZZ_Reflex_Aimpoint5000.lua: Активный generated companion отсутствует в metadata.code.
ERROR [jazz] tmp/suite-release-stage-6224/jazz/InventoryItem/JAZZ_Reflex_Closed.lua: Активный generated companion отсутствует в metadata.code.
ERROR [jazz] tmp/suite-release-stage-6224/jazz/InventoryItem/JAZZ_Reflex_Cobra.lua: Активный generated companion отсутствует в metadata.code.
ERROR [jazz] tmp/suite-release-stage-6224/jazz/InventoryItem/JAZZ_Reflex_Eotech.lua: Активный generated companion отсутствует в metadata.code.
ERROR [jazz] tmp/suite-release-stage-6224/jazz/InventoryItem/JAZZ_Reflex_Garand.lua: Активный generated companion отсутствует в metadata.code.
ERROR [jazz] tmp/suite-release-stage-6224/jazz/InventoryItem/JAZZ_Reflex_M68.lua: Активный generated companion отсутствует в metadata.code.
ERROR [jazz] tmp/suite-release-stage-6224/jazz/InventoryItem/JAZZ_Reflex_Open.lua: Активный generated companion отсутствует в metadata.code.
ERROR [jazz] tmp/suite-release-stage-6224/jazz/InventoryItem/JAZZ_Reflex_Pistol.lua: Активный generated companion отсутствует в metadata.code.
ERROR [jazz] tmp/suite-release-stage-6224/jazz/InventoryItem/JAZZ_Reflex_PKAS.lua: Активный generated companion отсутствует в metadata.code.
ERROR [jazz] tmp/suite-release-stage-6224/jazz/InventoryItem/JAZZ_RemovableAttachment.lua: Активный generated companion отсутствует в metadata.code.
ERROR [jazz] tmp/suite-release-stage-6224/jazz/InventoryItem/JAZZ_Scope_12x.lua: Активный generated companion отсутствует в metadata.code.
ERROR [jazz] tmp/suite-release-stage-6224/jazz/InventoryItem/JAZZ_Scope_3x_9x.lua: Активный generated companion отсутствует в metadata.code.
ERROR [jazz] tmp/suite-release-stage-6224/jazz/InventoryItem/JAZZ_Scope_6x.lua: Активный generated companion отсутствует в metadata.code.
ERROR [jazz] tmp/suite-release-stage-6224/jazz/InventoryItem/JAZZ_Scope_8x_SCROME.lua: Активный generated companion отсутствует в metadata.code.
ERROR [jazz] tmp/suite-release-stage-6224/jazz/InventoryItem/JAZZ_Scope_DA15_6x.lua: Активный generated companion отсутствует в metadata.code.
ERROR [jazz] tmp/suite-release-stage-6224/jazz/InventoryItem/JAZZ_Scope_Garand.lua: Активный generated companion отсутствует в metadata.code.
ERROR [jazz] tmp/suite-release-stage-6224/jazz/InventoryItem/JAZZ_Scope_PSG.lua: Активный generated companion отсутствует в metadata.code.
ERROR [jazz] tmp/suite-release-stage-6224/jazz/InventoryItem/JAZZ_Scope_PSO.lua: Активный generated companion отсутствует в metadata.code.
ERROR [jazz] tmp/suite-release-stage-6224/jazz/InventoryItem/JAZZ_Scope_PU.lua: Активный generated companion отсутствует в metadata.code.
ERROR [jazz] tmp/suite-release-stage-6224/jazz/InventoryItem/JAZZ_Scope_Scout.lua: Активный generated companion отсутствует в metadata.code.
ERROR [jazz] tmp/suite-release-stage-6224/jazz/InventoryItem/JAZZ_Scope_Springfield.lua: Активный generated companion отсутствует в metadata.code.
ERROR [jazz] tmp/suite-release-stage-6224/jazz/InventoryItem/JAZZ_Scope_ZF4.lua: Активный generated companion отсутствует в metadata.code.
ERROR [jazz] tmp/suite-release-stage-6224/jazz/InventoryItem/JAZZ_Scope_ZRAK.lua: Активный generated companion отсутствует в metadata.code.
ERROR [jazz] tmp/suite-release-stage-6224/jazz/InventoryItem/JAZZ_ScopeParts.lua: Активный generated companion отсутствует в metadata.code.
ERROR [jazz] tmp/suite-release-stage-6224/jazz/InventoryItem/JAZZ_Suppressor.lua: Активный generated companion отсутствует в metadata.code.
ERROR [jazz] tmp/suite-release-stage-6224/jazz/InventoryItem/JAZZ_SuppressorImproved.lua: Активный generated companion отсутствует в metadata.code.
ERROR [jazz] tmp/suite-release-stage-6224/jazz/InventoryItem/JAZZ_SuppressorIntegrated.lua: Активный generated companion отсутствует в metadata.code.
ERROR [jazz] tmp/suite-release-stage-6224/jazz/InventoryItem/JAZZ_SurgicalKit.lua: Активный generated companion отсутствует в metadata.code.
ERROR [jazz] tmp/suite-release-stage-6224/jazz/InventoryItem/JAZZ_TacGrip_M14.lua: Активный generated companion отсутствует в metadata.code.
ERROR [jazz] tmp/suite-release-stage-6224/jazz/InventoryItem/JAZZ_TacGrip.lua: Активный generated companion отсутствует в metadata.code.
ERROR [jazz] tmp/suite-release-stage-6224/jazz/InventoryItem/JAZZ_Type56Bayo.lua: Активный generated companion отсутствует в metadata.code.
ERROR [jazz] tmp/suite-release-stage-6224/jazz/InventoryItem/JAZZ_Type56BayoF.lua: Активный generated companion отсутствует в metadata.code.
ERROR [jazz] tmp/suite-release-stage-6224/jazz/InventoryItem/JAZZ_UVDot_aa12.lua: Активный generated companion отсутствует в metadata.code.
ERROR [jazz] tmp/suite-release-stage-6224/jazz/InventoryItem/JAZZ_UVDot_Anaconda.lua: Активный generated companion отсутствует в metadata.code.
ERROR [jazz] tmp/suite-release-stage-6224/jazz/InventoryItem/JAZZ_UVDot_PSG_M1.lua: Активный generated companion отсутствует в metadata.code.
ERROR [jazz] tmp/suite-release-stage-6224/jazz/InventoryItem/JAZZ_UVDot.lua: Активный generated companion отсутствует в metadata.code.
ERROR [jazz] tmp/suite-release-stage-6224/jazz/InventoryItem/JAZZ_VerticalGrip_Commando.lua: Активный generated companion отсутствует в metadata.code.
ERROR [jazz] tmp/suite-release-stage-6224/jazz/InventoryItem/JAZZ_VerticalGrip_M14.lua: Активный generated companion отсутствует в metadata.code.
ERROR [jazz] tmp/suite-release-stage-6224/jazz/InventoryItem/JAZZ_VerticalGrip.lua: Активный generated companion отсутствует в metadata.code.
ERROR [jazz] tmp/suite-release-stage-6224/jazz/InventoryItem/JazzArmor_6B13.lua: Активный generated companion отсутствует в metadata.code.
ERROR [jazz] tmp/suite-release-stage-6224/jazz/InventoryItem/JazzArmor_6B3.lua: Активный generated companion отсутствует в metadata.code.
ERROR [jazz] tmp/suite-release-stage-6224/jazz/InventoryItem/JazzArmor_6b7Helm.lua: Активный generated companion отсутствует в metadata.code.
ERROR [jazz] tmp/suite-release-stage-6224/jazz/InventoryItem/JazzArmor_AdrianHelmet.lua: Активный generated companion отсутствует в metadata.code.
ERROR [jazz] tmp/suite-release-stage-6224/jazz/InventoryItem/JazzArmor_AltynHelm.lua: Активный generated companion отсутствует в metadata.code.
ERROR [jazz] tmp/suite-release-stage-6224/jazz/InventoryItem/JazzArmor_AssaultCuirass.lua: Активный generated companion отсутствует в metadata.code.
ERROR [jazz] tmp/suite-release-stage-6224/jazz/InventoryItem/JazzArmor_BallisticMask.lua: Активный generated companion отсутствует в metadata.code.
ERROR [jazz] tmp/suite-release-stage-6224/jazz/InventoryItem/JazzArmor_CamoBalaclava.lua: Активный generated companion отсутствует в metadata.code.
ERROR [jazz] tmp/suite-release-stage-6224/jazz/InventoryItem/JazzArmor_CamoKneePads.lua: Активный generated companion отсутствует в metadata.code.
ERROR [jazz] tmp/suite-release-stage-6224/jazz/InventoryItem/JazzArmor_Chainmail.lua: Активный generated companion отсутствует в metadata.code.
ERROR [jazz] tmp/suite-release-stage-6224/jazz/InventoryItem/JazzArmor_ConstructionHelmet.lua: Активный generated companion отсутствует в metadata.code.
ERROR [jazz] tmp/suite-release-stage-6224/jazz/InventoryItem/JazzArmor_EOD.lua: Активный generated companion отсутствует в metadata.code.
ERROR [jazz] tmp/suite-release-stage-6224/jazz/InventoryItem/JazzArmor_ESS.lua: Активный generated companion отсутствует в metadata.code.
ERROR [jazz] tmp/suite-release-stage-6224/jazz/InventoryItem/JazzArmor_FlakM1955.lua: Активный generated companion отсутствует в metadata.code.
ERROR [jazz] tmp/suite-release-stage-6224/jazz/InventoryItem/JazzArmor_FlakM69.lua: Активный generated companion отсутствует в metadata.code.
ERROR [jazz] tmp/suite-release-stage-6224/jazz/InventoryItem/JazzArmor_GuardianFull.lua: Активный generated companion отсутствует в metadata.code.
ERROR [jazz] tmp/suite-release-stage-6224/jazz/InventoryItem/JazzArmor_GuardianHeavyLegs.lua: Активный generated companion отсутствует в metadata.code.
ERROR [jazz] tmp/suite-release-stage-6224/jazz/InventoryItem/JazzArmor_GuardianHelm.lua: Активный generated companion отсутствует в metadata.code.
ERROR [jazz] tmp/suite-release-stage-6224/jazz/InventoryItem/JazzArmor_GuardianHelmHeavy.lua: Активный generated companion отсутствует в metadata.code.
ERROR [jazz] tmp/suite-release-stage-6224/jazz/InventoryItem/JazzArmor_GuardianLegs.lua: Активный generated companion отсутствует в metadata.code.
ERROR [jazz] tmp/suite-release-stage-6224/jazz/InventoryItem/JazzArmor_GuardianLight.lua: Активный generated companion отсутствует в metadata.code.
ERROR [jazz] tmp/suite-release-stage-6224/jazz/InventoryItem/JazzArmor_GuardianMedium.lua: Активный generated companion отсутствует в metadata.code.
ERROR [jazz] tmp/suite-release-stage-6224/jazz/InventoryItem/JazzArmor_IBA.lua: Активный generated companion отсутствует в metadata.code.
ERROR [jazz] tmp/suite-release-stage-6224/jazz/InventoryItem/JazzArmor_IBAFull.lua: Активный generated companion отсутствует в metadata.code.
ERROR [jazz] tmp/suite-release-stage-6224/jazz/InventoryItem/JazzArmor_IBALight.lua: Активный generated companion отсутствует в metadata.code.
ERROR [jazz] tmp/suite-release-stage-6224/jazz/InventoryItem/JazzArmor_ImprovisedCuirass.lua: Активный generated companion отсутствует в metadata.code.
ERROR [jazz] tmp/suite-release-stage-6224/jazz/InventoryItem/JazzArmor_LeatherArmor.lua: Активный generated companion отсутствует в metadata.code.
ERROR [jazz] tmp/suite-release-stage-6224/jazz/InventoryItem/JazzArmor_LeatherJacketBlk.lua: Активный generated companion отсутствует в metadata.code.
ERROR [jazz] tmp/suite-release-stage-6224/jazz/InventoryItem/JazzArmor_LeatherJacketBrn.lua: Активный generated companion отсутствует в metadata.code.
ERROR [jazz] tmp/suite-release-stage-6224/jazz/InventoryItem/JazzArmor_LeatherPants.lua: Активный generated companion отсутствует в metadata.code.
ERROR [jazz] tmp/suite-release-stage-6224/jazz/InventoryItem/JazzArmor_LeatherVest.lua: Активный generated companion отсутствует в metadata.code.
ERROR [jazz] tmp/suite-release-stage-6224/jazz/InventoryItem/JazzArmor_M1Helm.lua: Активный generated companion отсутствует в metadata.code.
ERROR [jazz] tmp/suite-release-stage-6224/jazz/InventoryItem/JazzArmor_MetalHelm.lua: Активный generated companion отсутствует в metadata.code.
ERROR [jazz] tmp/suite-release-stage-6224/jazz/InventoryItem/JazzArmor_Mich2000.lua: Активный generated companion отсутствует в metadata.code.
ERROR [jazz] tmp/suite-release-stage-6224/jazz/InventoryItem/JazzArmor_Mich2001.lua: Активный generated companion отсутствует в metadata.code.
ERROR [jazz] tmp/suite-release-stage-6224/jazz/InventoryItem/JazzArmor_MotoKneePads.lua: Активный generated companion отсутствует в metadata.code.
ERROR [jazz] tmp/suite-release-stage-6224/jazz/InventoryItem/JazzArmor_NVG1.lua: Активный generated companion отсутствует в metadata.code.
ERROR [jazz] tmp/suite-release-stage-6224/jazz/InventoryItem/JazzArmor_NVG2.lua: Активный generated companion отсутствует в metadata.code.
ERROR [jazz] tmp/suite-release-stage-6224/jazz/InventoryItem/JazzArmor_NVG3.lua: Активный generated companion отсутствует в metadata.code.
ERROR [jazz] tmp/suite-release-stage-6224/jazz/InventoryItem/JazzArmor_PASGT.lua: Активный generated companion отсутствует в metadata.code.
ERROR [jazz] tmp/suite-release-stage-6224/jazz/InventoryItem/JazzArmor_PASGTHelm.lua: Активный generated companion отсутствует в metadata.code.
ERROR [jazz] tmp/suite-release-stage-6224/jazz/InventoryItem/JazzArmor_PoliceVest.lua: Активный generated companion отсутствует в metadata.code.
ERROR [jazz] tmp/suite-release-stage-6224/jazz/InventoryItem/JazzArmor_ProTecHelm.lua: Активный generated companion отсутствует в metadata.code.
ERROR [jazz] tmp/suite-release-stage-6224/jazz/InventoryItem/JazzArmor_RaiderKneePads.lua: Активный generated companion отсутствует в metadata.code.
ERROR [jazz] tmp/suite-release-stage-6224/jazz/InventoryItem/JazzArmor_RaiderMetalLeggins.lua: Активный generated companion отсутствует в metadata.code.
ERROR [jazz] tmp/suite-release-stage-6224/jazz/InventoryItem/JazzArmor_RBA.lua: Активный generated companion отсутствует в metadata.code.
ERROR [jazz] tmp/suite-release-stage-6224/jazz/InventoryItem/JazzArmor_SovietAssaultArmor.lua: Активный generated companion отсутствует в metadata.code.
ERROR [jazz] tmp/suite-release-stage-6224/jazz/InventoryItem/JazzArmor_SovietHelm.lua: Активный generated companion отсутствует в metadata.code.
ERROR [jazz] tmp/suite-release-stage-6224/jazz/InventoryItem/JazzArmor_Spectra.lua: Активный generated companion отсутствует в metadata.code.
ERROR [jazz] tmp/suite-release-stage-6224/jazz/InventoryItem/JazzArmor_SpectraCompositum.lua: Активный generated companion отсутствует в metadata.code.
ERROR [jazz] tmp/suite-release-stage-6224/jazz/InventoryItem/JazzArmor_SpectraFull.lua: Активный generated companion отсутствует в metadata.code.
ERROR [jazz] tmp/suite-release-stage-6224/jazz/InventoryItem/JazzArmor_SpectraFullCompositum.lua: Активный generated companion отсутствует в metadata.code.
ERROR [jazz] tmp/suite-release-stage-6224/jazz/InventoryItem/JazzArmor_SpectraHelm.lua: Активный generated companion отсутствует в metadata.code.
ERROR [jazz] tmp/suite-release-stage-6224/jazz/InventoryItem/JazzArmor_SpectraLegs.lua: Активный generated companion отсутствует в metadata.code.
ERROR [jazz] tmp/suite-release-stage-6224/jazz/InventoryItem/JazzArmor_Stahlhelm.lua: Активный generated companion отсутствует в metadata.code.
ERROR [jazz] tmp/suite-release-stage-6224/jazz/InventoryItem/JazzArmor_STSHHelm.lua: Активный generated companion отсутствует в metadata.code.
ERROR [jazz] tmp/suite-release-stage-6224/jazz/InventoryItem/JazzArmor_Sunglasses.lua: Активный generated companion отсутствует в metadata.code.
ERROR [jazz] tmp/suite-release-stage-6224/jazz/InventoryItem/JazzArmor_SWAT.lua: Активный generated companion отсутствует в metadata.code.
ERROR [jazz] tmp/suite-release-stage-6224/jazz/InventoryItem/JazzArmor_SwatPads.lua: Активный generated companion отсутствует в metadata.code.
ERROR [jazz] tmp/suite-release-stage-6224/jazz/InventoryItem/JazzArmor_TireArmor.lua: Активный generated companion отсутствует в metadata.code.
ERROR [jazz] tmp/suite-release-stage-6224/jazz/InventoryItem/JazzArmor_TireBrigantine.lua: Активный generated companion отсутствует в metadata.code.
ERROR [jazz] tmp/suite-release-stage-6224/jazz/InventoryItem/JazzArmor_TwaronFull.lua: Активный generated companion отсутствует в metadata.code.
ERROR [jazz] tmp/suite-release-stage-6224/jazz/InventoryItem/JazzArmor_TwaronHeavyLegs.lua: Активный generated companion отсутствует в metadata.code.
ERROR [jazz] tmp/suite-release-stage-6224/jazz/InventoryItem/JazzArmor_TwaronHelm.lua: Активный generated companion отсутствует в metadata.code.
ERROR [jazz] tmp/suite-release-stage-6224/jazz/InventoryItem/JazzArmor_TwaronHelmHeavy.lua: Активный generated companion отсутствует в metadata.code.
ERROR [jazz] tmp/suite-release-stage-6224/jazz/InventoryItem/JazzArmor_TwaronLegs.lua: Активный generated companion отсутствует в metadata.code.
ERROR [jazz] tmp/suite-release-stage-6224/jazz/InventoryItem/JazzArmor_TwaronLight.lua: Активный generated companion отсутствует в metadata.code.
ERROR [jazz] tmp/suite-release-stage-6224/jazz/InventoryItem/JazzArmor_TwaronMedium.lua: Активный generated companion отсутствует в metadata.code.
ERROR [jazz] tmp/suite-release-stage-6224/jazz/InventoryItem/JazzArmor_UHMWPE.lua: Активный generated companion отсутствует в metadata.code.
ERROR [jazz] tmp/suite-release-stage-6224/jazz/InventoryItem/JazzArmor_UHMWPEFull.lua: Активный generated companion отсутствует в metadata.code.
ERROR [jazz] tmp/suite-release-stage-6224/jazz/InventoryItem/JazzArmor_UHMWPEHelm.lua: Активный generated companion отсутствует в metadata.code.
ERROR [jazz] tmp/suite-release-stage-6224/jazz/InventoryItem/JazzArmor_UHMWPELegs.lua: Активный generated companion отсутствует в metadata.code.
ERROR [jazz] tmp/suite-release-stage-6224/jazz/InventoryItem/JazzArmor_Uniform.lua: Активный generated companion отсутствует в metadata.code.
ERROR [jazz] tmp/suite-release-stage-6224/jazz/InventoryItem/JazzArmor_UniformCap.lua: Активный generated companion отсутствует в metadata.code.
ERROR [jazz] tmp/suite-release-stage-6224/jazz/InventoryItem/JazzArmor_UniformPants.lua: Активный generated companion отсутствует в metadata.code.
ERROR [jazz] tmp/suite-release-stage-6224/jazz/InventoryItem/JazzArmor_WieldingHelm.lua: Активный generated companion отсутствует в metadata.code.
ERROR [jazz] tmp/suite-release-stage-6224/jazz/InventoryItem/JazzArmor_ZylonFull.lua: Активный generated companion отсутствует в metadata.code.
ERROR [jazz] tmp/suite-release-stage-6224/jazz/InventoryItem/JazzArmor_ZylonHeavyLegs.lua: Активный generated companion отсутствует в metadata.code.
ERROR [jazz] tmp/suite-release-stage-6224/jazz/InventoryItem/JazzArmor_ZylonHelm.lua: Активный generated companion отсутствует в metadata.code.
ERROR [jazz] tmp/suite-release-stage-6224/jazz/InventoryItem/JazzArmor_ZylonHelmHeavy.lua: Активный generated companion отсутствует в metadata.code.
ERROR [jazz] tmp/suite-release-stage-6224/jazz/InventoryItem/JazzArmor_ZylonLegs.lua: Активный generated companion отсутствует в metadata.code.
ERROR [jazz] tmp/suite-release-stage-6224/jazz/InventoryItem/JazzArmor_ZylonLight.lua: Активный generated companion отсутствует в metadata.code.
ERROR [jazz] tmp/suite-release-stage-6224/jazz/InventoryItem/JazzArmor_ZylonMedium.lua: Активный generated companion отсутствует в metadata.code.
ERROR [jazz] tmp/suite-release-stage-6224/jazz/InventoryItem/JazzArmorPlates_Ceramics3.lua: Активный generated companion отсутствует в metadata.code.
ERROR [jazz] tmp/suite-release-stage-6224/jazz/InventoryItem/JazzArmorPlates_Ceramics4.lua: Активный generated companion отсутствует в metadata.code.
ERROR [jazz] tmp/suite-release-stage-6224/jazz/InventoryItem/JazzArmorPlates_Ceramics5.lua: Активный generated companion отсутствует в metadata.code.
ERROR [jazz] tmp/suite-release-stage-6224/jazz/InventoryItem/JazzArmorPlates_Kevlar.lua: Активный generated companion отсутствует в metadata.code.
ERROR [jazz] tmp/suite-release-stage-6224/jazz/InventoryItem/JazzArmorPlates_Scrap.lua: Активный generated companion отсутствует в metadata.code.
ERROR [jazz] tmp/suite-release-stage-6224/jazz/InventoryItem/JazzArmorPlates_Steel3.lua: Активный generated companion отсутствует в metadata.code.
ERROR [jazz] tmp/suite-release-stage-6224/jazz/InventoryItem/JazzArmorPlates_Steel4.lua: Активный generated companion отсутствует в metadata.code.
ERROR [jazz] tmp/suite-release-stage-6224/jazz/InventoryItem/JazzArmorPlates_Steel5.lua: Активный generated companion отсутствует в metadata.code.
ERROR [jazz] tmp/suite-release-stage-6224/jazz/InventoryItem/JazzArmorPlates_Titan3.lua: Активный generated companion отсутствует в metadata.code.
ERROR [jazz] tmp/suite-release-stage-6224/jazz/InventoryItem/JazzArmorPlates_Titan4.lua: Активный generated companion отсутствует в metadata.code.
ERROR [jazz] tmp/suite-release-stage-6224/jazz/InventoryItem/JazzArmorPlates_Titan5.lua: Активный generated companion отсутствует в metadata.code.
ERROR [jazz] tmp/suite-release-stage-6224/jazz/InventoryItem/JazzArmorPlates_Twaron.lua: Активный generated companion отсутствует в metadata.code.
ERROR [jazz] tmp/suite-release-stage-6224/jazz/InventoryItem/KevlarChestplate_CeramicPlates.lua: Активный generated companion отсутствует в metadata.code.
ERROR [jazz] tmp/suite-release-stage-6224/jazz/InventoryItem/KevlarChestplate_Kompositum.lua: Активный generated companion отсутствует в metadata.code.
ERROR [jazz] tmp/suite-release-stage-6224/jazz/InventoryItem/KevlarChestplate_WeavePadding.lua: Активный generated companion отсутствует в metadata.code.
ERROR [jazz] tmp/suite-release-stage-6224/jazz/InventoryItem/KevlarChestplate.lua: Активный generated companion отсутствует в metadata.code.
ERROR [jazz] tmp/suite-release-stage-6224/jazz/InventoryItem/KevlarHelmet_Kompositum.lua: Активный generated companion отсутствует в metadata.code.
ERROR [jazz] tmp/suite-release-stage-6224/jazz/InventoryItem/KevlarHelmet_WeavePadding.lua: Активный generated companion отсутствует в metadata.code.
ERROR [jazz] tmp/suite-release-stage-6224/jazz/InventoryItem/KevlarHelmet.lua: Активный generated companion отсутствует в metadata.code.
ERROR [jazz] tmp/suite-release-stage-6224/jazz/InventoryItem/KevlarLeggings_Kompositum.lua: Активный generated companion отсутствует в metadata.code.
ERROR [jazz] tmp/suite-release-stage-6224/jazz/InventoryItem/KevlarLeggings_WeavePadding.lua: Активный generated companion отсутствует в metadata.code.
ERROR [jazz] tmp/suite-release-stage-6224/jazz/InventoryItem/KevlarLeggings.lua: Активный generated companion отсутствует в metadata.code.
ERROR [jazz] tmp/suite-release-stage-6224/jazz/InventoryItem/KevlarVest_CeramicPlates.lua: Активный generated companion отсутствует в metadata.code.
ERROR [jazz] tmp/suite-release-stage-6224/jazz/InventoryItem/KevlarVest_Kompositum.lua: Активный generated companion отсутствует в metadata.code.
ERROR [jazz] tmp/suite-release-stage-6224/jazz/InventoryItem/KevlarVest_WeavePadding.lua: Активный generated companion отсутствует в metadata.code.
ERROR [jazz] tmp/suite-release-stage-6224/jazz/InventoryItem/KevlarVest.lua: Активный generated companion отсутствует в metadata.code.
ERROR [jazz] tmp/suite-release-stage-6224/jazz/InventoryItem/Kimber.lua: Активный generated companion отсутствует в metadata.code.
ERROR [jazz] tmp/suite-release-stage-6224/jazz/InventoryItem/Knife_Balanced.lua: Активный generated companion отсутствует в metadata.code.
ERROR [jazz] tmp/suite-release-stage-6224/jazz/InventoryItem/Knife_Sharpened.lua: Активный generated companion отсутствует в metadata.code.
ERROR [jazz] tmp/suite-release-stage-6224/jazz/InventoryItem/Knife.lua: Активный generated companion отсутствует в metadata.code.
ERROR [jazz] tmp/suite-release-stage-6224/jazz/InventoryItem/Korth.lua: Активный generated companion отсутствует в metadata.code.
ERROR [jazz] tmp/suite-release-stage-6224/jazz/InventoryItem/L42A1.lua: Активный generated companion отсутствует в metadata.code.
ERROR [jazz] tmp/suite-release-stage-6224/jazz/InventoryItem/LightHelmet_Kompositum.lua: Активный generated companion отсутствует в metadata.code.
ERROR [jazz] tmp/suite-release-stage-6224/jazz/InventoryItem/LightHelmet_WeavePadding.lua: Активный generated companion отсутствует в metadata.code.
ERROR [jazz] tmp/suite-release-stage-6224/jazz/InventoryItem/LightHelmet.lua: Активный generated companion отсутствует в metadata.code.
ERROR [jazz] tmp/suite-release-stage-6224/jazz/InventoryItem/LionRoar.lua: Активный generated companion отсутствует в metadata.code.
ERROR [jazz] tmp/suite-release-stage-6224/jazz/InventoryItem/Lockpick.lua: Активный generated companion отсутствует в metadata.code.
ERROR [jazz] tmp/suite-release-stage-6224/jazz/InventoryItem/Luger.lua: Активный generated companion отсутствует в metadata.code.
ERROR [jazz] tmp/suite-release-stage-6224/jazz/InventoryItem/M14SAW.lua: Активный generated companion отсутствует в metadata.code.
ERROR [jazz] tmp/suite-release-stage-6224/jazz/InventoryItem/M16A1.lua: Активный generated companion отсутствует в metadata.code.
ERROR [jazz] tmp/suite-release-stage-6224/jazz/InventoryItem/M16A2.lua: Активный generated companion отсутствует в metadata.code.
ERROR [jazz] tmp/suite-release-stage-6224/jazz/InventoryItem/M16A4.lua: Активный generated companion отсутствует в metadata.code.
ERROR [jazz] tmp/suite-release-stage-6224/jazz/InventoryItem/M1897.lua: Активный generated companion отсутствует в metadata.code.
ERROR [jazz] tmp/suite-release-stage-6224/jazz/InventoryItem/M1A.lua: Активный generated companion отсутствует в metadata.code.
ERROR [jazz] tmp/suite-release-stage-6224/jazz/InventoryItem/M1Garand.lua: Активный generated companion отсутствует в metadata.code.
ERROR [jazz] tmp/suite-release-stage-6224/jazz/InventoryItem/M21.lua: Активный generated companion отсутствует в metadata.code.
ERROR [jazz] tmp/suite-release-stage-6224/jazz/InventoryItem/M24Sniper.lua: Активный generated companion отсутствует в metadata.code.
ERROR [jazz] tmp/suite-release-stage-6224/jazz/InventoryItem/M2Carbine.lua: Активный generated companion отсутствует в metadata.code.
ERROR [jazz] tmp/suite-release-stage-6224/jazz/InventoryItem/M3GreaseGun.lua: Активный generated companion отсутствует в metadata.code.
ERROR [jazz] tmp/suite-release-stage-6224/jazz/InventoryItem/M41Shotgun.lua: Активный generated companion отсутствует в metadata.code.
ERROR [jazz] tmp/suite-release-stage-6224/jazz/InventoryItem/M45.lua: Активный generated companion отсутствует в metadata.code.
ERROR [jazz] tmp/suite-release-stage-6224/jazz/InventoryItem/M4A1.lua: Активный generated companion отсутствует в metadata.code.
ERROR [jazz] tmp/suite-release-stage-6224/jazz/InventoryItem/M4Commando.lua: Активный generated companion отсутствует в metadata.code.
ERROR [jazz] tmp/suite-release-stage-6224/jazz/InventoryItem/M60.lua: Активный generated companion отсутствует в metadata.code.
ERROR [jazz] tmp/suite-release-stage-6224/jazz/InventoryItem/M60E3.lua: Активный generated companion отсутствует в metadata.code.
ERROR [jazz] tmp/suite-release-stage-6224/jazz/InventoryItem/M60E4.lua: Активный generated companion отсутствует в metadata.code.
ERROR [jazz] tmp/suite-release-stage-6224/jazz/InventoryItem/M700.lua: Активный generated companion отсутствует в metadata.code.
ERROR [jazz] tmp/suite-release-stage-6224/jazz/InventoryItem/M72LAW.lua: Активный generated companion отсутствует в metadata.code.
ERROR [jazz] tmp/suite-release-stage-6224/jazz/InventoryItem/M79.lua: Активный generated companion отсутствует в metadata.code.
ERROR [jazz] tmp/suite-release-stage-6224/jazz/InventoryItem/MAC10.lua: Активный generated companion отсутствует в metadata.code.
ERROR [jazz] tmp/suite-release-stage-6224/jazz/InventoryItem/MAC1950.lua: Активный generated companion отсутствует в metadata.code.
ERROR [jazz] tmp/suite-release-stage-6224/jazz/InventoryItem/MAC2429.lua: Активный generated companion отсутствует в metadata.code.
ERROR [jazz] tmp/suite-release-stage-6224/jazz/InventoryItem/Machete_Balanced.lua: Активный generated companion отсутствует в metadata.code.
ERROR [jazz] tmp/suite-release-stage-6224/jazz/InventoryItem/Machete_Sharpened.lua: Активный generated companion отсутствует в metadata.code.
ERROR [jazz] tmp/suite-release-stage-6224/jazz/InventoryItem/Machete.lua: Активный generated companion отсутствует в metadata.code.
ERROR [jazz] tmp/suite-release-stage-6224/jazz/InventoryItem/Makarov.lua: Активный generated companion отсутствует в metadata.code.
ERROR [jazz] tmp/suite-release-stage-6224/jazz/InventoryItem/MAS36.lua: Активный generated companion отсутствует в metadata.code.
ERROR [jazz] tmp/suite-release-stage-6224/jazz/InventoryItem/MAS49.lua: Активный generated companion отсутствует в metadata.code.
ERROR [jazz] tmp/suite-release-stage-6224/jazz/InventoryItem/MAT49.lua: Активный generated companion отсутствует в metadata.code.
ERROR [jazz] tmp/suite-release-stage-6224/jazz/InventoryItem/MedicalReport.lua: Активный generated companion отсутствует в metadata.code.
ERROR [jazz] tmp/suite-release-stage-6224/jazz/InventoryItem/Medkit.lua: Активный generated companion отсутствует в metadata.code.
ERROR [jazz] tmp/suite-release-stage-6224/jazz/InventoryItem/Meds.lua: Активный generated companion отсутствует в metadata.code.
ERROR [jazz] tmp/suite-release-stage-6224/jazz/InventoryItem/MetaviraShot.lua: Активный generated companion отсутствует в metadata.code.
ERROR [jazz] tmp/suite-release-stage-6224/jazz/InventoryItem/MG42.lua: Активный generated companion отсутствует в metadata.code.
ERROR [jazz] tmp/suite-release-stage-6224/jazz/InventoryItem/MG58.lua: Активный generated companion отсутствует в metadata.code.
ERROR [jazz] tmp/suite-release-stage-6224/jazz/InventoryItem/MGL.lua: Активный generated companion отсутствует в metadata.code.
ERROR [jazz] tmp/suite-release-stage-6224/jazz/InventoryItem/Microchip.lua: Активный generated companion отсутствует в metadata.code.
ERROR [jazz] tmp/suite-release-stage-6224/jazz/InventoryItem/MicroUZI.lua: Активный generated companion отсутствует в metadata.code.
ERROR [jazz] tmp/suite-release-stage-6224/jazz/InventoryItem/Mini14.lua: Активный generated companion отсутствует в metadata.code.
ERROR [jazz] tmp/suite-release-stage-6224/jazz/InventoryItem/Molotov.lua: Активный generated companion отсутствует в metadata.code.
ERROR [jazz] tmp/suite-release-stage-6224/jazz/InventoryItem/MortarInventoryItem.lua: Активный generated companion отсутствует в metadata.code.
ERROR [jazz] tmp/suite-release-stage-6224/jazz/InventoryItem/MortarShell_Gas.lua: Активный generated companion отсутствует в metadata.code.
ERROR [jazz] tmp/suite-release-stage-6224/jazz/InventoryItem/MortarShell_HE.lua: Активный generated companion отсутствует в metadata.code.
ERROR [jazz] tmp/suite-release-stage-6224/jazz/InventoryItem/MortarShell_Smoke.lua: Активный generated companion отсутствует в metadata.code.
ERROR [jazz] tmp/suite-release-stage-6224/jazz/InventoryItem/Mosin.lua: Активный generated companion отсутствует в metadata.code.
ERROR [jazz] tmp/suite-release-stage-6224/jazz/InventoryItem/MP40.lua: Активный generated companion отсутствует в metadata.code.
ERROR [jazz] tmp/suite-release-stage-6224/jazz/InventoryItem/MP446VIKING.lua: Активный generated companion отсутствует в metadata.code.
ERROR [jazz] tmp/suite-release-stage-6224/jazz/InventoryItem/MP5.lua: Активный generated companion отсутствует в metadata.code.
ERROR [jazz] tmp/suite-release-stage-6224/jazz/InventoryItem/MP5A2.lua: Активный generated companion отсутствует в metadata.code.
ERROR [jazz] tmp/suite-release-stage-6224/jazz/InventoryItem/MP5A4.lua: Активный generated companion отсутствует в metadata.code.
ERROR [jazz] tmp/suite-release-stage-6224/jazz/InventoryItem/MP5K.lua: Активный generated companion отсутствует в metadata.code.
ERROR [jazz] tmp/suite-release-stage-6224/jazz/InventoryItem/MP5SD.lua: Активный generated companion отсутствует в metadata.code.
ERROR [jazz] tmp/suite-release-stage-6224/jazz/InventoryItem/MP7.lua: Активный generated companion отсутствует в metadata.code.
ERROR [jazz] tmp/suite-release-stage-6224/jazz/InventoryItem/MPL.lua: Активный generated companion отсутствует в metadata.code.
ERROR [jazz] tmp/suite-release-stage-6224/jazz/InventoryItem/MR73.lua: Активный generated companion отсутствует в metadata.code.
ERROR [jazz] tmp/suite-release-stage-6224/jazz/InventoryItem/NailsLeatherVest.lua: Активный generated companion отсутствует в metadata.code.
ERROR [jazz] tmp/suite-release-stage-6224/jazz/InventoryItem/NightVisionGoggles.lua: Активный generated companion отсутствует в metadata.code.
ERROR [jazz] tmp/suite-release-stage-6224/jazz/InventoryItem/OilFilter.lua: Активный generated companion отсутствует в metadata.code.
ERROR [jazz] tmp/suite-release-stage-6224/jazz/InventoryItem/OpticalLens.lua: Активный generated companion отсутствует в metadata.code.
ERROR [jazz] tmp/suite-release-stage-6224/jazz/InventoryItem/P210.lua: Активный generated companion отсутствует в metadata.code.
ERROR [jazz] tmp/suite-release-stage-6224/jazz/InventoryItem/P220.lua: Активный generated companion отсутствует в metadata.code.
ERROR [jazz] tmp/suite-release-stage-6224/jazz/InventoryItem/P226.lua: Активный generated companion отсутствует в metadata.code.
ERROR [jazz] tmp/suite-release-stage-6224/jazz/InventoryItem/P38.lua: Активный generated companion отсутствует в metadata.code.
ERROR [jazz] tmp/suite-release-stage-6224/jazz/InventoryItem/P90.lua: Активный generated companion отсутствует в metadata.code.
ERROR [jazz] tmp/suite-release-stage-6224/jazz/InventoryItem/PaBaggzWill.lua: Активный generated companion отсутствует в metadata.code.
ERROR [jazz] tmp/suite-release-stage-6224/jazz/InventoryItem/Pamphlets_LysRouge.lua: Активный generated companion отсутствует в metadata.code.
ERROR [jazz] tmp/suite-release-stage-6224/jazz/InventoryItem/Pamphlets.lua: Активный generated companion отсутствует в metadata.code.
ERROR [jazz] tmp/suite-release-stage-6224/jazz/InventoryItem/Parts.lua: Активный generated companion отсутствует в metadata.code.
ERROR [jazz] tmp/suite-release-stage-6224/jazz/InventoryItem/PB.lua: Активный generated companion отсутствует в metadata.code.
ERROR [jazz] tmp/suite-release-stage-6224/jazz/InventoryItem/Personal_Vicki_CustomTools.lua: Активный generated companion отсутствует в metadata.code.
ERROR [jazz] tmp/suite-release-stage-6224/jazz/InventoryItem/PETN.lua: Активный generated companion отсутствует в metadata.code.
ERROR [jazz] tmp/suite-release-stage-6224/jazz/InventoryItem/PierreMachete.lua: Активный generated companion отсутствует в metadata.code.
ERROR [jazz] tmp/suite-release-stage-6224/jazz/InventoryItem/PipeBomb.lua: Активный generated companion отсутствует в metadata.code.
ERROR [jazz] tmp/suite-release-stage-6224/jazz/InventoryItem/PKM.lua: Активный generated companion отсутствует в metadata.code.
ERROR [jazz] tmp/suite-release-stage-6224/jazz/InventoryItem/PlasmaGun_Crowbar.lua: Активный generated companion отсутствует в metadata.code.
ERROR [jazz] tmp/suite-release-stage-6224/jazz/InventoryItem/PostApoHelmet.lua: Активный generated companion отсутствует в metadata.code.
ERROR [jazz] tmp/suite-release-stage-6224/jazz/InventoryItem/PP19Bizon.lua: Активный generated companion отсутствует в metadata.code.
ERROR [jazz] tmp/suite-release-stage-6224/jazz/InventoryItem/PPS43.lua: Активный generated companion отсутствует в metadata.code.
ERROR [jazz] tmp/suite-release-stage-6224/jazz/InventoryItem/PPSH.lua: Активный generated companion отсутствует в metadata.code.
ERROR [jazz] tmp/suite-release-stage-6224/jazz/InventoryItem/ProximityC4.lua: Активный generated companion отсутствует в metadata.code.
ERROR [jazz] tmp/suite-release-stage-6224/jazz/InventoryItem/ProximityPETN.lua: Активный generated companion отсутствует в metadata.code.
ERROR [jazz] tmp/suite-release-stage-6224/jazz/InventoryItem/ProximityTNT.lua: Активный generated companion отсутствует в metadata.code.
ERROR [jazz] tmp/suite-release-stage-6224/jazz/InventoryItem/PSG1.lua: Активный generated companion отсутствует в metadata.code.
ERROR [jazz] tmp/suite-release-stage-6224/jazz/InventoryItem/R870.lua: Активный generated companion отсутствует в metadata.code.
ERROR [jazz] tmp/suite-release-stage-6224/jazz/InventoryItem/Reanimationsset.lua: Активный generated companion отсутствует в metadata.code.
ERROR [jazz] tmp/suite-release-stage-6224/jazz/InventoryItem/RemoteC4.lua: Активный generated companion отсутствует в metadata.code.
ERROR [jazz] tmp/suite-release-stage-6224/jazz/InventoryItem/RemotePETN.lua: Активный generated companion отсутствует в metadata.code.
ERROR [jazz] tmp/suite-release-stage-6224/jazz/InventoryItem/RemoteTNT.lua: Активный generated companion отсутствует в metadata.code.
ERROR [jazz] tmp/suite-release-stage-6224/jazz/InventoryItem/RPD.lua: Активный generated companion отсутствует в metadata.code.
ERROR [jazz] tmp/suite-release-stage-6224/jazz/InventoryItem/RPG7.lua: Активный generated companion отсутствует в metadata.code.
ERROR [jazz] tmp/suite-release-stage-6224/jazz/InventoryItem/RPK.lua: Активный generated companion отсутствует в metadata.code.
ERROR [jazz] tmp/suite-release-stage-6224/jazz/InventoryItem/RPK74.lua: Активный generated companion отсутствует в metadata.code.
ERROR [jazz] tmp/suite-release-stage-6224/jazz/InventoryItem/RSH12.lua: Активный generated companion отсутствует в metadata.code.
ERROR [jazz] tmp/suite-release-stage-6224/jazz/InventoryItem/Scorpion.lua: Активный generated companion отсутствует в metadata.code.
ERROR [jazz] tmp/suite-release-stage-6224/jazz/InventoryItem/ScoutSniper.lua: Активный generated companion отсутствует в metadata.code.
ERROR [jazz] tmp/suite-release-stage-6224/jazz/InventoryItem/ShamanHelmet.lua: Активный generated companion отсутствует в metadata.code.
ERROR [jazz] tmp/suite-release-stage-6224/jazz/InventoryItem/ShamanLeggings.lua: Активный generated companion отсутствует в metadata.code.
ERROR [jazz] tmp/suite-release-stage-6224/jazz/InventoryItem/ShamanTorso.lua: Активный generated companion отсутствует в metadata.code.
ERROR [jazz] tmp/suite-release-stage-6224/jazz/InventoryItem/ShapedCharge.lua: Активный generated companion отсутствует в metadata.code.
ERROR [jazz] tmp/suite-release-stage-6224/jazz/InventoryItem/Sig550.lua: Активный generated companion отсутствует в metadata.code.
ERROR [jazz] tmp/suite-release-stage-6224/jazz/InventoryItem/Sig550Custom.lua: Активный generated companion отсутствует в metadata.code.
ERROR [jazz] tmp/suite-release-stage-6224/jazz/InventoryItem/Sig552.lua: Активный generated companion отсутствует в metadata.code.
ERROR [jazz] tmp/suite-release-stage-6224/jazz/InventoryItem/Sig552SWAT.lua: Активный generated companion отсутствует в metadata.code.
ERROR [jazz] tmp/suite-release-stage-6224/jazz/InventoryItem/SkillMag_Agility.lua: Активный generated companion отсутствует в metadata.code.
ERROR [jazz] tmp/suite-release-stage-6224/jazz/InventoryItem/SkillMag_Dexterity.lua: Активный generated companion отсутствует в metadata.code.
ERROR [jazz] tmp/suite-release-stage-6224/jazz/InventoryItem/SkillMag_Explosives.lua: Активный generated companion отсутствует в metadata.code.
ERROR [jazz] tmp/suite-release-stage-6224/jazz/InventoryItem/SkillMag_Health.lua: Активный generated companion отсутствует в metadata.code.
ERROR [jazz] tmp/suite-release-stage-6224/jazz/InventoryItem/SkillMag_Leadership.lua: Активный generated companion отсутствует в metadata.code.
ERROR [jazz] tmp/suite-release-stage-6224/jazz/InventoryItem/SkillMag_Marksmanship.lua: Активный generated companion отсутствует в metadata.code.
ERROR [jazz] tmp/suite-release-stage-6224/jazz/InventoryItem/SkillMag_Mechanical.lua: Активный generated companion отсутствует в metadata.code.
ERROR [jazz] tmp/suite-release-stage-6224/jazz/InventoryItem/SkillMag_Medical.lua: Активный generated companion отсутствует в metadata.code.
ERROR [jazz] tmp/suite-release-stage-6224/jazz/InventoryItem/SkillMag_Strength.lua: Активный generated companion отсутствует в metadata.code.
ERROR [jazz] tmp/suite-release-stage-6224/jazz/InventoryItem/SkillMag_Wisdom.lua: Активный generated companion отсутствует в metadata.code.
ERROR [jazz] tmp/suite-release-stage-6224/jazz/InventoryItem/SKS.lua: Активный generated companion отсутствует в metadata.code.
ERROR [jazz] tmp/suite-release-stage-6224/jazz/InventoryItem/SmokeGrenade.lua: Активный generated companion отсутствует в metadata.code.
ERROR [jazz] tmp/suite-release-stage-6224/jazz/InventoryItem/SPAS12.lua: Активный generated companion отсутствует в metadata.code.
ERROR [jazz] tmp/suite-release-stage-6224/jazz/InventoryItem/SpectreM4.lua: Активный generated companion отсутствует в metadata.code.
ERROR [jazz] tmp/suite-release-stage-6224/jazz/InventoryItem/Springfield.lua: Активный generated companion отсутствует в metadata.code.
ERROR [jazz] tmp/suite-release-stage-6224/jazz/InventoryItem/SR3M.lua: Активный generated companion отсутствует в metadata.code.
ERROR [jazz] tmp/suite-release-stage-6224/jazz/InventoryItem/Sterling.lua: Активный generated companion отсутствует в metadata.code.
ERROR [jazz] tmp/suite-release-stage-6224/jazz/InventoryItem/STG44.lua: Активный generated companion отсутствует в metadata.code.
ERROR [jazz] tmp/suite-release-stage-6224/jazz/InventoryItem/Stoeger.lua: Активный generated companion отсутствует в metadata.code.
ERROR [jazz] tmp/suite-release-stage-6224/jazz/InventoryItem/Striker.lua: Активный generated companion отсутствует в metadata.code.
ERROR [jazz] tmp/suite-release-stage-6224/jazz/InventoryItem/Suppressor_Rifle.lua: Активный generated companion отсутствует в metadata.code.
ERROR [jazz] tmp/suite-release-stage-6224/jazz/InventoryItem/Suppressor.lua: Активный generated companion отсутствует в metadata.code.
ERROR [jazz] tmp/suite-release-stage-6224/jazz/InventoryItem/SVT40.lua: Активный generated companion отсутствует в metadata.code.
ERROR [jazz] tmp/suite-release-stage-6224/jazz/InventoryItem/SVU.lua: Активный generated companion отсутствует в metadata.code.
ERROR [jazz] tmp/suite-release-stage-6224/jazz/InventoryItem/SWModel10.lua: Активный generated companion отсутствует в metadata.code.
ERROR [jazz] tmp/suite-release-stage-6224/jazz/InventoryItem/SWModel19.lua: Активный generated companion отсутствует в metadata.code.
ERROR [jazz] tmp/suite-release-stage-6224/jazz/InventoryItem/SWModel29.lua: Активный generated companion отсутствует в metadata.code.
ERROR [jazz] tmp/suite-release-stage-6224/jazz/InventoryItem/SWModel52.lua: Активный generated companion отсутствует в metadata.code.
ERROR [jazz] tmp/suite-release-stage-6224/jazz/InventoryItem/SWModel5906.lua: Активный generated companion отсутствует в metadata.code.
ERROR [jazz] tmp/suite-release-stage-6224/jazz/InventoryItem/TearGasGrenade.lua: Активный generated companion отсутствует в metadata.code.
ERROR [jazz] tmp/suite-release-stage-6224/jazz/InventoryItem/Ted.lua: Активный generated companion отсутствует в metadata.code.
ERROR [jazz] tmp/suite-release-stage-6224/jazz/InventoryItem/TexRevolver.lua: Активный generated companion отсутствует в metadata.code.
ERROR [jazz] tmp/suite-release-stage-6224/jazz/InventoryItem/Thompson.lua: Активный generated companion отсутствует в metadata.code.
ERROR [jazz] tmp/suite-release-stage-6224/jazz/InventoryItem/TimedC4.lua: Активный generated companion отсутствует в metadata.code.
ERROR [jazz] tmp/suite-release-stage-6224/jazz/InventoryItem/TimedPETN.lua: Активный generated companion отсутствует в metadata.code.
ERROR [jazz] tmp/suite-release-stage-6224/jazz/InventoryItem/TimedTNT.lua: Активный generated companion отсутствует в metadata.code.
ERROR [jazz] tmp/suite-release-stage-6224/jazz/InventoryItem/TMP.lua: Активный generated companion отсутствует в metadata.code.
ERROR [jazz] tmp/suite-release-stage-6224/jazz/InventoryItem/TNT.lua: Активный generated companion отсутствует в metadata.code.
ERROR [jazz] tmp/suite-release-stage-6224/jazz/InventoryItem/ToxicGasGrenade.lua: Активный generated companion отсутствует в metadata.code.
ERROR [jazz] tmp/suite-release-stage-6224/jazz/InventoryItem/Trench_Shovel.lua: Активный generated companion отсутствует в metadata.code.
ERROR [jazz] tmp/suite-release-stage-6224/jazz/InventoryItem/Trophy.lua: Активный generated companion отсутствует в metadata.code.
ERROR [jazz] tmp/suite-release-stage-6224/jazz/InventoryItem/TT33.lua: Активный generated companion отсутствует в metadata.code.
ERROR [jazz] tmp/suite-release-stage-6224/jazz/InventoryItem/Type56.lua: Активный generated companion отсутствует в metadata.code.
ERROR [jazz] tmp/suite-release-stage-6224/jazz/InventoryItem/U100.lua: Активный generated companion отсутствует в metadata.code.
ERROR [jazz] tmp/suite-release-stage-6224/jazz/InventoryItem/UMP45.lua: Активный generated companion отсутствует в metadata.code.
ERROR [jazz] tmp/suite-release-stage-6224/jazz/InventoryItem/Unarmed.lua: Активный generated companion отсутствует в metadata.code.
ERROR [jazz] tmp/suite-release-stage-6224/jazz/InventoryItem/UnderslungGrenadeLauncher.lua: Активный generated companion отсутствует в metadata.code.
ERROR [jazz] tmp/suite-release-stage-6224/jazz/InventoryItem/US_Passport.lua: Активный generated companion отсутствует в metadata.code.
ERROR [jazz] tmp/suite-release-stage-6224/jazz/InventoryItem/USAS12.lua: Активный generated companion отсутствует в metadata.code.
ERROR [jazz] tmp/suite-release-stage-6224/jazz/InventoryItem/USP45.lua: Активный generated companion отсутствует в metadata.code.
ERROR [jazz] tmp/suite-release-stage-6224/jazz/InventoryItem/UZI.lua: Активный generated companion отсутствует в metadata.code.
ERROR [jazz] tmp/suite-release-stage-6224/jazz/InventoryItem/VectorCP1.lua: Активный generated companion отсутствует в metadata.code.
ERROR [jazz] tmp/suite-release-stage-6224/jazz/InventoryItem/Vest_test.lua: Активный generated companion отсутствует в metadata.code.
ERROR [jazz] tmp/suite-release-stage-6224/jazz/InventoryItem/VirusSample.lua: Активный generated companion отсутствует в metadata.code.
ERROR [jazz] tmp/suite-release-stage-6224/jazz/InventoryItem/VSS.lua: Активный generated companion отсутствует в metadata.code.
ERROR [jazz] tmp/suite-release-stage-6224/jazz/InventoryItem/Warhead_Frag.lua: Активный generated companion отсутствует в metadata.code.
ERROR [jazz] tmp/suite-release-stage-6224/jazz/InventoryItem/Webley.lua: Активный generated companion отсутствует в metadata.code.
ERROR [jazz] tmp/suite-release-stage-6224/jazz/InventoryItem/WeirdosMap.lua: Активный generated companion отсутствует в metadata.code.
ERROR [jazz] tmp/suite-release-stage-6224/jazz/InventoryItem/Welrod.lua: Активный generated companion отсутствует в metadata.code.
ERROR [jazz] tmp/suite-release-stage-6224/jazz/InventoryItem/Wig.lua: Активный generated companion отсутствует в metadata.code.
ERROR [jazz] tmp/suite-release-stage-6224/jazz/InventoryItem/Winchester_Quest.lua: Активный generated companion отсутствует в metadata.code.
ERROR [jazz] tmp/suite-release-stage-6224/jazz/InventoryItem/Winchester1894.lua: Активный generated companion отсутствует в metadata.code.
ERROR [jazz] tmp/suite-release-stage-6224/jazz/InventoryItem/Wirecutter.lua: Активный generated companion отсутствует в metadata.code.
ERROR [jazz] tmp/suite-release-stage-6224/jazz/InventoryItem/WorkerDiary.lua: Активный generated companion отсутствует в metadata.code.
ERROR [jazz] tmp/suite-release-stage-6224/jazz/InventoryItem/WriterDiary.lua: Активный generated companion отсутствует в metadata.code.
ERROR [jazz] tmp/suite-release-stage-6224/jazz/InventoryItem/WriterLetter.lua: Активный generated companion отсутствует в metadata.code.
ERROR [jazz] tmp/suite-release-stage-6224/jazz/InventoryItem/WriterPage.lua: Активный generated companion отсутствует в metadata.code.
ERROR [jazz] tmp/suite-release-stage-6224/jazz/InventoryItem/Zastava_M70.lua: Активный generated companion отсутствует в metadata.code.
ERROR [jazz] tmp/suite-release-stage-6224/jazz/InventoryItem/ZastavaM76.lua: Активный generated companion отсутствует в metadata.code.
ERROR [jazz] tmp/suite-release-stage-6224/jazz/InventoryItem/ZastavaM92.lua: Активный generated companion отсутствует в metadata.code.
ERROR [jazz] tmp/suite-release-stage-6224/jazz/InventoryItem/vanillunique/Auto5_quest.lua: Активный generated companion отсутствует в metadata.code.
ERROR [jazz] tmp/suite-release-stage-6224/jazz/InventoryItem/vanillunique/Galil_FlagHill.lua: Активный generated companion отсутствует в metadata.code.
ERROR [jazz] tmp/suite-release-stage-6224/jazz/InventoryItem/vanillunique/GoldenGun.lua: Активный generated companion отсутствует в metadata.code.
ERROR [jazz] tmp/suite-release-stage-6224/jazz/InventoryItem/vanillunique/LionRoar.lua: Активный generated companion отсутствует в metadata.code.
ERROR [jazz] tmp/suite-release-stage-6224/jazz/InventoryItem/vanillunique/TexRevolver.lua: Активный generated companion отсутствует в metadata.code.
ERROR [jazz] tmp/suite-release-stage-6224/jazz/InventoryItem/vanillunique/Winchester_Quest.lua: Активный generated companion отсутствует в metadata.code.
ERROR [jazz] tmp/suite-release-stage-6224b/jazz/CharacterEffect/Analgesia.lua: Активный generated companion отсутствует в metadata.code.
ERROR [jazz] tmp/suite-release-stage-6224b/jazz/CharacterEffect/Armsshot.lua: Активный generated companion отсутствует в metadata.code.
ERROR [jazz] tmp/suite-release-stage-6224b/jazz/CharacterEffect/AutoWeapons.lua: Активный generated companion отсутствует в metadata.code.
ERROR [jazz] tmp/suite-release-stage-6224b/jazz/CharacterEffect/BandageInCombat.lua: Активный generated companion отсутствует в metadata.code.
ERROR [jazz] tmp/suite-release-stage-6224b/jazz/CharacterEffect/BipodUnfolded.lua: Активный generated companion отсутствует в metadata.code.
ERROR [jazz] tmp/suite-release-stage-6224b/jazz/CharacterEffect/Bleeding.lua: Активный generated companion отсутствует в metadata.code.
ERROR [jazz] tmp/suite-release-stage-6224b/jazz/CharacterEffect/BleedingChance.lua: Активный generated companion отсутствует в metadata.code.
ERROR [jazz] tmp/suite-release-stage-6224b/jazz/CharacterEffect/BleedingHeavy.lua: Активный generated companion отсутствует в metadata.code.
ERROR [jazz] tmp/suite-release-stage-6224b/jazz/CharacterEffect/BleedingMedium.lua: Активный generated companion отсутствует в metadata.code.
ERROR [jazz] tmp/suite-release-stage-6224b/jazz/CharacterEffect/BleedingOut.lua: Активный generated companion отсутствует в metadata.code.
ERROR [jazz] tmp/suite-release-stage-6224b/jazz/CharacterEffect/Blinded.lua: Активный generated companion отсутствует в metadata.code.
ERROR [jazz] tmp/suite-release-stage-6224b/jazz/CharacterEffect/BloodLoss1.lua: Активный generated companion отсутствует в metadata.code.
ERROR [jazz] tmp/suite-release-stage-6224b/jazz/CharacterEffect/BloodLoss10.lua: Активный generated companion отсутствует в metadata.code.
ERROR [jazz] tmp/suite-release-stage-6224b/jazz/CharacterEffect/BloodLoss20.lua: Активный generated companion отсутствует в metadata.code.
ERROR [jazz] tmp/suite-release-stage-6224b/jazz/CharacterEffect/BloodLoss30.lua: Активный generated companion отсутствует в metadata.code.
ERROR [jazz] tmp/suite-release-stage-6224b/jazz/CharacterEffect/BloodLoss40.lua: Активный generated companion отсутствует в metadata.code.
ERROR [jazz] tmp/suite-release-stage-6224b/jazz/CharacterEffect/BloodLoss5.lua: Активный generated companion отсутствует в metadata.code.
ERROR [jazz] tmp/suite-release-stage-6224b/jazz/CharacterEffect/BloodLoss50.lua: Активный generated companion отсутствует в metadata.code.
ERROR [jazz] tmp/suite-release-stage-6224b/jazz/CharacterEffect/Bond.lua: Активный generated companion отсутствует в metadata.code.
ERROR [jazz] tmp/suite-release-stage-6224b/jazz/CharacterEffect/BuildingConfidence.lua: Активный generated companion отсутствует в metadata.code.
ERROR [jazz] tmp/suite-release-stage-6224b/jazz/CharacterEffect/BulletHell.lua: Активный generated companion отсутствует в metadata.code.
ERROR [jazz] tmp/suite-release-stage-6224b/jazz/CharacterEffect/Burning.lua: Активный generated companion отсутствует в metadata.code.
ERROR [jazz] tmp/suite-release-stage-6224b/jazz/CharacterEffect/Choking.lua: Активный generated companion отсутствует в metadata.code.
ERROR [jazz] tmp/suite-release-stage-6224b/jazz/CharacterEffect/Claustrophobic.lua: Активный generated companion отсутствует в metadata.code.
ERROR [jazz] tmp/suite-release-stage-6224b/jazz/CharacterEffect/Concussion.lua: Активный generated companion отсутствует в metadata.code.
ERROR [jazz] tmp/suite-release-stage-6224b/jazz/CharacterEffect/DamageReduction.lua: Активный generated companion отсутствует в metadata.code.
ERROR [jazz] tmp/suite-release-stage-6224b/jazz/CharacterEffect/DangerClose.lua: Активный generated companion отсутствует в metadata.code.
ERROR [jazz] tmp/suite-release-stage-6224b/jazz/CharacterEffect/DesignerExplosives.lua: Активный generated companion отсутствует в metadata.code.
ERROR [jazz] tmp/suite-release-stage-6224b/jazz/CharacterEffect/Drunk.lua: Активный generated companion отсутствует в metadata.code.
ERROR [jazz] tmp/suite-release-stage-6224b/jazz/CharacterEffect/Exhausted.lua: Активный generated companion отсутствует в metadata.code.
ERROR [jazz] tmp/suite-release-stage-6224b/jazz/CharacterEffect/ExplodingPalm.lua: Активный generated companion отсутствует в metadata.code.
ERROR [jazz] tmp/suite-release-stage-6224b/jazz/CharacterEffect/Fatigued.lua: Активный generated companion отсутствует в metadata.code.
ERROR [jazz] tmp/suite-release-stage-6224b/jazz/CharacterEffect/Fit.lua: Активный generated companion отсутствует в metadata.code.
ERROR [jazz] tmp/suite-release-stage-6224b/jazz/CharacterEffect/FreeMove.lua: Активный generated companion отсутствует в metadata.code.
ERROR [jazz] tmp/suite-release-stage-6224b/jazz/CharacterEffect/GloryHog.lua: Активный generated companion отсутствует в metadata.code.
ERROR [jazz] tmp/suite-release-stage-6224b/jazz/CharacterEffect/GrizzlyPerk.lua: Активный generated companion отсутствует в metadata.code.
ERROR [jazz] tmp/suite-release-stage-6224b/jazz/CharacterEffect/Groinshot.lua: Активный generated companion отсутствует в metadata.code.
ERROR [jazz] tmp/suite-release-stage-6224b/jazz/CharacterEffect/Grunty_AdditionalAP.lua: Активный generated companion отсутствует в metadata.code.
ERROR [jazz] tmp/suite-release-stage-6224b/jazz/CharacterEffect/GruntyPerk_JAZZ.lua: Активный generated companion отсутствует в metadata.code.
ERROR [jazz] tmp/suite-release-stage-6224b/jazz/CharacterEffect/GruntyPerk.lua: Активный generated companion отсутствует в metadata.code.
ERROR [jazz] tmp/suite-release-stage-6224b/jazz/CharacterEffect/HaveABlast.lua: Активный generated companion отсутствует в metadata.code.
ERROR [jazz] tmp/suite-release-stage-6224b/jazz/CharacterEffect/HawksEye.lua: Активный generated companion отсутствует в metadata.code.
ERROR [jazz] tmp/suite-release-stage-6224b/jazz/CharacterEffect/Headshot.lua: Активный generated companion отсутствует в metadata.code.
ERROR [jazz] tmp/suite-release-stage-6224b/jazz/CharacterEffect/HeavyWeaponsTraining.lua: Активный generated companion отсутствует в metadata.code.
ERROR [jazz] tmp/suite-release-stage-6224b/jazz/CharacterEffect/Hemophobic.lua: Активный generated companion отсутствует в metadata.code.
ERROR [jazz] tmp/suite-release-stage-6224b/jazz/CharacterEffect/Inaccurate.lua: Активный generated companion отсутствует в metadata.code.
ERROR [jazz] tmp/suite-release-stage-6224b/jazz/CharacterEffect/InnerInfo_JAZZ.lua: Активный generated companion отсутствует в metadata.code.
ERROR [jazz] tmp/suite-release-stage-6224b/jazz/CharacterEffect/InnerInfo.lua: Активный generated companion отсутствует в metadata.code.
ERROR [jazz] tmp/suite-release-stage-6224b/jazz/CharacterEffect/Ironclad.lua: Активный generated companion отсутствует в metadata.code.
ERROR [jazz] tmp/suite-release-stage-6224b/jazz/CharacterEffect/JackOfAllTrades.lua: Активный generated companion отсутствует в metadata.code.
ERROR [jazz] tmp/suite-release-stage-6224b/jazz/CharacterEffect/Jazz_CombatMedicBuff.lua: Активный generated companion отсутствует в metadata.code.
ERROR [jazz] tmp/suite-release-stage-6224b/jazz/CharacterEffect/Jazz_MakeThemBleedBuff.lua: Активный generated companion отсутствует в metadata.code.
ERROR [jazz] tmp/suite-release-stage-6224b/jazz/CharacterEffect/Jazz_MiguelAuraDown.lua: Активный generated companion отсутствует в metadata.code.
ERROR [jazz] tmp/suite-release-stage-6224b/jazz/CharacterEffect/Jazz_MiguelAuraUp.lua: Активный generated companion отсутствует в metadata.code.
ERROR [jazz] tmp/suite-release-stage-6224b/jazz/CharacterEffect/Jazz_OrderAP.lua: Активный generated companion отсутствует в metadata.code.
ERROR [jazz] tmp/suite-release-stage-6224b/jazz/CharacterEffect/Jazz_OrderCTH.lua: Активный generated companion отсутствует в metadata.code.
ERROR [jazz] tmp/suite-release-stage-6224b/jazz/CharacterEffect/Jazz_Perk_00.lua: Активный generated companion отсутствует в metadata.code.
ERROR [jazz] tmp/suite-release-stage-6224b/jazz/CharacterEffect/Jazz_Perk_Allik.lua: Активный generated companion отсутствует в metadata.code.
ERROR [jazz] tmp/suite-release-stage-6224b/jazz/CharacterEffect/Jazz_Perk_Benny.lua: Активный generated companion отсутствует в metadata.code.
ERROR [jazz] tmp/suite-release-stage-6224b/jazz/CharacterEffect/Jazz_Perk_Biff.lua: Активный generated companion отсутствует в metadata.code.
ERROR [jazz] tmp/suite-release-stage-6224b/jazz/CharacterEffect/Jazz_Perk_Biggens.lua: Активный generated companion отсутствует в metadata.code.
ERROR [jazz] tmp/suite-release-stage-6224b/jazz/CharacterEffect/Jazz_Perk_Blade.lua: Активный generated companion отсутствует в metadata.code.
ERROR [jazz] tmp/suite-release-stage-6224b/jazz/CharacterEffect/Jazz_Perk_Bull.lua: Активный generated companion отсутствует в metadata.code.
ERROR [jazz] tmp/suite-release-stage-6224b/jazz/CharacterEffect/Jazz_Perk_Buzz.lua: Активный generated companion отсутствует в metadata.code.
ERROR [jazz] tmp/suite-release-stage-6224b/jazz/CharacterEffect/Jazz_Perk_Carlos.lua: Активный generated companion отсутствует в metadata.code.
ERROR [jazz] tmp/suite-release-stage-6224b/jazz/CharacterEffect/Jazz_Perk_Colby.lua: Активный generated companion отсутствует в metadata.code.
ERROR [jazz] tmp/suite-release-stage-6224b/jazz/CharacterEffect/Jazz_Perk_Conrad.lua: Активный generated companion отсутствует в metadata.code.
ERROR [jazz] tmp/suite-release-stage-6224b/jazz/CharacterEffect/Jazz_Perk_Cord.lua: Активный generated companion отсутствует в metadata.code.
ERROR [jazz] tmp/suite-release-stage-6224b/jazz/CharacterEffect/Jazz_Perk_Cougar.lua: Активный generated companion отсутствует в metadata.code.
ERROR [jazz] tmp/suite-release-stage-6224b/jazz/CharacterEffect/Jazz_Perk_Devin.lua: Активный generated companion отсутствует в metadata.code.
ERROR [jazz] tmp/suite-release-stage-6224b/jazz/CharacterEffect/Jazz_Perk_Dimitri.lua: Активный generated companion отсутствует в metadata.code.
ERROR [jazz] tmp/suite-release-stage-6224b/jazz/CharacterEffect/Jazz_Perk_Dynamo.lua: Активный generated companion отсутствует в metadata.code.
ERROR [jazz] tmp/suite-release-stage-6224b/jazz/CharacterEffect/Jazz_Perk_Eskimo.lua: Активный generated companion отсутствует в metadata.code.
ERROR [jazz] tmp/suite-release-stage-6224b/jazz/CharacterEffect/Jazz_Perk_Flo.lua: Активный generated companion отсутствует в metadata.code.
ERROR [jazz] tmp/suite-release-stage-6224b/jazz/CharacterEffect/Jazz_Perk_Gamos.lua: Активный generated companion отсутствует в metadata.code.
ERROR [jazz] tmp/suite-release-stage-6224b/jazz/CharacterEffect/Jazz_Perk_Gaston.lua: Активный generated companion отсутствует в metadata.code.
ERROR [jazz] tmp/suite-release-stage-6224b/jazz/CharacterEffect/Jazz_Perk_Grace.lua: Активный generated companion отсутствует в metadata.code.
ERROR [jazz] tmp/suite-release-stage-6224b/jazz/CharacterEffect/Jazz_Perk_Grom.lua: Активный generated companion отсутствует в metadata.code.
ERROR [jazz] tmp/suite-release-stage-6224b/jazz/CharacterEffect/Jazz_Perk_Henning.lua: Активный generated companion отсутствует в metadata.code.
ERROR [jazz] tmp/suite-release-stage-6224b/jazz/CharacterEffect/Jazz_Perk_Highball.lua: Активный generated companion отсутствует в metadata.code.
ERROR [jazz] tmp/suite-release-stage-6224b/jazz/CharacterEffect/Jazz_Perk_Hitman.lua: Активный generated companion отсутствует в metadata.code.
ERROR [jazz] tmp/suite-release-stage-6224b/jazz/CharacterEffect/Jazz_Perk_Hobbit.lua: Активный generated companion отсутствует в metadata.code.
ERROR [jazz] tmp/suite-release-stage-6224b/jazz/CharacterEffect/Jazz_Perk_Horg.lua: Активный generated companion отсутствует в metadata.code.
ERROR [jazz] tmp/suite-release-stage-6224b/jazz/CharacterEffect/Jazz_Perk_Iggy.lua: Активный generated companion отсутствует в metadata.code.
ERROR [jazz] tmp/suite-release-stage-6224b/jazz/CharacterEffect/Jazz_Perk_Ira.lua: Активный generated companion отсутствует в metadata.code.
ERROR [jazz] tmp/suite-release-stage-6224b/jazz/CharacterEffect/Jazz_Perk_Kulba.lua: Активный generated companion отсутствует в metadata.code.
ERROR [jazz] tmp/suite-release-stage-6224b/jazz/CharacterEffect/Jazz_Perk_Laura.lua: Активный generated companion отсутствует в metadata.code.
ERROR [jazz] tmp/suite-release-stage-6224b/jazz/CharacterEffect/Jazz_Perk_Lucky.lua: Активный generated companion отсутствует в metadata.code.
ERROR [jazz] tmp/suite-release-stage-6224b/jazz/CharacterEffect/Jazz_Perk_Lynx.lua: Активный generated companion отсутствует в metadata.code.
ERROR [jazz] tmp/suite-release-stage-6224b/jazz/CharacterEffect/Jazz_Perk_Madman.lua: Активный generated companion отсутствует в metadata.code.
ERROR [jazz] tmp/suite-release-stage-6224b/jazz/CharacterEffect/Jazz_Perk_Manuel.lua: Активный generated companion отсутствует в metadata.code.
ERROR [jazz] tmp/suite-release-stage-6224b/jazz/CharacterEffect/Jazz_Perk_Meat.lua: Активный generated companion отсутствует в metadata.code.
ERROR [jazz] tmp/suite-release-stage-6224b/jazz/CharacterEffect/Jazz_Perk_Miguel.lua: Активный generated companion отсутствует в metadata.code.
ERROR [jazz] tmp/suite-release-stage-6224b/jazz/CharacterEffect/Jazz_Perk_Mike.lua: Активный generated companion отсутствует в metadata.code.
ERROR [jazz] tmp/suite-release-stage-6224b/jazz/CharacterEffect/Jazz_Perk_Mimicry.lua: Активный generated companion отсутствует в metadata.code.
ERROR [jazz] tmp/suite-release-stage-6224b/jazz/CharacterEffect/Jazz_Perk_Monk.lua: Активный generated companion отсутствует в metadata.code.
ERROR [jazz] tmp/suite-release-stage-6224b/jazz/CharacterEffect/Jazz_Perk_Nervous.lua: Активный generated companion отсутствует в metadata.code.
ERROR [jazz] tmp/suite-release-stage-6224b/jazz/CharacterEffect/Jazz_Perk_OfficerAura.lua: Активный generated companion отсутствует в metadata.code.
ERROR [jazz] tmp/suite-release-stage-6224b/jazz/CharacterEffect/Jazz_Perk_OfficerAuraInfluence.lua: Активный generated companion отсутствует в metadata.code.
ERROR [jazz] tmp/suite-release-stage-6224b/jazz/CharacterEffect/Jazz_Perk_Quinten.lua: Активный generated companion отсутствует в metadata.code.
ERROR [jazz] tmp/suite-release-stage-6224b/jazz/CharacterEffect/Jazz_Perk_Ricochet.lua: Активный generated companion отсутствует в metadata.code.
ERROR [jazz] tmp/suite-release-stage-6224b/jazz/CharacterEffect/Jazz_Perk_Rothman.lua: Активный generated companion отсутствует в metadata.code.
ERROR [jazz] tmp/suite-release-stage-6224b/jazz/CharacterEffect/Jazz_Perk_Shank.lua: Активный generated companion отсутствует в metadata.code.
ERROR [jazz] tmp/suite-release-stage-6224b/jazz/CharacterEffect/Jazz_Perk_Simon.lua: Активный generated companion отсутствует в metadata.code.
ERROR [jazz] tmp/suite-release-stage-6224b/jazz/CharacterEffect/Jazz_Perk_Sniper.lua: Активный generated companion отсутствует в metadata.code.
ERROR [jazz] tmp/suite-release-stage-6224b/jazz/CharacterEffect/Jazz_Perk_Spider.lua: Активный generated companion отсутствует в metadata.code.
ERROR [jazz] tmp/suite-release-stage-6224b/jazz/CharacterEffect/Jazz_Perk_Static.lua: Активный generated companion отсутствует в metadata.code.
ERROR [jazz] tmp/suite-release-stage-6224b/jazz/CharacterEffect/Jazz_Perk_Steiger.lua: Активный generated companion отсутствует в metadata.code.
ERROR [jazz] tmp/suite-release-stage-6224b/jazz/CharacterEffect/Jazz_Perk_Veteran.lua: Активный generated companion отсутствует в metadata.code.
ERROR [jazz] tmp/suite-release-stage-6224b/jazz/CharacterEffect/Jazz_Perk_Vicious.lua: Активный generated companion отсутствует в metadata.code.
ERROR [jazz] tmp/suite-release-stage-6224b/jazz/CharacterEffect/Jazz_Perk_Vilde.lua: Активный generated companion отсутствует в metadata.code.
ERROR [jazz] tmp/suite-release-stage-6224b/jazz/CharacterEffect/Jazz_Perk_Vince.lua: Активный generated companion отсутствует в metadata.code.
ERROR [jazz] tmp/suite-release-stage-6224b/jazz/CharacterEffect/KillingWind.lua: Активный generated companion отсутствует в metadata.code.
ERROR [jazz] tmp/suite-release-stage-6224b/jazz/CharacterEffect/Legsshot.lua: Активный generated companion отсутствует в metadata.code.
ERROR [jazz] tmp/suite-release-stage-6224b/jazz/CharacterEffect/Loner.lua: Активный generated companion отсутствует в metadata.code.
ERROR [jazz] tmp/suite-release-stage-6224b/jazz/CharacterEffect/MakeThemBleed.lua: Активный generated companion отсутствует в metadata.code.
ERROR [jazz] tmp/suite-release-stage-6224b/jazz/CharacterEffect/MarkedTraccers.lua: Активный generated companion отсутствует в metadata.code.
ERROR [jazz] tmp/suite-release-stage-6224b/jazz/CharacterEffect/NaturalHealing.lua: Активный generated companion отсутствует в metadata.code.
ERROR [jazz] tmp/suite-release-stage-6224b/jazz/CharacterEffect/Nazdarovya.lua: Активный generated companion отсутствует в metadata.code.
ERROR [jazz] tmp/suite-release-stage-6224b/jazz/CharacterEffect/Negotiator.lua: Активный generated companion отсутствует в metadata.code.
ERROR [jazz] tmp/suite-release-stage-6224b/jazz/CharacterEffect/Optimist.lua: Активный generated companion отсутствует в metadata.code.
ERROR [jazz] tmp/suite-release-stage-6224b/jazz/CharacterEffect/Pain.lua: Активный generated companion отсутствует в metadata.code.
ERROR [jazz] tmp/suite-release-stage-6224b/jazz/CharacterEffect/Pessimist.lua: Активный generated companion отсутствует в metadata.code.
ERROR [jazz] tmp/suite-release-stage-6224b/jazz/CharacterEffect/Psycho.lua: Активный generated companion отсутствует в metadata.code.
ERROR [jazz] tmp/suite-release-stage-6224b/jazz/CharacterEffect/RecklessAssault.lua: Активный generated companion отсутствует в metadata.code.
ERROR [jazz] tmp/suite-release-stage-6224b/jazz/CharacterEffect/Scoundrel.lua: Активный generated companion отсутствует в metadata.code.
ERROR [jazz] tmp/suite-release-stage-6224b/jazz/CharacterEffect/Slowed.lua: Активный generated companion отсутствует в metadata.code.
ERROR [jazz] tmp/suite-release-stage-6224b/jazz/CharacterEffect/Spiritual.lua: Активный generated companion отсутствует в metadata.code.
ERROR [jazz] tmp/suite-release-stage-6224b/jazz/CharacterEffect/SteadyBreathing.lua: Активный generated companion отсутствует в metadata.code.
ERROR [jazz] tmp/suite-release-stage-6224b/jazz/CharacterEffect/Stealthy.lua: Активный generated companion отсутствует в metadata.code.
ERROR [jazz] tmp/suite-release-stage-6224b/jazz/CharacterEffect/SteroidPunch.lua: Активный generated companion отсутствует в metadata.code.
ERROR [jazz] tmp/suite-release-stage-6224b/jazz/CharacterEffect/suppressionHeavy.lua: Активный generated companion отсутствует в metadata.code.
ERROR [jazz] tmp/suite-release-stage-6224b/jazz/CharacterEffect/suppressionHeavy2.lua: Активный generated companion отсутствует в metadata.code.
ERROR [jazz] tmp/suite-release-stage-6224b/jazz/CharacterEffect/suppressionLight.lua: Активный generated companion отсутствует в metadata.code.
ERROR [jazz] tmp/suite-release-stage-6224b/jazz/CharacterEffect/suppressionMedium.lua: Активный generated companion отсутствует в metadata.code.
ERROR [jazz] tmp/suite-release-stage-6224b/jazz/CharacterEffect/suppressionPinned.lua: Активный generated companion отсутствует в metadata.code.
ERROR [jazz] tmp/suite-release-stage-6224b/jazz/CharacterEffect/SuppressStunGrenade.lua: Активный generated companion отсутствует в metadata.code.
ERROR [jazz] tmp/suite-release-stage-6224b/jazz/CharacterEffect/TakeAim.lua: Активный generated companion отсутствует в metadata.code.
ERROR [jazz] tmp/suite-release-stage-6224b/jazz/CharacterEffect/Tired.lua: Активный generated companion отсутствует в metadata.code.
ERROR [jazz] tmp/suite-release-stage-6224b/jazz/CharacterEffect/Torsoshot.lua: Активный generated companion отсутствует в metadata.code.
ERROR [jazz] tmp/suite-release-stage-6224b/jazz/CharacterEffect/TraumaArmsHeavy.lua: Активный generated companion отсутствует в metadata.code.
ERROR [jazz] tmp/suite-release-stage-6224b/jazz/CharacterEffect/TraumaArmsLight.lua: Активный generated companion отсутствует в metadata.code.
ERROR [jazz] tmp/suite-release-stage-6224b/jazz/CharacterEffect/TraumaArmsMedium.lua: Активный generated companion отсутствует в metadata.code.
ERROR [jazz] tmp/suite-release-stage-6224b/jazz/CharacterEffect/TraumaBurnHeavy.lua: Активный generated companion отсутствует в metadata.code.
ERROR [jazz] tmp/suite-release-stage-6224b/jazz/CharacterEffect/TraumaBurnLight.lua: Активный generated companion отсутствует в metadata.code.
ERROR [jazz] tmp/suite-release-stage-6224b/jazz/CharacterEffect/TraumaBurnMedium.lua: Активный generated companion отсутствует в metadata.code.
ERROR [jazz] tmp/suite-release-stage-6224b/jazz/CharacterEffect/TraumaHeadHeavy.lua: Активный generated companion отсутствует в metadata.code.
ERROR [jazz] tmp/suite-release-stage-6224b/jazz/CharacterEffect/TraumaHeadLight.lua: Активный generated companion отсутствует в metadata.code.
ERROR [jazz] tmp/suite-release-stage-6224b/jazz/CharacterEffect/TraumaHeadMedium.lua: Активный generated companion отсутствует в metadata.code.
ERROR [jazz] tmp/suite-release-stage-6224b/jazz/CharacterEffect/TraumaLegsHeavy.lua: Активный generated companion отсутствует в metadata.code.
ERROR [jazz] tmp/suite-release-stage-6224b/jazz/CharacterEffect/TraumaLegsLight.lua: Активный generated companion отсутствует в metadata.code.
ERROR [jazz] tmp/suite-release-stage-6224b/jazz/CharacterEffect/TraumaLegsMedium.lua: Активный generated companion отсутствует в metadata.code.
ERROR [jazz] tmp/suite-release-stage-6224b/jazz/CharacterEffect/TraumaRibsHeavy.lua: Активный generated companion отсутствует в metadata.code.
ERROR [jazz] tmp/suite-release-stage-6224b/jazz/CharacterEffect/TraumaRibsLight.lua: Активный generated companion отсутствует в metadata.code.
ERROR [jazz] tmp/suite-release-stage-6224b/jazz/CharacterEffect/TraumaRibsMedium.lua: Активный generated companion отсутствует в metadata.code.
ERROR [jazz] tmp/suite-release-stage-6224b/jazz/CharacterEffect/TrueGrit.lua: Активный generated companion отсутствует в metadata.code.
ERROR [jazz] tmp/suite-release-stage-6224b/jazz/CharacterEffect/Unconscious.lua: Активный generated companion отсутствует в metadata.code.
ERROR [jazz] tmp/suite-release-stage-6224b/jazz/CharacterEffect/Weight_1Class.lua: Активный generated companion отсутствует в metadata.code.
ERROR [jazz] tmp/suite-release-stage-6224b/jazz/CharacterEffect/Weight_2Class.lua: Активный generated companion отсутствует в metadata.code.
ERROR [jazz] tmp/suite-release-stage-6224b/jazz/CharacterEffect/Weight_3Class.lua: Активный generated companion отсутствует в metadata.code.
ERROR [jazz] tmp/suite-release-stage-6224b/jazz/CharacterEffect/Weight_4Class.lua: Активный generated companion отсутствует в metadata.code.
ERROR [jazz] tmp/suite-release-stage-6224b/jazz/CharacterEffect/Weight_5Class.lua: Активный generated companion отсутствует в metadata.code.
ERROR [jazz] tmp/suite-release-stage-6224b/jazz/CharacterEffect/WellRested.lua: Активный generated companion отсутствует в metadata.code.
ERROR [jazz] tmp/suite-release-stage-6224b/jazz/CharacterEffect/Winded.lua: Активный generated companion отсутствует в metadata.code.
ERROR [jazz] tmp/suite-release-stage-6224b/jazz/CharacterEffect/Wounded.lua: Активный generated companion отсутствует в metadata.code.
ERROR [jazz] tmp/suite-release-stage-6224b/jazz/CharacterEffect/WoundInfected.lua: Активный generated companion отсутствует в metadata.code.
ERROR [jazz] tmp/suite-release-stage-6224b/jazz/CharacterEffect/Zoophobic.lua: Активный generated companion отсутствует в metadata.code.
ERROR [jazz] tmp/suite-release-stage-6224b/jazz/InventoryItem/_12gauge_APSlug.lua: Активный generated companion отсутствует в metadata.code.
ERROR [jazz] tmp/suite-release-stage-6224b/jazz/InventoryItem/_12gauge_Breacher.lua: Активный generated companion отсутствует в metadata.code.
ERROR [jazz] tmp/suite-release-stage-6224b/jazz/InventoryItem/_12gauge_Buckshot.lua: Активный generated companion отсутствует в metadata.code.
ERROR [jazz] tmp/suite-release-stage-6224b/jazz/InventoryItem/_12gauge_Flechette.lua: Активный generated companion отсутствует в metadata.code.
ERROR [jazz] tmp/suite-release-stage-6224b/jazz/InventoryItem/_12gauge_Saltshot.lua: Активный generated companion отсутствует в metadata.code.
ERROR [jazz] tmp/suite-release-stage-6224b/jazz/InventoryItem/_40mmFlashbangGrenade.lua: Активный generated companion отсутствует в metadata.code.
ERROR [jazz] tmp/suite-release-stage-6224b/jazz/InventoryItem/_40mmFragGrenade.lua: Активный generated companion отсутствует в metadata.code.
ERROR [jazz] tmp/suite-release-stage-6224b/jazz/InventoryItem/_44CAL_AP.lua: Активный generated companion отсутствует в metadata.code.
ERROR [jazz] tmp/suite-release-stage-6224b/jazz/InventoryItem/_44CAL_Basic.lua: Активный generated companion отсутствует в metadata.code.
ERROR [jazz] tmp/suite-release-stage-6224b/jazz/InventoryItem/_44CAL_HP.lua: Активный generated companion отсутствует в metadata.code.
ERROR [jazz] tmp/suite-release-stage-6224b/jazz/InventoryItem/_44CAL_Match.lua: Активный generated companion отсутствует в metadata.code.
ERROR [jazz] tmp/suite-release-stage-6224b/jazz/InventoryItem/_44CAL_Shock.lua: Активный generated companion отсутствует в metadata.code.
ERROR [jazz] tmp/suite-release-stage-6224b/jazz/InventoryItem/_50BMG_Basic.lua: Активный generated companion отсутствует в metadata.code.
ERROR [jazz] tmp/suite-release-stage-6224b/jazz/InventoryItem/_50BMG_HE.lua: Активный generated companion отсутствует в metadata.code.
ERROR [jazz] tmp/suite-release-stage-6224b/jazz/InventoryItem/_50BMG_Incendiary.lua: Активный generated companion отсутствует в metadata.code.
ERROR [jazz] tmp/suite-release-stage-6224b/jazz/InventoryItem/_50BMG_SLAP.lua: Активный generated companion отсутствует в metadata.code.
ERROR [jazz] tmp/suite-release-stage-6224b/jazz/InventoryItem/_556_AP.lua: Активный generated companion отсутствует в metadata.code.
ERROR [jazz] tmp/suite-release-stage-6224b/jazz/InventoryItem/_556_Basic.lua: Активный generated companion отсутствует в metadata.code.
ERROR [jazz] tmp/suite-release-stage-6224b/jazz/InventoryItem/_556_HP.lua: Активный generated companion отсутствует в metadata.code.
ERROR [jazz] tmp/suite-release-stage-6224b/jazz/InventoryItem/_556_Match.lua: Активный generated companion отсутствует в metadata.code.
ERROR [jazz] tmp/suite-release-stage-6224b/jazz/InventoryItem/_556_Tracer.lua: Активный generated companion отсутствует в metadata.code.
ERROR [jazz] tmp/suite-release-stage-6224b/jazz/InventoryItem/_762NATO_AP.lua: Активный generated companion отсутствует в metadata.code.
ERROR [jazz] tmp/suite-release-stage-6224b/jazz/InventoryItem/_762NATO_Basic.lua: Активный generated companion отсутствует в metadata.code.
ERROR [jazz] tmp/suite-release-stage-6224b/jazz/InventoryItem/_762NATO_HP.lua: Активный generated companion отсутствует в metadata.code.
ERROR [jazz] tmp/suite-release-stage-6224b/jazz/InventoryItem/_762NATO_Match.lua: Активный generated companion отсутствует в metadata.code.
ERROR [jazz] tmp/suite-release-stage-6224b/jazz/InventoryItem/_762NATO_Tracer.lua: Активный generated companion отсутствует в metadata.code.
ERROR [jazz] tmp/suite-release-stage-6224b/jazz/InventoryItem/_762WP_AP.lua: Активный generated companion отсутствует в metadata.code.
ERROR [jazz] tmp/suite-release-stage-6224b/jazz/InventoryItem/_762WP_Basic.lua: Активный generated companion отсутствует в metadata.code.
ERROR [jazz] tmp/suite-release-stage-6224b/jazz/InventoryItem/_762WP_HP.lua: Активный generated companion отсутствует в metadata.code.
ERROR [jazz] tmp/suite-release-stage-6224b/jazz/InventoryItem/_762WP_Match.lua: Активный generated companion отсутствует в metadata.code.
ERROR [jazz] tmp/suite-release-stage-6224b/jazz/InventoryItem/_762WP_Subsonic.lua: Активный generated companion отсутствует в metadata.code.
ERROR [jazz] tmp/suite-release-stage-6224b/jazz/InventoryItem/_762WP_Tracer.lua: Активный generated companion отсутствует в metadata.code.
ERROR [jazz] tmp/suite-release-stage-6224b/jazz/InventoryItem/_9mm_AP.lua: Активный generated companion отсутствует в metadata.code.
ERROR [jazz] tmp/suite-release-stage-6224b/jazz/InventoryItem/_9mm_Basic.lua: Активный generated companion отсутствует в metadata.code.
ERROR [jazz] tmp/suite-release-stage-6224b/jazz/InventoryItem/_9mm_HP.lua: Активный generated companion отсутствует в metadata.code.
ERROR [jazz] tmp/suite-release-stage-6224b/jazz/InventoryItem/_9mm_Match.lua: Активный generated companion отсутствует в metadata.code.
ERROR [jazz] tmp/suite-release-stage-6224b/jazz/InventoryItem/_9mm_Shock.lua: Активный generated companion отсутствует в metadata.code.
ERROR [jazz] tmp/suite-release-stage-6224b/jazz/InventoryItem/_9mm_Subsonic.lua: Активный generated companion отсутствует в metadata.code.
ERROR [jazz] tmp/suite-release-stage-6224b/jazz/InventoryItem/_9mm_Tracer.lua: Активный generated companion отсутствует в metadata.code.
ERROR [jazz] tmp/suite-release-stage-6224b/jazz/InventoryItem/AA12.lua: Активный generated companion отсутствует в metadata.code.
ERROR [jazz] tmp/suite-release-stage-6224b/jazz/InventoryItem/AA52.lua: Активный generated companion отсутствует в metadata.code.
ERROR [jazz] tmp/suite-release-stage-6224b/jazz/InventoryItem/Agram2000.lua: Активный generated companion отсутствует в metadata.code.
ERROR [jazz] tmp/suite-release-stage-6224b/jazz/InventoryItem/AK105.lua: Активный generated companion отсутствует в metadata.code.
ERROR [jazz] tmp/suite-release-stage-6224b/jazz/InventoryItem/AK47.lua: Активный generated companion отсутствует в metadata.code.
ERROR [jazz] tmp/suite-release-stage-6224b/jazz/InventoryItem/AK74.lua: Активный generated companion отсутствует в metadata.code.
ERROR [jazz] tmp/suite-release-stage-6224b/jazz/InventoryItem/AK74M.lua: Активный generated companion отсутствует в metadata.code.
ERROR [jazz] tmp/suite-release-stage-6224b/jazz/InventoryItem/AKM.lua: Активный generated companion отсутствует в metadata.code.
ERROR [jazz] tmp/suite-release-stage-6224b/jazz/InventoryItem/AKSU.lua: Активный generated companion отсутствует в metadata.code.
ERROR [jazz] tmp/suite-release-stage-6224b/jazz/InventoryItem/AN94.lua: Активный generated companion отсутствует в metadata.code.
ERROR [jazz] tmp/suite-release-stage-6224b/jazz/InventoryItem/APS.lua: Активный generated companion отсутствует в metadata.code.
ERROR [jazz] tmp/suite-release-stage-6224b/jazz/InventoryItem/AR10.lua: Активный generated companion отсутствует в metadata.code.
ERROR [jazz] tmp/suite-release-stage-6224b/jazz/InventoryItem/AR10DMR.lua: Активный generated companion отсутствует в metadata.code.
ERROR [jazz] tmp/suite-release-stage-6224b/jazz/InventoryItem/AR15.lua: Активный generated companion отсутствует в metadata.code.
ERROR [jazz] tmp/suite-release-stage-6224b/jazz/InventoryItem/ArcticWarfare.lua: Активный generated companion отсутствует в metadata.code.
ERROR [jazz] tmp/suite-release-stage-6224b/jazz/InventoryItem/AS_Val.lua: Активный generated companion отсутствует в metadata.code.
ERROR [jazz] tmp/suite-release-stage-6224b/jazz/InventoryItem/AUG.lua: Активный generated companion отсутствует в metadata.code.
ERROR [jazz] tmp/suite-release-stage-6224b/jazz/InventoryItem/Auto5_quest.lua: Активный generated companion отсутствует в metadata.code.
ERROR [jazz] tmp/suite-release-stage-6224b/jazz/InventoryItem/Auto5.lua: Активный generated companion отсутствует в metadata.code.
ERROR [jazz] tmp/suite-release-stage-6224b/jazz/InventoryItem/AVT40.lua: Активный generated companion отсутствует в metadata.code.
ERROR [jazz] tmp/suite-release-stage-6224b/jazz/InventoryItem/Backpack_test.lua: Активный generated companion отсутствует в metadata.code.
ERROR [jazz] tmp/suite-release-stage-6224b/jazz/InventoryItem/BAR.lua: Активный generated companion отсутствует в metadata.code.
ERROR [jazz] tmp/suite-release-stage-6224b/jazz/InventoryItem/BarretM82.lua: Активный generated companion отсутствует в metadata.code.
ERROR [jazz] tmp/suite-release-stage-6224b/jazz/InventoryItem/Bayonet.lua: Активный generated companion отсутствует в metadata.code.
ERROR [jazz] tmp/suite-release-stage-6224b/jazz/InventoryItem/Bereta92.lua: Активный generated companion отсутствует в metadata.code.
ERROR [jazz] tmp/suite-release-stage-6224b/jazz/InventoryItem/Beretta93r.lua: Активный generated companion отсутствует в metadata.code.
ERROR [jazz] tmp/suite-release-stage-6224b/jazz/InventoryItem/BerettaM12.lua: Активный generated companion отсутствует в metadata.code.
ERROR [jazz] tmp/suite-release-stage-6224b/jazz/InventoryItem/BlackPowder.lua: Активный generated companion отсутствует в metadata.code.
ERROR [jazz] tmp/suite-release-stage-6224b/jazz/InventoryItem/BrowningM2HMG.lua: Активный generated companion отсутствует в metadata.code.
ERROR [jazz] tmp/suite-release-stage-6224b/jazz/InventoryItem/C4.lua: Активный generated companion отсутствует в metadata.code.
ERROR [jazz] tmp/suite-release-stage-6224b/jazz/InventoryItem/CamoArmor_Light_Kompositum.lua: Активный generated companion отсутствует в metadata.code.
ERROR [jazz] tmp/suite-release-stage-6224b/jazz/InventoryItem/CamoArmor_Light.lua: Активный generated companion отсутствует в metadata.code.
ERROR [jazz] tmp/suite-release-stage-6224b/jazz/InventoryItem/CamoArmor_Medium_Kompositum.lua: Активный generated companion отсутствует в metadata.code.
ERROR [jazz] tmp/suite-release-stage-6224b/jazz/InventoryItem/CamoArmor_Medium.lua: Активный generated companion отсутствует в metadata.code.
ERROR [jazz] tmp/suite-release-stage-6224b/jazz/InventoryItem/CAR15.lua: Активный generated companion отсутствует в metadata.code.
ERROR [jazz] tmp/suite-release-stage-6224b/jazz/InventoryItem/China_Lake.lua: Активный generated companion отсутствует в metadata.code.
ERROR [jazz] tmp/suite-release-stage-6224b/jazz/InventoryItem/Coin.lua: Активный generated companion отсутствует в metadata.code.
ERROR [jazz] tmp/suite-release-stage-6224b/jazz/InventoryItem/Colt1911.lua: Активный generated companion отсутствует в metadata.code.
ERROR [jazz] tmp/suite-release-stage-6224b/jazz/InventoryItem/Colt38Special.lua: Активный generated companion отсутствует в metadata.code.
ERROR [jazz] tmp/suite-release-stage-6224b/jazz/InventoryItem/ColtAnaconda.lua: Активный generated companion отсутствует в metadata.code.
ERROR [jazz] tmp/suite-release-stage-6224b/jazz/InventoryItem/ColtM1917.lua: Активный generated companion отсутствует в metadata.code.
ERROR [jazz] tmp/suite-release-stage-6224b/jazz/InventoryItem/ColtPeacemaker.lua: Активный generated companion отсутствует в metadata.code.
ERROR [jazz] tmp/suite-release-stage-6224b/jazz/InventoryItem/CombatStim.lua: Активный generated companion отсутствует в metadata.code.
ERROR [jazz] tmp/suite-release-stage-6224b/jazz/InventoryItem/Combination_CeramicPlates.lua: Активный generated companion отсутствует в metadata.code.
ERROR [jazz] tmp/suite-release-stage-6224b/jazz/InventoryItem/Combination_Kompositum58.lua: Активный generated companion отсутствует в metadata.code.
ERROR [jazz] tmp/suite-release-stage-6224b/jazz/InventoryItem/Combination_WeavePadding.lua: Активный generated companion отсутствует в metadata.code.
ERROR [jazz] tmp/suite-release-stage-6224b/jazz/InventoryItem/Compensator.lua: Активный generated companion отсутствует в metadata.code.
ERROR [jazz] tmp/suite-release-stage-6224b/jazz/InventoryItem/ConcussiveGrenade.lua: Активный generated companion отсутствует в metadata.code.
ERROR [jazz] tmp/suite-release-stage-6224b/jazz/InventoryItem/Cookie.lua: Активный generated companion отсутствует в metadata.code.
ERROR [jazz] tmp/suite-release-stage-6224b/jazz/InventoryItem/CrocodileHide.lua: Активный generated companion отсутствует в metadata.code.
ERROR [jazz] tmp/suite-release-stage-6224b/jazz/InventoryItem/Crowbar.lua: Активный generated companion отсутствует в metadata.code.
ERROR [jazz] tmp/suite-release-stage-6224b/jazz/InventoryItem/CustomPDA.lua: Активный generated companion отсутствует в metadata.code.
ERROR [jazz] tmp/suite-release-stage-6224b/jazz/InventoryItem/CZ52.lua: Активный generated companion отсутствует в metadata.code.
ERROR [jazz] tmp/suite-release-stage-6224b/jazz/InventoryItem/CZ75.lua: Активный generated companion отсутствует в metadata.code.
ERROR [jazz] tmp/suite-release-stage-6224b/jazz/InventoryItem/DeLisle.lua: Активный generated companion отсутствует в metadata.code.
ERROR [jazz] tmp/suite-release-stage-6224b/jazz/InventoryItem/DesertEagle.lua: Активный generated companion отсутствует в metadata.code.
ERROR [jazz] tmp/suite-release-stage-6224b/jazz/InventoryItem/Diesel.lua: Активный generated companion отсутствует в metadata.code.
ERROR [jazz] tmp/suite-release-stage-6224b/jazz/InventoryItem/Dollars.lua: Активный generated companion отсутствует в metadata.code.
ERROR [jazz] tmp/suite-release-stage-6224b/jazz/InventoryItem/DoubleBarrelShotgun.lua: Активный generated companion отсутствует в metadata.code.
ERROR [jazz] tmp/suite-release-stage-6224b/jazz/InventoryItem/DP27.lua: Активный generated companion отсутствует в metadata.code.
ERROR [jazz] tmp/suite-release-stage-6224b/jazz/InventoryItem/DragunovSVD_Custom.lua: Активный generated companion отсутствует в metadata.code.
ERROR [jazz] tmp/suite-release-stage-6224b/jazz/InventoryItem/DragunovSVD.lua: Активный generated companion отсутствует в metadata.code.
ERROR [jazz] tmp/suite-release-stage-6224b/jazz/InventoryItem/EndlessKnives.lua: Активный generated companion отсутствует в metadata.code.
ERROR [jazz] tmp/suite-release-stage-6224b/jazz/InventoryItem/FAMAS.lua: Активный generated companion отсутствует в metadata.code.
ERROR [jazz] tmp/suite-release-stage-6224b/jazz/InventoryItem/FG42.lua: Активный generated companion отсутствует в metadata.code.
ERROR [jazz] tmp/suite-release-stage-6224b/jazz/InventoryItem/FineSteelPipe.lua: Активный generated companion отсутствует в metadata.code.
ERROR [jazz] tmp/suite-release-stage-6224b/jazz/InventoryItem/FirstAidKit.lua: Активный generated companion отсутствует в metadata.code.
ERROR [jazz] tmp/suite-release-stage-6224b/jazz/InventoryItem/FiveSeven.lua: Активный generated companion отсутствует в metadata.code.
ERROR [jazz] tmp/suite-release-stage-6224b/jazz/InventoryItem/FlakArmor_CeramicPlates.lua: Активный generated companion отсутствует в metadata.code.
ERROR [jazz] tmp/suite-release-stage-6224b/jazz/InventoryItem/FlakArmor_Kompositum.lua: Активный generated companion отсутствует в metadata.code.
ERROR [jazz] tmp/suite-release-stage-6224b/jazz/InventoryItem/FlakArmor_WeavePadding.lua: Активный generated companion отсутствует в metadata.code.
ERROR [jazz] tmp/suite-release-stage-6224b/jazz/InventoryItem/FlakArmor.lua: Активный generated companion отсутствует в metadata.code.
ERROR [jazz] tmp/suite-release-stage-6224b/jazz/InventoryItem/FlakLeggings_Kompositum.lua: Активный generated companion отсутствует в metadata.code.
ERROR [jazz] tmp/suite-release-stage-6224b/jazz/InventoryItem/FlakLeggings_WeavePadding.lua: Активный generated companion отсутствует в metadata.code.
ERROR [jazz] tmp/suite-release-stage-6224b/jazz/InventoryItem/FlakLeggings.lua: Активный generated companion отсутствует в metadata.code.
ERROR [jazz] tmp/suite-release-stage-6224b/jazz/InventoryItem/FlakVest_CeramicPlates.lua: Активный generated companion отсутствует в metadata.code.
ERROR [jazz] tmp/suite-release-stage-6224b/jazz/InventoryItem/FlakVest_Kompositum.lua: Активный generated companion отсутствует в metadata.code.
ERROR [jazz] tmp/suite-release-stage-6224b/jazz/InventoryItem/FlakVest_WeavePadding.lua: Активный generated companion отсутствует в metadata.code.
ERROR [jazz] tmp/suite-release-stage-6224b/jazz/InventoryItem/FlakVest.lua: Активный generated companion отсутствует в metadata.code.
ERROR [jazz] tmp/suite-release-stage-6224b/jazz/InventoryItem/FlareAmmo.lua: Активный generated companion отсутствует в metadata.code.
ERROR [jazz] tmp/suite-release-stage-6224b/jazz/InventoryItem/FlareHandgun.lua: Активный generated companion отсутствует в metadata.code.
ERROR [jazz] tmp/suite-release-stage-6224b/jazz/InventoryItem/FlareStick.lua: Активный generated companion отсутствует в metadata.code.
ERROR [jazz] tmp/suite-release-stage-6224b/jazz/InventoryItem/FNFAL.lua: Активный generated companion отсутствует в metadata.code.
ERROR [jazz] tmp/suite-release-stage-6224b/jazz/InventoryItem/FNMAG.lua: Активный generated companion отсутствует в metadata.code.
ERROR [jazz] tmp/suite-release-stage-6224b/jazz/InventoryItem/FNMinimi.lua: Активный generated companion отсутствует в metadata.code.
ERROR [jazz] tmp/suite-release-stage-6224b/jazz/InventoryItem/FragGrenade.lua: Активный generated companion отсутствует в metadata.code.
ERROR [jazz] tmp/suite-release-stage-6224b/jazz/InventoryItem/FRF2.lua: Активный generated companion отсутствует в metadata.code.
ERROR [jazz] tmp/suite-release-stage-6224b/jazz/InventoryItem/G36.lua: Активный generated companion отсутствует в metadata.code.
ERROR [jazz] tmp/suite-release-stage-6224b/jazz/InventoryItem/G36c.lua: Активный generated companion отсутствует в metadata.code.
ERROR [jazz] tmp/suite-release-stage-6224b/jazz/InventoryItem/G3A3.lua: Активный generated companion отсутствует в metadata.code.
ERROR [jazz] tmp/suite-release-stage-6224b/jazz/InventoryItem/G3A4.lua: Активный generated companion отсутствует в metadata.code.
ERROR [jazz] tmp/suite-release-stage-6224b/jazz/InventoryItem/G3SniperV1.lua: Активный generated companion отсутствует в metadata.code.
ERROR [jazz] tmp/suite-release-stage-6224b/jazz/InventoryItem/G43.lua: Активный generated companion отсутствует в metadata.code.
ERROR [jazz] tmp/suite-release-stage-6224b/jazz/InventoryItem/Galil_FlagHill.lua: Активный generated companion отсутствует в metadata.code.
ERROR [jazz] tmp/suite-release-stage-6224b/jazz/InventoryItem/Galil.lua: Активный generated companion отсутствует в metadata.code.
ERROR [jazz] tmp/suite-release-stage-6224b/jazz/InventoryItem/GasMask.lua: Активный generated companion отсутствует в metadata.code.
ERROR [jazz] tmp/suite-release-stage-6224b/jazz/InventoryItem/Gasmaskenhelm.lua: Активный generated companion отсутствует в metadata.code.
ERROR [jazz] tmp/suite-release-stage-6224b/jazz/InventoryItem/Gewehr98.lua: Активный generated companion отсутствует в metadata.code.
ERROR [jazz] tmp/suite-release-stage-6224b/jazz/InventoryItem/Glock17.lua: Активный generated companion отсутствует в metadata.code.
ERROR [jazz] tmp/suite-release-stage-6224b/jazz/InventoryItem/Glock18.lua: Активный generated companion отсутствует в metadata.code.
ERROR [jazz] tmp/suite-release-stage-6224b/jazz/InventoryItem/GlowStick.lua: Активный generated companion отсутствует в metadata.code.
ERROR [jazz] tmp/suite-release-stage-6224b/jazz/InventoryItem/GoldenGun.lua: Активный generated companion отсутствует в metadata.code.
ERROR [jazz] tmp/suite-release-stage-6224b/jazz/InventoryItem/GoldenWatch.lua: Активный generated companion отсутствует в metadata.code.
ERROR [jazz] tmp/suite-release-stage-6224b/jazz/InventoryItem/GrizzlyLAR.lua: Активный generated companion отсутствует в metadata.code.
ERROR [jazz] tmp/suite-release-stage-6224b/jazz/InventoryItem/GutHookKnife.lua: Активный generated companion отсутствует в metadata.code.
ERROR [jazz] tmp/suite-release-stage-6224b/jazz/InventoryItem/HE_Grenade.lua: Активный generated companion отсутствует в metadata.code.
ERROR [jazz] tmp/suite-release-stage-6224b/jazz/InventoryItem/HeavyArmorChestplate_CeramicPlates.lua: Активный generated companion отсутствует в metadata.code.
ERROR [jazz] tmp/suite-release-stage-6224b/jazz/InventoryItem/HeavyArmorChestplate_Kompositum.lua: Активный generated companion отсутствует в metadata.code.
ERROR [jazz] tmp/suite-release-stage-6224b/jazz/InventoryItem/HeavyArmorChestplate_WeavePadding.lua: Активный generated companion отсутствует в metadata.code.
ERROR [jazz] tmp/suite-release-stage-6224b/jazz/InventoryItem/HeavyArmorChestplate.lua: Активный generated companion отсутствует в metadata.code.
ERROR [jazz] tmp/suite-release-stage-6224b/jazz/InventoryItem/HeavyArmorHelmet_Kompositum.lua: Активный generated companion отсутствует в metadata.code.
ERROR [jazz] tmp/suite-release-stage-6224b/jazz/InventoryItem/HeavyArmorHelmet_WeavePadding.lua: Активный generated companion отсутствует в metadata.code.
ERROR [jazz] tmp/suite-release-stage-6224b/jazz/InventoryItem/HeavyArmorHelmet.lua: Активный generated companion отсутствует в metadata.code.
ERROR [jazz] tmp/suite-release-stage-6224b/jazz/InventoryItem/HeavyArmorLeggings_Kompositum.lua: Активный generated companion отсутствует в metadata.code.
ERROR [jazz] tmp/suite-release-stage-6224b/jazz/InventoryItem/HeavyArmorLeggings_WeavePadding.lua: Активный generated companion отсутствует в metadata.code.
ERROR [jazz] tmp/suite-release-stage-6224b/jazz/InventoryItem/HeavyArmorLeggings.lua: Активный generated companion отсутствует в metadata.code.
ERROR [jazz] tmp/suite-release-stage-6224b/jazz/InventoryItem/HeavyArmorTorso_CeramicPlates.lua: Активный generated companion отсутствует в metadata.code.
ERROR [jazz] tmp/suite-release-stage-6224b/jazz/InventoryItem/HeavyArmorTorso_Kompositum.lua: Активный generated companion отсутствует в metadata.code.
ERROR [jazz] tmp/suite-release-stage-6224b/jazz/InventoryItem/HeavyArmorTorso_WeavePadding.lua: Активный generated companion отсутствует в metadata.code.
ERROR [jazz] tmp/suite-release-stage-6224b/jazz/InventoryItem/HeavyArmorTorso.lua: Активный generated companion отсутствует в metadata.code.
ERROR [jazz] tmp/suite-release-stage-6224b/jazz/InventoryItem/HerbalMedicine.lua: Активный generated companion отсутствует в metadata.code.
ERROR [jazz] tmp/suite-release-stage-6224b/jazz/InventoryItem/HiPower.lua: Активный generated companion отсутствует в metadata.code.
ERROR [jazz] tmp/suite-release-stage-6224b/jazz/InventoryItem/HK21.lua: Активный generated companion отсутствует в metadata.code.
ERROR [jazz] tmp/suite-release-stage-6224b/jazz/InventoryItem/HK23e.lua: Активный generated companion отсутствует в metadata.code.
ERROR [jazz] tmp/suite-release-stage-6224b/jazz/InventoryItem/HK33.lua: Активный generated companion отсутствует в metadata.code.
ERROR [jazz] tmp/suite-release-stage-6224b/jazz/InventoryItem/Infected_HardenedSkin.lua: Активный generated companion отсутствует в metadata.code.
ERROR [jazz] tmp/suite-release-stage-6224b/jazz/InventoryItem/Ithaca.lua: Активный generated companion отсутствует в metadata.code.
ERROR [jazz] tmp/suite-release-stage-6224b/jazz/InventoryItem/IvanUshanka.lua: Активный generated companion отсутствует в metadata.code.
ERROR [jazz] tmp/suite-release-stage-6224b/jazz/InventoryItem/JAZZ_AMMO_12gauge_APSlug.lua: Активный generated companion отсутствует в metadata.code.
ERROR [jazz] tmp/suite-release-stage-6224b/jazz/InventoryItem/JAZZ_AMMO_12gauge_Birdshot.lua: Активный generated companion отсутствует в metadata.code.
ERROR [jazz] tmp/suite-release-stage-6224b/jazz/InventoryItem/JAZZ_AMMO_12gauge_Buckshot.lua: Активный generated companion отсутствует в metadata.code.
ERROR [jazz] tmp/suite-release-stage-6224b/jazz/InventoryItem/JAZZ_AMMO_12gauge_Saltshot.lua: Активный generated companion отсутствует в metadata.code.
ERROR [jazz] tmp/suite-release-stage-6224b/jazz/InventoryItem/JAZZ_AMMO_12gauge_Slug.lua: Активный generated companion отсутствует в metadata.code.
ERROR [jazz] tmp/suite-release-stage-6224b/jazz/InventoryItem/JAZZ_AMMO_30_FMJ.lua: Активный generated companion отсутствует в metadata.code.
ERROR [jazz] tmp/suite-release-stage-6224b/jazz/InventoryItem/JAZZ_AMMO_30_P.lua: Активный generated companion отсутствует в metadata.code.
ERROR [jazz] tmp/suite-release-stage-6224b/jazz/InventoryItem/JAZZ_AMMO_30_Tracer.lua: Активный generated companion отсутствует в metadata.code.
ERROR [jazz] tmp/suite-release-stage-6224b/jazz/InventoryItem/JAZZ_AMMO_3006_AP.lua: Активный generated companion отсутствует в metadata.code.
ERROR [jazz] tmp/suite-release-stage-6224b/jazz/InventoryItem/JAZZ_AMMO_3006_FMJ.lua: Активный generated companion отсутствует в metadata.code.
ERROR [jazz] tmp/suite-release-stage-6224b/jazz/InventoryItem/JAZZ_AMMO_3006_Match.lua: Активный generated companion отсутствует в metadata.code.
ERROR [jazz] tmp/suite-release-stage-6224b/jazz/InventoryItem/JAZZ_AMMO_357_FMJ.lua: Активный generated companion отсутствует в metadata.code.
ERROR [jazz] tmp/suite-release-stage-6224b/jazz/InventoryItem/JAZZ_AMMO_357_JHP.lua: Активный generated companion отсутствует в metadata.code.
ERROR [jazz] tmp/suite-release-stage-6224b/jazz/InventoryItem/JAZZ_AMMO_38special_FMJ.lua: Активный generated companion отсутствует в metadata.code.
ERROR [jazz] tmp/suite-release-stage-6224b/jazz/InventoryItem/JAZZ_AMMO_38special_JHP.lua: Активный generated companion отсутствует в metadata.code.
ERROR [jazz] tmp/suite-release-stage-6224b/jazz/InventoryItem/JAZZ_AMMO_40mmFlashbangGrenade.lua: Активный generated companion отсутствует в metadata.code.
ERROR [jazz] tmp/suite-release-stage-6224b/jazz/InventoryItem/JAZZ_AMMO_40mmFragGrenade.lua: Активный generated companion отсутствует в metadata.code.
ERROR [jazz] tmp/suite-release-stage-6224b/jazz/InventoryItem/JAZZ_AMMO_44CAL_FMJ.lua: Активный generated companion отсутствует в metadata.code.
ERROR [jazz] tmp/suite-release-stage-6224b/jazz/InventoryItem/JAZZ_AMMO_44CAL_JHP.lua: Активный generated companion отсутствует в metadata.code.
ERROR [jazz] tmp/suite-release-stage-6224b/jazz/InventoryItem/JAZZ_AMMO_44CAL_Match.lua: Активный generated companion отсутствует в metadata.code.
ERROR [jazz] tmp/suite-release-stage-6224b/jazz/InventoryItem/JAZZ_AMMO_45ACP_Crafted.lua: Активный generated companion отсутствует в metadata.code.
ERROR [jazz] tmp/suite-release-stage-6224b/jazz/InventoryItem/JAZZ_AMMO_45ACP_FMJ.lua: Активный generated companion отсутствует в metadata.code.
ERROR [jazz] tmp/suite-release-stage-6224b/jazz/InventoryItem/JAZZ_AMMO_45ACP_JHP.lua: Активный generated companion отсутствует в metadata.code.
ERROR [jazz] tmp/suite-release-stage-6224b/jazz/InventoryItem/JAZZ_AMMO_45ACP_P.lua: Активный generated companion отсутствует в metadata.code.
ERROR [jazz] tmp/suite-release-stage-6224b/jazz/InventoryItem/JAZZ_AMMO_45ACP_Poor.lua: Активный generated companion отсутствует в metadata.code.
ERROR [jazz] tmp/suite-release-stage-6224b/jazz/InventoryItem/JAZZ_AMMO_46_AP.lua: Активный generated companion отсутствует в metadata.code.
ERROR [jazz] tmp/suite-release-stage-6224b/jazz/InventoryItem/JAZZ_AMMO_46_FMJ.lua: Активный generated companion отсутствует в metadata.code.
ERROR [jazz] tmp/suite-release-stage-6224b/jazz/InventoryItem/JAZZ_AMMO_46_JHP.lua: Активный generated companion отсутствует в metadata.code.
ERROR [jazz] tmp/suite-release-stage-6224b/jazz/InventoryItem/JAZZ_AMMO_50AE_FMJ.lua: Активный generated companion отсутствует в metadata.code.
ERROR [jazz] tmp/suite-release-stage-6224b/jazz/InventoryItem/JAZZ_AMMO_50AE_JHP.lua: Активный generated companion отсутствует в metadata.code.
ERROR [jazz] tmp/suite-release-stage-6224b/jazz/InventoryItem/JAZZ_AMMO_50BMG_API_HEI.lua: Активный generated companion отсутствует в metadata.code.
ERROR [jazz] tmp/suite-release-stage-6224b/jazz/InventoryItem/JAZZ_AMMO_50BMG_APIT.lua: Активный generated companion отсутствует в metadata.code.
ERROR [jazz] tmp/suite-release-stage-6224b/jazz/InventoryItem/JAZZ_AMMO_50BMG_Basic.lua: Активный generated companion отсутствует в metadata.code.
ERROR [jazz] tmp/suite-release-stage-6224b/jazz/InventoryItem/JAZZ_AMMO_545_AP.lua: Активный generated companion отсутствует в metadata.code.
ERROR [jazz] tmp/suite-release-stage-6224b/jazz/InventoryItem/JAZZ_AMMO_545_Army.lua: Активный generated companion отсутствует в metadata.code.
ERROR [jazz] tmp/suite-release-stage-6224b/jazz/InventoryItem/JAZZ_AMMO_545_Crafted.lua: Активный generated companion отсутствует в metadata.code.
ERROR [jazz] tmp/suite-release-stage-6224b/jazz/InventoryItem/JAZZ_AMMO_545_EPR.lua: Активный generated companion отсутствует в metadata.code.
ERROR [jazz] tmp/suite-release-stage-6224b/jazz/InventoryItem/JAZZ_AMMO_545_Poor.lua: Активный generated companion отсутствует в metadata.code.
ERROR [jazz] tmp/suite-release-stage-6224b/jazz/InventoryItem/JAZZ_AMMO_545_Tracer.lua: Активный generated companion отсутствует в metadata.code.
ERROR [jazz] tmp/suite-release-stage-6224b/jazz/InventoryItem/JAZZ_AMMO_556_AP.lua: Активный generated companion отсутствует в metadata.code.
ERROR [jazz] tmp/suite-release-stage-6224b/jazz/InventoryItem/JAZZ_AMMO_556_Army.lua: Активный generated companion отсутствует в metadata.code.
ERROR [jazz] tmp/suite-release-stage-6224b/jazz/InventoryItem/JAZZ_AMMO_556_Crafted.lua: Активный generated companion отсутствует в metadata.code.
ERROR [jazz] tmp/suite-release-stage-6224b/jazz/InventoryItem/JAZZ_AMMO_556_EPR.lua: Активный generated companion отсутствует в metadata.code.
ERROR [jazz] tmp/suite-release-stage-6224b/jazz/InventoryItem/JAZZ_AMMO_556_FMJ.lua: Активный generated companion отсутствует в metadata.code.
ERROR [jazz] tmp/suite-release-stage-6224b/jazz/InventoryItem/JAZZ_AMMO_556_Match.lua: Активный generated companion отсутствует в metadata.code.
ERROR [jazz] tmp/suite-release-stage-6224b/jazz/InventoryItem/JAZZ_AMMO_556_Poor.lua: Активный generated companion отсутствует в metadata.code.
ERROR [jazz] tmp/suite-release-stage-6224b/jazz/InventoryItem/JAZZ_AMMO_556_Tracer.lua: Активный generated companion отсутствует в metadata.code.
ERROR [jazz] tmp/suite-release-stage-6224b/jazz/InventoryItem/JAZZ_AMMO_57_AP.lua: Активный generated companion отсутствует в metadata.code.
ERROR [jazz] tmp/suite-release-stage-6224b/jazz/InventoryItem/JAZZ_AMMO_57_JHP.lua: Активный generated companion отсутствует в metadata.code.
ERROR [jazz] tmp/suite-release-stage-6224b/jazz/InventoryItem/JAZZ_AMMO_57_Subsonic.lua: Активный generated companion отсутствует в metadata.code.
ERROR [jazz] tmp/suite-release-stage-6224b/jazz/InventoryItem/JAZZ_AMMO_75French_AP.lua: Активный generated companion отсутствует в metadata.code.
ERROR [jazz] tmp/suite-release-stage-6224b/jazz/InventoryItem/JAZZ_AMMO_75French_FMJ.lua: Активный generated companion отсутствует в metadata.code.
ERROR [jazz] tmp/suite-release-stage-6224b/jazz/InventoryItem/JAZZ_AMMO_762x25_AP.lua: Активный generated companion отсутствует в metadata.code.
ERROR [jazz] tmp/suite-release-stage-6224b/jazz/InventoryItem/JAZZ_AMMO_762x25_FMJ.lua: Активный generated companion отсутствует в metadata.code.
ERROR [jazz] tmp/suite-release-stage-6224b/jazz/InventoryItem/JAZZ_AMMO_762x25_JHP.lua: Активный generated companion отсутствует в metadata.code.
ERROR [jazz] tmp/suite-release-stage-6224b/jazz/InventoryItem/JAZZ_AMMO_762x25_Poor.lua: Активный generated companion отсутствует в metadata.code.
ERROR [jazz] tmp/suite-release-stage-6224b/jazz/InventoryItem/JAZZ_AMMO_762x39_APP.lua: Активный generated companion отсутствует в metadata.code.
ERROR [jazz] tmp/suite-release-stage-6224b/jazz/InventoryItem/JAZZ_AMMO_762x39_Army.lua: Активный generated companion отсутствует в metadata.code.
ERROR [jazz] tmp/suite-release-stage-6224b/jazz/InventoryItem/JAZZ_AMMO_762x39_Crafted.lua: Активный generated companion отсутствует в metadata.code.
ERROR [jazz] tmp/suite-release-stage-6224b/jazz/InventoryItem/JAZZ_AMMO_762x39_FMJ.lua: Активный generated companion отсутствует в metadata.code.
ERROR [jazz] tmp/suite-release-stage-6224b/jazz/InventoryItem/JAZZ_AMMO_762x39_JHP.lua: Активный generated companion отсутствует в metadata.code.
ERROR [jazz] tmp/suite-release-stage-6224b/jazz/InventoryItem/JAZZ_AMMO_762x39_Poor.lua: Активный generated companion отсутствует в metadata.code.
ERROR [jazz] tmp/suite-release-stage-6224b/jazz/InventoryItem/JAZZ_AMMO_762x39_Tracer.lua: Активный generated companion отсутствует в metadata.code.
ERROR [jazz] tmp/suite-release-stage-6224b/jazz/InventoryItem/JAZZ_AMMO_762x39_US.lua: Активный generated companion отсутствует в metadata.code.
ERROR [jazz] tmp/suite-release-stage-6224b/jazz/InventoryItem/JAZZ_AMMO_762x51_AP.lua: Активный generated companion отсутствует в metadata.code.
ERROR [jazz] tmp/suite-release-stage-6224b/jazz/InventoryItem/JAZZ_AMMO_762x51_Army.lua: Активный generated companion отсутствует в metadata.code.
ERROR [jazz] tmp/suite-release-stage-6224b/jazz/InventoryItem/JAZZ_AMMO_762x51_Crafted.lua: Активный generated companion отсутствует в metadata.code.
ERROR [jazz] tmp/suite-release-stage-6224b/jazz/InventoryItem/JAZZ_AMMO_762x51_FMJ.lua: Активный generated companion отсутствует в metadata.code.
ERROR [jazz] tmp/suite-release-stage-6224b/jazz/InventoryItem/JAZZ_AMMO_762x51_Match.lua: Активный generated companion отсутствует в metadata.code.
ERROR [jazz] tmp/suite-release-stage-6224b/jazz/InventoryItem/JAZZ_AMMO_762x51_Poor.lua: Активный generated companion отсутствует в metadata.code.
ERROR [jazz] tmp/suite-release-stage-6224b/jazz/InventoryItem/JAZZ_AMMO_762x51_Tracer.lua: Активный generated companion отсутствует в metadata.code.
ERROR [jazz] tmp/suite-release-stage-6224b/jazz/InventoryItem/JAZZ_AMMO_762x54_APIT.lua: Активный generated companion отсутствует в metadata.code.
ERROR [jazz] tmp/suite-release-stage-6224b/jazz/InventoryItem/JAZZ_AMMO_762x54_Crafted.lua: Активный generated companion отсутствует в metadata.code.
ERROR [jazz] tmp/suite-release-stage-6224b/jazz/InventoryItem/JAZZ_AMMO_762x54_FMJ.lua: Активный generated companion отсутствует в metadata.code.
ERROR [jazz] tmp/suite-release-stage-6224b/jazz/InventoryItem/JAZZ_AMMO_762x54_Match.lua: Активный generated companion отсутствует в metadata.code.
ERROR [jazz] tmp/suite-release-stage-6224b/jazz/InventoryItem/JAZZ_AMMO_762x54_Poor.lua: Активный generated companion отсутствует в metadata.code.
ERROR [jazz] tmp/suite-release-stage-6224b/jazz/InventoryItem/JAZZ_AMMO_762x54_Tracer.lua: Активный generated companion отсутствует в metadata.code.
ERROR [jazz] tmp/suite-release-stage-6224b/jazz/InventoryItem/JAZZ_AMMO_792_AP.lua: Активный generated companion отсутствует в metadata.code.
ERROR [jazz] tmp/suite-release-stage-6224b/jazz/InventoryItem/JAZZ_AMMO_792_APIT.lua: Активный generated companion отсутствует в metadata.code.
ERROR [jazz] tmp/suite-release-stage-6224b/jazz/InventoryItem/JAZZ_AMMO_792_FMJ.lua: Активный generated companion отсутствует в metadata.code.
ERROR [jazz] tmp/suite-release-stage-6224b/jazz/InventoryItem/JAZZ_AMMO_792x33_AP.lua: Активный generated companion отсутствует в metadata.code.
ERROR [jazz] tmp/suite-release-stage-6224b/jazz/InventoryItem/JAZZ_AMMO_792x33_FMJ.lua: Активный generated companion отсутствует в metadata.code.
ERROR [jazz] tmp/suite-release-stage-6224b/jazz/InventoryItem/JAZZ_AMMO_792x33_Tracer.lua: Активный generated companion отсутствует в metadata.code.
ERROR [jazz] tmp/suite-release-stage-6224b/jazz/InventoryItem/JAZZ_AMMO_9x18_AP.lua: Активный generated companion отсутствует в metadata.code.
ERROR [jazz] tmp/suite-release-stage-6224b/jazz/InventoryItem/JAZZ_AMMO_9x18_APP.lua: Активный generated companion отсутствует в metadata.code.
ERROR [jazz] tmp/suite-release-stage-6224b/jazz/InventoryItem/JAZZ_AMMO_9x18_Crafted.lua: Активный generated companion отсутствует в metadata.code.
ERROR [jazz] tmp/suite-release-stage-6224b/jazz/InventoryItem/JAZZ_AMMO_9x18_FMJ.lua: Активный generated companion отсутствует в metadata.code.
ERROR [jazz] tmp/suite-release-stage-6224b/jazz/InventoryItem/JAZZ_AMMO_9x18_JHP.lua: Активный generated companion отсутствует в metadata.code.
ERROR [jazz] tmp/suite-release-stage-6224b/jazz/InventoryItem/JAZZ_AMMO_9x18_Poor.lua: Активный generated companion отсутствует в metadata.code.
ERROR [jazz] tmp/suite-release-stage-6224b/jazz/InventoryItem/JAZZ_AMMO_9x19_AP.lua: Активный generated companion отсутствует в metadata.code.
ERROR [jazz] tmp/suite-release-stage-6224b/jazz/InventoryItem/JAZZ_AMMO_9x19_APP.lua: Активный generated companion отсутствует в metadata.code.
ERROR [jazz] tmp/suite-release-stage-6224b/jazz/InventoryItem/JAZZ_AMMO_9x19_Crafted.lua: Активный generated companion отсутствует в metadata.code.
ERROR [jazz] tmp/suite-release-stage-6224b/jazz/InventoryItem/JAZZ_AMMO_9x19_FMJ.lua: Активный generated companion отсутствует в metadata.code.
ERROR [jazz] tmp/suite-release-stage-6224b/jazz/InventoryItem/JAZZ_AMMO_9x19_JHP.lua: Активный generated companion отсутствует в metadata.code.
ERROR [jazz] tmp/suite-release-stage-6224b/jazz/InventoryItem/JAZZ_AMMO_9x19_Match.lua: Активный generated companion отсутствует в metadata.code.
ERROR [jazz] tmp/suite-release-stage-6224b/jazz/InventoryItem/JAZZ_AMMO_9x19_Poor.lua: Активный generated companion отсутствует в metadata.code.
ERROR [jazz] tmp/suite-release-stage-6224b/jazz/InventoryItem/JAZZ_AMMO_9x39_AP.lua: Активный generated companion отсутствует в metadata.code.
ERROR [jazz] tmp/suite-release-stage-6224b/jazz/InventoryItem/JAZZ_AMMO_9x39_Crafted.lua: Активный generated companion отсутствует в metadata.code.
ERROR [jazz] tmp/suite-release-stage-6224b/jazz/InventoryItem/JAZZ_AMMO_9x39_JHP.lua: Активный generated companion отсутствует в metadata.code.
ERROR [jazz] tmp/suite-release-stage-6224b/jazz/InventoryItem/JAZZ_AMMO_MortarShell_Gas.lua: Активный generated companion отсутствует в metadata.code.
ERROR [jazz] tmp/suite-release-stage-6224b/jazz/InventoryItem/JAZZ_AMMO_MortarShell_HE.lua: Активный generated companion отсутствует в metadata.code.
ERROR [jazz] tmp/suite-release-stage-6224b/jazz/InventoryItem/JAZZ_AMMO_MortarShell_Smoke.lua: Активный generated companion отсутствует в metadata.code.
ERROR [jazz] tmp/suite-release-stage-6224b/jazz/InventoryItem/JAZZ_ArmorUpgrade.lua: Активный generated companion отсутствует в metadata.code.
ERROR [jazz] tmp/suite-release-stage-6224b/jazz/InventoryItem/JAZZ_AUGCompensator_01.lua: Активный generated companion отсутствует в metadata.code.
ERROR [jazz] tmp/suite-release-stage-6224b/jazz/InventoryItem/JAZZ_AUGCompensator_03.lua: Активный generated companion отсутствует в metadata.code.
ERROR [jazz] tmp/suite-release-stage-6224b/jazz/InventoryItem/JAZZ_Bandage.lua: Активный generated companion отсутствует в metadata.code.
ERROR [jazz] tmp/suite-release-stage-6224b/jazz/InventoryItem/JAZZ_BarrelParts.lua: Активный generated companion отсутствует в metadata.code.
ERROR [jazz] tmp/suite-release-stage-6224b/jazz/InventoryItem/JAZZ_Bipod_Galil.lua: Активный generated companion отсутствует в metadata.code.
ERROR [jazz] tmp/suite-release-stage-6224b/jazz/InventoryItem/JAZZ_Bipod_Under.lua: Активный generated companion отсутствует в metadata.code.
ERROR [jazz] tmp/suite-release-stage-6224b/jazz/InventoryItem/JAZZ_Bipod.lua: Активный generated companion отсутствует в metadata.code.
ERROR [jazz] tmp/suite-release-stage-6224b/jazz/InventoryItem/JAZZ_CombatScope_1P29.lua: Активный generated companion отсутствует в metadata.code.
ERROR [jazz] tmp/suite-release-stage-6224b/jazz/InventoryItem/JAZZ_CombatScope_2x.lua: Активный generated companion отсутствует в metadata.code.
ERROR [jazz] tmp/suite-release-stage-6224b/jazz/InventoryItem/JAZZ_CombatScope_3x.lua: Активный generated companion отсутствует в metadata.code.
ERROR [jazz] tmp/suite-release-stage-6224b/jazz/InventoryItem/JAZZ_CombatScope_ACOG.lua: Активный generated companion отсутствует в metadata.code.
ERROR [jazz] tmp/suite-release-stage-6224b/jazz/InventoryItem/JAZZ_CombatScope_FeroZ24.lua: Активный generated companion отсутствует в metadata.code.
ERROR [jazz] tmp/suite-release-stage-6224b/jazz/InventoryItem/JAZZ_Compensator.lua: Активный generated companion отсутствует в metadata.code.
ERROR [jazz] tmp/suite-release-stage-6224b/jazz/InventoryItem/JAZZ_DuckbillChoke.lua: Активный generated companion отсутствует в metadata.code.
ERROR [jazz] tmp/suite-release-stage-6224b/jazz/InventoryItem/JAZZ_FlashHider.lua: Активный generated companion отсутствует в metadata.code.
ERROR [jazz] tmp/suite-release-stage-6224b/jazz/InventoryItem/JAZZ_Flashlight_aa12.lua: Активный generated companion отсутствует в metadata.code.
ERROR [jazz] tmp/suite-release-stage-6224b/jazz/InventoryItem/JAZZ_Flashlight_PSG_M1.lua: Активный generated companion отсутствует в metadata.code.
ERROR [jazz] tmp/suite-release-stage-6224b/jazz/InventoryItem/JAZZ_Flashlight.lua: Активный generated companion отсутствует в metadata.code.
ERROR [jazz] tmp/suite-release-stage-6224b/jazz/InventoryItem/JAZZ_FlashlightDot_aa12.lua: Активный generated companion отсутствует в metadata.code.
ERROR [jazz] tmp/suite-release-stage-6224b/jazz/InventoryItem/JAZZ_FlashlightDot_Anaconda.lua: Активный generated companion отсутствует в metadata.code.
ERROR [jazz] tmp/suite-release-stage-6224b/jazz/InventoryItem/JAZZ_FlashlightDot_PSG_M1.lua: Активный generated companion отсутствует в metadata.code.
ERROR [jazz] tmp/suite-release-stage-6224b/jazz/InventoryItem/JAZZ_FlashlightDot.lua: Активный generated companion отсутствует в metadata.code.
ERROR [jazz] tmp/suite-release-stage-6224b/jazz/InventoryItem/JAZZ_FullChoke.lua: Активный generated companion отсутствует в metadata.code.
ERROR [jazz] tmp/suite-release-stage-6224b/jazz/InventoryItem/JAZZ_G36Scope.lua: Активный generated companion отсутствует в metadata.code.
ERROR [jazz] tmp/suite-release-stage-6224b/jazz/InventoryItem/JAZZ_G36Sight.lua: Активный generated companion отсутствует в metadata.code.
ERROR [jazz] tmp/suite-release-stage-6224b/jazz/InventoryItem/JAZZ_Galil_Brake_Default.lua: Активный generated companion отсутствует в metadata.code.
ERROR [jazz] tmp/suite-release-stage-6224b/jazz/InventoryItem/JAZZ_GP25.lua: Активный generated companion отсутствует в metadata.code.
ERROR [jazz] tmp/suite-release-stage-6224b/jazz/InventoryItem/JAZZ_GrenadeLauncher_AUG.lua: Активный generated companion отсутствует в metadata.code.
ERROR [jazz] tmp/suite-release-stage-6224b/jazz/InventoryItem/JAZZ_GrenadeLauncher_Commando.lua: Активный generated companion отсутствует в metadata.code.
ERROR [jazz] tmp/suite-release-stage-6224b/jazz/InventoryItem/JAZZ_GrenadeLauncher_Galil.lua: Активный generated companion отсутствует в metadata.code.
ERROR [jazz] tmp/suite-release-stage-6224b/jazz/InventoryItem/JAZZ_GrenadeLauncher_M14.lua: Активный generated companion отсутствует в metadata.code.
ERROR [jazz] tmp/suite-release-stage-6224b/jazz/InventoryItem/JAZZ_GrenadeLauncher.lua: Активный generated companion отсутствует в metadata.code.
ERROR [jazz] tmp/suite-release-stage-6224b/jazz/InventoryItem/JAZZ_HandlingWrap.lua: Активный generated companion отсутствует в metadata.code.
ERROR [jazz] tmp/suite-release-stage-6224b/jazz/InventoryItem/JAZZ_ImprovisedSuppressor.lua: Активный generated companion отсутствует в metadata.code.
ERROR [jazz] tmp/suite-release-stage-6224b/jazz/InventoryItem/JAZZ_LaserDot_aa12.lua: Активный generated companion отсутствует в metadata.code.
ERROR [jazz] tmp/suite-release-stage-6224b/jazz/InventoryItem/JAZZ_LaserDot_Anaconda.lua: Активный generated companion отсутствует в metadata.code.
ERROR [jazz] tmp/suite-release-stage-6224b/jazz/InventoryItem/JAZZ_LaserDot_PSG_M1.lua: Активный generated companion отсутствует в metadata.code.
ERROR [jazz] tmp/suite-release-stage-6224b/jazz/InventoryItem/JAZZ_LaserDot.lua: Активный generated companion отсутствует в metadata.code.
ERROR [jazz] tmp/suite-release-stage-6224b/jazz/InventoryItem/JAZZ_M70_Grenade.lua: Активный generated companion отсутствует в metadata.code.
ERROR [jazz] tmp/suite-release-stage-6224b/jazz/InventoryItem/JAZZ_MagBelt_100_200.lua: Активный generated companion отсутствует в metadata.code.
ERROR [jazz] tmp/suite-release-stage-6224b/jazz/InventoryItem/JAZZ_MagBelt_40_100.lua: Активный generated companion отсутствует в metadata.code.
ERROR [jazz] tmp/suite-release-stage-6224b/jazz/InventoryItem/JAZZ_MagDrum_30_100_cumbersome.lua: Активный generated companion отсутствует в metadata.code.
ERROR [jazz] tmp/suite-release-stage-6224b/jazz/InventoryItem/JAZZ_MagDrum_30_100_G3.lua: Активный generated companion отсутствует в metadata.code.
ERROR [jazz] tmp/suite-release-stage-6224b/jazz/InventoryItem/JAZZ_MagDrum_30_100_HK33.lua: Активный generated companion отсутствует в metadata.code.
ERROR [jazz] tmp/suite-release-stage-6224b/jazz/InventoryItem/JAZZ_MagDrum_30_100.lua: Активный generated companion отсутствует в metadata.code.
ERROR [jazz] tmp/suite-release-stage-6224b/jazz/InventoryItem/JAZZ_MagDrum_30_50_THOMPSON.lua: Активный generated companion отсутствует в metadata.code.
ERROR [jazz] tmp/suite-release-stage-6224b/jazz/InventoryItem/JAZZ_MagDrum_30_50_UZI.lua: Активный generated companion отсутствует в metadata.code.
ERROR [jazz] tmp/suite-release-stage-6224b/jazz/InventoryItem/JAZZ_MagDrum_30_50.lua: Активный generated companion отсутствует в metadata.code.
ERROR [jazz] tmp/suite-release-stage-6224b/jazz/InventoryItem/JAZZ_MagDrum_30_75.lua: Активный generated companion отсутствует в metadata.code.
ERROR [jazz] tmp/suite-release-stage-6224b/jazz/InventoryItem/JAZZ_MagDrum_35_71.lua: Активный generated companion отсутствует в metadata.code.
ERROR [jazz] tmp/suite-release-stage-6224b/jazz/InventoryItem/JAZZ_MagLarge_10_20_SVD.lua: Активный generated companion отсутствует в metadata.code.
ERROR [jazz] tmp/suite-release-stage-6224b/jazz/InventoryItem/JAZZ_MagLarge_10_20_VAL.lua: Активный generated companion отсутствует в metadata.code.
ERROR [jazz] tmp/suite-release-stage-6224b/jazz/InventoryItem/JAZZ_MagLarge_10_20.lua: Активный generated companion отсутствует в metadata.code.
ERROR [jazz] tmp/suite-release-stage-6224b/jazz/InventoryItem/JAZZ_MagLarge_13_PISTOL_52.lua: Активный generated companion отсутствует в metadata.code.
ERROR [jazz] tmp/suite-release-stage-6224b/jazz/InventoryItem/JAZZ_MagLarge_13_PISTOL_DE.lua: Активный generated companion отсутствует в metadata.code.
ERROR [jazz] tmp/suite-release-stage-6224b/jazz/InventoryItem/JAZZ_MagLarge_13.lua: Активный generated companion отсутствует в metadata.code.
ERROR [jazz] tmp/suite-release-stage-6224b/jazz/InventoryItem/JAZZ_MagLarge_17_33.lua: Активный generated companion отсутствует в metadata.code.
ERROR [jazz] tmp/suite-release-stage-6224b/jazz/InventoryItem/JAZZ_MagLarge_18_20.lua: Активный generated companion отсутствует в metadata.code.
ERROR [jazz] tmp/suite-release-stage-6224b/jazz/InventoryItem/JAZZ_MagLarge_20_30_FAL.lua: Активный generated companion отсутствует в metadata.code.
ERROR [jazz] tmp/suite-release-stage-6224b/jazz/InventoryItem/JAZZ_MagLarge_20_30_MINI14.lua: Активный generated companion отсутствует в metadata.code.
ERROR [jazz] tmp/suite-release-stage-6224b/jazz/InventoryItem/JAZZ_MagLarge_20_30_UZI.lua: Активный generated companion отсутствует в metadata.code.
ERROR [jazz] tmp/suite-release-stage-6224b/jazz/InventoryItem/JAZZ_MagLarge_20_30.lua: Активный generated companion отсутствует в metadata.code.
ERROR [jazz] tmp/suite-release-stage-6224b/jazz/InventoryItem/JAZZ_MagLarge_25_40.lua: Активный generated companion отсутствует в metadata.code.
ERROR [jazz] tmp/suite-release-stage-6224b/jazz/InventoryItem/JAZZ_MagLarge_25_AA12.lua: Активный generated companion отсутствует в metadata.code.
ERROR [jazz] tmp/suite-release-stage-6224b/jazz/InventoryItem/JAZZ_MagLarge_25_PISTOL_9.lua: Активный generated companion отсутствует в metadata.code.
ERROR [jazz] tmp/suite-release-stage-6224b/jazz/InventoryItem/JAZZ_MagLarge_25_USAS.lua: Активный generated companion отсутствует в metadata.code.
ERROR [jazz] tmp/suite-release-stage-6224b/jazz/InventoryItem/JAZZ_MagLarge_25.lua: Активный generated companion отсутствует в metadata.code.
ERROR [jazz] tmp/suite-release-stage-6224b/jazz/InventoryItem/JAZZ_MagLarge_27.lua: Активный generated companion отсутствует в metadata.code.
ERROR [jazz] tmp/suite-release-stage-6224b/jazz/InventoryItem/JAZZ_MagLarge_28.lua: Активный generated companion отсутствует в metadata.code.
ERROR [jazz] tmp/suite-release-stage-6224b/jazz/InventoryItem/JAZZ_MagLarge_30_40.lua: Активный generated companion отсутствует в metadata.code.
ERROR [jazz] tmp/suite-release-stage-6224b/jazz/InventoryItem/JAZZ_MagLarge_30_42.lua: Активный generated companion отсутствует в metadata.code.
ERROR [jazz] tmp/suite-release-stage-6224b/jazz/InventoryItem/JAZZ_MagLarge_30_45.lua: Активный generated companion отсутствует в metadata.code.
ERROR [jazz] tmp/suite-release-stage-6224b/jazz/InventoryItem/JAZZ_MagLarge_5_10.lua: Активный generated companion отсутствует в metadata.code.
ERROR [jazz] tmp/suite-release-stage-6224b/jazz/InventoryItem/JAZZ_MagLarge_50_AR15.lua: Активный generated companion отсутствует в metadata.code.
ERROR [jazz] tmp/suite-release-stage-6224b/jazz/InventoryItem/JAZZ_MagLarge_50_MP5.lua: Активный generated companion отсутствует в metadata.code.
ERROR [jazz] tmp/suite-release-stage-6224b/jazz/InventoryItem/JAZZ_MagLarge_50_SIG.lua: Активный generated companion отсутствует в metadata.code.
ERROR [jazz] tmp/suite-release-stage-6224b/jazz/InventoryItem/JAZZ_MagLarge_50.lua: Активный generated companion отсутствует в metadata.code.
ERROR [jazz] tmp/suite-release-stage-6224b/jazz/InventoryItem/JAZZ_MagLarge_7_10.lua: Активный generated companion отсутствует в metadata.code.
ERROR [jazz] tmp/suite-release-stage-6224b/jazz/InventoryItem/JAZZ_MagLarge_8_10.lua: Активный generated companion отсутствует в metadata.code.
ERROR [jazz] tmp/suite-release-stage-6224b/jazz/InventoryItem/JAZZ_MagLarge_8_BARRET.lua: Активный generated companion отсутствует в metadata.code.
ERROR [jazz] tmp/suite-release-stage-6224b/jazz/InventoryItem/JAZZ_MagLarge_8_PISTOL_52.lua: Активный generated companion отсутствует в metadata.code.
ERROR [jazz] tmp/suite-release-stage-6224b/jazz/InventoryItem/JAZZ_MagLarge_8_PSG1.lua: Активный generated companion отсутствует в metadata.code.
ERROR [jazz] tmp/suite-release-stage-6224b/jazz/InventoryItem/JAZZ_MagLarge_8.lua: Активный generated companion отсутствует в metadata.code.
ERROR [jazz] tmp/suite-release-stage-6224b/jazz/InventoryItem/JAZZ_MagLargeFine.lua: Активный generated companion отсутствует в metadata.code.
ERROR [jazz] tmp/suite-release-stage-6224b/jazz/InventoryItem/JAZZ_MagNormalFine_AR15.lua: Активный generated companion отсутствует в metadata.code.
ERROR [jazz] tmp/suite-release-stage-6224b/jazz/InventoryItem/JAZZ_MagNormalFine_FAL.lua: Активный generated companion отсутствует в metadata.code.
ERROR [jazz] tmp/suite-release-stage-6224b/jazz/InventoryItem/JAZZ_MagNormalFine_M14.lua: Активный generated companion отсутствует в metadata.code.
ERROR [jazz] tmp/suite-release-stage-6224b/jazz/InventoryItem/JAZZ_MagNormalFine_PISTOL_9.lua: Активный generated companion отсутствует в metadata.code.
ERROR [jazz] tmp/suite-release-stage-6224b/jazz/InventoryItem/JAZZ_MagNormalFine_PSG1.lua: Активный generated companion отсутствует в metadata.code.
ERROR [jazz] tmp/suite-release-stage-6224b/jazz/InventoryItem/JAZZ_MagNormalFine.lua: Активный generated companion отсутствует в metadata.code.
ERROR [jazz] tmp/suite-release-stage-6224b/jazz/InventoryItem/JAZZ_MagNormalG18.lua: Активный generated companion отсутствует в metadata.code.
ERROR [jazz] tmp/suite-release-stage-6224b/jazz/InventoryItem/JAZZ_MagQuick_AK.lua: Активный generated companion отсутствует в metadata.code.
ERROR [jazz] tmp/suite-release-stage-6224b/jazz/InventoryItem/JAZZ_MagQuick_AR15.lua: Активный generated companion отсутствует в metadata.code.
ERROR [jazz] tmp/suite-release-stage-6224b/jazz/InventoryItem/JAZZ_MagQuick_AUG.lua: Активный generated companion отсутствует в metadata.code.
ERROR [jazz] tmp/suite-release-stage-6224b/jazz/InventoryItem/JAZZ_MagQuick_G36.lua: Активный generated companion отсутствует в metadata.code.
ERROR [jazz] tmp/suite-release-stage-6224b/jazz/InventoryItem/JAZZ_MagQuick_GALIL.lua: Активный generated companion отсутствует в metadata.code.
ERROR [jazz] tmp/suite-release-stage-6224b/jazz/InventoryItem/JAZZ_MagQuick_MP5.lua: Активный generated companion отсутствует в metadata.code.
ERROR [jazz] tmp/suite-release-stage-6224b/jazz/InventoryItem/JAZZ_MagQuick.lua: Активный generated companion отсутствует в metadata.code.
ERROR [jazz] tmp/suite-release-stage-6224b/jazz/InventoryItem/JAZZ_MagSmall20_10_G3.lua: Активный generated companion отсутствует в metadata.code.
ERROR [jazz] tmp/suite-release-stage-6224b/jazz/InventoryItem/JAZZ_MagSmall20_10_M14.lua: Активный generated companion отсутствует в metadata.code.
ERROR [jazz] tmp/suite-release-stage-6224b/jazz/InventoryItem/JAZZ_MagSmall20_10.lua: Активный generated companion отсутствует в metadata.code.
ERROR [jazz] tmp/suite-release-stage-6224b/jazz/InventoryItem/JAZZ_MagSmall30_15_M2CARBINE.lua: Активный generated companion отсутствует в metadata.code.
ERROR [jazz] tmp/suite-release-stage-6224b/jazz/InventoryItem/JAZZ_MagSmall30_15_MP5.lua: Активный generated companion отсутствует в metadata.code.
ERROR [jazz] tmp/suite-release-stage-6224b/jazz/InventoryItem/JAZZ_MagSmall30_15_TMP.lua: Активный generated companion отсутствует в metadata.code.
ERROR [jazz] tmp/suite-release-stage-6224b/jazz/InventoryItem/JAZZ_MagSmall30_15.lua: Активный generated companion отсутствует в metadata.code.
ERROR [jazz] tmp/suite-release-stage-6224b/jazz/InventoryItem/JAZZ_MagSmall30_20.lua: Активный generated companion отсутствует в metadata.code.
ERROR [jazz] tmp/suite-release-stage-6224b/jazz/InventoryItem/JAZZ_Morphine.lua: Активный generated companion отсутствует в metadata.code.
ERROR [jazz] tmp/suite-release-stage-6224b/jazz/InventoryItem/JAZZ_NightScope_M3.lua: Активный generated companion отсутствует в metadata.code.
ERROR [jazz] tmp/suite-release-stage-6224b/jazz/InventoryItem/JAZZ_NightScope_NSPU.lua: Активный generated companion отсутствует в metadata.code.
ERROR [jazz] tmp/suite-release-stage-6224b/jazz/InventoryItem/JAZZ_NightScope.lua: Активный generated companion отсутствует в metadata.code.
ERROR [jazz] tmp/suite-release-stage-6224b/jazz/InventoryItem/JAZZ_PistolSuppressor.lua: Активный generated companion отсутствует в metadata.code.
ERROR [jazz] tmp/suite-release-stage-6224b/jazz/InventoryItem/JAZZ_Reflex_Aimpoint5000.lua: Активный generated companion отсутствует в metadata.code.
ERROR [jazz] tmp/suite-release-stage-6224b/jazz/InventoryItem/JAZZ_Reflex_Closed.lua: Активный generated companion отсутствует в metadata.code.
ERROR [jazz] tmp/suite-release-stage-6224b/jazz/InventoryItem/JAZZ_Reflex_Cobra.lua: Активный generated companion отсутствует в metadata.code.
ERROR [jazz] tmp/suite-release-stage-6224b/jazz/InventoryItem/JAZZ_Reflex_Eotech.lua: Активный generated companion отсутствует в metadata.code.
ERROR [jazz] tmp/suite-release-stage-6224b/jazz/InventoryItem/JAZZ_Reflex_Garand.lua: Активный generated companion отсутствует в metadata.code.
ERROR [jazz] tmp/suite-release-stage-6224b/jazz/InventoryItem/JAZZ_Reflex_M68.lua: Активный generated companion отсутствует в metadata.code.
ERROR [jazz] tmp/suite-release-stage-6224b/jazz/InventoryItem/JAZZ_Reflex_Open.lua: Активный generated companion отсутствует в metadata.code.
ERROR [jazz] tmp/suite-release-stage-6224b/jazz/InventoryItem/JAZZ_Reflex_Pistol.lua: Активный generated companion отсутствует в metadata.code.
ERROR [jazz] tmp/suite-release-stage-6224b/jazz/InventoryItem/JAZZ_Reflex_PKAS.lua: Активный generated companion отсутствует в metadata.code.
ERROR [jazz] tmp/suite-release-stage-6224b/jazz/InventoryItem/JAZZ_RemovableAttachment.lua: Активный generated companion отсутствует в metadata.code.
ERROR [jazz] tmp/suite-release-stage-6224b/jazz/InventoryItem/JAZZ_Scope_12x.lua: Активный generated companion отсутствует в metadata.code.
ERROR [jazz] tmp/suite-release-stage-6224b/jazz/InventoryItem/JAZZ_Scope_3x_9x.lua: Активный generated companion отсутствует в metadata.code.
ERROR [jazz] tmp/suite-release-stage-6224b/jazz/InventoryItem/JAZZ_Scope_6x.lua: Активный generated companion отсутствует в metadata.code.
ERROR [jazz] tmp/suite-release-stage-6224b/jazz/InventoryItem/JAZZ_Scope_8x_SCROME.lua: Активный generated companion отсутствует в metadata.code.
ERROR [jazz] tmp/suite-release-stage-6224b/jazz/InventoryItem/JAZZ_Scope_DA15_6x.lua: Активный generated companion отсутствует в metadata.code.
ERROR [jazz] tmp/suite-release-stage-6224b/jazz/InventoryItem/JAZZ_Scope_Garand.lua: Активный generated companion отсутствует в metadata.code.
ERROR [jazz] tmp/suite-release-stage-6224b/jazz/InventoryItem/JAZZ_Scope_PSG.lua: Активный generated companion отсутствует в metadata.code.
ERROR [jazz] tmp/suite-release-stage-6224b/jazz/InventoryItem/JAZZ_Scope_PSO.lua: Активный generated companion отсутствует в metadata.code.
ERROR [jazz] tmp/suite-release-stage-6224b/jazz/InventoryItem/JAZZ_Scope_PU.lua: Активный generated companion отсутствует в metadata.code.
ERROR [jazz] tmp/suite-release-stage-6224b/jazz/InventoryItem/JAZZ_Scope_Scout.lua: Активный generated companion отсутствует в metadata.code.
ERROR [jazz] tmp/suite-release-stage-6224b/jazz/InventoryItem/JAZZ_Scope_Springfield.lua: Активный generated companion отсутствует в metadata.code.
ERROR [jazz] tmp/suite-release-stage-6224b/jazz/InventoryItem/JAZZ_Scope_ZF4.lua: Активный generated companion отсутствует в metadata.code.
ERROR [jazz] tmp/suite-release-stage-6224b/jazz/InventoryItem/JAZZ_Scope_ZRAK.lua: Активный generated companion отсутствует в metadata.code.
ERROR [jazz] tmp/suite-release-stage-6224b/jazz/InventoryItem/JAZZ_ScopeParts.lua: Активный generated companion отсутствует в metadata.code.
ERROR [jazz] tmp/suite-release-stage-6224b/jazz/InventoryItem/JAZZ_Suppressor.lua: Активный generated companion отсутствует в metadata.code.
ERROR [jazz] tmp/suite-release-stage-6224b/jazz/InventoryItem/JAZZ_SuppressorImproved.lua: Активный generated companion отсутствует в metadata.code.
ERROR [jazz] tmp/suite-release-stage-6224b/jazz/InventoryItem/JAZZ_SuppressorIntegrated.lua: Активный generated companion отсутствует в metadata.code.
ERROR [jazz] tmp/suite-release-stage-6224b/jazz/InventoryItem/JAZZ_SurgicalKit.lua: Активный generated companion отсутствует в metadata.code.
ERROR [jazz] tmp/suite-release-stage-6224b/jazz/InventoryItem/JAZZ_TacGrip_M14.lua: Активный generated companion отсутствует в metadata.code.
ERROR [jazz] tmp/suite-release-stage-6224b/jazz/InventoryItem/JAZZ_TacGrip.lua: Активный generated companion отсутствует в metadata.code.
ERROR [jazz] tmp/suite-release-stage-6224b/jazz/InventoryItem/JAZZ_Type56Bayo.lua: Активный generated companion отсутствует в metadata.code.
ERROR [jazz] tmp/suite-release-stage-6224b/jazz/InventoryItem/JAZZ_Type56BayoF.lua: Активный generated companion отсутствует в metadata.code.
ERROR [jazz] tmp/suite-release-stage-6224b/jazz/InventoryItem/JAZZ_UVDot_aa12.lua: Активный generated companion отсутствует в metadata.code.
ERROR [jazz] tmp/suite-release-stage-6224b/jazz/InventoryItem/JAZZ_UVDot_Anaconda.lua: Активный generated companion отсутствует в metadata.code.
ERROR [jazz] tmp/suite-release-stage-6224b/jazz/InventoryItem/JAZZ_UVDot_PSG_M1.lua: Активный generated companion отсутствует в metadata.code.
ERROR [jazz] tmp/suite-release-stage-6224b/jazz/InventoryItem/JAZZ_UVDot.lua: Активный generated companion отсутствует в metadata.code.
ERROR [jazz] tmp/suite-release-stage-6224b/jazz/InventoryItem/JAZZ_VerticalGrip_Commando.lua: Активный generated companion отсутствует в metadata.code.
ERROR [jazz] tmp/suite-release-stage-6224b/jazz/InventoryItem/JAZZ_VerticalGrip_M14.lua: Активный generated companion отсутствует в metadata.code.
ERROR [jazz] tmp/suite-release-stage-6224b/jazz/InventoryItem/JAZZ_VerticalGrip.lua: Активный generated companion отсутствует в metadata.code.
ERROR [jazz] tmp/suite-release-stage-6224b/jazz/InventoryItem/JazzArmor_6B13.lua: Активный generated companion отсутствует в metadata.code.
ERROR [jazz] tmp/suite-release-stage-6224b/jazz/InventoryItem/JazzArmor_6B3.lua: Активный generated companion отсутствует в metadata.code.
ERROR [jazz] tmp/suite-release-stage-6224b/jazz/InventoryItem/JazzArmor_6b7Helm.lua: Активный generated companion отсутствует в metadata.code.
ERROR [jazz] tmp/suite-release-stage-6224b/jazz/InventoryItem/JazzArmor_AdrianHelmet.lua: Активный generated companion отсутствует в metadata.code.
ERROR [jazz] tmp/suite-release-stage-6224b/jazz/InventoryItem/JazzArmor_AltynHelm.lua: Активный generated companion отсутствует в metadata.code.
ERROR [jazz] tmp/suite-release-stage-6224b/jazz/InventoryItem/JazzArmor_AssaultCuirass.lua: Активный generated companion отсутствует в metadata.code.
ERROR [jazz] tmp/suite-release-stage-6224b/jazz/InventoryItem/JazzArmor_BallisticMask.lua: Активный generated companion отсутствует в metadata.code.
ERROR [jazz] tmp/suite-release-stage-6224b/jazz/InventoryItem/JazzArmor_CamoBalaclava.lua: Активный generated companion отсутствует в metadata.code.
ERROR [jazz] tmp/suite-release-stage-6224b/jazz/InventoryItem/JazzArmor_CamoKneePads.lua: Активный generated companion отсутствует в metadata.code.
ERROR [jazz] tmp/suite-release-stage-6224b/jazz/InventoryItem/JazzArmor_Chainmail.lua: Активный generated companion отсутствует в metadata.code.
ERROR [jazz] tmp/suite-release-stage-6224b/jazz/InventoryItem/JazzArmor_ConstructionHelmet.lua: Активный generated companion отсутствует в metadata.code.
ERROR [jazz] tmp/suite-release-stage-6224b/jazz/InventoryItem/JazzArmor_EOD.lua: Активный generated companion отсутствует в metadata.code.
ERROR [jazz] tmp/suite-release-stage-6224b/jazz/InventoryItem/JazzArmor_ESS.lua: Активный generated companion отсутствует в metadata.code.
ERROR [jazz] tmp/suite-release-stage-6224b/jazz/InventoryItem/JazzArmor_FlakM1955.lua: Активный generated companion отсутствует в metadata.code.
ERROR [jazz] tmp/suite-release-stage-6224b/jazz/InventoryItem/JazzArmor_FlakM69.lua: Активный generated companion отсутствует в metadata.code.
ERROR [jazz] tmp/suite-release-stage-6224b/jazz/InventoryItem/JazzArmor_GuardianFull.lua: Активный generated companion отсутствует в metadata.code.
ERROR [jazz] tmp/suite-release-stage-6224b/jazz/InventoryItem/JazzArmor_GuardianHeavyLegs.lua: Активный generated companion отсутствует в metadata.code.
ERROR [jazz] tmp/suite-release-stage-6224b/jazz/InventoryItem/JazzArmor_GuardianHelm.lua: Активный generated companion отсутствует в metadata.code.
ERROR [jazz] tmp/suite-release-stage-6224b/jazz/InventoryItem/JazzArmor_GuardianHelmHeavy.lua: Активный generated companion отсутствует в metadata.code.
ERROR [jazz] tmp/suite-release-stage-6224b/jazz/InventoryItem/JazzArmor_GuardianLegs.lua: Активный generated companion отсутствует в metadata.code.
ERROR [jazz] tmp/suite-release-stage-6224b/jazz/InventoryItem/JazzArmor_GuardianLight.lua: Активный generated companion отсутствует в metadata.code.
ERROR [jazz] tmp/suite-release-stage-6224b/jazz/InventoryItem/JazzArmor_GuardianMedium.lua: Активный generated companion отсутствует в metadata.code.
ERROR [jazz] tmp/suite-release-stage-6224b/jazz/InventoryItem/JazzArmor_IBA.lua: Активный generated companion отсутствует в metadata.code.
ERROR [jazz] tmp/suite-release-stage-6224b/jazz/InventoryItem/JazzArmor_IBAFull.lua: Активный generated companion отсутствует в metadata.code.
ERROR [jazz] tmp/suite-release-stage-6224b/jazz/InventoryItem/JazzArmor_IBALight.lua: Активный generated companion отсутствует в metadata.code.
ERROR [jazz] tmp/suite-release-stage-6224b/jazz/InventoryItem/JazzArmor_ImprovisedCuirass.lua: Активный generated companion отсутствует в metadata.code.
ERROR [jazz] tmp/suite-release-stage-6224b/jazz/InventoryItem/JazzArmor_LeatherArmor.lua: Активный generated companion отсутствует в metadata.code.
ERROR [jazz] tmp/suite-release-stage-6224b/jazz/InventoryItem/JazzArmor_LeatherJacketBlk.lua: Активный generated companion отсутствует в metadata.code.
ERROR [jazz] tmp/suite-release-stage-6224b/jazz/InventoryItem/JazzArmor_LeatherJacketBrn.lua: Активный generated companion отсутствует в metadata.code.
ERROR [jazz] tmp/suite-release-stage-6224b/jazz/InventoryItem/JazzArmor_LeatherPants.lua: Активный generated companion отсутствует в metadata.code.
ERROR [jazz] tmp/suite-release-stage-6224b/jazz/InventoryItem/JazzArmor_LeatherVest.lua: Активный generated companion отсутствует в metadata.code.
ERROR [jazz] tmp/suite-release-stage-6224b/jazz/InventoryItem/JazzArmor_M1Helm.lua: Активный generated companion отсутствует в metadata.code.
ERROR [jazz] tmp/suite-release-stage-6224b/jazz/InventoryItem/JazzArmor_MetalHelm.lua: Активный generated companion отсутствует в metadata.code.
ERROR [jazz] tmp/suite-release-stage-6224b/jazz/InventoryItem/JazzArmor_Mich2000.lua: Активный generated companion отсутствует в metadata.code.
ERROR [jazz] tmp/suite-release-stage-6224b/jazz/InventoryItem/JazzArmor_Mich2001.lua: Активный generated companion отсутствует в metadata.code.
ERROR [jazz] tmp/suite-release-stage-6224b/jazz/InventoryItem/JazzArmor_MotoKneePads.lua: Активный generated companion отсутствует в metadata.code.
ERROR [jazz] tmp/suite-release-stage-6224b/jazz/InventoryItem/JazzArmor_NVG1.lua: Активный generated companion отсутствует в metadata.code.
ERROR [jazz] tmp/suite-release-stage-6224b/jazz/InventoryItem/JazzArmor_NVG2.lua: Активный generated companion отсутствует в metadata.code.
ERROR [jazz] tmp/suite-release-stage-6224b/jazz/InventoryItem/JazzArmor_NVG3.lua: Активный generated companion отсутствует в metadata.code.
ERROR [jazz] tmp/suite-release-stage-6224b/jazz/InventoryItem/JazzArmor_PASGT.lua: Активный generated companion отсутствует в metadata.code.
ERROR [jazz] tmp/suite-release-stage-6224b/jazz/InventoryItem/JazzArmor_PASGTHelm.lua: Активный generated companion отсутствует в metadata.code.
ERROR [jazz] tmp/suite-release-stage-6224b/jazz/InventoryItem/JazzArmor_PoliceVest.lua: Активный generated companion отсутствует в metadata.code.
ERROR [jazz] tmp/suite-release-stage-6224b/jazz/InventoryItem/JazzArmor_ProTecHelm.lua: Активный generated companion отсутствует в metadata.code.
ERROR [jazz] tmp/suite-release-stage-6224b/jazz/InventoryItem/JazzArmor_RaiderKneePads.lua: Активный generated companion отсутствует в metadata.code.
ERROR [jazz] tmp/suite-release-stage-6224b/jazz/InventoryItem/JazzArmor_RaiderMetalLeggins.lua: Активный generated companion отсутствует в metadata.code.
ERROR [jazz] tmp/suite-release-stage-6224b/jazz/InventoryItem/JazzArmor_RBA.lua: Активный generated companion отсутствует в metadata.code.
ERROR [jazz] tmp/suite-release-stage-6224b/jazz/InventoryItem/JazzArmor_SovietAssaultArmor.lua: Активный generated companion отсутствует в metadata.code.
ERROR [jazz] tmp/suite-release-stage-6224b/jazz/InventoryItem/JazzArmor_SovietHelm.lua: Активный generated companion отсутствует в metadata.code.
ERROR [jazz] tmp/suite-release-stage-6224b/jazz/InventoryItem/JazzArmor_Spectra.lua: Активный generated companion отсутствует в metadata.code.
ERROR [jazz] tmp/suite-release-stage-6224b/jazz/InventoryItem/JazzArmor_SpectraCompositum.lua: Активный generated companion отсутствует в metadata.code.
ERROR [jazz] tmp/suite-release-stage-6224b/jazz/InventoryItem/JazzArmor_SpectraFull.lua: Активный generated companion отсутствует в metadata.code.
ERROR [jazz] tmp/suite-release-stage-6224b/jazz/InventoryItem/JazzArmor_SpectraFullCompositum.lua: Активный generated companion отсутствует в metadata.code.
ERROR [jazz] tmp/suite-release-stage-6224b/jazz/InventoryItem/JazzArmor_SpectraHelm.lua: Активный generated companion отсутствует в metadata.code.
ERROR [jazz] tmp/suite-release-stage-6224b/jazz/InventoryItem/JazzArmor_SpectraLegs.lua: Активный generated companion отсутствует в metadata.code.
ERROR [jazz] tmp/suite-release-stage-6224b/jazz/InventoryItem/JazzArmor_Stahlhelm.lua: Активный generated companion отсутствует в metadata.code.
ERROR [jazz] tmp/suite-release-stage-6224b/jazz/InventoryItem/JazzArmor_STSHHelm.lua: Активный generated companion отсутствует в metadata.code.
ERROR [jazz] tmp/suite-release-stage-6224b/jazz/InventoryItem/JazzArmor_Sunglasses.lua: Активный generated companion отсутствует в metadata.code.
ERROR [jazz] tmp/suite-release-stage-6224b/jazz/InventoryItem/JazzArmor_SWAT.lua: Активный generated companion отсутствует в metadata.code.
ERROR [jazz] tmp/suite-release-stage-6224b/jazz/InventoryItem/JazzArmor_SwatPads.lua: Активный generated companion отсутствует в metadata.code.
ERROR [jazz] tmp/suite-release-stage-6224b/jazz/InventoryItem/JazzArmor_TireArmor.lua: Активный generated companion отсутствует в metadata.code.
ERROR [jazz] tmp/suite-release-stage-6224b/jazz/InventoryItem/JazzArmor_TireBrigantine.lua: Активный generated companion отсутствует в metadata.code.
ERROR [jazz] tmp/suite-release-stage-6224b/jazz/InventoryItem/JazzArmor_TwaronFull.lua: Активный generated companion отсутствует в metadata.code.
ERROR [jazz] tmp/suite-release-stage-6224b/jazz/InventoryItem/JazzArmor_TwaronHeavyLegs.lua: Активный generated companion отсутствует в metadata.code.
ERROR [jazz] tmp/suite-release-stage-6224b/jazz/InventoryItem/JazzArmor_TwaronHelm.lua: Активный generated companion отсутствует в metadata.code.
ERROR [jazz] tmp/suite-release-stage-6224b/jazz/InventoryItem/JazzArmor_TwaronHelmHeavy.lua: Активный generated companion отсутствует в metadata.code.
ERROR [jazz] tmp/suite-release-stage-6224b/jazz/InventoryItem/JazzArmor_TwaronLegs.lua: Активный generated companion отсутствует в metadata.code.
ERROR [jazz] tmp/suite-release-stage-6224b/jazz/InventoryItem/JazzArmor_TwaronLight.lua: Активный generated companion отсутствует в metadata.code.
ERROR [jazz] tmp/suite-release-stage-6224b/jazz/InventoryItem/JazzArmor_TwaronMedium.lua: Активный generated companion отсутствует в metadata.code.
ERROR [jazz] tmp/suite-release-stage-6224b/jazz/InventoryItem/JazzArmor_UHMWPE.lua: Активный generated companion отсутствует в metadata.code.
ERROR [jazz] tmp/suite-release-stage-6224b/jazz/InventoryItem/JazzArmor_UHMWPEFull.lua: Активный generated companion отсутствует в metadata.code.
ERROR [jazz] tmp/suite-release-stage-6224b/jazz/InventoryItem/JazzArmor_UHMWPEHelm.lua: Активный generated companion отсутствует в metadata.code.
ERROR [jazz] tmp/suite-release-stage-6224b/jazz/InventoryItem/JazzArmor_UHMWPELegs.lua: Активный generated companion отсутствует в metadata.code.
ERROR [jazz] tmp/suite-release-stage-6224b/jazz/InventoryItem/JazzArmor_Uniform.lua: Активный generated companion отсутствует в metadata.code.
ERROR [jazz] tmp/suite-release-stage-6224b/jazz/InventoryItem/JazzArmor_UniformCap.lua: Активный generated companion отсутствует в metadata.code.
ERROR [jazz] tmp/suite-release-stage-6224b/jazz/InventoryItem/JazzArmor_UniformPants.lua: Активный generated companion отсутствует в metadata.code.
ERROR [jazz] tmp/suite-release-stage-6224b/jazz/InventoryItem/JazzArmor_WieldingHelm.lua: Активный generated companion отсутствует в metadata.code.
ERROR [jazz] tmp/suite-release-stage-6224b/jazz/InventoryItem/JazzArmor_ZylonFull.lua: Активный generated companion отсутствует в metadata.code.
ERROR [jazz] tmp/suite-release-stage-6224b/jazz/InventoryItem/JazzArmor_ZylonHeavyLegs.lua: Активный generated companion отсутствует в metadata.code.
ERROR [jazz] tmp/suite-release-stage-6224b/jazz/InventoryItem/JazzArmor_ZylonHelm.lua: Активный generated companion отсутствует в metadata.code.
ERROR [jazz] tmp/suite-release-stage-6224b/jazz/InventoryItem/JazzArmor_ZylonHelmHeavy.lua: Активный generated companion отсутствует в metadata.code.
ERROR [jazz] tmp/suite-release-stage-6224b/jazz/InventoryItem/JazzArmor_ZylonLegs.lua: Активный generated companion отсутствует в metadata.code.
ERROR [jazz] tmp/suite-release-stage-6224b/jazz/InventoryItem/JazzArmor_ZylonLight.lua: Активный generated companion отсутствует в metadata.code.
ERROR [jazz] tmp/suite-release-stage-6224b/jazz/InventoryItem/JazzArmor_ZylonMedium.lua: Активный generated companion отсутствует в metadata.code.
ERROR [jazz] tmp/suite-release-stage-6224b/jazz/InventoryItem/JazzArmorPlates_Ceramics3.lua: Активный generated companion отсутствует в metadata.code.
ERROR [jazz] tmp/suite-release-stage-6224b/jazz/InventoryItem/JazzArmorPlates_Ceramics4.lua: Активный generated companion отсутствует в metadata.code.
ERROR [jazz] tmp/suite-release-stage-6224b/jazz/InventoryItem/JazzArmorPlates_Ceramics5.lua: Активный generated companion отсутствует в metadata.code.
ERROR [jazz] tmp/suite-release-stage-6224b/jazz/InventoryItem/JazzArmorPlates_Kevlar.lua: Активный generated companion отсутствует в metadata.code.
ERROR [jazz] tmp/suite-release-stage-6224b/jazz/InventoryItem/JazzArmorPlates_Scrap.lua: Активный generated companion отсутствует в metadata.code.
ERROR [jazz] tmp/suite-release-stage-6224b/jazz/InventoryItem/JazzArmorPlates_Steel3.lua: Активный generated companion отсутствует в metadata.code.
ERROR [jazz] tmp/suite-release-stage-6224b/jazz/InventoryItem/JazzArmorPlates_Steel4.lua: Активный generated companion отсутствует в metadata.code.
ERROR [jazz] tmp/suite-release-stage-6224b/jazz/InventoryItem/JazzArmorPlates_Steel5.lua: Активный generated companion отсутствует в metadata.code.
ERROR [jazz] tmp/suite-release-stage-6224b/jazz/InventoryItem/JazzArmorPlates_Titan3.lua: Активный generated companion отсутствует в metadata.code.
ERROR [jazz] tmp/suite-release-stage-6224b/jazz/InventoryItem/JazzArmorPlates_Titan4.lua: Активный generated companion отсутствует в metadata.code.
ERROR [jazz] tmp/suite-release-stage-6224b/jazz/InventoryItem/JazzArmorPlates_Titan5.lua: Активный generated companion отсутствует в metadata.code.
ERROR [jazz] tmp/suite-release-stage-6224b/jazz/InventoryItem/JazzArmorPlates_Twaron.lua: Активный generated companion отсутствует в metadata.code.
ERROR [jazz] tmp/suite-release-stage-6224b/jazz/InventoryItem/KevlarChestplate_CeramicPlates.lua: Активный generated companion отсутствует в metadata.code.
ERROR [jazz] tmp/suite-release-stage-6224b/jazz/InventoryItem/KevlarChestplate_Kompositum.lua: Активный generated companion отсутствует в metadata.code.
ERROR [jazz] tmp/suite-release-stage-6224b/jazz/InventoryItem/KevlarChestplate_WeavePadding.lua: Активный generated companion отсутствует в metadata.code.
ERROR [jazz] tmp/suite-release-stage-6224b/jazz/InventoryItem/KevlarChestplate.lua: Активный generated companion отсутствует в metadata.code.
ERROR [jazz] tmp/suite-release-stage-6224b/jazz/InventoryItem/KevlarHelmet_Kompositum.lua: Активный generated companion отсутствует в metadata.code.
ERROR [jazz] tmp/suite-release-stage-6224b/jazz/InventoryItem/KevlarHelmet_WeavePadding.lua: Активный generated companion отсутствует в metadata.code.
ERROR [jazz] tmp/suite-release-stage-6224b/jazz/InventoryItem/KevlarHelmet.lua: Активный generated companion отсутствует в metadata.code.
ERROR [jazz] tmp/suite-release-stage-6224b/jazz/InventoryItem/KevlarLeggings_Kompositum.lua: Активный generated companion отсутствует в metadata.code.
ERROR [jazz] tmp/suite-release-stage-6224b/jazz/InventoryItem/KevlarLeggings_WeavePadding.lua: Активный generated companion отсутствует в metadata.code.
ERROR [jazz] tmp/suite-release-stage-6224b/jazz/InventoryItem/KevlarLeggings.lua: Активный generated companion отсутствует в metadata.code.
ERROR [jazz] tmp/suite-release-stage-6224b/jazz/InventoryItem/KevlarVest_CeramicPlates.lua: Активный generated companion отсутствует в metadata.code.
ERROR [jazz] tmp/suite-release-stage-6224b/jazz/InventoryItem/KevlarVest_Kompositum.lua: Активный generated companion отсутствует в metadata.code.
ERROR [jazz] tmp/suite-release-stage-6224b/jazz/InventoryItem/KevlarVest_WeavePadding.lua: Активный generated companion отсутствует в metadata.code.
ERROR [jazz] tmp/suite-release-stage-6224b/jazz/InventoryItem/KevlarVest.lua: Активный generated companion отсутствует в metadata.code.
ERROR [jazz] tmp/suite-release-stage-6224b/jazz/InventoryItem/Kimber.lua: Активный generated companion отсутствует в metadata.code.
ERROR [jazz] tmp/suite-release-stage-6224b/jazz/InventoryItem/Knife_Balanced.lua: Активный generated companion отсутствует в metadata.code.
ERROR [jazz] tmp/suite-release-stage-6224b/jazz/InventoryItem/Knife_Sharpened.lua: Активный generated companion отсутствует в metadata.code.
ERROR [jazz] tmp/suite-release-stage-6224b/jazz/InventoryItem/Knife.lua: Активный generated companion отсутствует в metadata.code.
ERROR [jazz] tmp/suite-release-stage-6224b/jazz/InventoryItem/Korth.lua: Активный generated companion отсутствует в metadata.code.
ERROR [jazz] tmp/suite-release-stage-6224b/jazz/InventoryItem/L42A1.lua: Активный generated companion отсутствует в metadata.code.
ERROR [jazz] tmp/suite-release-stage-6224b/jazz/InventoryItem/LightHelmet_Kompositum.lua: Активный generated companion отсутствует в metadata.code.
ERROR [jazz] tmp/suite-release-stage-6224b/jazz/InventoryItem/LightHelmet_WeavePadding.lua: Активный generated companion отсутствует в metadata.code.
ERROR [jazz] tmp/suite-release-stage-6224b/jazz/InventoryItem/LightHelmet.lua: Активный generated companion отсутствует в metadata.code.
ERROR [jazz] tmp/suite-release-stage-6224b/jazz/InventoryItem/LionRoar.lua: Активный generated companion отсутствует в metadata.code.
ERROR [jazz] tmp/suite-release-stage-6224b/jazz/InventoryItem/Lockpick.lua: Активный generated companion отсутствует в metadata.code.
ERROR [jazz] tmp/suite-release-stage-6224b/jazz/InventoryItem/Luger.lua: Активный generated companion отсутствует в metadata.code.
ERROR [jazz] tmp/suite-release-stage-6224b/jazz/InventoryItem/M14SAW.lua: Активный generated companion отсутствует в metadata.code.
ERROR [jazz] tmp/suite-release-stage-6224b/jazz/InventoryItem/M16A1.lua: Активный generated companion отсутствует в metadata.code.
ERROR [jazz] tmp/suite-release-stage-6224b/jazz/InventoryItem/M16A2.lua: Активный generated companion отсутствует в metadata.code.
ERROR [jazz] tmp/suite-release-stage-6224b/jazz/InventoryItem/M16A4.lua: Активный generated companion отсутствует в metadata.code.
ERROR [jazz] tmp/suite-release-stage-6224b/jazz/InventoryItem/M1897.lua: Активный generated companion отсутствует в metadata.code.
ERROR [jazz] tmp/suite-release-stage-6224b/jazz/InventoryItem/M1A.lua: Активный generated companion отсутствует в metadata.code.
ERROR [jazz] tmp/suite-release-stage-6224b/jazz/InventoryItem/M1Garand.lua: Активный generated companion отсутствует в metadata.code.
ERROR [jazz] tmp/suite-release-stage-6224b/jazz/InventoryItem/M21.lua: Активный generated companion отсутствует в metadata.code.
ERROR [jazz] tmp/suite-release-stage-6224b/jazz/InventoryItem/M24Sniper.lua: Активный generated companion отсутствует в metadata.code.
ERROR [jazz] tmp/suite-release-stage-6224b/jazz/InventoryItem/M2Carbine.lua: Активный generated companion отсутствует в metadata.code.
ERROR [jazz] tmp/suite-release-stage-6224b/jazz/InventoryItem/M3GreaseGun.lua: Активный generated companion отсутствует в metadata.code.
ERROR [jazz] tmp/suite-release-stage-6224b/jazz/InventoryItem/M41Shotgun.lua: Активный generated companion отсутствует в metadata.code.
ERROR [jazz] tmp/suite-release-stage-6224b/jazz/InventoryItem/M45.lua: Активный generated companion отсутствует в metadata.code.
ERROR [jazz] tmp/suite-release-stage-6224b/jazz/InventoryItem/M4A1.lua: Активный generated companion отсутствует в metadata.code.
ERROR [jazz] tmp/suite-release-stage-6224b/jazz/InventoryItem/M4Commando.lua: Активный generated companion отсутствует в metadata.code.
ERROR [jazz] tmp/suite-release-stage-6224b/jazz/InventoryItem/M60.lua: Активный generated companion отсутствует в metadata.code.
ERROR [jazz] tmp/suite-release-stage-6224b/jazz/InventoryItem/M60E3.lua: Активный generated companion отсутствует в metadata.code.
ERROR [jazz] tmp/suite-release-stage-6224b/jazz/InventoryItem/M60E4.lua: Активный generated companion отсутствует в metadata.code.
ERROR [jazz] tmp/suite-release-stage-6224b/jazz/InventoryItem/M700.lua: Активный generated companion отсутствует в metadata.code.
ERROR [jazz] tmp/suite-release-stage-6224b/jazz/InventoryItem/M72LAW.lua: Активный generated companion отсутствует в metadata.code.
ERROR [jazz] tmp/suite-release-stage-6224b/jazz/InventoryItem/M79.lua: Активный generated companion отсутствует в metadata.code.
ERROR [jazz] tmp/suite-release-stage-6224b/jazz/InventoryItem/MAC10.lua: Активный generated companion отсутствует в metadata.code.
ERROR [jazz] tmp/suite-release-stage-6224b/jazz/InventoryItem/MAC1950.lua: Активный generated companion отсутствует в metadata.code.
ERROR [jazz] tmp/suite-release-stage-6224b/jazz/InventoryItem/MAC2429.lua: Активный generated companion отсутствует в metadata.code.
ERROR [jazz] tmp/suite-release-stage-6224b/jazz/InventoryItem/Machete_Balanced.lua: Активный generated companion отсутствует в metadata.code.
ERROR [jazz] tmp/suite-release-stage-6224b/jazz/InventoryItem/Machete_Sharpened.lua: Активный generated companion отсутствует в metadata.code.
ERROR [jazz] tmp/suite-release-stage-6224b/jazz/InventoryItem/Machete.lua: Активный generated companion отсутствует в metadata.code.
ERROR [jazz] tmp/suite-release-stage-6224b/jazz/InventoryItem/Makarov.lua: Активный generated companion отсутствует в metadata.code.
ERROR [jazz] tmp/suite-release-stage-6224b/jazz/InventoryItem/MAS36.lua: Активный generated companion отсутствует в metadata.code.
ERROR [jazz] tmp/suite-release-stage-6224b/jazz/InventoryItem/MAS49.lua: Активный generated companion отсутствует в metadata.code.
ERROR [jazz] tmp/suite-release-stage-6224b/jazz/InventoryItem/MAT49.lua: Активный generated companion отсутствует в metadata.code.
ERROR [jazz] tmp/suite-release-stage-6224b/jazz/InventoryItem/MedicalReport.lua: Активный generated companion отсутствует в metadata.code.
ERROR [jazz] tmp/suite-release-stage-6224b/jazz/InventoryItem/Medkit.lua: Активный generated companion отсутствует в metadata.code.
ERROR [jazz] tmp/suite-release-stage-6224b/jazz/InventoryItem/Meds.lua: Активный generated companion отсутствует в metadata.code.
ERROR [jazz] tmp/suite-release-stage-6224b/jazz/InventoryItem/MetaviraShot.lua: Активный generated companion отсутствует в metadata.code.
ERROR [jazz] tmp/suite-release-stage-6224b/jazz/InventoryItem/MG42.lua: Активный generated companion отсутствует в metadata.code.
ERROR [jazz] tmp/suite-release-stage-6224b/jazz/InventoryItem/MG58.lua: Активный generated companion отсутствует в metadata.code.
ERROR [jazz] tmp/suite-release-stage-6224b/jazz/InventoryItem/MGL.lua: Активный generated companion отсутствует в metadata.code.
ERROR [jazz] tmp/suite-release-stage-6224b/jazz/InventoryItem/Microchip.lua: Активный generated companion отсутствует в metadata.code.
ERROR [jazz] tmp/suite-release-stage-6224b/jazz/InventoryItem/MicroUZI.lua: Активный generated companion отсутствует в metadata.code.
ERROR [jazz] tmp/suite-release-stage-6224b/jazz/InventoryItem/Mini14.lua: Активный generated companion отсутствует в metadata.code.
ERROR [jazz] tmp/suite-release-stage-6224b/jazz/InventoryItem/Molotov.lua: Активный generated companion отсутствует в metadata.code.
ERROR [jazz] tmp/suite-release-stage-6224b/jazz/InventoryItem/MortarInventoryItem.lua: Активный generated companion отсутствует в metadata.code.
ERROR [jazz] tmp/suite-release-stage-6224b/jazz/InventoryItem/MortarShell_Gas.lua: Активный generated companion отсутствует в metadata.code.
ERROR [jazz] tmp/suite-release-stage-6224b/jazz/InventoryItem/MortarShell_HE.lua: Активный generated companion отсутствует в metadata.code.
ERROR [jazz] tmp/suite-release-stage-6224b/jazz/InventoryItem/MortarShell_Smoke.lua: Активный generated companion отсутствует в metadata.code.
ERROR [jazz] tmp/suite-release-stage-6224b/jazz/InventoryItem/Mosin.lua: Активный generated companion отсутствует в metadata.code.
ERROR [jazz] tmp/suite-release-stage-6224b/jazz/InventoryItem/MP40.lua: Активный generated companion отсутствует в metadata.code.
ERROR [jazz] tmp/suite-release-stage-6224b/jazz/InventoryItem/MP446VIKING.lua: Активный generated companion отсутствует в metadata.code.
ERROR [jazz] tmp/suite-release-stage-6224b/jazz/InventoryItem/MP5.lua: Активный generated companion отсутствует в metadata.code.
ERROR [jazz] tmp/suite-release-stage-6224b/jazz/InventoryItem/MP5A2.lua: Активный generated companion отсутствует в metadata.code.
ERROR [jazz] tmp/suite-release-stage-6224b/jazz/InventoryItem/MP5A4.lua: Активный generated companion отсутствует в metadata.code.
ERROR [jazz] tmp/suite-release-stage-6224b/jazz/InventoryItem/MP5K.lua: Активный generated companion отсутствует в metadata.code.
ERROR [jazz] tmp/suite-release-stage-6224b/jazz/InventoryItem/MP5SD.lua: Активный generated companion отсутствует в metadata.code.
ERROR [jazz] tmp/suite-release-stage-6224b/jazz/InventoryItem/MP7.lua: Активный generated companion отсутствует в metadata.code.
ERROR [jazz] tmp/suite-release-stage-6224b/jazz/InventoryItem/MPL.lua: Активный generated companion отсутствует в metadata.code.
ERROR [jazz] tmp/suite-release-stage-6224b/jazz/InventoryItem/MR73.lua: Активный generated companion отсутствует в metadata.code.
ERROR [jazz] tmp/suite-release-stage-6224b/jazz/InventoryItem/NailsLeatherVest.lua: Активный generated companion отсутствует в metadata.code.
ERROR [jazz] tmp/suite-release-stage-6224b/jazz/InventoryItem/NightVisionGoggles.lua: Активный generated companion отсутствует в metadata.code.
ERROR [jazz] tmp/suite-release-stage-6224b/jazz/InventoryItem/OilFilter.lua: Активный generated companion отсутствует в metadata.code.
ERROR [jazz] tmp/suite-release-stage-6224b/jazz/InventoryItem/OpticalLens.lua: Активный generated companion отсутствует в metadata.code.
ERROR [jazz] tmp/suite-release-stage-6224b/jazz/InventoryItem/P210.lua: Активный generated companion отсутствует в metadata.code.
ERROR [jazz] tmp/suite-release-stage-6224b/jazz/InventoryItem/P220.lua: Активный generated companion отсутствует в metadata.code.
ERROR [jazz] tmp/suite-release-stage-6224b/jazz/InventoryItem/P226.lua: Активный generated companion отсутствует в metadata.code.
ERROR [jazz] tmp/suite-release-stage-6224b/jazz/InventoryItem/P38.lua: Активный generated companion отсутствует в metadata.code.
ERROR [jazz] tmp/suite-release-stage-6224b/jazz/InventoryItem/P90.lua: Активный generated companion отсутствует в metadata.code.
ERROR [jazz] tmp/suite-release-stage-6224b/jazz/InventoryItem/PaBaggzWill.lua: Активный generated companion отсутствует в metadata.code.
ERROR [jazz] tmp/suite-release-stage-6224b/jazz/InventoryItem/Pamphlets_LysRouge.lua: Активный generated companion отсутствует в metadata.code.
ERROR [jazz] tmp/suite-release-stage-6224b/jazz/InventoryItem/Pamphlets.lua: Активный generated companion отсутствует в metadata.code.
ERROR [jazz] tmp/suite-release-stage-6224b/jazz/InventoryItem/Parts.lua: Активный generated companion отсутствует в metadata.code.
ERROR [jazz] tmp/suite-release-stage-6224b/jazz/InventoryItem/PB.lua: Активный generated companion отсутствует в metadata.code.
ERROR [jazz] tmp/suite-release-stage-6224b/jazz/InventoryItem/Personal_Vicki_CustomTools.lua: Активный generated companion отсутствует в metadata.code.
ERROR [jazz] tmp/suite-release-stage-6224b/jazz/InventoryItem/PETN.lua: Активный generated companion отсутствует в metadata.code.
ERROR [jazz] tmp/suite-release-stage-6224b/jazz/InventoryItem/PierreMachete.lua: Активный generated companion отсутствует в metadata.code.
ERROR [jazz] tmp/suite-release-stage-6224b/jazz/InventoryItem/PipeBomb.lua: Активный generated companion отсутствует в metadata.code.
ERROR [jazz] tmp/suite-release-stage-6224b/jazz/InventoryItem/PKM.lua: Активный generated companion отсутствует в metadata.code.
ERROR [jazz] tmp/suite-release-stage-6224b/jazz/InventoryItem/PlasmaGun_Crowbar.lua: Активный generated companion отсутствует в metadata.code.
ERROR [jazz] tmp/suite-release-stage-6224b/jazz/InventoryItem/PostApoHelmet.lua: Активный generated companion отсутствует в metadata.code.
ERROR [jazz] tmp/suite-release-stage-6224b/jazz/InventoryItem/PP19Bizon.lua: Активный generated companion отсутствует в metadata.code.
ERROR [jazz] tmp/suite-release-stage-6224b/jazz/InventoryItem/PPS43.lua: Активный generated companion отсутствует в metadata.code.
ERROR [jazz] tmp/suite-release-stage-6224b/jazz/InventoryItem/PPSH.lua: Активный generated companion отсутствует в metadata.code.
ERROR [jazz] tmp/suite-release-stage-6224b/jazz/InventoryItem/ProximityC4.lua: Активный generated companion отсутствует в metadata.code.
ERROR [jazz] tmp/suite-release-stage-6224b/jazz/InventoryItem/ProximityPETN.lua: Активный generated companion отсутствует в metadata.code.
ERROR [jazz] tmp/suite-release-stage-6224b/jazz/InventoryItem/ProximityTNT.lua: Активный generated companion отсутствует в metadata.code.
ERROR [jazz] tmp/suite-release-stage-6224b/jazz/InventoryItem/PSG1.lua: Активный generated companion отсутствует в metadata.code.
ERROR [jazz] tmp/suite-release-stage-6224b/jazz/InventoryItem/R870.lua: Активный generated companion отсутствует в metadata.code.
ERROR [jazz] tmp/suite-release-stage-6224b/jazz/InventoryItem/Reanimationsset.lua: Активный generated companion отсутствует в metadata.code.
ERROR [jazz] tmp/suite-release-stage-6224b/jazz/InventoryItem/RemoteC4.lua: Активный generated companion отсутствует в metadata.code.
ERROR [jazz] tmp/suite-release-stage-6224b/jazz/InventoryItem/RemotePETN.lua: Активный generated companion отсутствует в metadata.code.
ERROR [jazz] tmp/suite-release-stage-6224b/jazz/InventoryItem/RemoteTNT.lua: Активный generated companion отсутствует в metadata.code.
ERROR [jazz] tmp/suite-release-stage-6224b/jazz/InventoryItem/RPD.lua: Активный generated companion отсутствует в metadata.code.
ERROR [jazz] tmp/suite-release-stage-6224b/jazz/InventoryItem/RPG7.lua: Активный generated companion отсутствует в metadata.code.
ERROR [jazz] tmp/suite-release-stage-6224b/jazz/InventoryItem/RPK.lua: Активный generated companion отсутствует в metadata.code.
ERROR [jazz] tmp/suite-release-stage-6224b/jazz/InventoryItem/RPK74.lua: Активный generated companion отсутствует в metadata.code.
ERROR [jazz] tmp/suite-release-stage-6224b/jazz/InventoryItem/RSH12.lua: Активный generated companion отсутствует в metadata.code.
ERROR [jazz] tmp/suite-release-stage-6224b/jazz/InventoryItem/Scorpion.lua: Активный generated companion отсутствует в metadata.code.
ERROR [jazz] tmp/suite-release-stage-6224b/jazz/InventoryItem/ScoutSniper.lua: Активный generated companion отсутствует в metadata.code.
ERROR [jazz] tmp/suite-release-stage-6224b/jazz/InventoryItem/ShamanHelmet.lua: Активный generated companion отсутствует в metadata.code.
ERROR [jazz] tmp/suite-release-stage-6224b/jazz/InventoryItem/ShamanLeggings.lua: Активный generated companion отсутствует в metadata.code.
ERROR [jazz] tmp/suite-release-stage-6224b/jazz/InventoryItem/ShamanTorso.lua: Активный generated companion отсутствует в metadata.code.
ERROR [jazz] tmp/suite-release-stage-6224b/jazz/InventoryItem/ShapedCharge.lua: Активный generated companion отсутствует в metadata.code.
ERROR [jazz] tmp/suite-release-stage-6224b/jazz/InventoryItem/Sig550.lua: Активный generated companion отсутствует в metadata.code.
ERROR [jazz] tmp/suite-release-stage-6224b/jazz/InventoryItem/Sig550Custom.lua: Активный generated companion отсутствует в metadata.code.
ERROR [jazz] tmp/suite-release-stage-6224b/jazz/InventoryItem/Sig552.lua: Активный generated companion отсутствует в metadata.code.
ERROR [jazz] tmp/suite-release-stage-6224b/jazz/InventoryItem/Sig552SWAT.lua: Активный generated companion отсутствует в metadata.code.
ERROR [jazz] tmp/suite-release-stage-6224b/jazz/InventoryItem/SkillMag_Agility.lua: Активный generated companion отсутствует в metadata.code.
ERROR [jazz] tmp/suite-release-stage-6224b/jazz/InventoryItem/SkillMag_Dexterity.lua: Активный generated companion отсутствует в metadata.code.
ERROR [jazz] tmp/suite-release-stage-6224b/jazz/InventoryItem/SkillMag_Explosives.lua: Активный generated companion отсутствует в metadata.code.
ERROR [jazz] tmp/suite-release-stage-6224b/jazz/InventoryItem/SkillMag_Health.lua: Активный generated companion отсутствует в metadata.code.
ERROR [jazz] tmp/suite-release-stage-6224b/jazz/InventoryItem/SkillMag_Leadership.lua: Активный generated companion отсутствует в metadata.code.
ERROR [jazz] tmp/suite-release-stage-6224b/jazz/InventoryItem/SkillMag_Marksmanship.lua: Активный generated companion отсутствует в metadata.code.
ERROR [jazz] tmp/suite-release-stage-6224b/jazz/InventoryItem/SkillMag_Mechanical.lua: Активный generated companion отсутствует в metadata.code.
ERROR [jazz] tmp/suite-release-stage-6224b/jazz/InventoryItem/SkillMag_Medical.lua: Активный generated companion отсутствует в metadata.code.
ERROR [jazz] tmp/suite-release-stage-6224b/jazz/InventoryItem/SkillMag_Strength.lua: Активный generated companion отсутствует в metadata.code.
ERROR [jazz] tmp/suite-release-stage-6224b/jazz/InventoryItem/SkillMag_Wisdom.lua: Активный generated companion отсутствует в metadata.code.
ERROR [jazz] tmp/suite-release-stage-6224b/jazz/InventoryItem/SKS.lua: Активный generated companion отсутствует в metadata.code.
ERROR [jazz] tmp/suite-release-stage-6224b/jazz/InventoryItem/SmokeGrenade.lua: Активный generated companion отсутствует в metadata.code.
ERROR [jazz] tmp/suite-release-stage-6224b/jazz/InventoryItem/SPAS12.lua: Активный generated companion отсутствует в metadata.code.
ERROR [jazz] tmp/suite-release-stage-6224b/jazz/InventoryItem/SpectreM4.lua: Активный generated companion отсутствует в metadata.code.
ERROR [jazz] tmp/suite-release-stage-6224b/jazz/InventoryItem/Springfield.lua: Активный generated companion отсутствует в metadata.code.
ERROR [jazz] tmp/suite-release-stage-6224b/jazz/InventoryItem/SR3M.lua: Активный generated companion отсутствует в metadata.code.
ERROR [jazz] tmp/suite-release-stage-6224b/jazz/InventoryItem/Sterling.lua: Активный generated companion отсутствует в metadata.code.
ERROR [jazz] tmp/suite-release-stage-6224b/jazz/InventoryItem/STG44.lua: Активный generated companion отсутствует в metadata.code.
ERROR [jazz] tmp/suite-release-stage-6224b/jazz/InventoryItem/Stoeger.lua: Активный generated companion отсутствует в metadata.code.
ERROR [jazz] tmp/suite-release-stage-6224b/jazz/InventoryItem/Striker.lua: Активный generated companion отсутствует в metadata.code.
ERROR [jazz] tmp/suite-release-stage-6224b/jazz/InventoryItem/Suppressor_Rifle.lua: Активный generated companion отсутствует в metadata.code.
ERROR [jazz] tmp/suite-release-stage-6224b/jazz/InventoryItem/Suppressor.lua: Активный generated companion отсутствует в metadata.code.
ERROR [jazz] tmp/suite-release-stage-6224b/jazz/InventoryItem/SVT40.lua: Активный generated companion отсутствует в metadata.code.
ERROR [jazz] tmp/suite-release-stage-6224b/jazz/InventoryItem/SVU.lua: Активный generated companion отсутствует в metadata.code.
ERROR [jazz] tmp/suite-release-stage-6224b/jazz/InventoryItem/SWModel10.lua: Активный generated companion отсутствует в metadata.code.
ERROR [jazz] tmp/suite-release-stage-6224b/jazz/InventoryItem/SWModel19.lua: Активный generated companion отсутствует в metadata.code.
ERROR [jazz] tmp/suite-release-stage-6224b/jazz/InventoryItem/SWModel29.lua: Активный generated companion отсутствует в metadata.code.
ERROR [jazz] tmp/suite-release-stage-6224b/jazz/InventoryItem/SWModel52.lua: Активный generated companion отсутствует в metadata.code.
ERROR [jazz] tmp/suite-release-stage-6224b/jazz/InventoryItem/SWModel5906.lua: Активный generated companion отсутствует в metadata.code.
ERROR [jazz] tmp/suite-release-stage-6224b/jazz/InventoryItem/TearGasGrenade.lua: Активный generated companion отсутствует в metadata.code.
ERROR [jazz] tmp/suite-release-stage-6224b/jazz/InventoryItem/Ted.lua: Активный generated companion отсутствует в metadata.code.
ERROR [jazz] tmp/suite-release-stage-6224b/jazz/InventoryItem/TexRevolver.lua: Активный generated companion отсутствует в metadata.code.
ERROR [jazz] tmp/suite-release-stage-6224b/jazz/InventoryItem/Thompson.lua: Активный generated companion отсутствует в metadata.code.
ERROR [jazz] tmp/suite-release-stage-6224b/jazz/InventoryItem/TimedC4.lua: Активный generated companion отсутствует в metadata.code.
ERROR [jazz] tmp/suite-release-stage-6224b/jazz/InventoryItem/TimedPETN.lua: Активный generated companion отсутствует в metadata.code.
ERROR [jazz] tmp/suite-release-stage-6224b/jazz/InventoryItem/TimedTNT.lua: Активный generated companion отсутствует в metadata.code.
ERROR [jazz] tmp/suite-release-stage-6224b/jazz/InventoryItem/TMP.lua: Активный generated companion отсутствует в metadata.code.
ERROR [jazz] tmp/suite-release-stage-6224b/jazz/InventoryItem/TNT.lua: Активный generated companion отсутствует в metadata.code.
ERROR [jazz] tmp/suite-release-stage-6224b/jazz/InventoryItem/ToxicGasGrenade.lua: Активный generated companion отсутствует в metadata.code.
ERROR [jazz] tmp/suite-release-stage-6224b/jazz/InventoryItem/Trench_Shovel.lua: Активный generated companion отсутствует в metadata.code.
ERROR [jazz] tmp/suite-release-stage-6224b/jazz/InventoryItem/Trophy.lua: Активный generated companion отсутствует в metadata.code.
ERROR [jazz] tmp/suite-release-stage-6224b/jazz/InventoryItem/TT33.lua: Активный generated companion отсутствует в metadata.code.
ERROR [jazz] tmp/suite-release-stage-6224b/jazz/InventoryItem/Type56.lua: Активный generated companion отсутствует в metadata.code.
ERROR [jazz] tmp/suite-release-stage-6224b/jazz/InventoryItem/U100.lua: Активный generated companion отсутствует в metadata.code.
ERROR [jazz] tmp/suite-release-stage-6224b/jazz/InventoryItem/UMP45.lua: Активный generated companion отсутствует в metadata.code.
ERROR [jazz] tmp/suite-release-stage-6224b/jazz/InventoryItem/Unarmed.lua: Активный generated companion отсутствует в metadata.code.
ERROR [jazz] tmp/suite-release-stage-6224b/jazz/InventoryItem/UnderslungGrenadeLauncher.lua: Активный generated companion отсутствует в metadata.code.
ERROR [jazz] tmp/suite-release-stage-6224b/jazz/InventoryItem/US_Passport.lua: Активный generated companion отсутствует в metadata.code.
ERROR [jazz] tmp/suite-release-stage-6224b/jazz/InventoryItem/USAS12.lua: Активный generated companion отсутствует в metadata.code.
ERROR [jazz] tmp/suite-release-stage-6224b/jazz/InventoryItem/USP45.lua: Активный generated companion отсутствует в metadata.code.
ERROR [jazz] tmp/suite-release-stage-6224b/jazz/InventoryItem/UZI.lua: Активный generated companion отсутствует в metadata.code.
ERROR [jazz] tmp/suite-release-stage-6224b/jazz/InventoryItem/VectorCP1.lua: Активный generated companion отсутствует в metadata.code.
ERROR [jazz] tmp/suite-release-stage-6224b/jazz/InventoryItem/Vest_test.lua: Активный generated companion отсутствует в metadata.code.
ERROR [jazz] tmp/suite-release-stage-6224b/jazz/InventoryItem/VirusSample.lua: Активный generated companion отсутствует в metadata.code.
ERROR [jazz] tmp/suite-release-stage-6224b/jazz/InventoryItem/VSS.lua: Активный generated companion отсутствует в metadata.code.
ERROR [jazz] tmp/suite-release-stage-6224b/jazz/InventoryItem/Warhead_Frag.lua: Активный generated companion отсутствует в metadata.code.
ERROR [jazz] tmp/suite-release-stage-6224b/jazz/InventoryItem/Webley.lua: Активный generated companion отсутствует в metadata.code.
ERROR [jazz] tmp/suite-release-stage-6224b/jazz/InventoryItem/WeirdosMap.lua: Активный generated companion отсутствует в metadata.code.
ERROR [jazz] tmp/suite-release-stage-6224b/jazz/InventoryItem/Welrod.lua: Активный generated companion отсутствует в metadata.code.
ERROR [jazz] tmp/suite-release-stage-6224b/jazz/InventoryItem/Wig.lua: Активный generated companion отсутствует в metadata.code.
ERROR [jazz] tmp/suite-release-stage-6224b/jazz/InventoryItem/Winchester_Quest.lua: Активный generated companion отсутствует в metadata.code.
ERROR [jazz] tmp/suite-release-stage-6224b/jazz/InventoryItem/Winchester1894.lua: Активный generated companion отсутствует в metadata.code.
ERROR [jazz] tmp/suite-release-stage-6224b/jazz/InventoryItem/Wirecutter.lua: Активный generated companion отсутствует в metadata.code.
ERROR [jazz] tmp/suite-release-stage-6224b/jazz/InventoryItem/WorkerDiary.lua: Активный generated companion отсутствует в metadata.code.
ERROR [jazz] tmp/suite-release-stage-6224b/jazz/InventoryItem/WriterDiary.lua: Активный generated companion отсутствует в metadata.code.
ERROR [jazz] tmp/suite-release-stage-6224b/jazz/InventoryItem/WriterLetter.lua: Активный generated companion отсутствует в metadata.code.
ERROR [jazz] tmp/suite-release-stage-6224b/jazz/InventoryItem/WriterPage.lua: Активный generated companion отсутствует в metadata.code.
ERROR [jazz] tmp/suite-release-stage-6224b/jazz/InventoryItem/Zastava_M70.lua: Активный generated companion отсутствует в metadata.code.
ERROR [jazz] tmp/suite-release-stage-6224b/jazz/InventoryItem/ZastavaM76.lua: Активный generated companion отсутствует в metadata.code.
ERROR [jazz] tmp/suite-release-stage-6224b/jazz/InventoryItem/ZastavaM92.lua: Активный generated companion отсутствует в metadata.code.
ERROR [jazz] tmp/suite-release-stage-6224b/jazz/InventoryItem/vanillunique/Auto5_quest.lua: Активный generated companion отсутствует в metadata.code.
ERROR [jazz] tmp/suite-release-stage-6224b/jazz/InventoryItem/vanillunique/Galil_FlagHill.lua: Активный generated companion отсутствует в metadata.code.
ERROR [jazz] tmp/suite-release-stage-6224b/jazz/InventoryItem/vanillunique/GoldenGun.lua: Активный generated companion отсутствует в metadata.code.
ERROR [jazz] tmp/suite-release-stage-6224b/jazz/InventoryItem/vanillunique/LionRoar.lua: Активный generated companion отсутствует в metadata.code.
ERROR [jazz] tmp/suite-release-stage-6224b/jazz/InventoryItem/vanillunique/TexRevolver.lua: Активный generated companion отсутствует в metadata.code.
ERROR [jazz] tmp/suite-release-stage-6224b/jazz/InventoryItem/vanillunique/Winchester_Quest.lua: Активный generated companion отсутствует в metadata.code.
ERROR [jazz] InventoryItem/Auto5_quest.lua: Активный generated companion отсутствует в metadata.code.
ERROR [jazz] InventoryItem/Galil_FlagHill.lua: Активный generated companion отсутствует в metadata.code.
ERROR [jazz] InventoryItem/GoldenGun.lua: Активный generated companion отсутствует в metadata.code.
ERROR [jazz] InventoryItem/LionRoar.lua: Активный generated companion отсутствует в metadata.code.
ERROR [jazz] InventoryItem/TexRevolver.lua: Активный generated companion отсутствует в metadata.code.
ERROR [jazz] InventoryItem/Winchester_Quest.lua: Активный generated companion отсутствует в metadata.code.
ERROR [jazz_assets] Entities/AKR_AK103_Handguard.lua: Активный Entity companion не имеет ModItemEntity в items.lua.
ERROR [jazz_assets] Entities/AKR_AK103_Magazine.lua: Активный Entity companion не имеет ModItemEntity в items.lua.
ERROR [jazz_assets] Entities/AKR_AK103_Muzzle.lua: Активный Entity companion не имеет ModItemEntity в items.lua.
ERROR [jazz_assets] Entities/AKR_AK103_Stock.lua: Активный Entity companion не имеет ModItemEntity в items.lua.
ERROR [jazz_assets] Entities/AKR_AK103_StockFolded.lua: Активный Entity companion не имеет ModItemEntity в items.lua.
ERROR [jazz_assets] Entities/AKR_AK103.lua: Активный Entity companion не имеет ModItemEntity в items.lua.
ERROR [jazz_assets] Entities/AKR_AK105_Handguard.lua: Активный Entity companion не имеет ModItemEntity в items.lua.
ERROR [jazz_assets] Entities/AKR_AK105_Magazine.lua: Активный Entity companion не имеет ModItemEntity в items.lua.
ERROR [jazz_assets] Entities/AKR_AK105_Muzzle.lua: Активный Entity companion не имеет ModItemEntity в items.lua.
ERROR [jazz_assets] Entities/AKR_AK105_Stock.lua: Активный Entity companion не имеет ModItemEntity в items.lua.
ERROR [jazz_assets] Entities/AKR_AK105_StockFolded.lua: Активный Entity companion не имеет ModItemEntity в items.lua.
ERROR [jazz_assets] Entities/AKR_AK105.lua: Активный Entity companion не имеет ModItemEntity в items.lua.
ERROR [jazz_assets] Entities/AKR_AK74_Handguard.lua: Активный Entity companion не имеет ModItemEntity в items.lua.
ERROR [jazz_assets] Entities/AKR_AK74_Magazine.lua: Активный Entity companion не имеет ModItemEntity в items.lua.
ERROR [jazz_assets] Entities/AKR_AK74_Muzzle.lua: Активный Entity companion не имеет ModItemEntity в items.lua.
ERROR [jazz_assets] Entities/AKR_AK74_Stock.lua: Активный Entity companion не имеет ModItemEntity в items.lua.
ERROR [jazz_assets] Entities/AKR_AK74.lua: Активный Entity companion не имеет ModItemEntity в items.lua.
ERROR [jazz_assets] Entities/AKR_AK74M_Handguard.lua: Активный Entity companion не имеет ModItemEntity в items.lua.
ERROR [jazz_assets] Entities/AKR_AK74M_Magazine.lua: Активный Entity companion не имеет ModItemEntity в items.lua.
ERROR [jazz_assets] Entities/AKR_AK74M_Muzzle.lua: Активный Entity companion не имеет ModItemEntity в items.lua.
ERROR [jazz_assets] Entities/AKR_AK74M_Stock.lua: Активный Entity companion не имеет ModItemEntity в items.lua.
ERROR [jazz_assets] Entities/AKR_AK74M_StockFolded.lua: Активный Entity companion не имеет ModItemEntity в items.lua.
ERROR [jazz_assets] Entities/AKR_AK74M.lua: Активный Entity companion не имеет ModItemEntity в items.lua.
ERROR [jazz_assets] Entities/AKR_AKM_Handguard.lua: Активный Entity companion не имеет ModItemEntity в items.lua.
ERROR [jazz_assets] Entities/AKR_AKM_Magazine.lua: Активный Entity companion не имеет ModItemEntity в items.lua.
ERROR [jazz_assets] Entities/AKR_AKM_Muzzle.lua: Активный Entity companion не имеет ModItemEntity в items.lua.
ERROR [jazz_assets] Entities/AKR_AKM_Stock.lua: Активный Entity companion не имеет ModItemEntity в items.lua.
ERROR [jazz_assets] Entities/AKR_AKM.lua: Активный Entity companion не имеет ModItemEntity в items.lua.
ERROR [jazz_assets] Entities/JAZZ_M14_ART.lua: Активный Entity companion не имеет ModItemEntity в items.lua.
ERROR [jazz_assets] Entities/JAZZ_M14_MkIII.lua: Активный Entity companion не имеет ModItemEntity в items.lua.
ERROR [jazz_assets] Entities/JAZZ_M14.lua: Активный Entity companion не имеет ModItemEntity в items.lua.
ERROR [jazz_assets] Entities/L42A1_Scope.lua: Активный Entity companion не имеет ModItemEntity в items.lua.
ERROR [jazz_assets] Entities/L42A1.lua: Активный Entity companion не имеет ModItemEntity в items.lua.
ERROR [jazz_assets] Entities/M16R_M16A4_Barrel.lua: Активный Entity companion не имеет ModItemEntity в items.lua.
ERROR [jazz_assets] Entities/M16R_M16A4_BarrelShort.lua: Активный Entity companion не имеет ModItemEntity в items.lua.
ERROR [jazz_assets] Entities/M16R_M16A4_CarryHandle.lua: Активный Entity companion не имеет ModItemEntity в items.lua.
ERROR [jazz_assets] Entities/M16R_M16A4_DefMuzzle.lua: Активный Entity companion не имеет ModItemEntity в items.lua.
ERROR [jazz_assets] Entities/M16R_M16A4_Handgrip.lua: Активный Entity companion не имеет ModItemEntity в items.lua.
ERROR [jazz_assets] Entities/M16R_M16A4_Handguard.lua: Активный Entity companion не имеет ModItemEntity в items.lua.
ERROR [jazz_assets] Entities/M16R_M16A4_HandguardRIS.lua: Активный Entity companion не имеет ModItemEntity в items.lua.
ERROR [jazz_assets] Entities/M16R_M16A4_Magazine.lua: Активный Entity companion не имеет ModItemEntity в items.lua.
ERROR [jazz_assets] Entities/M16R_M16A4_Magazine20.lua: Активный Entity companion не имеет ModItemEntity в items.lua.
ERROR [jazz_assets] Entities/M16R_M16A4_RearSight.lua: Активный Entity companion не имеет ModItemEntity в items.lua.
ERROR [jazz_assets] Entities/M16R_M16A4_Stock.lua: Активный Entity companion не имеет ModItemEntity в items.lua.
ERROR [jazz_assets] Entities/M16R_M16A4_StockLight.lua: Активный Entity companion не имеет ModItemEntity в items.lua.
ERROR [jazz_assets] Entities/M16R_M16A4.lua: Активный Entity companion не имеет ModItemEntity в items.lua.
ERROR [jazz_assets] Entities/M4R_M4A1_Barrel.lua: Активный Entity companion не имеет ModItemEntity в items.lua.
ERROR [jazz_assets] Entities/M4R_M4A1_BarrelLong.lua: Активный Entity companion не имеет ModItemEntity в items.lua.
ERROR [jazz_assets] Entities/M4R_M4A1_BarrelShort.lua: Активный Entity companion не имеет ModItemEntity в items.lua.
ERROR [jazz_assets] Entities/M4R_M4A1_CarryHandle.lua: Активный Entity companion не имеет ModItemEntity в items.lua.
ERROR [jazz_assets] Entities/M4R_M4A1_DefMuzzle.lua: Активный Entity companion не имеет ModItemEntity в items.lua.
ERROR [jazz_assets] Entities/M4R_M4A1_Handgrip.lua: Активный Entity companion не имеет ModItemEntity в items.lua.
ERROR [jazz_assets] Entities/M4R_M4A1_Handguard.lua: Активный Entity companion не имеет ModItemEntity в items.lua.
ERROR [jazz_assets] Entities/M4R_M4A1_HandguardRifle.lua: Активный Entity companion не имеет ModItemEntity в items.lua.
ERROR [jazz_assets] Entities/M4R_M4A1_HandguardRIS.lua: Активный Entity companion не имеет ModItemEntity в items.lua.
ERROR [jazz_assets] Entities/M4R_M4A1_Magazine.lua: Активный Entity companion не имеет ModItemEntity в items.lua.
ERROR [jazz_assets] Entities/M4R_M4A1_Magazine20.lua: Активный Entity companion не имеет ModItemEntity в items.lua.
ERROR [jazz_assets] Entities/M4R_M4A1_RearSight.lua: Активный Entity companion не имеет ModItemEntity в items.lua.
ERROR [jazz_assets] Entities/M4R_M4A1_Stock.lua: Активный Entity companion не имеет ModItemEntity в items.lua.
ERROR [jazz_assets] Entities/M4R_M4A1_StockFolded.lua: Активный Entity companion не имеет ModItemEntity в items.lua.
ERROR [jazz_assets] Entities/M4R_M4A1.lua: Активный Entity companion не имеет ModItemEntity в items.lua.
ERROR [jazz_assets] Entities/MK14EBR.lua: Активный Entity companion не имеет ModItemEntity в items.lua.
ERROR [jazz_assets] Entities/MOSIN_1891.lua: Активный Entity companion не имеет ModItemEntity в items.lua.
ERROR [jazz_assets] Entities/MOSIN_M38.lua: Активный Entity companion не имеет ModItemEntity в items.lua.
ERROR [jazz_assets] Entities/MOSIN_Obrez.lua: Активный Entity companion не имеет ModItemEntity в items.lua.
ERROR [jazz_assets] Entities/SR3M_Handguard.lua: Активный Entity companion не имеет ModItemEntity в items.lua.
ERROR [jazz_assets] Entities/SR3M_Magazine.lua: Активный Entity companion не имеет ModItemEntity в items.lua.
ERROR [jazz_assets] Entities/SR3M_Muzzle.lua: Активный Entity companion не имеет ModItemEntity в items.lua.
ERROR [jazz_assets] Entities/SR3M_Stock.lua: Активный Entity companion не имеет ModItemEntity в items.lua.
ERROR [jazz_assets] Entities/SR3M_StockFolded.lua: Активный Entity companion не имеет ModItemEntity в items.lua.
ERROR [jazz_assets] Entities/SR3M.lua: Активный Entity companion не имеет ModItemEntity в items.lua.
ERROR [jazz_assets] metadata.lua: metadata.entities не имеет ModItemEntity в items.lua: M4R_M4A1_Barrel.
ERROR [jazz_assets] metadata.lua: metadata.entities не имеет ModItemEntity в items.lua: AKR_AK105_Handguard.
ERROR [jazz_assets] metadata.lua: metadata.entities не имеет ModItemEntity в items.lua: AKR_AK103_StockFolded.
ERROR [jazz_assets] metadata.lua: metadata.entities не имеет ModItemEntity в items.lua: AKR_AKM.
ERROR [jazz_assets] metadata.lua: metadata.entities не имеет ModItemEntity в items.lua: AKR_AK74_Muzzle.
ERROR [jazz_assets] metadata.lua: metadata.entities не имеет ModItemEntity в items.lua: AKR_AK74M.
ERROR [jazz_assets] metadata.lua: metadata.entities не имеет ModItemEntity в items.lua: AKR_AKM_Stock.
ERROR [jazz_assets] metadata.lua: metadata.entities не имеет ModItemEntity в items.lua: AKR_AK74M_Magazine.
ERROR [jazz_assets] metadata.lua: metadata.entities не имеет ModItemEntity в items.lua: JAZZ_M14.
ERROR [jazz_assets] metadata.lua: metadata.entities не имеет ModItemEntity в items.lua: AKR_AK105_Stock.
ERROR [jazz_assets] metadata.lua: metadata.entities не имеет ModItemEntity в items.lua: SR3M_StockFolded.
ERROR [jazz_assets] metadata.lua: metadata.entities не имеет ModItemEntity в items.lua: MOSIN_M38.
ERROR [jazz_assets] metadata.lua: metadata.entities не имеет ModItemEntity в items.lua: M4R_M4A1_DefMuzzle.
ERROR [jazz_assets] metadata.lua: metadata.entities не имеет ModItemEntity в items.lua: SR3M_Magazine.
ERROR [jazz_assets] metadata.lua: metadata.entities не имеет ModItemEntity в items.lua: AKR_AK103.
ERROR [jazz_assets] metadata.lua: metadata.entities не имеет ModItemEntity в items.lua: AKR_AK105_Magazine.
ERROR [jazz_assets] metadata.lua: metadata.entities не имеет ModItemEntity в items.lua: M16R_M16A4_StockLight.
ERROR [jazz_assets] metadata.lua: metadata.entities не имеет ModItemEntity в items.lua: AKR_AK74_Handguard.
ERROR [jazz_assets] metadata.lua: metadata.entities не имеет ModItemEntity в items.lua: M4R_M4A1_HandguardRifle.
ERROR [jazz_assets] metadata.lua: metadata.entities не имеет ModItemEntity в items.lua: AKR_AK105_StockFolded.
ERROR [jazz_assets] metadata.lua: metadata.entities не имеет ModItemEntity в items.lua: MOSIN_1891.
ERROR [jazz_assets] metadata.lua: metadata.entities не имеет ModItemEntity в items.lua: M4R_M4A1_Stock.
ERROR [jazz_assets] metadata.lua: metadata.entities не имеет ModItemEntity в items.lua: SR3M.
ERROR [jazz_assets] metadata.lua: metadata.entities не имеет ModItemEntity в items.lua: M16R_M16A4_CarryHandle.
ERROR [jazz_assets] metadata.lua: metadata.entities не имеет ModItemEntity в items.lua: AKR_AK105.
ERROR [jazz_assets] metadata.lua: metadata.entities не имеет ModItemEntity в items.lua: M4R_M4A1_Magazine20.
ERROR [jazz_assets] metadata.lua: metadata.entities не имеет ModItemEntity в items.lua: M16R_M16A4_Magazine20.
ERROR [jazz_assets] metadata.lua: metadata.entities не имеет ModItemEntity в items.lua: L42A1_Scope.
ERROR [jazz_assets] metadata.lua: metadata.entities не имеет ModItemEntity в items.lua: AKR_AK74M_Handguard.
ERROR [jazz_assets] metadata.lua: metadata.entities не имеет ModItemEntity в items.lua: M4R_M4A1_Handguard.
ERROR [jazz_assets] metadata.lua: metadata.entities не имеет ModItemEntity в items.lua: AKR_AKM_Muzzle.
ERROR [jazz_assets] metadata.lua: metadata.entities не имеет ModItemEntity в items.lua: M4R_M4A1_StockFolded.
ERROR [jazz_assets] metadata.lua: metadata.entities не имеет ModItemEntity в items.lua: AKR_AKM_Handguard.
ERROR [jazz_assets] metadata.lua: metadata.entities не имеет ModItemEntity в items.lua: AKR_AK74.
ERROR [jazz_assets] metadata.lua: metadata.entities не имеет ModItemEntity в items.lua: M16R_M16A4_BarrelShort.
ERROR [jazz_assets] metadata.lua: metadata.entities не имеет ModItemEntity в items.lua: M4R_M4A1.
ERROR [jazz_assets] metadata.lua: metadata.entities не имеет ModItemEntity в items.lua: MOSIN_Obrez.
ERROR [jazz_assets] metadata.lua: metadata.entities не имеет ModItemEntity в items.lua: AKR_AK74_Stock.
ERROR [jazz_assets] metadata.lua: metadata.entities не имеет ModItemEntity в items.lua: JAZZ_M14_MkIII.
ERROR [jazz_assets] metadata.lua: metadata.entities не имеет ModItemEntity в items.lua: AKR_AK74M_Stock.
ERROR [jazz_assets] metadata.lua: metadata.entities не имеет ModItemEntity в items.lua: M4R_M4A1_Magazine.
ERROR [jazz_assets] metadata.lua: metadata.entities не имеет ModItemEntity в items.lua: M4R_M4A1_Handgrip.
ERROR [jazz_assets] metadata.lua: metadata.entities не имеет ModItemEntity в items.lua: M16R_M16A4.
ERROR [jazz_assets] metadata.lua: metadata.entities не имеет ModItemEntity в items.lua: AKR_AK74M_StockFolded.
ERROR [jazz_assets] metadata.lua: metadata.entities не имеет ModItemEntity в items.lua: AKR_AKM_Magazine.
ERROR [jazz_assets] metadata.lua: metadata.entities не имеет ModItemEntity в items.lua: M16R_M16A4_Handgrip.
ERROR [jazz_assets] metadata.lua: metadata.entities не имеет ModItemEntity в items.lua: AKR_AK103_Muzzle.
ERROR [jazz_assets] metadata.lua: metadata.entities не имеет ModItemEntity в items.lua: M16R_M16A4_DefMuzzle.
ERROR [jazz_assets] metadata.lua: metadata.entities не имеет ModItemEntity в items.lua: M4R_M4A1_HandguardRIS.
ERROR [jazz_assets] metadata.lua: metadata.entities не имеет ModItemEntity в items.lua: M16R_M16A4_Stock.
ERROR [jazz_assets] metadata.lua: metadata.entities не имеет ModItemEntity в items.lua: AKR_AK103_Magazine.
ERROR [jazz_assets] metadata.lua: metadata.entities не имеет ModItemEntity в items.lua: M4R_M4A1_CarryHandle.
ERROR [jazz_assets] metadata.lua: metadata.entities не имеет ModItemEntity в items.lua: M16R_M16A4_Handguard.
ERROR [jazz_assets] metadata.lua: metadata.entities не имеет ModItemEntity в items.lua: AKR_AK74_Magazine.
ERROR [jazz_assets] metadata.lua: metadata.entities не имеет ModItemEntity в items.lua: SR3M_Stock.
ERROR [jazz_assets] metadata.lua: metadata.entities не имеет ModItemEntity в items.lua: M16R_M16A4_RearSight.
ERROR [jazz_assets] metadata.lua: metadata.entities не имеет ModItemEntity в items.lua: M16R_M16A4_Barrel.
ERROR [jazz_assets] metadata.lua: metadata.entities не имеет ModItemEntity в items.lua: AKR_AK105_Muzzle.
ERROR [jazz_assets] metadata.lua: metadata.entities не имеет ModItemEntity в items.lua: JAZZ_M14_ART.
ERROR [jazz_assets] metadata.lua: metadata.entities не имеет ModItemEntity в items.lua: AKR_AK103_Stock.
ERROR [jazz_assets] metadata.lua: metadata.entities не имеет ModItemEntity в items.lua: M16R_M16A4_HandguardRIS.
ERROR [jazz_assets] metadata.lua: metadata.entities не имеет ModItemEntity в items.lua: SR3M_Muzzle.
ERROR [jazz_assets] metadata.lua: metadata.entities не имеет ModItemEntity в items.lua: M16R_M16A4_Magazine.
ERROR [jazz_assets] metadata.lua: metadata.entities не имеет ModItemEntity в items.lua: M4R_M4A1_RearSight.
ERROR [jazz_assets] metadata.lua: metadata.entities не имеет ModItemEntity в items.lua: L42A1.
ERROR [jazz_assets] metadata.lua: metadata.entities не имеет ModItemEntity в items.lua: MK14EBR.
ERROR [jazz_assets] metadata.lua: metadata.entities не имеет ModItemEntity в items.lua: AKR_AK74M_Muzzle.
ERROR [jazz_assets] metadata.lua: metadata.entities не имеет ModItemEntity в items.lua: M4R_M4A1_BarrelLong.
ERROR [jazz_assets] metadata.lua: metadata.entities не имеет ModItemEntity в items.lua: AKR_AK103_Handguard.
ERROR [jazz_assets] metadata.lua: metadata.entities не имеет ModItemEntity в items.lua: M4R_M4A1_BarrelShort.
ERROR [jazz_assets] metadata.lua: metadata.entities не имеет ModItemEntity в items.lua: SR3M_Handguard.
WARNING SUMMARY [jazz] count=1635; examples: tmp/ame_spec_commit/units_bak/JAZZ_AME_24.lua, tmp/ame_spec_commit/units_bak/JAZZ_AME_29.lua, tmp/ame_spec_commit/units_bak/JAZZ_AME_43.lua
WARNING SUMMARY [jazz_assets] count=14; examples: Entities/Chevy_S10_SM.lua, Entities/G36Mag.lua, Entities/Hamvee.lua
RESULT: FAILED (6383 blocking issue(s), 1649 warning(s))
