ID,SourceText,Russian,English,Notes,Reasons,Packages,AllIDs,Locations
100080397822,Ракетчик,Ракетчик,Rocketeer,manual-reviewed-google,google-draft,jazz-units,100080397822,jazz-units:items.lua:88481 | jazz-units:UnitData/JAZZ_Legion_HeavyT1_Rocketeer.lua:21
102139743828,пыхтит,(пыхтит),(grunts),manual-reviewed-google,google-draft,jazz-units,102139743828 | 490217033288,jazz-units:items.lua:115260 | jazz-units:items.lua:115261
102970979232,"Ого! Господи, что со мной могло случится!","Ого! Господи, что со мной могло случиться!","Whoa! Dear God, what could've happened to me!",manual-reviewed-google,google-draft,jazz-units,102970979232 | 570086844191,jazz-units:items.lua:116526 | jazz-units:items.lua:116391
107713982322,"Все-таки, книжки это одно, а вот опыт, это совсем другое дело.","Всё-таки книжки — это одно, а опыт — совсем другое дело.",Books are one thing. Experience is another.,manual-reviewed-google,google-draft,jazz-units,107713982322,jazz-units:items.lua:131767
110929798318,БК на исходе.,БК на исходе.,Running low on ammo.,manual-reviewed-google,google-draft,jazz-units,110929798318,jazz-units:items.lua:131351
115039977738,Че-то какие-то приколы тут развешаны.,Чё это за странные штуки тут развешаны?,What's with all this weird stuff hanging up?,manual-reviewed-google,google-draft,jazz-units,115039977738,jazz-units:items.lua:131501
118410023717,Век живи - век учись!,Век живи — век учись!,You live and learn!,manual-reviewed-google,google-draft,jazz-units,118410023717 | 528546746564,jazz-units:items.lua:116363 | jazz-units:items.lua:116535
120260566033,Кхм. Я сказал...,Кхм. Я сказал...,Ahem. As I was saying...,manual-reviewed-google,google-draft,jazz-units,120260566033,jazz-units:items.lua:115323
124003637664,Слышал странный звук.,Слышал странный звук.,I heard a strange sound.,manual-reviewed-google,google-draft,jazz-units,124003637664,jazz-units:items.lua:115435
126127451344,Хреново!,Хреново!,Damn!,manual-reviewed-google,google-draft,jazz-units,126127451344 | 547061568930 | 940470095476,jazz-units:items.lua:115856 | jazz-units:items.lua:115908 | jazz-units:items.lua:115956
126202971861,"Граната? Я видел и похуже. Например, когда бак пробило на взлёте","Граната? Я видел и похуже. Например, когда бак пробило на взлёте",Grenade? I've seen worse—like the time a fuel tank got punctured on takeoff.,manual-reviewed-google,google-draft,jazz-units,126202971861,jazz-units:items.lua:114898
127238942497,Харпер,Харпер,Harper,manual-reviewed-google,google-draft,jazz-units,127238942497,jazz-units:Code/Mercenary.lua:46
129078279066,Всего лишь десять процентов удачи и девяносто процентов моей убойной харизмы.,Всего лишь десять процентов удачи и девяносто процентов моей убойной харизмы.,"Ten percent luck, ninety percent killer charm.",manual-reviewed-google,google-draft,jazz-units,129078279066,jazz-units:items.lua:131546
131463743436,Чего-то я замотался. Надо стенку подпереть.,Чего-то я замотался. Надо стенку подпереть.,"Man, I'm beat. Need a wall to hold up.",manual-reviewed-google,google-draft,jazz-units,131463743436,jazz-units:items.lua:131447
141058614304,"Я слишком сильно утомлена, чтобы продолжать работу.","Я слишком сильно утомлена, чтобы продолжать работу.",I'm too exhausted to keep working.,manual-reviewed-google,google-draft,jazz-units,141058614304,jazz-units:items.lua:116532
148583031817,"бежит, дышит","(бежит, тяжело дышит)","(running, panting)",manual-reviewed-google,google-draft,jazz-units,148583031817 | 566351894894,jazz-units:items.lua:116328 | jazz-units:items.lua:116329
150639393097,"Ты хочешь, чтобы я еще осталась, или как?","Ты хочешь, чтобы я ещё осталась, или как?","You want me to stick around, or what?",manual-reviewed-google,google-draft,jazz-units,150639393097,jazz-units:items.lua:115629 | jazz-units:UnitData/Jazz_Buzz.lua:167
151665864036,"Мне нужна помощь, неотложно!","Мне нужна помощь, неотложно!",I need help—now!,manual-reviewed-google,google-draft,jazz-units,151665864036 | 259340094074 | 687221729960,jazz-units:items.lua:116502 | jazz-units:items.lua:116379 | jazz-units:items.lua:116450
152608247986,Понял!,Понял!,Got it!,manual-reviewed-google,google-draft,jazz-units,152608247986 | 263680299412,jazz-units:items.lua:115353 | jazz-units:items.lua:115173
153980462714,Мёрк,Мёрк,Mörk,manual-reviewed-google,google-draft,jazz-units,153980462714,jazz-units:Code/Mercenary.lua:156
156206279384,"Иди, дам тебе валерьяночки!","Иди, дам тебе валерьяночки!","Come here, I'll give you some valerian!",manual-reviewed-google,google-draft,jazz-units,156206279384,jazz-units:items.lua:115914
164455308660,Гранатомётчик,Гранатомётчик,Grenadier,manual-reviewed-google,google-draft,jazz-units,164455308660 | 347920605650,jazz-units:items.lua:88579 | jazz-units:items.lua:95436 | jazz-units:items.lua:95641 | jazz-units:UnitData/JAZZ_Legion_HeavyT2_Grenadier.lua:21 | jazz-units:UnitData/RebelRPG.lua:21 | jazz-units:UnitData/RebelRPG_Immortal.lua:21 | jazz-units:items.lua:81811 | jazz-units:UnitData/ThugGunner_Stronger_Elite.lua:19
165148802231,Рысь! Что случилось?,Рысь! Что случилось?,Lynx here. What's up?,manual-reviewed-google,google-draft,jazz-units,165148802231,jazz-units:items.lua:115049
168247136303,"Я - профессионал. Просто покажи, в кого стрелять.","Я — профессионал. Просто покажи, в кого стрелять.",I'm a professional. Just point me at the target.,manual-reviewed-google,google-draft,jazz-units,168247136303 | 906548087723,jazz-units:items.lua:115692 | jazz-units:items.lua:115693
169962128097,Батя в здании.,Батя в здании.,Daddy's in the house.,manual-reviewed-google,google-draft,jazz-units,169962128097,jazz-units:items.lua:131698
170093331856,"Да уж, тут и уха целого не найдешь.","Да уж, тут и уха целого не найдешь.","Yeah, good luck finding a whole ear in that mess.",manual-reviewed-google,google-draft,jazz-units,170093331856,jazz-units:items.lua:115895
170534982613,Слит,Слит,Slit,manual-reviewed-google,google-draft,jazz-units,170534982613,jazz-units:Code/Mercenary.lua:175
172629795100,"Я стараюсь не допускать эмоций, когда убиваю, но... если честно... Это было просто здорово!","Я стараюсь не допускать эмоций, когда убиваю, но... если честно... Это было просто здорово!","I try not to get emotional when I kill, but... honestly... that felt great!",manual-reviewed-google,google-draft,jazz-units,172629795100,jazz-units:items.lua:115267
178898076800,"Извини, эту неделю я занят в Обществе содействия пожарным. Знаешь, обычно я могу сам планировать свое расписание, но только если предупредить меня заблаговременно, угу?","Извини, эту неделю я занят в Обществе содействия пожарным. Знаешь, обычно я могу сам планировать свое расписание, но только если предупредить меня заблаговременно, угу?","Sorry, I'm tied up with the Firefighters' Aid Society this week. I can usually set my own schedule, but only with enough notice, okay?",manual-reviewed-google,google-draft,jazz-units,178898076800,jazz-units:items.lua:114956
187482808739,Доктор Хьюстон.,Доктор Хьюстон.,Dr. Houston.,manual-reviewed-google,google-draft,jazz-units,187482808739,jazz-units:items.lua:116487
188581782749,"Черт. Руди же не мог сделать этого случайно. Это такой намек, чтоб я укрытие занял, точно.","Черт. Руди же не мог сделать этого случайно. Это такой намек, чтоб я укрытие занял, точно.",Damn. Rudy couldn't have done that by accident. Must be his way of telling me to take cover.,manual-reviewed-google,google-draft,jazz-units,188581782749,jazz-units:items.lua:140175
189026777382,Немного везения мне бы сейчас никак не помешало!,Немного везения мне бы сейчас никак не помешало!,Could really use a little luck right now!,manual-reviewed-google,google-draft,jazz-units,189026777382 | 366862204632 | 503068485640 | 982625829884,jazz-units:items.lua:115286 | jazz-units:items.lua:115359 | jazz-units:items.lua:115122 | jazz-units:items.lua:115182
190301337760,"Пару грамм пластика в замок, да? Да?","Пару грамм пластика в замок, да? Да?","Couple grams of plastique in the lock, yeah? Yeah?",manual-reviewed-google,google-draft,jazz-units,190301337760,jazz-units:items.lua:131440
194072583019,Дарт,Дарт,Dart,manual-reviewed-google,google-draft,jazz-units,194072583019,jazz-units:Code/Mercenary.lua:162
194125837412,"Вот так! Знаешь, а мы отлично справились. Ничто не сравнится с женщиной, у которой в руках винтовка, я тебе скажу. Ад не знает ярости! Не забывай.","Вот так! Знаешь, а мы отлично справились. Ничто не сравнится с женщиной, у которой в руках винтовка, я тебе скажу. Ад не знает ярости! Не забывай.","That's it! We did damn well. Nothing like a woman with a rifle in her hands, I'll tell you. Hell hath no fury—don't forget it.",manual-reviewed-google,google-draft,jazz-units,194125837412,jazz-units:items.lua:115733
196405827903,Ламберт,Ламберт,Lambert,manual-reviewed-google,google-draft,jazz-units,196405827903,jazz-units:Code/Mercenary.lua:70
206446981168,Я пустой!,Я пустой!,I'm dry!,manual-reviewed-google,google-draft,jazz-units,206446981168,jazz-units:items.lua:131602
207134300660,че?,Чё?,Huh?,manual-reviewed-google,google-draft,jazz-units,207134300660,jazz-units:items.lua:116499
214018072550,"Скажи мне это в лицо, мля, если ты мужчина!","Скажи мне это в лицо, мля, если мужик!","Say that to my face, asshole—if you're a man!",manual-reviewed-google,google-draft,jazz-units,214018072550,jazz-units:items.lua:131634
221163366923,"Ой, мля. Братан, как его теперь мамке-то отправлять?","Ой, мля. Братан, как его теперь мамке-то отправлять?","Oh, fuck. Bro, how am I supposed to send you home to your mama now?",manual-reviewed-google,google-draft,jazz-units,221163366923,jazz-units:items.lua:131627
221166180370,"Видали? Айс знает, что почем!","Видали? Айс знает, что почем!",See that? Ice knows the score!,manual-reviewed-google,google-draft,jazz-units,221166180370,jazz-units:items.lua:115379
230498571903,Скорч,Скорч,Scorch,manual-reviewed-google,google-draft,jazz-units,230498571903,jazz-units:Code/Mercenary.lua:157
245370968215,Гиро,Гиро,Gyro,manual-reviewed-google,google-draft,jazz-units,245370968215,jazz-units:Code/Mercenary.lua:73
247207957208,"Ну да, я тут сижу и жду, когда ты появишься. У меня другие планы.","Ну да, я тут сижу и жду, когда ты появишься. У меня другие планы.","Yeah, sure, I've just been sitting here waiting for you to show up. I have other plans.",manual-reviewed-google,google-draft,jazz-units,247207957208,jazz-units:items.lua:115528 | jazz-units:UnitData/Jazz_Buzz.lua:66
251440093588,"Э, завязывай!","Э, завязывай!","Hey, knock it off!",manual-reviewed-google,google-draft,jazz-units,251440093588,jazz-units:items.lua:131462
257516510368,"Мать моя святая женщина, и где теперь чья нога?","Мать моя святая женщина, и где теперь чья нога?",My sainted mother... Now whose leg is whose?,manual-reviewed-google,google-draft,jazz-units,257516510368,jazz-units:items.lua:131596
264303659858,"Победа, мля. Пора шмонать жмуров.","Победа, мля. Пора шмонать жмуров.","Fuck yeah, victory. Time to frisk the stiffs.",manual-reviewed-google,google-draft,jazz-units,264303659858,jazz-units:items.lua:131388
267140928253,"Поднимаем рождаемость, мля!","Поднимаем рождаемость, мля!","Boosting the birth rate, fuck yeah!",manual-reviewed-google,google-draft,jazz-units,267140928253,jazz-units:items.lua:131616
269791276611,"Я раньше любил острить на такие темы, но, черт возьми, слишком много моих друзей погибло так же. Мне больше не смешно.","Я раньше любил острить на такие темы, но, черт возьми, слишком много моих друзей погибло так же. Мне больше не смешно.","I used to joke about things like this, but... damn it, too many of my friends died the same way. It's not funny anymore.",manual-reviewed-google,google-draft,jazz-units,269791276611,jazz-units:items.lua:115206
270671509954,Слушаю,Слушаю,I'm listening,manual-reviewed-google,google-draft,jazz-units,270671509954,jazz-units:items.lua:115946
271593846017,Скар,Скар,Scar,manual-reviewed-google,google-draft,jazz-units,271593846017,jazz-units:Code/Mercenary.lua:120
273335796421,Ополченец,Ополченец,Militiaman,manual-reviewed-google,google-draft,jazz-units,273335796421,jazz-units:items.lua:95820
274466626035,"Собираю манатки и выезжаю. К слову, там мой братишка Айс не занят, пригласи его. Он мой братюня от другой мамуни, да и шмаляет что твой Пикассо.","Собираю манатки и выезжаю. К слову, там мой братишка Айс не занят, пригласи его. Он мой братюня от другой мамуни, да и шмаляет что твой Пикассо.","I'm packed and rolling out. By the way, if my bro Ice is free, bring him along. Brother from another mother—and he shoots like Picasso paints.",manual-reviewed-google,google-draft,jazz-units,274466626035,jazz-units:items.lua:131248 | jazz-units:UnitData/JAZZ_Merc_Spouke.lua:77
279996202112,"Может, я опять смогу заснуть!","Может, я опять смогу заснуть!",Maybe I can finally get some sleep!,manual-reviewed-google,google-draft,jazz-units,279996202112,jazz-units:items.lua:116431
282913353932,"Не могу. Вернее, НЕ ХОЧУ.","Не могу. Вернее, НЕ ХОЧУ.","I can't. More like, I DON'T WANT TO.",manual-reviewed-google,google-draft,jazz-units,282913353932,jazz-units:items.lua:116220
283410120330,"Это чо, это из меня столько вытекло? Е-мааа... Парни, у меня третья положительная, если чо....","Это чё, из меня столько вытекло? Ё-ма-а... Парни, у меня третья положительная, если чё...","Whoa, did all that come out of me? Damn... Guys, I'm B-positive, just so you know...",manual-reviewed-google,google-draft,jazz-units,283410120330,jazz-units:items.lua:131709
288720109427,Старший Лейтенант,Старший Лейтенант,Senior Lieutenant,manual-reviewed-google,google-draft,jazz-units,288720109427,jazz-units:items.lua:90016 | jazz-units:UnitData/ArmyCommander_Elite.lua:20
291907236404,Берриман Сил,Берриман Сил,Berryman Seal,manual-reviewed-google,google-draft,jazz-units,291907236404,jazz-units:items.lua:114820 | jazz-units:UnitData/Merc_BarrySeal.lua:23
298710814297,Ууууу!,Ууууу!,Oooooh!,manual-reviewed-google,google-draft,jazz-units,298710814297,jazz-units:items.lua:115179
299656832368,"Да как так-то... Рысь, ты был такой молодой, такой сильный... Сколько женщин было у тебя впереди!","Да как так-то... Рысь, ты был такой молодой, такой сильный... Сколько женщин было у тебя впереди!","How could this happen... Lynx, you were so young, so strong... You had so many women ahead of you!",manual-reviewed-google,google-draft,jazz-units,299656832368,jazz-units:items.lua:140228
300505284870,"Ты можешь уйти из армии, но армия из тебя - никогда.","Ты можешь уйти из армии, но армия из тебя — никогда.","You can leave the army, but the army will never leave you.",manual-reviewed-google,google-draft,jazz-units,300505284870,jazz-units:items.lua:131704
304196752980,Рипер,Рипер,Reaper,manual-reviewed-google,google-draft,jazz-units,304196752980 | 910000000031,jazz-units:Code/Mercenary.lua:116 | jazz-units:Code/Legion.lua:33
304741413170,Ух-х,Ух-х,Ugh!,manual-reviewed-google,google-draft,jazz-units,304741413170,jazz-units:items.lua:131662
310428068750,"Окей, я здесь. Готова к работе.","Окей, я здесь. Готова к работе.","Okay, I'm here. Ready to go.",manual-reviewed-google,google-draft,jazz-units,310428068750,jazz-units:items.lua:116482
311829639652,Молодцом! Мо-лод-цом!,Молодцом! Мо-лод-цом!,Attaboy! Atta-boy!,manual-reviewed-google,google-draft,jazz-units,311829639652,jazz-units:items.lua:131690
313477221859,Балумба Курукуку,Балумба Курукуку,Balumba Kurukuku,manual-reviewed-google,google-draft,jazz-units,313477221859,jazz-units:items.lua:79965 | jazz-units:UnitData/ThugBoss_Balumba.lua:20
317025941794,Командир,Командир,Commander,manual-reviewed-google,google-draft,jazz-units,317025941794 | 516378752870 | 641400217995 | 786423367133,jazz-units:items.lua:80803 | jazz-units:UnitData/ThugBoss_Stronger.lua:20 | jazz-units:items.lua:90889 | jazz-units:UnitData/AdonisSquadLeader_Heavy.lua:20 | jazz-units:items.lua:80894 | jazz-units:UnitData/ThugBoss.lua:20 | jazz-units:items.lua:88176 | jazz-units:UnitData/JAZZ_Legion_LeaderT2_Lieutenant.lua:22
318587916867,"Очевидно, ваш бюджет не позволит вам адекватно оценить мою работу.","Очевидно, ваш бюджет не позволит вам адекватно оценить мою работу.","Clearly, you can't afford what my work is worth.",manual-reviewed-google,google-draft,jazz-units,318587916867,jazz-units:items.lua:116062 | jazz-units:UnitData/Jazz_Spider.lua:48
320684423775,Ай!,Ай!,Ow!,manual-reviewed-google,google-draft,jazz-units,320684423775 | 890000000000359 | 890000000000577 | 890000000001335,jazz-units:items.lua:115369 | jazz-units:items.lua:139608 | jazz-units:items.lua:139974 | jazz-units:items.lua:139252
323249741812,"Ещё один такой „фейерверк"" - и нам придётся копать окопы глубже",Ещё один такой «фейерверк» — и нам придётся копать окопы глубже.,One more 'firework' like that and we'll have to dig the trenches deeper.,manual-reviewed-google,google-draft,jazz-units,323249741812,jazz-units:items.lua:114900
326547059680,"Лучше бы мне в больнице горшки выносить, чем все это терпеть.","Лучше бы мне в больнице горшки выносить, чем все это терпеть.",I'd rather be emptying bedpans at the hospital than put up with this.,manual-reviewed-google,google-draft,jazz-units,326547059680,jazz-units:items.lua:116514
326617220439,Я лучше подожду немного. Не хочу торопиться.,Я лучше подожду немного. Не хочу торопиться.,I'd rather wait a bit. No point rushing.,manual-reviewed-google,google-draft,jazz-units,326617220439 | 665932192541,jazz-units:items.lua:115444 | jazz-units:items.lua:115133
327015948720,Калм,Калм,Kalm,manual-reviewed-google,google-draft,jazz-units,327015948720,jazz-units:Code/Mercenary.lua:178
334448173804,"Может, мне повезет.","Может, мне повезет.",Maybe I'll get lucky.,manual-reviewed-google,google-draft,jazz-units,334448173804,jazz-units:items.lua:115127
336680243662,С этим куском дерьма что-то не так.,С этим куском дерьма что-то не так.,There's something wrong with this piece of crap.,manual-reviewed-google,google-draft,jazz-units,336680243662,jazz-units:items.lua:115450
340601078428,Тяжелое дыхание 2,(тяжело дышит),(breathing heavily),manual-reviewed-google,google-draft,jazz-units,340601078428,jazz-units:items.lua:131492
341972518037,Глейшер,Глейшер,Glacier,manual-reviewed-google,google-draft,jazz-units,341972518037,jazz-units:Code/Mercenary.lua:174
343274888743,"То, что ты просил!","То, что ты просил!",Just what you ordered!,manual-reviewed-google,google-draft,jazz-units,343274888743,jazz-units:items.lua:115885
345428116420,"Ну не могу поверить, что я потратила свою жизнь на этого человека. Меня рвет от одного взгляда на Рысь.","Ну не могу поверить, что я потратила свою жизнь на этого человека. Меня рвет от одного взгляда на Рысь.",I can't believe I wasted my life on that man. Just looking at Lynx makes me sick.,manual-reviewed-google,google-draft,jazz-units,345428116420 | 699368427124,jazz-units:items.lua:115764 | jazz-units:items.lua:115822
349799971764,Меняю позицию!,Меняю позицию!,Changing position!,manual-reviewed-google,google-draft,jazz-units,349799971764,jazz-units:items.lua:131392
349823059626,"Пехота топает, как стадо. Я хожу, как пилот на чужой базе","Пехота топает, как стадо. Я хожу, как пилот на чужой базе.",Infantry stomps around like a herd. I move like a pilot on a foreign airbase.,manual-reviewed-google,google-draft,jazz-units,349823059626,jazz-units:items.lua:114894
352643483332,"Чем этого лечить, проще нового сделать.","Чем этого лечить, проще нового сделать.",Easier to make a new one than patch this one up.,manual-reviewed-google,google-draft,jazz-units,352643483332,jazz-units:items.lua:131619
353671688676,"Подруга...Вики, я бы лучше умерла вместо тебя, или как-нибудь спасла тебя, что ли! Как, черт возьми, я могу оставаться равнодушной, когда такое происходит?","Подруга... Вики, лучше бы я умерла вместо тебя — или хоть как-нибудь тебя спасла! Как, чёрт возьми, оставаться равнодушной, когда такое происходит?",Vicki... my friend. I wish it had been me—or that I could've saved you somehow! How the hell am I supposed to stay detached when this happens?,manual-reviewed-google,google-draft,jazz-units,353671688676,jazz-units:items.lua:116281
358324330880,"Тут безопасно. Осторожно, братан, могут быть еще.","Тут безопасно. Осторожно, братан, могут быть ещё.","This one's safe. Watch it, bro—there may be more.",manual-reviewed-google,google-draft,jazz-units,358324330880,jazz-units:items.lua:131558
358423443108,Ой! Тигр!,Ой! Тигр!,Oh! Tiger!,manual-reviewed-google,google-draft,jazz-units,358423443108,jazz-units:items.lua:116226
366392063705,А вот это - славно.,А вот это — славно.,Now that's nice.,manual-reviewed-google,google-draft,jazz-units,366392063705,jazz-units:items.lua:116427
371809736597,"Ну вы б там обнялись еще, анчоусы!","Ну вы б там обнялись ещё, анчоусы!","Why don't you bunch up even tighter, you anchovies!",manual-reviewed-google,google-draft,jazz-units,371809736597,jazz-units:items.lua:131595
374340837360,"Хлам вонючий. Командир, дай чо-нить нормальное.","Хлам вонючий. Командир, дай чо-нить нормальное.","Stinking piece of junk. Boss, get me something that works.",manual-reviewed-google,google-draft,jazz-units,374340837360,jazz-units:items.lua:131778
374823555124,"Щас потанцуем, В ритме вальса, раз-два, раз-два!","Щас потанцуем! В ритме вальса: раз-два, раз-два!","Let's dance! Waltz time—one-two, one-two!",manual-reviewed-google,google-draft,jazz-units,374823555124,jazz-units:items.lua:131410
376568795049,"Пуля дура, а граната - ложись!","Пуля — дура, а граната — ложись!","A bullet's a fool, but a grenade says: hit the dirt!",manual-reviewed-google,google-draft,jazz-units,376568795049,jazz-units:items.lua:131760
378163598765,Винтовку заело!,Винтовку заело!,The rifle is jammed!,manual-reviewed-google,google-draft,jazz-units,378163598765,jazz-units:items.lua:116005
379480096045,"Вот дерьмо! Я ослеп, как летучая мышь.","Вот дерьмо! Я ослеп, как летучая мышь.",Holy crap! I'm blind as a bat.,manual-reviewed-google,google-draft,jazz-units,379480096045,jazz-units:items.lua:115457
381905762019,Энвил,Энвил,Anvil,manual-reviewed-google,google-draft,jazz-units,381905762019,jazz-units:Code/Mercenary.lua:145
390088025798,"Работаем тихо. Про двести грамм еще в силе, братан.","Работаем тихо. Про двести грамм ещё в силе, братан.","Quiet work. That offer of two hundred grams still stands, bro.",manual-reviewed-google,google-draft,jazz-units,390088025798,jazz-units:items.lua:131638
390477891424,Я готова... ко всему.,Я готова... ко всему.,I'm ready... for anything.,manual-reviewed-google,google-draft,jazz-units,390477891424,jazz-units:items.lua:115736
391843332947,Замечательно!,Замечательно!,Wonderful!,manual-reviewed-google,google-draft,jazz-units,391843332947 | 878842387501 | 979751155093,jazz-units:items.lua:116322 | jazz-units:items.lua:116424 | jazz-units:items.lua:116373
395636543718,Чего-то до хрена их тут.,Чего-то до хрена их тут.,"Damn, there are a lot of them.",manual-reviewed-google,google-draft,jazz-units,395636543718,jazz-units:items.lua:131549
395851346053,Это было просто необходимо. ,Это было просто необходимо.,Had to be done.,manual-reviewed-google,google-draft,jazz-units,395851346053,jazz-units:items.lua:115149
403959952241,Надо перезарядить. ,Надо перезарядить.,Need to reload.,manual-reviewed-google,google-draft,jazz-units,403959952241 | 410271431075,jazz-units:items.lua:115320 | jazz-units:items.lua:115139
407129560284,Ланс,Ланс,Lance,manual-reviewed-google,google-draft,jazz-units,407129560284,jazz-units:Code/Mercenary.lua:104
408060419721,"Ух, мля. Блин, прости, братан, я не со зла. У меня первый раз такое.","Ух, мля. Блин, прости, братан, я не со зла. У меня первый раз такое.","Oh, fuck. Sorry, bro—I didn't mean it. Never done that before.",manual-reviewed-google,google-draft,jazz-units,408060419721,jazz-units:items.lua:131528
418043366071,"Некоторые просто не понимают, как надо разговаривать с людьми, когда у них в руках оружие!..","Некоторые просто не понимают, как надо разговаривать с людьми, когда у них в руках оружие!..",Some people just don't know how to talk to others when they've got a gun in their hands!...,manual-reviewed-google,google-draft,jazz-units,418043366071,jazz-units:items.lua:115224
424414749198,Я слышала какой-то звук! Я совершенно уверена!,Я слышала какой-то звук! Я совершенно уверена!,I heard something! I'm certain of it!,manual-reviewed-google,google-draft,jazz-units,424414749198,jazz-units:items.lua:116456
424870893963,У меня нет времени на этот дешевый треп!,У меня нет времени на этот дешевый треп!,I don't have time for cheap talk!,manual-reviewed-google,google-draft,jazz-units,424870893963,jazz-units:items.lua:115905
425385674976,"Чисто. Ни звука, ни следа. Как в лучших домах","Чисто. Ни звука, ни следа. Как в лучших домах.","Clean. Not a sound, not a trace. First-class work.",manual-reviewed-google,google-draft,jazz-units,425385674976,jazz-units:items.lua:114877
426231816634,Я сейчас просто рухну. Немного отдохнуть - и я опять буду в полном порядке.,Я сейчас просто рухну. Немного отдохнуть — и я опять буду в полном порядке.,I'm about to collapse. Give me a little rest and I'll be good as new.,manual-reviewed-google,google-draft,jazz-units,426231816634,jazz-units:items.lua:115215
430350527253,Достало! Я не собираюсь их весь день искать. Дохлятина!,Достало! Я не собираюсь их весь день искать. Дохлятина!,I'm sick of this! I'm not spending all day hunting them down. Cowards!,manual-reviewed-google,google-draft,jazz-units,430350527253,jazz-units:items.lua:115727
438512970215,Койот,Койот,Coyote,manual-reviewed-google,google-draft,jazz-units,438512970215,jazz-units:Code/Mercenary.lua:151
442282729493,Двигаюсь!,Двигаюсь!,Moving!,manual-reviewed-google,google-draft,jazz-units,442282729493,jazz-units:items.lua:131391
452526429322,"Если бы они только шевельнулись, чтоб я их заметил, я бы их тут же прикончил.","Если бы они только шевельнулись, чтоб я их заметил, я бы их тут же прикончил.","If they'd just twitch so I could spot them, I'd finish them on the spot.",manual-reviewed-google,google-draft,jazz-units,452526429322,jazz-units:items.lua:115163
452684503772,Кхм.,Кхм.,Ahem.,manual-reviewed-google,google-draft,jazz-units,452684503772,jazz-units:items.lua:115400
456729335516,"Черт, как мне не хотелось делать!","Чёрт, как же мне не хотелось это делать!","Damn, I really didn't want to do that!",manual-reviewed-google,google-draft,jazz-units,456729335516,jazz-units:items.lua:115264
457634741369,"Я многому научился у Паука, и еще большему научусь. Всегда готов поработать с ней в паре, а раз уж она работает на вас, то значит и я согласен.","Я многому научился у Паука и ещё большему научусь. Всегда готов поработать с ней в паре, а раз уж она работает на вас, значит, и я согласен.","Spider has taught me a great deal, and I still have much to learn from her. I am always glad to work by her side; if she works for you, so will I.",manual-reviewed-google,google-draft,jazz-units,457634741369,jazz-units:items.lua:133059 | jazz-units:UnitData/Thor.lua:93
459606553562,Выброс адреналина! Я чувствую - сейчас что-то случится.,Выброс адреналина! Я чувствую — сейчас что-то случится.,Adrenaline's pumping! I can feel something's about to happen.,manual-reviewed-google,google-draft,jazz-units,459606553562 | 531121055156 | 944512092544,jazz-units:items.lua:116453 | jazz-units:items.lua:116208 | jazz-units:items.lua:116464
462123594221,"По своим лупишь, мля! Нахрена?","По своим лупишь, мля! Нахрена?","You're shooting your own, fucker! What the hell?",manual-reviewed-google,google-draft,jazz-units,462123594221,jazz-units:items.lua:131460
465277985554,Скаут,Скаут,Scout,manual-reviewed-google,google-draft,jazz-units,465277985554,jazz-units:items.lua:86824 | jazz-units:UnitData/JAZZ_Legion_FlankerT2_Scout.lua:21
467553110152,"Мне нужен новый ствол, этот кончился!","Мне нужен новый ствол, этот кончился!",I need a new gun—this one's done!,manual-reviewed-google,google-draft,jazz-units,467553110152,jazz-units:items.lua:131779
473496320013,Сейчас начнется!,Сейчас начнется!,Here we go!,manual-reviewed-google,google-draft,jazz-units,473496320013 | 953737232800,jazz-units:items.lua:116421 | jazz-units:items.lua:116266
488139214789,Нанести! Смыть! Повторить!,Нанести! Смыть! Повторить!,Lather! Rinse! Repeat!,manual-reviewed-google,google-draft,jazz-units,488139214789,jazz-units:items.lua:131594
489328798165,"Лови подачу, сникерс!","Лови подачу, сникерс!","Catch this, Snickers!",manual-reviewed-google,google-draft,jazz-units,489328798165,jazz-units:items.lua:131761
493638022259,Ща под раздачу попаду!,Ща под раздачу попаду!,About to get lit up!,manual-reviewed-google,google-draft,jazz-units,493638022259,jazz-units:items.lua:131656
499865327224,В хорошей компании и работать приятнее....,В хорошей компании и работать приятнее...,Work's always better with good company...,manual-reviewed-google,google-draft,jazz-units,499865327224,jazz-units:items.lua:131121
508177537882,"Капрал Лен Андерсон, сэр! Так точно, сэр! Заебись вышло, сэр!","Капрал Лен Андерсон, сэр! Так точно, сэр! Заебись вышло, сэр!","Corporal Len Anderson, sir! Yes, sir! That was fucking awesome, sir!",manual-reviewed-google,google-draft,jazz-units,508177537882,jazz-units:items.lua:131678
508965931222,Газы!,Газы!,Gas!,manual-reviewed-google,google-draft,jazz-units,508965931222,jazz-units:items.lua:131466
513131038337,Доктор Донна «Паук» Хьюстон,Доктор Донна «Паук» Хьюстон,"Dr. Donna ""Spider"" Houston",manual-reviewed-google,google-draft,jazz-units,513131038337,jazz-units:items.lua:116036 | jazz-units:UnitData/Jazz_Spider.lua:22
514698550653,"Нет, сейчас не получится.","Нет, сейчас не получится.",No. Can't make that shot.,manual-reviewed-google,google-draft,jazz-units,514698550653,jazz-units:items.lua:115136
515173793525,А-а-а-а-а-а,А-а-а-а-а-а,Aaaaaaa!,manual-reviewed-google,google-draft,jazz-units,515173793525,jazz-units:items.lua:131360
522296454319,"Наконец-то! Если повезет, подстрелю пару мужиков.","Наконец-то! Если повезёт, подстрелю пару мужиков.","Finally! With any luck, I'll bag a couple of men.",manual-reviewed-google,google-draft,jazz-units,522296454319,jazz-units:items.lua:115879
522569897458,Я пойду... Только держи от меня подальше этого сукиного сына Рысь и всех остальных мужиков тоже.,Я пойду... Только держи от меня подальше этого сукиного сына Рысь и всех остальных мужиков тоже.,I'll go... Just keep that son of a bitch Lynx—and every other man—away from me.,manual-reviewed-google,google-draft,jazz-units,522569897458,jazz-units:items.lua:115541 | jazz-units:UnitData/Jazz_Buzz.lua:79
531023558183,"Ученье свет, а не ученье - чуть свет и на работу.","Ученье — свет, а неученье — чуть свет и на работу.","Study brings enlightenment; skip it, and you're up at first light for work.",manual-reviewed-google,google-draft,jazz-units,531023558183,jazz-units:items.lua:131531
531483834733,"по моему мнению, Сова - отличный товарищ, и я доверяю ей абсолютно.","По моему мнению, Сова — отличный товарищ, и я доверяю ей полностью.","In my opinion, Raven is an excellent teammate. I trust her completely.",manual-reviewed-google,google-draft,jazz-units,531483834733,jazz-units:items.lua:116403
534127356489,Жизни Саперов Важны,Жизни сапёров важны,Sapper Lives Matter,manual-reviewed-google,google-draft,jazz-units,534127356489,jazz-units:items.lua:131197 | jazz-units:UnitData/JAZZ_Merc_Spouke.lua:26
535112321767,Как в старые добрые!,Как в старые добрые!,Just like old times!,manual-reviewed-google,google-draft,jazz-units,535112321767,jazz-units:items.lua:131128
536970482013,Грид,Грид,Grid,manual-reviewed-google,google-draft,jazz-units,536970482013,jazz-units:Code/Mercenary.lua:168
540645319934,"Найс, брателло. Пошли взрывать.","Найс, брателло. Пошли взрывать.","Nice, bro. Let's go blow shit up.",manual-reviewed-google,google-draft,jazz-units,540645319934,jazz-units:items.lua:131290 | jazz-units:UnitData/JAZZ_Merc_Spouke.lua:119
548780115142,Коммандо,Коммандо,Commando,manual-reviewed-google,google-draft,jazz-units,548780115142 | 890000000000510,jazz-units:items.lua:81696 | jazz-units:UnitData/ThugGunner_Stronger.lua:20 | jazz-units:items.lua:87734 | jazz-units:UnitData/JAZZ_Legion_GunnerT2_AssaultGunner.lua:22
551908327410,Хаузер,Хаузер,Hauser,manual-reviewed-google,google-draft,jazz-units,551908327410,jazz-units:Code/Mercenary.lua:85
555266715833,"Ну чо ж вы, братаны, верняк же фраги были. Эх...","Ну чо ж вы, братаны, верняк же фраги были. Эх...","Come on, bros, those were sure kills. Damn...",manual-reviewed-google,google-draft,jazz-units,555266715833,jazz-units:items.lua:131419
557816817655,"Меня от всей этой компании просто трясет. Убить бы парочку - может, я тогда опять научусь улыбаться.","Меня от всей этой компании просто трясёт. Убить бы парочку — может, я тогда опять научусь улыбаться.",This whole crew has me shaking. Maybe dropping a couple will teach me how to smile again.,manual-reviewed-google,google-draft,jazz-units,557816817655,jazz-units:items.lua:115969
560217604449,Своя!,Своя!,Friendly grenade!,manual-reviewed-google,google-draft,jazz-units,560217604449,jazz-units:items.lua:131759
566163170053,"Окей, время прогуляться по долине смерти.","Окей, время прогуляться по долине смерти.","Okay, time for a walk through the valley of death.",manual-reviewed-google,google-draft,jazz-units,566163170053 | 566547246038 | 637242710997 | 768700996283,jazz-units:items.lua:115123 | jazz-units:items.lua:115185 | jazz-units:items.lua:115376 | jazz-units:items.lua:115128
567807605034,"Командир, экипе надо бы техосмотр провести, туда-сюда, смазать, подшить, подвязать. Есть у нас умелец?","Командир, экипе надо бы техосмотр провести, туда-сюда, смазать, подшить, подвязать. Есть у нас умелец?","Boss, this gear needs a once-over—grease it, stitch it, tie it down. Got a handyman around?",manual-reviewed-google,google-draft,jazz-units,567807605034,jazz-units:items.lua:131509
568327904111,"Да, готов!","Да, готов!","Yes, I'm ready!",manual-reviewed-google,google-draft,jazz-units,568327904111,jazz-units:items.lua:115396
572423503632,"это я его убила! Не знаю, гордиться собой... или меня от себя стошнит! Всего понемножку, наверное!","Это я его убила! Не знаю, гордиться собой... или меня от себя стошнит. Всего понемножку, наверное!","I killed him! I don't know whether to be proud... or sick with myself. Bit of both, I suppose!",manual-reviewed-google,google-draft,jazz-units,572423503632,jazz-units:items.lua:116360
572586373311,"Сломалось, уже почти не держит... Командир, если в бою отвалится, я тебе буду во снах являться. В кошмарах.","Сломалось, уже почти не держит... Командир, если в бою отвалится, я тебе буду во снах являться. В кошмарах.","It's broken, barely holding together... Boss, if it falls apart in combat, I'll haunt your dreams. Your nightmares.",manual-reviewed-google,google-draft,jazz-units,572586373311,jazz-units:items.lua:131508
574520540655,Я бы попросил....,Я бы попросил...,I would ask...,manual-reviewed-google,google-draft,jazz-units,574520540655,jazz-units:items.lua:131142
577658652787,Достало!,Достало!,Enough!,manual-reviewed-google,google-draft,jazz-units,577658652787,jazz-units:items.lua:115789
579655211150,"Мы с Вики Вотерс отлично ладим. Поэтому я готова ответить на ваше предложение согласием, несмотря на некоторые сомнения. Я уверена, что вместе с Вики мы сумеем со всем этим справится.","Мы с Вики Вотерс отлично ладим. Поэтому я готова ответить на ваше предложение согласием, несмотря на некоторые сомнения. Я уверена, что вместе с Вики мы сумеем со всем этим справиться.","Vicki Waters and I work very well together. So despite my reservations, I'm willing to accept. With Vicki beside me, I'm sure we can handle whatever comes.",manual-reviewed-google,google-draft,jazz-units,579655211150,jazz-units:items.lua:116104 | jazz-units:UnitData/Jazz_Spider.lua:90
582016394270,Бэр,Бэр,Bear,manual-reviewed-google,google-draft,jazz-units,582016394270,jazz-units:Code/Mercenary.lua:109
582199010085,"Проклятье, Айс!","Проклятье, Айс!","Damn it, Ice!",manual-reviewed-google,google-draft,jazz-units,582199010085,jazz-units:items.lua:115218
583107492015,Болт,Болт,Bolt,manual-reviewed-google,google-draft,jazz-units,583107492015,jazz-units:Code/Mercenary.lua:127
585790994900,"Кое-кого ближайшие пару дней злить не стоит, понятно. Когда ж вы синхро... синхв... синхрхр... тьфу, сцепитесь уже.","Кое-кого ближайшие пару дней злить не стоит, понятно. Когда ж вы синхро... синхв... синхрхр... тьфу, сцепитесь уже.","Someone should not be pissed off for the next few days, got it? When are you two going to syn-chro... syn-cr... ah, screw it, hook up already.",manual-reviewed-google,google-draft,jazz-units,585790994900,jazz-units:items.lua:131686
597301428007,Мэдден,Мэдден,Madden,manual-reviewed-google,google-draft,jazz-units,597301428007,jazz-units:Code/Mercenary.lua:61
602384197032,Штайнер,Штайнер,Steiner,manual-reviewed-google,google-draft,jazz-units,602384197032,jazz-units:Code/Mercenary.lua:79
609842379014,Колман,Колман,Colman,manual-reviewed-google,google-draft,jazz-units,609842379014,jazz-units:Code/Mercenary.lua:56
618432097815,Нокс,Нокс,Knox,manual-reviewed-google,google-draft,jazz-units,618432097815 | 910000000028 | 910000001020,jazz-units:Code/Mercenary.lua:131 | jazz-units:Code/Legion.lua:30 | jazz-units:Code/Legion.lua:130
619215783391,"прыгает, гоп",(прыгает) Гоп!,(jumps) Hop!,manual-reviewed-google,google-draft,jazz-units,619215783391 | 950600888574,jazz-units:items.lua:116348 | jazz-units:items.lua:116347
619491844894,"Помедленнее, а то у меня будут проблемы с легкими!","Помедленнее, а то у меня будут проблемы с легкими!",Slow down or my lungs will give out!,manual-reviewed-google,google-draft,jazz-units,619491844894,jazz-units:items.lua:116319
620020470489,Лучше не бывает! Не часто можно получить такое удовлетворение от нашей работы. ,Лучше не бывает! Не часто можно получить такое удовлетворение от нашей работы.,Couldn't be better. You don't often get this much satisfaction from the job.,manual-reviewed-google,google-draft,jazz-units,620020470489,jazz-units:items.lua:115203
623794979175,Осадный отряд,Осадный отряд,Siege Squad,manual-reviewed-google,google-draft,jazz-units,623794979175,jazz-units:items.lua:96150 | jazz-units:items.lua:96299 | jazz-units:items.lua:96463 | jazz-units:items.lua:96572 | jazz-units:items.lua:96694
623795138668,Мрачная судьба,Мрачная судьба,Grim Fate,manual-reviewed-google,google-draft,jazz-units,623795138668,jazz-units:CharacterEffect/TheGrim.lua:31 | jazz-units:items.lua:143251
624356366496,"Это Руди Робертс. Меня прозвали Рысь. Раз Вы позвонили - возможно, вы обо мне слышали. В любом случае, просто оставьте сообщение, и я с вами свяжусь.","Это Руди Робертс. Меня прозвали Рысь. Раз вы позвонили, возможно, вы обо мне слышали. В любом случае просто оставьте сообщение, и я с вами свяжусь.","This is Rudy Roberts, better known as Lynx. Since you're calling, you've probably heard of me. Leave a message and I'll get back to you.",manual-reviewed-google,google-draft,jazz-units,624356366496,jazz-units:items.lua:115044
625207669816,Да-а.,Да-а.,Yeeah.,manual-reviewed-google,google-draft,jazz-units,625207669816,jazz-units:items.lua:131696
628549368420,Разведчик,Разведчик,Scout,manual-reviewed-google,google-draft,jazz | jazz-units,628549368420 | 890000000001348,jazz:items.lua:26 | jazz-units:items.lua:87130 | jazz-units:UnitData/JAZZ_Legion_FlankerT3_Recon.lua:22
633598512041,"Тик-так, мазафака, тиик-тааак.","Тик-так, мазафака, тиик-тааак.","Tick-tock, motherfucker, tick-tock.",manual-reviewed-google,google-draft,jazz-units,633598512041,jazz-units:items.lua:131275 | jazz-units:UnitData/JAZZ_Merc_Spouke.lua:104
635392951739,"Я стала очень раздражительной, и производительность упала.","Я стала очень раздражительной, и производительность упала.","I'm getting cranky, and my productivity's shot.",manual-reviewed-google,google-draft,jazz-units,635392951739,jazz-units:items.lua:115776
638833823539,"Не представляю, как. ","Не представляю, как.",Can't see how.,manual-reviewed-google,google-draft,jazz-units,638833823539,jazz-units:items.lua:115700
638847714296,Пойдет.,Пойдет.,That'll do.,manual-reviewed-google,google-draft,jazz-units,638847714296,jazz-units:items.lua:115356
650582191601,"Всем оставаться на чеку, сектор не зачищен.","Всем оставаться начеку, сектор не зачищен.","Stay sharp, everyone. Sector's not clear.",manual-reviewed-google,google-draft,jazz-units,650582191601,jazz-units:items.lua:131378
654136216360,Я держу этот участок. Если что-то шевельнётся - узнаю первым,Я держу этот участок. Если что-то шевельнётся — узнаю первым.,"I've got this patch. If anything moves, I'll know first.",manual-reviewed-google,google-draft,jazz-units,654136216360,jazz-units:items.lua:114883
654982270798,"Ну что ж, это никак не назовешь ""идеальными условиями"", но, раз это дает шанс работать с Айсом - я иду с вами.","Ну что ж, это никак не назовёшь «идеальными условиями», но, раз это даёт шанс работать с Айсом, я иду с вами.","Well, I wouldn't call these 'ideal conditions,' but if it means working with Ice, I'm in.",manual-reviewed-google,google-draft,jazz-units,654982270798,jazz-units:items.lua:115016
658024542546,А я и не удивляюсь..! Уж Вики умеет работать!,А я и не удивляюсь! Уж Вики умеет работать!,No surprise there! Vicki knows her job!,manual-reviewed-google,google-draft,jazz-units,658024542546,jazz-units:items.lua:116467
658824394701,"Тяжелая участь солдата, сука...","Тяжёлая участь солдата, сука...","A soldier's lot is a hard one, damn...",manual-reviewed-google,google-draft,jazz-units,658824394701,jazz-units:items.lua:131437
659647363192,"Может, удастся прихлопнуть тараканчика.","Может, удастся прихлопнуть тараканчика.",Maybe I can squash this little cockroach.,manual-reviewed-google,google-draft,jazz-units,659647363192,jazz-units:items.lua:115688
663837406922,Пуляло,Пуляло,Gunner,manual-reviewed-google,google-draft,jazz-units,663837406922 | 747716825453,jazz-units:items.lua:87469 | jazz-units:UnitData/JAZZ_Legion_GunnerT1_Gunner.lua:22 | jazz-units:items.lua:81579 | jazz-units:UnitData/ThugGunner.lua:20
680606004654,"Он может считать, что ему повезло...","Он может считать, что ему повезло...",Lucky him...,manual-reviewed-google,google-draft,jazz-units,680606004654,jazz-units:items.lua:115898
680951234078,Пин,Пин,Pin,manual-reviewed-google,google-draft,jazz-units,680951234078,jazz-units:Code/Mercenary.lua:163
683199688740,Лишь бы растяжки не оказалось.,Лишь бы растяжки не оказалось.,Hope there isn't a tripwire.,manual-reviewed-google,google-draft,jazz-units,683199688740,jazz-units:items.lua:131542
685769555215,Слушаю!,Слушаю!,I'm listening!,manual-reviewed-google,google-draft,jazz-units,685769555215,jazz-units:items.lua:116490
687305083067,Отлично! Сейчас будет весело!,Отлично! Сейчас будет весело!,Great! Now this'll be fun!,manual-reviewed-google,google-draft,jazz-units,687305083067,jazz-units:items.lua:115844
688594235320,чо,Чё?,Huh?,manual-reviewed-google,google-draft,jazz-units,688594235320,jazz-units:items.lua:115408
697898544301,Ах какая же я лицемерка!,Ах какая же я лицемерка!,"Oh, what a hypocrite I am!",manual-reviewed-google,google-draft,jazz-units,697898544301,jazz-units:items.lua:116426
701454824479,Гммммм...,Гммммм...,Hmmmmm...,manual-reviewed-google,google-draft,jazz-units,701454824479 | 942359520376,jazz-units:items.lua:115401 | jazz-units:items.lua:115153
703962671528,Тут хреновина какая-то.,Тут хреновина какая-то.,There's some kind of gizmo here.,manual-reviewed-google,google-draft,jazz-units,703962671528,jazz-units:items.lua:131543
704031871886,Вижу бомбу на земле! Эта бомба - это мне?,Вижу бомбу на земле! Эта бомба — мне?,Bomb on the ground! Is that for me?,manual-reviewed-google,google-draft,jazz-units,704031871886,jazz-units:items.lua:131563
704518239016,Моро,Моро,Moro,manual-reviewed-google,google-draft,jazz-units,704518239016,jazz-units:Code/Mercenary.lua:72
705978782029,Давайте попробуем не повторять эту ошибку.,Давайте попробуем не повторять эту ошибку.,Let's not make that mistake again.,manual-reviewed-google,google-draft,jazz-units,705978782029,jazz-units:items.lua:116213
709132175659,Разведчик Сапер,Разведчик Сапер,Recon Sapper,manual-reviewed-google,google-draft,jazz-units,709132175659,jazz-units:items.lua:89121 | jazz-units:UnitData/ArmyCommando_Demolution.lua:20
709745548820,Разведчик Снайпер,Разведчик Снайпер,Recon Sniper,manual-reviewed-google,google-draft,jazz-units,709745548820,jazz-units:items.lua:89179 | jazz-units:UnitData/ArmyCommando_Sniper.lua:20
711036928551,Дэвис,Дэвис,Davis,manual-reviewed-google,google-draft,jazz-units,711036928551,jazz-units:Code/Mercenary.lua:50
712211577936,"Скажи им, чтоб сбились в кучку, брателло! Заебеню им групповое фото.","Скажи им, чтоб сбились в кучку, брателло! Заебеню им групповое фото.","Tell them to bunch up, bro! I'll take a fucking group photo.",manual-reviewed-google,google-draft,jazz-units,712211577936,jazz-units:items.lua:131551
712930475612,Слэш,Слэш,Slash,manual-reviewed-google,google-draft,jazz-units,712930475612 | 910000000058,jazz-units:Code/Mercenary.lua:140 | jazz-units:Code/Legion.lua:60
713805168468,"Крою сектор, пацаны! Муха не просвистит!","Крою сектор, пацаны! Муха не просвистит!","Covering the sector, boys! Not even a fly gets through!",manual-reviewed-google,google-draft,jazz-units,713805168468,jazz-units:items.lua:131652
713865724075,"Окей, я остаюсь.","Окей, я остаюсь.","Okay, I'll stay.",manual-reviewed-google,google-draft,jazz-units,713865724075,jazz-units:items.lua:115637 | jazz-units:UnitData/Jazz_Buzz.lua:175
717418830781,Алмазная Донна полевой хирургии.,Алмазная Донна полевой хирургии.,Diamond Donna of Field Surgery,manual-reviewed-google,google-draft,jazz-units,717418830781,jazz-units:items.lua:116041 | jazz-units:UnitData/Jazz_Spider.lua:27
722019872331,Это мне самоуважения никак не прибавит. Проехали.,Это мне самоуважения никак не прибавит. Проехали.,Won't do much for my self-respect. Forget it.,manual-reviewed-google,google-draft,jazz-units,722019872331 | 835414162205 | 976384972004,jazz-units:items.lua:115191 | jazz-units:items.lua:115270 | jazz-units:items.lua:115301
728684721778,дышит,(дышит),(breathing),manual-reviewed-google,google-draft,jazz-units,728684721778 | 805237805844,jazz-units:items.lua:115242 | jazz-units:items.lua:115241
735135614427,Чужак!,Чужак!,Intruder!,manual-reviewed-google,google-draft,jazz-units,735135614427,jazz-units:items.lua:115880
736336478739,Вот это выстрел! Зверь и опомниться не успел,Вот это выстрел! Зверь и опомниться не успел.,Now that's a shot! The beast never knew what hit it.,manual-reviewed-google,google-draft,jazz-units,736336478739,jazz-units:items.lua:114872
740204922473,"Ищем, ищем. Жирафий сын где-то рядом.","Ищем, ищем. Жирафий сын где-то рядом.",Keep looking. That son of a giraffe is close.,manual-reviewed-google,google-draft,jazz-units,740204922473,jazz-units:items.lua:131733
741379309876,"Если бы все звери так легко сдавались, джунгли стали бы курортом","Если бы все звери так легко сдавались, джунгли стали бы курортом.","If every beast went down that easily, the jungle would be a resort.",manual-reviewed-google,google-draft,jazz-units,741379309876,jazz-units:items.lua:114874
741570005839,Известен не за красивые глаза,Известен не за красивые глаза,More Than a Pretty Face,manual-reviewed-google,google-draft,jazz-units,741570005839,jazz-units:items.lua:114935
746957720143,Сова сразу произвела на меня приятное впечатление - и я попала в точку!,Сова сразу произвела на меня приятное впечатление — и я попала в точку!,Raven made a great first impression—and I was right on target!,manual-reviewed-google,google-draft,jazz-units,746957720143,jazz-units:items.lua:116470
752313157556,Джон,Джон,John,manual-reviewed-google,google-draft,jazz-units,752313157556,jazz-units:Code/Mercenary.lua:2
752313157560,Джеймс,Джеймс,James,manual-reviewed-google,google-draft,jazz-units,752313157560,jazz-units:Code/Mercenary.lua:6
752313157561,Алекс,Алекс,Alex,manual-reviewed-google,google-draft,jazz-units,752313157561,jazz-units:Code/Mercenary.lua:7
752313157564,Шон,Шон,Sean,manual-reviewed-google,google-draft,jazz-units,752313157564,jazz-units:Code/Mercenary.lua:10
752313157565,Кевин,Кевин,Kevin,manual-reviewed-google,google-draft,jazz-units,752313157565,jazz-units:Code/Mercenary.lua:11
752313157567,Кайл,Кайл,Kyle,manual-reviewed-google,google-draft,jazz-units,752313157567,jazz-units:Code/Mercenary.lua:13
752313157573,Бен,Бен,Ben,manual-reviewed-google,google-draft,jazz-units,752313157573,jazz-units:Code/Mercenary.lua:19
752313157577,Арно,Арно,Arno,manual-reviewed-google,google-draft,jazz-units,752313157577,jazz-units:Code/Mercenary.lua:23
752313157580,Лоран,Лоран,Laurent,manual-reviewed-google,google-draft,jazz-units,752313157580,jazz-units:Code/Mercenary.lua:26
752313157584,Бенуа,Бенуа,Benoit,manual-reviewed-google,google-draft,jazz-units,752313157584,jazz-units:Code/Mercenary.lua:30
752313157587,Курт,Курт,Kurt,manual-reviewed-google,google-draft,jazz-units,752313157587,jazz-units:Code/Mercenary.lua:33
752313157591,Мартин,Мартин,Martin,manual-reviewed-google,google-draft,jazz-units,752313157591,jazz-units:Code/Mercenary.lua:37
752313157594,Клаус,Клаус,Klaus,manual-reviewed-google,google-draft,jazz-units,752313157594,jazz-units:Code/Mercenary.lua:40
752524055707,"Без шума, без пыли. Вот это работа","Без шума, без пыли. Вот это работа.",Quiet and clean. Now that's work.,manual-reviewed-google,google-draft,jazz-units,752524055707,jazz-units:items.lua:114878
752676296336,Да чтоб его... бля...,Да чтоб его... бля...,Goddammit... fuck...,manual-reviewed-google,google-draft,jazz-units,752676296336,jazz-units:items.lua:131782
754182147566,"Смотри-ка, местные жители. И они явно не рады гостям","Смотри-ка, местные жители. И они явно не рады гостям.","Look, locals. And they don't seem happy to see visitors.",manual-reviewed-google,google-draft,jazz-units,754182147566,jazz-units:items.lua:114867
754225917996,"Нет, не пойдет. Мне такое ни к чему - ни уму, ни сердцу, ясно? Извини.","Нет, не пойдёт. Мне такое ни к чему — ни уму, ни сердцу, ясно? Извини.","No, that won't do. It does nothing for me—head or heart, got it? Sorry.",manual-reviewed-google,google-draft,jazz-units,754225917996,jazz-units:items.lua:114976
756807324263,Ай! Мисс Зондергард! Это было в высшей степени непрофессионально с вашей стороны! Выбирайте мишень тщательнее! Уж будьте любезны потрудиться!,Ай! Мисс Зондергард! Это было в высшей степени непрофессионально с вашей стороны! Выбирайте мишень тщательнее! Уж будьте любезны потрудиться!,Ow! Miss Sondergaard! That was highly unprofessional! Kindly choose your targets more carefully!,manual-reviewed-google,google-draft,jazz-units,756807324263,jazz-units:items.lua:116308
758813083028,Ты мне СЕЙЧАС решил припомнить ту девчонку? Вот прям ваще другого случая не нашел?,Ты мне СЕЙЧАС решил припомнить ту девчонку? Вот прям ваще другого случая не нашел?,"You picked NOW to bring up that girl? Seriously, couldn't you find a better time?",manual-reviewed-google,google-draft,jazz-units,758813083028,jazz-units:items.lua:131451
760366688044,"Да уж, капрал не молодеет.","Да уж, капрал не молодеет.","Yeah, Corporal's not getting any younger.",manual-reviewed-google,google-draft,jazz-units,760366688044,jazz-units:items.lua:131588
761196135748,"Я уверена, что вместе с Вики мы сумеем со всем этим справится.","Я уверена, что вместе с Вики мы сумеем со всем этим справиться.",I'm sure Vicki and I can handle all this together.,manual-reviewed-google,google-draft,jazz-units,761196135748,jazz-units:items.lua:116400
777362713522,"Э, Майор, прекращай! А то подумаю, что за старое взялся, и подброшу пластида в носок.","Э, Майор, прекращай! А то подумаю, что за старое взялся, и подброшу пластида в носок.","Hey, Major, knock it off! Or I'll think you're back to your old tricks and slip some plastique into your sock.",manual-reviewed-google,google-draft,jazz-units,777362713522,jazz-units:items.lua:131457
780344747381,Тяжелый характер,Мстительный характер,Vengeful Temperament,manual-reviewed-google,google-draft,jazz-units,780344747381,jazz-units:CharacterEffect/VengefulTemperament.lua:27 | jazz-units:items.lua:143287
783125522540,Скучно. Давай хоть маленькую петардочку жахну?,Скучно. Давай хоть маленькую петардочку жахну?,Bored. Can I at least set off one little firecracker?,manual-reviewed-google,google-draft,jazz-units,783125522540,jazz-units:items.lua:131643
788485574959,Эти твари всегда ходят стаей. Если одна тут - скоро будет десяток,Эти твари всегда ходят стаей. Если одна тут — скоро будет десяток.,"These creatures always travel in packs. If there's one here, a dozen more will follow.",manual-reviewed-google,google-draft,jazz-units,788485574959,jazz-units:items.lua:114869
789208109513,"""У всех проблем одно начало - сидела женщина, скучала"". Жизнь Руди Робертса до его работы в Организации была лишена каких-то потрясений и шла как по накатанной. Охота на исчезающие виды животных, немногочисленные заказы на исчезновение людей - рутина. Ну, на ""Длинную милю"" раз в год съездит, но и там уже почти не осталось вызовов. И так было, пока после задания на Метавире, он не закрутил роман с новобранцем организации Луизой Гарно. (Презрев древнее правило - не ешь, там где гадишь). Сюрпризом оказалось наличие у Луизы маниакально-депрессивного расстройства личности в тяжелой форме, так-то, требующего принудительного лечения в соответствующем учреждении. А лечения Луиза избегала благодаря связям своего влиятельного папаши-генерала. Да и будем честны, кто в здравом уме сможет принудить Тоску к чему то, чего она сама не хочет? Так что теперь жизнь Рыси полна развлечений, в первую очередь связанных с поиском уголка Земли, в котором Тоска не сможет до него добраться.","«У всех проблем одно начало: сидела женщина, скучала». До работы в Организации жизнь Руди Робертса шла без особых потрясений. Охота на вымирающие виды, редкие заказы на исчезновение людей — обычная рутина. Раз в год он отправлялся на «Длинную милю», но даже там почти не осталось настоящих испытаний. Всё изменилось после задания на Метавире, когда Руди закрутил роман с новобранцем Организации Луизой Гарно, презрев древнее правило: не ешь там, где гадишь. Вскоре выяснилось, что Луиза страдает тяжёлым маниакально-депрессивным расстройством и нуждается в принудительном лечении. От лечения её спасали связи влиятельного отца-генерала. Да и будем честны: кто в здравом уме заставит Тоску делать то, чего она не хочет? Теперь жизнь Рыси полна приключений — главным образом поисков такого уголка Земли, куда Тоска до него не доберётся.","""Every problem starts the same way: a woman gets bored."" Before joining the Organization, Rudy Roberts led an uneventful life. Hunting endangered species and taking the occasional contract to make someone disappear were all routine. Once a year he made the trip to the ""Long Mile,"" but even that offered few challenges anymore. Everything changed after a mission on Metavira, when he began an affair with new Organization recruit Louise Garneau, ignoring the ancient rule: don't eat where you shit. He soon discovered that Louise had a severe manic-depressive disorder that called for involuntary treatment. Her influential general father kept her out of care. And honestly, who in their right mind could force Tosca to do anything she didn't want? Now Lynx's life is full of excitement, most of it spent searching for a corner of the Earth Tosca can't reach.",manual-reviewed-google,google-draft,jazz-units,789208109513,jazz-units:items.lua:114933
793783090759,"Либо она, либо мы!","Либо она, либо мы!",It's either her or us!,manual-reviewed-google,google-draft,jazz-units,793783090759,jazz-units:items.lua:116287
795013246087,Пойнт,Пойнт,Point,manual-reviewed-google,google-draft,jazz-units,795013246087,jazz-units:Code/Mercenary.lua:161
802514970613,Сут,Сут,Soot,manual-reviewed-google,google-draft,jazz-units,802514970613,jazz-units:Code/Mercenary.lua:153
807134295687,Сайленд,Сайленд,Silent,manual-reviewed-google,google-draft,jazz-units,807134295687,jazz-units:Code/Mercenary.lua:171
807861534450,"Ну вы чо, парни, куда вы лупите? Целик, мушка, мишень! Мишени - это вон те трафареты, мля!","Ну вы чё, парни, куда вы лупите? Целик, мушка, мишень! Мишени — это вон те трафареты, мля!","Come on, guys, where are you shooting? Rear sight, front sight, target! The targets are those silhouettes over there, fuckers!",manual-reviewed-google,google-draft,jazz-units,807861534450,jazz-units:items.lua:131727
810492635074,Тэп,Тэп,Tap,manual-reviewed-google,google-draft,jazz-units,810492635074,jazz-units:Code/Mercenary.lua:166
811544676732,"Ах ты, мля, выкидыш жирафа, так по красоте шли.","Ах ты, мля, выкидыш жирафа, так по красоте шли.","Ah, fuck, you giraffe miscarriage—we were doing so well.",manual-reviewed-google,google-draft,jazz-units,811544676732,jazz-units:items.lua:131407
827079724044,"Не, братан, дохлый номер.","Не, братан, дохлый номер.","Nah, bro. No chance.",manual-reviewed-google,google-draft,jazz-units,827079724044,jazz-units:items.lua:131344
839102182062,(Кашель),(кашляет),(coughs),manual-reviewed-google,google-draft,jazz-units,839102182062,jazz-units:items.lua:131467
843643649503,"Мля-а-а-а... Эти бабуины капрала завалили, падлы. Чо теперь делать-то?","Мля-а-а-а... Эти бабуины капрала завалили, падлы. Чо теперь делать-то?","Fuuuck... Those baboons killed the Corporal, bastards. What do we do now?",manual-reviewed-google,google-draft,jazz-units,843643649503,jazz-units:items.lua:131431
843953750983,Элитный стрелок,Элитный стрелок,Elite Marksman,manual-reviewed-google,google-draft,jazz-units,843953750983,jazz-units:items.lua:91830 | jazz-units:UnitData/AdonisSoldier_Elite.lua:20
846135709250,Спир,Спир,Spear,manual-reviewed-google,google-draft,jazz-units,846135709250,jazz-units:Code/Mercenary.lua:138
846317873771,"Нады(кашель)мили, скоты.","Нады(кашель)мили, скоты.","They smo(cough)ked us out, bastards.",manual-reviewed-google,google-draft,jazz-units,846317873771,jazz-units:items.lua:131468
846981672044,Тшш-шш. Не шуми. Тут за шум я решаю.,Тшш-шш. Не шуми. Тут за шум я решаю.,Shh. Keep it down. I'm in charge of noise around here.,manual-reviewed-google,google-draft,jazz-units,846981672044,jazz-units:items.lua:131402
849583853920,"Ой-ей. Ладно, это подлатаем.","Ой-ей. Ладно, это подлатаем.","Ow. All right, we can patch this.",manual-reviewed-google,google-draft,jazz-units,849583853920,jazz-units:items.lua:131789
853213611494,Рысь! ,Рысь!,Lynx!,manual-reviewed-google,google-draft,jazz-units,853213611494,jazz-units:items.lua:115394
855526083813,"Так и тапки сбросить не долго... Эх, мля, надо было в колледж поступать... На химика...","Так и тапки сбросить недолго... Эх, мля, надо было в колледж поступать... На химика...","Could kick the bucket like this... Fuck, should've gone to college... studied chemistry...",manual-reviewed-google,google-draft,jazz-units,855526083813,jazz-units:items.lua:131710
861905427160,Пэнтер,Пэнтер,Panther,manual-reviewed-google,google-draft,jazz-units,861905427160,jazz-units:Code/Mercenary.lua:150
861927014589,Вольф,Вольф,Wolf,manual-reviewed-google,google-draft,jazz-units,861927014589 | 993042615284,jazz-units:Code/Mercenary.lua:95 | jazz-units:Code/Mercenary.lua:84
865021347183,О!,О!,Ow!,manual-reviewed-google,google-draft,jazz-units,865021347183,jazz-units:items.lua:116459
865263260973,Смена позиции!,Смена позиции!,Repositioning!,manual-reviewed-google,google-draft,jazz-units,865263260973,jazz-units:items.lua:131742
879381074193,"Что-то, прямо здесь!",Что-то прямо здесь!,Something right here!,manual-reviewed-google,google-draft,jazz-units,879381074193 | 928161401130,jazz-units:items.lua:115831 | jazz-units:items.lua:115809
880961384603,"А вот и ""подарочки"" с той стороны.",А вот и «подарочки» с той стороны.,And here are their little 'gifts.',manual-reviewed-google,google-draft,jazz-units,880961384603,jazz-units:items.lua:131568
885406546804,"Не представляю, как можно это сделать. Как врач, я стараюсь уважать чужую жизнь, насколько это возможно при такой работе, конечно.","Не представляю, как можно это сделать. Как врач, я стараюсь уважать чужую жизнь, насколько это возможно при такой работе, конечно.","I don't know how anyone can do this. As a doctor, I try to respect life—as much as this line of work allows, of course.",manual-reviewed-google,google-draft,jazz-units,885406546804,jazz-units:items.lua:116517
888762070322,"Ужасно. Говорится ""врач, исцелися сам"", а не ""убей другого врача"". Надеюсь, там, где сейчас фройляйн Хьюстон, у нее нет таких проблем.","Ужасно. Говорится ""врач, исцелися сам"", а не ""убей другого врача"". Надеюсь, там, где сейчас фройляйн Хьюстон, у нее нет таких проблем.","Terrible. The saying is 'physician, heal thyself,' not 'kill another physician.' I hope Fräulein Houston has no such troubles wherever she is now.",manual-reviewed-google,google-draft,jazz-units,888762070322,jazz-units:items.lua:139505
889908965912,"Делай, как считаешь нужным.","Делай, как считаешь нужным.",Do as you see fit.,manual-reviewed-google,google-draft,jazz-units,889908965912,jazz-units:items.lua:115355
890960021320,"Растяжка, типа. Да я в тринадцать круче бомбы собирал.","Растяжка, типа. Да я в тринадцать круче бомбы собирал.","Tripwire, I guess. I built better bombs when I was thirteen.",manual-reviewed-google,google-draft,jazz-units,890960021320,jazz-units:items.lua:131565
891282281925,"Командир, мля! НАДО! СРОЧНО! ЧО-ТО! ДЕЛАТЬ! ","Командир, мля! НАДО! СРОЧНО! ЧТО-ТО! ДЕЛАТЬ!","Commander, fuck! WE! NEED! TO! DO! SOMETHING! NOW!",manual-reviewed-google,google-draft,jazz-units,891282281925,jazz-units:items.lua:131736
901031758481,Вернемся к делу.,Вернёмся к делу.,Let's get back to it.,manual-reviewed-google,google-draft,jazz-units,901031758481,jazz-units:items.lua:131270 | jazz-units:UnitData/JAZZ_Merc_Spouke.lua:99
902814314514,Прыжок,(прыгает),(jumps),manual-reviewed-google,google-draft,jazz-units,902814314514,jazz-units:items.lua:131515
910000000000,Биг,Биг,Big,manual-reviewed-google,google-draft,jazz-units,910000000000 | 910000001033 | 910000001252,jazz-units:Code/Legion.lua:2 | jazz-units:Code/Legion.lua:143 | jazz-units:Code/Legion.lua:362
910000000003,Кинг,Кинг,King,manual-reviewed-google,google-draft,jazz-units,910000000003 | 910000001012 | 910000001047,jazz-units:Code/Legion.lua:5 | jazz-units:Code/Legion.lua:122 | jazz-units:Code/Legion.lua:157
910000000011,Шэдоу,Шэдоу,Shadow,manual-reviewed-google,google-draft,jazz-units,910000000011 | 910000001019 | 999108347125,jazz-units:Code/Legion.lua:13 | jazz-units:Code/Legion.lua:129 | jazz-units:Code/Mercenary.lua:158
910000000017,Ман,Ман,Man,manual-reviewed-google,google-draft,jazz-units,910000000017 | 910000001010 | 910000001051 | 910000001056,jazz-units:Code/Legion.lua:19 | jazz-units:Code/Legion.lua:120 | jazz-units:Code/Legion.lua:161 | jazz-units:Code/Legion.lua:166
910000000018,Папа,Папа,Papa,manual-reviewed-google,google-draft,jazz-units,910000000018,jazz-units:Code/Legion.lua:20
910000000023,Соул,Соул,Soul,manual-reviewed-google,google-draft,jazz-units,910000000023,jazz-units:Code/Legion.lua:25
910000000029,Кобальт,Кобальт,Cobalt,manual-reviewed-google,google-draft,jazz-units,910000000029,jazz-units:Code/Legion.lua:31
910000000030,Снейк,Снейк,Snake,manual-reviewed-google,google-draft,jazz-units,910000000030,jazz-units:Code/Legion.lua:32
910000000034,Тигр,Тигр,Tiger,manual-reviewed-google,google-draft,jazz-units,910000000034 | 910000001046,jazz-units:Code/Legion.lua:36 | jazz-units:Code/Legion.lua:156
910000000038,Дьюк,Дьюк,Duke,manual-reviewed-google,google-draft,jazz-units,910000000038 | 910000001041,jazz-units:Code/Legion.lua:40 | jazz-units:Code/Legion.lua:151
910000000042,Файях,Файях,Fayah,manual-reviewed-google,google-draft,jazz-units,910000000042,jazz-units:Code/Legion.lua:44
910000000046,Файябой,Файябой,Fayaboy,manual-reviewed-google,google-draft,jazz-units,910000000046,jazz-units:Code/Legion.lua:48
910000000048,Донбой,Донбой,Donboy,manual-reviewed-google,google-draft,jazz-units,910000000048,jazz-units:Code/Legion.lua:50
910000000052,Ган,Ган,Gun,manual-reviewed-google,google-draft,jazz-units,910000000052 | 910000001015 | 910000001053,jazz-units:Code/Legion.lua:54 | jazz-units:Code/Legion.lua:125 | jazz-units:Code/Legion.lua:163
910000000055,Хит,Хит,Hit,manual-reviewed-google,google-draft,jazz-units,910000000055 | 910000001240 | 910000002161,jazz-units:Code/Legion.lua:57 | jazz-units:Code/Legion.lua:350 | jazz-units:Code/Legion.lua:528
910000000059,Дарк,Дарк,Dark,manual-reviewed-google,google-draft,jazz-units,910000000059 | 910000001038,jazz-units:Code/Legion.lua:61 | jazz-units:Code/Legion.lua:148
910000000063,Трипл,Трипл,Triple,manual-reviewed-google,google-draft,jazz-units,910000000063,jazz-units:Code/Legion.lua:65
910000000064,Куик,Куик,Quick,manual-reviewed-google,google-draft,jazz-units,910000000064,jazz-units:Code/Legion.lua:66
910000000070,Голд,Голд,Gold,manual-reviewed-google,google-draft,jazz-units,910000000070 | 910000000111 | 910000001035,jazz-units:Code/Legion.lua:72 | jazz-units:Code/Legion.lua:103 | jazz-units:Code/Legion.lua:145
910000000073,Бронкс,Бронкс,Bronx,manual-reviewed-google,google-draft,jazz-units,910000000073,jazz-units:Code/Legion.lua:75
910000000074,Худ,Худ,Hood,manual-reviewed-google,google-draft,jazz-units,910000000074,jazz-units:Code/Legion.lua:76
910000000075,Кингстон,Кингстон,Kingston,manual-reviewed-google,google-draft,jazz-units,910000000075,jazz-units:Code/Legion.lua:77
910000000078,Слоу,Слоу,Slow,manual-reviewed-google,google-draft,jazz-units,910000000078,jazz-units:Code/Legion.lua:80
910000000080,Лоу,Лоу,Low,manual-reviewed-google,google-draft,jazz-units,910000000080 | 910000001246 | 910000002167,jazz-units:Code/Legion.lua:82 | jazz-units:Code/Legion.lua:356 | jazz-units:Code/Legion.lua:534
910000000083,Петит,Петит,Petit,manual-reviewed-google,google-draft,jazz-units,910000000083,jazz-units:Code/Legion.lua:85
910000000086,Литл,Литл,Little,manual-reviewed-google,google-draft,jazz-units,910000000086,jazz-units:Code/Legion.lua:88
910000000092,Стик,Стик,Stick,manual-reviewed-google,google-draft,jazz-units,910000000092,jazz-units:Code/Legion.lua:94
910000000095,Флоу,Флоу,Flow,manual-reviewed-google,google-draft,jazz-units,910000000095 | 910000001013 | 910000001155 | 910000002065,jazz-units:Code/Legion.lua:97 | jazz-units:Code/Legion.lua:123 | jazz-units:Code/Legion.lua:265 | jazz-units:Code/Legion.lua:432
910000000098,Бэйби,Бэйби,Baby,manual-reviewed-google,google-draft,jazz-units,910000000098 | 910000001059 | 910000001104 | 910000002014,jazz-units:Code/Legion.lua:100 | jazz-units:Code/Legion.lua:169 | jazz-units:Code/Legion.lua:214 | jazz-units:Code/Legion.lua:381
910000000113,Семерка,Семерка,Seven,manual-reviewed-google,google-draft,jazz-units,910000000113,jazz-units:Code/Legion.lua:105
910000001003,Ди,Ди,Dee,manual-reviewed-google,google-draft,jazz-units,910000001003,jazz-units:Code/Legion.lua:113
910000001005,Мэн,Мэн,Man,manual-reviewed-google,google-draft,jazz-units,910000001005,jazz-units:Code/Legion.lua:115
910000001032,Лайф,Лайф,Life,manual-reviewed-google,google-draft,jazz-units,910000001032,jazz-units:Code/Legion.lua:142
910000001060,Гуч,Гуч,Gooch,manual-reviewed-google,google-draft,jazz-units,910000001060 | 910000001105 | 910000002015,jazz-units:Code/Legion.lua:170 | jazz-units:Code/Legion.lua:215 | jazz-units:Code/Legion.lua:382
910000001062,Тригга,Тригга,Trigga,manual-reviewed-google,google-draft,jazz-units,910000001062 | 910000002000,jazz-units:Code/Legion.lua:172 | jazz-units:Code/Legion.lua:367
910000001063,Слик,Слик,Slick,manual-reviewed-google,google-draft,jazz-units,910000001063 | 910000002001,jazz-units:Code/Legion.lua:173 | jazz-units:Code/Legion.lua:368
910000001068,Бэндо,Бэндо,Bendo,manual-reviewed-google,google-draft,jazz-units,910000001068 | 910000002006,jazz-units:Code/Legion.lua:178 | jazz-units:Code/Legion.lua:373
910000001070,Трей,Трей,Trey,manual-reviewed-google,google-draft,jazz-units,910000001070 | 910000002008,jazz-units:Code/Legion.lua:180 | jazz-units:Code/Legion.lua:375
910000001076,Грэйм,Грэйм,Graeme,manual-reviewed-google,google-draft,jazz-units,910000001076 | 910000002144,jazz-units:Code/Legion.lua:186 | jazz-units:Code/Legion.lua:511
910000001078,Рак,Рок,Rock,manual-reviewed-google,google-draft,jazz-units,910000001078 | 910000002146,jazz-units:Code/Legion.lua:188 | jazz-units:Code/Legion.lua:513
910000001080,Мэйс,Мэйс,Mace,manual-reviewed-google,google-draft,jazz-units,910000001080 | 910000002148,jazz-units:Code/Legion.lua:190 | jazz-units:Code/Legion.lua:515
910000001085,Стикс,Стикс,Styx,manual-reviewed-google,google-draft,jazz-units,910000001085 | 910000001142 | 910000002052,jazz-units:Code/Legion.lua:195 | jazz-units:Code/Legion.lua:252 | jazz-units:Code/Legion.lua:419
910000001088,Дэй,Дэй,Day,manual-reviewed-google,google-draft,jazz-units,910000001088,jazz-units:Code/Legion.lua:198
910000001093,Крид,Крид,Creed,manual-reviewed-google,google-draft,jazz-units,910000001093,jazz-units:Code/Legion.lua:203
910000001106,Танк,Танк,Tank,manual-reviewed-google,google-draft,jazz-units,910000001106 | 910000002016,jazz-units:Code/Legion.lua:216 | jazz-units:Code/Legion.lua:383
910000001109,Джизи,Джизи,Jeezy,manual-reviewed-google,google-draft,jazz-units,910000001109 | 910000002019,jazz-units:Code/Legion.lua:219 | jazz-units:Code/Legion.lua:386
910000001113,Гринго,Гринго,Gringo,manual-reviewed-google,google-draft,jazz-units,910000001113 | 910000002023,jazz-units:Code/Legion.lua:223 | jazz-units:Code/Legion.lua:390
910000001114,Капо,Капо,Capo,manual-reviewed-google,google-draft,jazz-units,910000001114 | 910000002024,jazz-units:Code/Legion.lua:224 | jazz-units:Code/Legion.lua:391
910000001117,Дерти,Дерти,Dirty,manual-reviewed-google,google-draft,jazz-units,910000001117 | 910000002027,jazz-units:Code/Legion.lua:227 | jazz-units:Code/Legion.lua:394
910000001122,Коппер,Коппер,Copper,manual-reviewed-google,google-draft,jazz-units,910000001122 | 910000002032,jazz-units:Code/Legion.lua:232 | jazz-units:Code/Legion.lua:399
910000001124,Риппа,Риппа,Rippa,manual-reviewed-google,google-draft,jazz-units,910000001124 | 910000002034,jazz-units:Code/Legion.lua:234 | jazz-units:Code/Legion.lua:401
910000001128,Дюрак,Дюрак,Durak,manual-reviewed-google,google-draft,jazz-units,910000001128 | 910000002038,jazz-units:Code/Legion.lua:238 | jazz-units:Code/Legion.lua:405
910000001130,Доу,Доу,Dough,manual-reviewed-google,google-draft,jazz-units,910000001130 | 910000002040,jazz-units:Code/Legion.lua:240 | jazz-units:Code/Legion.lua:407
910000001131,Флиппа,Флиппа,Flippa,manual-reviewed-google,google-draft,jazz-units,910000001131 | 910000002041,jazz-units:Code/Legion.lua:241 | jazz-units:Code/Legion.lua:408
910000001137,Джанк,Джанк,Junk,manual-reviewed-google,google-draft,jazz-units,910000001137 | 910000002047,jazz-units:Code/Legion.lua:247 | jazz-units:Code/Legion.lua:414
910000001143,Круз,Круз,Cruz,manual-reviewed-google,google-draft,jazz-units,910000001143 | 910000002053,jazz-units:Code/Legion.lua:253 | jazz-units:Code/Legion.lua:420
910000001146,Фэйд,Фэйд,Fade,manual-reviewed-google,google-draft,jazz-units,910000001146 | 910000002056,jazz-units:Code/Legion.lua:256 | jazz-units:Code/Legion.lua:423
910000001150,Дрэкс,Дрэкс,Drax,manual-reviewed-google,google-draft,jazz-units,910000001150 | 910000002060,jazz-units:Code/Legion.lua:260 | jazz-units:Code/Legion.lua:427
910000001154,Трайбз,Трайбз,Tribez,manual-reviewed-google,google-draft,jazz-units,910000001154 | 910000002064,jazz-units:Code/Legion.lua:264 | jazz-units:Code/Legion.lua:431
910000001159,Блууд,Блууд,Bluud,manual-reviewed-google,google-draft,jazz-units,910000001159 | 910000002069,jazz-units:Code/Legion.lua:269 | jazz-units:Code/Legion.lua:436
910000001161,Крим,Крим,Crim,manual-reviewed-google,google-draft,jazz-units,910000001161 | 910000002071,jazz-units:Code/Legion.lua:271 | jazz-units:Code/Legion.lua:438
910000001164,Деф,Деф,Def,manual-reviewed-google,google-draft,jazz-units,910000001164 | 910000002074,jazz-units:Code/Legion.lua:274 | jazz-units:Code/Legion.lua:441
910000001165,Гримз,Гримз,Grimz,manual-reviewed-google,google-draft,jazz-units,910000001165 | 910000002075,jazz-units:Code/Legion.lua:275 | jazz-units:Code/Legion.lua:442
910000001171,Бэкшот,Бэкшот,Backshot,manual-reviewed-google,google-draft,jazz-units,910000001171 | 910000002081,jazz-units:Code/Legion.lua:281 | jazz-units:Code/Legion.lua:448
910000001173,Тру,Тру,True,manual-reviewed-google,google-draft,jazz-units,910000001173 | 910000002083,jazz-units:Code/Legion.lua:283 | jazz-units:Code/Legion.lua:450
910000001176,Сэрдж,Сэрдж,Sarge,manual-reviewed-google,google-draft,jazz-units,910000001176 | 910000002086,jazz-units:Code/Legion.lua:286 | jazz-units:Code/Legion.lua:453
910000001178,Скрилла,Скрилла,Skrilla,manual-reviewed-google,google-draft,jazz-units,910000001178 | 910000002088,jazz-units:Code/Legion.lua:288 | jazz-units:Code/Legion.lua:455
910000001179,Файв,Файв,Five,manual-reviewed-google,google-draft,jazz-units,910000001179 | 910000002089,jazz-units:Code/Legion.lua:289 | jazz-units:Code/Legion.lua:456
910000001186,Флипз,Флипз,Flipz,manual-reviewed-google,google-draft,jazz-units,910000001186 | 910000002096,jazz-units:Code/Legion.lua:296 | jazz-units:Code/Legion.lua:463
910000001190,Сноуп,Сноуп,Snope,manual-reviewed-google,google-draft,jazz-units,910000001190 | 910000002100,jazz-units:Code/Legion.lua:300 | jazz-units:Code/Legion.lua:467
910000001193,Лосо,Лосо,Loso,manual-reviewed-google,google-draft,jazz-units,910000001193 | 910000002103,jazz-units:Code/Legion.lua:303 | jazz-units:Code/Legion.lua:470
910000001199,Ганман,Ганман,Gunman,manual-reviewed-google,google-draft,jazz-units,910000001199 | 910000002110,jazz-units:Code/Legion.lua:309 | jazz-units:Code/Legion.lua:477
910000001200,Фрик,Фрик,Freak,manual-reviewed-google,google-draft,jazz-units,910000001200 | 910000002111,jazz-units:Code/Legion.lua:310 | jazz-units:Code/Legion.lua:478
910000001203,Сли,Сли,Slee,manual-reviewed-google,google-draft,jazz-units,910000001203 | 910000002114,jazz-units:Code/Legion.lua:313 | jazz-units:Code/Legion.lua:481
910000001206,Дрон,Дрон,Drone,manual-reviewed-google,google-draft,jazz-units,910000001206 | 910000002117,jazz-units:Code/Legion.lua:316 | jazz-units:Code/Legion.lua:484
910000001211,Крисп,Крисп,Crisp,manual-reviewed-google,google-draft,jazz-units,910000001211 | 910000002122,jazz-units:Code/Legion.lua:321 | jazz-units:Code/Legion.lua:489
910000001216,Джак,Джак,Jak,manual-reviewed-google,google-draft,jazz-units,910000001216 | 910000002127,jazz-units:Code/Legion.lua:326 | jazz-units:Code/Legion.lua:494
910000001222,Грейвз,Грейвз,Graves,manual-reviewed-google,google-draft,jazz-units,910000001222 | 910000002133,jazz-units:Code/Legion.lua:332 | jazz-units:Code/Legion.lua:500
910000001223,Дирт,Дирт,Dirt,manual-reviewed-google,google-draft,jazz-units,910000001223 | 910000002134,jazz-units:Code/Legion.lua:333 | jazz-units:Code/Legion.lua:501
910000001224,Скейр,Скейр,Scare,manual-reviewed-google,google-draft,jazz-units,910000001224 | 910000002135,jazz-units:Code/Legion.lua:334 | jazz-units:Code/Legion.lua:502
910000001226,Дэш,Дэш,Dash,manual-reviewed-google,google-draft,jazz-units,910000001226 | 910000002137,jazz-units:Code/Legion.lua:336 | jazz-units:Code/Legion.lua:504
910000001233,Слайд,Слайд,Slide,manual-reviewed-google,google-draft,jazz-units,910000001233 | 910000002154,jazz-units:Code/Legion.lua:343 | jazz-units:Code/Legion.lua:521
910000001237,Мэдж,Мэдж,Madge,manual-reviewed-google,google-draft,jazz-units,910000001237 | 910000002158,jazz-units:Code/Legion.lua:347 | jazz-units:Code/Legion.lua:525
910000001244,Топик,Топик,Topic,manual-reviewed-google,google-draft,jazz-units,910000001244 | 910000002165,jazz-units:Code/Legion.lua:354 | jazz-units:Code/Legion.lua:532
910000001248,Потч,Потч,Potch,manual-reviewed-google,google-draft,jazz-units,910000001248 | 910000002169,jazz-units:Code/Legion.lua:358 | jazz-units:Code/Legion.lua:536
910000001253,Дик,Дик,Dick,manual-reviewed-google,google-draft,jazz-units,910000001253,jazz-units:Code/Legion.lua:363
916724097519,"Капрал Лен Андерсон, сэр! Ха-ха-ха. Лен - командир что надо, любую команду за уши из жопы вытащит. Так что, я впишусь, если нет возражений.","Капрал Лен Андерсон, сэр! Ха-ха-ха. Лен — командир что надо, любую команду за уши из жопы вытащит. Так что я впишусь, если нет возражений.","Corporal Len Anderson, sir! Ha! Len's one hell of a commander—he can drag any team out of the shit by its ears. So count me in, if you don't mind.",manual-reviewed-google,google-draft,jazz-units,916724097519,jazz-units:items.lua:131218 | jazz-units:UnitData/JAZZ_Merc_Spouke.lua:47
919463735747,"Тихонько, тихонько...","Тихонько, тихонько...","Easy, easy...",manual-reviewed-google,google-draft,jazz-units,919463735747,jazz-units:items.lua:131398
920000000003,Алексей,Алексей,Alexei,manual-reviewed-google,google-draft,jazz-units,920000000003,jazz-units:Code/Rebels.lua:5
920000000004,Никита,Никита,Nikita,manual-reviewed-google,google-draft,jazz-units,920000000004,jazz-units:Code/Rebels.lua:6
920000000006,Тимур,Тимур,Timur,manual-reviewed-google,google-draft,jazz-units,920000000006,jazz-units:Code/Rebels.lua:8
920000000012,Сталин,Сталин,Stalin,manual-reviewed-google,google-draft,jazz-units,920000000012,jazz-units:Code/Rebels.lua:14
920000000013,Ревик,Ревик,Revik,manual-reviewed-google,google-draft,jazz-units,920000000013,jazz-units:Code/Rebels.lua:15
920000000020,Рома,Рома,Roma,manual-reviewed-google,google-draft,jazz-units,920000000020,jazz-units:Code/Rebels.lua:22
920000000022,Фёдор,Фёдор,Fedor,manual-reviewed-google,google-draft,jazz-units,920000000022,jazz-units:Code/Rebels.lua:24
920000000025,Андрей,Андрей,Andrei,manual-reviewed-google,google-draft,jazz-units,920000000025,jazz-units:Code/Rebels.lua:27
920000000029,Чике,Чике,Chike,manual-reviewed-google,google-draft,jazz-units,920000000029,jazz-units:Code/Rebels.lua:31
920000000031,Мустафа,Мустафа,Mustafa,manual-reviewed-google,google-draft,jazz-units,920000000031,jazz-units:Code/Rebels.lua:33
920000000036,Нуру,Нуру,Nuru,manual-reviewed-google,google-draft,jazz-units,920000000036,jazz-units:Code/Rebels.lua:38
920000000038,Ндари,Ндари,Ndari,manual-reviewed-google,google-draft,jazz-units,920000000038,jazz-units:Code/Rebels.lua:40
920000000043,Джамал,Джамал,Jamal,manual-reviewed-google,google-draft,jazz-units,920000000043,jazz-units:Code/Rebels.lua:45
920000000044,Амара,Амара,Amara,manual-reviewed-google,google-draft,jazz-units,920000000044,jazz-units:Code/Rebels.lua:46
920000000046,Коне,Коне,Kone,manual-reviewed-google,google-draft,jazz-units,920000000046 | 920000001020,jazz-units:Code/Rebels.lua:48 | jazz-units:Code/Rebels.lua:119
920000000053,Каддафи,Каддафи,Gaddafi,manual-reviewed-google,google-draft,jazz-units,920000000053,jazz-units:Code/Rebels.lua:55
920000000055,Зин,Зин,Zin,manual-reviewed-google,google-draft,jazz-units,920000000055,jazz-units:Code/Rebels.lua:57
920000000056,Танго,Танго,Tango,manual-reviewed-google,google-draft,jazz-units,920000000056,jazz-units:Code/Rebels.lua:58
920000000058,Войт,Войт,Voight,manual-reviewed-google,google-draft,jazz-units,920000000058,jazz-units:Code/Rebels.lua:60
920000000063,Назар,Назар,Nazar,manual-reviewed-google,google-draft,jazz-units,920000000063,jazz-units:Code/Rebels.lua:65
920000000064,Ян,Ян,Jan,manual-reviewed-google,google-draft,jazz-units,920000000064,jazz-units:Code/Rebels.lua:66
920000000067,Бакари,Бакари,Bakari,manual-reviewed-google,google-draft,jazz-units,920000000067,jazz-units:Code/Rebels.lua:69
920000000068,Амана,Амана,Amana,manual-reviewed-google,google-draft,jazz-units,920000000068,jazz-units:Code/Rebels.lua:70
920000000073,Осуна,Осуна,Osuna,manual-reviewed-google,google-draft,jazz-units,920000000073,jazz-units:Code/Rebels.lua:75
920000000079,Алмаз,Алмаз,Almaz,manual-reviewed-google,google-draft,jazz-units,920000000079,jazz-units:Code/Rebels.lua:81
920000000080,Толя,Толя,Tolya,manual-reviewed-google,google-draft,jazz-units,920000000080,jazz-units:Code/Rebels.lua:82
920000000082,Эльдар,Эльдар,Eldar,manual-reviewed-google,google-draft,jazz-units,920000000082,jazz-units:Code/Rebels.lua:84
920000000085,Кадир,Кадир,Kadir,manual-reviewed-google,google-draft,jazz-units,920000000085,jazz-units:Code/Rebels.lua:87
920000000086,Самвель,Самвель,Samvel,manual-reviewed-google,google-draft,jazz-units,920000000086,jazz-units:Code/Rebels.lua:88
920000000093,Клим,Клим,Klim,manual-reviewed-google,google-draft,jazz-units,920000000093,jazz-units:Code/Rebels.lua:95
920000001003,Промыслов,Промыслов,Promyslov,manual-reviewed-google,google-draft,jazz-units,920000001003,jazz-units:Code/Rebels.lua:102
920000001004,Свободин,Свободин,Svobodin,manual-reviewed-google,google-draft,jazz-units,920000001004,jazz-units:Code/Rebels.lua:103
920000001007,Комаров,Комаров,Komarov,manual-reviewed-google,google-draft,jazz-units,920000001007,jazz-units:Code/Rebels.lua:106
920000001009,Червон,Червон,Chervon,manual-reviewed-google,google-draft,jazz-units,920000001009,jazz-units:Code/Rebels.lua:108
920000001011,Колон,Колон,Colon,manual-reviewed-google,google-draft,jazz-units,920000001011,jazz-units:Code/Rebels.lua:110
920000001018,Диалло,Диалло,Diallo,manual-reviewed-google,google-draft,jazz-units,920000001018,jazz-units:Code/Rebels.lua:117
920000001025,Курта,Курта,Kurta,manual-reviewed-google,google-draft,jazz-units,920000001025,jazz-units:Code/Rebels.lua:124
920000001026,Сидибе,Сидибе,Sidibe,manual-reviewed-google,google-draft,jazz-units,920000001026,jazz-units:Code/Rebels.lua:125
920000001029,Амади,Амади,Amadi,manual-reviewed-google,google-draft,jazz-units,920000001029,jazz-units:Code/Rebels.lua:128
920000001035,Заводов,Заводов,Zavodov,manual-reviewed-google,google-draft,jazz-units,920000001035,jazz-units:Code/Rebels.lua:134
920000001036,Рудницкий,Рудницкий,Rudnitsky,manual-reviewed-google,google-draft,jazz-units,920000001036,jazz-units:Code/Rebels.lua:135
920000001038,Петров,Петров,Petrov,manual-reviewed-google,google-draft,jazz-units,920000001038,jazz-units:Code/Rebels.lua:137
920000001044,Камбате,Камбате,Kambate,manual-reviewed-google,google-draft,jazz-units,920000001044,jazz-units:Code/Rebels.lua:143
920000001047,Окуфо,Окуфо,Okufo,manual-reviewed-google,google-draft,jazz-units,920000001047,jazz-units:Code/Rebels.lua:146
920000001048,Касама,Касама,Kasama,manual-reviewed-google,google-draft,jazz-units,920000001048,jazz-units:Code/Rebels.lua:147
920000001052,Горлов,Горлов,Gorlov,manual-reviewed-google,google-draft,jazz-units,920000001052,jazz-units:Code/Rebels.lua:151
920000001053,Степанов,Степанов,Stepanov,manual-reviewed-google,google-draft,jazz-units,920000001053,jazz-units:Code/Rebels.lua:152
920000001056,Миронов,Миронов,Mironov,manual-reviewed-google,google-draft,jazz-units,920000001056,jazz-units:Code/Rebels.lua:155
920000001062,Окапов,Окапов,Okapov,manual-reviewed-google,google-draft,jazz-units,920000001062,jazz-units:Code/Rebels.lua:161
920000001064,Квезе,Квезе,Kweze,manual-reviewed-google,google-draft,jazz-units,920000001064,jazz-units:Code/Rebels.lua:163
920000001065,Ндоу,Ндоу,Ndou,manual-reviewed-google,google-draft,jazz-units,920000001065,jazz-units:Code/Rebels.lua:164
920000001067,Павленко,Павленко,Pavlenko,manual-reviewed-google,google-draft,jazz-units,920000001067,jazz-units:Code/Rebels.lua:166
920000001073,Сакам,Сакам,Sakam,manual-reviewed-google,google-draft,jazz-units,920000001073,jazz-units:Code/Rebels.lua:172
920000001074,Харт,Харт,Hart,manual-reviewed-google,google-draft,jazz-units,920000001074,jazz-units:Code/Rebels.lua:173
920000001080,Шарипов,Шарипов,Sharipov,manual-reviewed-google,google-draft,jazz-units,920000001080,jazz-units:Code/Rebels.lua:179
920000001083,Рубеж,Рубеж,Rubezh,manual-reviewed-google,google-draft,jazz-units,920000001083,jazz-units:Code/Rebels.lua:182
920000001084,Гранов,Гранов,Granov,manual-reviewed-google,google-draft,jazz-units,920000001084,jazz-units:Code/Rebels.lua:183
920000001091,Кабанг,Кабанг,Kabang,manual-reviewed-google,google-draft,jazz-units,920000001091,jazz-units:Code/Rebels.lua:190
920000001094,Орлов,Орлов,Orlov,manual-reviewed-google,google-draft,jazz-units,920000001094,jazz-units:Code/Rebels.lua:193
920000001097,Гассан,Гассан,Hassan,manual-reviewed-google,google-draft,jazz-units,920000001097,jazz-units:Code/Rebels.lua:196
920000001099,Акин,Акин,Akin,manual-reviewed-google,google-draft,jazz-units,920000001099,jazz-units:Code/Rebels.lua:198
920000001101,Саныч,Саныч,Sanych,manual-reviewed-google,google-draft,jazz-units,920000001101,jazz-units:Code/Rebels.lua:200
920000002000,Товарищ Баюн,Товарищ Баюн,Comrade Bayun,manual-reviewed-google,google-draft,jazz-units,920000002000,jazz-units:Code/Rebels.lua:204
920000002001,Товарищ Ливси,Товарищ Ливси,Comrade Livesey,manual-reviewed-google,google-draft,jazz-units,920000002001,jazz-units:Code/Rebels.lua:205
925794218194,Так динозавры и вымерли. Ха-ХА!,Так динозавры и вымерли. Ха-ха!,So that's how the dinosaurs went extinct. Ha-ha!,manual-reviewed-google,google-draft,jazz-units,925794218194,jazz-units:items.lua:115340
933693153270,карабалка,(карабкается),(climbing),manual-reviewed-google,google-draft,jazz-units,933693153270 | 973543834873,jazz-units:items.lua:115724 | jazz-units:items.lua:115723
935614300047,Мне надо прилечь.,Мне надо прилечь.,I need to lie down.,manual-reviewed-google,google-draft,jazz-units,935614300047,jazz-units:items.lua:115993
940580376015,Как в тыкву сраную!,Как в тыкву сраную!,Popped like a fucking pumpkin!,manual-reviewed-google,google-draft,jazz-units,940580376015,jazz-units:items.lua:131626
943218507326,Бёрн,Бёрн,Burn,manual-reviewed-google,google-draft,jazz-units,943218507326,jazz-units:Code/Mercenary.lua:155
950681491418,Тут подойти надо. Или поджечь чего.,Тут подойти надо. Или поджечь чего.,Need to get closer. Or set something on fire.,manual-reviewed-google,google-draft,jazz-units,950681491418,jazz-units:items.lua:131348
951406281709,Грейсон,Грейсон,Grayson,manual-reviewed-google,google-draft,jazz-units,951406281709,jazz-units:Code/Mercenary.lua:57
951646776916,"Трафарет! Ну мля, рожи у них, как на одном столе лепили.","Трафарет! Ну мля, рожи у них, как на одном столе лепили.","Cookie-cutter! Fuck, all their mugs look like they came from the same mold.",manual-reviewed-google,google-draft,jazz-units,951646776916,jazz-units:items.lua:131609
954128588772,"Доктор Хьюстон. Меня нет на месте, но, если вы оставите сообщение, кто-нибудь свяжется с вами в ближайшее время. Если нужна срочная медицинская помощь, позвоните в клинику по номеру JL5-1494.","Доктор Хьюстон. Меня нет на месте, но, если вы оставите сообщение, кто-нибудь свяжется с вами в ближайшее время. Если нужна срочная медицинская помощь, позвоните в клинику по номеру JL5-1494.","Dr. Houston. I'm unavailable, but if you leave a message, someone will get back to you shortly. For urgent medical care, call the clinic at JL5-1494.",manual-reviewed-google,google-draft,jazz-units,954128588772,jazz-units:items.lua:116132 | jazz-units:UnitData/Jazz_Spider.lua:118
959778001084,"Я запыхалась, как бешеная собака!","Я запыхалась, как бешеная собака!",I'm panting like a rabid dog!,manual-reviewed-google,google-draft,jazz-units,959778001084,jazz-units:items.lua:115796
962084315017,Вэйл,Вэйл,Vale,manual-reviewed-google,google-draft,jazz-units,962084315017,jazz-units:Code/Mercenary.lua:184
962940395587,"Не, брат, только патроны переводить...","Не, брат, только патроны переводить...","Nah, bro. Just wasting ammo...",manual-reviewed-google,google-draft,jazz-units,962940395587,jazz-units:items.lua:131347
965333256165,Так к какому решению ты собираешься придти?,Так к какому решению ты собираешься прийти?,"So, what's your decision going to be?",manual-reviewed-google,google-draft,jazz-units,965333256165,jazz-units:items.lua:115609 | jazz-units:UnitData/Jazz_Buzz.lua:147
967900698879,"Барриман ""Пилот"" Сил","Барриман ""Пилот"" Сил","Berryman ""Pilot"" Seal",manual-reviewed-google,google-draft,jazz-units,967900698879,jazz-units:items.lua:114827 | jazz-units:UnitData/Merc_BarrySeal.lua:30
971716367378,"Айс! Блин, братан, чо ж ты так похож на этих одинаковых... Как теперь твоей мамане-то сказать?","Айс! Блин, братан, чо ж ты так похож на этих одинаковых... Как теперь твоей мамане-то сказать?","Ice! Damn, bro, why'd you have to look just like all those other guys... How am I supposed to tell your mama now?",manual-reviewed-google,google-draft,jazz-units,971716367378,jazz-units:items.lua:131519
971951422708,ТОСКА,ТОСКА,TOSCA,manual-reviewed-google,google-draft,jazz-units,971951422708,jazz-units:items.lua:115485 | jazz-units:UnitData/Jazz_Buzz.lua:23
975008642876,Я на некоторое время займусь научной работой. Этот контракт меня просто вымотал. Мне нужно прийти в себя.,Я на некоторое время займусь научной работой. Этот контракт меня просто вымотал. Мне нужно прийти в себя.,I'm taking some time for research. This contract wore me out. I need to recover.,manual-reviewed-google,google-draft,jazz-units,975008642876,jazz-units:items.lua:116275
975412845307,Кроуфорд,Кроуфорд,Crawford,manual-reviewed-google,google-draft,jazz-units,975412845307,jazz-units:Code/Mercenary.lua:49
979462905932,"Да, не очень-то добрые они были. Копов я до сих пор на дух не переношу...","Да, не очень-то добрые они были. Копов я до сих пор на дух не переношу...","Yeah, they weren't exactly kind. Still can't stand cops...",manual-reviewed-google,google-draft,jazz-units,979462905932,jazz-units:items.lua:131135
981115538686,"Это вызывает больше подозрений, чем довольный мужик!","Это вызывает больше подозрений, чем довольный мужик!",Nothing's more suspicious than a happy man!,manual-reviewed-google,google-draft,jazz-units,981115538686,jazz-units:items.lua:115853
982108133338,"Было ваше, стало наше. Я теперь такую бомбу сделаю, ебанет - так в Порте-Кофе будет видать!","Было ваше, стало наше. Я теперь такую бомбу сделаю — ебанёт так, что в Порт-Какао будет видать!",What was yours is ours now. I'll turn this into a bomb so big they'll see it from Port Cacao!,manual-reviewed-google,google-draft,jazz-units,982108133338,jazz-units:items.lua:131559
985474219069,Аааах.,Аааах.,Aaaah.,manual-reviewed-google,google-draft,jazz-units,985474219069,jazz-units:items.lua:116461
990786773044,Обезврежен!,Обезврежен!,Neutralized!,manual-reviewed-google,google-draft,jazz-units,990786773044,jazz-units:items.lua:115336
993980648953,Учиться никогда не поздно!,Учиться никогда не поздно!,It's never too late to learn!,manual-reviewed-google,google-draft,jazz-units,993980648953,jazz-units:items.lua:115273
998384052168,"Блядь! Со всех сторон насыпают! Надо сменить тактику, командир! Ты ж командир?","Блядь! Со всех сторон насыпают! Надо сменить тактику, командир! Ты ж командир?","Fuck! They're hitting us from every side! We need a new plan, boss! You are the boss, right?",manual-reviewed-google,google-draft,jazz-units,998384052168,jazz-units:items.lua:131721
890000000000000,Иду.,Иду.,On my way.,manual-reviewed-google,google-draft,jazz-units,890000000000000 | 890000000000201 | 890000000001733,jazz-units:items.lua:139237 | jazz-units:items.lua:139053 | jazz-units:items.lua:116800
890000000000006,Хожу.,Хожу.,Moving.,manual-reviewed-google,google-draft,jazz-units,890000000000006 | 890000000000902,jazz-units:items.lua:139774 | jazz-units:items.lua:139838 | jazz-units:items.lua:139960
890000000000159,Ох!,Ох!,Oh!,manual-reviewed-google,google-draft,jazz-units,890000000000159,jazz-units:items.lua:139335
890000000000187,Череполом,Череполом,Skullcrusher,manual-reviewed-google,google-draft,jazz-units,890000000000187,jazz-units:items.lua:85058 | jazz-units:UnitData/JAZZ_Legion_AssaultT3_SkullCrusher.lua:22
890000000000271,Это стоит проверить.,Это стоит проверить.,Worth a look.,manual-reviewed-google,google-draft,jazz-units,890000000000271,jazz-units:items.lua:139855
890000000000507,Подавитель,Подавитель,Suppressor,manual-reviewed-google,google-draft,jazz-units,890000000000507,jazz-units:items.lua:87872 | jazz-units:UnitData/JAZZ_Legion_GunnerT3_VeteranGunner.lua:22
890000000000509,Засадный пулеметчик,Засадный пулеметчик,Ambush Gunner,manual-reviewed-google,google-draft,jazz-units,890000000000509,jazz-units:items.lua:94950 | jazz-units:UnitData/RebelGunner.lua:22
890000000000543,"Чёрт, больно!","Чёрт, больно!","Damn, it hurts!",manual-reviewed-google,google-draft,jazz-units,890000000000543,jazz-units:items.lua:140423
890000000000556,Сделаю.,Сделаю.,On it.,manual-reviewed-google,google-draft,jazz-units,890000000000556 | 890000000001730,jazz-units:items.lua:139058 | jazz-units:items.lua:139236 | jazz-units:items.lua:116911
890000000000772,Заперто.,Заперто.,Locked.,manual-reviewed-google,google-draft,jazz-units,890000000000772,jazz-units:items.lua:139438
890000000001093,Да?,Да?,Yeah?,manual-reviewed-google,google-draft,jazz-units,890000000001093 | 890000000001723 | 890000000006396,jazz-units:items.lua:139999 | jazz-units:items.lua:116934 | jazz-units:items.lua:126319
890000000001202,Это интересно.,Это интересно.,Interesting.,manual-reviewed-google,google-draft,jazz-units,890000000001202 | 890000000001377,jazz-units:items.lua:139890 | jazz-units:items.lua:139135
890000000001309,Выдвигаюсь.,Выдвигаюсь.,Moving out.,manual-reviewed-google,google-draft,jazz-units,890000000001309,jazz-units:items.lua:139057 | jazz-units:items.lua:139119 | jazz-units:items.lua:139235
890000000001643,Новобранец,Новобранец,Recruit,manual-translation,needs-english,jazz-units,890000000001643,jazz-units:items.lua:84289 | jazz-units:UnitData/JAZZ_Legion_Recruit.lua:22
890000000001804,БРИТВА,БРИТВА,BLADE,manual-translation,needs-english,jazz-units,890000000001804,jazz-units:items.lua:117003 | jazz-units:UnitData/Jazz_Blade.lua:24
890000000001806,Нож не кончается,Нож не кончается,The Knife Never Runs Out,manual-translation,needs-english,jazz-units,890000000001806,jazz-units:items.lua:117006 | jazz-units:UnitData/Jazz_Blade.lua:27
890000000001811,У тебя тут одни местные. Скучно и опасно — доплати.,У тебя тут одни местные. Скучно и опасно — доплати.,All you've got are locals. Boring and dangerous—pay me extra.,manual-translation,needs-english,jazz-units,890000000001811,jazz-units:items.lua:117039 | jazz-units:UnitData/Jazz_Blade.lua:60
890000000001814,"Бритва занят — режет. Оставь сообщение, если жить надоело.","Бритва занят — режет. Оставь сообщение, если жить надоело.",Blade's busy—cutting. Leave a message if you're tired of living.,manual-translation,needs-english,jazz-units,890000000001814,jazz-units:items.lua:117092 | jazz-units:UnitData/Jazz_Blade.lua:113
890000000001815,Чо надо? Резать будем?,Чо надо? Резать будем?,Whaddaya want? We cutting someone?,manual-translation,needs-english,jazz-units,890000000001815,jazz-units:items.lua:117097 | jazz-units:UnitData/Jazz_Blade.lua:118
890000000001825,Не тот нож взял...,Не тот нож взял...,Brought the wrong knife...,manual-translation,needs-english,jazz-units,890000000001825,jazz-units:items.lua:117260
890000000001826,"Зацепили, гады!","Зацепили, гады!","They got me, bastards!",manual-translation,needs-english,jazz-units,890000000001826,jazz-units:items.lua:117242
890000000001832,Хорошая компания подобралась.,Хорошая компания подобралась.,Now that's good company.,manual-translation,needs-english,jazz-units,890000000001832,jazz-units:items.lua:117345
890000000001910,"Раз кто-то из наших уже с вами — значит, вам можно доверять. Согласна.","Раз кто-то из наших уже с вами — значит, вам можно доверять. Согласна.","If one of ours is already with you, I guess I can trust you. I'm in.",manual-translation,needs-english,jazz-units,890000000001910,jazz-units:items.lua:117402 | jazz-units:UnitData/Jazz_Ira.lua:52
890000000001912,Айра. Если это про пулемёт для ребят — говорите после сигнала.,Айра. Если это про пулемёт для ребят — говорите после сигнала.,"Ira here. If this is about a machine gun for the guys, talk after the beep.",manual-translation,needs-english,jazz-units,890000000001912,jazz-units:items.lua:117437 | jazz-units:UnitData/Jazz_Ira.lua:87
890000000001913,Ну? Пулемёта дашь или опять только советы?,Ну? Пулемёта дашь или опять только советы?,"Well? You giving me a machine gun, or just more advice?",manual-translation,needs-english,jazz-units,890000000001913,jazz-units:items.lua:117442 | jazz-units:UnitData/Jazz_Ira.lua:92
890000000001915,"Война идёт — не мешкай, у меня люди на позициях.","Война идёт — не мешкай, у меня люди на позициях.",There's a war on—don't dawdle. I've got people holding positions.,manual-translation,needs-english,jazz-units,890000000001915,jazz-units:items.lua:117452 | jazz-units:UnitData/Jazz_Ira.lua:102
890000000001917,Контракт заканчивается. Сектор ещё не спокоен — продлеваем?,Контракт заканчивается. Сектор ещё не спокоен — продлеваем?,Contract's almost up. The sector still isn't secure—are we extending?,manual-translation,needs-english,jazz-units,890000000001917,jazz-units:items.lua:117462 | jazz-units:UnitData/Jazz_Ira.lua:112
890000000001922,Один меньше.,Один меньше.,One less.,manual-translation,needs-english,jazz-units,890000000001922,jazz-units:items.lua:117565
890000000002003,Димитрий,Димитрий,Dimitri,manual-translation,needs-english,jazz-units,890000000002003,jazz-units:items.lua:117716 | jazz-units:UnitData/Jazz_Dimitri.lua:23
890000000002017,"Контракт заканчивается. Продлеваем, или я опять забуду, где мои ножи?","Контракт заканчивается. Продлеваем, или я опять забуду, где мои ножи?","Contract's almost up. Are we extending, or do I forget where I left my knives again?",manual-translation,needs-english,jazz-units,890000000002017,jazz-units:items.lua:117805 | jazz-units:UnitData/Jazz_Dimitri.lua:112
890000000002020,"Куда я его дел... а, вот!","Куда я его дел... а, вот!","Where'd I put it... ah, there!",manual-translation,needs-english,jazz-units,890000000002020,jazz-units:items.lua:117885
890000000002023,Забыл пригнуться...,Забыл пригнуться...,Forgot to duck...,manual-translation,needs-english,jazz-units,890000000002023,jazz-units:items.lua:117945
890000000002025,"О! Бой! Погодите, я готов?","О! Бой! Погодите, я готов?","Oh! A fight! Wait, am I ready?",manual-translation,needs-english,jazz-units,890000000002025,jazz-units:items.lua:117936
890000000002026,"Кажется, я что-то запомнил на этот раз.","Кажется, я что-то запомнил на этот раз.",Think I actually remembered something this time.,manual-translation,needs-english,jazz-units,890000000002026,jazz-units:items.lua:117957
890000000002027,Ножи кончились!,Ножи кончились!,Out of knives!,manual-translation,needs-english,jazz-units,890000000002027,jazz-units:items.lua:117911
890000000002030,"Хорошо, что свои рядом.","Хорошо, что свои рядом.",Good to have our people close.,manual-translation,needs-english,jazz-units,890000000002030,jazz-units:items.lua:118030
890000000002103,Бешеный,Бешеный,Madman,manual-translation,needs-english,jazz-units,890000000002103,jazz-units:items.lua:118058 | jazz-units:UnitData/Jazz_Madman.lua:23
890000000002106,Ржавый бампер,Ржавый бампер,The Rusty Bumper,manual-translation,needs-english,jazz-units,890000000002106,jazz-units:items.lua:118062 | jazz-units:UnitData/Jazz_Madman.lua:27
890000000002111,"Бешеный не берёт трубку — он ею бьёт. Перезвони, если не боишься.","Бешеный не берёт трубку — он ею бьёт. Перезвони, если не боишься.",Madman's not picking up—he's using the phone as a club. Call back if you're not scared.,manual-translation,needs-english,jazz-units,890000000002111,jazz-units:items.lua:118102 | jazz-units:UnitData/Jazz_Madman.lua:67
890000000002119,А ну иди сюда!,А ну иди сюда!,Get over here!,manual-translation,needs-english,jazz-units,890000000002119,jazz-units:items.lua:118206
890000000002125,Ещё крепче стал!,Ещё крепче стал!,Got even tougher!,manual-translation,needs-english,jazz-units,890000000002125,jazz-units:items.lua:118278
890000000002126,Патроны? Кому они нужны!,Патроны? Кому они нужны!,Ammo? Who needs it!,manual-translation,needs-english,jazz-units,890000000002126,jazz-units:items.lua:118232
890000000002206,Дорогой лейтенант,Дорогой лейтенант,The Costly Lieutenant,manual-translation,needs-english,jazz-units,890000000002206,jazz-units:items.lua:118383 | jazz-units:UnitData/Jazz_Conrad.lua:27
890000000002212,Игги или Ротман уже здесь? Тогда условия меня устраивают.,Игги или Ротман уже здесь? Тогда условия меня устраивают.,Iggy or Rothman is already here? Then your terms are acceptable.,manual-translation,needs-english,jazz-units,890000000002212,jazz-units:items.lua:118437 | jazz-units:UnitData/Jazz_Conrad.lua:81
890000000002215,Джиллет слушает. Излагайте условия — и не жадничайте.,Джиллет слушает. Излагайте условия — и не жадничайте.,Gillett speaking. State your terms—and don't be stingy.,manual-translation,needs-english,jazz-units,890000000002215,jazz-units:items.lua:118475 | jazz-units:UnitData/Jazz_Conrad.lua:119
890000000002216,"Связь прервалась. Продолжим — время дорого, как и я.","Связь прервалась. Продолжим — время дорого, как и я.","We were cut off. Let's continue—time is money, and so am I.",manual-translation,needs-english,jazz-units,890000000002216,jazz-units:items.lua:118480 | jazz-units:UnitData/Jazz_Conrad.lua:124
890000000002217,Время — деньги. Моё особенно.,Время — деньги. Моё особенно.,Time is money. Mine especially.,manual-translation,needs-english,jazz-units,890000000002217,jazz-units:items.lua:118485 | jazz-units:UnitData/Jazz_Conrad.lua:129
890000000002219,Контракт заканчивается. У меня есть и другие предложения — решайте.,Контракт заканчивается. У меня есть и другие предложения — решайте.,The contract is expiring. I have other offers—make your decision.,manual-translation,needs-english,jazz-units,890000000002219,jazz-units:items.lua:118495 | jazz-units:UnitData/Jazz_Conrad.lua:139
890000000002220,Остаюсь. Ваша дисциплина меня почти впечатлила.,Остаюсь. Ваша дисциплина меня почти впечатлила.,I'll stay. Your discipline has almost impressed me.,manual-translation,needs-english,jazz-units,890000000002220,jazz-units:items.lua:118500 | jazz-units:UnitData/Jazz_Conrad.lua:144
890000000002221,"Лейтенант Джиллет, к вашим услугам.","Лейтенант Джиллет, к вашим услугам.","Lieutenant Gillett, at your service.",manual-translation,needs-english,jazz-units,890000000002221,jazz-units:items.lua:118546
890000000002223,Точность прежде всего.,Точность прежде всего.,Accuracy above all.,manual-translation,needs-english,jazz-units,890000000002223,jazz-units:items.lua:118577
890000000002227,"Внимание, противник обнаружен.","Внимание, противник обнаружен.",Attention. Enemy spotted.,manual-translation,needs-english,jazz-units,890000000002227,jazz-units:items.lua:118627
890000000002306,Старый друг,Старый друг,Old Friend,manual-translation,needs-english,jazz-units,890000000002306,jazz-units:items.lua:118754 | jazz-units:UnitData/Jazz_Mike.lua:28
890000000002310,Если нужен ещё один надёжный ствол — зовите Стероида.,Если нужен ещё один надёжный ствол — зовите Стероида.,"If you want another reliable gun, call Steroid.",manual-translation,needs-english,jazz-units,890000000002310,jazz-units:items.lua:118780 | jazz-units:UnitData/Jazz_Mike.lua:54
890000000002312,"Старый друг на линии. Ну, что у тебя за дело?","Старый друг на линии. Ну, что у тебя за дело?","Old friend on the line. So, what's the job?",manual-translation,needs-english,jazz-units,890000000002312,jazz-units:items.lua:118799 | jazz-units:UnitData/Jazz_Mike.lua:73
890000000002317,"Остаюсь. Одному веселее, но и тут ничего.","Остаюсь. Одному веселее, но и тут ничего.","I'll stay. It's more fun alone, but this isn't bad.",manual-translation,needs-english,jazz-units,890000000002317,jazz-units:items.lua:118824 | jazz-units:UnitData/Jazz_Mike.lua:98
890000000002324,Вижу их первым.,Вижу их первым.,Saw them first.,manual-translation,needs-english,jazz-units,890000000002324,jazz-units:items.lua:118949
890000000002325,Опыт не пропьёшь.,Опыт не пропьёшь.,Experience is one thing you can't drink away.,manual-translation,needs-english,jazz-units,890000000002325,jazz-units:items.lua:118970
890000000002326,Патроны на исходе.,Патроны на исходе.,Running low on ammo.,manual-translation,needs-english,jazz-units,890000000002326,jazz-units:items.lua:118927
890000000002327,"Жду сигнала — один, как обычно.","Жду сигнала — один, как обычно.","Waiting for the signal—alone, as usual.",manual-translation,needs-english,jazz-units,890000000002327,jazz-units:items.lua:118961
890000000002328,"Хорошо, что Стероид рядом.","Хорошо, что Стероид рядом.",Good to have Steroid around.,manual-translation,needs-english,jazz-units,890000000002328,jazz-units:items.lua:119043
890000000002403,Гром,Гром,Grom,manual-translation,needs-english,jazz-units,890000000002403,jazz-units:items.lua:119071 | jazz-units:UnitData/Jazz_Grom.lua:23
890000000002410,"Иван, Игорь или Игги уже здесь? Тогда своих не бросаю.","Иван, Игорь или Игги уже здесь? Тогда своих не бросаю.","Ivan, Igor, or Iggy is already here? Then I won't abandon my own.",manual-translation,needs-english,jazz-units,890000000002410,jazz-units:items.lua:119100 | jazz-units:UnitData/Jazz_Grom.lua:52
890000000002417,"Контракт заканчивается. Продлеваем службу, или мне искать другой аэродром?","Контракт заканчивается. Продлеваем службу, или мне искать другой аэродром?","Contract's ending. Are we extending my service, or should I look for another airfield?",manual-translation,needs-english,jazz-units,890000000002417,jazz-units:items.lua:119160 | jazz-units:UnitData/Jazz_Grom.lua:112
890000000002418,Остаюсь. Служба есть служба.,Остаюсь. Служба есть служба.,I'm staying. Duty is duty.,manual-translation,needs-english,jazz-units,890000000002418,jazz-units:items.lua:119165 | jazz-units:UnitData/Jazz_Grom.lua:117
890000000002422,"И звать тебя теперь ""двухсотый""!","И звать тебя теперь ""двухсотый""!",They'll call you Cargo 200 now!,manual-translation,needs-english,jazz-units,890000000002422 | 890000000007885 | 890000000007893 | 890000000007916 | 890000000007917,jazz-units:items.lua:119263 | jazz-units:items.lua:119243 | jazz-units:items.lua:119264 | jazz-units:items.lua:119341 | jazz-units:items.lua:119344
890000000002423,"Держитесь, ребята...","Держитесь, ребята...","Hold on, boys...",manual-translation,needs-english,jazz-units,890000000002423,jazz-units:items.lua:119301
890000000002609,"Пока Стероид, Мясо или Бифф в отряде — нет. Слишком безответственно для моей практики.","Пока Стероид, Мясо или Бифф в отряде — нет. Слишком безответственно для моей практики.","Not while Steroid, Meat, or Biff is on the team. Far too irresponsible for my practice.",manual-translation,needs-english,jazz-units,890000000002609,jazz-units:items.lua:120338 | jazz-units:UnitData/Jazz_Quinten.lua:34
890000000002612,"Это доктор Дэниел Квинтен. Пожалуйста, оставьте сообщение. Если нужна срочная медицинская помощь — звоните ещё.","Это доктор Дэниел Квинтен. Пожалуйста, оставьте сообщение. Если нужна срочная медицинская помощь — звоните ещё.","This is Dr. Daniel Quinten. Please leave a message. If this is a medical emergency, call again.",manual-translation,needs-english,jazz-units,890000000002612,jazz-units:items.lua:120383 | jazz-units:UnitData/Jazz_Quinten.lua:78
890000000002613,"Да, это доктор Квинтен.","Да, это доктор Квинтен.","Yes, Dr. Quinten speaking.",manual-translation,needs-english,jazz-units,890000000002613 | 890000000006312,jazz-units:items.lua:120388 | jazz-units:UnitData/Jazz_Quinten.lua:83 | jazz-units:items.lua:120457
890000000002616,Я буду очень рад подписать этот контракт. Спасибо.,Я буду очень рад подписать этот контракт. Спасибо.,I'd be very happy to sign the contract. Thank you.,manual-translation,needs-english,jazz-units,890000000002616,jazz-units:items.lua:120403 | jazz-units:UnitData/Jazz_Quinten.lua:98
890000000002703,Злобный,Злобный,Vicious,manual-translation,needs-english,jazz-units,890000000002703,jazz-units:items.lua:120661 | jazz-units:UnitData/Jazz_Vicious.lua:23
890000000002709,"Отряд полон англичан... Ладно, но за такие муки полагается надбавка.","Отряд полон англичан... Ладно, но за такие муки полагается надбавка.","A squad full of Englishmen... Fine, but that kind of suffering costs extra.",manual-translation,needs-english,jazz-units,890000000002709,jazz-units:items.lua:120685 | jazz-units:UnitData/Jazz_Vicious.lua:47
890000000002710,"Мой шарм стоит дороже, чем ты предлагаешь.","Мой шарм стоит дороже, чем ты предлагаешь.",My charm is worth more than you're offering.,manual-translation,needs-english,jazz-units,890000000002710,jazz-units:items.lua:120672 | jazz-units:UnitData/Jazz_Vicious.lua:34
890000000002714,Oui? Жан-Пьер слушает. Дело срочное?,Oui? Жан-Пьер слушает. Дело срочное?,Oui? Jean-Pierre speaking. Is it urgent?,manual-translation,needs-english,jazz-units,890000000002714,jazz-units:items.lua:120743 | jazz-units:UnitData/Jazz_Vicious.lua:105
890000000002716,"Ну же, командирша. Время не ждёт.","Ну же, командирша. Время не ждёт.","Come now, mademoiselle. Time waits for no one.",manual-translation,needs-english,jazz-units,890000000002716,jazz-units:items.lua:120753 | jazz-units:UnitData/Jazz_Vicious.lua:115
890000000002803,Бифф,Бифф,Biff,manual-translation,needs-english,jazz-units,890000000002803,jazz-units:items.lua:121015 | jazz-units:UnitData/Jazz_Biff.lua:23
890000000002809,"Пока обдолбанный Ларри в отряде — нет, увольте. Мне и так страшно.","Пока обдолбанный Ларри в отряде — нет, увольте. Мне и так страшно.","Not while Larry's high and on the team—no, thank you. I'm scared enough already.",manual-translation,needs-english,jazz-units,890000000002809,jazz-units:items.lua:121026 | jazz-units:UnitData/Jazz_Biff.lua:34
890000000002810,"Извините, но за такие деньги рисковать шкурой не готов.","Извините, но за такие деньги рисковать шкурой не готов.","Sorry, but I'm not risking my skin for that kind of money.",manual-translation,needs-english,jazz-units,890000000002810,jazz-units:items.lua:121040 | jazz-units:UnitData/Jazz_Biff.lua:48
890000000002813,"Бифф... э-э... перезвоните, пожалуйста?","Бифф... э-э... перезвоните, пожалуйста?","Biff here... uh... could you call back, please?",manual-translation,needs-english,jazz-units,890000000002813,jazz-units:items.lua:121088 | jazz-units:UnitData/Jazz_Biff.lua:96
890000000002819,Остаюсь. Наверное.,Остаюсь. Наверное.,I'll stay. I guess.,manual-translation,needs-english,jazz-units,890000000002819,jazz-units:items.lua:121118 | jazz-units:UnitData/Jazz_Biff.lua:126
890000000002904,НЕРВНЫЙ,НЕРВНЫЙ,NERVOUS,manual-translation,needs-english,jazz-units,890000000002904,jazz-units:items.lua:121367 | jazz-units:UnitData/Jazz_Nervous.lua:24
890000000002911,"О, Бритва уже тут? Тогда ладно, веселее будет!","О, Бритва уже тут? Тогда ладно, веселее будет!","Oh, Blade's here already? All right then—this'll be more fun!",manual-translation,needs-english,jazz-units,890000000002911,jazz-units:items.lua:121408 | jazz-units:UnitData/Jazz_Nervous.lua:65
890000000002913,Ч-чё надо? Стрелять будем?!,Ч-чё надо? Стрелять будем?!,Wh-what do you want? Are we gonna shoot someone?!,manual-translation,needs-english,jazz-units,890000000002913,jazz-units:items.lua:121428 | jazz-units:UnitData/Jazz_Nervous.lua:84
890000000002918,Остаюсь! Ещё патроны не кончились!,Остаюсь! Ещё патроны не кончились!,I'm staying! Still got ammo left!,manual-translation,needs-english,jazz-units,890000000002918,jazz-units:items.lua:121453 | jazz-units:UnitData/Jazz_Nervous.lua:109
890000000003009,"Слишком много смертей. Мне и своей жизни хватит, чтобы бояться.",Слишком много смертей. Мне и за свою-то жизнь страшно.,Too many deaths. I'm scared enough for my own life.,manual-translation,needs-english,jazz-units,890000000003009,jazz-units:items.lua:121712 | jazz-units:UnitData/Jazz_Flo.lua:34
890000000003011,"О, Бифф или Рысь уже здесь? Тогда... немного спокойнее.","О, Бифф или Рысь уже здесь? Тогда... немного спокойнее.","Oh, Biff or Lynx is already here? Then... I feel a little safer.",manual-translation,needs-english,jazz-units,890000000003011,jazz-units:items.lua:121740 | jazz-units:UnitData/Jazz_Flo.lua:62
890000000003013,"Фло не может подойти! Пишите, перезвоню, если жива буду.","Фло не может подойти! Пишите, перезвоню, если жива буду.",Flo can't come to the phone! Leave a message; I'll call back if I'm still alive.,manual-translation,needs-english,jazz-units,890000000003013,jazz-units:items.lua:121773 | jazz-units:UnitData/Jazz_Flo.lua:95
890000000003019,Остаюсь. Скидки у местных торговцев того стоят.,Остаюсь. Скидки у местных торговцев того стоят.,I'll stay. The discounts from local merchants make it worthwhile.,manual-translation,needs-english,jazz-units,890000000003019,jazz-units:items.lua:121803 | jazz-units:UnitData/Jazz_Flo.lua:125
890000000003104,ПУМА,ПУМА,COUGAR,manual-translation,needs-english,jazz-units,890000000003104,jazz-units:items.lua:122050 | jazz-units:UnitData/Jazz_Cougar.lua:24
890000000003112,Наймите ещё Лена — с ним работать тихо и надёжно.,Наймите ещё Лена — с ним работать тихо и надёжно.,Hire Len too—he's quiet and dependable.,manual-translation,needs-english,jazz-units,890000000003112,jazz-units:items.lua:122107 | jazz-units:UnitData/Jazz_Cougar.lua:81
890000000003114,"Пума. Говори тихо, если можешь.","Пума. Говори тихо, если можешь.","Cougar. Keep your voice down, if you can.",manual-translation,needs-english,jazz-units,890000000003114,jazz-units:items.lua:122126 | jazz-units:UnitData/Jazz_Cougar.lua:100
890000000003117,Уже в тени. Иду.,Уже в тени. Иду.,Already in the shadows. On my way.,manual-translation,needs-english,jazz-units,890000000003117,jazz-units:items.lua:122141 | jazz-units:UnitData/Jazz_Cougar.lua:115
890000000003203,Мигель,Мигель,Miguel,manual-translation,needs-english,jazz-units,890000000003203,jazz-units:items.lua:122398 | jazz-units:UnitData/Jazz_Miguel.lua:23
890000000003209,"Отряд полон немцев... Ладно, но с доплатой — старые счёты не забываются.","Отряд полон немцев... Ладно, но с доплатой — старые счёты не забываются.","A squad full of Germans... Fine, but it'll cost extra—old scores aren't forgotten.",manual-translation,needs-english,jazz-units,890000000003209,jazz-units:items.lua:122410 | jazz-units:UnitData/Jazz_Miguel.lua:35
890000000003212,Мигель. Оставьте сообщение для дела свободы Арулько.,Мигель. Оставьте сообщение для дела свободы Арулько.,Miguel here. Leave a message for the cause of Arulco's freedom.,manual-translation,needs-english,jazz-units,890000000003212,jazz-units:items.lua:122463 | jazz-units:UnitData/Jazz_Miguel.lua:88
890000000003215,Арулько ждёт. Не задерживайся.,Арулько ждёт. Не задерживайся.,Arulco is waiting. Don't keep it waiting.,manual-translation,needs-english,jazz-units,890000000003215,jazz-units:items.lua:122478 | jazz-units:UnitData/Jazz_Miguel.lua:103
890000000003216,Встаём в строй. Пора действовать.,Встаём в строй. Пора действовать.,Back in formation. Time to act.,manual-translation,needs-english,jazz-units,890000000003216,jazz-units:items.lua:122483 | jazz-units:UnitData/Jazz_Miguel.lua:108
890000000003218,Остаюсь. Освобождение ещё не закончено.,Остаюсь. Освобождение ещё не закончено.,I'm staying. Liberation isn't finished yet.,manual-translation,needs-english,jazz-units,890000000003218,jazz-units:items.lua:122493 | jazz-units:UnitData/Jazz_Miguel.lua:118
890000000003303,Гамос,Гамос,Gamos,manual-translation,needs-english,jazz-units,890000000003303,jazz-units:items.lua:122740 | jazz-units:UnitData/Jazz_Gamos.lua:23
890000000003310,Мало денег. Гамос семью кормить надо.,Мало денег. Гамос семью кормить надо.,Not enough money. Gamos has family to feed.,manual-translation,needs-english,jazz-units,890000000003310,jazz-units:items.lua:122764 | jazz-units:UnitData/Jazz_Gamos.lua:47
890000000003311,Гамос много путешествовать — сейчас нет тут. Потом.,Гамос много путешествовать — сейчас нет тут. Потом.,Gamos travel much—Gamos not here now. Later.,manual-translation,needs-english,jazz-units,890000000003311,jazz-units:items.lua:122779 | jazz-units:UnitData/Jazz_Gamos.lua:61
890000000003314,Идём? Гамос знать дорогу.,Идём? Гамос знать дорогу.,We go? Gamos know way.,manual-translation,needs-english,jazz-units,890000000003314,jazz-units:items.lua:122794 | jazz-units:UnitData/Jazz_Gamos.lua:76
890000000003317,Гамос остаётся. Есть ещё тропы показать.,Гамос остаётся. Есть ещё тропы показать.,Gamos stays. More trails to show.,manual-translation,needs-english,jazz-units,890000000003317,jazz-units:items.lua:122809 | jazz-units:UnitData/Jazz_Gamos.lua:91
890000000003404,ДИНАМО,ДИНАМО,DYNAMO,manual-translation,needs-english,jazz-units,890000000003404,jazz-units:items.lua:123053 | jazz-units:UnitData/Jazz_Dynamo.lua:24
890000000003513,"Гастон у дамы. Пишите, отвечу, когда освобожусь.","Гастон у дамы. Пишите, отвечу, когда освобожусь.",Gaston's with a lady. Leave a message; I'll reply when I'm free.,manual-translation,needs-english,jazz-units,890000000003513,jazz-units:items.lua:123435 | jazz-units:UnitData/Jazz_Gaston.lua:101
890000000003514,Gaston à l'appareil. Слушаю ваше предложение.,Gaston à l'appareil. Слушаю ваше предложение.,Gaston à l'appareil. I am listening to your offer.,manual-translation,needs-english,jazz-units,890000000003514,jazz-units:items.lua:123440 | jazz-units:UnitData/Jazz_Gaston.lua:106
890000000003518,"Контракт заканчивается. Продлеваем, mon ami?","Контракт заканчивается. Продлеваем, mon ami?","The contract is ending. Shall we extend, mon ami?",manual-translation,needs-english,jazz-units,890000000003518,jazz-units:items.lua:123460 | jazz-units:UnitData/Jazz_Gaston.lua:126
890000000003603,Сигара,Сигара,Horg,manual-translation,needs-english,jazz-units,890000000003603 | 890000000003606,jazz-units:items.lua:123716 | jazz-units:UnitData/Jazz_Horg.lua:24 | jazz-units:items.lua:123720 | jazz-units:UnitData/Jazz_Horg.lua:28
890000000003709,"Слишком много смертей. Мануэль уже видел, чем это кончается.","Слишком много смертей. Мануэль уже видел, чем это кончается.",Too many deaths. Manuel has seen how this ends.,manual-translation,needs-english,jazz-units,890000000003709,jazz-units:items.lua:124082 | jazz-units:UnitData/Jazz_Manuel.lua:34
890000000003711,Мигель уже здесь? Тогда ладно — он мне ещё должен объяснение.,Мигель уже здесь? Тогда ладно — он мне ещё должен объяснение.,"Miguel is already here? All right, then—he still owes me an explanation.",manual-translation,needs-english,jazz-units,890000000003711,jazz-units:items.lua:124110 | jazz-units:UnitData/Jazz_Manuel.lua:62
890000000003712,"Если встретите Мигеля — скажите, Мануэль его не забыл.","Если встретите Мигеля — скажите, Мануэль его не забыл.","If you see Miguel, tell him Manuel hasn't forgotten him.",manual-translation,needs-english,jazz-units,890000000003712,jazz-units:items.lua:124126 | jazz-units:UnitData/Jazz_Manuel.lua:78
890000000003716,Тише. Мануэль слушает лес.,Тише. Мануэль слушает лес.,Quiet. Manuel listens to the forest.,manual-translation,needs-english,jazz-units,890000000003716,jazz-units:items.lua:124155 | jazz-units:UnitData/Jazz_Manuel.lua:107
890000000003719,Остаюсь. Лес подождёт.,Остаюсь. Лес подождёт.,I'm staying. The forest can wait.,manual-translation,needs-english,jazz-units,890000000003719,jazz-units:items.lua:124170 | jazz-units:UnitData/Jazz_Manuel.lua:122
890000000003806,Чеченский след,Чеченский след,The Chechen Trail,manual-translation,needs-english,jazz-units,890000000003806,jazz-units:items.lua:124419 | jazz-units:UnitData/Jazz_Monk.lua:27
890000000003904,ЗНАТОК,ЗНАТОК,ALLIK,manual-translation,needs-english,jazz-units,890000000003904,jazz-units:items.lua:124769 | jazz-units:UnitData/Jazz_Allik.lua:24
890000000003906,Эстонец,Эстонец,The Estonian,manual-translation,needs-english,jazz-units,890000000003906,jazz-units:items.lua:124772 | jazz-units:UnitData/Jazz_Allik.lua:27
890000000003917,Выхожу. Будет интересно.,Выхожу. Будет интересно.,Heading out. This should be interesting.,manual-translation,needs-english,jazz-units,890000000003917,jazz-units:items.lua:124866 | jazz-units:UnitData/Jazz_Allik.lua:121
890000000004006,Барон-гасс,Барон-гасс,The Cabinet General,manual-translation,needs-english,jazz-units,890000000004006,jazz-units:items.lua:125129 | jazz-units:UnitData/Jazz_Henning.lua:27
890000000004109,"Пока Ротман, Блэйд или трезвый Ларри у вас в отряде — я пас. Не моя вибрация.","Пока Ротман, Блэйд или трезвый Ларри у вас в отряде — я пас. Не моя вибрация.","Not while Rothman, Blade, or sober Larry is on your team. I'm out. Bad vibes.",manual-translation,needs-english,jazz-units,890000000004109,jazz-units:items.lua:125493 | jazz-units:UnitData/Jazz_Static.lua:34
890000000004110,Слишком много трупов вокруг вас. Не моя карма.,Слишком много трупов вокруг вас. Не моя карма.,Too many bodies around you. Bad karma.,manual-translation,needs-english,jazz-units,890000000004110,jazz-units:items.lua:125510 | jazz-units:UnitData/Jazz_Static.lua:51
890000000004113,Если нужен ещё один спец по железу — зовите Паука.,Если нужен ещё один спец по железу — зовите Паука.,"If you need another gearhead, call Spider.",manual-translation,needs-english,jazz-units,890000000004113,jazz-units:items.lua:125569 | jazz-units:UnitData/Jazz_Static.lua:110
890000000004114,Статик в отключке. Позвоните позже.,Статик в отключке. Позвоните позже.,Static's unplugged. Call back later.,manual-translation,needs-english,jazz-units,890000000004114,jazz-units:items.lua:125583 | jazz-units:UnitData/Jazz_Static.lua:124
890000000004118,"Окей, собираю чемодан с инструментами.","Окей, собираю чемодан с инструментами.","Okay, packing my tool case.",manual-translation,needs-english,jazz-units,890000000004118,jazz-units:items.lua:125603 | jazz-units:UnitData/Jazz_Static.lua:144
890000000004204,СКАЛА,СКАЛА,HIGHBALL,manual-translation,needs-english,jazz-units,890000000004204,jazz-units:items.lua:125865 | jazz-units:UnitData/Jazz_Highball.lua:24
890000000004206,Старый алкаш,Старый алкаш,The Old Drunk,manual-translation,needs-english,jazz-units,890000000004206,jazz-units:items.lua:125868 | jazz-units:UnitData/Jazz_Highball.lua:27
890000000004211,"Это доктор Клиффорд Хайбол, спасибо за звонок. Сейчас я не могу с вами разговаривать — оставьте своё имя и номер.","Это доктор Клиффорд Хайбол, спасибо за звонок. Сейчас я не могу с вами разговаривать — оставьте своё имя и номер.",This is Dr. Clifford Hyball. Thank you for calling. I can't speak with you right now—please leave your name and number.,manual-translation,needs-english,jazz-units,890000000004211,jazz-units:items.lua:125903 | jazz-units:UnitData/Jazz_Highball.lua:61
890000000004213,"Пожалуйста, внимание — я сказал.","Пожалуйста, внимание — я сказал.","Your attention, please. As I was saying...",manual-translation,needs-english,jazz-units,890000000004213,jazz-units:items.lua:125913 | jazz-units:UnitData/Jazz_Highball.lua:71
890000000004216,"Мой контракт почти закончен. Следует ли мне понимать вашу незаинтересованность как свидетельство того, что продления не будет?","Мой контракт почти закончен. Следует ли мне понимать вашу незаинтересованность как свидетельство того, что продления не будет?",My contract is nearly over. Am I to take your lack of interest as evidence that there will be no extension?,manual-translation,needs-english,jazz-units,890000000004216,jazz-units:items.lua:125928 | jazz-units:UnitData/Jazz_Highball.lua:86
890000000004303,Бык,Бык,Bull,manual-translation,needs-english,jazz-units,890000000004303,jazz-units:items.lua:126176 | jazz-units:UnitData/Jazz_Bull.lua:23
890000000004309,Пока Бифф в отряде — я пас. Он мне не нравится.,Пока Бифф в отряде — я пас. Он мне не нравится.,Not while Biff's on the team. I don't like him.,manual-translation,needs-english,jazz-units,890000000004309,jazz-units:items.lua:126187 | jazz-units:UnitData/Jazz_Bull.lua:34
890000000004310,"Мало. Бык дёшево, но не бесплатно.","Мало. Бык дёшево, но не бесплатно.","Not enough. Bull cheap, but not free.",manual-translation,needs-english,jazz-units,890000000004310,jazz-units:items.lua:126201 | jazz-units:UnitData/Jazz_Bull.lua:48
890000000004314,"Бык! Чо, бить будем?","Бык! Чо, бить будем?",Bull! We gonna smash somebody?,manual-translation,needs-english,jazz-units,890000000004314,jazz-units:items.lua:126251 | jazz-units:UnitData/Jazz_Bull.lua:98
890000000004403,Кардан,Кардан,Cord,manual-translation,needs-english,jazz-units,890000000004403,jazz-units:items.lua:126523 | jazz-units:UnitData/Jazz_Cord.lua:23
890000000004409,Пока Иван или Игорь в отряде — я пас.,Пока Иван или Игорь в отряде — я пас.,Not while Ivan or Igor is on the team. I'm out.,manual-translation,needs-english,jazz-units,890000000004409,jazz-units:items.lua:126534 | jazz-units:UnitData/Jazz_Cord.lua:34
890000000004412,Кардан... куда я дел телефон... перезвоните.,Кардан... куда я дел телефон... перезвоните.,Cord here... where'd I put the phone... call back.,manual-translation,needs-english,jazz-units,890000000004412,jazz-units:items.lua:126589 | jazz-units:UnitData/Jazz_Cord.lua:88
890000000004418,Остаюсь. Кажется.,Остаюсь. Кажется.,I'll stay. I think.,manual-translation,needs-english,jazz-units,890000000004418,jazz-units:items.lua:126619 | jazz-units:UnitData/Jazz_Cord.lua:118
890000000004504,ХОББИТ,ХОББИТ,HOBBIT,manual-translation,needs-english,jazz-units,890000000004504,jazz-units:items.lua:126868 | jazz-units:UnitData/Jazz_Hobbit.lua:24
890000000004506,Несу вас,Несу вас,I'll Carry You,manual-translation,needs-english,jazz-units,890000000004506,jazz-units:items.lua:126871 | jazz-units:UnitData/Jazz_Hobbit.lua:27
890000000004511,"Хоббит недоступен. Наверное, к лучшему.","Хоббит недоступен. Наверное, к лучшему.",Hobbit's unavailable. Probably for the best.,manual-translation,needs-english,jazz-units,890000000004511,jazz-units:items.lua:126906 | jazz-units:UnitData/Jazz_Hobbit.lua:61
890000000004514,Жарко. Всё равно ничем хорошим не кончится.,Жарко. Всё равно ничем хорошим не кончится.,Hot. This won't end well anyway.,manual-translation,needs-english,jazz-units,890000000004514,jazz-units:items.lua:126921 | jazz-units:UnitData/Jazz_Hobbit.lua:76
890000000004630,"Ладно. Иду. Скорее всего, зря.","Ладно. Иду. Скорее всего, зря.",All right. I'm coming. Probably a mistake.,manual-translation,needs-english,jazz-units,890000000004630,jazz-units:items.lua:127811 | jazz-units:UnitData/Jazz_Carlos.lua:34
890000000004642,Девин занят. Позже.,Девин занят. Позже.,Devin's busy. Later.,manual-translation,needs-english,jazz-units,890000000004642,jazz-units:items.lua:128054 | jazz-units:UnitData/Jazz_Devin.lua:30
890000000004646,За такую цену — идёт.,За такую цену — идёт.,At that price—I'm in.,manual-translation,needs-english,jazz-units,890000000004646,jazz-units:items.lua:128058 | jazz-units:UnitData/Jazz_Devin.lua:34
890000000004652,Шенк,Шенк,Shank,manual-translation,needs-english,jazz-units,890000000004652,jazz-units:items.lua:128294 | jazz-units:UnitData/Jazz_Shank.lua:23
890000000004655,Манчкин,Манчкин,The Munchkin,manual-translation,needs-english,jazz-units,890000000004655,jazz-units:items.lua:128298 | jazz-units:UnitData/Jazz_Shank.lua:27
890000000004669,ВИНС,ВИНС,VINCE,manual-translation,needs-english,jazz-units,890000000004669,jazz-units:items.lua:128542 | jazz-units:UnitData/Jazz_Vince.lua:24
890000000004678,Готов учить и лечить. Иду.,Готов учить и лечить. Иду.,Ready to teach and patch people up. On my way.,manual-translation,needs-english,jazz-units,890000000004678,jazz-units:items.lua:128552 | jazz-units:UnitData/Jazz_Vince.lua:34
890000000004685,УБИЙЦА,УБИЙЦА,HITMAN,manual-translation,needs-english,jazz-units,890000000004685,jazz-units:items.lua:128789 | jazz-units:UnitData/Jazz_Hitman.lua:24
890000000004693,Время идёт.,Время идёт.,Clock's ticking.,manual-translation,needs-english,jazz-units,890000000004693,jazz-units:items.lua:128798 | jazz-units:UnitData/Jazz_Hitman.lua:33
890000000004709,"Жарковато сегодня, но не жалуюсь.","Жарковато сегодня, но не жалуюсь.","Bit warm today, but I'm not complaining.",manual-translation,needs-english,jazz-units,890000000004709,jazz-units:items.lua:129045 | jazz-units:UnitData/Jazz_Biggens.lua:33
890000000004723,Кульба слушает. За свободу.,Кульба слушает. За свободу.,Kulba speaking. For freedom.,manual-translation,needs-english,jazz-units,890000000004723,jazz-units:items.lua:129290 | jazz-units:UnitData/Jazz_Kulba.lua:31
890000000004732,Зануда,Зануда,Vilde,manual-translation,needs-english,jazz-units,890000000004732,jazz-units:items.lua:129529 | jazz-units:UnitData/Jazz_Vilde.lua:23
890000000004740,Я повторю...,Я повторю...,Let me repeat myself...,manual-translation,needs-english,jazz-units,890000000004740,jazz-units:items.lua:129538 | jazz-units:UnitData/Jazz_Vilde.lua:32
890000000004748,Грейс,Грейс,Grace,manual-translation,needs-english,jazz-units,890000000004748,jazz-units:items.lua:129776 | jazz-units:UnitData/Jazz_Grace.lua:23
890000000004751,Итальянка,Итальянка,The Italian,manual-translation,needs-english,jazz-units,890000000004751,jazz-units:items.lua:129780 | jazz-units:UnitData/Jazz_Grace.lua:27
890000000004755,Говорит Грейс Джирелли.,Говорит Грейс Джирелли.,Grace Girelli speaking.,manual-translation,needs-english,jazz-units,890000000004755,jazz-units:items.lua:129784 | jazz-units:UnitData/Jazz_Grace.lua:31
890000000004757,"Кстати, я здорово управляюсь с ножами...","Кстати, я здорово управляюсь с ножами...","By the way, I'm very good with knives...",manual-translation,needs-english,jazz-units,890000000004757,jazz-units:items.lua:129786 | jazz-units:UnitData/Jazz_Grace.lua:33
890000000004759,"Срок моего контракта истек, но я могу остаться, пупсик, если без меня вы не справитесь.","Срок моего контракта истёк, но я могу остаться, пупсик, если без меня вы не справитесь.","My contract has expired, but I can stay, doll, if you can't manage without me.",manual-translation,needs-english,jazz-units,890000000004759,jazz-units:items.lua:129788 | jazz-units:UnitData/Jazz_Grace.lua:35
890000000004764,Штайгер,Штайгер,Steiger,manual-translation,needs-english,jazz-units,890000000004764,jazz-units:items.lua:130023 | jazz-units:UnitData/Jazz_Steiger.lua:23
890000000004767,Дорогой немец,Дорогой немец,The Expensive German,manual-translation,needs-english,jazz-units,890000000004767,jazz-units:items.lua:130027 | jazz-units:UnitData/Jazz_Steiger.lua:27
890000000004772,Я сказал...,Я сказал...,I said...,manual-translation,needs-english,jazz-units,890000000004772 | 890000000004788,jazz-units:items.lua:130032 | jazz-units:UnitData/Jazz_Steiger.lua:32 | jazz-units:items.lua:130279 | jazz-units:UnitData/Jazz_Lucky.lua:32
890000000004776,Выпьем за долгое и взаимовыгодное сотрудничество...,Выпьем за долгое и взаимовыгодное сотрудничество...,A toast to a long and mutually profitable partnership...,manual-translation,needs-english,jazz-units,890000000004776,jazz-units:items.lua:130036 | jazz-units:UnitData/Jazz_Steiger.lua:36
890000000004791,Мой контракт... Мы его продлеваем?,Мой контракт... Мы его продлеваем?,My contract... are we extending it?,manual-translation,needs-english,jazz-units,890000000004791,jazz-units:items.lua:130282 | jazz-units:UnitData/Jazz_Lucky.lua:35
890000000004792,D'accord. Я согласен.,D'accord. Я согласен.,D'accord. I agree.,manual-translation,needs-english,jazz-units,890000000004792,jazz-units:items.lua:130283 | jazz-units:UnitData/Jazz_Lucky.lua:36
890000000004796,Лора,Лора,Laura,manual-translation,needs-english,jazz-units,890000000004796,jazz-units:items.lua:130517 | jazz-units:UnitData/Jazz_Laura.lua:23
890000000004799,Цыганский врач,Цыганский врач,The Roma Doctor,manual-translation,needs-english,jazz-units,890000000004799,jazz-units:items.lua:130521 | jazz-units:UnitData/Jazz_Laura.lua:27
890000000004803,Алло?,Алло?,Hello?,manual-translation,needs-english,jazz-units,890000000004803,jazz-units:items.lua:130525 | jazz-units:UnitData/Jazz_Laura.lua:31
890000000004813,ЭСКИМО,ЭСКИМО,ESKIMO,manual-translation,needs-english,jazz-units,890000000004813,jazz-units:items.lua:130765 | jazz-units:UnitData/Jazz_Eskimo.lua:24
890000000004815,Пленный снайпер,Пленный снайпер,The Imprisoned Sniper,manual-translation,needs-english,jazz-units,890000000004815,jazz-units:items.lua:130768 | jazz-units:UnitData/Jazz_Eskimo.lua:27
890000000004818,Эскимо в камере... шучу. Перезвоните.,Эскимо в камере... шучу. Перезвоните.,Eskimo's in the brig... just kidding. Call back.,manual-translation,needs-english,jazz-units,890000000004818,jazz-units:items.lua:130771 | jazz-units:UnitData/Jazz_Eskimo.lua:30
890000000004819,Эскимо на связи. Свободен и рад этому.,Эскимо на связи. Свободен и рад этому.,"Eskimo here. Free, and happy about it.",manual-translation,needs-english,jazz-units,890000000004819,jazz-units:items.lua:130772 | jazz-units:UnitData/Jazz_Eskimo.lua:31
890000000004822,Спасибо за свободу. Я в деле.,Спасибо за свободу. Я в деле.,Thanks for the freedom. I'm in.,manual-translation,needs-english,jazz-units,890000000004822,jazz-units:items.lua:130775 | jazz-units:UnitData/Jazz_Eskimo.lua:34
890000000006302,Пора отрабатывать свой хлеб.,Пора отрабатывать свой хлеб.,Time to earn my keep.,manual-translation,needs-english,jazz-units,890000000006302 | 890000000006307,jazz-units:items.lua:120154 | jazz-units:items.lua:120204
890000000006311,"Мне очень нравится, как работает Лава. Есть в ее таланте что-то... сексуальное.","Мне очень нравится, как работает Лава. Есть в ее таланте что-то... сексуальное.",I really like the way Lava works. There's something... sexy about her talent.,manual-translation,needs-english,jazz-units,890000000006311,jazz-units:items.lua:120298
890000000006320,Мне надо заняться чем-то еще!,Мне надо заняться чем-то ещё!,I need something else to do!,manual-translation,needs-english,jazz-units,890000000006320,jazz-units:items.lua:120550
890000000006322,"Анаболик... Мозгов, как в пожарной машине.","Анаболик... Мозгов, как в пожарной машине.",Steroid... About as smart as a fire truck.,manual-translation,needs-english,jazz-units,890000000006322,jazz-units:items.lua:120629
890000000006323,Отличная работа.,Отличная работа.,Great work.,manual-translation,needs-english,jazz-units,890000000006323 | 890000000006395 | 890000000006467 | 890000000006515 | 890000000006551 | 890000000006575 | 890000000006611 | 890000000009206 | 890000000009242 | 890000000009302,jazz-units:items.lua:120632 | jazz-units:items.lua:126147 | jazz-units:items.lua:130982 | jazz-units:items.lua:123023 | jazz-units:items.lua:124386 | jazz-units:items.lua:127150 | jazz-units:items.lua:128759 | jazz-units:items.lua:124739 | jazz-units:items.lua:129253 | jazz-units:items.lua:130735
890000000006327,"Так тебя, и вот этак!","Так тебя, и вот этак!",Take that—and that!,manual-translation,needs-english,jazz-units,890000000006327,jazz-units:items.lua:121549
890000000006328,"Ох, круто меня отымели, друг... Очень круто...","Ох, круто меня отымели, друг... Очень круто...","Oh, man, they really screwed me... Real bad...",manual-translation,needs-english,jazz-units,890000000006328,jazz-units:items.lua:121587
890000000006329,Да фигня! Я в порядке.,Да фигня! Я в порядке.,It's nothing! I'm fine.,manual-translation,needs-english,jazz-units,890000000006329,jazz-units:items.lua:121569
890000000006330,Что-то у меня ружье полегчало!,Что-то у меня ружье полегчало!,My gun feels kinda light!,manual-translation,needs-english,jazz-units,890000000006330,jazz-units:items.lua:121556
890000000006334,"А-а-а, наш маленький сладенький Бифи хочет свою сладенькую бутылочку? Ой,  не мо","А-а-а, наш маленький сладенький Биффи хочет свою сладенькую бутылочку? Ой, не могу...","Aww, does sweet little Biffy want his sweet little bottle? Oh, I can't...",manual-translation,needs-english,jazz-units,890000000006334,jazz-units:items.lua:121669
890000000006340,Не хочу умирать... только не здесь... не дайте мне здесь умереть.,Не хочу умирать... только не здесь... не дайте мне здесь умереть.,I don't want to die... not here... don't let me die here.,manual-translation,needs-english,jazz-units,890000000006340,jazz-units:items.lua:121935
890000000006342,В моем ружье нет патронов!,В моем ружье нет патронов!,My gun's out of ammo!,manual-translation,needs-english,jazz-units,890000000006342,jazz-units:items.lua:121904
890000000006345,Я двигаюсь вперед.,Я двигаюсь вперед.,I'm moving up.,manual-translation,needs-english,jazz-units,890000000006345,jazz-units:items.lua:121947
890000000006348,Готов к выполнению задания.,Готов к выполнению задания.,Ready for the mission.,manual-translation,needs-english,jazz-units,890000000006348,jazz-units:items.lua:122536
890000000006351,Сдохни!,Сдохни!,Die!,manual-translation,needs-english,jazz-units,890000000006351,jazz-units:items.lua:122588
890000000006353,Ничего не выйдет!,Ничего не выйдет!,This won't work!,manual-translation,needs-english,jazz-units,890000000006353,jazz-units:items.lua:122608
890000000006356,Куда теперь?,Куда теперь?,Where to now?,manual-translation,needs-english,jazz-units,890000000006356,jazz-units:items.lua:122629
890000000006364,Конец...,Конец...,The end...,manual-translation,needs-english,jazz-units,890000000006364 | 890000000006532 | 890000000006616 | 890000000009199 | 890000000009211 | 890000000009223 | 890000000009235 | 890000000009247 | 890000000009259 | 890000000009271 | 890000000009283 | 890000000009295,jazz-units:items.lua:123602 | jazz-units:items.lua:123957 | jazz-units:items.lua:129415 | jazz-units:items.lua:124654 | jazz-units:items.lua:125011 | jazz-units:items.lua:125368 | jazz-units:items.lua:129168 | jazz-units:items.lua:129662 | jazz-units:items.lua:129909 | jazz-units:items.lua:130156 | jazz-units:items.lua:130403 | jazz-units:items.lua:130650
890000000006368,"Америка! Страна без культуры. Эти люди просто летят на яркий свет, словно мотыльки.","Америка! Страна без культуры. Эти люди просто летят на яркий свет, словно мотыльки.",America! A country without culture. These people just fly toward bright lights like moths.,manual-translation,needs-english,jazz-units,890000000006368 | 890000000007841 | 890000000007842,jazz-units:items.lua:123605 | jazz-units:items.lua:123606 | jazz-units:items.lua:123607
890000000006381,"Я это, силу необыкновенную чувствую, чувак. Опыт привалил.","Я это, силу необыкновенную чувствую, чувак. Опыт привалил.","Man, I'm feeling some serious power. Must be all that experience.",manual-translation,needs-english,jazz-units,890000000006381,jazz-units:items.lua:125762
890000000006382,Ларри стал какой-то не такой. Совсем не наш чувак. Когда-то он был крутым пацано,Ларри стал какой-то не такой. Совсем не наш чувак. А ведь когда-то был крутым пацаном...,Larry's changed. He's not one of us anymore. Used to be a cool guy...,manual-translation,needs-english,jazz-units,890000000006382,jazz-units:items.lua:125832
890000000006384,Доктор Клиффорд Хайбол...,Доктор Клиффорд Хайбол...,Dr. Clifford Hyball...,manual-translation,needs-english,jazz-units,890000000006384,jazz-units:items.lua:125972
890000000006386,Добро пожаловать! Я вас давно жду.,Добро пожаловать! Я вас давно жду.,Welcome! I've been expecting you.,manual-translation,needs-english,jazz-units,890000000006386 | 890000000006391,jazz-units:items.lua:126003 | jazz-units:items.lua:126053
890000000006387,Вернуть отправителю.,Вернуть отправителю.,Return to sender.,manual-translation,needs-english,jazz-units,890000000006387,jazz-units:items.lua:126024
890000000006388,Хреново кровотечение!,Хреново... Кровью истекаю!,Damn... I'm bleeding out!,manual-translation,needs-english,jazz-units,890000000006388,jazz-units:items.lua:126062
890000000006390,Мне нужны патроны!,Мне нужны патроны!,I need ammo!,manual-translation,needs-english,jazz-units,890000000006390,jazz-units:items.lua:126031
890000000006398,Этого я и ждал!,Этого я и ждал!,This is what I've been waiting for!,manual-translation,needs-english,jazz-units,890000000006398 | 890000000006403,jazz-units:items.lua:126350 | jazz-units:items.lua:126400
890000000006401,"Со стороны страшнее, чем по правде!","Со стороны страшнее, чем по правде!",Looks worse than it feels!,manual-translation,needs-english,jazz-units,890000000006401,jazz-units:items.lua:126391
890000000006408,"Мясо проснулся и трудится, как трутень... Эээ, пчела.","Мясо проснулось и трудится, как трутень... Э-э, пчела.","Meat is awake and working like a drone... Uh, a bee.",manual-translation,needs-english,jazz-units,890000000006408,jazz-units:items.lua:127596
890000000006409,Хочешь поиграть?,Хочешь поиграть?,Wanna play?,manual-translation,needs-english,jazz-units,890000000006409,jazz-units:items.lua:127626
890000000006413,Они хотели сделать Мясу больно.,Они хотели сделать Мясу больно.,They tried to hurt Meat.,manual-translation,needs-english,jazz-units,890000000006413,jazz-units:items.lua:127668
890000000006414,Патронов в винтовке нет!,Патронов в винтовке нет!,Rifle's out of bullets!,manual-translation,needs-english,jazz-units,890000000006414,jazz-units:items.lua:127655
890000000006421,Солдаты королевы.,Солдаты королевы.,The Queen's soldiers.,manual-translation,needs-english,jazz-units,890000000006421,jazz-units:items.lua:127873
890000000006428,Я жду приказа.,Я жду приказа.,Awaiting orders.,manual-translation,needs-english,jazz-units,890000000006428,jazz-units:items.lua:127936
890000000006429,Я стал умнее.,Я стал умнее.,I got smarter.,manual-translation,needs-english,jazz-units,890000000006429,jazz-units:items.lua:127945
890000000006431,Я уважаю Мигеля. Он самый лучший.,Я уважаю Мигеля. Он самый лучший.,I respect Miguel. He's the best.,manual-translation,needs-english,jazz-units,890000000006431,jazz-units:items.lua:128018
890000000006433,У нас неприятности.,У нас неприятности.,We've got trouble.,manual-translation,needs-english,jazz-units,890000000006433,jazz-units:items.lua:128367
890000000006436,"Я везучий... выживу. Вот только больно, зараза!","Я везучий... выживу. Вот только больно, зараза!","I'm lucky... I'll make it. Damn, it hurts!",manual-translation,needs-english,jazz-units,890000000006436,jazz-units:items.lua:128427
890000000006438,Мне нужны патроны.,Мне нужны патроны.,I need ammo.,manual-translation,needs-english,jazz-units,890000000006438,jazz-units:items.lua:128396
890000000006441,"Да я так профи стану, как два пальца...",Так я скоро профи стану. Проще простого...,At this rate I'll be a pro in no time...,manual-translation,needs-english,jazz-units,890000000006441,jazz-units:items.lua:128439
890000000006445,Вижу мишень.,Вижу мишень.,Target in sight.,manual-translation,needs-english,jazz-units,890000000006445,jazz-units:items.lua:128861
890000000006447,Уничтожен!,Уничтожен!,Eliminated!,manual-translation,needs-english,jazz-units,890000000006447,jazz-units:items.lua:128883
890000000006449,От ФБР мне круче доставалось.,От ФБР мне круче доставалось.,The FBI hit me harder than that.,manual-translation,needs-english,jazz-units,890000000006449,jazz-units:items.lua:128903
890000000006454,С этой Фло таким как я невозможно работать. Она не идет мне на встречу. Я готов,"С этой Фло таким, как я, невозможно работать. Она не идёт мне навстречу. С меня хватит.",I can't work with Flo. She won't meet me halfway. I'm done.,manual-translation,needs-english,jazz-units,890000000006454,jazz-units:items.lua:129003
890000000006461,"Моя плохо, совсем плохо, однако.","Моя плохо, совсем плохо, однако.",Me hurt bad. Very bad.,manual-translation,needs-english,jazz-units,890000000006461,jazz-units:items.lua:130879
890000000006464,Моя все сделать!,Моя все сделать!,Me do everything!,manual-translation,needs-english,jazz-units,890000000006464 | 890000000007666 | 890000000007679,jazz-units:items.lua:130900 | jazz-units:items.lua:130931 | jazz-units:items.lua:130970
890000000006465,Моя готова.,Моя готова.,Me ready.,manual-translation,needs-english,jazz-units,890000000006465,jazz-units:items.lua:130909
890000000006473,Оххохошеньки!,Оххохошеньки!,Owww!,manual-translation,needs-english,jazz-units,890000000006473,jazz-units:items.lua:120883
890000000006474,Ружье кушать просит.,Ружье кушать просит.,Gun is hungry.,manual-translation,needs-english,jazz-units,890000000006474,jazz-units:items.lua:120870
890000000006483,Это я.,Это я.,That was me.,manual-translation,needs-english,jazz-units,890000000006483,jazz-units:items.lua:121214
890000000006490,"Нечего меня за нос водить. Ларри взялся за старое. Наркоман, а мне с ним работат",Нечего водить меня за нос. Ларри снова взялся за старое. Наркоман — и мне с ним работать?,Don't jerk me around. Larry's using again. A junkie—and I'm supposed to work with him?,manual-translation,needs-english,jazz-units,890000000006490,jazz-units:items.lua:121334
890000000006492,Я проснулся и готов работать с максимальной отдачей.,Я проснулся и готов работать с максимальной отдачей.,I'm awake and ready to give it my all.,manual-translation,needs-english,jazz-units,890000000006492,jazz-units:items.lua:122194
890000000006493,Обнаружен враг.,Обнаружен враг.,Enemy detected.,manual-translation,needs-english,jazz-units,890000000006493,jazz-units:items.lua:122224
890000000006495,Враг убит.,Враг убит.,Enemy down.,manual-translation,needs-english,jazz-units,890000000006495,jazz-units:items.lua:122246
890000000006496,Эти раны просто необходимо перевязать... A мне нужно немного аспирина.,Эти раны надо перевязать... А мне — немного аспирина.,These wounds need dressing... and I need some aspirin.,manual-translation,needs-english,jazz-units,890000000006496,jazz-units:items.lua:122284
890000000006498,Мне нужны боеприпасы к оружию.,Мне нужны боеприпасы к оружию.,I need ammunition.,manual-translation,needs-english,jazz-units,890000000006498,jazz-units:items.lua:122253
890000000006503,"Просто еще один пример того, как отлично работает Волк.","Просто ещё один пример того, как отлично работает Волк.",Just another example of Wolf's excellent work.,manual-translation,needs-english,jazz-units,890000000006503,jazz-units:items.lua:122369
890000000006504,Теперь я работаю.,Теперь я работаю.,Now I work.,manual-translation,needs-english,jazz-units,890000000006504,jazz-units:items.lua:122848
890000000006516,Я включился.,Я включился.,I'm switched on.,manual-translation,needs-english,jazz-units,890000000006516,jazz-units:items.lua:123153
890000000006518,"Я знал, что они близко.","Я знал, что они близко.",I knew they were close.,manual-translation,needs-english,jazz-units,890000000006518 | 890000000006523,jazz-units:items.lua:123184 | jazz-units:items.lua:123234
890000000006524,Закончил. Я готов.,Закончил. Я готов.,Done. I'm ready.,manual-translation,needs-english,jazz-units,890000000006524,jazz-units:items.lua:123246
890000000006528,На связи.,На связи.,Standing by.,manual-translation,needs-english,jazz-units,890000000006528 | 890000000006612 | 890000000007000 | 890000000007001 | 890000000007062 | 890000000007063 | 890000000007124 | 890000000007125 | 890000000007186 | 890000000007187 | 890000000007248 | 890000000007249 | 890000000007310 | 890000000007311 | 890000000007372 | 890000000007373 | 890000000007434 | 890000000007435 | 890000000007496 | 890000000007497 | 890000000007558 | 890000000007559 | 890000000007620 | 890000000007621 | 890000000007682 | 890000000007683 | 890000000007744 | 890000000007745 | 890000000007806 | 890000000007807 | 890000000007868 | 890000000007869 | 890000000007930 | 890000000007931 | 890000000007992 | 890000000007993 | 890000000008054 | 890000000008055 | 890000000008116 | 890000000008117 | 890000000008178 | 890000000008179 | 890000000008240 | 890000000008241 | 890000000008302 | 890000000008303 | 890000000008365 | 890000000008366 | 890000000008427 | 890000000008428 | 890000000008489 | 890000000008490 | 890000000008551 | 890000000008552 | 890000000008613 | 890000000008614 | 890000000008675 | 890000000008676 | 890000000008737 | 890000000008738 | 890000000008799 | 890000000008800 | 890000000008861 | 890000000008862 | 890000000008923 | 890000000008924 | 890000000008985 | 890000000008986 | 890000000009047 | 890000000009048 | 890000000009049 | 890000000009121 | 890000000009122 | 890000000009123 | 890000000009195 | 890000000009207 | 890000000009219 | 890000000009231 | 890000000009243 | 890000000009255 | 890000000009267 | 890000000009279 | 890000000009291 | 890000000009303 | 890000000009304 | 890000000009365 | 890000000009366 | 890000000009427 | 890000000009428 | 890000000009489 | 890000000009490 | 890000000009551 | 890000000009552 | 890000000009613 | 890000000009614 | 890000000009675 | 890000000009676 | 890000000009737 | 890000000009738 | 890000000009799 | 890000000009800 | 890000000010214 | 890000000010215,jazz-units:items.lua:123867 | jazz-units:items.lua:129325 | jazz-units:items.lua:121163 | jazz-units:items.lua:121164 | jazz-units:items.lua:117171 | jazz-units:items.lua:117172 | jazz-units:items.lua:126320 | jazz-units:items.lua:126321 | jazz-units:items.lua:127844 | jazz-units:items.lua:127845 | jazz-units:items.lua:118547 | jazz-units:items.lua:118548 | jazz-units:items.lua:126664 | jazz-units:items.lua:126665 | jazz-units:items.lua:122195 | jazz-units:items.lua:122196 | jazz-units:items.lua:128091 | jazz-units:items.lua:128092 | jazz-units:items.lua:117856 | jazz-units:items.lua:117857 | jazz-units:items.lua:123154 | jazz-units:items.lua:123155 | jazz-units:items.lua:130808 | jazz-units:items.lua:130809 | jazz-units:items.lua:121846 | jazz-units:items.lua:121847 | jazz-units:items.lua:122849 | jazz-units:items.lua:122850 | jazz-units:items.lua:123513 | jazz-units:items.lua:123514 | jazz-units:items.lua:119212 | jazz-units:items.lua:119213 | jazz-units:items.lua:125973 | jazz-units:items.lua:125974 | jazz-units:items.lua:128832 | jazz-units:items.lua:128833 | jazz-units:items.lua:126976 | jazz-units:items.lua:126977 | jazz-units:items.lua:123868 | jazz-units:items.lua:123869 | jazz-units:items.lua:117514 | jazz-units:items.lua:117515 | jazz-units:items.lua:129326 | jazz-units:items.lua:129327 | jazz-units:items.lua:118177 | jazz-units:items.lua:118178 | jazz-units:items.lua:124212 | jazz-units:items.lua:124213 | jazz-units:items.lua:127597 | jazz-units:items.lua:127598 | jazz-units:items.lua:122537 | jazz-units:items.lua:122538 | jazz-units:items.lua:121498 | jazz-units:items.lua:121499 | jazz-units:items.lua:120458 | jazz-units:items.lua:120459 | jazz-units:items.lua:127350 | jazz-units:items.lua:127351 | jazz-units:items.lua:120124 | jazz-units:items.lua:120125 | jazz-units:items.lua:128338 | jazz-units:items.lua:128339 | jazz-units:items.lua:125661 | jazz-units:items.lua:125662 | jazz-units:items.lua:120812 | jazz-units:items.lua:120813 | jazz-units:items.lua:128585 | jazz-units:items.lua:128586 | jazz-units:items.lua:119496 | jazz-units:items.lua:119497 | jazz-units:items.lua:119498 | jazz-units:items.lua:119781 | jazz-units:items.lua:119782 | jazz-units:items.lua:119783 | jazz-units:items.lua:124564 | jazz-units:items.lua:124921 | jazz-units:items.lua:125278 | jazz-units:items.lua:129078 | jazz-units:items.lua:129572 | jazz-units:items.lua:129819 | jazz-units:items.lua:130066 | jazz-units:items.lua:130313 | jazz-units:items.lua:130560 | jazz-units:items.lua:124922 | jazz-units:items.lua:124923 | jazz-units:items.lua:129079 | jazz-units:items.lua:129080 | jazz-units:items.lua:129820 | jazz-units:items.lua:129821 | jazz-units:items.lua:125279 | jazz-units:items.lua:125280 | jazz-units:items.lua:130561 | jazz-units:items.lua:130562 | jazz-units:items.lua:130314 | jazz-units:items.lua:130315 | jazz-units:items.lua:124565 | jazz-units:items.lua:124566 | jazz-units:items.lua:130067 | jazz-units:items.lua:130068 | jazz-units:items.lua:129573 | jazz-units:items.lua:129574 | jazz-units:items.lua:118869 | jazz-units:items.lua:118870
890000000006534,У меня все! Нужны патроны.,У меня все! Нужны патроны.,That's it! I need ammo.,manual-translation,needs-english,jazz-units,890000000006534 | 890000000008142,jazz-units:items.lua:123926 | jazz-units:items.lua:123923
890000000006535,Цели здесь.,Цели здесь.,Targets are here.,manual-translation,needs-english,jazz-units,890000000006535 | 890000000008139,jazz-units:items.lua:123948 | jazz-units:items.lua:123913
890000000006537,Это приходит с опытом.,Это приходит с опытом.,It comes with experience.,manual-translation,needs-english,jazz-units,890000000006537,jazz-units:items.lua:123969
890000000006539,Этот парень может любого вояку за пояс заткнуть.,Этот парень может любого вояку за пояс заткнуть.,That guy can outfight any soldier.,manual-translation,needs-english,jazz-units,890000000006539,jazz-units:items.lua:124042
890000000006540,"Не удивлюсь, если куски этого безумца долетели до Халифа.","Не удивлюсь, если куски этого безумца долетели до Халифа.",Wouldn't surprise me if pieces of that madman reached Khalif.,manual-translation,needs-english,jazz-units,890000000006540,jazz-units:items.lua:124211
890000000006544,Я готов... к смерти.,Я готов... к смерти.,I'm ready... to die.,manual-translation,needs-english,jazz-units,890000000006544,jazz-units:items.lua:124301
890000000006545,Бывало и хуже.,Бывало и хуже.,I've had worse.,manual-translation,needs-english,jazz-units,890000000006545,jazz-units:items.lua:124283
890000000006549,Я потихоньку учусь.,Я потихоньку учусь.,"I'm learning, little by little.",manual-translation,needs-english,jazz-units,890000000006549,jazz-units:items.lua:124313
890000000006552,Петушок пропел. Иду прямо на работу.,Петушок пропел. Иду прямо на работу.,The rooster crowed. Straight to work.,manual-translation,needs-english,jazz-units,890000000006552,jazz-units:items.lua:126663
890000000006557,"Я в порядке, потому что, типа, удары по голове до меня не доходят. В  смысле, до","Я в порядке, потому что, типа, удары по голове до меня не доходят. В смысле, до...","I'm fine, 'cause, like, blows to the head don't get through to me. I mean, through...",manual-translation,needs-english,jazz-units,890000000006557,jazz-units:items.lua:126735
890000000006563,"Вики такая девка, знаешь? В смысле... и с тормозами она классно  справляется.","Вики такая девка, знаешь? В смысле... и с тормозами она классно справляется.","Vicki's quite a girl, you know? I mean... she's pretty good with brakes, too.",manual-translation,needs-english,jazz-units,890000000006563,jazz-units:items.lua:126838
890000000006564,"Как раз то, что мне нужно! Приступаю с того места, где закончил.","Как раз то, что мне нужно! Приступаю с того места, где закончил.",Just what I need! Picking up where I left off.,manual-translation,needs-english,jazz-units,890000000006564,jazz-units:items.lua:126975
890000000006565,Опять плохие новости!,Опять плохие новости!,Bad news again!,manual-translation,needs-english,jazz-units,890000000006565,jazz-units:items.lua:127005
890000000006566,Они здеееесь!,Они здеееесь!,They're heeeere!,manual-translation,needs-english,jazz-units,890000000006566 | 890000000006571,jazz-units:items.lua:127006 | jazz-units:items.lua:127056
890000000006573,"В любом случае, неплохое начало.","В любом случае, неплохое начало.","Not a bad start, anyway.",manual-translation,needs-english,jazz-units,890000000006573,jazz-units:items.lua:127077
890000000006576,"Все в порядке. Ни в одном глазу. Не волнуйся. Я помню, что мне надо делать.","Все в порядке. Ни в одном глазу. Не волнуйся. Я помню, что мне надо делать.",Everything's fine. Stone-cold sober. Don't worry. I remember what I'm supposed to do.,manual-translation,needs-english,jazz-units,890000000006576,jazz-units:items.lua:127349
890000000006577,Незваный гость.,Незваный гость.,Uninvited guest.,manual-translation,needs-english,jazz-units,890000000006577,jazz-units:items.lua:127379
890000000006584,"Так, с этим - все. Что дальше?","Так, с этим — всё. Что дальше?","All right, that's done. What's next?",manual-translation,needs-english,jazz-units,890000000006584,jazz-units:items.lua:127442
890000000006585,Скоро пора.,Скоро пора.,Won't be long now.,manual-translation,needs-english,jazz-units,890000000006585,jazz-units:items.lua:127451
890000000006586,"Сидней - пижон недоделанный, думает, он лучше всех. Свинья.","Сидней — недоделанный пижон, думает, что он лучше всех. Свинья.",Sidney's a half-baked poser who thinks he's better than everyone. Pig.,manual-translation,needs-english,jazz-units,890000000006586,jazz-units:items.lua:127521
890000000006587,"Ну что за парень, Злобный! Я знал, в тебе что-то есть!","Ну что за парень, Злобный! Я знал, в тебе что-то есть!","Vicious, what a guy! Knew you had something in you!",manual-translation,needs-english,jazz-units,890000000006587,jazz-units:items.lua:127524
890000000006591,Не стоит благодарности.,Не стоит благодарности.,Don't mention it.,manual-translation,needs-english,jazz-units,890000000006591,jazz-units:items.lua:128142
890000000006593,Как наутро после хорошего мордобоя.,Как наутро после хорошего мордобоя.,Feels like the morning after a good brawl.,manual-translation,needs-english,jazz-units,890000000006593,jazz-units:items.lua:128162
890000000006600,К выполнению задания готов.,К выполнению задания готов.,Ready for duty.,manual-translation,needs-english,jazz-units,890000000006600,jazz-units:items.lua:128584
890000000006609,С опытом приходит мастерство!,С опытом приходит мастерство!,Skill comes with experience!,manual-translation,needs-english,jazz-units,890000000006609,jazz-units:items.lua:128686
890000000006618,Мне бы еще свинца.,Мне бы ещё свинца.,Could use some more lead.,manual-translation,needs-english,jazz-units,890000000006618 | 890000000008266,jazz-units:items.lua:129384 | jazz-units:items.lua:129381
890000000006622,"Похоже, этот Иван сочувствует коммунистам. Он говорит, словно один из этих русских. Я лучше буду держаться от него подальше.","Похоже, этот Иван сочувствует коммунистам. Он говорит, словно один из этих русских. Я лучше буду держаться от него подальше.",Looks like Ivan sympathizes with the communists. Talks like one of those Russians. Better keep my distance.,manual-translation,needs-english,jazz-units,890000000006622,jazz-units:items.lua:129497
890000000006625,Бенни,Бенни,Benny,manual-translation,needs-english,jazz-units,890000000006625,jazz-units:items.lua:119415 | jazz-units:UnitData/Jazz_Benny.lua:23
890000000006633,Связь прервалась.,Связь прервалась.,We got cut off.,manual-translation,needs-english,jazz-units,890000000006633 | 890000000006659,jazz-units:items.lua:119434 | jazz-units:UnitData/Jazz_Benny.lua:42 | jazz-units:items.lua:119719 | jazz-units:UnitData/Jazz_Simon.lua:42
890000000006636,Контракт заканчивается?,Контракт заканчивается?,The contract's ending?,manual-translation,needs-english,jazz-units,890000000006636 | 890000000006662,jazz-units:items.lua:119449 | jazz-units:UnitData/Jazz_Benny.lua:57 | jazz-units:items.lua:119734 | jazz-units:UnitData/Jazz_Simon.lua:57
890000000006652,САЙМОН,САЙМОН,SIMON,manual-translation,needs-english,jazz-units,890000000006652,jazz-units:items.lua:119701 | jazz-units:UnitData/Jazz_Simon.lua:24
890000000007002,Тихо.,Тихо.,Quiet.,manual-translation,needs-english,jazz-units,890000000007002 | 890000000007003 | 890000000007004 | 890000000007064 | 890000000007065 | 890000000007066 | 890000000007126 | 890000000007127 | 890000000007128 | 890000000007188 | 890000000007189 | 890000000007190 | 890000000007250 | 890000000007251 | 890000000007252 | 890000000007312 | 890000000007313 | 890000000007314 | 890000000007374 | 890000000007375 | 890000000007376 | 890000000007436 | 890000000007437 | 890000000007438 | 890000000007498 | 890000000007499 | 890000000007500 | 890000000007560 | 890000000007561 | 890000000007562 | 890000000007622 | 890000000007623 | 890000000007624 | 890000000007684 | 890000000007685 | 890000000007686 | 890000000007746 | 890000000007747 | 890000000007748 | 890000000007808 | 890000000007809 | 890000000007810 | 890000000007870 | 890000000007871 | 890000000007872 | 890000000007932 | 890000000007933 | 890000000007934 | 890000000007994 | 890000000007995 | 890000000007996 | 890000000008056 | 890000000008057 | 890000000008058 | 890000000008118 | 890000000008119 | 890000000008120 | 890000000008180 | 890000000008181 | 890000000008182 | 890000000008242 | 890000000008243 | 890000000008244 | 890000000008304 | 890000000008305 | 890000000008306 | 890000000008367 | 890000000008368 | 890000000008369 | 890000000008429 | 890000000008430 | 890000000008431 | 890000000008491 | 890000000008492 | 890000000008493 | 890000000008553 | 890000000008554 | 890000000008555 | 890000000008615 | 890000000008616 | 890000000008617 | 890000000008677 | 890000000008678 | 890000000008679 | 890000000008739 | 890000000008740 | 890000000008741 | 890000000008801 | 890000000008802 | 890000000008803 | 890000000008863 | 890000000008864 | 890000000008865 | 890000000008925 | 890000000008926 | 890000000008927 | 890000000008987 | 890000000008988 | 890000000008989 | 890000000009050 | 890000000009051 | 890000000009052 | 890000000009124 | 890000000009125 | 890000000009126 | 890000000009305 | 890000000009306 | 890000000009307 | 890000000009367 | 890000000009368 | 890000000009369 | 890000000009429 | 890000000009430 | 890000000009431 | 890000000009491 | 890000000009492 | 890000000009493 | 890000000009553 | 890000000009554 | 890000000009555 | 890000000009615 | 890000000009616 | 890000000009617 | 890000000009677 | 890000000009678 | 890000000009679 | 890000000009739 | 890000000009740 | 890000000009741 | 890000000009801 | 890000000009802 | 890000000009803 | 890000000010216 | 890000000010217 | 890000000010218,jazz-units:items.lua:121167 | jazz-units:items.lua:121168 | jazz-units:items.lua:121169 | jazz-units:items.lua:117175 | jazz-units:items.lua:117176 | jazz-units:items.lua:117177 | jazz-units:items.lua:126324 | jazz-units:items.lua:126325 | jazz-units:items.lua:126326 | jazz-units:items.lua:127848 | jazz-units:items.lua:127849 | jazz-units:items.lua:127850 | jazz-units:items.lua:118551 | jazz-units:items.lua:118552 | jazz-units:items.lua:118553 | jazz-units:items.lua:126668 | jazz-units:items.lua:126669 | jazz-units:items.lua:126670 | jazz-units:items.lua:122199 | jazz-units:items.lua:122200 | jazz-units:items.lua:122201 | jazz-units:items.lua:128095 | jazz-units:items.lua:128096 | jazz-units:items.lua:128097 | jazz-units:items.lua:117860 | jazz-units:items.lua:117861 | jazz-units:items.lua:117862 | jazz-units:items.lua:123158 | jazz-units:items.lua:123159 | jazz-units:items.lua:123160 | jazz-units:items.lua:130812 | jazz-units:items.lua:130813 | jazz-units:items.lua:130814 | jazz-units:items.lua:121850 | jazz-units:items.lua:121851 | jazz-units:items.lua:121852 | jazz-units:items.lua:122853 | jazz-units:items.lua:122854 | jazz-units:items.lua:122855 | jazz-units:items.lua:123517 | jazz-units:items.lua:123518 | jazz-units:items.lua:123519 | jazz-units:items.lua:119216 | jazz-units:items.lua:119217 | jazz-units:items.lua:119218 | jazz-units:items.lua:125977 | jazz-units:items.lua:125978 | jazz-units:items.lua:125979 | jazz-units:items.lua:128836 | jazz-units:items.lua:128837 | jazz-units:items.lua:128838 | jazz-units:items.lua:126980 | jazz-units:items.lua:126981 | jazz-units:items.lua:126982 | jazz-units:items.lua:123872 | jazz-units:items.lua:123873 | jazz-units:items.lua:123874 | jazz-units:items.lua:117518 | jazz-units:items.lua:117519 | jazz-units:items.lua:117520 | jazz-units:items.lua:129330 | jazz-units:items.lua:129331 | jazz-units:items.lua:129332 | jazz-units:items.lua:118181 | jazz-units:items.lua:118182 | jazz-units:items.lua:118183 | jazz-units:items.lua:124216 | jazz-units:items.lua:124217 | jazz-units:items.lua:124218 | jazz-units:items.lua:127601 | jazz-units:items.lua:127602 | jazz-units:items.lua:127603 | jazz-units:items.lua:122541 | jazz-units:items.lua:122542 | jazz-units:items.lua:122543 | jazz-units:items.lua:121502 | jazz-units:items.lua:121503 | jazz-units:items.lua:121504 | jazz-units:items.lua:120462 | jazz-units:items.lua:120463 | jazz-units:items.lua:120464 | jazz-units:items.lua:127354 | jazz-units:items.lua:127355 | jazz-units:items.lua:127356 | jazz-units:items.lua:120128 | jazz-units:items.lua:120129 | jazz-units:items.lua:120130 | jazz-units:items.lua:128342 | jazz-units:items.lua:128343 | jazz-units:items.lua:128344 | jazz-units:items.lua:125665 | jazz-units:items.lua:125666 | jazz-units:items.lua:125667 | jazz-units:items.lua:120816 | jazz-units:items.lua:120817 | jazz-units:items.lua:120818 | jazz-units:items.lua:128589 | jazz-units:items.lua:128590 | jazz-units:items.lua:128591 | jazz-units:items.lua:119501 | jazz-units:items.lua:119502 | jazz-units:items.lua:119503 | jazz-units:items.lua:119786 | jazz-units:items.lua:119787 | jazz-units:items.lua:119788 | jazz-units:items.lua:124926 | jazz-units:items.lua:124927 | jazz-units:items.lua:124928 | jazz-units:items.lua:129083 | jazz-units:items.lua:129084 | jazz-units:items.lua:129085 | jazz-units:items.lua:129824 | jazz-units:items.lua:129825 | jazz-units:items.lua:129826 | jazz-units:items.lua:125283 | jazz-units:items.lua:125284 | jazz-units:items.lua:125285 | jazz-units:items.lua:130565 | jazz-units:items.lua:130566 | jazz-units:items.lua:130567 | jazz-units:items.lua:130318 | jazz-units:items.lua:130319 | jazz-units:items.lua:130320 | jazz-units:items.lua:124569 | jazz-units:items.lua:124570 | jazz-units:items.lua:124571 | jazz-units:items.lua:130071 | jazz-units:items.lua:130072 | jazz-units:items.lua:130073 | jazz-units:items.lua:129577 | jazz-units:items.lua:129578 | jazz-units:items.lua:129579 | jazz-units:items.lua:118873 | jazz-units:items.lua:118874 | jazz-units:items.lua:118875
890000000007008,Двигаюсь.,Двигаюсь.,Moving.,manual-translation,needs-english,jazz-units,890000000007008 | 890000000007009 | 890000000007010 | 890000000007070 | 890000000007071 | 890000000007072 | 890000000007132 | 890000000007133 | 890000000007134 | 890000000007194 | 890000000007195 | 890000000007196 | 890000000007256 | 890000000007257 | 890000000007258 | 890000000007318 | 890000000007319 | 890000000007320 | 890000000007380 | 890000000007381 | 890000000007382 | 890000000007442 | 890000000007443 | 890000000007444 | 890000000007504 | 890000000007505 | 890000000007506 | 890000000007566 | 890000000007567 | 890000000007568 | 890000000007628 | 890000000007629 | 890000000007630 | 890000000007690 | 890000000007691 | 890000000007692 | 890000000007752 | 890000000007753 | 890000000007754 | 890000000007814 | 890000000007815 | 890000000007816 | 890000000007876 | 890000000007877 | 890000000007878 | 890000000007938 | 890000000007939 | 890000000007940 | 890000000008000 | 890000000008001 | 890000000008002 | 890000000008062 | 890000000008063 | 890000000008064 | 890000000008124 | 890000000008125 | 890000000008126 | 890000000008186 | 890000000008187 | 890000000008188 | 890000000008248 | 890000000008249 | 890000000008250 | 890000000008310 | 890000000008311 | 890000000008312 | 890000000008373 | 890000000008374 | 890000000008375 | 890000000008435 | 890000000008436 | 890000000008437 | 890000000008497 | 890000000008498 | 890000000008499 | 890000000008559 | 890000000008560 | 890000000008561 | 890000000008621 | 890000000008622 | 890000000008623 | 890000000008683 | 890000000008684 | 890000000008685 | 890000000008745 | 890000000008746 | 890000000008747 | 890000000008807 | 890000000008808 | 890000000008809 | 890000000008869 | 890000000008870 | 890000000008871 | 890000000008931 | 890000000008932 | 890000000008933 | 890000000008993 | 890000000008994 | 890000000008995 | 890000000009056 | 890000000009057 | 890000000009058 | 890000000009130 | 890000000009131 | 890000000009132 | 890000000009311 | 890000000009312 | 890000000009313 | 890000000009373 | 890000000009374 | 890000000009375 | 890000000009435 | 890000000009436 | 890000000009437 | 890000000009497 | 890000000009498 | 890000000009499 | 890000000009559 | 890000000009560 | 890000000009561 | 890000000009621 | 890000000009622 | 890000000009623 | 890000000009683 | 890000000009684 | 890000000009685 | 890000000009745 | 890000000009746 | 890000000009747 | 890000000009807 | 890000000009808 | 890000000009809 | 890000000010222 | 890000000010223 | 890000000010224,jazz-units:items.lua:121177 | jazz-units:items.lua:121178 | jazz-units:items.lua:121179 | jazz-units:items.lua:117185 | jazz-units:items.lua:117186 | jazz-units:items.lua:117187 | jazz-units:items.lua:126334 | jazz-units:items.lua:126335 | jazz-units:items.lua:126336 | jazz-units:items.lua:127858 | jazz-units:items.lua:127859 | jazz-units:items.lua:127860 | jazz-units:items.lua:118561 | jazz-units:items.lua:118562 | jazz-units:items.lua:118563 | jazz-units:items.lua:126678 | jazz-units:items.lua:126679 | jazz-units:items.lua:126680 | jazz-units:items.lua:122209 | jazz-units:items.lua:122210 | jazz-units:items.lua:122211 | jazz-units:items.lua:128105 | jazz-units:items.lua:128106 | jazz-units:items.lua:128107 | jazz-units:items.lua:117870 | jazz-units:items.lua:117871 | jazz-units:items.lua:117872 | jazz-units:items.lua:123168 | jazz-units:items.lua:123169 | jazz-units:items.lua:123170 | jazz-units:items.lua:130822 | jazz-units:items.lua:130823 | jazz-units:items.lua:130824 | jazz-units:items.lua:121860 | jazz-units:items.lua:121861 | jazz-units:items.lua:121862 | jazz-units:items.lua:122863 | jazz-units:items.lua:122864 | jazz-units:items.lua:122865 | jazz-units:items.lua:123527 | jazz-units:items.lua:123528 | jazz-units:items.lua:123529 | jazz-units:items.lua:119226 | jazz-units:items.lua:119227 | jazz-units:items.lua:119228 | jazz-units:items.lua:125987 | jazz-units:items.lua:125988 | jazz-units:items.lua:125989 | jazz-units:items.lua:128846 | jazz-units:items.lua:128847 | jazz-units:items.lua:128848 | jazz-units:items.lua:126990 | jazz-units:items.lua:126991 | jazz-units:items.lua:126992 | jazz-units:items.lua:123882 | jazz-units:items.lua:123883 | jazz-units:items.lua:123884 | jazz-units:items.lua:117528 | jazz-units:items.lua:117529 | jazz-units:items.lua:117530 | jazz-units:items.lua:129340 | jazz-units:items.lua:129341 | jazz-units:items.lua:129342 | jazz-units:items.lua:118191 | jazz-units:items.lua:118192 | jazz-units:items.lua:118193 | jazz-units:items.lua:124226 | jazz-units:items.lua:124227 | jazz-units:items.lua:124228 | jazz-units:items.lua:127611 | jazz-units:items.lua:127612 | jazz-units:items.lua:127613 | jazz-units:items.lua:122551 | jazz-units:items.lua:122552 | jazz-units:items.lua:122553 | jazz-units:items.lua:121512 | jazz-units:items.lua:121513 | jazz-units:items.lua:121514 | jazz-units:items.lua:120472 | jazz-units:items.lua:120473 | jazz-units:items.lua:120474 | jazz-units:items.lua:127364 | jazz-units:items.lua:127365 | jazz-units:items.lua:127366 | jazz-units:items.lua:120138 | jazz-units:items.lua:120139 | jazz-units:items.lua:120140 | jazz-units:items.lua:128352 | jazz-units:items.lua:128353 | jazz-units:items.lua:128354 | jazz-units:items.lua:125675 | jazz-units:items.lua:125676 | jazz-units:items.lua:125677 | jazz-units:items.lua:120826 | jazz-units:items.lua:120827 | jazz-units:items.lua:120828 | jazz-units:items.lua:128599 | jazz-units:items.lua:128600 | jazz-units:items.lua:128601 | jazz-units:items.lua:119511 | jazz-units:items.lua:119512 | jazz-units:items.lua:119513 | jazz-units:items.lua:119796 | jazz-units:items.lua:119797 | jazz-units:items.lua:119798 | jazz-units:items.lua:124936 | jazz-units:items.lua:124937 | jazz-units:items.lua:124938 | jazz-units:items.lua:129093 | jazz-units:items.lua:129094 | jazz-units:items.lua:129095 | jazz-units:items.lua:129834 | jazz-units:items.lua:129835 | jazz-units:items.lua:129836 | jazz-units:items.lua:125293 | jazz-units:items.lua:125294 | jazz-units:items.lua:125295 | jazz-units:items.lua:130575 | jazz-units:items.lua:130576 | jazz-units:items.lua:130577 | jazz-units:items.lua:130328 | jazz-units:items.lua:130329 | jazz-units:items.lua:130330 | jazz-units:items.lua:124579 | jazz-units:items.lua:124580 | jazz-units:items.lua:124581 | jazz-units:items.lua:130081 | jazz-units:items.lua:130082 | jazz-units:items.lua:130083 | jazz-units:items.lua:129587 | jazz-units:items.lua:129588 | jazz-units:items.lua:129589 | jazz-units:items.lua:118883 | jazz-units:items.lua:118884 | jazz-units:items.lua:118885
890000000007011,Крадусь.,Крадусь.,Sneaking.,manual-translation,needs-english,jazz-units,890000000007011 | 890000000007012 | 890000000007013 | 890000000007073 | 890000000007074 | 890000000007075 | 890000000007135 | 890000000007136 | 890000000007137 | 890000000007197 | 890000000007198 | 890000000007199 | 890000000007259 | 890000000007260 | 890000000007261 | 890000000007321 | 890000000007322 | 890000000007323 | 890000000007383 | 890000000007384 | 890000000007385 | 890000000007445 | 890000000007446 | 890000000007447 | 890000000007507 | 890000000007508 | 890000000007509 | 890000000007569 | 890000000007570 | 890000000007571 | 890000000007631 | 890000000007632 | 890000000007633 | 890000000007693 | 890000000007694 | 890000000007695 | 890000000007755 | 890000000007756 | 890000000007757 | 890000000007817 | 890000000007818 | 890000000007819 | 890000000007879 | 890000000007880 | 890000000007881 | 890000000007941 | 890000000007942 | 890000000007943 | 890000000008003 | 890000000008004 | 890000000008005 | 890000000008065 | 890000000008066 | 890000000008067 | 890000000008127 | 890000000008128 | 890000000008129 | 890000000008189 | 890000000008190 | 890000000008191 | 890000000008251 | 890000000008252 | 890000000008253 | 890000000008313 | 890000000008314 | 890000000008315 | 890000000008376 | 890000000008377 | 890000000008378 | 890000000008438 | 890000000008439 | 890000000008440 | 890000000008500 | 890000000008501 | 890000000008502 | 890000000008562 | 890000000008563 | 890000000008564 | 890000000008624 | 890000000008625 | 890000000008626 | 890000000008686 | 890000000008687 | 890000000008688 | 890000000008748 | 890000000008749 | 890000000008750 | 890000000008810 | 890000000008811 | 890000000008812 | 890000000008872 | 890000000008873 | 890000000008874 | 890000000008934 | 890000000008935 | 890000000008936 | 890000000008996 | 890000000008997 | 890000000008998 | 890000000009059 | 890000000009060 | 890000000009061 | 890000000009133 | 890000000009134 | 890000000009135 | 890000000009314 | 890000000009315 | 890000000009316 | 890000000009376 | 890000000009377 | 890000000009378 | 890000000009438 | 890000000009439 | 890000000009440 | 890000000009500 | 890000000009501 | 890000000009502 | 890000000009562 | 890000000009563 | 890000000009564 | 890000000009624 | 890000000009625 | 890000000009626 | 890000000009686 | 890000000009687 | 890000000009688 | 890000000009748 | 890000000009749 | 890000000009750 | 890000000009810 | 890000000009811 | 890000000009812 | 890000000010225 | 890000000010226 | 890000000010227,jazz-units:items.lua:121182 | jazz-units:items.lua:121183 | jazz-units:items.lua:121184 | jazz-units:items.lua:117190 | jazz-units:items.lua:117191 | jazz-units:items.lua:117192 | jazz-units:items.lua:126339 | jazz-units:items.lua:126340 | jazz-units:items.lua:126341 | jazz-units:items.lua:127863 | jazz-units:items.lua:127864 | jazz-units:items.lua:127865 | jazz-units:items.lua:118566 | jazz-units:items.lua:118567 | jazz-units:items.lua:118568 | jazz-units:items.lua:126683 | jazz-units:items.lua:126684 | jazz-units:items.lua:126685 | jazz-units:items.lua:122214 | jazz-units:items.lua:122215 | jazz-units:items.lua:122216 | jazz-units:items.lua:128110 | jazz-units:items.lua:128111 | jazz-units:items.lua:128112 | jazz-units:items.lua:117875 | jazz-units:items.lua:117876 | jazz-units:items.lua:117877 | jazz-units:items.lua:123173 | jazz-units:items.lua:123174 | jazz-units:items.lua:123175 | jazz-units:items.lua:130827 | jazz-units:items.lua:130828 | jazz-units:items.lua:130829 | jazz-units:items.lua:121865 | jazz-units:items.lua:121866 | jazz-units:items.lua:121867 | jazz-units:items.lua:122868 | jazz-units:items.lua:122869 | jazz-units:items.lua:122870 | jazz-units:items.lua:123532 | jazz-units:items.lua:123533 | jazz-units:items.lua:123534 | jazz-units:items.lua:119231 | jazz-units:items.lua:119232 | jazz-units:items.lua:119233 | jazz-units:items.lua:125992 | jazz-units:items.lua:125993 | jazz-units:items.lua:125994 | jazz-units:items.lua:128851 | jazz-units:items.lua:128852 | jazz-units:items.lua:128853 | jazz-units:items.lua:126995 | jazz-units:items.lua:126996 | jazz-units:items.lua:126997 | jazz-units:items.lua:123887 | jazz-units:items.lua:123888 | jazz-units:items.lua:123889 | jazz-units:items.lua:117533 | jazz-units:items.lua:117534 | jazz-units:items.lua:117535 | jazz-units:items.lua:129345 | jazz-units:items.lua:129346 | jazz-units:items.lua:129347 | jazz-units:items.lua:118196 | jazz-units:items.lua:118197 | jazz-units:items.lua:118198 | jazz-units:items.lua:124231 | jazz-units:items.lua:124232 | jazz-units:items.lua:124233 | jazz-units:items.lua:127616 | jazz-units:items.lua:127617 | jazz-units:items.lua:127618 | jazz-units:items.lua:122556 | jazz-units:items.lua:122557 | jazz-units:items.lua:122558 | jazz-units:items.lua:121517 | jazz-units:items.lua:121518 | jazz-units:items.lua:121519 | jazz-units:items.lua:120477 | jazz-units:items.lua:120478 | jazz-units:items.lua:120479 | jazz-units:items.lua:127369 | jazz-units:items.lua:127370 | jazz-units:items.lua:127371 | jazz-units:items.lua:120143 | jazz-units:items.lua:120144 | jazz-units:items.lua:120145 | jazz-units:items.lua:128357 | jazz-units:items.lua:128358 | jazz-units:items.lua:128359 | jazz-units:items.lua:125680 | jazz-units:items.lua:125681 | jazz-units:items.lua:125682 | jazz-units:items.lua:120831 | jazz-units:items.lua:120832 | jazz-units:items.lua:120833 | jazz-units:items.lua:128604 | jazz-units:items.lua:128605 | jazz-units:items.lua:128606 | jazz-units:items.lua:119516 | jazz-units:items.lua:119517 | jazz-units:items.lua:119518 | jazz-units:items.lua:119801 | jazz-units:items.lua:119802 | jazz-units:items.lua:119803 | jazz-units:items.lua:124941 | jazz-units:items.lua:124942 | jazz-units:items.lua:124943 | jazz-units:items.lua:129098 | jazz-units:items.lua:129099 | jazz-units:items.lua:129100 | jazz-units:items.lua:129839 | jazz-units:items.lua:129840 | jazz-units:items.lua:129841 | jazz-units:items.lua:125298 | jazz-units:items.lua:125299 | jazz-units:items.lua:125300 | jazz-units:items.lua:130580 | jazz-units:items.lua:130581 | jazz-units:items.lua:130582 | jazz-units:items.lua:130333 | jazz-units:items.lua:130334 | jazz-units:items.lua:130335 | jazz-units:items.lua:124584 | jazz-units:items.lua:124585 | jazz-units:items.lua:124586 | jazz-units:items.lua:130086 | jazz-units:items.lua:130087 | jazz-units:items.lua:130088 | jazz-units:items.lua:129592 | jazz-units:items.lua:129593 | jazz-units:items.lua:129594 | jazz-units:items.lua:118888 | jazz-units:items.lua:118889 | jazz-units:items.lua:118890
890000000007014,С вами.,С вами.,With you.,manual-translation,needs-english,jazz-units,890000000007014 | 890000000007015 | 890000000007016 | 890000000007076 | 890000000007077 | 890000000007078 | 890000000007138 | 890000000007139 | 890000000007140 | 890000000007200 | 890000000007201 | 890000000007202 | 890000000007262 | 890000000007263 | 890000000007264 | 890000000007324 | 890000000007325 | 890000000007326 | 890000000007386 | 890000000007387 | 890000000007388 | 890000000007448 | 890000000007449 | 890000000007450 | 890000000007510 | 890000000007511 | 890000000007512 | 890000000007572 | 890000000007573 | 890000000007574 | 890000000007696 | 890000000007697 | 890000000007698 | 890000000007758 | 890000000007759 | 890000000007760 | 890000000007944 | 890000000007945 | 890000000007946 | 890000000008006 | 890000000008007 | 890000000008008 | 890000000008068 | 890000000008069 | 890000000008070 | 890000000008192 | 890000000008193 | 890000000008194 | 890000000008316 | 890000000008317 | 890000000008318 | 890000000008379 | 890000000008380 | 890000000008381 | 890000000008441 | 890000000008442 | 890000000008443 | 890000000008503 | 890000000008504 | 890000000008505 | 890000000008565 | 890000000008566 | 890000000008567 | 890000000008627 | 890000000008628 | 890000000008629 | 890000000008689 | 890000000008690 | 890000000008691 | 890000000008751 | 890000000008752 | 890000000008753 | 890000000008813 | 890000000008814 | 890000000008815 | 890000000008875 | 890000000008876 | 890000000008877 | 890000000008937 | 890000000008938 | 890000000008939 | 890000000008999 | 890000000009000 | 890000000009001 | 890000000010228 | 890000000010229 | 890000000010230,jazz-units:items.lua:121187 | jazz-units:items.lua:121188 | jazz-units:items.lua:121189 | jazz-units:items.lua:117195 | jazz-units:items.lua:117196 | jazz-units:items.lua:117197 | jazz-units:items.lua:126344 | jazz-units:items.lua:126345 | jazz-units:items.lua:126346 | jazz-units:items.lua:127868 | jazz-units:items.lua:127869 | jazz-units:items.lua:127870 | jazz-units:items.lua:118571 | jazz-units:items.lua:118572 | jazz-units:items.lua:118573 | jazz-units:items.lua:126688 | jazz-units:items.lua:126689 | jazz-units:items.lua:126690 | jazz-units:items.lua:122219 | jazz-units:items.lua:122220 | jazz-units:items.lua:122221 | jazz-units:items.lua:128115 | jazz-units:items.lua:128116 | jazz-units:items.lua:128117 | jazz-units:items.lua:117880 | jazz-units:items.lua:117881 | jazz-units:items.lua:117882 | jazz-units:items.lua:123178 | jazz-units:items.lua:123179 | jazz-units:items.lua:123180 | jazz-units:items.lua:121870 | jazz-units:items.lua:121871 | jazz-units:items.lua:121872 | jazz-units:items.lua:122873 | jazz-units:items.lua:122874 | jazz-units:items.lua:122875 | jazz-units:items.lua:125997 | jazz-units:items.lua:125998 | jazz-units:items.lua:125999 | jazz-units:items.lua:128856 | jazz-units:items.lua:128857 | jazz-units:items.lua:128858 | jazz-units:items.lua:127000 | jazz-units:items.lua:127001 | jazz-units:items.lua:127002 | jazz-units:items.lua:117538 | jazz-units:items.lua:117539 | jazz-units:items.lua:117540 | jazz-units:items.lua:118201 | jazz-units:items.lua:118202 | jazz-units:items.lua:118203 | jazz-units:items.lua:124236 | jazz-units:items.lua:124237 | jazz-units:items.lua:124238 | jazz-units:items.lua:127621 | jazz-units:items.lua:127622 | jazz-units:items.lua:127623 | jazz-units:items.lua:122561 | jazz-units:items.lua:122562 | jazz-units:items.lua:122563 | jazz-units:items.lua:121522 | jazz-units:items.lua:121523 | jazz-units:items.lua:121524 | jazz-units:items.lua:120482 | jazz-units:items.lua:120483 | jazz-units:items.lua:120484 | jazz-units:items.lua:127374 | jazz-units:items.lua:127375 | jazz-units:items.lua:127376 | jazz-units:items.lua:120148 | jazz-units:items.lua:120149 | jazz-units:items.lua:120150 | jazz-units:items.lua:128362 | jazz-units:items.lua:128363 | jazz-units:items.lua:128364 | jazz-units:items.lua:125685 | jazz-units:items.lua:125686 | jazz-units:items.lua:125687 | jazz-units:items.lua:120836 | jazz-units:items.lua:120837 | jazz-units:items.lua:120838 | jazz-units:items.lua:128609 | jazz-units:items.lua:128610 | jazz-units:items.lua:128611 | jazz-units:items.lua:118893 | jazz-units:items.lua:118894 | jazz-units:items.lua:118895
890000000007020,Сложный выстрел.,Сложный выстрел.,Tough shot.,manual-translation,needs-english,jazz-units,890000000007020 | 890000000007082 | 890000000007144 | 890000000007206 | 890000000007268 | 890000000007330 | 890000000007392 | 890000000007454 | 890000000007516 | 890000000007578 | 890000000007702 | 890000000007764 | 890000000007950 | 890000000008012 | 890000000008074 | 890000000008198 | 890000000008322 | 890000000008385 | 890000000008447 | 890000000008509 | 890000000008571 | 890000000008633 | 890000000008695 | 890000000008757 | 890000000008819 | 890000000008881 | 890000000008943 | 890000000009005 | 890000000010234,jazz-units:items.lua:121201 | jazz-units:items.lua:117209 | jazz-units:items.lua:126358 | jazz-units:items.lua:127882 | jazz-units:items.lua:118585 | jazz-units:items.lua:126702 | jazz-units:items.lua:122233 | jazz-units:items.lua:128129 | jazz-units:items.lua:117894 | jazz-units:items.lua:123192 | jazz-units:items.lua:121884 | jazz-units:items.lua:122887 | jazz-units:items.lua:126011 | jazz-units:items.lua:128870 | jazz-units:items.lua:127014 | jazz-units:items.lua:117552 | jazz-units:items.lua:118215 | jazz-units:items.lua:124250 | jazz-units:items.lua:127635 | jazz-units:items.lua:122575 | jazz-units:items.lua:121536 | jazz-units:items.lua:120496 | jazz-units:items.lua:127388 | jazz-units:items.lua:120162 | jazz-units:items.lua:128376 | jazz-units:items.lua:125699 | jazz-units:items.lua:120850 | jazz-units:items.lua:128623 | jazz-units:items.lua:118907
890000000007021,Плохой угол.,Плохой угол.,Bad angle.,manual-translation,needs-english,jazz-units,890000000007021 | 890000000007083 | 890000000007145 | 890000000007207 | 890000000007269 | 890000000007331 | 890000000007393 | 890000000007455 | 890000000007517 | 890000000007579 | 890000000007703 | 890000000007765 | 890000000007951 | 890000000008013 | 890000000008075 | 890000000008199 | 890000000008323 | 890000000008386 | 890000000008448 | 890000000008510 | 890000000008572 | 890000000008634 | 890000000008696 | 890000000008758 | 890000000008820 | 890000000008882 | 890000000008944 | 890000000009006 | 890000000010235,jazz-units:items.lua:121204 | jazz-units:items.lua:117212 | jazz-units:items.lua:126361 | jazz-units:items.lua:127885 | jazz-units:items.lua:118588 | jazz-units:items.lua:126705 | jazz-units:items.lua:122236 | jazz-units:items.lua:128132 | jazz-units:items.lua:117897 | jazz-units:items.lua:123195 | jazz-units:items.lua:121887 | jazz-units:items.lua:122890 | jazz-units:items.lua:126014 | jazz-units:items.lua:128873 | jazz-units:items.lua:127017 | jazz-units:items.lua:117555 | jazz-units:items.lua:118218 | jazz-units:items.lua:124253 | jazz-units:items.lua:127638 | jazz-units:items.lua:122578 | jazz-units:items.lua:121539 | jazz-units:items.lua:120499 | jazz-units:items.lua:127391 | jazz-units:items.lua:120165 | jazz-units:items.lua:128379 | jazz-units:items.lua:125702 | jazz-units:items.lua:120853 | jazz-units:items.lua:128626 | jazz-units:items.lua:118910
890000000007028,Аргх!,Аргх!,Argh!,manual-translation,needs-english,jazz-units,890000000007028 | 890000000007029 | 890000000007090 | 890000000007091 | 890000000007152 | 890000000007153 | 890000000007214 | 890000000007215 | 890000000007276 | 890000000007277 | 890000000007338 | 890000000007339 | 890000000007400 | 890000000007401 | 890000000007462 | 890000000007463 | 890000000007524 | 890000000007525 | 890000000007586 | 890000000007587 | 890000000007648 | 890000000007649 | 890000000007710 | 890000000007711 | 890000000007772 | 890000000007773 | 890000000007834 | 890000000007835 | 890000000007896 | 890000000007897 | 890000000007958 | 890000000007959 | 890000000008020 | 890000000008021 | 890000000008082 | 890000000008083 | 890000000008144 | 890000000008145 | 890000000008206 | 890000000008207 | 890000000008268 | 890000000008269 | 890000000008330 | 890000000008331 | 890000000008393 | 890000000008394 | 890000000008455 | 890000000008456 | 890000000008517 | 890000000008518 | 890000000008579 | 890000000008580 | 890000000008641 | 890000000008642 | 890000000008703 | 890000000008704 | 890000000008765 | 890000000008766 | 890000000008827 | 890000000008828 | 890000000008889 | 890000000008890 | 890000000008951 | 890000000008952 | 890000000009013 | 890000000009014 | 890000000009080 | 890000000009081 | 890000000009154 | 890000000009155 | 890000000009331 | 890000000009332 | 890000000009393 | 890000000009394 | 890000000009455 | 890000000009456 | 890000000009517 | 890000000009518 | 890000000009579 | 890000000009580 | 890000000009641 | 890000000009642 | 890000000009703 | 890000000009704 | 890000000009765 | 890000000009766 | 890000000009827 | 890000000009828 | 890000000010242 | 890000000010243,jazz-units:items.lua:121227 | jazz-units:items.lua:121228 | jazz-units:items.lua:117235 | jazz-units:items.lua:117236 | jazz-units:items.lua:126384 | jazz-units:items.lua:126385 | jazz-units:items.lua:127908 | jazz-units:items.lua:127909 | jazz-units:items.lua:118611 | jazz-units:items.lua:118612 | jazz-units:items.lua:126728 | jazz-units:items.lua:126729 | jazz-units:items.lua:122259 | jazz-units:items.lua:122260 | jazz-units:items.lua:128155 | jazz-units:items.lua:128156 | jazz-units:items.lua:117920 | jazz-units:items.lua:117921 | jazz-units:items.lua:123218 | jazz-units:items.lua:123219 | jazz-units:items.lua:130872 | jazz-units:items.lua:130873 | jazz-units:items.lua:121910 | jazz-units:items.lua:121911 | jazz-units:items.lua:122913 | jazz-units:items.lua:122914 | jazz-units:items.lua:123577 | jazz-units:items.lua:123578 | jazz-units:items.lua:119276 | jazz-units:items.lua:119277 | jazz-units:items.lua:126037 | jazz-units:items.lua:126038 | jazz-units:items.lua:128896 | jazz-units:items.lua:128897 | jazz-units:items.lua:127040 | jazz-units:items.lua:127041 | jazz-units:items.lua:123932 | jazz-units:items.lua:123933 | jazz-units:items.lua:117578 | jazz-units:items.lua:117579 | jazz-units:items.lua:129390 | jazz-units:items.lua:129391 | jazz-units:items.lua:118241 | jazz-units:items.lua:118242 | jazz-units:items.lua:124276 | jazz-units:items.lua:124277 | jazz-units:items.lua:127661 | jazz-units:items.lua:127662 | jazz-units:items.lua:122601 | jazz-units:items.lua:122602 | jazz-units:items.lua:121562 | jazz-units:items.lua:121563 | jazz-units:items.lua:120522 | jazz-units:items.lua:120523 | jazz-units:items.lua:127414 | jazz-units:items.lua:127415 | jazz-units:items.lua:120188 | jazz-units:items.lua:120189 | jazz-units:items.lua:128402 | jazz-units:items.lua:128403 | jazz-units:items.lua:125725 | jazz-units:items.lua:125726 | jazz-units:items.lua:120876 | jazz-units:items.lua:120877 | jazz-units:items.lua:128649 | jazz-units:items.lua:128650 | jazz-units:items.lua:119561 | jazz-units:items.lua:119562 | jazz-units:items.lua:119846 | jazz-units:items.lua:119847 | jazz-units:items.lua:124986 | jazz-units:items.lua:124987 | jazz-units:items.lua:129143 | jazz-units:items.lua:129144 | jazz-units:items.lua:129884 | jazz-units:items.lua:129885 | jazz-units:items.lua:125343 | jazz-units:items.lua:125344 | jazz-units:items.lua:130625 | jazz-units:items.lua:130626 | jazz-units:items.lua:130378 | jazz-units:items.lua:130379 | jazz-units:items.lua:124629 | jazz-units:items.lua:124630 | jazz-units:items.lua:130131 | jazz-units:items.lua:130132 | jazz-units:items.lua:129637 | jazz-units:items.lua:129638 | jazz-units:items.lua:118933 | jazz-units:items.lua:118934
890000000007042,Устал…,Устал…,Tired...,manual-translation,needs-english,jazz-units,890000000007042 | 890000000007104 | 890000000007166 | 890000000007228 | 890000000007290 | 890000000007352 | 890000000007414 | 890000000007476 | 890000000007538 | 890000000007600 | 890000000007724 | 890000000007786 | 890000000007972 | 890000000008034 | 890000000008096 | 890000000008220 | 890000000008344 | 890000000008407 | 890000000008469 | 890000000008531 | 890000000008593 | 890000000008655 | 890000000008717 | 890000000008779 | 890000000008841 | 890000000008903 | 890000000008965 | 890000000009027 | 890000000010256,jazz-units:items.lua:121274 | jazz-units:items.lua:117282 | jazz-units:items.lua:126431 | jazz-units:items.lua:127955 | jazz-units:items.lua:118658 | jazz-units:items.lua:126775 | jazz-units:items.lua:122306 | jazz-units:items.lua:128202 | jazz-units:items.lua:117967 | jazz-units:items.lua:123265 | jazz-units:items.lua:121957 | jazz-units:items.lua:122960 | jazz-units:items.lua:126084 | jazz-units:items.lua:128943 | jazz-units:items.lua:127087 | jazz-units:items.lua:117625 | jazz-units:items.lua:118288 | jazz-units:items.lua:124323 | jazz-units:items.lua:127708 | jazz-units:items.lua:122648 | jazz-units:items.lua:121609 | jazz-units:items.lua:120569 | jazz-units:items.lua:127461 | jazz-units:items.lua:120235 | jazz-units:items.lua:128449 | jazz-units:items.lua:125772 | jazz-units:items.lua:120923 | jazz-units:items.lua:128696 | jazz-units:items.lua:118980
890000000007043,(пыхтит),(пыхтит),(huffing),manual-translation,needs-english,jazz-units,890000000007043 | 890000000007105 | 890000000007167 | 890000000007229 | 890000000007291 | 890000000007353 | 890000000007415 | 890000000007477 | 890000000007539 | 890000000007601 | 890000000007725 | 890000000007787 | 890000000007973 | 890000000008035 | 890000000008097 | 890000000008221 | 890000000008345 | 890000000008408 | 890000000008470 | 890000000008532 | 890000000008594 | 890000000008656 | 890000000008718 | 890000000008780 | 890000000008842 | 890000000008904 | 890000000008966 | 890000000009028 | 890000000010257,jazz-units:items.lua:121277 | jazz-units:items.lua:117285 | jazz-units:items.lua:126434 | jazz-units:items.lua:127958 | jazz-units:items.lua:118661 | jazz-units:items.lua:126778 | jazz-units:items.lua:122309 | jazz-units:items.lua:128205 | jazz-units:items.lua:117970 | jazz-units:items.lua:123268 | jazz-units:items.lua:121960 | jazz-units:items.lua:122963 | jazz-units:items.lua:126087 | jazz-units:items.lua:128946 | jazz-units:items.lua:127090 | jazz-units:items.lua:117628 | jazz-units:items.lua:118291 | jazz-units:items.lua:124326 | jazz-units:items.lua:127711 | jazz-units:items.lua:122651 | jazz-units:items.lua:121612 | jazz-units:items.lua:120572 | jazz-units:items.lua:127464 | jazz-units:items.lua:120238 | jazz-units:items.lua:128452 | jazz-units:items.lua:125775 | jazz-units:items.lua:120926 | jazz-units:items.lua:128699 | jazz-units:items.lua:118983
890000000007047,В укрытие!,В укрытие!,Take cover!,manual-translation,needs-english,jazz-units,890000000007047 | 890000000007109 | 890000000007171 | 890000000007233 | 890000000007295 | 890000000007357 | 890000000007419 | 890000000007481 | 890000000007543 | 890000000007605 | 890000000007729 | 890000000007791 | 890000000007977 | 890000000008039 | 890000000008101 | 890000000008225 | 890000000008349 | 890000000008412 | 890000000008474 | 890000000008536 | 890000000008598 | 890000000008660 | 890000000008722 | 890000000008784 | 890000000008846 | 890000000008908 | 890000000008970 | 890000000009032 | 890000000010261,jazz-units:items.lua:121289 | jazz-units:items.lua:117297 | jazz-units:items.lua:126446 | jazz-units:items.lua:127970 | jazz-units:items.lua:118673 | jazz-units:items.lua:126790 | jazz-units:items.lua:122321 | jazz-units:items.lua:128217 | jazz-units:items.lua:117982 | jazz-units:items.lua:123280 | jazz-units:items.lua:121972 | jazz-units:items.lua:122975 | jazz-units:items.lua:126099 | jazz-units:items.lua:128958 | jazz-units:items.lua:127102 | jazz-units:items.lua:117640 | jazz-units:items.lua:118303 | jazz-units:items.lua:124338 | jazz-units:items.lua:127723 | jazz-units:items.lua:122663 | jazz-units:items.lua:121624 | jazz-units:items.lua:120584 | jazz-units:items.lua:127476 | jazz-units:items.lua:120250 | jazz-units:items.lua:128464 | jazz-units:items.lua:125787 | jazz-units:items.lua:120938 | jazz-units:items.lua:128711 | jazz-units:items.lua:118995
890000000007049,Очередь!,Очередь!,Burst!,manual-translation,needs-english,jazz-units,890000000007049 | 890000000007111 | 890000000007173 | 890000000007235 | 890000000007297 | 890000000007359 | 890000000007421 | 890000000007483 | 890000000007545 | 890000000007607 | 890000000007731 | 890000000007793 | 890000000007979 | 890000000008041 | 890000000008103 | 890000000008227 | 890000000008351 | 890000000008414 | 890000000008476 | 890000000008538 | 890000000008600 | 890000000008662 | 890000000008724 | 890000000008786 | 890000000008848 | 890000000008910 | 890000000008972 | 890000000009034 | 890000000010263,jazz-units:items.lua:121295 | jazz-units:items.lua:117303 | jazz-units:items.lua:126452 | jazz-units:items.lua:127976 | jazz-units:items.lua:118679 | jazz-units:items.lua:126796 | jazz-units:items.lua:122327 | jazz-units:items.lua:128223 | jazz-units:items.lua:117988 | jazz-units:items.lua:123286 | jazz-units:items.lua:121978 | jazz-units:items.lua:122981 | jazz-units:items.lua:126105 | jazz-units:items.lua:128964 | jazz-units:items.lua:127108 | jazz-units:items.lua:117646 | jazz-units:items.lua:118309 | jazz-units:items.lua:124344 | jazz-units:items.lua:127729 | jazz-units:items.lua:122669 | jazz-units:items.lua:121630 | jazz-units:items.lua:120590 | jazz-units:items.lua:127482 | jazz-units:items.lua:120256 | jazz-units:items.lua:128470 | jazz-units:items.lua:125793 | jazz-units:items.lua:120944 | jazz-units:items.lua:128717 | jazz-units:items.lua:119001
890000000007054,Держу сектор.,Держу сектор.,Holding this sector.,manual-translation,needs-english,jazz-units,890000000007054 | 890000000007116 | 890000000007178 | 890000000007240 | 890000000007302 | 890000000007364 | 890000000007426 | 890000000007488 | 890000000007550 | 890000000007612 | 890000000007736 | 890000000007798 | 890000000007984 | 890000000008046 | 890000000008108 | 890000000008232 | 890000000008356 | 890000000008419 | 890000000008481 | 890000000008543 | 890000000008605 | 890000000008667 | 890000000008729 | 890000000008791 | 890000000008853 | 890000000008915 | 890000000008977 | 890000000009039 | 890000000010268,jazz-units:items.lua:121310 | jazz-units:items.lua:117318 | jazz-units:items.lua:126467 | jazz-units:items.lua:127991 | jazz-units:items.lua:118694 | jazz-units:items.lua:126811 | jazz-units:items.lua:122342 | jazz-units:items.lua:128238 | jazz-units:items.lua:118003 | jazz-units:items.lua:123301 | jazz-units:items.lua:121993 | jazz-units:items.lua:122996 | jazz-units:items.lua:126120 | jazz-units:items.lua:128979 | jazz-units:items.lua:127123 | jazz-units:items.lua:117661 | jazz-units:items.lua:118324 | jazz-units:items.lua:124359 | jazz-units:items.lua:127744 | jazz-units:items.lua:122684 | jazz-units:items.lua:121645 | jazz-units:items.lua:120605 | jazz-units:items.lua:127497 | jazz-units:items.lua:120271 | jazz-units:items.lua:128485 | jazz-units:items.lua:125808 | jazz-units:items.lua:120959 | jazz-units:items.lua:128732 | jazz-units:items.lua:119016
890000000007061,Не вышло.,Не вышло.,Didn't work.,manual-translation,needs-english,jazz-units,890000000007061 | 890000000007123 | 890000000007185 | 890000000007247 | 890000000007309 | 890000000007371 | 890000000007433 | 890000000007495 | 890000000007557 | 890000000007619 | 890000000007743 | 890000000007805 | 890000000007991 | 890000000008053 | 890000000008115 | 890000000008239 | 890000000008363 | 890000000008426 | 890000000008488 | 890000000008550 | 890000000008612 | 890000000008674 | 890000000008736 | 890000000008798 | 890000000008860 | 890000000008922 | 890000000008984 | 890000000009046 | 890000000010275,jazz-units:items.lua:121331 | jazz-units:items.lua:117339 | jazz-units:items.lua:126488 | jazz-units:items.lua:128012 | jazz-units:items.lua:118715 | jazz-units:items.lua:126832 | jazz-units:items.lua:122363 | jazz-units:items.lua:128259 | jazz-units:items.lua:118024 | jazz-units:items.lua:123322 | jazz-units:items.lua:122014 | jazz-units:items.lua:123017 | jazz-units:items.lua:126141 | jazz-units:items.lua:129000 | jazz-units:items.lua:127144 | jazz-units:items.lua:117682 | jazz-units:items.lua:118345 | jazz-units:items.lua:124380 | jazz-units:items.lua:127765 | jazz-units:items.lua:122705 | jazz-units:items.lua:121666 | jazz-units:items.lua:120626 | jazz-units:items.lua:127518 | jazz-units:items.lua:120292 | jazz-units:items.lua:128506 | jazz-units:items.lua:125829 | jazz-units:items.lua:120980 | jazz-units:items.lua:128753 | jazz-units:items.lua:119037
890000000007638,"Тс-с-с! Моя что-то слышал, однако.","Тс-с-с! Моя что-то слышал, однако.",Shh! Me hear something.,manual-translation,needs-english,jazz-units,890000000007638 | 890000000007639 | 890000000007657 | 890000000007658 | 890000000007672,jazz-units:items.lua:130842 | jazz-units:items.lua:130843 | jazz-units:items.lua:130905 | jazz-units:items.lua:130906 | jazz-units:items.lua:130949
890000000007644,"Их слишком много, однако.","Их слишком много, однако.",Too many of them.,manual-translation,needs-english,jazz-units,890000000007644,jazz-units:items.lua:130856
890000000007653,Злой человек умер!,Злой человек умер!,Bad man dead!,manual-translation,needs-english,jazz-units,890000000007653,jazz-units:items.lua:130891
890000000007667,"Самолет полетел, однако!","Самолет полетел, однако!",Plane's coming!,manual-translation,needs-english,jazz-units,890000000007667,jazz-units:items.lua:130934
890000000007673,"Моя это не нравится, однако.","Моя это не нравится, однако.",Me no like this.,manual-translation,needs-english,jazz-units,890000000007673,jazz-units:items.lua:130952
890000000007674,Злые люди еще здесь!,Злые люди ещё здесь!,Bad men still here!,manual-translation,needs-english,jazz-units,890000000007674 | 890000000007675,jazz-units:items.lua:130955 | jazz-units:items.lua:130958
890000000007678,Собака!,Собака!,Dog!,manual-translation,needs-english,jazz-units,890000000007678,jazz-units:items.lua:130967
890000000007680,"Что случилось, однако?","Что случилось, однако?",What happened?,manual-translation,needs-english,jazz-units,890000000007680,jazz-units:items.lua:130973
890000000007827,Это невозможно.,Это невозможно.,That is impossible.,manual-translation,needs-english,jazz-units,890000000007827,jazz-units:items.lua:123554
890000000007837,Мне надоело. Надоела эта безысходность.,Мне надоело. Надоела эта безысходность.,I've had enough. Enough of this hopelessness.,manual-translation,needs-english,jazz-units,890000000007837,jazz-units:items.lua:123587
890000000007840,Мы здесь не одни.,Мы здесь не одни.,We're not alone here.,manual-translation,needs-english,jazz-units,890000000007840 | 890000000009162,jazz-units:items.lua:123599 | jazz-units:items.lua:119868
890000000007849,Нечем... дышать.,Нечем... дышать.,Can't... breathe.,manual-translation,needs-english,jazz-units,890000000007849 | 890000000007856 | 890000000007857,jazz-units:items.lua:123627 | jazz-units:items.lua:123648 | jazz-units:items.lua:123651
890000000007850,Гастон ее просто покорил. Это было очевидно.,Гастон ее просто покорил. Это было очевидно.,Gaston simply won her over. It was obvious.,manual-translation,needs-english,jazz-units,890000000007850,jazz-units:items.lua:123630
890000000007853,Самолет нас заметил. Они целятся в меня.,Самолет нас заметил. Они целятся в меня.,The plane spotted us. They're aiming at me.,manual-translation,needs-english,jazz-units,890000000007853,jazz-units:items.lua:123639
890000000007859,"Нельзя забывать, что здесь опасно.","Нельзя забывать, что здесь опасно.",Let's not forget this place is dangerous.,manual-translation,needs-english,jazz-units,890000000007859,jazz-units:items.lua:123657
890000000007886,А ну тихо!,А ну тихо!,"Quiet, now!",manual-translation,needs-english,jazz-units,890000000007886 | 890000000007887 | 890000000007905 | 890000000007906 | 890000000007920,jazz-units:items.lua:119246 | jazz-units:items.lua:119247 | jazz-units:items.lua:119309 | jazz-units:items.lua:119310 | jazz-units:items.lua:119353
890000000007889,Ты знаешь... никак!,Ты знаешь... никак!,You know... not a chance!,manual-translation,needs-english,jazz-units,890000000007889,jazz-units:items.lua:119253
890000000007892,"Тю-ю! В очередь, сукины дети!","Тю-ю! В очередь, сукины дети!","Ha! Get in line, you sons of bitches!",manual-translation,needs-english,jazz-units,890000000007892,jazz-units:items.lua:119260
890000000007898,Е-мое! Больно!,Ё-моё! Больно!,Holy hell! That hurts!,manual-translation,needs-english,jazz-units,890000000007898,jazz-units:items.lua:119280
890000000007899,Да-а! С таким командиром навоюешь пожалуй!,Да-а! С таким командиром навоюешь пожалуй!,"Yeah! With a commander like you, we're really going places!",manual-translation,needs-english,jazz-units,890000000007899,jazz-units:items.lua:119286
890000000007901,И сразу тихо так стало! Хор-рошо!,И сразу тихо так стало! Хор-рошо!,"And just like that, it's quiet! Gooood.",manual-translation,needs-english,jazz-units,890000000007901,jazz-units:items.lua:119295
890000000007910,Меня не кантовать... При пожаре выносить первым...,Меня не кантовать... При пожаре выносить первым...,"Do not tip... In case of fire, carry me out first...",manual-translation,needs-english,jazz-units,890000000007910,jazz-units:items.lua:119323
890000000007925,Ч-чижики!,Ч-чижики!,J-jeez!,manual-translation,needs-english,jazz-units,890000000007925,jazz-units:items.lua:119368
890000000007928,"Стареем, что ли? Да ну, быть не может!","Стареем, что ли? Да ну, быть не может!","Getting old, are we? Nah, can't be!",manual-translation,needs-english,jazz-units,890000000007928,jazz-units:items.lua:119377
890000000008136,Не выйдет. Ничего не видно.,Не выйдет. Ничего не видно.,No chance. Can't see a thing.,manual-translation,needs-english,jazz-units,890000000008136,jazz-units:items.lua:123906
890000000008146,Плохо. Кровь льет как из ведра.,Плохо. Кровь льёт как из ведра.,Bad. Blood's pouring out.,manual-translation,needs-english,jazz-units,890000000008146,jazz-units:items.lua:123936
890000000008147,"Эх, жизнь собачья!","Эх, жизнь собачья!","Ah, it's a dog's life!",manual-translation,needs-english,jazz-units,890000000008147,jazz-units:items.lua:123942
890000000008150,Сейчас тут заварится каша.,Сейчас тут заварится каша.,Things are about to get messy.,manual-translation,needs-english,jazz-units,890000000008150,jazz-units:items.lua:123954
890000000008155,Вот!,Вот!,There!,manual-translation,needs-english,jazz-units,890000000008155,jazz-units:items.lua:123972
890000000008156,Это что?,Это что?,What's this?,manual-translation,needs-english,jazz-units,890000000008156,jazz-units:items.lua:123973
890000000008159,Дайте... отдышаться.,Дайте... отдышаться.,Let me... catch my breath.,manual-translation,needs-english,jazz-units,890000000008159 | 890000000008166 | 890000000008167,jazz-units:items.lua:123982 | jazz-units:items.lua:124003 | jazz-units:items.lua:124006
890000000008160,Это было забавно.,Это было забавно.,That was fun.,manual-translation,needs-english,jazz-units,890000000008160,jazz-units:items.lua:123985
890000000008162,Я закончил.,Я закончил.,I'm done.,manual-translation,needs-english,jazz-units,890000000008162 | 890000000008175,jazz-units:items.lua:123991 | jazz-units:items.lua:124030
890000000008173,Мазилы!,Мазилы!,Missed me!,manual-translation,needs-english,jazz-units,890000000008173,jazz-units:items.lua:124024
890000000008260,"Это что, шутка? То есть, э-э, кто-нибудь другой туда не может пальнуть?","Это что, шутка? То есть, э-э, кто-нибудь другой туда не может пальнуть?","Is this a joke? I mean, uh, can't somebody else take that shot?",manual-translation,needs-english,jazz-units,890000000008260,jazz-units:items.lua:129364
890000000008267,"Надо починить эту штуку, пока она кого-нибудь не убила. Точнее, меня.","Надо починить эту штуку, пока она кого-нибудь не убила. Точнее, меня.","Need to fix this thing before it kills someone. Me, specifically.",manual-translation,needs-english,jazz-units,890000000008267,jazz-units:items.lua:129387
890000000008282,Я скоро отрублюсь. Меня ноги уже не держат.,Я скоро отрублюсь. Меня ноги уже не держат.,I'm about to pass out. My legs won't hold me.,manual-translation,needs-english,jazz-units,890000000008282,jazz-units:items.lua:129437
890000000008293,Здесь пахнет бедой.,Здесь пахнет бедой.,Smells like trouble.,manual-translation,needs-english,jazz-units,890000000008293,jazz-units:items.lua:129470
890000000008298,Вот во что превращаются милые котята!,Вот во что превращаются милые котята!,So that's what cute little kittens grow into!,manual-translation,needs-english,jazz-units,890000000008298,jazz-units:items.lua:129485
890000000009068,"Пф! Топают, как слоны.","Пф! Топают, как слоны.",Pfft! They stomp like elephants.,manual-translation,needs-english,jazz-units,890000000009068 | 890000000009069 | 890000000009093 | 890000000009094 | 890000000009109,jazz-units:items.lua:119531 | jazz-units:items.lua:119532 | jazz-units:items.lua:119594 | jazz-units:items.lua:119595 | jazz-units:items.lua:119638
890000000009073,Кто хочет пострелять?,Кто хочет пострелять?,Who wants to shoot something?,manual-translation,needs-english,jazz-units,890000000009073 | 890000000009086,jazz-units:items.lua:119542 | jazz-units:items.lua:119577
890000000009083,Меня подбили…,Меня подбили…,I've been hit...,manual-translation,needs-english,jazz-units,890000000009083 | 890000000009157,jazz-units:items.lua:119568 | jazz-units:items.lua:119853
890000000009087,Вот теперь тут чисто.,Вот теперь тут чисто.,Now it's clear.,manual-translation,needs-english,jazz-units,890000000009087,jazz-units:items.lua:119580
890000000009088,Здесь что-то слишком тихо...,Здесь что-то слишком тихо...,It's a little too quiet here...,manual-translation,needs-english,jazz-units,890000000009088,jazz-units:items.lua:119583
890000000009089,Конец…,Конец…,The end...,manual-translation,needs-english,jazz-units,890000000009089 | 890000000009163,jazz-units:items.lua:119586 | jazz-units:items.lua:119871
890000000009099,"Ао-х! Время видеть сны, начальник.","Ао-х! Время видеть сны, начальник.","Aah! Time to dream, boss.",manual-translation,needs-english,jazz-units,890000000009099,jazz-units:items.lua:119608
890000000009111,Я бы пока не торопилась расслабляться.,Я бы пока не торопилась расслабляться.,I wouldn't relax just yet.,manual-translation,needs-english,jazz-units,890000000009111 | 890000000009112,jazz-units:items.lua:119644 | jazz-units:items.lua:119647
890000000009114,Черт.,Черт.,Damn.,manual-translation,needs-english,jazz-units,890000000009114,jazz-units:items.lua:119653
890000000009142,Слышал шум.,Слышал шум.,Heard a noise.,manual-translation,needs-english,jazz-units,890000000009142 | 890000000009143 | 890000000009167 | 890000000009168 | 890000000009183,jazz-units:items.lua:119816 | jazz-units:items.lua:119817 | jazz-units:items.lua:119879 | jazz-units:items.lua:119880 | jazz-units:items.lua:119923
890000000009151,Обойму!,Обойму!,Magazine!,manual-translation,needs-english,jazz-units,890000000009151 | 890000000009152,jazz-units:items.lua:119837 | jazz-units:items.lua:119840
890000000009153,Нужен ремонт.,Нужен ремонт.,Needs repairs.,manual-translation,needs-english,jazz-units,890000000009153,jazz-units:items.lua:119843
890000000009156,Я ранен.,Я ранен.,I'm wounded.,manual-translation,needs-english,jazz-units,890000000009156 | 890000000009643,jazz-units:items.lua:119850 | jazz-units:items.lua:130382
890000000009158,Руководство за гранью идиотизма.,Руководство за гранью идиотизма.,This leadership is beyond idiotic.,manual-translation,needs-english,jazz-units,890000000009158,jazz-units:items.lua:119856
890000000009174,Не могу двигаться.,Не могу двигаться.,Can't move.,manual-translation,needs-english,jazz-units,890000000009174 | 890000000009181 | 890000000009182,jazz-units:items.lua:119896 | jazz-units:items.lua:119917 | jazz-units:items.lua:119920
890000000009196,Противник в этом секторе!,Противник в этом секторе!,Enemy in this sector!,manual-translation,needs-english,jazz-units,890000000009196 | 890000000009197 | 890000000009697,jazz-units:items.lua:124594 | jazz-units:items.lua:124595 | jazz-units:items.lua:124609
890000000009204,"Да, я стал лучше.","Да, я стал лучше.","Yes, I've improved.",manual-translation,needs-english,jazz-units,890000000009204,jazz-units:items.lua:124666
890000000009205,Этот Иван позорит всю Россию.,Этот Иван позорит всю Россию.,That Ivan is a disgrace to all of Russia.,manual-translation,needs-english,jazz-units,890000000009205,jazz-units:items.lua:124736
890000000009210,Еще один готов.,Ещё один готов.,Another one down.,manual-translation,needs-english,jazz-units,890000000009210 | 890000000009320 | 890000000009351 | 890000000009352,jazz-units:items.lua:124973 | jazz-units:items.lua:124953 | jazz-units:items.lua:125051 | jazz-units:items.lua:125054
890000000009215,Англичанина я учуял бы и за сто метров.,Англичанина я учуял бы и за сто метров.,I could smell an Englishman from a hundred meters away.,manual-translation,needs-english,jazz-units,890000000009215 | 890000000009338 | 890000000009339,jazz-units:items.lua:125014 | jazz-units:items.lua:125015 | jazz-units:items.lua:125016
890000000009216,"Я учусь медленно, но верно.","Я учусь медленно, но верно.","Slowly but surely, I'm learning.",manual-translation,needs-english,jazz-units,890000000009216,jazz-units:items.lua:125023
890000000009217,Этот Сидней... Скоро он получит фонарь под глаз. На что спорим?,Этот Сидней... Скоро он получит фонарь под глаз. На что спорим?,That Sidney... He's getting a black eye soon. Wanna bet?,manual-translation,needs-english,jazz-units,890000000009217,jazz-units:items.lua:125093
890000000009222,Для тебя все кончено...,Для тебя все кончено...,It's over for you...,manual-translation,needs-english,jazz-units,890000000009222 | 890000000009506 | 890000000009537 | 890000000009538,jazz-units:items.lua:125330 | jazz-units:items.lua:125310 | jazz-units:items.lua:125408 | jazz-units:items.lua:125411
890000000009226,За работу!,За работу!,Get to work!,manual-translation,needs-english,jazz-units,890000000009226 | 890000000009512,jazz-units:items.lua:125359 | jazz-units:items.lua:125324
890000000009228,Неплохо... Есть еще порох в пороховницах!,Неплохо... Есть ещё порох в пороховницах!,Not bad... Still got some fight left in me!,manual-translation,needs-english,jazz-units,890000000009228,jazz-units:items.lua:125380
890000000009229,"Делайте со мной что хотите, только избавьте меня от этого Тора! Чертов ""нью-эйджер""! Пусть засунет свой хрен себе в рот. Schnell!","Делайте со мной что хотите, только избавьте меня от этого Тора! Чёртов «нью-эйджер»! Пусть засунет свой хрен себе в рот. Schnell!","Do whatever you want with me, just get me away from that Thor! Damn New Ager! He can put his dick in his mouth. Schnell!",manual-translation,needs-english,jazz-units,890000000009229,jazz-units:items.lua:125450
890000000009237,Дайте патроны!,Дайте патроны!,Give me ammo!,manual-translation,needs-english,jazz-units,890000000009237 | 890000000009391,jazz-units:items.lua:129137 | jazz-units:items.lua:129134
890000000009238,Ну что же... Пора покончить с формальностями.,Ну что же... Пора покончить с формальностями.,Well then... time to dispense with the formalities.,manual-translation,needs-english,jazz-units,890000000009238 | 890000000009388,jazz-units:items.lua:129159 | jazz-units:items.lua:129124
890000000009239,"Как человек строгих моральных принципов, я уверен, что эти женщины помнят о своем долге.","Как человек строгих моральных принципов, я уверен, что эти женщины помнят о своем долге.","As a man of strict moral principles, I am certain these women remember their duty.",manual-translation,needs-english,jazz-units,890000000009239 | 890000000009400 | 890000000009401,jazz-units:items.lua:129171 | jazz-units:items.lua:129172 | jazz-units:items.lua:129173
890000000009240,"Ага, значит... Мои заслуги оценили.","Ага, значит... Мои заслуги оценили.","Ah, so... My merits have been recognized.",manual-translation,needs-english,jazz-units,890000000009240,jazz-units:items.lua:129180
890000000009251,"Я однажды видел документальный фильм об Арулько, но теперь здесь все по-другому. Интересное место.","Я однажды видел документальный фильм об Арулько, но теперь здесь все по-другому. Интересное место.","I once saw a documentary about Arulco, but everything is different now. Interesting place.",manual-translation,needs-english,jazz-units,890000000009251 | 890000000009834 | 890000000009835,jazz-units:items.lua:129665 | jazz-units:items.lua:129666 | jazz-units:items.lua:129667
890000000009253,Китайцы сводят меня с ума.,Китайцы сводят меня с ума.,The Chinese drive me crazy.,manual-translation,needs-english,jazz-units,890000000009253,jazz-units:items.lua:129744
890000000009256,Враг рядом!,Враг рядом!,Enemy nearby!,manual-translation,needs-english,jazz-units,890000000009256 | 890000000009257 | 890000000009449 | 890000000009585,jazz-units:items.lua:129849 | jazz-units:items.lua:129850 | jazz-units:items.lua:129864 | jazz-units:items.lua:130647
890000000009264,Теперь дело пойдет веселее.,Теперь дело пойдет веселее.,Now things will get more interesting.,manual-translation,needs-english,jazz-units,890000000009264,jazz-units:items.lua:129921
890000000009276,Иногда моя гениальность поражает даже меня самого...,Иногда моя гениальность поражает даже меня самого...,Sometimes my genius amazes even me...,manual-translation,needs-english,jazz-units,890000000009276,jazz-units:items.lua:130168
890000000009292,Мы вступили в контакт с неприятелем.,Мы вступили в контакт с неприятелем.,We've made contact with the enemy.,manual-translation,needs-english,jazz-units,890000000009292 | 890000000009293 | 890000000009573,jazz-units:items.lua:130590 | jazz-units:items.lua:130591 | jazz-units:items.lua:130605
890000000009298,Можно начинать операцию!,Можно начинать операцию!,We may begin the operation!,manual-translation,needs-english,jazz-units,890000000009298 | 890000000009574,jazz-units:items.lua:130641 | jazz-units:items.lua:130606
890000000009300,"Приятно, когда человек совершенствует свои познания - а я узнаю больше день ото дня.","Приятно, когда человек совершенствует свои познания, — а я узнаю больше день ото дня.",It's gratifying to improve one's knowledge—and I learn more every day.,manual-translation,needs-english,jazz-units,890000000009300,jazz-units:items.lua:130662
890000000009321,"Ш-шш, я что-то слышу.","Ш-шш, я что-то слышу.","Shhh, I hear something.",manual-translation,needs-english,jazz-units,890000000009321 | 890000000009322 | 890000000009340 | 890000000009341 | 890000000009355,jazz-units:items.lua:124956 | jazz-units:items.lua:124957 | jazz-units:items.lua:125019 | jazz-units:items.lua:125020 | jazz-units:items.lua:125063
890000000009335,К несению службы готов.,К несению службы готов.,Ready for duty.,manual-translation,needs-english,jazz-units,890000000009335,jazz-units:items.lua:124999
890000000009347,Хорошие здесь люди.,Хорошие здесь люди.,Good people here.,manual-translation,needs-english,jazz-units,890000000009347 | 890000000009719,jazz-units:items.lua:125039 | jazz-units:items.lua:124682
890000000009350,Нападение с воздуха!,Нападение с воздуха!,Air attack!,manual-translation,needs-english,jazz-units,890000000009350 | 890000000009474,jazz-units:items.lua:125048 | jazz-units:items.lua:129946
890000000009360,"Ха, промазал! Так просто тебе меня не достать!","Ха, промазал! Так просто тебе меня не достать!","Ha, missed! You won't get me that easily!",manual-translation,needs-english,jazz-units,890000000009360,jazz-units:items.lua:125078
890000000009383,Я точно это слышал! Здесь кто-то есть. Или что-то.,Я точно это слышал! Здесь кто-то есть. Или что-то.,I definitely heard that! Someone's here. Or something.,manual-translation,needs-english,jazz-units,890000000009383 | 890000000009384 | 890000000009402 | 890000000009403 | 890000000009417,jazz-units:items.lua:129113 | jazz-units:items.lua:129114 | jazz-units:items.lua:129176 | jazz-units:items.lua:129177 | jazz-units:items.lua:129220
890000000009392,"Похоже, тут что-то не так...","Похоже, тут что-то не так...",Something seems wrong...,manual-translation,needs-english,jazz-units,890000000009392,jazz-units:items.lua:129140
890000000009395,"Во имя мира и добра... Черт, ну и боль... И жизнь отдать не жалко ради... Ох, вот бы выпить... Ради мира на земле.","Во имя мира и добра... Черт, ну и боль... И жизнь отдать не жалко ради... Ох, вот бы выпить... Ради мира на земле.","In the name of peace and goodwill... Damn, that hurts... I'd gladly give my life for... Oh, I could use a drink... For peace on Earth.",manual-translation,needs-english,jazz-units,890000000009395,jazz-units:items.lua:129147
890000000009398,"Их больше не осталось, так?","Их больше не осталось, так?","There are none left, right?",manual-translation,needs-english,jazz-units,890000000009398,jazz-units:items.lua:129162
890000000009399,Будьте начеку. Противник бродит поблизости.,Будьте начеку. Противник бродит поблизости.,Stay alert. The enemy is prowling nearby.,manual-translation,needs-english,jazz-units,890000000009399,jazz-units:items.lua:129165
890000000009405,А это тогда что?,А это тогда что?,Then what's that?,manual-translation,needs-english,jazz-units,890000000009405,jazz-units:items.lua:129184
890000000009408,Ох! Черт! Надо бы дух перевести.,Ох! Черт! Надо бы дух перевести.,Oh! Damn! Need to catch my breath.,manual-translation,needs-english,jazz-units,890000000009408 | 890000000009415 | 890000000009416,jazz-units:items.lua:129193 | jazz-units:items.lua:129214 | jazz-units:items.lua:129217
890000000009409,"Ага, значит... Не все против нас.","Ага, значит... Не все против нас.","Ah, so... not everyone is against us.",manual-translation,needs-english,jazz-units,890000000009409,jazz-units:items.lua:129196
890000000009410,"Я бы не стал этого делать, и не стану.","Я бы не стал этого делать, и не стану.","I wouldn't do that, and I won't.",manual-translation,needs-english,jazz-units,890000000009410,jazz-units:items.lua:129199
890000000009412,"В укрытие! Боюсь, они попытаются достать нас с воздуха.","В укрытие! Боюсь, они попытаются достать нас с воздуха.",Take cover! I'm afraid they'll try to get us from the air.,manual-translation,needs-english,jazz-units,890000000009412,jazz-units:items.lua:129205
890000000009418,"Я много лет провел в джунглях... Поэтому я знаю, когда следует ждать недоброго... Когда я предчувствую недоброе.","Я много лет провел в джунглях... Поэтому я знаю, когда следует ждать недоброго... Когда я предчувствую недоброе.",I've spent years in the jungle... I know when trouble's coming. And trouble is coming.,manual-translation,needs-english,jazz-units,890000000009418,jazz-units:items.lua:129223
890000000009445,Я что-то слышу!,Я что-то слышу!,I hear something!,manual-translation,needs-english,jazz-units,890000000009445 | 890000000009446 | 890000000009464 | 890000000009465 | 890000000009479,jazz-units:items.lua:129854 | jazz-units:items.lua:129855 | jazz-units:items.lua:129917 | jazz-units:items.lua:129918 | jazz-units:items.lua:129961
890000000009451,"Говорила мне мама, не играй с незнакомыми дядями!","Говорила мне мама, не играй с незнакомыми дядями!",Mama told me never to play with strange men!,manual-translation,needs-english,jazz-units,890000000009451,jazz-units:items.lua:129868
890000000009459,Так гораздо лучше! Пора браться за дело!,Так гораздо лучше! Пора браться за дело!,Much better! Time to get to work!,manual-translation,needs-english,jazz-units,890000000009459,jazz-units:items.lua:129897
890000000009467,Что там?,Что там?,What's there?,manual-translation,needs-english,jazz-units,890000000009467 | 890000000009776,jazz-units:items.lua:129925 | jazz-units:items.lua:130171
890000000009470,Нужен воздух...,Нужен воздух...,Need air...,manual-translation,needs-english,jazz-units,890000000009470 | 890000000009477 | 890000000009478,jazz-units:items.lua:129934 | jazz-units:items.lua:129955 | jazz-units:items.lua:129958
890000000009472,Ни-за-что!,Ни-за-что!,No. Way!,manual-translation,needs-english,jazz-units,890000000009472,jazz-units:items.lua:129940
890000000009480,У меня нехорошее предчувствие.,У меня нехорошее предчувствие.,I've got a bad feeling.,manual-translation,needs-english,jazz-units,890000000009480,jazz-units:items.lua:129964
890000000009484,"Ф-фу, пронесло... Вот тебе и адреналин! Говорят, можно подсесть на это ощущение...","Ф-фу, пронесло... Вот тебе и адреналин! Говорят, можно подсесть на это ощущение...","Phew, that was close... What a rush! They say you can get hooked on it...",manual-translation,needs-english,jazz-units,890000000009484,jazz-units:items.lua:129976
890000000009509,Цель не вижу!,Цель не вижу!,Can't see the target!,manual-translation,needs-english,jazz-units,890000000009509,jazz-units:items.lua:125317
890000000009514,Ха! Наконец-то...,Ха! Наконец-то...,Ha! Finally...,manual-translation,needs-english,jazz-units,890000000009514,jazz-units:items.lua:125331
890000000009516,"Черт, оружие заклинило!","Черт, оружие заклинило!","Damn, weapon's jammed!",manual-translation,needs-english,jazz-units,890000000009516,jazz-units:items.lua:125340
890000000009520,"Арулько, ха... Как интересно...","Арулько, ха... Как интересно...","Arulco, huh... How interesting...",manual-translation,needs-english,jazz-units,890000000009520,jazz-units:items.lua:125353
890000000009528,Здесь что-то есть!,Здесь что-то есть!,There's something here!,manual-translation,needs-english,jazz-units,890000000009528,jazz-units:items.lua:125383
890000000009531,Я не могу сосредоточиться... Пора отдохнуть.,Я не могу сосредоточиться... Пора отдохнуть.,I can't concentrate... Time to rest.,manual-translation,needs-english,jazz-units,890000000009531,jazz-units:items.lua:125390
890000000009565,В точности совпадает с моим мнением.,В точности совпадает с моим мнением.,Exactly my opinion.,manual-translation,needs-english,jazz-units,890000000009565 | 890000000009566 | 890000000009567,jazz-units:items.lua:130585 | jazz-units:items.lua:130586 | jazz-units:items.lua:130587
890000000009578,Оружие заклинило.,Оружие заклинило.,Weapon's jammed.,manual-translation,needs-english,jazz-units,890000000009578,jazz-units:items.lua:130622
890000000009581,Мне нужен жгут - и морфий - быстро!,Мне нужен жгут — и морфий — быстро!,I need a tourniquet—and morphine—now!,manual-translation,needs-english,jazz-units,890000000009581,jazz-units:items.lua:130629
890000000009594,Как в разреженной атмосфере - дышать... Дышать!,Как в разреженной атмосфере — дышать... Дышать!,Like breathing thin air—breathe... breathe!,manual-translation,needs-english,jazz-units,890000000009594 | 890000000009601 | 890000000009602,jazz-units:items.lua:130675 | jazz-units:items.lua:130696 | jazz-units:items.lua:130699
890000000009596,"К сожалению, я вынуждена отказать.","К сожалению, я вынуждена отказать.","Regrettably, I must decline.",manual-translation,needs-english,jazz-units,890000000009596,jazz-units:items.lua:130681
890000000009604,Здесь слишком уж мирно.,Здесь слишком уж мирно.,It's far too peaceful here.,manual-translation,needs-english,jazz-units,890000000009604,jazz-units:items.lua:130705
890000000009631,Я что-то слышу.,Я что-то слышу.,I hear something.,manual-translation,needs-english,jazz-units,890000000009631 | 890000000009632 | 890000000009650 | 890000000009651 | 890000000009665,jazz-units:items.lua:130348 | jazz-units:items.lua:130349 | jazz-units:items.lua:130411 | jazz-units:items.lua:130412 | jazz-units:items.lua:130455
890000000009633,Ничего не выйдет,Ничего не выйдет.,This won't work.,manual-translation,needs-english,jazz-units,890000000009633,jazz-units:items.lua:130352
890000000009637,Их слишком много!,Их слишком много!,Too many of them!,manual-translation,needs-english,jazz-units,890000000009637,jazz-units:items.lua:130362
890000000009638,Я убил это чудовище.,Я убил это чудовище.,I killed that monster.,manual-translation,needs-english,jazz-units,890000000009638,jazz-units:items.lua:130366
890000000009645,Я вернулся.,Я вернулся.,I'm back.,manual-translation,needs-english,jazz-units,890000000009645,jazz-units:items.lua:130391
890000000009652,"Эй, что это?","Эй, что это?","Hey, what's that?",manual-translation,needs-english,jazz-units,890000000009652,jazz-units:items.lua:130418
890000000009671,Кошка-убийца!,Кошка-убийца!,Killer cat!,manual-translation,needs-english,jazz-units,890000000009671 | 890000000009857,jazz-units:items.lua:130473 | jazz-units:items.lua:129732
890000000009673,"Идея была ""vraiment miserable"", ээ... Очень плохая.","Идея была ""vraiment miserable"", ээ... Очень плохая.","The idea was vraiment misérable, uh... very bad.",manual-translation,needs-english,jazz-units,890000000009673,jazz-units:items.lua:130479
890000000009693,Я что-то слышал.,Я что-то слышал.,I heard something.,manual-translation,needs-english,jazz-units,890000000009693 | 890000000009694 | 890000000009712 | 890000000009713 | 890000000009727,jazz-units:items.lua:124599 | jazz-units:items.lua:124600 | jazz-units:items.lua:124662 | jazz-units:items.lua:124663 | jazz-units:items.lua:124706
890000000009699,У меня большие проблемы!,У меня большие проблемы!,I'm in serious trouble!,manual-translation,needs-english,jazz-units,890000000009699,jazz-units:items.lua:124613
890000000009700,"Ах, какой ужас.","Ах, какой ужас.","Oh, how dreadful.",manual-translation,needs-english,jazz-units,890000000009700,jazz-units:items.lua:124617
890000000009709,Противник здесь... где-то.,Противник здесь... где-то.,The enemy is here... somewhere.,manual-translation,needs-english,jazz-units,890000000009709,jazz-units:items.lua:124651
890000000009717,Я должен отдохнуть.,Я должен отдохнуть.,I must rest.,manual-translation,needs-english,jazz-units,890000000009717,jazz-units:items.lua:124676
890000000009729,Мы еще не выполнили нашу миссию.,Мы ещё не выполнили нашу миссию.,Our mission is not yet complete.,manual-translation,needs-english,jazz-units,890000000009729 | 890000000009730,jazz-units:items.lua:124712 | jazz-units:items.lua:124715
890000000009735,Это была ошибка.,Это была ошибка.,That was a mistake.,manual-translation,needs-english,jazz-units,890000000009735,jazz-units:items.lua:124730
890000000009736,"Надеюсь, ты это не всерьез?","Надеюсь, ты это не всерьез?","You're not serious, I hope?",manual-translation,needs-english,jazz-units,890000000009736,jazz-units:items.lua:124733
890000000009755,Шшш... Вы слышите?...,Шшш... Вы слышите?...,Shh... Do you hear that?...,manual-translation,needs-english,jazz-units,890000000009755 | 890000000009756 | 890000000009774 | 890000000009775 | 890000000009789,jazz-units:items.lua:130101 | jazz-units:items.lua:130102 | jazz-units:items.lua:130164 | jazz-units:items.lua:130165 | jazz-units:items.lua:130208
890000000009768,"Все это дерьмо... В том, что мы делаем, нет никакого смысла.","Все это дерьмо... В том, что мы делаем, нет никакого смысла.",All this shit... There's no point to what we're doing.,manual-translation,needs-english,jazz-units,890000000009768,jazz-units:items.lua:130141
890000000009777,Там что-то лежит.,Там что-то лежит.,There's something lying there.,manual-translation,needs-english,jazz-units,890000000009777 | 890000000009838,jazz-units:items.lua:130172 | jazz-units:items.lua:129677
890000000009780,"Давай, Рудольф... дыши!","Давай, Рудольф... дыши!","Come on, Rudolf... breathe!",manual-translation,needs-english,jazz-units,890000000009780 | 890000000009787 | 890000000009788,jazz-units:items.lua:130181 | jazz-units:items.lua:130202 | jazz-units:items.lua:130205
890000000009781,Здесь приятные люди... Только надо правильно к ним относиться. Это важно.,Здесь приятные люди... Только надо правильно к ним относиться. Это важно.,Nice people here... You just have to treat them the right way. That's important.,manual-translation,needs-english,jazz-units,890000000009781,jazz-units:items.lua:130184
890000000009798,"Это же шутка, так? Не-е-ет... Ты серьезно... Ты действительно имеешь это в виду?!","Это же шутка, так? Не-е-ет... Ты серьезно... Ты действительно имеешь это в виду?!","This is a joke, right? Nooo... You're serious... You really mean it?!",manual-translation,needs-english,jazz-units,890000000009798,jazz-units:items.lua:130235
890000000009820,"Нет, это я сделать не могу.","Нет, это я сделать не могу.","No, I can't do that.",manual-translation,needs-english,jazz-units,890000000009820,jazz-units:items.lua:129614
890000000009830,"Если бы я не послушал тебя, Янно, то сейчас отлично проводил бы время в каком-нибудь кабаке...","Если бы я не послушал тебя, Янно, то сейчас отлично проводил бы время в каком-нибудь кабаке...","If I hadn't listened to you, Jaano, I'd be having a great time in some bar right now...",manual-translation,needs-english,jazz-units,890000000009830,jazz-units:items.lua:129647
890000000009831,Я вернулся!,Я вернулся!,I'm back!,manual-translation,needs-english,jazz-units,890000000009831,jazz-units:items.lua:129650
890000000009833,Это вражеский сектор. Устроим им веселье?,Это вражеский сектор. Устроим им веселье?,This is enemy territory. Shall we show them a good time?,manual-translation,needs-english,jazz-units,890000000009833,jazz-units:items.lua:129659
890000000009839,Здесь что-то есть.,Здесь что-то есть.,There's something here.,manual-translation,needs-english,jazz-units,890000000009839,jazz-units:items.lua:129678
890000000009843,"Приятное место, приятный климат - неудивительно, что жители Сибири ведут себя совсем по-другому.","Приятное место, приятный климат — неудивительно, что жители Сибири ведут себя совсем по-другому.","Nice place, nice climate—no wonder people from Siberia behave so differently.",manual-translation,needs-english,jazz-units,890000000009843,jazz-units:items.lua:129690
890000000009844,Я не могу принять такой приказ.,Я не могу принять такой приказ.,I cannot follow that order.,manual-translation,needs-english,jazz-units,890000000009844,jazz-units:items.lua:129693
