ID,SourceText,Russian,English,Notes,Reasons,Packages,AllIDs,Locations
103474241264,"Вот черт! Я, конечно, терпеть не могла Монику, но уж точно не желала ей смерти. И уж точно не хотела убивать ее сама! Записываю время смерти...","Вот черт! Я, конечно, терпеть не могла Монику, но уж точно не желала ей смерти. И уж точно не хотела убивать ее сама! Записываю время смерти...","Damn it! Of course, I couldn’t stand Monica, but I certainly didn’t want her to die. And I certainly didn’t want to kill her myself! I'm recording the time of death...",manual-reviewed-google,google-draft,jazz-units,103474241264,jazz-units:items.lua:116357
105784329687,Пистон,Пистон,Piston,manual-reviewed-google,google-draft,jazz-units,105784329687,jazz-units:Code/Mercenary.lua:143
111936767427,"Я снова с вами, свеж, бодр и относительно цел!","Я снова с вами, свеж, бодр и относительно цел!","I am with you again, fresh, cheerful and relatively whole!",manual-reviewed-google,google-draft,jazz-units,111936767427,jazz-units:items.lua:131479
113050924217,"Считай, свелся. Командуй ""огонь"", братан.","Считай, свелся. Командуй ""огонь"", братан.","Consider it settled. Command fire, bro.",manual-reviewed-google,google-draft,jazz-units,113050924217,jazz-units:items.lua:131335
113948731495,Налётчик,Налётчик,Raider,manual-reviewed-google,google-draft,jazz-units,113948731495,jazz-units:items.lua:85745 | jazz-units:UnitData/JAZZ_Legion_FrontT2_Raider.lua:22
124030261247,"Тут или наших маловато, или ихних многовато...","Тут или наших маловато, или ихних многовато...","There are either not enough of us here, or there are too many of them...",manual-reviewed-google,google-draft,jazz-units,124030261247,jazz-units:items.lua:131552
124509637581,Вебер,Вебер,Weber,manual-reviewed-google,google-draft,jazz-units,124509637581,jazz-units:Code/Mercenary.lua:78
131072494107,"Ну как-бы, вроде все, всех посчитали.","Ну как-бы, вроде все, всех посчитали.","Well, it seems like everyone has been counted.",manual-reviewed-google,google-draft,jazz-units,131072494107,jazz-units:items.lua:131386
132305200292,Да ты шутишь!,Да ты шутишь!,You're kidding!,manual-reviewed-google,google-draft,jazz-units,132305200292,jazz-units:items.lua:115696
135932071649,План с воздуха выглядит проще. С земли - как лотерея с пулями,План с воздуха выглядит проще. С земли - как лотерея с пулями,The plan looks simpler from the air. From the ground - like a lottery with bullets,manual-reviewed-google,google-draft,jazz-units,135932071649,jazz-units:items.lua:114889
143658772175,Тишина - лучший свидетель. Ты это знаешь,Тишина - лучший свидетель. Ты это знаешь,Silence is the best witness. You know it,manual-reviewed-google,google-draft,jazz-units,143658772175,jazz-units:items.lua:114879
144141204511,Взяла!,Взяла!,Got it!,manual-reviewed-google,google-draft,jazz-units,144141204511 | 592497176764,jazz-units:items.lua:116440 | jazz-units:items.lua:116370
145667150510,"Прости, командир, я не спецом.","Прости, командир, я не спецом.","Sorry, commander, I'm not an expert.",manual-reviewed-google,google-draft,jazz-units,145667150510,jazz-units:items.lua:131576
151644631553,"Парни, время доставать самые большие пушки!","Парни, время доставать самые большие пушки!","Guys, time to get out the big guns!",manual-reviewed-google,google-draft,jazz-units,151644631553,jazz-units:items.lua:131649
152493018567,Бишоп,Бишоп,Bishop,manual-reviewed-google,google-draft,jazz-units,152493018567,jazz-units:Code/Mercenary.lua:103
155611659517,"Послушай. Я не знал, что ты собираешься влючать Тоску в команду. Тут через минуту духа моего бы не было, если бы я так не заботился о своей репутации. Мой тебе совет: держи ее от меня подальше!","Послушай. Я не знал, что ты собираешься влючать Тоску в команду. Тут через минуту духа моего бы не было, если бы я так не заботился о своей репутации. Мой тебе совет: держи ее от меня подальше!",Listen. I didn't know you were going to include Tosca on the team. My spirit wouldn’t be here in a minute if I weren’t so concerned about my reputation. My advice to you: keep her away from me!,manual-reviewed-google,google-draft,jazz-units,155611659517,jazz-units:items.lua:115221
174966595975,Зачем мне все это барахло? Дайте мне трубочку для плевания и фанерку - загораживаться! Куда полезнее будет.,Зачем мне все это барахло? Дайте мне трубочку для плевания и фанерку - загораживаться! Куда полезнее будет.,Why do I need all this junk? Give me a spitting tube and a piece of plywood - block myself! It will be much more useful.,manual-reviewed-google,google-draft,jazz-units,174966595975 | 674868295918,jazz-units:items.lua:115254 | jazz-units:items.lua:115257
176574496642,Алексей Иванов,Алексей Иванов,Alexey Ivanov,manual-reviewed-google,google-draft,jazz-units,176574496642,jazz-units:items.lua:131009 | jazz-units:UnitData/JAZZ_Ivanov.lua:19
176578784013,"Вот вам и Рысь, вашу мамашу!","Вот вам и Рысь, вашу мамашу!","Here's Lynx, your mother!",manual-reviewed-google,google-draft,jazz-units,176578784013,jazz-units:items.lua:140339
178720739297,Гранатометное усиление,Гранатометное усиление,Grenade Launcher Boost,manual-reviewed-google,google-draft,jazz-units,178720739297,jazz-units:items.lua:102847
183507962431,Даст,Даст,Yes,manual-reviewed-google,google-draft,jazz-units,183507962431,jazz-units:Code/Mercenary.lua:114
194060943538,Тише... Здесь эхо - худший предатель,Тише... Здесь эхо - худший предатель,Hush... Here the echo is the worst traitor,manual-reviewed-google,google-draft,jazz-units,194060943538,jazz-units:items.lua:114895
202028848843,"Всё... Накрылось, мать его вэдэшку.","Всё... Накрылось, мать его вэдэшку.","That's it... It's all over, damn it.",manual-reviewed-google,google-draft,jazz-units,202028848843,jazz-units:items.lua:131777
208359484899,Чуждые элементы!,Чуждые элементы!,Alien elements!,manual-reviewed-google,google-draft,jazz-units,208359484899,jazz-units:items.lua:116419
209094011789,В стороны!,В стороны!,To the sides!,manual-reviewed-google,google-draft,jazz-units,209094011789,jazz-units:items.lua:131756
209534781642,Мейс,Мейс,Mace,manual-reviewed-google,google-draft,jazz-units,209534781642,jazz-units:Code/Mercenary.lua:129
212967091229,Вы откуда это взяли? На распродаже? Не работает!,Вы откуда это взяли? На распродаже? Не работает!,Where did you get this from? On sale? Doesn't work!,manual-reviewed-google,google-draft,jazz-units,212967091229,jazz-units:items.lua:116002
213709547831,Буллет,Буллет,Bullet,manual-reviewed-google,google-draft,jazz-units,213709547831 | 910000000009,jazz-units:Code/Mercenary.lua:139 | jazz-units:Code/Legion.lua:11
214311297685,"Я работаю. Не мешайте. Ходют тут, ходют, а потом пластик пропадает.","Я работаю. Не мешайте. Ходют тут, ходют, а потом пластик пропадает.","I'm working. Don't interfere. They walk here and there, and then the plastic disappears.",manual-reviewed-google,google-draft,jazz-units,214311297685,jazz-units:items.lua:131370
214745093796,"Думаю, прервав эту жизнь, я сохранила много других.","Думаю, прервав эту жизнь, я сохранила много других.","I think that by interrupting this life, I saved many others.",manual-reviewed-google,google-draft,jazz-units,214745093796,jazz-units:items.lua:116428
218806644175,Они идут... Как стадо в узком коридоре. Легко будет срезать,Они идут... Как стадо в узком коридоре. Легко будет срезать,They are walking... Like a herd in a narrow corridor. It will be easy to cut,manual-reviewed-google,google-draft,jazz-units,218806644175,jazz-units:items.lua:114884
219342036908,"Делай, как я!","Делай, как я!",Do as I do!,manual-reviewed-google,google-draft,jazz-units,219342036908,jazz-units:items.lua:131472
226419811457,Ща б пивка холодненького...,Ща б пивка холодненького...,I wish I had a cold beer...,manual-reviewed-google,google-draft,jazz-units,226419811457,jazz-units:items.lua:131645
227039351750,"Ах, ходи опять, ищи этих гамадрилов по кустам. Давай просто жахнем их, и дело с концом.","Ах, ходи опять, ищи этих гамадрилов по кустам. Давай просто жахнем их, и дело с концом.","Oh, go again, look for these hamadryas in the bushes. Let's just eat them and be done with it.",manual-reviewed-google,google-draft,jazz-units,227039351750,jazz-units:items.lua:131379
231003169314,Сегодня тебе повезло.,Сегодня тебе повезло.,Today you are lucky.,manual-reviewed-google,google-draft,jazz-units,231003169314,jazz-units:items.lua:115349
242652360553,"Братаны. у них же нет этого, как его... свистимандоза? Жрать их можно, спрашиваю?","Братаны. у них же нет этого, как его... свистимандоза? Жрать их можно, спрашиваю?","Bros. They don’t have this, what’s it called... whistlemandosis? Can I eat them, I ask?",manual-reviewed-google,google-draft,jazz-units,242652360553,jazz-units:items.lua:131622
243070819799,"Мадам, мы не знакомы? Разрешите представиться, Фраг!","Мадам, мы не знакомы? Разрешите представиться, Фраг!","Madam, we don't know each other? Let me introduce myself, Frag!",manual-reviewed-google,google-draft,jazz-units,243070819799,jazz-units:items.lua:131685
244409151764,"Ладно, скажу правду, были у меня предложения и получше, но в Пауке что-то есть такое, отчего с ней в кайф работать вместе. Согласна, чел!","Ладно, скажу правду, были у меня предложения и получше, но в Пауке что-то есть такое, отчего с ней в кайф работать вместе. Согласна, чел!","Okay, I’ll tell the truth, I had better offers, but there’s something about Spider that makes it a pleasure to work with her. I agree, man!",manual-reviewed-google,google-draft,jazz-units,244409151764,jazz-units:items.lua:132882 | jazz-units:UnitData/Vicki.lua:113
249950979247,"Что же, это не лучшая группа, с которой мне приходилось работать","Что же, это не лучшая группа, с которой мне приходилось работать","Well, this is not the best group I've ever worked with.",manual-reviewed-google,google-draft,jazz-units,249950979247,jazz-units:items.lua:116397
253085579896,"Патроны, немедленно!","Патроны, немедленно!","Ammo, now!",manual-reviewed-google,google-draft,jazz-units,253085579896 | 386888790086,jazz-units:items.lua:116223 | jazz-units:items.lua:116411
253970486219,Торк,Торк,Torque,manual-reviewed-google,google-draft,jazz-units,253970486219,jazz-units:Code/Mercenary.lua:111
254157828912,Засадник,Засадник,Ambusher,manual-reviewed-google,google-draft,jazz-units,254157828912,jazz-units:items.lua:86028 | jazz-units:UnitData/JAZZ_Legion_FrontT2_Ambusher.lua:22
261881212602,"Ну дела, Рысь промазал! Теперь я точно видел все!","Ну дела, Рысь промазал! Теперь я точно видел все!","Well done, Lynx missed! Now I've definitely seen everything!",manual-reviewed-google,google-draft,jazz-units,261881212602,jazz-units:items.lua:140275
267233176158,Есть! На жопе шерсть...,Есть! На жопе шерсть...,Yes! There's fur on my ass...,manual-reviewed-google,google-draft,jazz-units,267233176158,jazz-units:items.lua:131395
278695304484,Грабитель,Грабитель,Robber,manual-reviewed-google,google-draft,jazz-units,278695304484 | 654442681700,jazz-units:items.lua:84674 | jazz-units:UnitData/JAZZ_Legion_AssaultT2_Pillager.lua:20 | jazz-units:items.lua:81379 | jazz-units:UnitData/ThugGrenadier_Stronger.lua:18
278833303066,Это еще что?,Это еще что?,What is this?,manual-reviewed-google,google-draft,jazz-units,278833303066,jazz-units:items.lua:115276
279053461802,Фокс,Фокс,Fox,manual-reviewed-google,google-draft,jazz-units,279053461802 | 910000000026 | 910000001026,jazz-units:Code/Mercenary.lua:148 | jazz-units:Code/Legion.lua:28 | jazz-units:Code/Legion.lua:136
279419436377,Я не сомневаюсь в присутствии противника.,Я не сомневаюсь в присутствии противника.,I have no doubt about the presence of the enemy.,manual-reviewed-google,google-draft,jazz-units,279419436377 | 682329187809,jazz-units:items.lua:116209 | jazz-units:items.lua:116420
280109571132,Принял четко!,Принял четко!,Got it clearly!,manual-reviewed-google,google-draft,jazz-units,280109571132,jazz-units:items.lua:131393
281807945653,я на некоторое время займусь научной работой.,я на некоторое время займусь научной работой.,I will take up scientific work for a while.,manual-reviewed-google,google-draft,jazz-units,281807945653,jazz-units:items.lua:116332
283654937572,"Э-э-э... Знаешь, мы ведь как договаривались - деньги на бочку, правда? Что-то я их здесь не вижу!","Э-э-э... Знаешь, мы ведь как договаривались - деньги на бочку, правда? Что-то я их здесь не вижу!","Uh-uh... You know, we agreed as we agreed - money for a barrel, right? Somehow I don’t see them here!",manual-reviewed-google,google-draft,jazz-units,283654937572,jazz-units:items.lua:114964
284015763095,Линднер,Линднер,Lindner,manual-reviewed-google,google-draft,jazz-units,284015763095,jazz-units:Code/Mercenary.lua:82
287657224729,Ха-ха!,Ха-ха!,Ha ha!,manual-reviewed-google,google-draft,jazz-units,287657224729 | 403326197899 | 512031002404 | 731102317560 | 751404184505,jazz-units:items.lua:115901 | jazz-units:items.lua:115334 | jazz-units:items.lua:115990 | jazz-units:items.lua:115959 | jazz-units:items.lua:115438
288587538856,"Блядь, подбили меня, командир!","Блядь, подбили меня, командир!","Fuck, they hit me, commander!",manual-reviewed-google,google-draft,jazz-units,288587538856,jazz-units:items.lua:131486
289633215369,Хмм,Хмм,Hmm,manual-reviewed-google,google-draft,jazz-units,289633215369,jazz-units:items.lua:115907
291706354809,Сэйбл,Сэйбл,Sable,manual-reviewed-google,google-draft,jazz-units,291706354809,jazz-units:Code/Mercenary.lua:183
299698692708,"Я вовсе не в восторге от этого проекта. Но скажу без затей: по моему мнению, Сова - отличный товарищ, и я доверяю ей полностью. Поэтому - я согласна!","Я вовсе не в восторге от этого проекта. Но скажу без затей: по моему мнению, Сова - отличный товарищ, и я доверяю ей полностью. Поэтому - я согласна!","I'm not at all excited about this project. But I’ll say it straight forward: in my opinion, Owl is an excellent comrade, and I trust her completely. Therefore - I agree!",manual-reviewed-google,google-draft,jazz-units,299698692708,jazz-units:items.lua:116118 | jazz-units:UnitData/Jazz_Spider.lua:104
310008076558,Фраг,Фраг,Frag,manual-reviewed-google,google-draft,jazz-units,310008076558,jazz-units:items.lua:131193 | jazz-units:UnitData/JAZZ_Merc_Spouke.lua:22
314598120562,"Снаряжение надо в ремонт сдать, конечно. Все бренчит и брякает.","Снаряжение надо в ремонт сдать, конечно. Все бренчит и брякает.","The equipment needs to be sent in for repairs, of course. Everything rattles and rattles.",manual-reviewed-google,google-draft,jazz-units,314598120562,jazz-units:items.lua:131507
318347271366,"Сделано в лучшем виде, братан, проверяй работу,","Сделано в лучшем виде, братан, проверяй работу,","Done in the best possible way, bro, check the work,",manual-reviewed-google,google-draft,jazz-units,318347271366,jazz-units:items.lua:131328
323511335269,Гарнизон Ло Блё,Гарнизон Ло Блё,Garrison of Lo Bleu,manual-reviewed-google,google-draft,jazz-units,323511335269,jazz-units:items.lua:98564
326116154029,Санитар Диверсант,Санитар Диверсант,Orderly Saboteur,manual-reviewed-google,google-draft,jazz-units,326116154029,jazz-units:items.lua:89784 | jazz-units:UnitData/ArmyMedic_Elite.lua:20
326142231461,Ай-ой,Ай-ой,Ay-oh,manual-reviewed-google,google-draft,jazz-units,326142231461,jazz-units:items.lua:115922
326903240461,"Слушай, это было замечательно, но мой контракт кончается. Ты собираешься его продлевать? Я буду пока свободен.","Слушай, это было замечательно, но мой контракт кончается. Ты собираешься его продлевать? Я буду пока свободен.","Look, it's been great, but my contract is up. Are you going to renew it? I'll be free for now.",manual-reviewed-google,google-draft,jazz-units,326903240461,jazz-units:items.lua:115069
327914500514,"Ты чо, братан, забыл про меня, или деньги закончились?","Ты чо, братан, забыл про меня, или деньги закончились?","Did you forget about me, bro, or did the money run out?",manual-reviewed-google,google-draft,jazz-units,327914500514,jazz-units:items.lua:131425
334995525715," Простите, я хотела сказать... Послушайте, у меня есть и другие дела на сегодня!"," Простите, я хотела сказать... Послушайте, у меня есть и другие дела на сегодня!","Sorry, I meant to say... Look, I have other things to do today!",manual-reviewed-google,google-draft,jazz-units,334995525715,jazz-units:items.lua:116142 | jazz-units:UnitData/Jazz_Spider.lua:128
335290711519,Посмотри ей в глаза,Посмотри ей в глаза,Look her in the eyes,manual-reviewed-google,google-draft,jazz-units,335290711519,jazz-units:items.lua:115488 | jazz-units:UnitData/Jazz_Buzz.lua:26
339004978895,Миномётчик,Миномётчик,Mortarman,manual-reviewed-google,google-draft,jazz-units,339004978895,jazz-units:items.lua:88696 | jazz-units:items.lua:95537 | jazz-units:items.lua:95743 | jazz-units:UnitData/JAZZ_Legion_HeavyT3_Mortarman.lua:21 | jazz-units:UnitData/RebelHeavy_Mortar.lua:21 | jazz-units:UnitData/RebelHeavy_Mortar_Immortal.lua:21
340243775190,"Я хочу, чтоб это было ясно: я ненавижу всех. Я сказала - ВСЕХ!","Я хочу, чтоб это было ясно: я ненавижу всех. Я сказала - ВСЕХ!",I want to make it clear: I hate everyone. I said - EVERYONE!,manual-reviewed-google,google-draft,jazz-units,340243775190,jazz-units:items.lua:115940
344607087024,Вот это здорово!,Вот это здорово!,This is great!,manual-reviewed-google,google-draft,jazz-units,344607087024 | 367651229840,jazz-units:items.lua:115689 | jazz-units:items.lua:115888
348939521107,Санита-а-а-ра сюда-а!,Санита-а-а-ра сюда-а!,Sanita-a-a-ra here!,manual-reviewed-google,google-draft,jazz-units,348939521107,jazz-units:items.lua:131485
360147259833,Стэнтон,Стэнтон,Stanton,manual-reviewed-google,google-draft,jazz-units,360147259833,jazz-units:Code/Mercenary.lua:59
364194360977,У меня начинается депрессия! Мне надо просто рвануть и прочесать все это место с автоматом.,У меня начинается депрессия! Мне надо просто рвануть и прочесать все это место с автоматом.,I'm starting to feel depressed! I just need to rush and comb this whole place with a machine gun.,manual-reviewed-google,google-draft,jazz-units,364194360977 | 468582654019,jazz-units:items.lua:115758 | jazz-units:items.lua:115746
367942400770,"Проклятье, Айс! Ты им понравишься там, на небесах... или куда там еще ты отправился. Не теряй веры, друг. И мы попробуем не терять ее здесь.","Проклятье, Айс! Ты им понравишься там, на небесах... или куда там еще ты отправился. Не теряй веры, друг. И мы попробуем не терять ее здесь.","Damn it, Ice! They'll like you up there in heaven... or wherever else you went. Don't lose faith, friend. And we will try not to lose it here.",manual-reviewed-google,google-draft,jazz-units,367942400770,jazz-units:items.lua:115200
368042957180,Эйм,Эйм,Aim,manual-reviewed-google,google-draft,jazz-units,368042957180,jazz-units:Code/Mercenary.lua:160
372824017930,Чушка! Рассыпались!,Чушка! Рассыпались!,Chump! Scattered!,manual-reviewed-google,google-draft,jazz-units,372824017930,jazz-units:items.lua:131755
373496630515,"Зачем, зачем я стреляла? Это ужасно. Бедная моя Донна. Она даже не успела... ничего не успела!","Зачем, зачем я стреляла? Это ужасно. Бедная моя Донна. Она даже не успела... ничего не успела!","Why, why did I shoot? It's horrible. My poor Donna. She didn't even have time... didn't have time to do anything!",manual-reviewed-google,google-draft,jazz-units,373496630515,jazz-units:items.lua:139155
377109261084,Грим,Грим,Makeup,manual-reviewed-google,google-draft,jazz-units,377109261084 | 910000000024 | 910000001029,jazz-units:Code/Mercenary.lua:92 | jazz-units:Code/Legion.lua:26 | jazz-units:Code/Legion.lua:139
380159978333,"Нарисовался, хер сотрешь, мля!","Нарисовался, хер сотрешь, мля!","You've drawn yourself, you'll erase the dick, blah!",manual-reviewed-google,google-draft,jazz-units,380159978333,jazz-units:items.lua:131612
380552164029,"Может быть, эта работа меня бы больше устраивала, если б не эти тихие святоши, вроде Зондергад, которые все знают лучше тебя.","Может быть, эта работа меня бы больше устраивала, если б не эти тихие святоши, вроде Зондергад, которые все знают лучше тебя.","Maybe this job would suit me more if it weren’t for these quiet saints like Sondergad, who know everything better than you.",manual-reviewed-google,google-draft,jazz-units,380552164029,jazz-units:items.lua:116473
381661751402,После такого грохота даже мёртвые встанут... или разлетятся,После такого грохота даже мёртвые встанут... или разлетятся,"After such a roar, even the dead will rise... or fly away",manual-reviewed-google,google-draft,jazz-units,381661751402,jazz-units:items.lua:114899
382077164312,Миллер,Миллер,Miller,manual-reviewed-google,google-draft,jazz-units,382077164312,jazz-units:Code/Mercenary.lua:45
382095716482,Кросс,Кросс,Cross,manual-reviewed-google,google-draft,jazz-units,382095716482,jazz-units:Code/Mercenary.lua:122
389792563855,"Может, мне еще поработать с каменными ножами и медвежьими шкурами? Будь все проклято, я - профессионал!","Может, мне еще поработать с каменными ножами и медвежьими шкурами? Будь все проклято, я - профессионал!","Maybe I should also work with stone knives and bear skins? Damn it all, I'm a professional!",manual-reviewed-google,google-draft,jazz-units,389792563855 | 793481254572,jazz-units:items.lua:116344 | jazz-units:items.lua:116341
390863951465,"Я не могу овладеть ситуацией! Мне надо отсюда вырваться, пока я не потеряла разум!","Я не могу овладеть ситуацией! Мне надо отсюда вырваться, пока я не потеряла разум!",I can't control the situation! I need to get out of here before I lose my mind!,manual-reviewed-google,google-draft,jazz-units,390863951465,jazz-units:items.lua:116325
390899348731,Паук... Горжусь я ей. Способная деваха! ,Паук... Горжусь я ей. Способная деваха! ,Spider... I'm proud of her. Capable girl!,manual-reviewed-google,google-draft,jazz-units,390899348731,jazz-units:items.lua:139984
391984240592,Армейский Спецназ,Армейский Спецназ,Army Special Forces,manual-reviewed-google,google-draft,jazz-units,391984240592 | 701157196231,jazz-units:items.lua:102785 | jazz-units:items.lua:102723
392427068113,Гренадёр,Гренадёр,Grenadier,manual-reviewed-google,google-draft,jazz-units,392427068113 | 947641553708,jazz-units:items.lua:84558 | jazz-units:UnitData/JAZZ_Legion_AssaultT1_Grenadier.lua:22 | jazz-units:items.lua:81277 | jazz-units:UnitData/ThugGrenadier.lua:21
397958642127,Костоправ,Костоправ,Chiropractor,manual-reviewed-google,google-draft,jazz-units,397958642127 | 812831809650,jazz-units:items.lua:85644 | jazz-units:UnitData/JAZZ_Legion_FrontT1_Bonemaker.lua:22 | jazz-units:items.lua:80985 | jazz-units:UnitData/ThugGoon.lua:20
409615372084,Чилл,Чилл,Chill,manual-reviewed-google,google-draft,jazz-units,409615372084,jazz-units:Code/Mercenary.lua:172
410411022674,Назад! Здесь что-то не так!,Назад! Здесь что-то не так!,Back! Something's wrong here!,manual-reviewed-google,google-draft,jazz-units,410411022674,jazz-units:items.lua:115295
416802619051,"Делаю то, что должен.","Делаю то, что должен.",I do what I have to do.,manual-reviewed-google,google-draft,jazz-units,416802619051 | 492856048683,jazz-units:items.lua:115232 | jazz-units:items.lua:115124
420195938142,Что случилось?,Что случилось?,What happened?,manual-reviewed-google,google-draft,jazz-units,420195938142,jazz-units:items.lua:115395
425276899453,Можешь опять на меня расчитывать.,Можешь опять на меня расчитывать.,You can count on me again.,manual-reviewed-google,google-draft,jazz-units,425276899453 | 962451046569,jazz-units:items.lua:116237 | jazz-units:items.lua:116444
427712998155,"Ну да... Как будто мне есть, куда торопиться!","Ну да... Как будто мне есть, куда торопиться!","Well, yes... As if I have anything to hurry about!",manual-reviewed-google,google-draft,jazz-units,427712998155 | 626054332065,jazz-units:items.lua:115996 | jazz-units:items.lua:115972
428218963534,Я бы осталась тут с Рысью еще ненадолго.,Я бы осталась тут с Рысью еще ненадолго.,I would stay here with Lynx for a little while longer.,manual-reviewed-google,google-draft,jazz-units,428218963534,jazz-units:items.lua:115576 | jazz-units:UnitData/Jazz_Buzz.lua:114
442137809523,Бауэр,Бауэр,Bauer,manual-reviewed-google,google-draft,jazz-units,442137809523,jazz-units:Code/Mercenary.lua:87
444688786443,"Я в этом участвовать не буду, да и тебе это на самом деле не нужно. Иначе Рысь - покойник.","Я в этом участвовать не буду, да и тебе это на самом деле не нужно. Иначе Рысь - покойник.","I won't participate in this, and you really don't need it. Otherwise Lynx is a dead man.",manual-reviewed-google,google-draft,jazz-units,444688786443,jazz-units:items.lua:115495 | jazz-units:UnitData/Jazz_Buzz.lua:33
447021467824,"Это было безумно весело, но сейчас мне пора идти домой и настроить мой видак.","Это было безумно весело, но сейчас мне пора идти домой и настроить мой видак.","It was a lot of fun, but now I have to go home and set up my video recorder.",manual-reviewed-google,google-draft,jazz-units,447021467824,jazz-units:items.lua:115761
453307136093,Ну я,Ну я,Well I,manual-reviewed-google,google-draft,jazz-units,453307136093 | 855628401828,jazz-units:items.lua:115951 | jazz-units:items.lua:115741
454886760587,"Возьмите сектор, у меня авария!","Возьмите сектор, у меня авария!","Take the sector, I have an accident!",manual-reviewed-google,google-draft,jazz-units,454886760587,jazz-units:items.lua:131784
455240026604,Это меня взбодрило!,Это меня взбодрило!,This cheered me up!,manual-reviewed-google,google-draft,jazz-units,455240026604,jazz-units:items.lua:116009
462191772251,Сразу удрали. Типичные мужики.,Сразу удрали. Типичные мужики.,They ran away immediately. Typical men.,manual-reviewed-google,google-draft,jazz-units,462191772251,jazz-units:items.lua:115730
463630214662,"Вот идиот! Ему место в рекламе - ""Контролируйте рождаемость""!","Вот идиот! Ему место в рекламе - ""Контролируйте рождаемость""!","What an idiot! He belongs in advertising - ""Control the Birth""!",manual-reviewed-google,google-draft,jazz-units,463630214662 | 748733504828,jazz-units:items.lua:116511 | jazz-units:items.lua:116207
480352270619,"Вижу трафарета. Мать моя святая женщина, ну и рожа!","Вижу трафарета. Мать моя святая женщина, ну и рожа!","I see a stencil. My mother is a holy woman, what a face!",manual-reviewed-google,google-draft,jazz-units,480352270619,jazz-units:items.lua:131334
481771233102,Ну ладно!,Ну ладно!,Okay!,manual-reviewed-google,google-draft,jazz-units,481771233102 | 949418392441 | 981665767122,jazz-units:items.lua:115717 | jazz-units:items.lua:115953 | jazz-units:items.lua:115743
492075631047,Снэйр,Снэйр,Snare,manual-reviewed-google,google-draft,jazz-units,492075631047,jazz-units:Code/Mercenary.lua:137
493164139843,Отсюда надо выбираться! ,Отсюда надо выбираться! ,We need to get out of here!,manual-reviewed-google,google-draft,jazz-units,493164139843 | 935033359195,jazz-units:items.lua:115432 | jazz-units:items.lua:115404
496206738742,Внимание! Здесь каждый шаг может стать последним!,Внимание! Здесь каждый шаг может стать последним!,Attention! Here every step can be your last!,manual-reviewed-google,google-draft,jazz-units,496206738742 | 743479715111,jazz-units:items.lua:116385 | jazz-units:items.lua:116382
496511088531,Доктор Ливси,Доктор Ливси,Dr. Livesey,manual-reviewed-google,google-draft,jazz-units,496511088531,jazz-units:items.lua:114766 | jazz-units:UnitData/Doctor_Leevsy.lua:19
498845146351,Я сделала свою работу. ,Я сделала свою работу. ,I've done my job.,manual-reviewed-google,google-draft,jazz-units,498845146351,jazz-units:items.lua:115752
499121738647,"Отличный выстрел, братан!","Отличный выстрел, братан!","Great shot, bro!",manual-reviewed-google,google-draft,jazz-units,499121738647,jazz-units:items.lua:131689
499758495969,"Отлично, похоже, что все в порядке. Готова к службе!","Отлично, похоже, что все в порядке. Готова к службе!","Great, looks like everything is fine. Ready for service!",manual-reviewed-google,google-draft,jazz-units,499758495969 | 718868776454,jazz-units:items.lua:116152 | jazz-units:UnitData/Jazz_Spider.lua:138 | jazz-units:items.lua:116272
500537214867,"Эх, говорила мне маманя, не ходи в армию...","Эх, говорила мне маманя, не ходи в армию...","Eh, my mother told me, don’t go to the army...",manual-reviewed-google,google-draft,jazz-units,500537214867,jazz-units:items.lua:131444
505750596768,Что-то мне хочется кого-нибудь убить!,Что-то мне хочется кого-нибудь убить!,I kind of want to kill someone!,manual-reviewed-google,google-draft,jazz-units,505750596768,jazz-units:items.lua:115782
506384671724,Очень хорошо! Я с нетерпением жду новых заданий.,Очень хорошо! Я с нетерпением жду новых заданий.,Very good! I'm looking forward to new assignments.,manual-reviewed-google,google-draft,jazz-units,506384671724,jazz-units:items.lua:116162 | jazz-units:UnitData/Jazz_Spider.lua:148
509896041860,"Ну пошли, че.","Ну пошли, че.","Well, let's go, then.",manual-reviewed-google,google-draft,jazz-units,509896041860,jazz-units:items.lua:131641
511604236324,"А ты ведь не верил, что получится, а? ","А ты ведь не верил, что получится, а? ","But you didn’t believe that it would work out, did you?",manual-reviewed-google,google-draft,jazz-units,511604236324 | 700215474496,jazz-units:items.lua:115283 | jazz-units:items.lua:115188
512609438715,"Что? Вики? Вики! Нет! Почему? Почему я убиваю своих друзей? Я не должна никого убивать! Я врач, я должна лечить их, а не убивать! Я не хочу, чтоб они умирали!","Что? Вики? Вики! Нет! Почему? Почему я убиваю своих друзей? Я не должна никого убивать! Я врач, я должна лечить их, а не убивать! Я не хочу, чтоб они умирали!","What? Vicky? Vicky! No! Why? Why do I kill my friends? I shouldn't kill anyone! I'm a doctor, I should treat them, not kill them! I don't want them to die!",manual-reviewed-google,google-draft,jazz-units,512609438715,jazz-units:items.lua:116351
513375237054,Я бы лучше прикончила Рысь!,Я бы лучше прикончила Рысь!,I'd rather finish off Lynx!,manual-reviewed-google,google-draft,jazz-units,513375237054,jazz-units:items.lua:115889
513995264753,"Смотри сюда, анчоус, щас вылетит бомбочка!","Смотри сюда, анчоус, щас вылетит бомбочка!","Look here, anchovy, a bomb is about to fly out!",manual-reviewed-google,google-draft,jazz-units,513995264753,jazz-units:items.lua:131412
514802376195,Готье,Готье,Gautier,manual-reviewed-google,google-draft,jazz-units,514802376195,jazz-units:Code/Mercenary.lua:69
516488153182,"Нет, для меня это слишком сложно. Похоже, этого вообще нельзя сделать.","Нет, для меня это слишком сложно. Похоже, этого вообще нельзя сделать.","No, it's too difficult for me. It looks like this can't be done at all.",manual-reviewed-google,google-draft,jazz-units,516488153182,jazz-units:items.lua:116216
517772094687,Ладно... я так думаю.,Ладно... я так думаю.,Okay... I think so.,manual-reviewed-google,google-draft,jazz-units,517772094687,jazz-units:items.lua:115624 | jazz-units:UnitData/Jazz_Buzz.lua:162
521607646039,Элитный Тяжелый Штурмовик,Элитный Тяжелый Штурмовик,Elite Heavy Assault,manual-reviewed-google,google-draft,jazz-units,521607646039,jazz-units:items.lua:90639 | jazz-units:UnitData/AdonisAssault_Elite.lua:20
522049693201,Это слишком трудно - даже для меня.,Это слишком трудно - даже для меня.,It's too difficult - even for me.,manual-reviewed-google,google-draft,jazz-units,522049693201,jazz-units:items.lua:115131
523409377317,"Я в принципе не имею ничего против женщин, особенно - матерей, если не считать того, что они, подчас, рожают мужчин","Я в принципе не имею ничего против женщин, особенно - матерей, если не считать того, что они, подчас, рожают мужчин","In principle, I have nothing against women, especially mothers, except for the fact that they sometimes give birth to men",manual-reviewed-google,google-draft,jazz-units,523409377317,jazz-units:items.lua:115934
530027855207,Со мной все в порядке. Только злить меня не надо!,Со мной все в порядке. Только злить меня не надо!,I'm fine. Just don't make me angry!,manual-reviewed-google,google-draft,jazz-units,530027855207 | 824514235621 | 900864449153,jazz-units:items.lua:115710 | jazz-units:items.lua:115720 | jazz-units:items.lua:115737
530213193898,Армейский взвод,Армейский взвод,Army platoon,manual-reviewed-google,google-draft,jazz-units,530213193898 | 879717894619,jazz-units:items.lua:103247 | jazz-units:items.lua:103142
538817396599,"Жирафьи выблядки. Лезут со всех щелей, как тараканы, мля.","Жирафьи выблядки. Лезут со всех щелей, как тараканы, мля.","Giraffe bastards. They crawl out of all the cracks like cockroaches, blah.",manual-reviewed-google,google-draft,jazz-units,538817396599,jazz-units:items.lua:131720
543496909776,"Честно говоря, мне это все не очень нравится, но в команде - доктор  Хьюстон, Паук. Она - то, что надо! Так что я согласна.","Честно говоря, мне это все не очень нравится, но в команде - доктор  Хьюстон, Паук. Она - то, что надо! Так что я согласна.","To be honest, I don't really like it all, but Dr. Houston, Spider, is on the team. She is what you need! So I agree.",manual-reviewed-google,google-draft,jazz-units,543496909776,jazz-units:items.lua:134679 | jazz-units:UnitData/Raven.lua:92
544193872670,Блэк,Блэк,Black,manual-reviewed-google,google-draft,jazz-units,544193872670 | 910000000007 | 910000001034 | 910000001086,jazz-units:Code/Mercenary.lua:97 | jazz-units:Code/Legion.lua:9 | jazz-units:Code/Legion.lua:144 | jazz-units:Code/Legion.lua:196
550719634985,"Винтовку заело - не пойму, с чего!","Винтовку заело - не пойму, с чего!",The rifle jammed - I don’t understand why!,manual-reviewed-google,google-draft,jazz-units,550719634985,jazz-units:items.lua:115453
552549279859,"Погнали, пацаны!","Погнали, пацаны!","Let's go, boys!",manual-reviewed-google,google-draft,jazz-units,552549279859,jazz-units:items.lua:131471
552827378950,Закрыто!,Закрыто!,Closed!,manual-reviewed-google,google-draft,jazz-units,552827378950 | 872315773096,jazz-units:items.lua:115209 | jazz-units:items.lua:116293
555123787114,Животные... В этих джунглях даже звери хотят нас убить,Животные... В этих джунглях даже звери хотят нас убить,"Animals... In this jungle, even the animals want to kill us",manual-reviewed-google,google-draft,jazz-units,555123787114,jazz-units:items.lua:114866
556968077117,Кровь. Хорошо хоть прививку от столбняка сделала!,Кровь. Хорошо хоть прививку от столбняка сделала!,Blood. It’s good that you at least got a tetanus shot!,manual-reviewed-google,google-draft,jazz-units,556968077117,jazz-units:items.lua:116550
567246704413,ПИЛОТ,ПИЛОТ,PILOT,manual-reviewed-google,google-draft,jazz-units,567246704413,jazz-units:items.lua:114822 | jazz-units:UnitData/Merc_BarrySeal.lua:25
567757791660,"Не думаю, что мы нашли их всех.","Не думаю, что мы нашли их всех.",I don't think we found them all.,manual-reviewed-google,google-draft,jazz-units,567757791660,jazz-units:items.lua:116244
569935050433,"Похоже, мой контракт почти закончен. Поговорим о продлении, или мне подумать о другой работе?","Похоже, мой контракт почти закончен. Поговорим о продлении, или мне подумать о другой работе?","Looks like my contract is almost over. Shall we talk about an extension, or should I think about another job?",manual-reviewed-google,google-draft,jazz-units,569935050433,jazz-units:items.lua:116157 | jazz-units:UnitData/Jazz_Spider.lua:143
570532255961,Меня прозвали Рысью не за красивые глаза.,Меня прозвали Рысью не за красивые глаза.,They didn't call me Lynx because of my beautiful eyes.,manual-reviewed-google,google-draft,jazz-units,570532255961,jazz-units:items.lua:115317
571545929877,Куда ты меня послал?,Куда ты меня послал?,Where did you send me?,manual-reviewed-google,google-draft,jazz-units,571545929877,jazz-units:items.lua:131642
574365442620,"Ого, да от такой вони может и протащить! Никому не чиркать спичками!","Ого, да от такой вони может и протащить! Никому не чиркать спичками!","Wow, such a stench can get you through! Don't strike matches for anyone!",manual-reviewed-google,google-draft,jazz-units,574365442620,jazz-units:items.lua:115429
577012002969,Слишком большая потеря крови! Сейчас будет шок!,Слишком большая потеря крови! Сейчас будет шок!,Too much blood loss! Now there will be a shock!,manual-reviewed-google,google-draft,jazz-units,577012002969,jazz-units:items.lua:116296
581619355853,"Кончил, мля. Гы-гы.","Кончил, мля. Гы-гы.","Finished, fuck. Gee-gee.",manual-reviewed-google,google-draft,jazz-units,581619355853,jazz-units:items.lua:131618
582640190015,Нэш,Нэш,Nash,manual-reviewed-google,google-draft,jazz-units,582640190015,jazz-units:Code/Mercenary.lua:52
583874080532,"Вы с Роном были как сиамские близнецы, Шарлин. Представить невозможно, что один из вас сможет обходиться без другого. Прощай, Шарлин.","Вы с Роном были как сиамские близнецы, Шарлин. Представить невозможно, что один из вас сможет обходиться без другого. Прощай, Шарлин.","You and Ron were like Siamese twins, Charlene. It is impossible to imagine that one of you can do without the other. Goodbye Charlene.",manual-reviewed-google,google-draft,jazz-units,583874080532,jazz-units:items.lua:116284
589107264310,Бореал,Бореал,Boreal,manual-reviewed-google,google-draft,jazz-units,589107264310,jazz-units:Code/Mercenary.lua:176
589735084653,"Эрни родился в одном из портовых городов на востоке США. Как и все остальные пацаны с района, он играл в стритбол, мечтая когда-нибудь выйти на корт за главную команду Сент-Луиса. Был членом молодежной банды своего района, несколько раз задерживался полицией, но натворить больших бед не успел. Повзрослев, вступил в армию США, так как посчитал, что служба станет для него отличным социальным лифтом. После учебки служил сапером в морской пехоте, так что отлично владеет навыками минного дела. При выполнении одного из заданий, о которых не рассказывают дома, получил ранение. Был эвакуирован, а после курса реабилитации и вовсе вышел в отставку. Через какое-то время примкнул к AIM, чему Организация несказанно рада. На должности сапера обычно очень высокая текучка кадров. Не скрывает, что пришел в Организацию за деньгами, так что держите карман шире.","Эрни родился в одном из портовых городов на востоке США. Как и все остальные пацаны с района, он играл в стритбол, мечтая когда-нибудь выйти на корт за главную команду Сент-Луиса. Был членом молодежной банды своего района, несколько раз задерживался полицией, но натворить больших бед не успел. Повзрослев, вступил в армию США, так как посчитал, что служба станет для него отличным социальным лифтом. После учебки служил сапером в морской пехоте, так что отлично владеет навыками минного дела. При выполнении одного из заданий, о которых не рассказывают дома, получил ранение. Был эвакуирован, а после курса реабилитации и вовсе вышел в отставку. Через какое-то время примкнул к AIM, чему Организация несказанно рада. На должности сапера обычно очень высокая текучка кадров. Не скрывает, что пришел в Организацию за деньгами, так что держите карман шире.","Ernie was born in one of the port cities in the eastern United States. Like all the other kids from the area, he played streetball, dreaming of one day playing on the court for the main St. Louis team. He was a member of a youth gang in his area, was detained by the police several times, but did not manage to cause any big trouble. Having matured, he joined the US Army, as he believed that the service would be an excellent social lift for him. After training, he served as a sapper in the Marine Corps, so he has excellent mine skills. While performing one of the tasks that they don’t talk about at home, he was injured. He was evacuated, and after a course of rehabilitation he retired altogether. After some time, he joined AIM, which the Organization is incredibly happy about. Sapper positions typically have a very high turnover rate. He doesn’t hide the fact that he came to the Organization for money, so keep your pockets wider.",manual-reviewed-google,google-draft,jazz-units,589735084653,jazz-units:items.lua:131195 | jazz-units:UnitData/JAZZ_Merc_Spouke.lua:24
590235542352,Рысь,Рысь,Lynx,manual-reviewed-google,google-draft,jazz-units,590235542352,jazz-units:items.lua:114931
602782802811,Пулемётчик,Пулемётчик,Heavy,manual-reviewed-google,google-draft,jazz-units,602782802811,jazz-units:items.lua:87595 | jazz-units:UnitData/JAZZ_Legion_GunnerT2_GMPG.lua:21
604674102021,Готов.,Готов.,Ready.,manual-reviewed-google,google-draft,jazz-units,604674102021 | 890000000006435 | 890000000007025 | 890000000007087 | 890000000007149 | 890000000007211 | 890000000007273 | 890000000007335 | 890000000007397 | 890000000007459 | 890000000007521 | 890000000007583 | 890000000007707 | 890000000007769 | 890000000007955 | 890000000008017 | 890000000008079 | 890000000008203 | 890000000008327 | 890000000008390 | 890000000008452 | 890000000008514 | 890000000008576 | 890000000008638 | 890000000008700 | 890000000008762 | 890000000008824 | 890000000008886 | 890000000008948 | 890000000009010 | 890000000009845 | 890000000009858 | 890000000010239,jazz-units:items.lua:115178 | jazz-units:items.lua:128389 | jazz-units:items.lua:121215 | jazz-units:items.lua:117223 | jazz-units:items.lua:126372 | jazz-units:items.lua:127896 | jazz-units:items.lua:118599 | jazz-units:items.lua:126716 | jazz-units:items.lua:122247 | jazz-units:items.lua:128143 | jazz-units:items.lua:117908 | jazz-units:items.lua:123206 | jazz-units:items.lua:121898 | jazz-units:items.lua:122901 | jazz-units:items.lua:126025 | jazz-units:items.lua:128884 | jazz-units:items.lua:127028 | jazz-units:items.lua:117566 | jazz-units:items.lua:118229 | jazz-units:items.lua:124264 | jazz-units:items.lua:127649 | jazz-units:items.lua:122589 | jazz-units:items.lua:121550 | jazz-units:items.lua:120510 | jazz-units:items.lua:127402 | jazz-units:items.lua:120176 | jazz-units:items.lua:128390 | jazz-units:items.lua:125713 | jazz-units:items.lua:120864 | jazz-units:items.lua:128637 | jazz-units:items.lua:129696 | jazz-units:items.lua:129735 | jazz-units:items.lua:118921
616450986509,"Пойди, умойся. Я ногти крашу.","Пойди, умойся. Я ногти крашу.",Go wash yourself. I paint my nails.,manual-reviewed-google,google-draft,jazz-units,616450986509,jazz-units:items.lua:115904
617254997265,Приказывай Босс,Приказывай Босс,Order Boss,manual-reviewed-google,google-draft,jazz-units,617254997265,jazz-units:items.lua:114887
619763824975,"Не парься, сестра, я тя и в пушках и в движках прикрою! ","Не парься, сестра, я тя и в пушках и в движках прикрою! ","Don’t worry, sister, I’ll cover you in both guns and engines!",manual-reviewed-google,google-draft,jazz-units,619763824975,jazz-units:items.lua:139924
620648651508,Дозорный,Дозорный,Sentinel,manual-reviewed-google,google-draft,jazz-units,620648651508,jazz-units:items.lua:86674 | jazz-units:UnitData/JAZZ_Legion_FlankerT1_Warden.lua:20
624911492248,"Я бы предложил тебе присмотреться к Айсу Вильямсу. Он - парень, что надо.","Я бы предложил тебе присмотреться к Айсу Вильямсу. Он - парень, что надо.",I would suggest you take a closer look at Ice Williams. He's the guy you need.,manual-reviewed-google,google-draft,jazz-units,624911492248,jazz-units:items.lua:115032
625064533501,Капитан,Капитан,Captain,manual-reviewed-google,google-draft,jazz-units,625064533501,jazz-units:items.lua:90160 | jazz-units:UnitData/ArmyCommander.lua:20
628646186230,"Есть, начальник! ","Есть, начальник! ","Yes, boss!",manual-reviewed-google,google-draft,jazz-units,628646186230,jazz-units:items.lua:115230
630854748822,Ладно!,Ладно!,Okay!,manual-reviewed-google,google-draft,jazz-units,630854748822 | 979155326648,jazz-units:items.lua:116492 | jazz-units:items.lua:116253
632915371810,Меня мутит.,Меня мутит.,I feel sick.,manual-reviewed-google,google-draft,jazz-units,632915371810,jazz-units:items.lua:116290
633924799191,Окей,Окей,Okay,manual-reviewed-google,google-draft,jazz-units,633924799191,jazz-units:items.lua:115352
635669226459,"Всякий раз, как скажешь себе: ""Вот он, предел падения человека!"" - обязательно окажешься в компании вроде этой.","Всякий раз, как скажешь себе: ""Вот он, предел падения человека!"" - обязательно окажешься в компании вроде этой.",Every time you say to yourself: “This is the limit of man’s fall!” - you will definitely find yourself in a company like this.,manual-reviewed-google,google-draft,jazz-units,635669226459,jazz-units:items.lua:116311
635701368585,"Заживает, как на... на волке, во!","Заживает, как на... на волке, во!","Heals like... like a wolf, wow!",manual-reviewed-google,google-draft,jazz-units,635701368585,jazz-units:items.lua:131476
635898925775,"Я только уверяюсь в своем расположении к фройляин Паук. Она такая женщина, такая женщина!","Я только уверяюсь в своем расположении к фройляин Паук. Она такая женщина, такая женщина!","I am only assuring myself of my affection for Fraulein Spider. She is such a woman, such a woman!",manual-reviewed-google,google-draft,jazz-units,635898925775,jazz-units:items.lua:139621
638419002772,"Звери - это ещё полбеды. Хуже, когда они ведут за собой охотников","Звери - это ещё полбеды. Хуже, когда они ведут за собой охотников",Animals are not so bad. It's worse when they lead hunters,manual-reviewed-google,google-draft,jazz-units,638419002772,jazz-units:items.lua:114868
646522112366,"О, господи, еще одно СУЩЕСТВО.","О, господи, еще одно СУЩЕСТВО.","Oh my god, another CREATURE.",manual-reviewed-google,google-draft,jazz-units,646522112366,jazz-units:items.lua:116227
653174142416,Красный! Не могу стрелять!,Красный! Не могу стрелять!,Red! I can't shoot!,manual-reviewed-google,google-draft,jazz-units,653174142416,jazz-units:items.lua:131603
655003570544,Дьявол!,Дьявол!,Devil!,manual-reviewed-google,google-draft,jazz-units,655003570544 | 851001397582,jazz-units:items.lua:115426 | jazz-units:items.lua:115143
661177876993,"Ты чо, тявкалку замкни свою, тухлятиной тащит.","Ты чо, тявкалку замкни свою, тухлятиной тащит.","Why, shut up your yapper, he's carrying rotten meat.",manual-reviewed-google,google-draft,jazz-units,661177876993,jazz-units:items.lua:131357
662960700376,Задержка!,Задержка!,Delay!,manual-reviewed-google,google-draft,jazz-units,662960700376,jazz-units:items.lua:131783
669174238474,"Я слишком занята. Обязательно позвоните мне, когда выясните для себя, что вам, собственно, нужно.","Я слишком занята. Обязательно позвоните мне, когда выясните для себя, что вам, собственно, нужно.",I'm too busy. Be sure to call me when you figure out for yourself what you actually need.,manual-reviewed-google,google-draft,jazz-units,669174238474,jazz-units:items.lua:116147 | jazz-units:UnitData/Jazz_Spider.lua:133
672319054709,Скоуп,Скоуп,Scope,manual-reviewed-google,google-draft,jazz-units,672319054709,jazz-units:Code/Mercenary.lua:169
673665649440,"Не пойму, почему мужчинам так нравятся подобные занятия... убивать, чесаться, блевать, все в таком роде.","Не пойму, почему мужчинам так нравятся подобные занятия... убивать, чесаться, блевать, все в таком роде.","I don't understand why men like things like this so much... killing, scratching, vomiting, all that kind of stuff.",manual-reviewed-google,google-draft,jazz-units,673665649440,jazz-units:items.lua:116479
675165000259,Двигаю туда.,Двигаю туда.,I'm moving there.,manual-reviewed-google,google-draft,jazz-units,675165000259,jazz-units:items.lua:131644
675951925750,Рискуем нарваться!,Рискуем нарваться!,We risk getting into trouble!,manual-reviewed-google,google-draft,jazz-units,675951925750,jazz-units:items.lua:115330
676253179204,Есть контакт!,Есть контакт!,There is contact!,manual-reviewed-google,google-draft,jazz-units,676253179204,jazz-units:items.lua:115882
676271731652,"От жирафа слышу, мля.","От жирафа слышу, мля.","I hear it from a giraffe, blah.",manual-reviewed-google,google-draft,jazz-units,676271731652,jazz-units:items.lua:131610
686980301418,Голяк!,Голяк!,Golyak!,manual-reviewed-google,google-draft,jazz-units,686980301418,jazz-units:items.lua:115835
695881945070,"Враги, находящиеся в радиусе 5 клеток впадают в панику или бешенство при виде Надвигающегося Урагана ""Норма"". Зависит от уровня мудрости противника.","Враги, находящиеся в радиусе 5 клеток впадают в панику или бешенство при виде Надвигающегося Урагана ""Норма"". Зависит от уровня мудрости противника.","Enemies within a 5 tile radius become panicked or frantic at the sight of the Impending Hurricane ""Norma"". Depends on the enemy's wisdom level.",manual-reviewed-google,google-draft,jazz-units,695881945070,jazz-units:CharacterEffect/VengefulTemperament.lua:28 | jazz-units:items.lua:143288
697319055735,Хм?,Хм?,Hmm?,manual-reviewed-google,google-draft,jazz-units,697319055735,jazz-units:items.lua:131716
698036404720,"Рыси мне будет не хватать. Он мою задницу всегда прикрывал, когда приходилось тяжело.","Рыси мне будет не хватать. Он мою задницу всегда прикрывал, когда приходилось тяжело.",I will miss Lynx. He always covered my ass when things got tough.,manual-reviewed-google,google-draft,jazz-units,698036404720,jazz-units:items.lua:140157
698749684781,"Окей, я в твоем распоряжении.","Окей, я в твоем распоряжении.","Okay, I'm at your disposal.",manual-reviewed-google,google-draft,jazz-units,698749684781,jazz-units:items.lua:115064
704121565760,"Это был большой заброд, и работы полно, но я бы взялся за нее опять, не задумываясь.","Это был большой заброд, и работы полно, но я бы взялся за нее опять, не задумываясь.","It was a big wade and a lot of work, but I would take it up again without a second thought.",manual-reviewed-google,google-draft,jazz-units,704121565760,jazz-units:items.lua:115156
706193284510,Вайс,Вайс,Weiss,manual-reviewed-google,google-draft,jazz-units,706193284510,jazz-units:Code/Mercenary.lua:83
707700625892,"Если мы не найдём транспорт, я начну смотреть на деревья как на посадочные площадки","Если мы не найдём транспорт, я начну смотреть на деревья как на посадочные площадки","If we don't find transportation, I'll start looking at trees as landing sites.",manual-reviewed-google,google-draft,jazz-units,707700625892,jazz-units:items.lua:114888
708253621531,"Тоски Гарно сейчас нет. Скажите, что нужно. Учтите, что все лица мужского пола успеют сто раз умереть, прежде чем я им перезвоню.","Тоски Гарно сейчас нет. Скажите, что нужно. Учтите, что все лица мужского пола успеют сто раз умереть, прежде чем я им перезвоню.",Tosca Garneau is gone now. Tell me what you need. Please note that all males will have died a hundred times before I call them back.,manual-reviewed-google,google-draft,jazz-units,708253621531,jazz-units:items.lua:115604 | jazz-units:UnitData/Jazz_Buzz.lua:142
709375641547,А!,А!,Ah!,manual-reviewed-google,google-draft,jazz-units,709375641547 | 971124630882,jazz-units:items.lua:115920 | jazz-units:items.lua:116460
711938205471,Фрост,Фрост,Frost,manual-reviewed-google,google-draft,jazz-units,711938205471 | 910000000012 | 910000001025,jazz-units:Code/Mercenary.lua:93 | jazz-units:Code/Legion.lua:14 | jazz-units:Code/Legion.lua:135
715959020275,"Фартануло, мля!","Фартануло, мля!","Fartanulo, blah!",manual-reviewed-google,google-draft,jazz-units,715959020275,jazz-units:items.lua:131773
717331783376,Капитан Альварез,Капитан Альварез,Captain Alvarez,manual-reviewed-google,google-draft,jazz-units,717331783376,jazz-units:items.lua:90412 | jazz-units:UnitData/Adonis_CaptainAlvarez_Immortal.lua:21
718550717511,"Что-то вы быстро кончились, анчоусы.","Что-то вы быстро кончились, анчоусы.",You ran out of anchovies quickly.,manual-reviewed-google,google-draft,jazz-units,718550717511,jazz-units:items.lua:131387
719837811947,"Понатыкали тут, тьфу, ни ума, ни фантазии.","Понатыкали тут, тьфу, ни ума, ни фантазии.","We stumbled here, ugh, no intelligence, no imagination.",manual-reviewed-google,google-draft,jazz-units,719837811947,jazz-units:items.lua:131569
728895856636,Боль,Боль,Pain,manual-reviewed-google,google-draft,jazz-units,728895856636,jazz-units:items.lua:131661
731775310376,"Пришли за Эрни мюсли, походу....","Пришли за Эрни мюсли, походу....","They came for Ernie's muesli, I guess...",manual-reviewed-google,google-draft,jazz-units,731775310376,jazz-units:items.lua:131443
733950549374,"Так, ничо на мне не брякает?","Так, ничо на мне не брякает?","So, nothing rings a bell on me?",manual-reviewed-google,google-draft,jazz-units,733950549374,jazz-units:items.lua:131367
737045544313,"Одно из приятных качеств этой работы - то, что успеваешь встретить столько интересных людей.","Одно из приятных качеств этой работы - то, что успеваешь встретить столько интересных людей.",One of the nice things about this job is that you get to meet so many interesting people.,manual-reviewed-google,google-draft,jazz-units,737045544313 | 841186112527,jazz-units:items.lua:116318 | jazz-units:items.lua:116476
739021548316,Линкс,Линкс,Links,manual-reviewed-google,google-draft,jazz-units,739021548316,jazz-units:Code/Mercenary.lua:147
739631325325,"Не такой я снайпер, чтобы туда попасть.","Не такой я снайпер, чтобы туда попасть.",I'm not the kind of sniper to get there.,manual-reviewed-google,google-draft,jazz-units,739631325325,jazz-units:items.lua:116217
749205187641,Дюваль,Дюваль,Duval,manual-reviewed-google,google-draft,jazz-units,749205187641,jazz-units:Code/Mercenary.lua:67
749486825928,"Ураган ""Норма""","Ураган ""Норма""",Hurricane Norma,manual-reviewed-google,google-draft,jazz-units,749486825928,jazz-units:items.lua:143132
752313157557,Джек,Джек,Jack,manual-reviewed-google,google-draft,jazz-units,752313157557,jazz-units:Code/Mercenary.lua:3
752313157562,Скотт,Скотт,Scott,manual-reviewed-google,google-draft,jazz-units,752313157562,jazz-units:Code/Mercenary.lua:8
752313157568,Дилан,Дилан,Dylan,manual-reviewed-google,google-draft,jazz-units,752313157568,jazz-units:Code/Mercenary.lua:14
752313157569,Грег,Грег,Greg,manual-reviewed-google,google-draft,jazz-units,752313157569,jazz-units:Code/Mercenary.lua:15
752313157570,Рик,Рик,Rick,manual-reviewed-google,google-draft,jazz-units,752313157570,jazz-units:Code/Mercenary.lua:16
752313157574,Дин,Дин,Dean,manual-reviewed-google,google-draft,jazz-units,752313157574,jazz-units:Code/Mercenary.lua:20
752313157579,Реми,Реми,Remy,manual-reviewed-google,google-draft,jazz-units,752313157579,jazz-units:Code/Mercenary.lua:25
752313157581,Гийом,Гийом,Guillaume,manual-reviewed-google,google-draft,jazz-units,752313157581,jazz-units:Code/Mercenary.lua:27
752313157582,Патрис,Патрис,Patrice,manual-reviewed-google,google-draft,jazz-units,752313157582,jazz-units:Code/Mercenary.lua:28
752313157589,Отто,Отто,Otto,manual-reviewed-google,google-draft,jazz-units,752313157589,jazz-units:Code/Mercenary.lua:35
752313157590,Петер,Петер,Peter,manual-reviewed-google,google-draft,jazz-units,752313157590,jazz-units:Code/Mercenary.lua:36
752313157593,Хельмут,Хельмут,Hellmut,manual-reviewed-google,google-draft,jazz-units,752313157593,jazz-units:Code/Mercenary.lua:39
752313157595,Франц,Франц,Franz,manual-reviewed-google,google-draft,jazz-units,752313157595,jazz-units:Code/Mercenary.lua:41
752385006330,"Может, я и выберусь отсюда живым. Может, выиграю эту лотерею. Думаю, шансы примерно одинаковые.","Может, я и выберусь отсюда живым. Может, выиграю эту лотерею. Думаю, шансы примерно одинаковые.",Maybe I'll get out of here alive. Maybe I'll win this lottery. I think the chances are about the same.,manual-reviewed-google,google-draft,jazz-units,752385006330,jazz-units:items.lua:115238
756097259155,"Забьемся, этого на гранату посажу!","Забьемся, этого на гранату посажу!","Let's kill ourselves, I'll put this one on a grenade!",manual-reviewed-google,google-draft,jazz-units,756097259155,jazz-units:items.lua:131611
756723481269,"Все видели? Учитесь, мля, пока я жив!","Все видели? Учитесь, мля, пока я жив!","Have you all seen it? Study, fuck, while I'm alive!",manual-reviewed-google,google-draft,jazz-units,756723481269,jazz-units:items.lua:131630
756727231524,Что за черт? И сколько у нас шансов завалить такого?,Что за черт? И сколько у нас шансов завалить такого?,What the hell? And how many chances do we have of killing this one?,manual-reviewed-google,google-draft,jazz-units,756727231524,jazz-units:items.lua:115142
756841694440,Капрал,Капрал,Corporal,manual-reviewed-google,google-draft,jazz-units,756841694440,jazz-units:items.lua:90949 | jazz-units:UnitData/AdonisSquadLeader_Corporal.lua:20
763366416906,"Сеструха, я тя люблю и все такое, но убери свою пушку с моей спины!","Сеструха, я тя люблю и все такое, но убери свою пушку с моей спины!","Sister, I love you and all that, but get your gun off my back!",manual-reviewed-google,google-draft,jazz-units,763366416906,jazz-units:items.lua:139822
764285098369,Не поднимай неподъемное!,Не поднимай неподъемное!,Don't lift things that can't be lifted!,manual-reviewed-google,google-draft,jazz-units,764285098369,jazz-units:items.lua:131534
765470374054,Штурмовик,Штурмовик,Stormtrooper,manual-reviewed-google,google-draft,jazz-units,765470374054 | 890000000000098,jazz-units:items.lua:81073 | jazz-units:UnitData/ThugGoon_Stronger.lua:20 | jazz-units:items.lua:84940 | jazz-units:UnitData/JAZZ_Legion_AssaultT2_ShockTrooper.lua:22
777803846373,Хреново! Патроны закончились!,Хреново! Патроны закончились!,It sucks! Ammo out!,manual-reviewed-google,google-draft,jazz-units,777803846373,jazz-units:items.lua:131600
778042684795,"Эти твари даже пахнут, как пахнет Рысь - особенно утром.","Эти твари даже пахнут, как пахнет Рысь - особенно утром.",These creatures even smell like Lynx - especially in the morning.,manual-reviewed-google,google-draft,jazz-units,778042684795,jazz-units:items.lua:115892
780475734638,"Ох, будь оно неладно! ","Ох, будь оно неладно! ","Oh, damn it!",manual-reviewed-google,google-draft,jazz-units,780475734638,jazz-units:items.lua:115328
784674819954,"Интересно, каково держать такую тварь дома!","Интересно, каково держать такую тварь дома!",I wonder what it's like to keep such a creature at home!,manual-reviewed-google,google-draft,jazz-units,784674819954,jazz-units:items.lua:115707
786568878374,"Ага, конечно. Как будто ты имеешь хоть малейшее представление о том, что делаешь! Иди, проветрись!","Ага, конечно. Как будто ты имеешь хоть малейшее представление о том, что делаешь! Иди, проветрись!","Yeah, of course. As if you have the slightest idea what you're doing! Go get some air!",manual-reviewed-google,google-draft,jazz-units,786568878374,jazz-units:items.lua:115509 | jazz-units:UnitData/Jazz_Buzz.lua:47
789084104079,"Брателло, я лучше ему пластика в карман подкину, вот это верняк будет.","Брателло, я лучше ему пластика в карман подкину, вот это верняк будет.","Bratello, I’d better throw some plastic in his pocket, that’s a sure thing.",manual-reviewed-google,google-draft,jazz-units,789084104079,jazz-units:items.lua:131343
791079197040,Что-нибудь еще? ,Что-нибудь еще? ,Anything else?,manual-reviewed-google,google-draft,jazz-units,791079197040 | 911767416640,jazz-units:items.lua:115231 | jazz-units:items.lua:115116
793278321472,Так! Я это сделала. Теперь что?,Так! Я это сделала. Теперь что?,Yes! I did it. Now what?,manual-reviewed-google,google-draft,jazz-units,793278321472 | 914296644319,jazz-units:items.lua:115681 | jazz-units:items.lua:115943
796542264805,"Зверь, а не девчонка!","Зверь, а не девчонка!","A beast, not a girl!",manual-reviewed-google,google-draft,jazz-units,796542264805,jazz-units:items.lua:139264
802741395103,Блю,Блю,Blue,manual-reviewed-google,google-draft,jazz-units,802741395103,jazz-units:Code/Mercenary.lua:179
802843216260,И это назвают - близко?,И это назвают - близко?,And they call it close?,manual-reviewed-google,google-draft,jazz-units,802843216260,jazz-units:items.lua:115859
805863336928,Отлично. Я здесь.,Отлично. Я здесь.,Great. I'm here.,manual-reviewed-google,google-draft,jazz-units,805863336928,jazz-units:items.lua:115391
807341295104,Фордж,Фордж,Forge,manual-reviewed-google,google-draft,jazz-units,807341295104,jazz-units:Code/Mercenary.lua:142
811698369039,"Таак, мы на месте. Чо нам тут, собственно, надо?","Таак, мы на месте. Чо нам тут, собственно, надо?","So, we're there. What do we actually need here?",manual-reviewed-google,google-draft,jazz-units,811698369039,jazz-units:items.lua:131693
815923858149,"Слушай, я люблю рисковать - в разумных пределах. Подписать контракт с тобой это все равно, что подписать себе смертный приговор.","Слушай, я люблю рисковать - в разумных пределах. Подписать контракт с тобой это все равно, что подписать себе смертный приговор.","Look, I like to take risks - within reason. Signing a contract with you is like signing your own death warrant.",manual-reviewed-google,google-draft,jazz-units,815923858149,jazz-units:items.lua:114942
821577436872,Отвали!,Отвали!,Fuck off!,manual-reviewed-google,google-draft,jazz-units,821577436872 | 930148900953,jazz-units:items.lua:115875 | jazz-units:items.lua:115886
830194576283,Рид,Рид,Reed,manual-reviewed-google,google-draft,jazz-units,830194576283,jazz-units:Code/Mercenary.lua:51
832833228822,"Отлично! Сейчас будет весело! В этом секторе есть, с кем поиграть!","Отлично! Сейчас будет весело! В этом секторе есть, с кем поиграть!",Great! Now it's going to be fun! There is plenty to play with in this sector!,manual-reviewed-google,google-draft,jazz-units,832833228822,jazz-units:items.lua:115749
838774264495,"Значит, так? Хорошо. Ну что же, если вы считаете, что так надо... Уверена, что скоро вы опять ко мне обратитесь.","Значит, так? Хорошо. Ну что же, если вы считаете, что так надо... Уверена, что скоро вы опять ко мне обратитесь.","So that's it? Fine. Well, if you think that this is necessary... I am sure that you will contact me again soon.",manual-reviewed-google,google-draft,jazz-units,838774264495,jazz-units:items.lua:116278
842561919315,"Он может считать, что ему повезло... Я его убивать не стану.","Он может считать, что ему повезло... Я его убивать не стану.",He can consider himself lucky... I won't kill him.,manual-reviewed-google,google-draft,jazz-units,842561919315,jazz-units:items.lua:115937
859250526123,"Стычка, считай, обеспечена. ","Стычка, считай, обеспечена. ","Consider it a clash, guaranteed.",manual-reviewed-google,google-draft,jazz-units,859250526123,jazz-units:items.lua:115327
859850047462,Чужаки,Чужаки,Strangers,manual-reviewed-google,google-draft,jazz-units,859850047462,jazz-units:items.lua:116417
874125639054,Клей,Клей,Glue,manual-reviewed-google,google-draft,jazz-units,874125639054 | 910000001209 | 910000002120,jazz-units:Code/Mercenary.lua:60 | jazz-units:Code/Legion.lua:319 | jazz-units:Code/Legion.lua:487
875234609175,Дитрих,Дитрих,Dietrich,manual-reviewed-google,google-draft,jazz-units,875234609175,jazz-units:Code/Mercenary.lua:86
879205649936,"Слушай, я ведь от времени моложе не делаюсь!","Слушай, я ведь от времени моложе не делаюсь!","Listen, I’m not getting any younger with time!",manual-reviewed-google,google-draft,jazz-units,879205649936 | 958337909144,jazz-units:items.lua:115054 | jazz-units:items.lua:115245
882031167871,"Ух, мля. Я это, пробитый чутка! Да не, в смысле - ранен! Да не в жопу, мля!","Ух, мля. Я это, пробитый чутка! Да не, в смысле - ранен! Да не в жопу, мля!","Wow, blah. I'm a bit of a nerd! No, I mean - wounded! Don't fuck me, blah!",manual-reviewed-google,google-draft,jazz-units,882031167871,jazz-units:items.lua:131790
887878273045,пыхтелка,пыхтелка,puff,manual-reviewed-google,google-draft,jazz-units,887878273045 | 983380107265,jazz-units:items.lua:115800 | jazz-units:items.lua:115799
889064631541,"Может, вам стоит уделить больше внимания стрелковой подготовке, фройляйн Паук. По правде говоря, нам обоим стоит.","Может, вам стоит уделить больше внимания стрелковой подготовке, фройляйн Паук. По правде говоря, нам обоим стоит.","Perhaps you should pay more attention to your marksmanship training, Fräulein Spider. Truth be told, we both should.",manual-reviewed-google,google-draft,jazz-units,889064631541,jazz-units:items.lua:139558
890271346195,Эрроу,Эрроу,Arrow,manual-reviewed-google,google-draft,jazz-units,890271346195,jazz-units:Code/Mercenary.lua:117
891094391069,"Ох, слава богу! Они ушли.","Ох, слава богу! Они ушли.","Oh, thank God! They left.",manual-reviewed-google,google-draft,jazz-units,891094391069,jazz-units:items.lua:116247
893692526058,"Нет. Работать с Тоской я не буду. Стоит отвернуться, и она всадит тебе нож в спину. Уж можешь мне поверить. От нее ничего, кроме неприятностей. Только и знает, что поливать меня грязью.","Нет. Работать с Тоской я не буду. Стоит отвернуться, и она всадит тебе нож в спину. Уж можешь мне поверить. От нее ничего, кроме неприятностей. Только и знает, что поливать меня грязью.","No. I won't work with Tosca. If you turn away, she will stab you in the back. You can trust me. She's nothing but trouble. All he knows is to throw mud at me.",manual-reviewed-google,google-draft,jazz-units,893692526058,jazz-units:items.lua:114991
898527816735,"Доктор Хьюстон. Чем могу служить? Хорошо, поговорим о том, насколько долгий контракт вы собирались мне предложить.","Доктор Хьюстон. Чем могу служить? Хорошо, поговорим о том, насколько долгий контракт вы собирались мне предложить.","Dr. Houston. How can I serve you? Okay, let's talk about how long a contract you were going to offer me.",manual-reviewed-google,google-draft,jazz-units,898527816735,jazz-units:items.lua:116137 | jazz-units:UnitData/Jazz_Spider.lua:123
899558582657,Тут не соскучишься! ,Тут не соскучишься! ,You won't get bored here!,manual-reviewed-google,google-draft,jazz-units,899558582657,jazz-units:items.lua:115329
900043784462,Тишина - мой старый друг. В небе она бывает только в кабине... когда двигатель выключен,Тишина - мой старый друг. В небе она бывает только в кабине... когда двигатель выключен,Silence is my old friend. In the sky it only happens in the cockpit... when the engine is turned off,manual-reviewed-google,google-draft,jazz-units,900043784462,jazz-units:items.lua:114892
910000000001,Лил,Лил,Lil,manual-reviewed-google,google-draft,jazz-units,910000000001,jazz-units:Code/Legion.lua:3
910000000004,Босс,Босс,Boss,manual-reviewed-google,google-draft,jazz-units,910000000004 | 910000000085 | 910000001011 | 910000001044 | 890000000000343,jazz-units:Code/Legion.lua:6 | jazz-units:Code/Legion.lua:87 | jazz-units:Code/Legion.lua:121 | jazz-units:Code/Legion.lua:154 | jazz-units:items.lua:88866 | jazz-units:UnitData/ErnyVillage_Boss.lua:22
910000000013,Блэйз,Блэйз,Blaze,manual-reviewed-google,google-draft,jazz-units,910000000013,jazz-units:Code/Legion.lua:15
910000000016,Бо,Бо,Bo,manual-reviewed-google,google-draft,jazz-units,910000000016 | 910000001001 | 910000001049,jazz-units:Code/Legion.lua:18 | jazz-units:Code/Legion.lua:111 | jazz-units:Code/Legion.lua:159
910000000019,Рич,Рич,Rich,manual-reviewed-google,google-draft,jazz-units,910000000019 | 910000001016 | 910000001055,jazz-units:Code/Legion.lua:21 | jazz-units:Code/Legion.lua:126 | jazz-units:Code/Legion.lua:165
910000000021,Мани,Мани,Mani,manual-reviewed-google,google-draft,jazz-units,910000000021,jazz-units:Code/Legion.lua:23
910000000025,Брут,Брут,Brutus,manual-reviewed-google,google-draft,jazz-units,910000000025,jazz-units:Code/Legion.lua:27
910000000032,Блэйд,Блэйд,Blade,manual-reviewed-google,google-draft,jazz-units,910000000032 | 910000001037,jazz-units:Code/Legion.lua:34 | jazz-units:Code/Legion.lua:147
910000000035,Файямэн,Файямэн,Fayaman,manual-reviewed-google,google-draft,jazz-units,910000000035 | 910000001036,jazz-units:Code/Legion.lua:37 | jazz-units:Code/Legion.lua:146
910000000036,Ганг,Ганг,Ganges,manual-reviewed-google,google-draft,jazz-units,910000000036,jazz-units:Code/Legion.lua:38
910000000039,Джангл,Джангл,Jungle,manual-reviewed-google,google-draft,jazz-units,910000000039 | 910000001084,jazz-units:Code/Legion.lua:41 | jazz-units:Code/Legion.lua:194
910000000043,Смолл,Смолл,Small,manual-reviewed-google,google-draft,jazz-units,910000000043,jazz-units:Code/Legion.lua:45
910000000047,Кингбой,Кингбой,Kingboy,manual-reviewed-google,google-draft,jazz-units,910000000047,jazz-units:Code/Legion.lua:49
910000000049,Дрэгон,Дрэгон,Dragon,manual-reviewed-google,google-draft,jazz-units,910000000049,jazz-units:Code/Legion.lua:51
910000000050,Винч,Винч,Winch,manual-reviewed-google,google-draft,jazz-units,910000000050,jazz-units:Code/Legion.lua:52
910000000053,Джи,Джи,Gee,manual-reviewed-google,google-draft,jazz-units,910000000053 | 910000001002,jazz-units:Code/Legion.lua:55 | jazz-units:Code/Legion.lua:112
910000000060,Хеви,Хеви,Heavy,manual-reviewed-google,google-draft,jazz-units,910000000060,jazz-units:Code/Legion.lua:62
910000000065,Лоуд,Лоуд,Loud,manual-reviewed-google,google-draft,jazz-units,910000000065 | 910000001089,jazz-units:Code/Legion.lua:67 | jazz-units:Code/Legion.lua:199
910000000066,Слипи,Слипи,Sleepy,manual-reviewed-google,google-draft,jazz-units,910000000066,jazz-units:Code/Legion.lua:68
910000000067,Рэд,Рэд,Red,manual-reviewed-google,google-draft,jazz-units,910000000067,jazz-units:Code/Legion.lua:69
910000000071,Грин,Грин,Green,manual-reviewed-google,google-draft,jazz-units,910000000071 | 910000001095 | 920000001075,jazz-units:Code/Legion.lua:73 | jazz-units:Code/Legion.lua:205 | jazz-units:Code/Rebels.lua:174
910000000077,Мют,Мют,Mute,manual-reviewed-google,google-draft,jazz-units,910000000077,jazz-units:Code/Legion.lua:79
910000000081,Дизи,Дизи,Deasy,manual-reviewed-google,google-draft,jazz-units,910000000081 | 910000001057 | 910000001066 | 910000001247 | 910000002004 | 910000002168,jazz-units:Code/Legion.lua:83 | jazz-units:Code/Legion.lua:167 | jazz-units:Code/Legion.lua:176 | jazz-units:Code/Legion.lua:357 | jazz-units:Code/Legion.lua:371 | jazz-units:Code/Legion.lua:535
910000000082,Изи,Изи,Easy,manual-reviewed-google,google-draft,jazz-units,910000000082,jazz-units:Code/Legion.lua:84
910000000087,Файя,Файя,Faya,manual-reviewed-google,google-draft,jazz-units,910000000087 | 910000001009 | 910000001048,jazz-units:Code/Legion.lua:89 | jazz-units:Code/Legion.lua:119 | jazz-units:Code/Legion.lua:158
910000000089,Питон,Питон,Python,manual-reviewed-google,google-draft,jazz-units,910000000089,jazz-units:Code/Legion.lua:91
910000000093,Скай,Скай,Sky,manual-reviewed-google,google-draft,jazz-units,910000000093,jazz-units:Code/Legion.lua:95
910000000096,Сэвидж,Сэвидж,Savage,manual-reviewed-google,google-draft,jazz-units,910000000096 | 910000001133 | 910000002043,jazz-units:Code/Legion.lua:98 | jazz-units:Code/Legion.lua:243 | jazz-units:Code/Legion.lua:410
910000000099,Гучи,Гучи,Gucci,manual-reviewed-google,google-draft,jazz-units,910000000099,jazz-units:Code/Legion.lua:101
910000000112,Оуджи,Оуджи,Ouji,manual-reviewed-google,google-draft,jazz-units,910000000112,jazz-units:Code/Legion.lua:104
910000000114,Девятка,Девятка,Nine,manual-reviewed-google,google-draft,jazz-units,910000000114,jazz-units:Code/Legion.lua:106
910000001022,Дюк,Дюк,Duke,manual-reviewed-google,google-draft,jazz-units,910000001022,jazz-units:Code/Legion.lua:132
910000001039,Фаер,Фаер,Fire,manual-reviewed-google,google-draft,jazz-units,910000001039,jazz-units:Code/Legion.lua:149
910000001061,Гуц,Гуц,Guts,manual-reviewed-google,google-draft,jazz-units,910000001061 | 910000001067 | 910000002005,jazz-units:Code/Legion.lua:171 | jazz-units:Code/Legion.lua:177 | jazz-units:Code/Legion.lua:372
910000001064,Краш,Краш,Crash,manual-reviewed-google,google-draft,jazz-units,910000001064 | 910000002002,jazz-units:Code/Legion.lua:174 | jazz-units:Code/Legion.lua:369
910000001069,Шотти,Шотти,Shotti,manual-reviewed-google,google-draft,jazz-units,910000001069 | 910000002007,jazz-units:Code/Legion.lua:179 | jazz-units:Code/Legion.lua:374
910000001071,Глок,Глок,Glock,manual-reviewed-google,google-draft,jazz-units,910000001071 | 910000001091 | 910000002009,jazz-units:Code/Legion.lua:181 | jazz-units:Code/Legion.lua:201 | jazz-units:Code/Legion.lua:376
910000001072,Ганста,Ганста,Gansta,manual-reviewed-google,google-draft,jazz-units,910000001072 | 910000001151 | 910000002061 | 910000002140,jazz-units:Code/Legion.lua:182 | jazz-units:Code/Legion.lua:261 | jazz-units:Code/Legion.lua:428 | jazz-units:Code/Legion.lua:507
910000001077,Блэйк,Блэйк,Blake,manual-reviewed-google,google-draft,jazz-units,910000001077 | 910000002145,jazz-units:Code/Legion.lua:187 | jazz-units:Code/Legion.lua:512
910000001081,Куп,Куп,Coop,manual-reviewed-google,google-draft,jazz-units,910000001081 | 910000002149,jazz-units:Code/Legion.lua:191 | jazz-units:Code/Legion.lua:516
910000001090,Трэп,Трэп,Trap,manual-reviewed-google,google-draft,jazz-units,910000001090 | 910000001135 | 910000002045,jazz-units:Code/Legion.lua:200 | jazz-units:Code/Legion.lua:245 | jazz-units:Code/Legion.lua:412
910000001094,Хаунд,Хаунд,Hound,manual-reviewed-google,google-draft,jazz-units,910000001094 | 910000001167 | 910000002077,jazz-units:Code/Legion.lua:204 | jazz-units:Code/Legion.lua:277 | jazz-units:Code/Legion.lua:444
910000001096,Топ,Топ,Top,manual-reviewed-google,google-draft,jazz-units,910000001096,jazz-units:Code/Legion.lua:206
910000001097,Джит,Джит,Jit,manual-reviewed-google,google-draft,jazz-units,910000001097,jazz-units:Code/Legion.lua:207
910000001100,Ро,Ро,Ro,manual-reviewed-google,google-draft,jazz-units,910000001100 | 910000001195 | 910000002105,jazz-units:Code/Legion.lua:210 | jazz-units:Code/Legion.lua:305 | jazz-units:Code/Legion.lua:472
910000001107,Дрэй,Дрэй,Dray,manual-reviewed-google,google-draft,jazz-units,910000001107 | 910000002017,jazz-units:Code/Legion.lua:217 | jazz-units:Code/Legion.lua:384
910000001110,Стака,Стака,Staka,manual-reviewed-google,google-draft,jazz-units,910000001110 | 910000002020,jazz-units:Code/Legion.lua:220 | jazz-units:Code/Legion.lua:387
910000001115,Спайди,Спайди,Spidey,manual-reviewed-google,google-draft,jazz-units,910000001115 | 910000002025,jazz-units:Code/Legion.lua:225 | jazz-units:Code/Legion.lua:392
910000001120,Мурда,Мурда,Murda,manual-reviewed-google,google-draft,jazz-units,910000001120 | 910000002030,jazz-units:Code/Legion.lua:230 | jazz-units:Code/Legion.lua:397
910000001123,Скрейп,Скрейп,Scrape,manual-reviewed-google,google-draft,jazz-units,910000001123 | 910000002033,jazz-units:Code/Legion.lua:233 | jazz-units:Code/Legion.lua:400
910000001125,Трайб,Трайб,Tribe,manual-reviewed-google,google-draft,jazz-units,910000001125 | 910000002035,jazz-units:Code/Legion.lua:235 | jazz-units:Code/Legion.lua:402
910000001127,Сопа,Сопа,Sopa,manual-reviewed-google,google-draft,jazz-units,910000001127 | 910000002037,jazz-units:Code/Legion.lua:237 | jazz-units:Code/Legion.lua:404
910000001132,Пэйпер,Пэйпер,Paper,manual-reviewed-google,google-draft,jazz-units,910000001132 | 910000002042,jazz-units:Code/Legion.lua:242 | jazz-units:Code/Legion.lua:409
910000001134,Ганзо,Ганзо,Ganzo,manual-reviewed-google,google-draft,jazz-units,910000001134 | 910000002044,jazz-units:Code/Legion.lua:244 | jazz-units:Code/Legion.lua:411
910000001138,Джуси,Джуси,Juicy,manual-reviewed-google,google-draft,jazz-units,910000001138 | 910000002048,jazz-units:Code/Legion.lua:248 | jazz-units:Code/Legion.lua:415
910000001144,Скуб,Скуб,Scoob,manual-reviewed-google,google-draft,jazz-units,910000001144 | 910000002054,jazz-units:Code/Legion.lua:254 | jazz-units:Code/Legion.lua:421
910000001147,Фэд,Фэд,Fed,manual-reviewed-google,google-draft,jazz-units,910000001147 | 910000002057,jazz-units:Code/Legion.lua:257 | jazz-units:Code/Legion.lua:424
910000001152,Ричи,Ричи,Richie,manual-reviewed-google,google-draft,jazz-units,910000001152 | 910000002062,jazz-units:Code/Legion.lua:262 | jazz-units:Code/Legion.lua:429
910000001153,Грязь,Грязь,Dirt,manual-reviewed-google,google-draft,jazz-units,910000001153 | 910000002063,jazz-units:Code/Legion.lua:263 | jazz-units:Code/Legion.lua:430
910000001162,Кэшбо,Кэшбо,Cashbaugh,manual-reviewed-google,google-draft,jazz-units,910000001162 | 910000002072,jazz-units:Code/Legion.lua:272 | jazz-units:Code/Legion.lua:439
910000001166,Твиста,Твиста,Twista,manual-reviewed-google,google-draft,jazz-units,910000001166 | 910000002076,jazz-units:Code/Legion.lua:276 | jazz-units:Code/Legion.lua:443
910000001168,Рэй,Рэй,Ray,manual-reviewed-google,google-draft,jazz-units,910000001168 | 910000002078,jazz-units:Code/Legion.lua:278 | jazz-units:Code/Legion.lua:445
910000001170,Чоппа,Чоппа,Choppa,manual-reviewed-google,google-draft,jazz-units,910000001170 | 910000001251 | 910000002080,jazz-units:Code/Legion.lua:280 | jazz-units:Code/Legion.lua:361 | jazz-units:Code/Legion.lua:447
910000001175,Триг,Триг,Trig,manual-reviewed-google,google-draft,jazz-units,910000001175 | 910000002085,jazz-units:Code/Legion.lua:285 | jazz-units:Code/Legion.lua:452
910000001180,Дюсман,Дюсман,Dusman,manual-reviewed-google,google-draft,jazz-units,910000001180 | 910000002090,jazz-units:Code/Legion.lua:290 | jazz-units:Code/Legion.lua:457
910000001182,Гудди,Гудди,Guddi,manual-reviewed-google,google-draft,jazz-units,910000001182 | 910000002092,jazz-units:Code/Legion.lua:292 | jazz-units:Code/Legion.lua:459
910000001184,Дро,Дро,Dro,manual-reviewed-google,google-draft,jazz-units,910000001184 | 910000002094,jazz-units:Code/Legion.lua:294 | jazz-units:Code/Legion.lua:461
910000001187,Куджо,Куджо,Cujo,manual-reviewed-google,google-draft,jazz-units,910000001187 | 910000002097,jazz-units:Code/Legion.lua:297 | jazz-units:Code/Legion.lua:464
910000001189,Дубс,Дубс,Dubs,manual-reviewed-google,google-draft,jazz-units,910000001189 | 910000002099,jazz-units:Code/Legion.lua:299 | jazz-units:Code/Legion.lua:466
910000001197,Кэйс,Кэйс,Case,manual-reviewed-google,google-draft,jazz-units,910000001197 | 910000002108,jazz-units:Code/Legion.lua:307 | jazz-units:Code/Legion.lua:475
910000001201,Плоу,Плоу,Plow,manual-reviewed-google,google-draft,jazz-units,910000001201 | 910000002112,jazz-units:Code/Legion.lua:311 | jazz-units:Code/Legion.lua:479
910000001202,Брэйкс,Брэйкс,Breaks,manual-reviewed-google,google-draft,jazz-units,910000001202 | 910000002113,jazz-units:Code/Legion.lua:312 | jazz-units:Code/Legion.lua:480
910000001204,Хитта,Хитта,Hitta,manual-reviewed-google,google-draft,jazz-units,910000001204 | 910000002115,jazz-units:Code/Legion.lua:314 | jazz-units:Code/Legion.lua:482
910000001207,Кин,Кин,Keen,manual-reviewed-google,google-draft,jazz-units,910000001207 | 910000002118,jazz-units:Code/Legion.lua:317 | jazz-units:Code/Legion.lua:485
910000001212,Фэйм,Фэйм,Fame,manual-reviewed-google,google-draft,jazz-units,910000001212 | 910000002123,jazz-units:Code/Legion.lua:322 | jazz-units:Code/Legion.lua:490
910000001214,Кардо,Кардо,Cardo,manual-reviewed-google,google-draft,jazz-units,910000001214 | 910000002125,jazz-units:Code/Legion.lua:324 | jazz-units:Code/Legion.lua:492
910000001217,Крип,Крип,Creep,manual-reviewed-google,google-draft,jazz-units,910000001217 | 910000002128,jazz-units:Code/Legion.lua:327 | jazz-units:Code/Legion.lua:495
910000001227,Драмз,Драмз,Drumz,manual-reviewed-google,google-draft,jazz-units,910000001227 | 910000002138,jazz-units:Code/Legion.lua:337 | jazz-units:Code/Legion.lua:505
910000001228,Классик,Классик,Classic,manual-reviewed-google,google-draft,jazz-units,910000001228 | 910000002139,jazz-units:Code/Legion.lua:338 | jazz-units:Code/Legion.lua:506
910000001232,Долл,Долл,Dollar,manual-reviewed-google,google-draft,jazz-units,910000001232 | 910000002153,jazz-units:Code/Legion.lua:342 | jazz-units:Code/Legion.lua:520
910000001235,Флипп,Флипп,Flip,manual-reviewed-google,google-draft,jazz-units,910000001235 | 910000002156,jazz-units:Code/Legion.lua:345 | jazz-units:Code/Legion.lua:523
910000001236,Лор,Лор,Lor,manual-reviewed-google,google-draft,jazz-units,910000001236 | 910000002157,jazz-units:Code/Legion.lua:346 | jazz-units:Code/Legion.lua:524
910000001238,Кобэйн,Кобэйн,Cobain,manual-reviewed-google,google-draft,jazz-units,910000001238 | 910000002159,jazz-units:Code/Legion.lua:348 | jazz-units:Code/Legion.lua:526
910000001239,Рэйн,Рэйн,Rain,manual-reviewed-google,google-draft,jazz-units,910000001239 | 910000002160,jazz-units:Code/Legion.lua:349 | jazz-units:Code/Legion.lua:527
910000002010,Дюс,Дюс,Dus,manual-reviewed-google,google-draft,jazz-units,910000002010,jazz-units:Code/Legion.lua:377
916793019921,Гематогенку бы щас... Чо? Вкусные ж.,Гематогенку бы щас... Чо? Вкусные ж.,I wish I had a hematogen right now... What? Delicious,manual-reviewed-google,google-draft,jazz-units,916793019921,jazz-units:items.lua:131477
920000000000,Владимир,Владимир,Vladimir,manual-reviewed-google,google-draft,jazz-units,920000000000,jazz-units:Code/Rebels.lua:2
920000000001,Ильич,Ильич,Ilyich,manual-reviewed-google,google-draft,jazz-units,920000000001,jazz-units:Code/Rebels.lua:3
920000000005,Михаил,Михаил,Mikhail,manual-reviewed-google,google-draft,jazz-units,920000000005,jazz-units:Code/Rebels.lua:7
920000000008,Пётр,Пётр,Peter,manual-reviewed-google,google-draft,jazz-units,920000000008,jazz-units:Code/Rebels.lua:10
920000000010,Ленин,Ленин,Lenin,manual-reviewed-google,google-draft,jazz-units,920000000010,jazz-units:Code/Rebels.lua:12
920000000014,Товарищ,Товарищ,Comrade,manual-reviewed-google,google-draft,jazz-units,920000000014 | 920000000091,jazz-units:Code/Rebels.lua:16 | jazz-units:Code/Rebels.lua:93
920000000015,Народ,Народ,People,manual-reviewed-google,google-draft,jazz-units,920000000015,jazz-units:Code/Rebels.lua:17
920000000021,Максим,Максим,Maxim,manual-reviewed-google,google-draft,jazz-units,920000000021,jazz-units:Code/Rebels.lua:23
920000000024,Яков,Яков,Yakov,manual-reviewed-google,google-draft,jazz-units,920000000024,jazz-units:Code/Rebels.lua:26
920000000026,Амаду,Амаду,Amadou,manual-reviewed-google,google-draft,jazz-units,920000000026 | 920000000032,jazz-units:Code/Rebels.lua:28 | jazz-units:Code/Rebels.lua:34
920000000030,Адем,Адем,Adem,manual-reviewed-google,google-draft,jazz-units,920000000030,jazz-units:Code/Rebels.lua:32
920000000033,Абдулла,Абдулла,Abdullah,manual-reviewed-google,google-draft,jazz-units,920000000033,jazz-units:Code/Rebels.lua:35
920000000035,Зубери,Зубери,Zuberi,manual-reviewed-google,google-draft,jazz-units,920000000035,jazz-units:Code/Rebels.lua:37
920000000037,Сефу,Сефу,Sefu,manual-reviewed-google,google-draft,jazz-units,920000000037,jazz-units:Code/Rebels.lua:39
920000000040,Кенза,Кенза,Kenza,manual-reviewed-google,google-draft,jazz-units,920000000040,jazz-units:Code/Rebels.lua:42
920000000045,Диарра,Диарра,Diarra,manual-reviewed-google,google-draft,jazz-units,920000000045,jazz-units:Code/Rebels.lua:47
920000000048,Салех,Салех,Saleh,manual-reviewed-google,google-draft,jazz-units,920000000048,jazz-units:Code/Rebels.lua:50
920000000050,Бала,Бала,Bala,manual-reviewed-google,google-draft,jazz-units,920000000050,jazz-units:Code/Rebels.lua:52
920000000057,Рудак,Рудак,Rudak,manual-reviewed-google,google-draft,jazz-units,920000000057,jazz-units:Code/Rebels.lua:59
920000000062,Василий,Василий,Vasily,manual-reviewed-google,google-draft,jazz-units,920000000062,jazz-units:Code/Rebels.lua:64
920000000065,Лазар,Лазар,Lazar,manual-reviewed-google,google-draft,jazz-units,920000000065,jazz-units:Code/Rebels.lua:67
920000000069,Саид,Саид,Said,manual-reviewed-google,google-draft,jazz-units,920000000069,jazz-units:Code/Rebels.lua:71
920000000070,Идрис,Идрис,Idris,manual-reviewed-google,google-draft,jazz-units,920000000070,jazz-units:Code/Rebels.lua:72
920000000072,Мбенге,Мбенге,Mbengue,manual-reviewed-google,google-draft,jazz-units,920000000072 | 920000001023,jazz-units:Code/Rebels.lua:74 | jazz-units:Code/Rebels.lua:122
920000000074,Ндойе,Ндойе,Ndoye,manual-reviewed-google,google-draft,jazz-units,920000000074,jazz-units:Code/Rebels.lua:76
920000000081,Захар,Захар,Zakhar,manual-reviewed-google,google-draft,jazz-units,920000000081,jazz-units:Code/Rebels.lua:83
920000000087,Пакт,Пакт,Pact,manual-reviewed-google,google-draft,jazz-units,920000000087,jazz-units:Code/Rebels.lua:89
920000000088,Рубен,Рубен,Ruben,manual-reviewed-google,google-draft,jazz-units,920000000088,jazz-units:Code/Rebels.lua:90
920000000092,Комрад,Комрад,Comrad,manual-reviewed-google,google-draft,jazz-units,920000000092,jazz-units:Code/Rebels.lua:94
920000001000,Краснов,Краснов,Krasnov,manual-reviewed-google,google-draft,jazz-units,920000001000,jazz-units:Code/Rebels.lua:99
920000001006,Партийный,Партийный,Party,manual-reviewed-google,google-draft,jazz-units,920000001006,jazz-units:Code/Rebels.lua:105
920000001010,Красный,Красный,Red,manual-reviewed-google,google-draft,jazz-units,920000001010,jazz-units:Code/Rebels.lua:109
920000001013,Мирный,Мирный,Peaceful,manual-reviewed-google,google-draft,jazz-units,920000001013,jazz-units:Code/Rebels.lua:112
920000001014,Борец,Борец,wrestler,manual-reviewed-google,google-draft,jazz-units,920000001014,jazz-units:Code/Rebels.lua:113
920000001016,Шах,Шах,Shah,manual-reviewed-google,google-draft,jazz-units,920000001016,jazz-units:Code/Rebels.lua:115
920000001019,Камара,Камара,Camara,manual-reviewed-google,google-draft,jazz-units,920000001019,jazz-units:Code/Rebels.lua:118
920000001024,Каба,Каба,Kaba,manual-reviewed-google,google-draft,jazz-units,920000001024,jazz-units:Code/Rebels.lua:123
920000001027,Кунде,Кунде,Kunde,manual-reviewed-google,google-draft,jazz-units,920000001027,jazz-units:Code/Rebels.lua:126
920000001030,Мбеле,Мбеле,Mbele,manual-reviewed-google,google-draft,jazz-units,920000001030,jazz-units:Code/Rebels.lua:129
920000001031,Траоре,Траоре,Traore,manual-reviewed-google,google-draft,jazz-units,920000001031,jazz-units:Code/Rebels.lua:130
920000001034,Толмачёв,Толмачёв,Tolmachev,manual-reviewed-google,google-draft,jazz-units,920000001034,jazz-units:Code/Rebels.lua:133
920000001039,Ибрагимов,Ибрагимов,Ibragimov,manual-reviewed-google,google-draft,jazz-units,920000001039,jazz-units:Code/Rebels.lua:138
920000001040,Абдулов,Абдулов,Abdulov,manual-reviewed-google,google-draft,jazz-units,920000001040,jazz-units:Code/Rebels.lua:139
920000001041,Мусаев,Мусаев,Musaev,manual-reviewed-google,google-draft,jazz-units,920000001041,jazz-units:Code/Rebels.lua:140
920000001046,Джонсон,Джонсон,Johnson,manual-reviewed-google,google-draft,jazz-units,920000001046,jazz-units:Code/Rebels.lua:145
920000001049,Ферган,Ферган,Fergana,manual-reviewed-google,google-draft,jazz-units,920000001049,jazz-units:Code/Rebels.lua:148
920000001054,Николаев,Николаев,Nikolaev,manual-reviewed-google,google-draft,jazz-units,920000001054,jazz-units:Code/Rebels.lua:153
920000001055,Ржавый,Ржавый,Rusty,manual-reviewed-google,google-draft,jazz-units,920000001055,jazz-units:Code/Rebels.lua:154
920000001059,Буров,Буров,Burov,manual-reviewed-google,google-draft,jazz-units,920000001059,jazz-units:Code/Rebels.lua:158
920000001066,Антонов,Антонов,Antonov,manual-reviewed-google,google-draft,jazz-units,920000001066,jazz-units:Code/Rebels.lua:165
920000001068,Корчагин,Корчагин,Korchagin,manual-reviewed-google,google-draft,jazz-units,920000001068,jazz-units:Code/Rebels.lua:167
920000001069,Мара,Мара,Mara,manual-reviewed-google,google-draft,jazz-units,920000001069,jazz-units:Code/Rebels.lua:168
920000001070,Донго,Донго,Dongo,manual-reviewed-google,google-draft,jazz-units,920000001070,jazz-units:Code/Rebels.lua:169
920000001076,Калаба,Калаба,Kalaba,manual-reviewed-google,google-draft,jazz-units,920000001076,jazz-units:Code/Rebels.lua:175
920000001078,Серу,Серу,Seru,manual-reviewed-google,google-draft,jazz-units,920000001078,jazz-units:Code/Rebels.lua:177
920000001079,Олува,Олува,Oluwa,manual-reviewed-google,google-draft,jazz-units,920000001079,jazz-units:Code/Rebels.lua:178
920000001085,Симон,Симон,Simon,manual-reviewed-google,google-draft,jazz-units,920000001085,jazz-units:Code/Rebels.lua:184
920000001086,Энгуле,Энгуле,Engule,manual-reviewed-google,google-draft,jazz-units,920000001086,jazz-units:Code/Rebels.lua:185
920000001088,Карамба,Карамба,Karamba,manual-reviewed-google,google-draft,jazz-units,920000001088,jazz-units:Code/Rebels.lua:187
920000001092,Марков,Марков,Markov,manual-reviewed-google,google-draft,jazz-units,920000001092,jazz-units:Code/Rebels.lua:191
920000001098,Моряч,Моряч,Sailor,manual-reviewed-google,google-draft,jazz-units,920000001098,jazz-units:Code/Rebels.lua:197
923158740693,Лайн,Лайн,Line,manual-reviewed-google,google-draft,jazz-units,923158740693,jazz-units:Code/Mercenary.lua:165
925557375079,Дернусь - и привет мамане.,Дернусь - и привет мамане.,I'll twitch and hello to mom.,manual-reviewed-google,google-draft,jazz-units,925557375079,jazz-units:items.lua:131657
926619480801,Седалищем чую - кто-то на меня глаз положил.,Седалищем чую - кто-то на меня глаз положил.,I can smell it in my seat - someone has their eyes on me.,manual-reviewed-google,google-draft,jazz-units,926619480801,jazz-units:items.lua:131658
927098390925,Тут явно нечисто - аж двинуться страшно.,Тут явно нечисто - аж двинуться страшно.,It's clearly unclean here - it's scary to even move.,manual-reviewed-google,google-draft,jazz-units,927098390925,jazz-units:items.lua:115365
930578412650,Джекал,Джекал,Jecal,manual-reviewed-google,google-draft,jazz-units,930578412650,jazz-units:Code/Mercenary.lua:121
930691489381,"Взял, у меня","Взял, у меня",Took it from me,manual-reviewed-google,google-draft,jazz-units,930691489381,jazz-units:items.lua:115280
931285992937,Наемник Пулеметчик,Наемник Пулеметчик,Mercenary Heavy,manual-reviewed-google,google-draft,jazz-units,931285992937 | 890000000000508,jazz-units:items.lua:81496 | jazz-units:UnitData/ThugGrenadier_Stronger_Elite.lua:20 | jazz-units:items.lua:87972 | jazz-units:UnitData/JAZZ_Legion_GunnerT4_MercGunner.lua:22
934700876331,Перелазанье 2,Перелазанье 2,Climbing 2,manual-reviewed-google,google-draft,jazz-units,934700876331,jazz-units:items.lua:131374
934715860279,Блейд,Блейд,Blade,manual-reviewed-google,google-draft,jazz-units,934715860279,jazz-units:Code/Mercenary.lua:128
939764638704,Надо было смотреть за оружием.,Надо было смотреть за оружием.,We had to look after the weapons.,manual-reviewed-google,google-draft,jazz-units,939764638704,jazz-units:items.lua:131785
945102836417,Норт,Норт,North,manual-reviewed-google,google-draft,jazz-units,945102836417,jazz-units:Code/Mercenary.lua:177
949818891918,Я только сделала одолжение... Избавила от страданий. Что еще тут можно сделать?,Я только сделала одолжение... Избавила от страданий. Что еще тут можно сделать?,I just did a favor... I saved her from suffering. What else can you do here?,manual-reviewed-google,google-draft,jazz-units,949818891918,jazz-units:items.lua:115825
951773239303,Это был тот еще опыт! Увидимся.,Это был тот еще опыт! Увидимся.,It was quite an experience! See you.,manual-reviewed-google,google-draft,jazz-units,951773239303,jazz-units:items.lua:115197
960189656665,"Братан, такая стрельба только этим анчоусам на смех. Завтра будем учиться.","Братан, такая стрельба только этим анчоусам на смех. Завтра будем учиться.","Bro, this kind of shooting is just for the laugh of these anchovies. Tomorrow we will study.",manual-reviewed-google,google-draft,jazz-units,960189656665,jazz-units:items.lua:131580
962084315018,Баюн,Баюн,Bayun,manual-reviewed-google,google-draft,jazz-units,962084315018,jazz-units:Code/Mercenary.lua:185
964197488980,"Мина. Пора делать то, за что мне платят. А как платят, так и работаем!","Мина. Пора делать то, за что мне платят. А как платят, так и работаем!","Mina. It's time to do what I'm paid to do. And as we get paid, we work!",manual-reviewed-google,google-draft,jazz-units,964197488980,jazz-units:items.lua:131564
971004246271,"Нейрохирург, точно!","Нейрохирург, точно!","Neurosurgeon, for sure!",manual-reviewed-google,google-draft,jazz-units,971004246271,jazz-units:items.lua:115793
971435609781,"Мисс, а вы, часом, не бывали в Бруклине раньше?","Мисс, а вы, часом, не бывали в Бруклине раньше?","Miss, have you ever been to Brooklyn before?",manual-reviewed-google,google-draft,jazz-units,971435609781,jazz-units:items.lua:131684
974518231406,Слейт,Слейт,Slate,manual-reviewed-google,google-draft,jazz-units,974518231406,jazz-units:Code/Mercenary.lua:106
975126744269,"Похоже, они отступили. Мудрое решение, должен сказать.","Похоже, они отступили. Мудрое решение, должен сказать.","It looks like they've retreated. A wise decision, I must say.",manual-reviewed-google,google-draft,jazz-units,975126744269,jazz-units:items.lua:115166
980493657450,"Ты привел сюда этого сукиного сына, Рысь. Хорошо... позволь тогда и мне высказаться. Он потаскун, он жив-то только потому, что я еще не решила, как его убить, чтоб было поприятнее.","Ты привел сюда этого сукиного сына, Рысь. Хорошо... позволь тогда и мне высказаться. Он потаскун, он жив-то только потому, что я еще не решила, как его убить, чтоб было поприятнее.","You brought that son of a bitch here, Lynx. Okay... let me speak then. He's a slut, he's only alive because I haven't decided yet how to kill him to make it more enjoyable.",manual-reviewed-google,google-draft,jazz-units,980493657450,jazz-units:items.lua:115779
983520435571,Что я могу сказать? Я имею полное право потребовать большего.,Что я могу сказать? Я имею полное право потребовать большего.,What can I say? I have every right to demand more.,manual-reviewed-google,google-draft,jazz-units,983520435571,jazz-units:items.lua:115560 | jazz-units:UnitData/Jazz_Buzz.lua:98
985241906593,На месте.,На месте.,On the spot.,manual-reviewed-google,google-draft,jazz-units,985241906593,jazz-units:items.lua:131697
992790399036,Перелазанье,Перелазанье,Climbing,manual-reviewed-google,google-draft,jazz-units,992790399036,jazz-units:items.lua:131373
993170256470,Я бы спрятался там. Ветер в лицо - запах не унесёт,Я бы спрятался там. Ветер в лицо - запах не унесёт,I would hide there. The wind in your face will not carry away the smell,manual-reviewed-google,google-draft,jazz-units,993170256470,jazz-units:items.lua:114882
994375099702,Получи!,Получи!,Get it!,manual-reviewed-google,google-draft,jazz-units,994375099702,jazz-units:items.lua:115346
995720215017,Надо было мне взять с собой противомоскитную сетку! Насекомые переносят столько заболеваний! Сетки должны быть частью обязательного снаряжения!,Надо было мне взять с собой противомоскитную сетку! Насекомые переносят столько заболеваний! Сетки должны быть частью обязательного снаряжения!,I should have brought a mosquito net with me! Insects carry so many diseases! Nets should be part of the mandatory equipment!,manual-reviewed-google,google-draft,jazz-units,995720215017,jazz-units:items.lua:116538
995807055541,"Если тебе нужен настоящий профи, ну, или, по крайней мере, настоящий красавчик, обратись к Рыси.","Если тебе нужен настоящий профи, ну, или, по крайней мере, настоящий красавчик, обратись к Рыси.","If you need a real pro, or at least a real handsome guy, contact Lynx.",manual-reviewed-google,google-draft,jazz-units,995807055541,jazz-units:items.lua:115592 | jazz-units:UnitData/Jazz_Buzz.lua:130
996444606473,Дайте мне умереть! Это хотя бы прекратит мои страдания!,Дайте мне умереть! Это хотя бы прекратит мои страдания!,Let me die! At least this will stop my suffering!,manual-reviewed-google,google-draft,jazz-units,996444606473,jazz-units:items.lua:115773
997417029186,Да я еще даже не вспотел!..,Да я еще даже не вспотел!..,I haven't even sweated yet!..,manual-reviewed-google,google-draft,jazz-units,997417029186,jazz-units:items.lua:115337
997521063108,"Надоело, надоело, надоело!","Надоело, надоело, надоело!","Tired, tired, tired!",manual-reviewed-google,google-draft,jazz-units,997521063108,jazz-units:items.lua:115788
890000000000030,Принято.,Принято.,Accepted.,manual-reviewed-google,google-draft,jazz-units,890000000000030 | 890000000000857,jazz-units:items.lua:139233 | jazz-units:items.lua:139054
890000000000042,Занимаю позицию.,Занимаю позицию.,I'm taking a position.,manual-reviewed-google,google-draft,jazz-units,890000000000042,jazz-units:items.lua:139055
890000000000048,Одним врагом меньше.,Одним врагом меньше.,One less enemy.,manual-reviewed-google,google-draft,jazz-units,890000000000048,jazz-units:items.lua:140292
890000000000173,Да!,Да!,Yes!,manual-reviewed-google,google-draft,jazz-units,890000000000173 | 890000000001319 | 890000000009258 | 890000000009444 | 890000000009475 | 890000000009476,jazz-units:items.lua:139464 | jazz-units:items.lua:139398 | jazz-units:items.lua:139591 | jazz-units:items.lua:129871 | jazz-units:items.lua:129851 | jazz-units:items.lua:129949 | jazz-units:items.lua:129952
890000000000234,Р-р-р!,Р-р-р!,Rrrr!,manual-reviewed-google,google-draft,jazz-units,890000000000234 | 890000000001108 | 890000000001172,jazz-units:items.lua:139250 | jazz-units:items.lua:139972 | jazz-units:items.lua:139606
890000000000290,Что за...,Что за...,What the...,manual-reviewed-google,google-draft,jazz-units,890000000000290 | 890000000000324 | 890000000000455 | 890000000000983,jazz-units:items.lua:139651 | jazz-units:items.lua:139292 | jazz-units:items.lua:140367 | jazz-units:items.lua:140017
890000000000371,Я что-то вижу.,Я что-то вижу.,I see something.,manual-reviewed-google,google-draft,jazz-units,890000000000371,jazz-units:items.lua:139522
890000000000586,Патрульный,Патрульный,Patrolman,manual-reviewed-google,google-draft,jazz-units,890000000000586,jazz-units:items.lua:95044 | jazz-units:UnitData/RebelSentry.lua:21
890000000000803,Следопыт,Следопыт,Pathfinder,manual-reviewed-google,google-draft,jazz-units,890000000000803,jazz-units:items.lua:87228 | jazz-units:UnitData/JAZZ_Legion_FlankerT3_Pathfinder.lua:22
890000000000818,Пошли! Пошли! Пошли!,Пошли! Пошли! Пошли!,Let's go! Went! Went!,manual-reviewed-google,google-draft,jazz-units,890000000000818,jazz-units:items.lua:139117
890000000000836,Командир отряда,Командир отряда,Squad leader,manual-reviewed-google,google-draft,jazz-units,890000000000836,jazz-units:items.lua:94302 | jazz-units:items.lua:94412 | jazz-units:items.lua:94522 | jazz-units:items.lua:94633 | jazz-units:UnitData/RebelSergant.lua:22 | jazz-units:UnitData/RebelSergant_Immortal.lua:22 | jazz-units:UnitData/RebelSergeant.lua:22 | jazz-units:UnitData/RebelSergeant_Immortal.lua:22
890000000001279,Наемник,Наемник,Mercenary,manual-reviewed-google,google-draft,jazz-units,890000000001279,jazz-units:items.lua:86409 | jazz-units:UnitData/JAZZ_Legion_FrontT4_Mercenary.lua:22
890000000001813,Хочешь ещё психа в команду — зови Фиделя.,Хочешь ещё психа в команду — зови Фиделя.,,manual-translation,needs-english,jazz-units,890000000001813,jazz-units:items.lua:117078 | jazz-units:UnitData/Jazz_Blade.lua:99
890000000001816,"Связь прервалась. Ну, продолжай, а то нож стынет.","Связь прервалась. Ну, продолжай, а то нож стынет.",,manual-translation,needs-english,jazz-units,890000000001816,jazz-units:items.lua:117102 | jazz-units:UnitData/Jazz_Blade.lua:123
890000000001818,"Я уже в пути, хе-хе. Кто-то там не доживёт до утра.","Я уже в пути, хе-хе. Кто-то там не доживёт до утра.",,manual-translation,needs-english,jazz-units,890000000001818,jazz-units:items.lua:117112 | jazz-units:UnitData/Jazz_Blade.lua:133
890000000001821,Бритва на связи.,Бритва на связи.,,manual-translation,needs-english,jazz-units,890000000001821,jazz-units:items.lua:117170
890000000001822,Ближе... ближе...,Ближе... ближе...,,manual-translation,needs-english,jazz-units,890000000001822,jazz-units:items.lua:117200
890000000001823,Порежу на ленточки.,Порежу на ленточки.,,manual-translation,needs-english,jazz-units,890000000001823,jazz-units:items.lua:117201
890000000001824,Чисто прошёл.,Чисто прошёл.,,manual-translation,needs-english,jazz-units,890000000001824,jazz-units:items.lua:117222
890000000001827,"О, наконец-то!","О, наконец-то!",,manual-translation,needs-english,jazz-units,890000000001827,jazz-units:items.lua:117248
890000000001829,Нож не кончается — но патроны да.,Нож не кончается — но патроны да.,,manual-translation,needs-english,jazz-units,890000000001829,jazz-units:items.lua:117229
890000000001830,Ну где веселье?,Ну где веселье?,,manual-translation,needs-english,jazz-units,890000000001830,jazz-units:items.lua:117263
890000000001831,Опять этот зануда рядом.,Опять этот зануда рядом.,,manual-translation,needs-english,jazz-units,890000000001831,jazz-units:items.lua:117342
890000000001903,Айра,Айра,,manual-translation,needs-english,jazz-units,890000000001903,jazz-units:items.lua:117373 | jazz-units:UnitData/Jazz_Ira.lua:23
890000000001909,Пока Злобный у вас — я в отряд не пойду. Он моих людей пугает.,Пока Злобный у вас — я в отряд не пойду. Он моих людей пугает.,,manual-translation,needs-english,jazz-units,890000000001909,jazz-units:items.lua:117384 | jazz-units:UnitData/Jazz_Ira.lua:34
890000000001914,Связь прервалась. Ополчение ждать не будет — давай к делу.,Связь прервалась. Ополчение ждать не будет — давай к делу.,,manual-translation,needs-english,jazz-units,890000000001914,jazz-units:items.lua:117447 | jazz-units:UnitData/Jazz_Ira.lua:97
890000000001919,Айра здесь.,Айра здесь.,,manual-translation,needs-english,jazz-units,890000000001919,jazz-units:items.lua:117513
890000000001927,Патроны на исходе!,Патроны на исходе!,,manual-translation,needs-english,jazz-units,890000000001927 | 890000000007522 | 890000000008328,jazz-units:items.lua:117572 | jazz-units:items.lua:117914 | jazz-units:items.lua:118235
890000000001928,Жду сигнала.,Жду сигнала.,,manual-translation,needs-english,jazz-units,890000000001928,jazz-units:items.lua:117606
890000000001929,Хоть бы Злобного тут не было.,Хоть бы Злобного тут не было.,,manual-translation,needs-english,jazz-units,890000000001929,jazz-units:items.lua:117685
890000000002004,ДИМИТРИЙ,ДИМИТРИЙ,,manual-translation,needs-english,jazz-units,890000000002004,jazz-units:items.lua:117717 | jazz-units:UnitData/Jazz_Dimitri.lua:24
890000000002009,"Пока Ротман у вас — извини, нет. Он на местных смотрит свысока.","Пока Ротман у вас — извини, нет. Он на местных смотрит свысока.",,manual-translation,needs-english,jazz-units,890000000002009,jazz-units:items.lua:117727 | jazz-units:UnitData/Jazz_Dimitri.lua:34
890000000002011,Если найдёте Мигеля или Карлоса — берите. С ними я работаю лучше.,Если найдёте Мигеля или Карлоса — берите. С ними я работаю лучше.,,manual-translation,needs-english,jazz-units,890000000002011,jazz-units:items.lua:117764 | jazz-units:UnitData/Jazz_Dimitri.lua:71
890000000002014,"Стоп, о чём мы говорили? А, точно — вернёмся к делу.","Стоп, о чём мы говорили? А, точно — вернёмся к делу.",,manual-translation,needs-english,jazz-units,890000000002014,jazz-units:items.lua:117790 | jazz-units:UnitData/Jazz_Dimitri.lua:97
890000000002018,"Остаюсь. Ножи точить веселее, когда есть цель.","Остаюсь. Ножи точить веселее, когда есть цель.",,manual-translation,needs-english,jazz-units,890000000002018,jazz-units:items.lua:117810 | jazz-units:UnitData/Jazz_Dimitri.lua:117
890000000002021,Летит!,Летит!,,manual-translation,needs-english,jazz-units,890000000002021,jazz-units:items.lua:117886
890000000002024,Меня зацепило! Кто меня подстрелил?,Меня зацепило! Кто меня подстрелил?,,manual-translation,needs-english,jazz-units,890000000002024,jazz-units:items.lua:117927
890000000002028,А что я должен делать?,А что я должен делать?,,manual-translation,needs-english,jazz-units,890000000002028,jazz-units:items.lua:117948
890000000002104,БЕШЕНЫЙ,БЕШЕНЫЙ,,manual-translation,needs-english,jazz-units,890000000002104,jazz-units:items.lua:118059 | jazz-units:UnitData/Jazz_Madman.lua:24
890000000002113,"Ты пропал, а я тут заскучал. Продолжай давай.","Ты пропал, а я тут заскучал. Продолжай давай.",,manual-translation,needs-english,jazz-units,890000000002113,jazz-units:items.lua:118112 | jazz-units:UnitData/Jazz_Madman.lua:77
890000000002114,Ну где драка? Мне бы уже кого-то стукнуть.,Ну где драка? Мне бы уже кого-то стукнуть.,,manual-translation,needs-english,jazz-units,890000000002114,jazz-units:items.lua:118117 | jazz-units:UnitData/Jazz_Madman.lua:82
890000000002116,"Контракт заканчивается — продлеваем, или сам пойду кого-нибудь чинить?","Контракт заканчивается — продлеваем, или сам пойду кого-нибудь чинить?",,manual-translation,needs-english,jazz-units,890000000002116,jazz-units:items.lua:118127 | jazz-units:UnitData/Jazz_Madman.lua:92
890000000002122,Не так я хотел кончить...,Не так я хотел кончить...,,manual-translation,needs-english,jazz-units,890000000002122,jazz-units:items.lua:118266
890000000002124,ДА! Наконец-то!,ДА! Наконец-то!,,manual-translation,needs-english,jazz-units,890000000002124,jazz-units:items.lua:118254
890000000002128,Лиска рядом — день удался.,Лиска рядом — день удался.,,manual-translation,needs-english,jazz-units,890000000002128,jazz-units:items.lua:118351
890000000002209,"Пока пьяный Ларри в отряде — я не подписываюсь. Это не армия, а балаган.","Пока пьяный Ларри в отряде — я не подписываюсь. Это не армия, а балаган.",,manual-translation,needs-english,jazz-units,890000000002209,jazz-units:items.lua:118390 | jazz-units:UnitData/Jazz_Conrad.lua:34
890000000002210,Моя ставка не обсуждается — разве что в большую сторону.,Моя ставка не обсуждается — разве что в большую сторону.,,manual-translation,needs-english,jazz-units,890000000002210,jazz-units:items.lua:118406 | jazz-units:UnitData/Jazz_Conrad.lua:50
890000000002211,"Отряд полон американцев. Ясно, доплата за акцент, который приходится терпеть.","Отряд полон американцев. Ясно, доплата за акцент, который приходится терпеть.",,manual-translation,needs-english,jazz-units,890000000002211,jazz-units:items.lua:118417 | jazz-units:UnitData/Jazz_Conrad.lua:61
890000000002218,Контракт принят. Постройте людей — начинаем с дисциплины.,Контракт принят. Постройте людей — начинаем с дисциплины.,,manual-translation,needs-english,jazz-units,890000000002218,jazz-units:items.lua:118490 | jazz-units:UnitData/Jazz_Conrad.lua:134
890000000002224,Учебная цель поражена.,Учебная цель поражена.,,manual-translation,needs-english,jazz-units,890000000002224,jazz-units:items.lua:118598
890000000002229,Боезапас на исходе.,Боезапас на исходе.,,manual-translation,needs-english,jazz-units,890000000002229,jazz-units:items.lua:118605
890000000002230,Жду распоряжений.,Жду распоряжений.,,manual-translation,needs-english,jazz-units,890000000002230,jazz-units:items.lua:118639
890000000002231,Хоть бы Ларри протрезвел когда-нибудь.,Хоть бы Ларри протрезвел когда-нибудь.,,manual-translation,needs-english,jazz-units,890000000002231,jazz-units:items.lua:118718
890000000002311,"Майк. Перезвоните — если срочно, я перезвоню первым.","Майк. Перезвоните — если срочно, я перезвоню первым.",,manual-translation,needs-english,jazz-units,890000000002311,jazz-units:items.lua:118794 | jazz-units:UnitData/Jazz_Mike.lua:68
890000000002313,"Пропала связь. Ладно, продолжаем — я никуда не спешу.","Пропала связь. Ладно, продолжаем — я никуда не спешу.",,manual-translation,needs-english,jazz-units,890000000002313,jazz-units:items.lua:118804 | jazz-units:UnitData/Jazz_Mike.lua:78
890000000002314,"Говори. Я слушаю, но недолго.","Говори. Я слушаю, но недолго.",,manual-translation,needs-english,jazz-units,890000000002314,jazz-units:items.lua:118809 | jazz-units:UnitData/Jazz_Mike.lua:83
890000000002315,Как в старые добрые. Я в деле.,Как в старые добрые. Я в деле.,,manual-translation,needs-english,jazz-units,890000000002315,jazz-units:items.lua:118814 | jazz-units:UnitData/Jazz_Mike.lua:88
890000000002316,Контракт заканчивается. Обычно я ухожу тихо — но спрошу: продлеваем?,Контракт заканчивается. Обычно я ухожу тихо — но спрошу: продлеваем?,,manual-translation,needs-english,jazz-units,890000000002316,jazz-units:items.lua:118819 | jazz-units:UnitData/Jazz_Mike.lua:93
890000000002318,Майк на месте.,Майк на месте.,,manual-translation,needs-english,jazz-units,890000000002318,jazz-units:items.lua:118868
890000000002322,Не в этот раз...,Не в этот раз...,,manual-translation,needs-english,jazz-units,890000000002322,jazz-units:items.lua:118958
890000000002323,Подбили — но я держусь.,Подбили — но я держусь.,,manual-translation,needs-english,jazz-units,890000000002323,jazz-units:items.lua:118940
890000000002404,ГРОМ,ГРОМ,,manual-translation,needs-english,jazz-units,890000000002404,jazz-units:items.lua:119072 | jazz-units:UnitData/Jazz_Grom.lua:24
890000000002409,"Пока Скоуп у вас — нет. Он вечно критикует чужую наводку, а я его слышать не хочу.","Пока Скоуп у вас — нет. Он вечно критикует чужую наводку, а я его слышать не хочу.",,manual-translation,needs-english,jazz-units,890000000002409,jazz-units:items.lua:119082 | jazz-units:UnitData/Jazz_Grom.lua:34
890000000002413,"Майор Громов. Аэродром ваш — значит, и я ваш.","Майор Громов. Аэродром ваш — значит, и я ваш.",,manual-translation,needs-english,jazz-units,890000000002413,jazz-units:items.lua:119140 | jazz-units:UnitData/Jazz_Grom.lua:92
890000000002414,"Связь прервалась. Продолжайте, товарищ.","Связь прервалась. Продолжайте, товарищ.",,manual-translation,needs-english,jazz-units,890000000002414,jazz-units:items.lua:119145 | jazz-units:UnitData/Jazz_Grom.lua:97
890000000002419,Майор Громов на позиции.,Майор Громов на позиции.,,manual-translation,needs-english,jazz-units,890000000002419,jazz-units:items.lua:119211
890000000002420,Опп-а! Вижу цель.,Опп-а! Вижу цель.,,manual-translation,needs-english,jazz-units,890000000002420 | 890000000002421 | 890000000007890,jazz-units:items.lua:119241 | jazz-units:items.lua:119242 | jazz-units:items.lua:119256
890000000002427,"И рад бы, да стрелять нечем.","И рад бы, да стрелять нечем.",,manual-translation,needs-english,jazz-units,890000000002427 | 890000000007894,jazz-units:items.lua:119270 | jazz-units:items.lua:119267
890000000002430,"Отлично, землячок!","Отлично, землячок!",,manual-translation,needs-english,jazz-units,890000000002430,jazz-units:items.lua:119386
890000000002603,Дэнни,Дэнни,,manual-translation,needs-english,jazz-units,890000000002603,jazz-units:items.lua:120327 | jazz-units:UnitData/Jazz_Quinten.lua:23
890000000002610,"Слишком много раненых и погибших на вашем счету. Я предпочитаю пациентов, которые выживают.","Слишком много раненых и погибших на вашем счету. Я предпочитаю пациентов, которые выживают.",,manual-translation,needs-english,jazz-units,890000000002610,jazz-units:items.lua:120355 | jazz-units:UnitData/Jazz_Quinten.lua:51
890000000002617,"Ты собираешься продлевать мой контракт? Сообщи поскорее, если хочешь, чтобы я к тому моменту был свободен.","Ты собираешься продлевать мой контракт? Сообщи поскорее, если хочешь, чтобы я к тому моменту был свободен.",,manual-translation,needs-english,jazz-units,890000000002617,jazz-units:items.lua:120408 | jazz-units:UnitData/Jazz_Quinten.lua:103
890000000002704,ЗЛОБНЫЙ,ЗЛОБНЫЙ,,manual-translation,needs-english,jazz-units,890000000002704,jazz-units:items.lua:120662 | jazz-units:UnitData/Jazz_Vicious.lua:24
890000000002712,Если ищете ещё одну прекрасную даму в отряд — зовите Лиску.,Если ищете ещё одну прекрасную даму в отряд — зовите Лиску.,,manual-translation,needs-english,jazz-units,890000000002712,jazz-units:items.lua:120724 | jazz-units:UnitData/Jazz_Vicious.lua:86
890000000002715,Связь прервалась. Вернёмся к делу.,Связь прервалась. Вернёмся к делу.,,manual-translation,needs-english,jazz-units,890000000002715 | 890000000002815 | 890000000002914 | 890000000003015 | 890000000003115 | 890000000003214 | 890000000003412 | 890000000003515 | 890000000003715 | 890000000004116 | 890000000004315 | 890000000004414 | 890000000004513 | 890000000004628 | 890000000004644 | 890000000004676 | 890000000004692 | 890000000004708 | 890000000004724 | 890000000004820,jazz-units:items.lua:120748 | jazz-units:UnitData/Jazz_Vicious.lua:110 | jazz-units:items.lua:121098 | jazz-units:UnitData/Jazz_Biff.lua:106 | jazz-units:items.lua:121433 | jazz-units:UnitData/Jazz_Nervous.lua:89 | jazz-units:items.lua:121783 | jazz-units:UnitData/Jazz_Flo.lua:105 | jazz-units:items.lua:122131 | jazz-units:UnitData/Jazz_Cougar.lua:105 | jazz-units:items.lua:122473 | jazz-units:UnitData/Jazz_Miguel.lua:98 | jazz-units:items.lua:123091 | jazz-units:UnitData/Jazz_Dynamo.lua:61 | jazz-units:items.lua:123445 | jazz-units:UnitData/Jazz_Gaston.lua:111 | jazz-units:items.lua:124150 | jazz-units:UnitData/Jazz_Manuel.lua:102 | jazz-units:items.lua:125593 | jazz-units:UnitData/Jazz_Static.lua:134 | jazz-units:items.lua:126256 | jazz-units:UnitData/Jazz_Bull.lua:103 | jazz-units:items.lua:126599 | jazz-units:UnitData/Jazz_Cord.lua:98 | jazz-units:items.lua:126916 | jazz-units:UnitData/Jazz_Hobbit.lua:71 | jazz-units:items.lua:127809 | jazz-units:UnitData/Jazz_Carlos.lua:32 | jazz-units:items.lua:128056 | jazz-units:UnitData/Jazz_Devin.lua:32 | jazz-units:items.lua:128550 | jazz-units:UnitData/Jazz_Vince.lua:32 | jazz-units:items.lua:128797 | jazz-units:UnitData/Jazz_Hitman.lua:32 | jazz-units:items.lua:129044 | jazz-units:UnitData/Jazz_Biggens.lua:32 | jazz-units:items.lua:129291 | jazz-units:UnitData/Jazz_Kulba.lua:32 | jazz-units:items.lua:130773 | jazz-units:UnitData/Jazz_Eskimo.lua:32
890000000002717,"Я уже еду — и, конечно, красиво.","Я уже еду — и, конечно, красиво.",,manual-translation,needs-english,jazz-units,890000000002717,jazz-units:items.lua:120758 | jazz-units:UnitData/Jazz_Vicious.lua:120
890000000002718,"Контракт заканчивается. Продлеваем, chérie?","Контракт заканчивается. Продлеваем, chérie?",,manual-translation,needs-english,jazz-units,890000000002718,jazz-units:items.lua:120763 | jazz-units:UnitData/Jazz_Vicious.lua:125
890000000002719,"Остаюсь. Здесь веселее, чем дома.","Остаюсь. Здесь веселее, чем дома.",,manual-translation,needs-english,jazz-units,890000000002719,jazz-units:items.lua:120768 | jazz-units:UnitData/Jazz_Vicious.lua:130
890000000002804,БИФФ,БИФФ,,manual-translation,needs-english,jazz-units,890000000002804,jazz-units:items.lua:121016 | jazz-units:UnitData/Jazz_Biff.lua:24
890000000002806,Ссыкло MERC,Ссыкло MERC,,manual-translation,needs-english,jazz-units,890000000002806,jazz-units:items.lua:121019 | jazz-units:UnitData/Jazz_Biff.lua:27
890000000002812,"Если найдёте Фло — берите, вместе нам как-то спокойнее.","Если найдёте Фло — берите, вместе нам как-то спокойнее.",,manual-translation,needs-english,jazz-units,890000000002812,jazz-units:items.lua:121074 | jazz-units:UnitData/Jazz_Biff.lua:82
890000000002816,Можно... без стрельбы обойтись?,Можно... без стрельбы обойтись?,,manual-translation,needs-english,jazz-units,890000000002816,jazz-units:items.lua:121103 | jazz-units:UnitData/Jazz_Biff.lua:111
890000000002817,Ладно... я попробую. Только пусть кто-нибудь прикроет.,Ладно... я попробую. Только пусть кто-нибудь прикроет.,,manual-translation,needs-english,jazz-units,890000000002817,jazz-units:items.lua:121108 | jazz-units:UnitData/Jazz_Biff.lua:116
890000000002818,Контракт заканчивается. Продлеваем?,Контракт заканчивается. Продлеваем?,,manual-translation,needs-english,jazz-units,890000000002818 | 890000000002917 | 890000000003018 | 890000000003118 | 890000000003217 | 890000000003316 | 890000000003415 | 890000000003718 | 890000000004119 | 890000000004318 | 890000000004417 | 890000000004516 | 890000000004631 | 890000000004647 | 890000000004679 | 890000000004695 | 890000000004711 | 890000000004727 | 890000000004823,jazz-units:items.lua:121113 | jazz-units:UnitData/Jazz_Biff.lua:121 | jazz-units:items.lua:121448 | jazz-units:UnitData/Jazz_Nervous.lua:104 | jazz-units:items.lua:121798 | jazz-units:UnitData/Jazz_Flo.lua:120 | jazz-units:items.lua:122146 | jazz-units:UnitData/Jazz_Cougar.lua:120 | jazz-units:items.lua:122488 | jazz-units:UnitData/Jazz_Miguel.lua:113 | jazz-units:items.lua:122804 | jazz-units:UnitData/Jazz_Gamos.lua:86 | jazz-units:items.lua:123106 | jazz-units:UnitData/Jazz_Dynamo.lua:76 | jazz-units:items.lua:124165 | jazz-units:UnitData/Jazz_Manuel.lua:117 | jazz-units:items.lua:125608 | jazz-units:UnitData/Jazz_Static.lua:149 | jazz-units:items.lua:126271 | jazz-units:UnitData/Jazz_Bull.lua:118 | jazz-units:items.lua:126614 | jazz-units:UnitData/Jazz_Cord.lua:113 | jazz-units:items.lua:126931 | jazz-units:UnitData/Jazz_Hobbit.lua:86 | jazz-units:items.lua:127812 | jazz-units:UnitData/Jazz_Carlos.lua:35 | jazz-units:items.lua:128059 | jazz-units:UnitData/Jazz_Devin.lua:35 | jazz-units:items.lua:128553 | jazz-units:UnitData/Jazz_Vince.lua:35 | jazz-units:items.lua:128800 | jazz-units:UnitData/Jazz_Hitman.lua:35 | jazz-units:items.lua:129047 | jazz-units:UnitData/Jazz_Biggens.lua:35 | jazz-units:items.lua:129294 | jazz-units:UnitData/Jazz_Kulba.lua:35 | jazz-units:items.lua:130776 | jazz-units:UnitData/Jazz_Eskimo.lua:35
890000000002909,Пока трусливый Бифф в отряде — нет! Он меня ещё больше нервирует!,Пока трусливый Бифф в отряде — нет! Он меня ещё больше нервирует!,,manual-translation,needs-english,jazz-units,890000000002909,jazz-units:items.lua:121377 | jazz-units:UnitData/Jazz_Nervous.lua:34
890000000002910,Слишком много наших полегло! Я и так на нервах!,Слишком много наших полегло! Я и так на нервах!,,manual-translation,needs-english,jazz-units,890000000002910,jazz-units:items.lua:121391 | jazz-units:UnitData/Jazz_Nervous.lua:48
890000000002916,"Уже бегу, уже бегу! Патроны есть, всё нормально!","Уже бегу, уже бегу! Патроны есть, всё нормально!",,manual-translation,needs-english,jazz-units,890000000002916,jazz-units:items.lua:121443 | jazz-units:UnitData/Jazz_Nervous.lua:99
890000000003003,Фло,Фло,,manual-translation,needs-english,jazz-units,890000000003003,jazz-units:items.lua:121701 | jazz-units:UnitData/Jazz_Flo.lua:23
890000000003010,"Извините, но за такие копейки я лучше дома посижу.","Извините, но за такие копейки я лучше дома посижу.",,manual-translation,needs-english,jazz-units,890000000003010,jazz-units:items.lua:121725 | jazz-units:UnitData/Jazz_Flo.lua:47
890000000003017,"Ладно, только без стрельбы... наверное.","Ладно, только без стрельбы... наверное.",,manual-translation,needs-english,jazz-units,890000000003017,jazz-units:items.lua:121793 | jazz-units:UnitData/Jazz_Flo.lua:115
890000000003111,"Вульф или Лен уже здесь? Тогда я спокоен, иду.","Вульф или Лен уже здесь? Тогда я спокоен, иду.",,manual-translation,needs-english,jazz-units,890000000003111,jazz-units:items.lua:122088 | jazz-units:UnitData/Jazz_Cougar.lua:62
890000000003119,"Остаюсь. Тихо, но остаюсь.","Остаюсь. Тихо, но остаюсь.",,manual-translation,needs-english,jazz-units,890000000003119,jazz-units:items.lua:122151 | jazz-units:UnitData/Jazz_Cougar.lua:125
890000000003200,Команданте,Команданте,,manual-translation,needs-english,jazz | jazz-units,890000000003200 | 890000000003206,jazz:CharacterEffect/Jazz_Perk_Miguel.lua:9 | jazz:items.lua:72664 | jazz-units:items.lua:122402 | jazz-units:UnitData/Jazz_Miguel.lua:27
890000000003204,МИГЕЛЬ,МИГЕЛЬ,,manual-translation,needs-english,jazz-units,890000000003204,jazz-units:items.lua:122399 | jazz-units:UnitData/Jazz_Miguel.lua:24
890000000003213,Говорит Мигель. Слушаю.,Говорит Мигель. Слушаю.,,manual-translation,needs-english,jazz-units,890000000003213,jazz-units:items.lua:122468 | jazz-units:UnitData/Jazz_Miguel.lua:93
890000000003304,ГАМОС,ГАМОС,,manual-translation,needs-english,jazz-units,890000000003304,jazz-units:items.lua:122741 | jazz-units:UnitData/Jazz_Gamos.lua:24
890000000003309,Много люди умирать с вами. Гамос не хотеть так.,Много люди умирать с вами. Гамос не хотеть так.,,manual-translation,needs-english,jazz-units,890000000003309,jazz-units:items.lua:122751 | jazz-units:UnitData/Jazz_Gamos.lua:34
890000000003313,Связь пропадать. Вернёмся к делу.,Связь пропадать. Вернёмся к делу.,,manual-translation,needs-english,jazz-units,890000000003313,jazz-units:items.lua:122789 | jazz-units:UnitData/Jazz_Gamos.lua:71
890000000003315,"Хорошо, Гамос идёт. Джунгли не страшны.","Хорошо, Гамос идёт. Джунгли не страшны.",,manual-translation,needs-english,jazz-units,890000000003315,jazz-units:items.lua:122799 | jazz-units:UnitData/Jazz_Gamos.lua:81
890000000003409,"Кровь уже здесь? Тогда ладно, повеселимся.","Кровь уже здесь? Тогда ладно, повеселимся.",,manual-translation,needs-english,jazz-units,890000000003409,jazz-units:items.lua:123066 | jazz-units:UnitData/Jazz_Dynamo.lua:37
890000000003411,Динамо. Чо надо?,Динамо. Чо надо?,,manual-translation,needs-english,jazz-units,890000000003411,jazz-units:items.lua:123086 | jazz-units:UnitData/Jazz_Dynamo.lua:56
890000000003413,"Давай уже, время не резиновое.","Давай уже, время не резиновое.",,manual-translation,needs-english,jazz-units,890000000003413,jazz-units:items.lua:123096 | jazz-units:UnitData/Jazz_Dynamo.lua:66
890000000003503,Гастон,Гастон,,manual-translation,needs-english,jazz-units,890000000003503,jazz-units:items.lua:123357 | jazz-units:UnitData/Jazz_Gaston.lua:23
890000000003506,Дамский снайпер,Дамский снайпер,,manual-translation,needs-english,jazz-units,890000000003506,jazz-units:items.lua:123361 | jazz-units:UnitData/Jazz_Gaston.lua:27
890000000003510,Слишком много потерь для моего вкуса.,Слишком много потерь для моего вкуса.,,manual-translation,needs-english,jazz-units,890000000003510,jazz-units:items.lua:123385 | jazz-units:UnitData/Jazz_Gaston.lua:51
890000000003512,Если ищете ещё одну прекрасную даму — зовите Тоску.,Если ищете ещё одну прекрасную даму — зовите Тоску.,,manual-translation,needs-english,jazz-units,890000000003512,jazz-units:items.lua:123421 | jazz-units:UnitData/Jazz_Gaston.lua:87
890000000003517,Pour vous — всегда готов. Беру винтовку.,Pour vous — всегда готов. Беру винтовку.,,manual-translation,needs-english,jazz-units,890000000003517,jazz-units:items.lua:123455 | jazz-units:UnitData/Jazz_Gaston.lua:121
890000000003519,Остаюсь. Крыши здесь превосходные.,Остаюсь. Крыши здесь превосходные.,,manual-translation,needs-english,jazz-units,890000000003519,jazz-units:items.lua:123465 | jazz-units:UnitData/Jazz_Gaston.lua:131
890000000003604,СИГАРА,СИГАРА,,manual-translation,needs-english,jazz-units,890000000003604,jazz-units:items.lua:123717 | jazz-units:UnitData/Jazz_Horg.lua:25
890000000003609,Пока Колби в отряде — нет. Не выношу этого типа.,Пока Колби в отряде — нет. Не выношу этого типа.,,manual-translation,needs-english,jazz-units,890000000003609,jazz-units:items.lua:123727 | jazz-units:UnitData/Jazz_Horg.lua:35
890000000003610,Слишком много наших полегло. Мне это не нравится.,Слишком много наших полегло. Мне это не нравится.,,manual-translation,needs-english,jazz-units,890000000003610,jazz-units:items.lua:123741 | jazz-units:UnitData/Jazz_Horg.lua:49
890000000003703,Мануэль,Мануэль,,manual-translation,needs-english,jazz-units,890000000003703,jazz-units:items.lua:124071 | jazz-units:UnitData/Jazz_Manuel.lua:23
890000000003710,Мало денег. У Мануэля семья — Фатима и Пако.,Мало денег. У Мануэля семья — Фатима и Пако.,,manual-translation,needs-english,jazz-units,890000000003710,jazz-units:items.lua:124095 | jazz-units:UnitData/Jazz_Manuel.lua:47
890000000003714,Это Мануэль. Слушаю.,Это Мануэль. Слушаю.,,manual-translation,needs-english,jazz-units,890000000003714,jazz-units:items.lua:124145 | jazz-units:UnitData/Jazz_Manuel.lua:97
890000000003717,Иду с вами. Фатима поймёт.,Иду с вами. Фатима поймёт.,,manual-translation,needs-english,jazz-units,890000000003717,jazz-units:items.lua:124160 | jazz-units:UnitData/Jazz_Manuel.lua:112
890000000003803,Монк,Монк,,manual-translation,needs-english,jazz-units,890000000003803,jazz-units:items.lua:124415 | jazz-units:UnitData/Jazz_Monk.lua:23
890000000004003,Хеннинг,Хеннинг,,manual-translation,needs-english,jazz-units,890000000004003,jazz-units:items.lua:125125 | jazz-units:UnitData/Jazz_Henning.lua:23
890000000004103,Статик,Статик,,manual-translation,needs-english,jazz-units,890000000004103,jazz-units:items.lua:125482 | jazz-units:UnitData/Jazz_Static.lua:23
890000000004106,Хиппи-механик,Хиппи-механик,,manual-translation,needs-english,jazz-units,890000000004106,jazz-units:items.lua:125486 | jazz-units:UnitData/Jazz_Static.lua:27
890000000004117,"Мир... и гайки, чувак.","Мир... и гайки, чувак.",,manual-translation,needs-english,jazz-units,890000000004117,jazz-units:items.lua:125598 | jazz-units:UnitData/Jazz_Static.lua:139
890000000004209,На такие деньги даже фляжку не наполнишь.,На такие деньги даже фляжку не наполнишь.,,manual-translation,needs-english,jazz-units,890000000004209,jazz-units:items.lua:125875 | jazz-units:UnitData/Jazz_Highball.lua:34
890000000004214,"Немногие бойцы способны причинять или облегчать боль так, как я могу.","Немногие бойцы способны причинять или облегчать боль так, как я могу.",,manual-translation,needs-english,jazz-units,890000000004214,jazz-units:items.lua:125918 | jazz-units:UnitData/Jazz_Highball.lua:76
890000000004304,БЫК,БЫК,,manual-translation,needs-english,jazz-units,890000000004304,jazz-units:items.lua:126177 | jazz-units:UnitData/Jazz_Bull.lua:24
890000000004306,Дешёвый танк,Дешёвый танк,,manual-translation,needs-english,jazz-units,890000000004306,jazz-units:items.lua:126180 | jazz-units:UnitData/Jazz_Bull.lua:27
890000000004311,"О, Нейлс уже тут? Тогда порядок.","О, Нейлс уже тут? Тогда порядок.",,manual-translation,needs-english,jazz-units,890000000004311,jazz-units:items.lua:126216 | jazz-units:UnitData/Jazz_Bull.lua:63
890000000004312,Если нужен ещё крепкий парень — берите Нейлса.,Если нужен ещё крепкий парень — берите Нейлса.,,manual-translation,needs-english,jazz-units,890000000004312,jazz-units:items.lua:126232 | jazz-units:UnitData/Jazz_Bull.lua:79
890000000004316,Где враги? Хочу бить.,Где враги? Хочу бить.,,manual-translation,needs-english,jazz-units,890000000004316,jazz-units:items.lua:126261 | jazz-units:UnitData/Jazz_Bull.lua:108
890000000004317,Угх. Иду бить.,Угх. Иду бить.,,manual-translation,needs-english,jazz-units,890000000004317,jazz-units:items.lua:126266 | jazz-units:UnitData/Jazz_Bull.lua:113
890000000004404,КАРДАН,КАРДАН,,manual-translation,needs-english,jazz-units,890000000004404,jazz-units:items.lua:126524 | jazz-units:UnitData/Jazz_Cord.lua:24
890000000004406,Забывчивый механик,Забывчивый механик,,manual-translation,needs-english,jazz-units,890000000004406,jazz-units:items.lua:126527 | jazz-units:UnitData/Jazz_Cord.lua:27
890000000004416,"Кажется, я согласился. Иду.","Кажется, я согласился. Иду.",,manual-translation,needs-english,jazz-units,890000000004416,jazz-units:items.lua:126609 | jazz-units:UnitData/Jazz_Cord.lua:108
890000000004509,Маловато. Такими темпами всё плохо кончится.,Маловато. Такими темпами всё плохо кончится.,,manual-translation,needs-english,jazz-units,890000000004509,jazz-units:items.lua:126878 | jazz-units:UnitData/Jazz_Hobbit.lua:34
890000000004512,"Хоббит на связи. Я не Фродо, если что.","Хоббит на связи. Я не Фродо, если что.",,manual-translation,needs-english,jazz-units,890000000004512,jazz-units:items.lua:126911 | jazz-units:UnitData/Jazz_Hobbit.lua:66
890000000004515,"Ладно, могу и понести вас, если что.","Ладно, могу и понести вас, если что.",,manual-translation,needs-english,jazz-units,890000000004515,jazz-units:items.lua:126926 | jazz-units:UnitData/Jazz_Hobbit.lua:81
890000000004517,Остаюсь. Всё равно хуже уже не будет.,Остаюсь. Всё равно хуже уже не будет.,,manual-translation,needs-english,jazz-units,890000000004517,jazz-units:items.lua:126936 | jazz-units:UnitData/Jazz_Hobbit.lua:91
890000000004626,Карлос... зачем звонить? Всё равно плохо кончится.,Карлос... зачем звонить? Всё равно плохо кончится.,,manual-translation,needs-english,jazz-units,890000000004626,jazz-units:items.lua:127807 | jazz-units:UnitData/Jazz_Carlos.lua:30
890000000004627,Карлос слушает. Плохие новости?,Карлос слушает. Плохие новости?,,manual-translation,needs-english,jazz-units,890000000004627,jazz-units:items.lua:127808 | jazz-units:UnitData/Jazz_Carlos.lua:31
890000000004636,Девин,Девин,,manual-translation,needs-english,jazz-units,890000000004636,jazz-units:items.lua:128047 | jazz-units:UnitData/Jazz_Devin.lua:23
890000000004648,Остаюсь.,Остаюсь.,,manual-translation,needs-english,jazz-units,890000000004648 | 890000000006637 | 890000000006663,jazz-units:items.lua:128060 | jazz-units:UnitData/Jazz_Devin.lua:36 | jazz-units:items.lua:119454 | jazz-units:UnitData/Jazz_Benny.lua:62 | jazz-units:items.lua:119739 | jazz-units:UnitData/Jazz_Simon.lua:62
890000000004653,ШЕНК,ШЕНК,,manual-translation,needs-english,jazz-units,890000000004653,jazz-units:items.lua:128295 | jazz-units:UnitData/Jazz_Shank.lua:24
890000000004671,Ментор,Ментор,,manual-translation,needs-english,jazz-units,890000000004671,jazz-units:items.lua:128545 | jazz-units:UnitData/Jazz_Vince.lua:27
890000000004677,Всегда рад научить чему-то новому.,Всегда рад научить чему-то новому.,,manual-translation,needs-english,jazz-units,890000000004677,jazz-units:items.lua:128551 | jazz-units:UnitData/Jazz_Vince.lua:33
890000000004696,Остаюсь ещё немного.,Остаюсь ещё немного.,,manual-translation,needs-english,jazz-units,890000000004696,jazz-units:items.lua:128801 | jazz-units:UnitData/Jazz_Hitman.lua:36
890000000004700,Биггенс,Биггенс,,manual-translation,needs-english,jazz-units,890000000004700,jazz-units:items.lua:129035 | jazz-units:UnitData/Jazz_Biggens.lua:23
890000000004703,Усталый дед,Усталый дед,,manual-translation,needs-english,jazz-units,890000000004703,jazz-units:items.lua:129039 | jazz-units:UnitData/Jazz_Biggens.lua:27
890000000004706,Биггенс отдыхает. Перезвоните.,Биггенс отдыхает. Перезвоните.,,manual-translation,needs-english,jazz-units,890000000004706,jazz-units:items.lua:129042 | jazz-units:UnitData/Jazz_Biggens.lua:30
890000000004707,Полковник Биггенс слушает.,Полковник Биггенс слушает.,,manual-translation,needs-english,jazz-units,890000000004707,jazz-units:items.lua:129043 | jazz-units:UnitData/Jazz_Biggens.lua:31
890000000004712,Остаюсь. Дело своё знаю.,Остаюсь. Дело своё знаю.,,manual-translation,needs-english,jazz-units,890000000004712,jazz-units:items.lua:129048 | jazz-units:UnitData/Jazz_Biggens.lua:36
890000000004716,Кульба,Кульба,,manual-translation,needs-english,jazz-units,890000000004716,jazz-units:items.lua:129282 | jazz-units:UnitData/Jazz_Kulba.lua:23
890000000004725,Старое оружие ещё послужит.,Старое оружие ещё послужит.,,manual-translation,needs-english,jazz-units,890000000004725,jazz-units:items.lua:129292 | jazz-units:UnitData/Jazz_Kulba.lua:33
890000000004726,За свободу. Я в деле.,За свободу. Я в деле.,,manual-translation,needs-english,jazz-units,890000000004726,jazz-units:items.lua:129293 | jazz-units:UnitData/Jazz_Kulba.lua:34
890000000004728,Остаюсь. Есть ещё порох в пороховницах.,Остаюсь. Есть ещё порох в пороховницах.,,manual-translation,needs-english,jazz-units,890000000004728,jazz-units:items.lua:129295 | jazz-units:UnitData/Jazz_Kulba.lua:36
890000000004733,ЗАНУДА,ЗАНУДА,,manual-translation,needs-english,jazz-units,890000000004733,jazz-units:items.lua:129530 | jazz-units:UnitData/Jazz_Vilde.lua:24
890000000004738,"Это Леннарт Вильде. Если вам есть что предложить, говорите после сигнала.","Это Леннарт Вильде. Если вам есть что предложить, говорите после сигнала.",,manual-translation,needs-english,jazz-units,890000000004738,jazz-units:items.lua:129536 | jazz-units:UnitData/Jazz_Vilde.lua:30
890000000004742,"Отлично, я поспешу.","Отлично, я поспешу.",,manual-translation,needs-english,jazz-units,890000000004742,jazz-units:items.lua:129540 | jazz-units:UnitData/Jazz_Vilde.lua:34
890000000004743,Я был бы не против продлить контракт... Есть работа?,Я был бы не против продлить контракт... Есть работа?,,manual-translation,needs-english,jazz-units,890000000004743,jazz-units:items.lua:129541 | jazz-units:UnitData/Jazz_Vilde.lua:35
890000000004744,Отлично. Мы договорились.,Отлично. Мы договорились.,,manual-translation,needs-english,jazz-units,890000000004744 | 890000000004808,jazz-units:items.lua:129542 | jazz-units:UnitData/Jazz_Vilde.lua:36 | jazz-units:items.lua:130530 | jazz-units:UnitData/Jazz_Laura.lua:36
890000000004749,ГРЕЙС,ГРЕЙС,,manual-translation,needs-english,jazz-units,890000000004749,jazz-units:items.lua:129777 | jazz-units:UnitData/Jazz_Grace.lua:24
890000000004756,Я сказала...,Я сказала...,,manual-translation,needs-english,jazz-units,890000000004756,jazz-units:items.lua:129785 | jazz-units:UnitData/Jazz_Grace.lua:32
890000000004758,"Прекрасно. Берегитесь, плохиши, кто не спрятался, я не виновата!","Прекрасно. Берегитесь, плохиши, кто не спрятался, я не виновата!",,manual-translation,needs-english,jazz-units,890000000004758,jazz-units:items.lua:129787 | jazz-units:UnitData/Jazz_Grace.lua:34
890000000004760,Понято и принято.,Понято и принято.,,manual-translation,needs-english,jazz-units,890000000004760,jazz-units:items.lua:129789 | jazz-units:UnitData/Jazz_Grace.lua:36
890000000004765,ШТАЙГЕР,ШТАЙГЕР,,manual-translation,needs-english,jazz-units,890000000004765,jazz-units:items.lua:130024 | jazz-units:UnitData/Jazz_Steiger.lua:24
890000000004770,"Говорит Рудольф Штайгер. Оставьте сообщение. Возможно, я перезвоню.","Говорит Рудольф Штайгер. Оставьте сообщение. Возможно, я перезвоню.",,manual-translation,needs-english,jazz-units,890000000004770,jazz-units:items.lua:130030 | jazz-units:UnitData/Jazz_Steiger.lua:30
890000000004771,Привет...,Привет...,,manual-translation,needs-english,jazz-units,890000000004771,jazz-units:items.lua:130031 | jazz-units:UnitData/Jazz_Steiger.lua:31
890000000004780,Лаки,Лаки,,manual-translation,needs-english,jazz-units,890000000004780,jazz-units:items.lua:130270 | jazz-units:UnitData/Jazz_Lucky.lua:23
890000000004789,Я - оружие массового поражения...,Я - оружие массового поражения...,,manual-translation,needs-english,jazz-units,890000000004789,jazz-units:items.lua:130280 | jazz-units:UnitData/Jazz_Lucky.lua:33
890000000004797,ЛОРА,ЛОРА,,manual-translation,needs-english,jazz-units,890000000004797,jazz-units:items.lua:130518 | jazz-units:UnitData/Jazz_Laura.lua:24
890000000004802,Это врач Лора Колин. В неотложных случаях вы можете отправить сообщение на мой пейджер.,Это врач Лора Колин. В неотложных случаях вы можете отправить сообщение на мой пейджер.,,manual-translation,needs-english,jazz-units,890000000004802,jazz-units:items.lua:130524 | jazz-units:UnitData/Jazz_Laura.lua:30
890000000004804,Я повторю.,Я повторю.,,manual-translation,needs-english,jazz-units,890000000004804,jazz-units:items.lua:130526 | jazz-units:UnitData/Jazz_Laura.lua:32
890000000004806,"Да. Я думаю, этот контракт окажется интересным.","Да. Я думаю, этот контракт окажется интересным.",,manual-translation,needs-english,jazz-units,890000000004806,jazz-units:items.lua:130528 | jazz-units:UnitData/Jazz_Laura.lua:34
890000000004807,"Возможно, вы согласитесь продлить контракт?","Возможно, вы согласитесь продлить контракт?",,manual-translation,needs-english,jazz-units,890000000004807,jazz-units:items.lua:130529 | jazz-units:UnitData/Jazz_Laura.lua:35
890000000004821,Холодно только в имени.,Холодно только в имени.,,manual-translation,needs-english,jazz-units,890000000004821,jazz-units:items.lua:130774 | jazz-units:UnitData/Jazz_Eskimo.lua:33
890000000004824,Остаюсь. Тюрьма научила меня терпению.,Остаюсь. Тюрьма научила меня терпению.,,manual-translation,needs-english,jazz-units,890000000004824,jazz-units:items.lua:130777 | jazz-units:UnitData/Jazz_Eskimo.lua:36
890000000006300,Стефан Ротман.,Стефан Ротман.,,manual-translation,needs-english,jazz-units,890000000006300,jazz-units:items.lua:120123
890000000006303,Мишень ликвидирована.,Мишень ликвидирована.,,manual-translation,needs-english,jazz-units,890000000006303,jazz-units:items.lua:120175
890000000006304,Не знаю...смогу ли я выжить.,Не знаю...смогу ли я выжить.,,manual-translation,needs-english,jazz-units,890000000006304,jazz-units:items.lua:120213
890000000006305,Меня клиенты и почище обрабатывали.,Меня клиенты и почище обрабатывали.,,manual-translation,needs-english,jazz-units,890000000006305,jazz-units:items.lua:120195
890000000006308,Пора заняться чем-нибудь еще.,Пора заняться чем-нибудь еще.,,manual-translation,needs-english,jazz-units,890000000006308,jazz-units:items.lua:120216
890000000006310,Статик полный дебил. Он опасен и может навредить нашим.,Статик полный дебил. Он опасен и может навредить нашим.,,manual-translation,needs-english,jazz-units,890000000006310,jazz-units:items.lua:120295
890000000006315,Минус один.,Минус один.,,manual-translation,needs-english,jazz-units,890000000006315,jazz-units:items.lua:120509
890000000006318,Нужен патрон!,Нужен патрон!,,manual-translation,needs-english,jazz-units,890000000006318,jazz-units:items.lua:120516
890000000006325,Опять проблемы!,Опять проблемы!,,manual-translation,needs-english,jazz-units,890000000006325,jazz-units:items.lua:121527
890000000006326,Время поставить кое-кого на место.,Время поставить кое-кого на место.,,manual-translation,needs-english,jazz-units,890000000006326 | 890000000006331,jazz-units:items.lua:121528 | jazz-units:items.lua:121578
890000000006332,Я здесь обо всем позаботился.,Я здесь обо всем позаботился.,,manual-translation,needs-english,jazz-units,890000000006332,jazz-units:items.lua:121590
890000000006333,"Моргнуть не успеешь, как я боссом стану!","Моргнуть не успеешь, как я боссом стану!",,manual-translation,needs-english,jazz-units,890000000006333,jazz-units:items.lua:121599
890000000006336,"Я проснулась, и могу начать с того места, где кончила. Эээ.. Закончила.","Я проснулась, и могу начать с того места, где кончила. Эээ.. Закончила.",,manual-translation,needs-english,jazz-units,890000000006336,jazz-units:items.lua:121845
890000000006338,"О, non, я позволила себе надеяться, что на этот раз мы не должны их  встретить!","О, non, я позволила себе надеяться, что на этот раз мы не должны их  встретить!",,manual-translation,needs-english,jazz-units,890000000006338 | 890000000006343,jazz-units:items.lua:121876 | jazz-units:items.lua:121926
890000000006339,Я кого-то убила!,Я кого-то убила!,,manual-translation,needs-english,jazz-units,890000000006339,jazz-units:items.lua:121897
890000000006341,"На мгновение мне показалось, что я - среди ангелов. Теперь я вижу, что  по-прежн","На мгновение мне показалось, что я - среди ангелов. Теперь я вижу, что  по-прежн",,manual-translation,needs-english,jazz-units,890000000006341,jazz-units:items.lua:121917
890000000006344,Могу я что-нибудь еще сделать?,Могу я что-нибудь еще сделать?,,manual-translation,needs-english,jazz-units,890000000006344,jazz-units:items.lua:121938
890000000006350,Я готов к схватке.,Я готов к схватке.,,manual-translation,needs-english,jazz-units,890000000006350 | 890000000006355,jazz-units:items.lua:122567 | jazz-units:items.lua:122617
890000000006352,Темно. Кругом темно...Позовите врача.,Темно. Кругом темно...Позовите врача.,,manual-translation,needs-english,jazz-units,890000000006352,jazz-units:items.lua:122626
890000000006357,Я становлюсь опытнее.,Я становлюсь опытнее.,,manual-translation,needs-english,jazz-units,890000000006357,jazz-units:items.lua:122638
890000000006358,"Мне не нравится, что с нами Игги. Предателям нельзя доверять.","Мне не нравится, что с нами Игги. Предателям нельзя доверять.",,manual-translation,needs-english,jazz-units,890000000006358,jazz-units:items.lua:122708
890000000006365,Ранен!,Ранен!,,manual-translation,needs-english,jazz-units,890000000006365 | 890000000006533 | 890000000006617 | 890000000007030 | 890000000007092 | 890000000007154 | 890000000007216 | 890000000007278 | 890000000007340 | 890000000007402 | 890000000007464 | 890000000007526 | 890000000007588 | 890000000007712 | 890000000007774 | 890000000007960 | 890000000008022 | 890000000008084 | 890000000008208 | 890000000008332 | 890000000008395 | 890000000008457 | 890000000008519 | 890000000008581 | 890000000008643 | 890000000008705 | 890000000008767 | 890000000008829 | 890000000008891 | 890000000008953 | 890000000009015 | 890000000009200 | 890000000009212 | 890000000009224 | 890000000009236 | 890000000009248 | 890000000009260 | 890000000009272 | 890000000009284 | 890000000009296 | 890000000010244,jazz-units:items.lua:123584 | jazz-units:items.lua:123939 | jazz-units:items.lua:129397 | jazz-units:items.lua:121231 | jazz-units:items.lua:117239 | jazz-units:items.lua:126388 | jazz-units:items.lua:127912 | jazz-units:items.lua:118615 | jazz-units:items.lua:126732 | jazz-units:items.lua:122263 | jazz-units:items.lua:128159 | jazz-units:items.lua:117924 | jazz-units:items.lua:123222 | jazz-units:items.lua:121914 | jazz-units:items.lua:122917 | jazz-units:items.lua:126041 | jazz-units:items.lua:128900 | jazz-units:items.lua:127044 | jazz-units:items.lua:117582 | jazz-units:items.lua:118245 | jazz-units:items.lua:124280 | jazz-units:items.lua:127665 | jazz-units:items.lua:122605 | jazz-units:items.lua:121566 | jazz-units:items.lua:120526 | jazz-units:items.lua:127418 | jazz-units:items.lua:120192 | jazz-units:items.lua:128406 | jazz-units:items.lua:125729 | jazz-units:items.lua:120880 | jazz-units:items.lua:128653 | jazz-units:items.lua:124636 | jazz-units:items.lua:124993 | jazz-units:items.lua:125350 | jazz-units:items.lua:129150 | jazz-units:items.lua:129644 | jazz-units:items.lua:129891 | jazz-units:items.lua:130138 | jazz-units:items.lua:130385 | jazz-units:items.lua:130632 | jazz-units:items.lua:118937
890000000006373,Лысые здесь.,Лысые здесь.,,manual-translation,needs-english,jazz-units,890000000006373,jazz-units:items.lua:125690
890000000006374,"Они рядом, чувак.","Они рядом, чувак.",,manual-translation,needs-english,jazz-units,890000000006374 | 890000000006379,jazz-units:items.lua:125691 | jazz-units:items.lua:125741
890000000006376,"Да жахнуло меня, чувак...Мне бы врача...А?","Да жахнуло меня, чувак...Мне бы врача...А?",,manual-translation,needs-english,jazz-units,890000000006376,jazz-units:items.lua:125750
890000000006380,"Чувак, задание готово!","Чувак, задание готово!",,manual-translation,needs-english,jazz-units,890000000006380,jazz-units:items.lua:125753
890000000006383,"Ларри свойский чувак. Вот вроде, не думает головой, и вдруг, раз, и у него получ","Ларри свойский чувак. Вот вроде, не думает головой, и вдруг, раз, и у него получ",,manual-translation,needs-english,jazz-units,890000000006383,jazz-units:items.lua:125835
890000000006399,"Лежи, не дергайся.","Лежи, не дергайся.",,manual-translation,needs-english,jazz-units,890000000006399,jazz-units:items.lua:126371
890000000006404,Готово!,Готово!,,manual-translation,needs-english,jazz-units,890000000006404,jazz-units:items.lua:126412
890000000006406,"Может, нам пора избавиться от балласта? Ты как думаешь, БИФ?","Может, нам пора избавиться от балласта? Ты как думаешь, БИФ?",,manual-translation,needs-english,jazz-units,890000000006406,jazz-units:items.lua:126491
890000000006410,Дайте мне их... это будет как крылышки у мух отрывать!,Дайте мне их... это будет как крылышки у мух отрывать!,,manual-translation,needs-english,jazz-units,890000000006410 | 890000000006415,jazz-units:items.lua:127627 | jazz-units:items.lua:127677
890000000006416,Мясу нечем заняться.,Мясу нечем заняться.,,manual-translation,needs-english,jazz-units,890000000006416,jazz-units:items.lua:127689
890000000006422,Враги показались.,Враги показались.,,manual-translation,needs-english,jazz-units,890000000006422 | 890000000006427,jazz-units:items.lua:127874 | jazz-units:items.lua:127924
890000000006423,Предатель мертв.,Предатель мертв.,,manual-translation,needs-english,jazz-units,890000000006423,jazz-units:items.lua:127895
890000000006425,Ну почему всегда мне?,Ну почему всегда мне?,,manual-translation,needs-english,jazz-units,890000000006425,jazz-units:items.lua:127915
890000000006432,"О'кей, я готов.","О'кей, я готов.",,manual-translation,needs-english,jazz-units,890000000006432,jazz-units:items.lua:128337
890000000006434,"Так и знал, что это была временная передышка.","Так и знал, что это была временная передышка.",,manual-translation,needs-english,jazz-units,890000000006434 | 890000000006439,jazz-units:items.lua:128368 | jazz-units:items.lua:128418
890000000006443,Динамо - крут!,Динамо - крут!,,manual-translation,needs-english,jazz-units,890000000006443,jazz-units:items.lua:128512
890000000006446,Сейчас я их замочу.,Сейчас я их замочу.,,manual-translation,needs-english,jazz-units,890000000006446 | 890000000006451,jazz-units:items.lua:128862 | jazz-units:items.lua:128912
890000000006448,Идите... бросьте меня...,Идите... бросьте меня...,,manual-translation,needs-english,jazz-units,890000000006448,jazz-units:items.lua:128921
890000000006456,Моя работать.,Моя работать.,,manual-translation,needs-english,jazz-units,890000000006456 | 890000000007652,jazz-units:items.lua:130807 | jazz-units:items.lua:130885
890000000006457,Нехороший человек!,Нехороший человек!,,manual-translation,needs-english,jazz-units,890000000006457 | 890000000006458 | 890000000007642,jazz-units:items.lua:130837 | jazz-units:items.lua:130838 | jazz-units:items.lua:130852
890000000006462,"Пуля... Нет больше пуля, однако!","Пуля... Нет больше пуля, однако!",,manual-translation,needs-english,jazz-units,890000000006462 | 890000000007646,jazz-units:items.lua:130866 | jazz-units:items.lua:130863
890000000006463,Вижу врагов!,Вижу врагов!,,manual-translation,needs-english,jazz-units,890000000006463 | 890000000007643,jazz-units:items.lua:130888 | jazz-units:items.lua:130853
890000000006468,"Алле, алле!","Алле, алле!",,manual-translation,needs-english,jazz-units,890000000006468,jazz-units:items.lua:120811
890000000006469,Вотта они!,Вотта они!,,manual-translation,needs-english,jazz-units,890000000006469,jazz-units:items.lua:120841
890000000006472,Настали для Злобного последние минуточки... Хочу один остаться.,Настали для Злобного последние минуточки... Хочу один остаться.,,manual-translation,needs-english,jazz-units,890000000006472,jazz-units:items.lua:120901
890000000006481,Тревога!,Тревога!,,manual-translation,needs-english,jazz-units,890000000006481,jazz-units:items.lua:121192
890000000006482,Черт... Я только было успокоился.,Черт... Я только было успокоился.,,manual-translation,needs-english,jazz-units,890000000006482 | 890000000006487,jazz-units:items.lua:121193 | jazz-units:items.lua:121243
890000000006484,"Боже мой! Как больно, мама!","Боже мой! Как больно, мама!",,manual-translation,needs-english,jazz-units,890000000006484,jazz-units:items.lua:121252
890000000006485,Мне надо переодеть штаны.,Мне надо переодеть штаны.,,manual-translation,needs-english,jazz-units,890000000006485,jazz-units:items.lua:121234
890000000006488,Еще одно выполненное задание.,Еще одно выполненное задание.,,manual-translation,needs-english,jazz-units,890000000006488,jazz-units:items.lua:121255
890000000006494,Силы врага в пределах прямой видимости.,Силы врага в пределах прямой видимости.,,manual-translation,needs-english,jazz-units,890000000006494 | 890000000006499,jazz-units:items.lua:122225 | jazz-units:items.lua:122275
890000000006500,Задание выполнено. Жду приказаний.,Задание выполнено. Жду приказаний.,,manual-translation,needs-english,jazz-units,890000000006500,jazz-units:items.lua:122287
890000000006506,Вижу их! Вижу эти ничтожества!,Вижу их! Вижу эти ничтожества!,,manual-translation,needs-english,jazz-units,890000000006506 | 890000000006511,jazz-units:items.lua:122879 | jazz-units:items.lua:122929
890000000006507,"Прощай, ничтожество!","Прощай, ничтожество!",,manual-translation,needs-english,jazz-units,890000000006507,jazz-units:items.lua:122900
890000000006510,Ищу пулю. Нет больше пуля.,Ищу пулю. Нет больше пуля.,,manual-translation,needs-english,jazz-units,890000000006510,jazz-units:items.lua:122907
890000000006512,"Я закончил, босс.","Я закончил, босс.",,manual-translation,needs-english,jazz-units,890000000006512,jazz-units:items.lua:122941
890000000006519,Пока!,Пока!,,manual-translation,needs-english,jazz-units,890000000006519,jazz-units:items.lua:123205
890000000006520,"Плохи мои дела... Не думаю, что теперь сумогу отомстить. Передайте моей  жене: м","Плохи мои дела... Не думаю, что теперь сумогу отомстить. Передайте моей  жене: м",,manual-translation,needs-english,jazz-units,890000000006520,jazz-units:items.lua:123243
890000000006521,Во снах со мной и хуже вещи делали.,Во снах со мной и хуже вещи делали.,,manual-translation,needs-english,jazz-units,890000000006521,jazz-units:items.lua:123225
890000000006526,"Этот Мясо, животное, он просто тупое чмо. Хоть бы его пристрелил  кто-нибудь.","Этот Мясо, животное, он просто тупое чмо. Хоть бы его пристрелил  кто-нибудь.",,manual-translation,needs-english,jazz-units,890000000006526,jazz-units:items.lua:123325
890000000006529,Неприятности.,Неприятности.,,manual-translation,needs-english,jazz-units,890000000006529 | 890000000006530 | 890000000008138,jazz-units:items.lua:123897 | jazz-units:items.lua:123898 | jazz-units:items.lua:123912
890000000006542,Это было делом времени.,Это было делом времени.,,manual-translation,needs-english,jazz-units,890000000006542 | 890000000006547,jazz-units:items.lua:124242 | jazz-units:items.lua:124292
890000000006543,Не проблема.,Не проблема.,,manual-translation,needs-english,jazz-units,890000000006543,jazz-units:items.lua:124263
890000000006546,Это незаряжено.,Это незаряжено.,,manual-translation,needs-english,jazz-units,890000000006546,jazz-units:items.lua:124270
890000000006553,Покойник.,Покойник.,,manual-translation,needs-english,jazz-units,890000000006553,jazz-units:items.lua:126693
890000000006555,Расчистили!,Расчистили!,,manual-translation,needs-english,jazz-units,890000000006555,jazz-units:items.lua:126715
890000000006562,"Если я раз поймаю этого комуняку Ивана - не в форме, я хочу сказать, - он у мен","Если я раз поймаю этого комуняку Ивана - не в форме, я хочу сказать, - он у мен",,manual-translation,needs-english,jazz-units,890000000006562,jazz-units:items.lua:126835
890000000006567,"Лучше ты, чем я.","Лучше ты, чем я.",,manual-translation,needs-english,jazz-units,890000000006567,jazz-units:items.lua:127027
890000000006568,"Похоже, я умираю... Я вижу яркий свет... о, боже, скажи мне, что это просто спец","Похоже, я умираю... Я вижу яркий свет... о, боже, скажи мне, что это просто спец",,manual-translation,needs-english,jazz-units,890000000006568,jazz-units:items.lua:127065
890000000006569,"Ну прямо как в начальной школе, опять поехали.","Ну прямо как в начальной школе, опять поехали.",,manual-translation,needs-english,jazz-units,890000000006569,jazz-units:items.lua:127047
890000000006579,Добрался я до них.,Добрался я до них.,,manual-translation,needs-english,jazz-units,890000000006579,jazz-units:items.lua:127401
890000000006581,Да мне это как об стенку горох!,Да мне это как об стенку горох!,,manual-translation,needs-english,jazz-units,890000000006581,jazz-units:items.lua:127421
890000000006582,Патроны вышли.,Патроны вышли.,,manual-translation,needs-english,jazz-units,890000000006582,jazz-units:items.lua:127408
890000000006592,Я готов... тебе придется меня спасти. Я тебе нужен.,Я готов... тебе придется меня спасти. Я тебе нужен.,,manual-translation,needs-english,jazz-units,890000000006592,jazz-units:items.lua:128180
890000000006594,Свинец нужен!,Свинец нужен!,,manual-translation,needs-english,jazz-units,890000000006594,jazz-units:items.lua:128149
890000000006597,"Я думал, лучше пойдет.","Я думал, лучше пойдет.",,manual-translation,needs-english,jazz-units,890000000006597,jazz-units:items.lua:128192
890000000006599,Ред - он такой!,Ред - он такой!,,manual-translation,needs-english,jazz-units,890000000006599,jazz-units:items.lua:128265
890000000006602,Всегда хотел в этом поучаствовать... И вот он случай.,Всегда хотел в этом поучаствовать... И вот он случай.,,manual-translation,needs-english,jazz-units,890000000006602 | 890000000006607,jazz-units:items.lua:128615 | jazz-units:items.lua:128665
890000000006603,Это тебе за Арулько!,Это тебе за Арулько!,,manual-translation,needs-english,jazz-units,890000000006603,jazz-units:items.lua:128636
890000000006605,"Да, хорошо меня избили.","Да, хорошо меня избили.",,manual-translation,needs-english,jazz-units,890000000006605,jazz-units:items.lua:128656
890000000006613,Черти!,Черти!,,manual-translation,needs-english,jazz-units,890000000006613 | 890000000006614 | 890000000008262,jazz-units:items.lua:129355 | jazz-units:items.lua:129356 | jazz-units:items.lua:129370
890000000006619,"Шпана! Ну, пора представиться.","Шпана! Ну, пора представиться.",,manual-translation,needs-english,jazz-units,890000000006619 | 890000000008263,jazz-units:items.lua:129406 | jazz-units:items.lua:129371
890000000006620,"Завязывайте курить кубинские сигары, это до добра не доведет. Мы еще поставим этого парня на колени. Это может случиться в любой момент. Увидите!","Завязывайте курить кубинские сигары, это до добра не доведет. Мы еще поставим этого парня на колени. Это может случиться в любой момент. Увидите!",,manual-translation,needs-english,jazz-units,890000000006620 | 890000000008275 | 890000000008276,jazz-units:items.lua:129418 | jazz-units:items.lua:129419 | jazz-units:items.lua:129420
890000000006626,БЕННИ,БЕННИ,,manual-translation,needs-english,jazz-units,890000000006626,jazz-units:items.lua:119416 | jazz-units:UnitData/Jazz_Benny.lua:24
890000000006628,Взломщица с Халифа,Взломщица с Халифа,,manual-translation,needs-english,jazz-units,890000000006628,jazz-units:items.lua:119419 | jazz-units:UnitData/Jazz_Benny.lua:27
890000000006631,Бенни на линии позже.,Бенни на линии позже.,,manual-translation,needs-english,jazz-units,890000000006631,jazz-units:items.lua:119424 | jazz-units:UnitData/Jazz_Benny.lua:32
890000000006632,Бенедикт. Говорите.,Бенедикт. Говорите.,,manual-translation,needs-english,jazz-units,890000000006632,jazz-units:items.lua:119429 | jazz-units:UnitData/Jazz_Benny.lua:37
890000000006658,Саймон Грандье. Слушаю.,Саймон Грандье. Слушаю.,,manual-translation,needs-english,jazz-units,890000000006658,jazz-units:items.lua:119714 | jazz-units:UnitData/Jazz_Simon.lua:37
890000000007005,Есть.,Есть.,,manual-translation,needs-english,jazz-units,890000000007005 | 890000000007006 | 890000000007007 | 890000000007067 | 890000000007068 | 890000000007069 | 890000000007129 | 890000000007130 | 890000000007131 | 890000000007191 | 890000000007192 | 890000000007193 | 890000000007253 | 890000000007254 | 890000000007255 | 890000000007315 | 890000000007316 | 890000000007317 | 890000000007377 | 890000000007378 | 890000000007379 | 890000000007439 | 890000000007440 | 890000000007441 | 890000000007501 | 890000000007502 | 890000000007503 | 890000000007563 | 890000000007564 | 890000000007565 | 890000000007625 | 890000000007626 | 890000000007627 | 890000000007687 | 890000000007688 | 890000000007689 | 890000000007749 | 890000000007750 | 890000000007751 | 890000000007811 | 890000000007812 | 890000000007813 | 890000000007873 | 890000000007874 | 890000000007875 | 890000000007935 | 890000000007936 | 890000000007937 | 890000000007997 | 890000000007998 | 890000000007999 | 890000000008059 | 890000000008060 | 890000000008061 | 890000000008121 | 890000000008122 | 890000000008123 | 890000000008183 | 890000000008184 | 890000000008185 | 890000000008245 | 890000000008246 | 890000000008247 | 890000000008307 | 890000000008308 | 890000000008309 | 890000000008370 | 890000000008371 | 890000000008372 | 890000000008432 | 890000000008433 | 890000000008434 | 890000000008494 | 890000000008495 | 890000000008496 | 890000000008556 | 890000000008557 | 890000000008558 | 890000000008618 | 890000000008619 | 890000000008620 | 890000000008680 | 890000000008681 | 890000000008682 | 890000000008742 | 890000000008743 | 890000000008744 | 890000000008804 | 890000000008805 | 890000000008806 | 890000000008866 | 890000000008867 | 890000000008868 | 890000000008928 | 890000000008929 | 890000000008930 | 890000000008990 | 890000000008991 | 890000000008992 | 890000000009053 | 890000000009054 | 890000000009055 | 890000000009127 | 890000000009128 | 890000000009129 | 890000000009308 | 890000000009309 | 890000000009310 | 890000000009370 | 890000000009371 | 890000000009372 | 890000000009432 | 890000000009433 | 890000000009434 | 890000000009494 | 890000000009495 | 890000000009496 | 890000000009556 | 890000000009557 | 890000000009558 | 890000000009618 | 890000000009619 | 890000000009620 | 890000000009680 | 890000000009681 | 890000000009682 | 890000000009742 | 890000000009743 | 890000000009744 | 890000000009804 | 890000000009805 | 890000000009806 | 890000000010219 | 890000000010220 | 890000000010221,jazz-units:items.lua:121172 | jazz-units:items.lua:121173 | jazz-units:items.lua:121174 | jazz-units:items.lua:117180 | jazz-units:items.lua:117181 | jazz-units:items.lua:117182 | jazz-units:items.lua:126329 | jazz-units:items.lua:126330 | jazz-units:items.lua:126331 | jazz-units:items.lua:127853 | jazz-units:items.lua:127854 | jazz-units:items.lua:127855 | jazz-units:items.lua:118556 | jazz-units:items.lua:118557 | jazz-units:items.lua:118558 | jazz-units:items.lua:126673 | jazz-units:items.lua:126674 | jazz-units:items.lua:126675 | jazz-units:items.lua:122204 | jazz-units:items.lua:122205 | jazz-units:items.lua:122206 | jazz-units:items.lua:128100 | jazz-units:items.lua:128101 | jazz-units:items.lua:128102 | jazz-units:items.lua:117865 | jazz-units:items.lua:117866 | jazz-units:items.lua:117867 | jazz-units:items.lua:123163 | jazz-units:items.lua:123164 | jazz-units:items.lua:123165 | jazz-units:items.lua:130817 | jazz-units:items.lua:130818 | jazz-units:items.lua:130819 | jazz-units:items.lua:121855 | jazz-units:items.lua:121856 | jazz-units:items.lua:121857 | jazz-units:items.lua:122858 | jazz-units:items.lua:122859 | jazz-units:items.lua:122860 | jazz-units:items.lua:123522 | jazz-units:items.lua:123523 | jazz-units:items.lua:123524 | jazz-units:items.lua:119221 | jazz-units:items.lua:119222 | jazz-units:items.lua:119223 | jazz-units:items.lua:125982 | jazz-units:items.lua:125983 | jazz-units:items.lua:125984 | jazz-units:items.lua:128841 | jazz-units:items.lua:128842 | jazz-units:items.lua:128843 | jazz-units:items.lua:126985 | jazz-units:items.lua:126986 | jazz-units:items.lua:126987 | jazz-units:items.lua:123877 | jazz-units:items.lua:123878 | jazz-units:items.lua:123879 | jazz-units:items.lua:117523 | jazz-units:items.lua:117524 | jazz-units:items.lua:117525 | jazz-units:items.lua:129335 | jazz-units:items.lua:129336 | jazz-units:items.lua:129337 | jazz-units:items.lua:118186 | jazz-units:items.lua:118187 | jazz-units:items.lua:118188 | jazz-units:items.lua:124221 | jazz-units:items.lua:124222 | jazz-units:items.lua:124223 | jazz-units:items.lua:127606 | jazz-units:items.lua:127607 | jazz-units:items.lua:127608 | jazz-units:items.lua:122546 | jazz-units:items.lua:122547 | jazz-units:items.lua:122548 | jazz-units:items.lua:121507 | jazz-units:items.lua:121508 | jazz-units:items.lua:121509 | jazz-units:items.lua:120467 | jazz-units:items.lua:120468 | jazz-units:items.lua:120469 | jazz-units:items.lua:127359 | jazz-units:items.lua:127360 | jazz-units:items.lua:127361 | jazz-units:items.lua:120133 | jazz-units:items.lua:120134 | jazz-units:items.lua:120135 | jazz-units:items.lua:128347 | jazz-units:items.lua:128348 | jazz-units:items.lua:128349 | jazz-units:items.lua:125670 | jazz-units:items.lua:125671 | jazz-units:items.lua:125672 | jazz-units:items.lua:120821 | jazz-units:items.lua:120822 | jazz-units:items.lua:120823 | jazz-units:items.lua:128594 | jazz-units:items.lua:128595 | jazz-units:items.lua:128596 | jazz-units:items.lua:119506 | jazz-units:items.lua:119507 | jazz-units:items.lua:119508 | jazz-units:items.lua:119791 | jazz-units:items.lua:119792 | jazz-units:items.lua:119793 | jazz-units:items.lua:124931 | jazz-units:items.lua:124932 | jazz-units:items.lua:124933 | jazz-units:items.lua:129088 | jazz-units:items.lua:129089 | jazz-units:items.lua:129090 | jazz-units:items.lua:129829 | jazz-units:items.lua:129830 | jazz-units:items.lua:129831 | jazz-units:items.lua:125288 | jazz-units:items.lua:125289 | jazz-units:items.lua:125290 | jazz-units:items.lua:130570 | jazz-units:items.lua:130571 | jazz-units:items.lua:130572 | jazz-units:items.lua:130323 | jazz-units:items.lua:130324 | jazz-units:items.lua:130325 | jazz-units:items.lua:124574 | jazz-units:items.lua:124575 | jazz-units:items.lua:124576 | jazz-units:items.lua:130076 | jazz-units:items.lua:130077 | jazz-units:items.lua:130078 | jazz-units:items.lua:129582 | jazz-units:items.lua:129583 | jazz-units:items.lua:129584 | jazz-units:items.lua:118878 | jazz-units:items.lua:118879 | jazz-units:items.lua:118880
890000000007017,Есть цель!,Есть цель!,,manual-translation,needs-english,jazz-units,890000000007017 | 890000000007079 | 890000000007141 | 890000000007203 | 890000000007265 | 890000000007327 | 890000000007389 | 890000000007451 | 890000000007513 | 890000000007575 | 890000000007699 | 890000000007761 | 890000000007947 | 890000000008009 | 890000000008071 | 890000000008195 | 890000000008319 | 890000000008382 | 890000000008444 | 890000000008506 | 890000000008568 | 890000000008630 | 890000000008692 | 890000000008754 | 890000000008816 | 890000000008878 | 890000000008940 | 890000000009002 | 890000000010231,jazz-units:items.lua:121194 | jazz-units:items.lua:117202 | jazz-units:items.lua:126351 | jazz-units:items.lua:127875 | jazz-units:items.lua:118578 | jazz-units:items.lua:126695 | jazz-units:items.lua:122226 | jazz-units:items.lua:128122 | jazz-units:items.lua:117887 | jazz-units:items.lua:123185 | jazz-units:items.lua:121877 | jazz-units:items.lua:122880 | jazz-units:items.lua:126004 | jazz-units:items.lua:128863 | jazz-units:items.lua:127007 | jazz-units:items.lua:117545 | jazz-units:items.lua:118208 | jazz-units:items.lua:124243 | jazz-units:items.lua:127628 | jazz-units:items.lua:122568 | jazz-units:items.lua:121529 | jazz-units:items.lua:120489 | jazz-units:items.lua:127381 | jazz-units:items.lua:120155 | jazz-units:items.lua:128369 | jazz-units:items.lua:125692 | jazz-units:items.lua:120843 | jazz-units:items.lua:128616 | jazz-units:items.lua:118900
890000000007018,Тихо сниму.,Тихо сниму.,,manual-translation,needs-english,jazz-units,890000000007018 | 890000000007019 | 890000000007080 | 890000000007081 | 890000000007142 | 890000000007143 | 890000000007204 | 890000000007205 | 890000000007266 | 890000000007267 | 890000000007328 | 890000000007329 | 890000000007390 | 890000000007391 | 890000000007452 | 890000000007453 | 890000000007514 | 890000000007515 | 890000000007576 | 890000000007577 | 890000000007700 | 890000000007701 | 890000000007762 | 890000000007763 | 890000000007948 | 890000000007949 | 890000000008010 | 890000000008011 | 890000000008072 | 890000000008073 | 890000000008196 | 890000000008197 | 890000000008320 | 890000000008321 | 890000000008383 | 890000000008384 | 890000000008445 | 890000000008446 | 890000000008507 | 890000000008508 | 890000000008569 | 890000000008570 | 890000000008631 | 890000000008632 | 890000000008693 | 890000000008694 | 890000000008755 | 890000000008756 | 890000000008817 | 890000000008818 | 890000000008879 | 890000000008880 | 890000000008941 | 890000000008942 | 890000000009003 | 890000000009004 | 890000000010232 | 890000000010233,jazz-units:items.lua:121197 | jazz-units:items.lua:121198 | jazz-units:items.lua:117205 | jazz-units:items.lua:117206 | jazz-units:items.lua:126354 | jazz-units:items.lua:126355 | jazz-units:items.lua:127878 | jazz-units:items.lua:127879 | jazz-units:items.lua:118581 | jazz-units:items.lua:118582 | jazz-units:items.lua:126698 | jazz-units:items.lua:126699 | jazz-units:items.lua:122229 | jazz-units:items.lua:122230 | jazz-units:items.lua:128125 | jazz-units:items.lua:128126 | jazz-units:items.lua:117890 | jazz-units:items.lua:117891 | jazz-units:items.lua:123188 | jazz-units:items.lua:123189 | jazz-units:items.lua:121880 | jazz-units:items.lua:121881 | jazz-units:items.lua:122883 | jazz-units:items.lua:122884 | jazz-units:items.lua:126007 | jazz-units:items.lua:126008 | jazz-units:items.lua:128866 | jazz-units:items.lua:128867 | jazz-units:items.lua:127010 | jazz-units:items.lua:127011 | jazz-units:items.lua:117548 | jazz-units:items.lua:117549 | jazz-units:items.lua:118211 | jazz-units:items.lua:118212 | jazz-units:items.lua:124246 | jazz-units:items.lua:124247 | jazz-units:items.lua:127631 | jazz-units:items.lua:127632 | jazz-units:items.lua:122571 | jazz-units:items.lua:122572 | jazz-units:items.lua:121532 | jazz-units:items.lua:121533 | jazz-units:items.lua:120492 | jazz-units:items.lua:120493 | jazz-units:items.lua:127384 | jazz-units:items.lua:127385 | jazz-units:items.lua:120158 | jazz-units:items.lua:120159 | jazz-units:items.lua:128372 | jazz-units:items.lua:128373 | jazz-units:items.lua:125695 | jazz-units:items.lua:125696 | jazz-units:items.lua:120846 | jazz-units:items.lua:120847 | jazz-units:items.lua:128619 | jazz-units:items.lua:128620 | jazz-units:items.lua:118903 | jazz-units:items.lua:118904
890000000007022,Вижу их!,Вижу их!,,manual-translation,needs-english,jazz-units,890000000007022 | 890000000007023 | 890000000007084 | 890000000007085 | 890000000007146 | 890000000007147 | 890000000007208 | 890000000007209 | 890000000007270 | 890000000007271 | 890000000007332 | 890000000007333 | 890000000007394 | 890000000007395 | 890000000007456 | 890000000007457 | 890000000007518 | 890000000007519 | 890000000007580 | 890000000007581 | 890000000007704 | 890000000007705 | 890000000007766 | 890000000007767 | 890000000007952 | 890000000007953 | 890000000008014 | 890000000008015 | 890000000008076 | 890000000008077 | 890000000008200 | 890000000008201 | 890000000008324 | 890000000008325 | 890000000008387 | 890000000008388 | 890000000008449 | 890000000008450 | 890000000008511 | 890000000008512 | 890000000008573 | 890000000008574 | 890000000008635 | 890000000008636 | 890000000008697 | 890000000008698 | 890000000008759 | 890000000008760 | 890000000008821 | 890000000008822 | 890000000008883 | 890000000008884 | 890000000008945 | 890000000008946 | 890000000009007 | 890000000009008 | 890000000010236 | 890000000010237,jazz-units:items.lua:121207 | jazz-units:items.lua:121208 | jazz-units:items.lua:117215 | jazz-units:items.lua:117216 | jazz-units:items.lua:126364 | jazz-units:items.lua:126365 | jazz-units:items.lua:127888 | jazz-units:items.lua:127889 | jazz-units:items.lua:118591 | jazz-units:items.lua:118592 | jazz-units:items.lua:126708 | jazz-units:items.lua:126709 | jazz-units:items.lua:122239 | jazz-units:items.lua:122240 | jazz-units:items.lua:128135 | jazz-units:items.lua:128136 | jazz-units:items.lua:117900 | jazz-units:items.lua:117901 | jazz-units:items.lua:123198 | jazz-units:items.lua:123199 | jazz-units:items.lua:121890 | jazz-units:items.lua:121891 | jazz-units:items.lua:122893 | jazz-units:items.lua:122894 | jazz-units:items.lua:126017 | jazz-units:items.lua:126018 | jazz-units:items.lua:128876 | jazz-units:items.lua:128877 | jazz-units:items.lua:127020 | jazz-units:items.lua:127021 | jazz-units:items.lua:117558 | jazz-units:items.lua:117559 | jazz-units:items.lua:118221 | jazz-units:items.lua:118222 | jazz-units:items.lua:124256 | jazz-units:items.lua:124257 | jazz-units:items.lua:127641 | jazz-units:items.lua:127642 | jazz-units:items.lua:122581 | jazz-units:items.lua:122582 | jazz-units:items.lua:121542 | jazz-units:items.lua:121543 | jazz-units:items.lua:120502 | jazz-units:items.lua:120503 | jazz-units:items.lua:127394 | jazz-units:items.lua:127395 | jazz-units:items.lua:120168 | jazz-units:items.lua:120169 | jazz-units:items.lua:128382 | jazz-units:items.lua:128383 | jazz-units:items.lua:125705 | jazz-units:items.lua:125706 | jazz-units:items.lua:120856 | jazz-units:items.lua:120857 | jazz-units:items.lua:128629 | jazz-units:items.lua:128630 | jazz-units:items.lua:118913 | jazz-units:items.lua:118914
890000000007024,Их много!,Их много!,,manual-translation,needs-english,jazz-units,890000000007024 | 890000000007086 | 890000000007148 | 890000000007210 | 890000000007272 | 890000000007334 | 890000000007396 | 890000000007458 | 890000000007520 | 890000000007582 | 890000000007706 | 890000000007768 | 890000000007954 | 890000000008016 | 890000000008078 | 890000000008202 | 890000000008326 | 890000000008389 | 890000000008451 | 890000000008513 | 890000000008575 | 890000000008637 | 890000000008699 | 890000000008761 | 890000000008823 | 890000000008885 | 890000000008947 | 890000000009009 | 890000000010238,jazz-units:items.lua:121211 | jazz-units:items.lua:117219 | jazz-units:items.lua:126368 | jazz-units:items.lua:127892 | jazz-units:items.lua:118595 | jazz-units:items.lua:126712 | jazz-units:items.lua:122243 | jazz-units:items.lua:128139 | jazz-units:items.lua:117904 | jazz-units:items.lua:123202 | jazz-units:items.lua:121894 | jazz-units:items.lua:122897 | jazz-units:items.lua:126021 | jazz-units:items.lua:128880 | jazz-units:items.lua:127024 | jazz-units:items.lua:117562 | jazz-units:items.lua:118225 | jazz-units:items.lua:124260 | jazz-units:items.lua:127645 | jazz-units:items.lua:122585 | jazz-units:items.lua:121546 | jazz-units:items.lua:120506 | jazz-units:items.lua:127398 | jazz-units:items.lua:120172 | jazz-units:items.lua:128386 | jazz-units:items.lua:125709 | jazz-units:items.lua:120860 | jazz-units:items.lua:128633 | jazz-units:items.lua:118917
890000000007031,Плохо…,Плохо…,,manual-translation,needs-english,jazz-units,890000000007031 | 890000000007093 | 890000000007155 | 890000000007217 | 890000000007279 | 890000000007341 | 890000000007403 | 890000000007465 | 890000000007527 | 890000000007589 | 890000000007713 | 890000000007775 | 890000000007961 | 890000000008023 | 890000000008085 | 890000000008209 | 890000000008333 | 890000000008396 | 890000000008458 | 890000000008520 | 890000000008582 | 890000000008644 | 890000000008706 | 890000000008768 | 890000000008830 | 890000000008892 | 890000000008954 | 890000000009016 | 890000000010245,jazz-units:items.lua:121237 | jazz-units:items.lua:117245 | jazz-units:items.lua:126394 | jazz-units:items.lua:127918 | jazz-units:items.lua:118621 | jazz-units:items.lua:126738 | jazz-units:items.lua:122269 | jazz-units:items.lua:128165 | jazz-units:items.lua:117930 | jazz-units:items.lua:123228 | jazz-units:items.lua:121920 | jazz-units:items.lua:122923 | jazz-units:items.lua:126047 | jazz-units:items.lua:128906 | jazz-units:items.lua:127050 | jazz-units:items.lua:117588 | jazz-units:items.lua:118251 | jazz-units:items.lua:124286 | jazz-units:items.lua:127671 | jazz-units:items.lua:122611 | jazz-units:items.lua:121572 | jazz-units:items.lua:120532 | jazz-units:items.lua:127424 | jazz-units:items.lua:120198 | jazz-units:items.lua:128412 | jazz-units:items.lua:125735 | jazz-units:items.lua:120886 | jazz-units:items.lua:128659 | jazz-units:items.lua:118943
890000000007044,Спасибо.,Спасибо.,,manual-translation,needs-english,jazz-units,890000000007044 | 890000000007106 | 890000000007168 | 890000000007230 | 890000000007292 | 890000000007354 | 890000000007416 | 890000000007478 | 890000000007540 | 890000000007602 | 890000000007726 | 890000000007788 | 890000000007974 | 890000000008036 | 890000000008098 | 890000000008222 | 890000000008346 | 890000000008409 | 890000000008471 | 890000000008533 | 890000000008595 | 890000000008657 | 890000000008719 | 890000000008781 | 890000000008843 | 890000000008905 | 890000000008967 | 890000000009029 | 890000000010258,jazz-units:items.lua:121280 | jazz-units:items.lua:117288 | jazz-units:items.lua:126437 | jazz-units:items.lua:127961 | jazz-units:items.lua:118664 | jazz-units:items.lua:126781 | jazz-units:items.lua:122312 | jazz-units:items.lua:128208 | jazz-units:items.lua:117973 | jazz-units:items.lua:123271 | jazz-units:items.lua:121963 | jazz-units:items.lua:122966 | jazz-units:items.lua:126090 | jazz-units:items.lua:128949 | jazz-units:items.lua:127093 | jazz-units:items.lua:117631 | jazz-units:items.lua:118294 | jazz-units:items.lua:124329 | jazz-units:items.lua:127714 | jazz-units:items.lua:122654 | jazz-units:items.lua:121615 | jazz-units:items.lua:120575 | jazz-units:items.lua:127467 | jazz-units:items.lua:120241 | jazz-units:items.lua:128455 | jazz-units:items.lua:125778 | jazz-units:items.lua:120929 | jazz-units:items.lua:128702 | jazz-units:items.lua:118986
890000000007050,(лезет),(лезет),,manual-translation,needs-english,jazz-units,890000000007050 | 890000000007112 | 890000000007174 | 890000000007236 | 890000000007298 | 890000000007360 | 890000000007422 | 890000000007484 | 890000000007546 | 890000000007608 | 890000000007732 | 890000000007794 | 890000000007980 | 890000000008042 | 890000000008104 | 890000000008228 | 890000000008352 | 890000000008415 | 890000000008477 | 890000000008539 | 890000000008601 | 890000000008663 | 890000000008725 | 890000000008787 | 890000000008849 | 890000000008911 | 890000000008973 | 890000000009035 | 890000000010264,jazz-units:items.lua:121298 | jazz-units:items.lua:117306 | jazz-units:items.lua:126455 | jazz-units:items.lua:127979 | jazz-units:items.lua:118682 | jazz-units:items.lua:126799 | jazz-units:items.lua:122330 | jazz-units:items.lua:128226 | jazz-units:items.lua:117991 | jazz-units:items.lua:123289 | jazz-units:items.lua:121981 | jazz-units:items.lua:122984 | jazz-units:items.lua:126108 | jazz-units:items.lua:128967 | jazz-units:items.lua:127111 | jazz-units:items.lua:117649 | jazz-units:items.lua:118312 | jazz-units:items.lua:124347 | jazz-units:items.lua:127732 | jazz-units:items.lua:122672 | jazz-units:items.lua:121633 | jazz-units:items.lua:120593 | jazz-units:items.lua:127485 | jazz-units:items.lua:120259 | jazz-units:items.lua:128473 | jazz-units:items.lua:125796 | jazz-units:items.lua:120947 | jazz-units:items.lua:128720 | jazz-units:items.lua:119004
890000000007051,(прыжок),(прыжок),,manual-translation,needs-english,jazz-units,890000000007051 | 890000000007113 | 890000000007175 | 890000000007237 | 890000000007299 | 890000000007361 | 890000000007423 | 890000000007485 | 890000000007547 | 890000000007609 | 890000000007733 | 890000000007795 | 890000000007981 | 890000000008043 | 890000000008105 | 890000000008229 | 890000000008353 | 890000000008416 | 890000000008478 | 890000000008540 | 890000000008602 | 890000000008664 | 890000000008726 | 890000000008788 | 890000000008850 | 890000000008912 | 890000000008974 | 890000000009036 | 890000000010265,jazz-units:items.lua:121301 | jazz-units:items.lua:117309 | jazz-units:items.lua:126458 | jazz-units:items.lua:127982 | jazz-units:items.lua:118685 | jazz-units:items.lua:126802 | jazz-units:items.lua:122333 | jazz-units:items.lua:128229 | jazz-units:items.lua:117994 | jazz-units:items.lua:123292 | jazz-units:items.lua:121984 | jazz-units:items.lua:122987 | jazz-units:items.lua:126111 | jazz-units:items.lua:128970 | jazz-units:items.lua:127114 | jazz-units:items.lua:117652 | jazz-units:items.lua:118315 | jazz-units:items.lua:124350 | jazz-units:items.lua:127735 | jazz-units:items.lua:122675 | jazz-units:items.lua:121636 | jazz-units:items.lua:120596 | jazz-units:items.lua:127488 | jazz-units:items.lua:120262 | jazz-units:items.lua:128476 | jazz-units:items.lua:125799 | jazz-units:items.lua:120950 | jazz-units:items.lua:128723 | jazz-units:items.lua:119007
890000000007052,Что?!,Что?!,,manual-translation,needs-english,jazz-units,890000000007052 | 890000000007114 | 890000000007176 | 890000000007238 | 890000000007300 | 890000000007362 | 890000000007424 | 890000000007486 | 890000000007548 | 890000000007610 | 890000000007734 | 890000000007796 | 890000000007982 | 890000000008044 | 890000000008106 | 890000000008230 | 890000000008354 | 890000000008417 | 890000000008479 | 890000000008541 | 890000000008603 | 890000000008665 | 890000000008727 | 890000000008789 | 890000000008851 | 890000000008913 | 890000000008975 | 890000000009037 | 890000000010266,jazz-units:items.lua:121304 | jazz-units:items.lua:117312 | jazz-units:items.lua:126461 | jazz-units:items.lua:127985 | jazz-units:items.lua:118688 | jazz-units:items.lua:126805 | jazz-units:items.lua:122336 | jazz-units:items.lua:128232 | jazz-units:items.lua:117997 | jazz-units:items.lua:123295 | jazz-units:items.lua:121987 | jazz-units:items.lua:122990 | jazz-units:items.lua:126114 | jazz-units:items.lua:128973 | jazz-units:items.lua:127117 | jazz-units:items.lua:117655 | jazz-units:items.lua:118318 | jazz-units:items.lua:124353 | jazz-units:items.lua:127738 | jazz-units:items.lua:122678 | jazz-units:items.lua:121639 | jazz-units:items.lua:120599 | jazz-units:items.lua:127491 | jazz-units:items.lua:120265 | jazz-units:items.lua:128479 | jazz-units:items.lua:125802 | jazz-units:items.lua:120953 | jazz-units:items.lua:128726 | jazz-units:items.lua:119010
890000000007057,Почти…,Почти…,,manual-translation,needs-english,jazz-units,890000000007057 | 890000000007119 | 890000000007181 | 890000000007243 | 890000000007305 | 890000000007367 | 890000000007429 | 890000000007491 | 890000000007553 | 890000000007615 | 890000000007739 | 890000000007801 | 890000000007987 | 890000000008049 | 890000000008111 | 890000000008235 | 890000000008359 | 890000000008422 | 890000000008484 | 890000000008546 | 890000000008608 | 890000000008670 | 890000000008732 | 890000000008794 | 890000000008856 | 890000000008918 | 890000000008980 | 890000000009042 | 890000000010271,jazz-units:items.lua:121319 | jazz-units:items.lua:117327 | jazz-units:items.lua:126476 | jazz-units:items.lua:128000 | jazz-units:items.lua:118703 | jazz-units:items.lua:126820 | jazz-units:items.lua:122351 | jazz-units:items.lua:128247 | jazz-units:items.lua:118012 | jazz-units:items.lua:123310 | jazz-units:items.lua:122002 | jazz-units:items.lua:123005 | jazz-units:items.lua:126129 | jazz-units:items.lua:128988 | jazz-units:items.lua:127132 | jazz-units:items.lua:117670 | jazz-units:items.lua:118333 | jazz-units:items.lua:124368 | jazz-units:items.lua:127753 | jazz-units:items.lua:122693 | jazz-units:items.lua:121654 | jazz-units:items.lua:120614 | jazz-units:items.lua:127506 | jazz-units:items.lua:120280 | jazz-units:items.lua:128494 | jazz-units:items.lua:125817 | jazz-units:items.lua:120968 | jazz-units:items.lua:128741 | jazz-units:items.lua:119025
890000000007059,Есть идея.,Есть идея.,,manual-translation,needs-english,jazz-units,890000000007059 | 890000000007121 | 890000000007183 | 890000000007245 | 890000000007307 | 890000000007369 | 890000000007431 | 890000000007493 | 890000000007555 | 890000000007617 | 890000000007741 | 890000000007803 | 890000000007989 | 890000000008051 | 890000000008113 | 890000000008237 | 890000000008361 | 890000000008424 | 890000000008486 | 890000000008548 | 890000000008610 | 890000000008672 | 890000000008734 | 890000000008796 | 890000000008858 | 890000000008920 | 890000000008982 | 890000000009044 | 890000000010273,jazz-units:items.lua:121325 | jazz-units:items.lua:117333 | jazz-units:items.lua:126482 | jazz-units:items.lua:128006 | jazz-units:items.lua:118709 | jazz-units:items.lua:126826 | jazz-units:items.lua:122357 | jazz-units:items.lua:128253 | jazz-units:items.lua:118018 | jazz-units:items.lua:123316 | jazz-units:items.lua:122008 | jazz-units:items.lua:123011 | jazz-units:items.lua:126135 | jazz-units:items.lua:128994 | jazz-units:items.lua:127138 | jazz-units:items.lua:117676 | jazz-units:items.lua:118339 | jazz-units:items.lua:124374 | jazz-units:items.lua:127759 | jazz-units:items.lua:122699 | jazz-units:items.lua:121660 | jazz-units:items.lua:120620 | jazz-units:items.lua:127512 | jazz-units:items.lua:120286 | jazz-units:items.lua:128500 | jazz-units:items.lua:125823 | jazz-units:items.lua:120974 | jazz-units:items.lua:128747 | jazz-units:items.lua:119031
890000000007634,Моя тоже.,Моя тоже.,,manual-translation,needs-english,jazz-units,890000000007634 | 890000000007635 | 890000000007636,jazz-units:items.lua:130832 | jazz-units:items.lua:130833 | jazz-units:items.lua:130834
890000000007640,"Что-то совсем темно стало, однако...","Что-то совсем темно стало, однако...",,manual-translation,needs-english,jazz-units,890000000007640,jazz-units:items.lua:130846
890000000007647,"Плохой ружье - заело, однако!","Плохой ружье - заело, однако!",,manual-translation,needs-english,jazz-units,890000000007647,jazz-units:items.lua:130869
890000000007651,"Моя скучай по дому, однако.","Моя скучай по дому, однако.",,manual-translation,needs-english,jazz-units,890000000007651,jazz-units:items.lua:130882
890000000007654,Злые люди близко!,Злые люди близко!,,manual-translation,needs-english,jazz-units,890000000007654,jazz-units:items.lua:130894
890000000007660,"Моя что-то видеть, однако.","Моя что-то видеть, однако.",,manual-translation,needs-english,jazz-units,890000000007660,jazz-units:items.lua:130913
890000000007663,"Моя дышать плохо, однако.","Моя дышать плохо, однако.",,manual-translation,needs-english,jazz-units,890000000007663 | 890000000007670 | 890000000007671,jazz-units:items.lua:130922 | jazz-units:items.lua:130943 | jazz-units:items.lua:130946
890000000007664,Хороший люди!,Хороший люди!,,manual-translation,needs-english,jazz-units,890000000007664,jazz-units:items.lua:130925
890000000007681,Хорошо.,Хорошо.,,manual-translation,needs-english,jazz-units,890000000007681,jazz-units:items.lua:130976
890000000007820,Запишите и меня.,Запишите и меня.,,manual-translation,needs-english,jazz-units,890000000007820 | 890000000007821 | 890000000007822,jazz-units:items.lua:123537 | jazz-units:items.lua:123538 | jazz-units:items.lua:123539
890000000007833,Боже мой... это оружие неисправно.,Боже мой... это оружие неисправно.,,manual-translation,needs-english,jazz-units,890000000007833,jazz-units:items.lua:123574
890000000007845,Я что-то заметил.,Я что-то заметил.,,manual-translation,needs-english,jazz-units,890000000007845,jazz-units:items.lua:123617
890000000007851,Это просто смешно.,Это просто смешно.,,manual-translation,needs-english,jazz-units,890000000007851,jazz-units:items.lua:123633
890000000007852,Закончил выполнение.,Закончил выполнение.,,manual-translation,needs-english,jazz-units,890000000007852 | 890000000007865,jazz-units:items.lua:123636 | jazz-units:items.lua:123675
890000000007863,"Ха... ты умрешь, некомпетентный!","Ха... ты умрешь, некомпетентный!",,manual-translation,needs-english,jazz-units,890000000007863,jazz-units:items.lua:123669
890000000007864,"Я слышу, кошка мяучит.","Я слышу, кошка мяучит.",,manual-translation,needs-english,jazz-units,890000000007864,jazz-units:items.lua:123672
890000000007867,Неужели очевидная глупость этого пугает только меня?,Неужели очевидная глупость этого пугает только меня?,,manual-translation,needs-english,jazz-units,890000000007867,jazz-units:items.lua:123681
890000000007895,В самый подходящий момент! Это хуже афганской берданки!,В самый подходящий момент! Это хуже афганской берданки!,,manual-translation,needs-english,jazz-units,890000000007895,jazz-units:items.lua:119273
890000000007900,"Ну вот, а теперь и повоевать можно!","Ну вот, а теперь и повоевать можно!",,manual-translation,needs-english,jazz-units,890000000007900,jazz-units:items.lua:119289
890000000007902,"Пару ""шмелей"" бы сюда на зачистку... Ну да придется самим.","Пару ""шмелей"" бы сюда на зачистку... Ну да придется самим.",,manual-translation,needs-english,jazz-units,890000000007902,jazz-units:items.lua:119298
890000000007911,"Выключаюсь, однако!","Выключаюсь, однако!",,manual-translation,needs-english,jazz-units,890000000007911 | 890000000007918 | 890000000007919,jazz-units:items.lua:119326 | jazz-units:items.lua:119347 | jazz-units:items.lua:119350
890000000007912,А хорошие люди есть не только в России!,А хорошие люди есть не только в России!,,manual-translation,needs-english,jazz-units,890000000007912,jazz-units:items.lua:119329
890000000007914,Все. Сделал.,Все. Сделал.,,manual-translation,needs-english,jazz-units,890000000007914 | 890000000007927,jazz-units:items.lua:119335 | jazz-units:items.lua:119374
890000000007922,Этт еще не все!,Этт еще не все!,,manual-translation,needs-english,jazz-units,890000000007922 | 890000000007923,jazz-units:items.lua:119359 | jazz-units:items.lua:119362
890000000007926,"Эх... Ну, здравствуй, Мурзик!","Эх... Ну, здравствуй, Мурзик!",,manual-translation,needs-english,jazz-units,890000000007926,jazz-units:items.lua:119371
890000000008140,Вот дерьмо собачье! Я по уши увяз.,Вот дерьмо собачье! Я по уши увяз.,,manual-translation,needs-english,jazz-units,890000000008140,jazz-units:items.lua:123916
890000000008161,"Надеюсь, ты не настаиваешь.","Надеюсь, ты не настаиваешь.",,manual-translation,needs-english,jazz-units,890000000008161,jazz-units:items.lua:123988
890000000008163,Осторожно! Эти птички хотят на нас нагадить.,Осторожно! Эти птички хотят на нас нагадить.,,manual-translation,needs-english,jazz-units,890000000008163,jazz-units:items.lua:123994
890000000008169,Скорее! Я чувствую недоброе.,Скорее! Я чувствую недоброе.,,manual-translation,needs-english,jazz-units,890000000008169,jazz-units:items.lua:124012
890000000008176,Разойдитесь. Здесь не на что смотреть.,Разойдитесь. Здесь не на что смотреть.,,manual-translation,needs-english,jazz-units,890000000008176,jazz-units:items.lua:124033
890000000008258,Что это был за звук?,Что это был за звук?,,manual-translation,needs-english,jazz-units,890000000008258 | 890000000008259 | 890000000008277 | 890000000008278 | 890000000008292,jazz-units:items.lua:129360 | jazz-units:items.lua:129361 | jazz-units:items.lua:129423 | jazz-units:items.lua:129424 | jazz-units:items.lua:129467
890000000008264,Помощь мне бы не помешала.,Помощь мне бы не помешала.,,manual-translation,needs-english,jazz-units,890000000008264,jazz-units:items.lua:129374
890000000008270,Ох! На этот раз мне не повезло. Мэри... Я скоро буду с тобой... Если по дороге не заблужусь...,Ох! На этот раз мне не повезло. Мэри... Я скоро буду с тобой... Если по дороге не заблужусь...,,manual-translation,needs-english,jazz-units,890000000008270,jazz-units:items.lua:129394
890000000008271,Хочу тебе сказать... Это не похоже на старые добрые Соединенные Штаты...,Хочу тебе сказать... Это не похоже на старые добрые Соединенные Штаты...,,manual-translation,needs-english,jazz-units,890000000008271,jazz-units:items.lua:129400
890000000008273,"И это все? Я думал, расправиться с ними будет значительно труднее.","И это все? Я думал, расправиться с ними будет значительно труднее.",,manual-translation,needs-english,jazz-units,890000000008273,jazz-units:items.lua:129409
890000000008280,Что это?,Что это?,,manual-translation,needs-english,jazz-units,890000000008280 | 890000000009529 | 890000000009591,jazz-units:items.lua:129431 | jazz-units:items.lua:125384 | jazz-units:items.lua:130666
890000000008283,Куда спешим? У нас еще есть время. Есть!,Куда спешим? У нас еще есть время. Есть!,,manual-translation,needs-english,jazz-units,890000000008283 | 890000000008290 | 890000000008291,jazz-units:items.lua:129440 | jazz-units:items.lua:129461 | jazz-units:items.lua:129464
890000000008285,НЕТ! Я всю жизнь мечтал сказать это своей жене.,НЕТ! Я всю жизнь мечтал сказать это своей жене.,,manual-translation,needs-english,jazz-units,890000000008285,jazz-units:items.lua:129446
890000000008287,Камикадзе атакуют!,Камикадзе атакуют!,,manual-translation,needs-english,jazz-units,890000000008287,jazz-units:items.lua:129452
890000000008294,"Кто-нибудь считал? Я не уверен, что мы нашли всех.","Кто-нибудь считал? Я не уверен, что мы нашли всех.",,manual-translation,needs-english,jazz-units,890000000008294 | 890000000008295,jazz-units:items.lua:129473 | jazz-units:items.lua:129476
890000000008297,"Ох... Сердце стучит, как кузнечный молот...","Ох... Сердце стучит, как кузнечный молот...",,manual-translation,needs-english,jazz-units,890000000008297,jazz-units:items.lua:129482
890000000008301,"Ты что, с Луны свалился?","Ты что, с Луны свалился?",,manual-translation,needs-english,jazz-units,890000000008301,jazz-units:items.lua:129494
890000000009065,Мишень!,Мишень!,,manual-translation,needs-english,jazz-units,890000000009065 | 890000000009066 | 890000000009072,jazz-units:items.lua:119526 | jazz-units:items.lua:119527 | jazz-units:items.lua:119541
890000000009077,"Умник, обойма пустая!","Умник, обойма пустая!",,manual-translation,needs-english,jazz-units,890000000009077 | 890000000009078,jazz-units:items.lua:119552 | jazz-units:items.lua:119555
890000000009082,Дело дрянь.,Дело дрянь.,,manual-translation,needs-english,jazz-units,890000000009082,jazz-units:items.lua:119565
890000000009090,"Может чем болтать, лучше подумаем, как побыстрее здесь все закончить и вернуться в цивилизованный мир?","Может чем болтать, лучше подумаем, как побыстрее здесь все закончить и вернуться в цивилизованный мир?",,manual-translation,needs-english,jazz-units,890000000009090 | 890000000009091 | 890000000009092,jazz-units:items.lua:119589 | jazz-units:items.lua:119590 | jazz-units:items.lua:119591
890000000009095,Люблю учиться!,Люблю учиться!,,manual-translation,needs-english,jazz-units,890000000009095,jazz-units:items.lua:119598
890000000009096,Похоже вещичка ищет хозяина.,Похоже вещичка ищет хозяина.,,manual-translation,needs-english,jazz-units,890000000009096,jazz-units:items.lua:119601
890000000009097,Взять или не взять?,Взять или не взять?,,manual-translation,needs-english,jazz-units,890000000009097,jazz-units:items.lua:119602
890000000009115,"Ки-иска, мрр!","Ки-иска, мрр!",,manual-translation,needs-english,jazz-units,890000000009115,jazz-units:items.lua:119656
890000000009120,"Так держать, коллега!","Так держать, коллега!",,manual-translation,needs-english,jazz-units,890000000009120,jazz-units:items.lua:119671
890000000009136,Согласен.,Согласен.,,manual-translation,needs-english,jazz-units,890000000009136 | 890000000009137 | 890000000009138 | 890000000009627 | 890000000009628 | 890000000009629,jazz-units:items.lua:119806 | jazz-units:items.lua:119807 | jazz-units:items.lua:119808 | jazz-units:items.lua:130338 | jazz-units:items.lua:130339 | jazz-units:items.lua:130340
890000000009144,Сам туда стреляй.,Сам туда стреляй.,,manual-translation,needs-english,jazz-units,890000000009144,jazz-units:items.lua:119820
890000000009145,Невозможно.,Невозможно.,,manual-translation,needs-english,jazz-units,890000000009145 | 890000000009192,jazz-units:items.lua:119823 | jazz-units:items.lua:119950
890000000009161,Здесь все.,Здесь все.,,manual-translation,needs-english,jazz-units,890000000009161,jazz-units:items.lua:119865
890000000009171,Там.,Там.,,manual-translation,needs-english,jazz-units,890000000009171,jazz-units:items.lua:119887
890000000009175,Неплохо.,Неплохо.,,manual-translation,needs-english,jazz-units,890000000009175,jazz-units:items.lua:119899
890000000009194,Хм! Наконец он хоть чему-то научился.,Хм! Наконец он хоть чему-то научился.,,manual-translation,needs-english,jazz-units,890000000009194,jazz-units:items.lua:119956
890000000009201,Нет патронов!,Нет патронов!,,manual-translation,needs-english,jazz-units,890000000009201 | 890000000009701,jazz-units:items.lua:124623 | jazz-units:items.lua:124620
890000000009208,Вижу противника!,Вижу противника!,,manual-translation,needs-english,jazz-units,890000000009208 | 890000000009209 | 890000000009325,jazz-units:items.lua:124951 | jazz-units:items.lua:124952 | jazz-units:items.lua:124966
890000000009213,Нужно перезарядить оружие. Вот только чем?,Нужно перезарядить оружие. Вот только чем?,,manual-translation,needs-english,jazz-units,890000000009213 | 890000000009329,jazz-units:items.lua:124980 | jazz-units:items.lua:124977
890000000009230,Фидель - это сокровище! Ты ВИДЕЛ?,Фидель - это сокровище! Ты ВИДЕЛ?,,manual-translation,needs-english,jazz-units,890000000009230,jazz-units:items.lua:125453
890000000009234,Не такая уж большая потеря.,Не такая уж большая потеря.,,manual-translation,needs-english,jazz-units,890000000009234 | 890000000009382 | 890000000009390 | 890000000009413 | 890000000009414,jazz-units:items.lua:129130 | jazz-units:items.lua:129110 | jazz-units:items.lua:129131 | jazz-units:items.lua:129208 | jazz-units:items.lua:129211
890000000009249,"Ха, патроны кончились! Да кому они вообще нужны?","Ха, патроны кончились! Да кому они вообще нужны?",,manual-translation,needs-english,jazz-units,890000000009249 | 890000000009825,jazz-units:items.lua:129631 | jazz-units:items.lua:129628
890000000009250,У руки так и чешутся спустить курок...,У руки так и чешутся спустить курок...,,manual-translation,needs-english,jazz-units,890000000009250 | 890000000009822,jazz-units:items.lua:129653 | jazz-units:items.lua:129618
890000000009252,Все лучше и лучше!,Все лучше и лучше!,,manual-translation,needs-english,jazz-units,890000000009252,jazz-units:items.lua:129674
890000000009268,Эти уроды здесь - я их чувствую.,Эти уроды здесь - я их чувствую.,,manual-translation,needs-english,jazz-units,890000000009268 | 890000000009269 | 890000000009759,jazz-units:items.lua:130096 | jazz-units:items.lua:130097 | jazz-units:items.lua:130111
890000000009273,Надо перезарядить оружие...,Надо перезарядить оружие...,,manual-translation,needs-english,jazz-units,890000000009273 | 890000000009763,jazz-units:items.lua:130125 | jazz-units:items.lua:130122
890000000009280,Вот и они!,Вот и они!,,manual-translation,needs-english,jazz-units,890000000009280 | 890000000009281 | 890000000009635,jazz-units:items.lua:130343 | jazz-units:items.lua:130344 | jazz-units:items.lua:130358
890000000009285,Пули кончились.. Мне идти в рукопашную?,Пули кончились.. Мне идти в рукопашную?,,manual-translation,needs-english,jazz-units,890000000009285 | 890000000009639,jazz-units:items.lua:130372 | jazz-units:items.lua:130369
890000000009287,Вот черт...,Вот черт...,,manual-translation,needs-english,jazz-units,890000000009287 | 890000000009648 | 890000000009649,jazz-units:items.lua:130406 | jazz-units:items.lua:130407 | jazz-units:items.lua:130408
890000000009288,"Я стал сильнее, правда?","Я стал сильнее, правда?",,manual-translation,needs-english,jazz-units,890000000009288,jazz-units:items.lua:130415
890000000009289,Злобный меня уже достал...,Злобный меня уже достал...,,manual-translation,needs-english,jazz-units,890000000009289,jazz-units:items.lua:130485
890000000009301,Тоска начинает меня раздражать.,Тоска начинает меня раздражать.,,manual-translation,needs-english,jazz-units,890000000009301,jazz-units:items.lua:130732
890000000009323,"Отсюда бы в цель не попал даже снайпер... О, так я, получается, тоже снайпер?!","Отсюда бы в цель не попал даже снайпер... О, так я, получается, тоже снайпер?!",,manual-translation,needs-english,jazz-units,890000000009323,jazz-units:items.lua:124960
890000000009333,Я... тяжело ранен... Но я слишком люблю жизнь... Никто не поможет мне?,Я... тяжело ранен... Но я слишком люблю жизнь... Никто не поможет мне?,,manual-translation,needs-english,jazz-units,890000000009333,jazz-units:items.lua:124990
890000000009334,Почему-то это все так похоже на... шайсе.,Почему-то это все так похоже на... шайсе.,,manual-translation,needs-english,jazz-units,890000000009334,jazz-units:items.lua:124996
890000000009337,Этот сектор занят... Противником... Пора это изменить.,Этот сектор занят... Противником... Пора это изменить.,,manual-translation,needs-english,jazz-units,890000000009337,jazz-units:items.lua:125008
890000000009342,"О, кое-что полезное...","О, кое-что полезное...",,manual-translation,needs-english,jazz-units,890000000009342,jazz-units:items.lua:125026
890000000009345,Я должен поспать... Едой и сном пренебрегать нельзя.,Я должен поспать... Едой и сном пренебрегать нельзя.,,manual-translation,needs-english,jazz-units,890000000009345,jazz-units:items.lua:125033
890000000009346,"Дыши, Янно, дыши!","Дыши, Янно, дыши!",,manual-translation,needs-english,jazz-units,890000000009346 | 890000000009353 | 890000000009354,jazz-units:items.lua:125036 | jazz-units:items.lua:125057 | jazz-units:items.lua:125060
890000000009348,"Нет, так не пойдет.","Нет, так не пойдет.",,manual-translation,needs-english,jazz-units,890000000009348,jazz-units:items.lua:125042
890000000009349,"Ja, все готово!","Ja, все готово!",,manual-translation,needs-english,jazz-units,890000000009349 | 890000000009362,jazz-units:items.lua:125045 | jazz-units:items.lua:125084
890000000009361,Большая кошка... Не могу поверить.,Большая кошка... Не могу поверить.,,manual-translation,needs-english,jazz-units,890000000009361,jazz-units:items.lua:125081
890000000009364,Этот план - какой-то он... Не совсем хороший.,Этот план - какой-то он... Не совсем хороший.,,manual-translation,needs-english,jazz-units,890000000009364,jazz-units:items.lua:125090
890000000009379,"Ага, значит... И меня не забудьте...","Ага, значит... И меня не забудьте...",,manual-translation,needs-english,jazz-units,890000000009379 | 890000000009380 | 890000000009381,jazz-units:items.lua:129103 | jazz-units:items.lua:129104 | jazz-units:items.lua:129105
890000000009386,Это безнадежно. В самом деле.,Это безнадежно. В самом деле.,,manual-translation,needs-english,jazz-units,890000000009386,jazz-units:items.lua:129120
890000000009389,"Похоже, у меня проблемы.","Похоже, у меня проблемы.",,manual-translation,needs-english,jazz-units,890000000009389,jazz-units:items.lua:129127
890000000009407,Мне нужен небольшой перерыв на сон.,Мне нужен небольшой перерыв на сон.,,manual-translation,needs-english,jazz-units,890000000009407,jazz-units:items.lua:129190
890000000009419,"Я не уверен, что они все ушли на покой, так что будьте осторожны.","Я не уверен, что они все ушли на покой, так что будьте осторожны.",,manual-translation,needs-english,jazz-units,890000000009419 | 890000000009420,jazz-units:items.lua:129226 | jazz-units:items.lua:129229
890000000009426,"Что, снова лезем в ловушку?","Что, снова лезем в ловушку?",,manual-translation,needs-english,jazz-units,890000000009426,jazz-units:items.lua:129247
890000000009441,Я только что хотела это сказать.,Я только что хотела это сказать.,,manual-translation,needs-english,jazz-units,890000000009441 | 890000000009442 | 890000000009443,jazz-units:items.lua:129844 | jazz-units:items.lua:129845 | jazz-units:items.lua:129846
890000000009452,"Ф-фу! Когда они лопаются, они воняют еще сильнее.","Ф-фу! Когда они лопаются, они воняют еще сильнее.",,manual-translation,needs-english,jazz-units,890000000009452,jazz-units:items.lua:129872
890000000009454,Даже оружие испугалось!,Даже оружие испугалось!,,manual-translation,needs-english,jazz-units,890000000009454,jazz-units:items.lua:129881
890000000009460,Сектор зачищен.,Сектор зачищен.,,manual-translation,needs-english,jazz-units,890000000009460,jazz-units:items.lua:129903
890000000009471,Люди здесь хорошие...,Люди здесь хорошие...,,manual-translation,needs-english,jazz-units,890000000009471,jazz-units:items.lua:129937
890000000009481,Мы прикончили еще не всех. Не стоит расслабляться!,Мы прикончили еще не всех. Не стоит расслабляться!,,manual-translation,needs-english,jazz-units,890000000009481 | 890000000009482,jazz-units:items.lua:129967 | jazz-units:items.lua:129970
890000000009487,Ничего другого я и не ожидала.,Ничего другого я и не ожидала.,,manual-translation,needs-english,jazz-units,890000000009487,jazz-units:items.lua:129985
890000000009488,"Мне кажется, это... будет совсем не смешно.","Мне кажется, это... будет совсем не смешно.",,manual-translation,needs-english,jazz-units,890000000009488,jazz-units:items.lua:129988
890000000009503,Я присоединяюсь!,Я присоединяюсь!,,manual-translation,needs-english,jazz-units,890000000009503 | 890000000009504 | 890000000009505,jazz-units:items.lua:125303 | jazz-units:items.lua:125304 | jazz-units:items.lua:125305
890000000009507,Шшш! Ты слышал?,Шшш! Ты слышал?,,manual-translation,needs-english,jazz-units,890000000009507 | 890000000009508 | 890000000009526 | 890000000009527 | 890000000009541,jazz-units:items.lua:125313 | jazz-units:items.lua:125314 | jazz-units:items.lua:125376 | jazz-units:items.lua:125377 | jazz-units:items.lua:125420
890000000009510,Нельзя.,Нельзя.,,manual-translation,needs-english,jazz-units,890000000009510,jazz-units:items.lua:125320
890000000009522,Противник уничтожен - теперь мы можем спокойно осмотреться.,Противник уничтожен - теперь мы можем спокойно осмотреться.,,manual-translation,needs-english,jazz-units,890000000009522,jazz-units:items.lua:125362
890000000009533,Довольно приятные люди.,Довольно приятные люди.,,manual-translation,needs-english,jazz-units,890000000009533,jazz-units:items.lua:125396
890000000009543,Враг все еще здесь - будьте осторожны.,Враг все еще здесь - будьте осторожны.,,manual-translation,needs-english,jazz-units,890000000009543 | 890000000009544,jazz-units:items.lua:125426 | jazz-units:items.lua:125429
890000000009569,Я что-то слышала.,Я что-то слышала.,,manual-translation,needs-english,jazz-units,890000000009569 | 890000000009570 | 890000000009588 | 890000000009589 | 890000000009603,jazz-units:items.lua:130595 | jazz-units:items.lua:130596 | jazz-units:items.lua:130658 | jazz-units:items.lua:130659 | jazz-units:items.lua:130702
890000000009576,"Может быть, мне удастся взять образец ткани?","Может быть, мне удастся взять образец ткани?",,manual-translation,needs-english,jazz-units,890000000009576,jazz-units:items.lua:130613
890000000009582,Я полностью лишилась мотивации. Эта операция потеряла для меня всякий смысл.,Я полностью лишилась мотивации. Эта операция потеряла для меня всякий смысл.,,manual-translation,needs-english,jazz-units,890000000009582,jazz-units:items.lua:130635
890000000009583,"Ах, как хорошо. Даже короткий сон творит с телом чудеса.","Ах, как хорошо. Даже короткий сон творит с телом чудеса.",,manual-translation,needs-english,jazz-units,890000000009583,jazz-units:items.lua:130638
890000000009590,Посмотрим поближе...,Посмотрим поближе...,,manual-translation,needs-english,jazz-units,890000000009590,jazz-units:items.lua:130665
890000000009595,"Эти люди восхищают меня своей выносливостью. Я могу себе представить, через что им пришлось пройти.","Эти люди восхищают меня своей выносливостью. Я могу себе представить, через что им пришлось пройти.",,manual-translation,needs-english,jazz-units,890000000009595,jazz-units:items.lua:130678
890000000009605,Мы еще здесь не закончили. На территории еще остался противник.,Мы еще здесь не закончили. На территории еще остался противник.,,manual-translation,needs-english,jazz-units,890000000009605 | 890000000009606,jazz-units:items.lua:130708 | jazz-units:items.lua:130711
890000000009608,Я чудом спаслась.,Я чудом спаслась.,,manual-translation,needs-english,jazz-units,890000000009608,jazz-units:items.lua:130717
890000000009609,В Арулько очень интересная фауна...,В Арулько очень интересная фауна...,,manual-translation,needs-english,jazz-units,890000000009609,jazz-units:items.lua:130720
890000000009611,"Да, как я и говорила...","Да, как я и говорила...",,manual-translation,needs-english,jazz-units,890000000009611,jazz-units:items.lua:130726
890000000009612,Сомнительно... Очень сомнительно.,Сомнительно... Очень сомнительно.,,manual-translation,needs-english,jazz-units,890000000009612,jazz-units:items.lua:130729
890000000009646,Они все убиты.,Они все убиты.,,manual-translation,needs-english,jazz-units,890000000009646,jazz-units:items.lua:130397
890000000009647,Враги в секторе.,Враги в секторе.,,manual-translation,needs-english,jazz-units,890000000009647,jazz-units:items.lua:130400
890000000009653,Тут что-то есть!..,Тут что-то есть!..,,manual-translation,needs-english,jazz-units,890000000009653,jazz-units:items.lua:130419
890000000009655,Я хочу спать...,Я хочу спать...,,manual-translation,needs-english,jazz-units,890000000009655,jazz-units:items.lua:130425
890000000009656,"Оо, воздух...","Оо, воздух...",,manual-translation,needs-english,jazz-units,890000000009656 | 890000000009663 | 890000000009664,jazz-units:items.lua:130428 | jazz-units:items.lua:130449 | jazz-units:items.lua:130452
890000000009657,Очень мило.,Очень мило.,,manual-translation,needs-english,jazz-units,890000000009657,jazz-units:items.lua:130431
890000000009658,О нет. Я не согласен... на это.,О нет. Я не согласен... на это.,,manual-translation,needs-english,jazz-units,890000000009658,jazz-units:items.lua:130434
890000000009667,Внимание! Мы еще не одни.,Внимание! Мы еще не одни.,,manual-translation,needs-english,jazz-units,890000000009667 | 890000000009668,jazz-units:items.lua:130461 | jazz-units:items.lua:130464
890000000009695,Только с помощью телекинеза.,Только с помощью телекинеза.,,manual-translation,needs-english,jazz-units,890000000009695,jazz-units:items.lua:124603
890000000009702,Заклинило!,Заклинило!,,manual-translation,needs-english,jazz-units,890000000009702,jazz-units:items.lua:124626
890000000009705,Нужен врач...,Нужен врач...,,manual-translation,needs-english,jazz-units,890000000009705,jazz-units:items.lua:124633
890000000009706,Все это задание... Большая ошибка.,Все это задание... Большая ошибка.,,manual-translation,needs-english,jazz-units,890000000009706,jazz-units:items.lua:124639
890000000009707,Я опять в строю.,Я опять в строю.,,manual-translation,needs-english,jazz-units,890000000009707,jazz-units:items.lua:124642
890000000009708,"Сектор чист, как свежевыпавший снег.","Сектор чист, как свежевыпавший снег.",,manual-translation,needs-english,jazz-units,890000000009708,jazz-units:items.lua:124648
890000000009715,Интересно...,Интересно...,,manual-translation,needs-english,jazz-units,890000000009715,jazz-units:items.lua:124670
890000000009718,Дайте отдышаться!,Дайте отдышаться!,,manual-translation,needs-english,jazz-units,890000000009718 | 890000000009725 | 890000000009726,jazz-units:items.lua:124679 | jazz-units:items.lua:124700 | jazz-units:items.lua:124703
890000000009728,Здесь слишком тихо.,Здесь слишком тихо.,,manual-translation,needs-english,jazz-units,890000000009728,jazz-units:items.lua:124709
890000000009758,Этого нельзя сделать.,Этого нельзя сделать.,,manual-translation,needs-english,jazz-units,890000000009758,jazz-units:items.lua:130108
890000000009761,"Похоже, мы увязли в дерьме.","Похоже, мы увязли в дерьме.",,manual-translation,needs-english,jazz-units,890000000009761,jazz-units:items.lua:130115
890000000009767,Я ранен... Рана серьезная!,Я ранен... Рана серьезная!,,manual-translation,needs-english,jazz-units,890000000009767,jazz-units:items.lua:130135
890000000009769,Я готов действовать!,Я готов действовать!,,manual-translation,needs-english,jazz-units,890000000009769,jazz-units:items.lua:130144
890000000009783,Я готов!,Я готов!,,manual-translation,needs-english,jazz-units,890000000009783 | 890000000009796,jazz-units:items.lua:130190 | jazz-units:items.lua:130229
890000000009784,Атака с воздуха!,Атака с воздуха!,,manual-translation,needs-english,jazz-units,890000000009784,jazz-units:items.lua:130193
890000000009795,Здоровая кошка!,Здоровая кошка!,,manual-translation,needs-english,jazz-units,890000000009795,jazz-units:items.lua:130226
890000000009797,"Что я могу сказать? Я знал, что это дерьмовый план.","Что я могу сказать? Я знал, что это дерьмовый план.",,manual-translation,needs-english,jazz-units,890000000009797,jazz-units:items.lua:130232
890000000009813,Я тоже так думаю!,Я тоже так думаю!,,manual-translation,needs-english,jazz-units,890000000009813 | 890000000009814 | 890000000009815,jazz-units:items.lua:129597 | jazz-units:items.lua:129598 | jazz-units:items.lua:129599
890000000009824,Еще один трофей в мою коллекцию.,Еще один трофей в мою коллекцию.,,manual-translation,needs-english,jazz-units,890000000009824,jazz-units:items.lua:129625
890000000009841,Пора отдохнуть....,Пора отдохнуть....,,manual-translation,needs-english,jazz-units,890000000009841,jazz-units:items.lua:129684
890000000009842,Дыши!,Дыши!,,manual-translation,needs-english,jazz-units,890000000009842 | 890000000009849 | 890000000009850,jazz-units:items.lua:129687 | jazz-units:items.lua:129708 | jazz-units:items.lua:129711
890000000009852,Ты что-нибудь слышишь? И я нет. Подозрительно... Мне это не нравится.,Ты что-нибудь слышишь? И я нет. Подозрительно... Мне это не нравится.,,manual-translation,needs-english,jazz-units,890000000009852,jazz-units:items.lua:129717
890000000009853,Вечеринка еще не закончена.,Вечеринка еще не закончена.,,manual-translation,needs-english,jazz-units,890000000009853 | 890000000009854,jazz-units:items.lua:129720 | jazz-units:items.lua:129723
890000000009860,"От этого будет больше вреда, чем пользы.","От этого будет больше вреда, чем пользы.",,manual-translation,needs-english,jazz-units,890000000009860,jazz-units:items.lua:129741
