ID,SourceText,Russian,English,Notes,Reasons,Packages,AllIDs,Locations
990002124,Штурмовой прицел ACOG (4x),Штурмовой прицел ACOG (4x),ACOG Combat Scope (4x),manual-reviewed-google,google-draft,jazz,990002124 | 990002125 | 386481682677,jazz:InventoryItem/JAZZ_CombatScope_ACOG.lua:9 | jazz:items.lua:53528 | jazz:InventoryItem/JAZZ_CombatScope_ACOG.lua:10 | jazz:items.lua:53529 | jazz:items.lua:42516
990002136,Пламегаситель,Пламегаситель,Flash Hider,manual-reviewed-google,google-draft,jazz,990002136 | 990002137 | 102033365013,jazz:InventoryItem/JAZZ_FlashHider.lua:9 | jazz:items.lua:53604 | jazz:InventoryItem/JAZZ_FlashHider.lua:10 | jazz:items.lua:53605 | jazz:items.lua:39660
990002163,Прицел G36 3x,Прицел G36 3x,G36 Scope (3x),manual-reviewed-google,google-draft,jazz,990002163 | 990002164 | 714899319454,jazz:InventoryItem/JAZZ_G36Scope.lua:9 | jazz:items.lua:53775 | jazz:InventoryItem/JAZZ_G36Scope.lua:10 | jazz:items.lua:53776 | jazz:items.lua:42835
990002169,ГП-25,ГП-25,GP-25,manual-reviewed-google,google-draft,jazz,990002169 | 990002170 | 304182346557,jazz:InventoryItem/JAZZ_GP25.lua:9 | jazz:items.lua:53813 | jazz:InventoryItem/JAZZ_GP25.lua:10 | jazz:items.lua:53814 | jazz:items.lua:45843
990002190,Обмотка на цевье,Обмотка цевья,Handguard Wrap,manual-reviewed-google,google-draft,jazz,990002190 | 990002191 | 684571159127,jazz:InventoryItem/JAZZ_HandlingWrap.lua:9 | jazz:items.lua:53946 | jazz:InventoryItem/JAZZ_HandlingWrap.lua:10 | jazz:items.lua:53947 | jazz:items.lua:38828
990002208,Наствольная граната для М70,Надульная граната для M70,M70 Rifle Grenade,manual-reviewed-google,google-draft,jazz,990002208 | 990002209 | 378753629101,jazz:InventoryItem/JAZZ_M70_Grenade.lua:9 | jazz:items.lua:54060 | jazz:InventoryItem/JAZZ_M70_Grenade.lua:10 | jazz:items.lua:54061 | jazz:items.lua:45954
990002211,Увеличенный короб,Увеличенный патронный короб,Extended Ammo Box,manual-reviewed-google,google-draft,jazz,990002211 | 990002212 | 504310573707,jazz:InventoryItem/JAZZ_MagBelt_100_200.lua:9 | jazz:items.lua:54079 | jazz:InventoryItem/JAZZ_MagBelt_100_200.lua:10 | jazz:items.lua:54080 | jazz:items.lua:53101
990002217,Бубен,Бубен,Drum Magazine,manual-reviewed-google,google-draft,jazz,990002217 | 990002218 | 990002220 | 990002221 | 990002223 | 990002224 | 990002226 | 990002227 | 990002229 | 990002230 | 990002520 | 990002521 | 990002523 | 990002524 | 990002526 | 990002527 | 990002529 | 990002530 | 202821670683 | 436643816571 | 475365498057 | 494349827673 | 571428420057,jazz:InventoryItem/JAZZ_MagDrum_30_100.lua:9 | jazz:items.lua:54117 | jazz:InventoryItem/JAZZ_MagDrum_30_100.lua:10 | jazz:items.lua:54118 | jazz:InventoryItem/JAZZ_MagDrum_30_100_cumbersome.lua:9 | jazz:items.lua:54136 | jazz:InventoryItem/JAZZ_MagDrum_30_100_cumbersome.lua:10 | jazz:items.lua:54137 | jazz:InventoryItem/JAZZ_MagDrum_30_50.lua:9 | jazz:items.lua:54155 | jazz:InventoryItem/JAZZ_MagDrum_30_50.lua:10 | jazz:items.lua:54156 | jazz:InventoryItem/JAZZ_MagDrum_30_75.lua:9 | jazz:items.lua:54174 | jazz:InventoryItem/JAZZ_MagDrum_30_75.lua:10 | jazz:items.lua:54175 | jazz:InventoryItem/JAZZ_MagDrum_35_71.lua:10 | jazz:items.lua:54193 | jazz:InventoryItem/JAZZ_MagDrum_35_71.lua:11 | jazz:items.lua:54194 | jazz:InventoryItem/JAZZ_MagDrum_30_100_G3.lua:9 | jazz:items.lua:55426 | jazz:InventoryItem/JAZZ_MagDrum_30_100_G3.lua:10 | jazz:items.lua:55427 | jazz:InventoryItem/JAZZ_MagDrum_30_100_HK33.lua:9 | jazz:items.lua:55446 | jazz:InventoryItem/JAZZ_MagDrum_30_100_HK33.lua:10 | jazz:items.lua:55447 | jazz:InventoryItem/JAZZ_MagDrum_30_50_THOMPSON.lua:9 | jazz:items.lua:55466 | jazz:InventoryItem/JAZZ_MagDrum_30_50_THOMPSON.lua:10 | jazz:items.lua:55467 | jazz:InventoryItem/JAZZ_MagDrum_30_50_UZI.lua:9 | jazz:items.lua:55486 | jazz:InventoryItem/JAZZ_MagDrum_30_50_UZI.lua:10 | jazz:items.lua:55487 | jazz:items.lua:49556 | jazz:items.lua:49604 | jazz:items.lua:52734 | jazz:items.lua:52979 | jazz:items.lua:52789 | jazz:items.lua:49462 | jazz:items.lua:49509 | jazz:items.lua:52919 | jazz:items.lua:52837
990002241,Магазин на 33 патрона,Магазин на 33 патрона,33-Round Magazine,manual-reviewed-google,google-draft,jazz,990002241 | 990002242 | 212189312168,jazz:InventoryItem/JAZZ_MagLarge_17_33.lua:9 | jazz:items.lua:54269 | jazz:InventoryItem/JAZZ_MagLarge_17_33.lua:10 | jazz:items.lua:54270 | jazz:items.lua:51616
990002247,Магазин на 30 патрон,Магазин на 30 патронов,30-Round Magazine,manual-reviewed-google,google-draft,jazz,990002247 | 990002248 | 990002544 | 990002545 | 990002547 | 990002548 | 990002550 | 990002551 | 804714419971,jazz:InventoryItem/JAZZ_MagLarge_20_30.lua:9 | jazz:items.lua:54307 | jazz:InventoryItem/JAZZ_MagLarge_20_30.lua:10 | jazz:items.lua:54308 | jazz:InventoryItem/JAZZ_MagLarge_20_30_FAL.lua:9 | jazz:items.lua:55586 | jazz:InventoryItem/JAZZ_MagLarge_20_30_FAL.lua:10 | jazz:items.lua:55587 | jazz:InventoryItem/JAZZ_MagLarge_20_30_MINI14.lua:9 | jazz:items.lua:55606 | jazz:InventoryItem/JAZZ_MagLarge_20_30_MINI14.lua:10 | jazz:items.lua:55607 | jazz:InventoryItem/JAZZ_MagLarge_20_30_UZI.lua:9 | jazz:items.lua:55626 | jazz:InventoryItem/JAZZ_MagLarge_20_30_UZI.lua:10 | jazz:items.lua:55627 | jazz:items.lua:49824 | jazz:items.lua:49860 | jazz:items.lua:49896 | jazz:items.lua:52274
990002268,Магазин на 45 патрон,Магазин на 45 патронов,45-Round Magazine,manual-reviewed-google,google-draft,jazz,990002268 | 990002269 | 987708413156,jazz:InventoryItem/JAZZ_MagLarge_30_45.lua:9 | jazz:items.lua:54440 | jazz:InventoryItem/JAZZ_MagLarge_30_45.lua:10 | jazz:items.lua:54441 | jazz:items.lua:52122
990002298,Магазин на 15 патрон,Магазин на 15 патронов,15-Round Magazine,manual-reviewed-google,google-draft,jazz,990002298 | 990002299 | 990002625 | 990002626 | 990002628 | 990002629 | 990002631 | 990002632 | 146732068615,jazz:InventoryItem/JAZZ_MagSmall30_15.lua:9 | jazz:items.lua:54630 | jazz:InventoryItem/JAZZ_MagSmall30_15.lua:10 | jazz:items.lua:54631 | jazz:InventoryItem/JAZZ_MagSmall30_15_M2CARBINE.lua:9 | jazz:items.lua:56106 | jazz:InventoryItem/JAZZ_MagSmall30_15_M2CARBINE.lua:10 | jazz:items.lua:56107 | jazz:InventoryItem/JAZZ_MagSmall30_15_MP5.lua:9 | jazz:items.lua:56126 | jazz:InventoryItem/JAZZ_MagSmall30_15_MP5.lua:10 | jazz:items.lua:56127 | jazz:InventoryItem/JAZZ_MagSmall30_15_TMP.lua:9 | jazz:items.lua:56146 | jazz:InventoryItem/JAZZ_MagSmall30_15_TMP.lua:10 | jazz:items.lua:56147 | jazz:items.lua:47700 | jazz:items.lua:51144 | jazz:items.lua:51190 | jazz:items.lua:51264
990002304,Ночной прицел (5х),Ночной прицел (5х),Night-Vision Scope (5x),manual-reviewed-google,google-draft,jazz,990002304 | 990002305 | 990002307 | 990002308 | 264111342594,jazz:InventoryItem/JAZZ_NightScope.lua:9 | jazz:items.lua:54668 | jazz:InventoryItem/JAZZ_NightScope.lua:10 | jazz:items.lua:54669 | jazz:InventoryItem/JAZZ_NightScope_M3.lua:9 | jazz:items.lua:54687 | jazz:InventoryItem/JAZZ_NightScope_M3.lua:10 | jazz:items.lua:54688 | jazz:items.lua:44930 | jazz:items.lua:45191
990002334,Коллиматор Компактный,Компактный коллиматор,Compact Reflex Sight,manual-reviewed-google,google-draft,jazz,990002334 | 990002335 | 419464536793,jazz:InventoryItem/JAZZ_Reflex_Open.lua:9 | jazz:items.lua:54858 | jazz:InventoryItem/JAZZ_Reflex_Open.lua:10 | jazz:items.lua:54859 | jazz:items.lua:41176
990002337,Коллиматор ПК-АА,Коллиматор ПК-АС,PK-AS Reflex Sight,manual-reviewed-google,google-draft,jazz,990002337 | 990002338 | 943616917546,jazz:InventoryItem/JAZZ_Reflex_PKAS.lua:9 | jazz:items.lua:54877 | jazz:InventoryItem/JAZZ_Reflex_PKAS.lua:10 | jazz:items.lua:54878 | jazz:items.lua:40760
990002340,Коллиматор Пистолетный,Пистолетный коллиматор,Pistol Reflex Sight,manual-reviewed-google,google-draft,jazz,990002340 | 990002341 | 628416281031,jazz:InventoryItem/JAZZ_Reflex_Pistol.lua:9 | jazz:items.lua:54896 | jazz:InventoryItem/JAZZ_Reflex_Pistol.lua:10 | jazz:items.lua:54897 | jazz:items.lua:41471
990002343,Оптический Прицел Leupold Mark 4 (12x),Оптический прицел Leupold Mark 4 (12x),Leupold Mark 4 Scope (12x),manual-reviewed-google,google-draft,jazz,990002343 | 990002344 | 474039268901,jazz:InventoryItem/JAZZ_Scope_12x.lua:9 | jazz:items.lua:54915 | jazz:InventoryItem/JAZZ_Scope_12x.lua:10 | jazz:items.lua:54916 | jazz:items.lua:42996
990002349,Оптический Прицел 1-6x,Оптический прицел (1–6x),1–6x Scope,manual-reviewed-google,google-draft,jazz,990002349 | 990002350 | 391782617851,jazz:InventoryItem/JAZZ_Scope_6x.lua:9 | jazz:items.lua:54953 | jazz:InventoryItem/JAZZ_Scope_6x.lua:10 | jazz:items.lua:54954 | jazz:items.lua:43233
990002355,Оптический Прицел Zeiss Diavari-DA (1.5-6x),"Оптический прицел Zeiss Diavari-DA (1,5–6x)",Zeiss Diavari-DA Scope (1.5–6x),manual-reviewed-google,google-draft,jazz,990002355 | 990002356 | 781057492254,jazz:InventoryItem/JAZZ_Scope_DA15_6x.lua:9 | jazz:items.lua:54991 | jazz:InventoryItem/JAZZ_Scope_DA15_6x.lua:10 | jazz:items.lua:54992 | jazz:items.lua:44328
990002358,Оптический Прицел M84 (2.2x),"Оптический прицел M84 (2,2x)",M84 Scope (2.2x),manual-reviewed-google,google-draft,jazz,990002358 | 990002359 | 379863023022,jazz:InventoryItem/JAZZ_Scope_Garand.lua:9 | jazz:items.lua:55010 | jazz:InventoryItem/JAZZ_Scope_Garand.lua:10 | jazz:items.lua:55011 | jazz:items.lua:44492
990002361,Оптический Прицел Hensoldt ZF PSG1 (6x),Оптический прицел Hensoldt ZF PSG1 (6x),Hensoldt ZF PSG1 Scope (6x),manual-reviewed-google,google-draft,jazz,990002361 | 990002362 | 413751028775,jazz:InventoryItem/JAZZ_Scope_PSG.lua:9 | jazz:items.lua:55029 | jazz:InventoryItem/JAZZ_Scope_PSG.lua:10 | jazz:items.lua:55030 | jazz:items.lua:44749
990002370,Оптический Прицел Vortex Crossfire II Scout Scope (2-7x),Оптический прицел Vortex Crossfire II Scout (2–7x),Vortex Crossfire II Scout Scope (2–7x),manual-reviewed-google,google-draft,jazz,990002370 | 990002371 | 950000683454,jazz:InventoryItem/JAZZ_Scope_Scout.lua:9 | jazz:items.lua:55086 | jazz:InventoryItem/JAZZ_Scope_Scout.lua:10 | jazz:items.lua:55087 | jazz:items.lua:43680
990002376,Оптический Прицел ZF4 (4x),Оптический прицел ZF4 (4x),ZF4 Scope (4x),manual-reviewed-google,google-draft,jazz,990002376 | 990002377 | 890000000000684,jazz:InventoryItem/JAZZ_Scope_ZF4.lua:9 | jazz:items.lua:55124 | jazz:InventoryItem/JAZZ_Scope_ZF4.lua:10 | jazz:items.lua:55125 | jazz:items.lua:44635
990002379,Оптический Прицел ZRAK (4x),Оптический прицел ZRAK (4x),ZRAK Scope (4x),manual-reviewed-google,google-draft,jazz,990002379 | 990002380 | 890000000000685,jazz:InventoryItem/JAZZ_Scope_ZRAK.lua:9 | jazz:items.lua:55143 | jazz:InventoryItem/JAZZ_Scope_ZRAK.lua:10 | jazz:items.lua:55144 | jazz:items.lua:44574
990002385,Улучшенный глушитель,Улучшенный глушитель,Improved Suppressor,manual-reviewed-google,google-draft,jazz,990002385 | 990002386 | 301018052581,jazz:InventoryItem/JAZZ_SuppressorImproved.lua:9 | jazz:items.lua:55181 | jazz:InventoryItem/JAZZ_SuppressorImproved.lua:10 | jazz:items.lua:55182 | jazz:items.lua:39705
990002388,Глушитель Интегрированный,Интегрированный глушитель,Integral Suppressor,manual-reviewed-google,google-draft,jazz,990002388 | 990002389 | 447055432396,jazz:InventoryItem/JAZZ_SuppressorIntegrated.lua:9 | jazz:items.lua:55200 | jazz:InventoryItem/JAZZ_SuppressorIntegrated.lua:10 | jazz:items.lua:55201 | jazz:items.lua:39773
990002397,Штык-нож,Штык-нож,Bayonet,manual-reviewed-google,google-draft,jazz,990002397 | 990002398 | 990002400 | 990002401 | 352267355016 | 664378236433,jazz:InventoryItem/JAZZ_Type56Bayo.lua:9 | jazz:items.lua:55254 | jazz:InventoryItem/JAZZ_Type56Bayo.lua:10 | jazz:items.lua:55255 | jazz:InventoryItem/JAZZ_Type56BayoF.lua:9 | jazz:items.lua:55273 | jazz:InventoryItem/JAZZ_Type56BayoF.lua:10 | jazz:items.lua:55274 | jazz:items.lua:35578 | jazz:items.lua:35548
102731784616,Беретты М12,Beretta M12,Beretta M12,manual-reviewed-google,google-draft,jazz,102731784616,jazz:InventoryItem/BerettaM12.lua:14 | jazz:items.lua:20691
105546400626,"Трассирующая версия армейского патрона, также как и базовый патрон хорош во всем в среднем по больнице, но тут вы становитесь душой коллектива!!!","Трассирующая версия армейского патрона. Как и базовый, он во всём крепкий середняк — зато с ним вы станете душой коллектива!!!","A tracer version of the standard military round. Like the original, it's a solid all-rounder—but this one makes you the life of the party!!!",manual-reviewed-google,google-draft,jazz,105546400626,jazz:InventoryItem/JAZZ_AMMO_762x39_Tracer.lua:12 | jazz:items.lua:7078
105991333175,Титановая плита 3 класса защиты,Титановая плита 3-го класса защиты,Class 3 Titanium Plate,manual-reviewed-google,google-draft,jazz,105991333175 | 539611187321,jazz:InventoryItem/JazzArmorPlates_Titan3.lua:13 | jazz:items.lua:61900 | jazz:InventoryItem/JazzArmorPlates_Titan3.lua:14 | jazz:items.lua:61901
109043157088,"Армейский бронебойный патрон, относительно способности делать дырки, сохранил в себе свойства наносить относительно высокий урон цели.",Армейский бронебойный патрон: отлично пробивает броню и при этом сохраняет сравнительно высокий урон по цели.,A military armor-piercing round that punches clean through armor without giving up too much damage.,manual-reviewed-google,google-draft,jazz,109043157088,jazz:InventoryItem/JAZZ_AMMO_545_AP.lua:12 | jazz:items.lua:6608
117074449677,"Харизматичный боевой дробовик, который участвовал, наверное, в каждом боевике 80х и 90х. Кроме запоминающегося внешнего вида примечателен еще тем, что запрещен к продаже во многих странах, включая США. К сожалению, выпуск запчастей и обслуживание имеющихся на руках у владельцев дробовиков SPAS компанией Franchi был прекращен. Рыночек. Порешал.","Харизматичный боевой дробовик, засветившийся едва ли не в каждом боевике 80-х и 90-х. Помимо культовой внешности примечателен тем, что запрещён к продаже во многих странах, включая США. К сожалению, Franchi прекратила выпуск запчастей и обслуживание уже проданных SPAS. Рыночек порешал.","A charismatic combat shotgun that starred in just about every action flick of the '80s and '90s. Besides its iconic looks, it is notable for being banned from sale in many countries, including the United States. Unfortunately, Franchi has stopped producing spare parts or servicing SPAS shotguns already in private hands. The market has spoken.",manual-reviewed-google,google-draft,jazz,117074449677,jazz:InventoryItem/SPAS12.lua:16 | jazz:items.lua:30056
118150789498,Вес брони (2 Класс),Вес брони (2-й класс),Armor Weight (Class 2),manual-reviewed-google,google-draft,jazz,118150789498,jazz:CharacterEffect/Weight_2Class.lua:10 | jazz:items.lua:104082
119339798394,"Несколько лет назад вышедшая на рынок фирма ""Guardian"" стала основным поставщиком элементов бронезащиты для Ассоциации. Используемые технологии являются коммерческой тайной, но эффективность проводимых Ассоциацией операций в странах третьего мира может многое сказать о качестве их бронежилетов и шлемов.","Guardian вышла на рынок всего несколько лет назад и уже стала главным поставщиком защитного снаряжения для Ассоциации. Технология производства остаётся коммерческой тайной, но послужной список Ассоциации в странах третьего мира многое говорит о качестве этих бронежилетов и шлемов.","Guardian entered the market only a few years ago and has already become the Association's main supplier of protective gear. Its technology remains a trade secret, but the Association's record in third-world operations says plenty about the quality of its body armor and helmets.",manual-reviewed-google,google-draft,jazz,119339798394,jazz:InventoryItem/JazzArmor_GuardianHelm.lua:14 | jazz:items.lua:59845
122093727509,556Match ОТКЛЮЧЕНО,556Match ОТКЛЮЧЕНО,556Match DISABLED,manual-reviewed-google,google-draft,jazz,122093727509 | 209259965707,jazz:InventoryItem/_556_Match.lua:10 | jazz:items.lua:9360 | jazz:InventoryItem/_556_Match.lua:11 | jazz:items.lua:9361
125493171722,Самодельный шлем,Самодельный шлем,Improvised Helmet,manual-reviewed-google,google-draft,jazz,125493171722 | 362022349756,jazz:InventoryItem/JazzArmor_MetalHelm.lua:13 | jazz:items.lua:59445 | jazz:InventoryItem/JazzArmor_MetalHelm.lua:12 | jazz:items.lua:59444
125909778521,"Кевларовая защита коленей, применяемая полицейскими формированиями по всему миру. Позволяет мгновенно упасть из положения лежа и не лишиться при этом коленных чашечек.","Кевларовая защита коленей, которой пользуется полиция по всему миру. Позволяет мгновенно упасть в положение лёжа, не раздробив коленные чашечки.",Kevlar knee protection used by police forces worldwide. Lets you drop prone in an instant without shattering your kneecaps.,manual-reviewed-google,google-draft,jazz,125909778521,jazz:InventoryItem/JazzArmor_SwatPads.lua:14 | jazz:items.lua:61210
126940066148,"Красивые и модные солнцезащитные очки. Мало того, что в солнечных очках наемник выглядит круче, так еще и, в качестве бонуса, очки могут поймать шальной осколок, предназначавшийся глазу.","Красивые и модные солнцезащитные очки. В них наёмник не только выглядит круче: в качестве бонуса очки могут поймать шальной осколок, предназначавшийся глазу.","Stylish sunglasses that make any mercenary look cooler. As a bonus, they may catch a stray fragment meant for the eye.",manual-reviewed-google,google-draft,jazz,126940066148,jazz:InventoryItem/JazzArmor_Sunglasses.lua:13 | jazz:items.lua:59202
127339604026,Рейдерские наколенники,Рейдерские наколенники,Raider Knee Pads,manual-reviewed-google,google-draft,jazz,127339604026 | 855397811441,jazz:InventoryItem/JazzArmor_RaiderKneePads.lua:12 | jazz:items.lua:61182 | jazz:InventoryItem/JazzArmor_RaiderKneePads.lua:13 | jazz:items.lua:61183
129978350501,Цевьё,Цевьё,Handguard,manual-reviewed-google,google-draft,jazz,129978350501 | 375576659076,jazz:items.lua:45772 | jazz:items.lua:45727
131153424600,Тяжелая броня для ног,Тяжелая броня для ног,Heavy leg armor,manual-reviewed-google,google-draft,jazz,131153424600 | 313703635746 | 783639536840,jazz:InventoryItem/JazzArmor_TwaronHeavyLegs.lua:15 | jazz:items.lua:61443 | jazz:InventoryItem/JazzArmor_GuardianHeavyLegs.lua:15 | jazz:items.lua:61505 | jazz:InventoryItem/JazzArmor_ZylonHeavyLegs.lua:15 | jazz:items.lua:61380
134217744335,"По идее должен прошибать ткань мироздания, на деле обычный бронебойный патрон, не хуже многих, вражеские каски должны трепетать, точно вам говорю, но для стрельбы из пулемета расточительно.","По идее, должен пробивать саму ткань реальности. На практике это вполне достойный бронебойный патрон. Вражеские каски должны трепетать, я вам говорю! Но заряжать такое в пулемётную ленту — дорогое удовольствие.","In theory, it should punch through the fabric of reality. In practice, it's a perfectly respectable armor-piercing round. Enemy helmets ought to tremble, I'm telling you—though feeding it through a machine gun gets expensive fast.",manual-reviewed-google,google-draft,jazz,134217744335,jazz:InventoryItem/JAZZ_AMMO_762x51_AP.lua:12 | jazz:items.lua:7592
137925284623,Ствол: Уменьшает кучность на 30%,Ствол: Уменьшает кучность на 30%,Barrel: Reduces accuracy by 30%,manual-reviewed-google,google-draft,jazz,137925284623,jazz:items.lua:33066
137980565501,<image UI/Conversation/T_Dialogue_IconBackgroundCircle.tga 400 130 128 120> Увеличенная эффективность прицеливания,<image UI/Conversation/T_Dialogue_IconBackgroundCircle.tga 400 130 128 120> Увеличенная эффективность прицеливания,<image UI/Conversation/T_Dialogue_IconBackgroundCircle.tga 400 130 128 120> Increased aiming efficiency,manual-reviewed-google,google-draft,jazz,137980565501 | 664395917370,jazz:InventoryItem/_556_Match.lua:14 | jazz:items.lua:9364 | jazz:InventoryItem/_762WP_Match.lua:14 | jazz:items.lua:9541
138469521759,"5,45 мм,ПС Армейский","5,45 мм, ПС (армейский)","5.45 mm, PS Military",manual-reviewed-google,google-draft,jazz,138469521759,jazz:InventoryItem/JAZZ_AMMO_545_Army.lua:10 | jazz:items.lua:6519
142435704728,Карбайн,Карабин,Carbine,manual-reviewed-google,google-draft,jazz,142435704728 | 875798522299,jazz:InventoryItem/M2Carbine.lua:13 | jazz:items.lua:21826 | jazz:InventoryItem/M2Carbine.lua:14 | jazz:items.lua:21827
142817437025,"Очки ночного зрения первого поколения, работающие на принципе усиления естественного освещения. Из-за чего при случайной засветке выключаются, чтоб не ослепить носителя.","Очки ночного видения первого поколения усиливают доступный свет. При внезапной засветке они отключаются, чтобы не ослепить владельца.",First-generation night-vision goggles amplify available light. They shut down when suddenly exposed to bright light to avoid blinding the wearer.,manual-reviewed-google,google-draft,jazz,142817437025,jazz:InventoryItem/JazzArmor_NVG1.lua:11 | jazz:items.lua:59277
146117284173,Обеспечивает защиту по 4 классу. Вставляется в бронежилеты.,Обеспечивает защиту 4-го класса. Устанавливается в бронежилет.,Provides class 4 protection. Fits into body armor.,manual-reviewed-google,google-draft,jazz,146117284173 | 472781199909 | 694193912756,jazz:InventoryItem/JazzArmorPlates_Steel4.lua:16 | jazz:items.lua:61774 | jazz:InventoryItem/JazzArmorPlates_Ceramics4.lua:16 | jazz:items.lua:61851 | jazz:InventoryItem/JazzArmorPlates_Titan4.lua:16 | jazz:items.lua:61929
147224231156,Ранение в торс,Ранение торса,Torso Wound,manual-reviewed-google,google-draft,jazz,147224231156,jazz:CharacterEffect/Torsoshot.lua:10 | jazz:items.lua:62351
151166074388,"«Я почти уверен, что кричать <color EmStyle>«Паркур»</color> не обязательно».","«Я почти уверен, что кричать <color EmStyle>«Паркур»</color> не обязательно».",“I’m pretty sure shouting <color EmStyle>“Parkour”</color> isn’t necessary.”,manual-reviewed-google,google-draft,jazz,151166074388,jazz:InventoryItem/SkillMag_Agility.lua:12 | jazz:items.lua:57151
152496614613,АК47,АК-47,AK-47,manual-reviewed-google,google-draft,jazz,152496614613 | 949478428457,jazz:InventoryItem/AK47.lua:13 | jazz:items.lua:23690 | jazz:InventoryItem/AK47.lua:14 | jazz:items.lua:23691
153412761781,Бронежилет СВМПЭ,Бронежилет из СВМПЭ,UHMWPE Body Armor,manual-reviewed-google,google-draft,jazz,153412761781,jazz:InventoryItem/JazzArmor_UHMWPE.lua:12 | jazz:items.lua:60985
154040441272,"Тяжелые шлемы фирмы ""Guardian"" используются Ассоциацией для проведения штурмовых операций - взятие или освобождение заложников, ликвидация VIP, заминирование стратегических объектов и так далее.","Тяжёлые шлемы Guardian используются Ассоциацией в штурмовых операциях: при освобождении заложников, ликвидации особо важных целей, минировании стратегических объектов и не только.","Guardian heavy helmets are used by the Association in assault operations: hostage rescue, high-value target elimination, demolition of strategic sites, and more.",manual-reviewed-google,google-draft,jazz,154040441272,jazz:InventoryItem/JazzArmor_GuardianHelmHeavy.lua:14 | jazz:items.lua:59875
154633017336,Шлемы MICH 2001,Шлем MICH 2001,MICH 2001 Helmet,manual-reviewed-google,google-draft,jazz,154633017336,jazz:InventoryItem/JazzArmor_Mich2001.lua:13 | jazz:items.lua:59816
158297465336,Стальная бронеплита 5 класса защиты,Стальная бронеплита 5 класса защиты,Class 5 Steel Armor Plate,manual-reviewed-google,google-draft,jazz,158297465336 | 580788476785,jazz:InventoryItem/JazzArmorPlates_Steel5.lua:13 | jazz:items.lua:61797 | jazz:InventoryItem/JazzArmorPlates_Steel5.lua:14 | jazz:items.lua:61798
158615306685,Ранение в пах,Ранение в пах,Groin Wound,manual-reviewed-google,google-draft,jazz,158615306685,jazz:CharacterEffect/Groinshot.lua:10 | jazz:items.lua:62396
165273464829,"Бронежилет  ""Interceptor"", Тяжелый",Тяжёлый бронежилет Interceptor,Heavy Interceptor Body Armor,manual-reviewed-google,google-draft,jazz,165273464829,jazz:InventoryItem/JazzArmor_IBAFull.lua:13 | jazz:items.lua:60956
167822758999,Гранаты M24,Граната M24,M24 Grenade,manual-reviewed-google,google-draft,jazz,167822758999,jazz:InventoryItem/FragGrenade.lua:13 | jazz:items.lua:30705
167986550462,Крепкая кожаная куртка.,Крепкая кожаная куртка.,Sturdy leather jacket.,manual-reviewed-google,google-draft,jazz,167986550462 | 168419531911,jazz:InventoryItem/JazzArmor_LeatherJacketBrn.lua:15 | jazz:items.lua:60048 | jazz:InventoryItem/JazzArmor_LeatherJacketBlk.lua:15 | jazz:items.lua:60074
169244335459,"Бокфлинт - или двуствольное охотничье ружье ""вертикалка"". Для местных выглядит дороговасто, так что, похоже, кое-кто из иностранных туристов-охотников решил перехать в Гранд-Чиен навсегда.","Бокфлинт, или двуствольное охотничье ружьё-«вертикалка». Для местных дороговато — похоже, кто-то из иностранных туристов-охотников решил переехать в Гранд-Чиен навсегда.","An over-under double-barreled hunting shotgun. It looks a little pricey for the locals, so apparently some foreign hunting tourist decided to stay in Grand Chien forever.",manual-reviewed-google,google-draft,jazz,169244335459,jazz:InventoryItem/Stoeger.lua:15 | jazz:items.lua:29844
170269301418,"7.62х51мм НАТО, M62","7.62х51мм НАТО, M62","7.62x51mm NATO, M62",manual-reviewed-google,google-draft,jazz,170269301418 | 634358146978 | 915862614034 | 970505261363,jazz:InventoryItem/JAZZ_AMMO_762x51_Tracer.lua:9 | jazz:items.lua:7700 | jazz:InventoryItem/_762NATO_Tracer.lua:10 | jazz:items.lua:9732 | jazz:InventoryItem/_762NATO_Tracer.lua:11 | jazz:items.lua:9733 | jazz:InventoryItem/JAZZ_AMMO_762x51_Tracer.lua:10 | jazz:items.lua:7701
173223273387,Строительная каска,Строительная каска,Hard Hat,manual-reviewed-google,google-draft,jazz,173223273387,jazz:InventoryItem/JazzArmor_ConstructionHelmet.lua:12 | jazz:items.lua:59365
173908119871,"5,45 мм, ПП Повышенной Пробиваемости","5,45 мм, ПП повышенной пробиваемости","5.45 mm, PP Enhanced Penetration",manual-reviewed-google,google-draft,jazz,173908119871 | 686371523176,jazz:InventoryItem/JAZZ_AMMO_545_EPR.lua:10 | jazz:items.lua:6562 | jazz:InventoryItem/JAZZ_AMMO_545_EPR.lua:9 | jazz:items.lua:6561
174939633208,"Прямой конкурент бельгийского P90 за звание главного PDWаста в блоке НАТО. Внутри устроен как настоящая большая винтовка, что дает неплохую мощность при использовании патронов малого калибра. ",Прямой конкурент бельгийского P90 в борьбе за звание главного PDW НАТО. Внутри он устроен как полноразмерная винтовка и выдаёт вполне достойную мощность для малокалиберного патрона.,"A direct rival to Belgium's P90 for the title of NATO's premier PDW. Inside, it is built like a full-size rifle, delivering respectable power from a small-caliber cartridge.",manual-reviewed-google,google-draft,jazz,174939633208,jazz:InventoryItem/MP7.lua:15 | jazz:items.lua:21633
176393454855,Снаряжение - <Nick>,Снаряжение — <Nick>,Equipment — <Nick>,manual-reviewed-google,google-draft,jazz,176393454855 | 255206300456 | 496187320548 | 852932508226 | 867306961363,jazz:items.lua:89350 | jazz:items.lua:86480 | jazz:items.lua:92254 | jazz:items.lua:100815 | jazz:items.lua:101679
183467107600,Тяжелая броня для ног Гвардиан,Тяжёлая защита ног Guardian,Guardian Heavy Leg Armor,manual-reviewed-google,google-draft,jazz,183467107600 | 978936326548,jazz:InventoryItem/JazzArmor_GuardianHeavyLegs.lua:12 | jazz:items.lua:61502 | jazz:InventoryItem/JazzArmor_GuardianHeavyLegs.lua:13 | jazz:items.lua:61503
185166207320,Ствол: Увеличивает точность на <BarrelAccuracyIncrease>,Ствол: Увеличивает точность на <BarrelAccuracyIncrease>,Barrel: Increases accuracy by <BarrelAccuracyIncrease>,manual-reviewed-google,google-draft,jazz,185166207320,jazz:items.lua:33188
186293445167,Рукоятка,Рукоятка,Grip,manual-reviewed-google,google-draft,jazz,186293445167,jazz:items.lua:56161
186545142817,"Современный американский военный бронежилет в тяжелом штурмовом исполнении. Выполнен по всем стандартам проектирования брони - арамидные пакеты усилены керамическими пластинами. Имеет дополнительную защиту шеи, рук и паха.","Современный американский военный бронежилет в тяжёлом штурмовом исполнении. Арамидные пакеты усилены керамическими пластинами; предусмотрена дополнительная защита шеи, рук и паха.","Modern American military body armor in a heavy assault configuration. Aramid panels are reinforced with ceramic plates, with additional protection for the neck, arms, and groin.",manual-reviewed-google,google-draft,jazz,186545142817,jazz:InventoryItem/JazzArmor_IBAFull.lua:14 | jazz:items.lua:60957
190364811329,Экспансивный патрон калибра 9х19мм,Экспансивный патрон 9×19 мм,9x19 mm Hollow-Point Round,manual-reviewed-google,google-draft,jazz,190364811329,jazz:InventoryItem/_9mm_HP.lua:12 | jazz:items.lua:8890
191364946234,Комплекты Дополнительного бронирования,Комплекты усиления брони,Armor Upgrade Kits,manual-reviewed-google,google-draft,jazz,191364946234,jazz:InventoryItem/JAZZ_ArmorUpgrade.lua:11 | jazz:items.lua:58460
197266793683,"ОД и ОД свободного перемещения уменьшены. Чем больше уровень, тем больше дебафов","Снижает ОД и ОД свободного перемещения. Чем выше уровень, тем сильнее штрафы.",Reduces AP and Free Move AP. Higher levels impose stronger penalties.,manual-reviewed-google,google-draft,jazz,197266793683 | 538937825340 | 549247357132 | 806830590860 | 997296420646,jazz:CharacterEffect/Weight_4Class.lua:11 | jazz:items.lua:104117 | jazz:CharacterEffect/Weight_1Class.lua:11 | jazz:items.lua:104065 | jazz:CharacterEffect/Weight_5Class.lua:11 | jazz:items.lua:104134 | jazz:CharacterEffect/Weight_3Class.lua:11 | jazz:items.lua:104100 | jazz:CharacterEffect/Weight_2Class.lua:11 | jazz:items.lua:104083
199064256585,Экспансивный патрон для револьверов и винтовок калибра .44.,Экспансивный патрон для револьверов и винтовок калибра .44.,.44 Hollow-Point Round,manual-reviewed-google,google-draft,jazz,199064256585,jazz:InventoryItem/_44CAL_HP.lua:12 | jazz:items.lua:9132
202438707540,"9х19 мм, ББ","9х19 мм, ББ","9x19 mm, AP",manual-reviewed-google,google-draft,jazz,202438707540 | 285785210544,jazz:InventoryItem/_9mm_AP.lua:9 | jazz:items.lua:8956 | jazz:InventoryItem/_9mm_AP.lua:10 | jazz:items.lua:8957
202927839636,"<image UI/Conversation/T_Dialogue_IconBackgroundCircle.tga 400 130 128 120> ""Опять китайское дерьмо"" © Стив Борнелл","<image UI/Conversation/T_Dialogue_IconBackgroundCircle.tga 400 130 128 120> ""Опять китайское дерьмо"" © Стив Борнелл",<image UI/Conversation/T_Dialogue_IconBackgroundCircle.tga 400 130 128 120> “More Chinese crap.” © Steve Bornell,manual-reviewed-google,google-draft,jazz,202927839636,jazz:InventoryItem/Type56.lua:16 | jazz:items.lua:23165
203947535559,Бронежилет SWAT,Бронежилет SWAT,SWAT Body Armor,manual-reviewed-google,google-draft,jazz,203947535559,jazz:InventoryItem/JazzArmor_SWAT.lua:12 | jazz:items.lua:60481
210255337735,АВТ-40,АВТ-40,AVT-40,manual-reviewed-google,google-draft,jazz,210255337735 | 915359425469,jazz:InventoryItem/AVT40.lua:13 | jazz:items.lua:25360 | jazz:InventoryItem/AVT40.lua:12 | jazz:items.lua:25359
212844370874,Шлем PASGT,Шлем PASGT,PASGT Helmet,manual-reviewed-google,google-draft,jazz,212844370874,jazz:InventoryItem/JazzArmor_PASGTHelm.lua:12 | jazz:items.lua:59725
213918680889,"Heckler-Koch G3SG1 - cнайперская целевая винтовка, разработанная путем незначительной доработки серийной штурмовой винтовки G3. Для модернизации отбирались винтовки, показавшие лучшую кучность на заводских тестах.","Heckler & Koch G3SG1 — снайперская винтовка, созданная путём небольшой доработки серийной G3. Для модернизации отбирали экземпляры, показавшие лучшую кучность на заводских испытаниях.",The Heckler & Koch G3SG1 is a marksman rifle created through minor modifications to the standard G3. Only rifles that demonstrated the best accuracy in factory testing were selected for conversion.,manual-reviewed-google,google-draft,jazz,213918680889,jazz:InventoryItem/G3SniperV1.lua:14 | jazz:items.lua:26956
214801991188,"Ручной пулемет Дегтярева (РПД) был разработан в 1944 году под новый на тот момент патрон 7.62х39 мм. Впоследствии был заменен на РПК, но успел широко распространиться по странам соцлагеря, так что до сих пор встречается на поле боя.","Ручной пулемет Дегтярева (РПД) был разработан в 1944 году под новый на тот момент патрон 7.62х39 мм. Впоследствии был заменен на РПК, но успел широко распространиться по странам соцлагеря, так что до сих пор встречается на поле боя.","The RPK is a light machine gun derived from the AKM. Compared with the standard rifle, it has a reinforced receiver and a heavy barrel, extending a squad's effective fire out to 600 meters.",manual-reviewed-google,google-draft,jazz,214801991188,jazz:InventoryItem/RPD.lua:15 | jazz:items.lua:28259
215116904754,Кожаная броня,Кожаная броня,Leather Armor,manual-reviewed-google,google-draft,jazz,215116904754 | 661158179777,jazz:InventoryItem/JazzArmor_LeatherArmor.lua:11 | jazz:items.lua:60177 | jazz:InventoryItem/JazzArmor_LeatherArmor.lua:12 | jazz:items.lua:60178
218380185132,"7.62х51мм НАТО, M118LR","7.62х51мм НАТО, M118LR","7.62x51mm NATO, M118LR",manual-reviewed-google,google-draft,jazz,218380185132 | 378844614691 | 791984219669 | 812085002897,jazz:InventoryItem/JAZZ_AMMO_762x51_Match.lua:10 | jazz:items.lua:7646 | jazz:InventoryItem/JAZZ_AMMO_762x51_Match.lua:9 | jazz:items.lua:7645 | jazz:InventoryItem/_762NATO_Match.lua:11 | jazz:items.lua:9690 | jazz:InventoryItem/_762NATO_Match.lua:10 | jazz:items.lua:9689
220392946488,Немецкий шлем M42,Немецкая каска M42,German M42 Helmet,manual-reviewed-google,google-draft,jazz,220392946488 | 252885839574,jazz:InventoryItem/JazzArmor_Stahlhelm.lua:12 | jazz:items.lua:59495 | jazz:InventoryItem/JazzArmor_Stahlhelm.lua:13 | jazz:items.lua:59496
220439905812,Ствол: Уменьшает кучность на 10%,Ствол: Уменьшает кучность на 10%,Barrel: Reduces accuracy by 10%,manual-reviewed-google,google-draft,jazz,220439905812,jazz:items.lua:33052
224255879213,Каска М1,Каска M1,M1 Helmet,manual-reviewed-google,google-draft,jazz,224255879213 | 404111529406,jazz:InventoryItem/JazzArmor_M1Helm.lua:12 | jazz:items.lua:59417 | jazz:InventoryItem/JazzArmor_M1Helm.lua:13 | jazz:items.lua:59418
227418014128,Уровень защиты,Уровень защиты,Protection Level,manual-reviewed-google,google-draft,jazz,227418014128 | 245759466344 | 306160371091 | 323469449534 | 369205133397 | 371754764107 | 516469303127 | 527484246339 | 605345929215 | 698700407824 | 724608997137 | 793718590072 | 886452040462,jazz:items.lua:79515 | jazz:items.lua:79664 | jazz:items.lua:79692 | jazz:items.lua:79397 | jazz:items.lua:79637 | jazz:items.lua:79548 | jazz:items.lua:79780 | jazz:items.lua:79752 | jazz:items.lua:79481 | jazz:items.lua:79453 | jazz:items.lua:79425 | jazz:items.lua:79720 | jazz:items.lua:79583 | jazz:items.lua:79610
227560954614,Немецкая штурмовая кираса,Немецкая штурмовая кираса,German Assault Cuirass,manual-reviewed-google,google-draft,jazz,227560954614,jazz:InventoryItem/JazzArmor_AssaultCuirass.lua:12 | jazz:items.lua:60395
230797424385,Самодельная броня из шин,Самодельная броня из шин,Improvised Tire Armor,manual-reviewed-google,google-draft,jazz,230797424385 | 287567251502 | 798177913451,jazz:InventoryItem/JazzArmor_TireArmor.lua:11 | jazz:items.lua:60232 | jazz:InventoryItem/JazzArmor_TireArmor.lua:14 | jazz:items.lua:60235 | jazz:InventoryItem/JazzArmor_TireArmor.lua:12 | jazz:items.lua:60233
234503579733,Легкая кевларовая бронепластина 2 класса защиты. Может неплохо дополнить штатные защитные элементы бронежилета.,Кевларовая плита 2-го класса защиты,Class 2 Kevlar Plate,manual-reviewed-google,google-draft,jazz,234503579733,jazz:InventoryItem/JazzArmorPlates_Kevlar.lua:15 | jazz:items.lua:61697
235930555725,Военные кевларовые щитки,Армейские кевларовые наколенники,Military Kevlar Knee Pads,manual-reviewed-google,google-draft,jazz,235930555725 | 474203275369,jazz:InventoryItem/JazzArmor_CamoKneePads.lua:12 | jazz:items.lua:61288 | jazz:InventoryItem/JazzArmor_CamoKneePads.lua:13 | jazz:items.lua:61289
239198807680,"Шлем Зилон, Тяжелый",Тяжёлый шлем из зилона,Heavy Zylon Helmet,manual-reviewed-google,google-draft,jazz,239198807680,jazz:InventoryItem/JazzArmor_ZylonHelmHeavy.lua:12 | jazz:items.lua:59575
243383619902,"<image UI/Conversation/T_Dialogue_IconBackgroundCircle.tga 400 130 128 120> Взрывается при контакте
<image UI/Conversation/T_Dialogue_IconBackgroundCircle.tga 400 130 128 120> На близкой дистанции только разброс (Ловкость + Взрывчатка; уверенно примерно с 30)
<image UI/Conversation/T_Dialogue_IconBackgroundCircle.tga 400 130 128 120> Поражённые взрывом: гарантированная <color EmStyle>контузия</color>; шанс зональных <color EmStyle>травм</color>","<image UI/Conversation/T_Dialogue_IconBackgroundCircle.tga 400 130 128 120> Взрывается при контакте
<image UI/Conversation/T_Dialogue_IconBackgroundCircle.tga 400 130 128 120> На близкой дистанции влияет только разброс (Ловкость + Взрывчатка; уверенный бросок примерно с 30)
<image UI/Conversation/T_Dialogue_IconBackgroundCircle.tga 400 130 128 120> Поражённые взрывом гарантированно получают <color EmStyle>контузию</color>; возможны зональные <color EmStyle>травмы</color>","<image UI/Conversation/T_Dialogue_IconBackgroundCircle.tga 400 130 128 120> Explodes on contact
<image UI/Conversation/T_Dialogue_IconBackgroundCircle.tga 400 130 128 120> At close range, only scatter applies (Dexterity + Explosives; reliable at roughly 30)
<image UI/Conversation/T_Dialogue_IconBackgroundCircle.tga 400 130 128 120> Units caught in the blast are guaranteed to suffer <color EmStyle>Concussion</color> and may suffer location-specific <color EmStyle>Trauma</color>",manual-translation,needs-english,jazz,243383619902,jazz:InventoryItem/FragGrenade.lua:15 | jazz:items.lua:30707
244187543674,Шлем Тварон,Шлем из тварона,Twaron Helmet,manual-reviewed-google,google-draft,jazz,244187543674,jazz:InventoryItem/JazzArmor_TwaronHelm.lua:12 | jazz:items.lua:59636
245284644888,"Баллистическая защитная маска с прорезями для глаз. По задумке, должна защищать хозяина от выстрелов в лицо. Я бы на вашем месте не проверял.",Баллистическая маска с прорезями для глаз. Должна защищать лицо от пуль. Проверять на себе не советую.,A ballistic face mask with eye slits. It is meant to stop shots to the face. I wouldn't volunteer to test it.,manual-reviewed-google,google-draft,jazz,245284644888,jazz:InventoryItem/JazzArmor_BallisticMask.lua:13 | jazz:items.lua:59229
255285870071,Самодельная кольчуга,Самодельная кольчуга,Improvised Chainmail,manual-reviewed-google,google-draft,jazz,255285870071,jazz:InventoryItem/JazzArmor_Chainmail.lua:12 | jazz:items.lua:60097
260503330036,Точность оружия. Влияет на кривую падения шанса попадания от расстояния.,"Точность оружия. Определяет, как быстро шанс попадания снижается с расстоянием.",Weapon accuracy. Determines how quickly chance to hit falls off with distance.,manual-reviewed-google,google-draft,jazz,260503330036 | 540297819036,jazz:items.lua:75710 | jazz:items.lua:74547
264662710858,Ультракомпактный автомат производства SIG с классической компоновкой и не менее классической газоотводной системой. Серьезное дорогое оружие.,Ультракомпактный автомат производства SIG с классической компоновкой и не менее классической газоотводной системой. Серьезное дорогое оружие.,An ultra-compact SIG assault rifle with a conventional layout and an equally conventional gas-operated action. Serious hardware with a serious price tag.,manual-reviewed-google,google-draft,jazz,264662710858,jazz:InventoryItem/Sig552.lua:15 | jazz:items.lua:22742
266664626516,Цевьё с рельсой,Цевьё с планкой,Railed Handguard,manual-reviewed-google,google-draft,jazz,266664626516|205417891756,jazz:items.lua:45814
269544488292,Отдача влияет на потерю точности каждого последующего выстрела при стрельбе очередями. Наемники с более высокой силой стреляют с меньшей отдачей.,Отдача влияет на потерю точности каждого последующего выстрела при стрельбе очередями. Наемники с более высокой силой стреляют с меньшей отдачей.,Recoil determines how much accuracy is lost with each subsequent shot in a burst. Stronger mercenaries handle recoil better.,manual-reviewed-google,google-draft,jazz,269544488292,jazz:items.lua:74535
269691251565,<image UI/Conversation/T_Dialogue_IconBackgroundCircle.tga 400 130 128 120> Быстрое усмирение,<image UI/Conversation/T_Dialogue_IconBackgroundCircle.tga 400 130 128 120> Быстрое усмирение,<image UI/Conversation/T_Dialogue_IconBackgroundCircle.tga 400 130 128 120> Quick pacification,manual-reviewed-google,google-draft,jazz,269691251565,jazz:InventoryItem/vanillunique/Auto5_quest.lua:17 | jazz:items.lua:110127
270221582219,Мачете,Мачете,Machete,manual-reviewed-google,google-draft,jazz,270221582219 | 655866118705,jazz:InventoryItem/Bayonet.lua:11 | jazz:items.lua:56223 | jazz:InventoryItem/Bayonet.lua:12 | jazz:items.lua:56224
272625731444,Военная униформа,Военная форма,Military Uniform,manual-reviewed-google,google-draft,jazz,272625731444 | 978505280466,jazz:InventoryItem/JazzArmor_Uniform.lua:13 | jazz:items.lua:60153 | jazz:InventoryItem/JazzArmor_Uniform.lua:12 | jazz:items.lua:60152
273443322486,"Классическое ""американское"" помповое гладкоствольное ружье в охотничьей комплектации с подствольным магазином, вмещающим достаточно маленьких и злых патронов 12 калибра. Охота? Самооборона? Массовые беспорядки? Возьмите Рем, он был для этого сделан.","Классическое американское помповое ружьё в охотничьей комплектации, с трубчатым магазином, полным маленьких и злых патронов 12-го калибра. Охота? Самооборона? Массовые беспорядки? Берите Rem — его для этого и сделали.","A classic American pump-action shotgun in hunting trim, with a tube magazine holding plenty of small, angry 12-gauge shells. Hunting? Self-defense? Riots? Grab the Rem—it was built for all of them.",manual-reviewed-google,google-draft,jazz,273443322486,jazz:InventoryItem/R870.lua:16 | jazz:items.lua:29750
280553686223,<image UI/Conversation/T_Dialogue_IconBackgroundCircle.tga 400 130 128 120> Обеспечивает уверенное поражение целей обладающих 2-м классом брони,<image UI/Conversation/T_Dialogue_IconBackgroundCircle.tga 400 130 128 120> Надёжно поражает цели в броне 2-го класса,<image UI/Conversation/T_Dialogue_IconBackgroundCircle.tga 400 130 128 120> Reliably defeats targets wearing class 2 armor,manual-reviewed-google,google-draft,jazz,280553686223 | 413139999089,jazz:InventoryItem/_9mm_AP.lua:13 | jazz:items.lua:8960 | jazz:InventoryItem/_44CAL_Basic.lua:13 | jazz:items.lua:9073
280720698646,Бронебойность,Бронебойность,Armor Penetration,manual-reviewed-google,google-draft,jazz,280720698646 | 439711152788,jazz:items.lua:77196 | jazz:items.lua:77163
282059758278,Керамическая плита 4 класса защиты,Керамическая плита 4-го класса защиты,Class 4 Ceramic Plate,manual-reviewed-google,google-draft,jazz,282059758278 | 447009212548,jazz:InventoryItem/JazzArmorPlates_Ceramics4.lua:13 | jazz:items.lua:61848 | jazz:InventoryItem/JazzArmorPlates_Ceramics4.lua:14 | jazz:items.lua:61849
282231548024,Настильность,Настильность,Bullet Drop Range,manual-reviewed-google,google-draft,jazz,282231548024 | 734746536521 | 890000000001384,jazz:items.lua:74542 | jazz:items.lua:75695 | jazz:Code/AmmoRolloverHint.lua:13
289609787388,Советский стальной шлем периода Великой Отечественной войны. Защитил немало бойцов РККА от потенциально смертельных ранений в свое время. Теперь вот и вам послужит.,Советский стальной шлем периода Великой Отечественной войны. Защитил немало бойцов РККА от потенциально смертельных ранений в свое время. Теперь вот и вам послужит.,A Soviet steel helmet from the Great Patriotic War. It protected many Red Army soldiers from potentially fatal wounds; now it can do the same for you.,manual-reviewed-google,google-draft,jazz,289609787388,jazz:InventoryItem/JazzArmor_SovietHelm.lua:14 | jazz:items.lua:59470
291276979254,"Ранний вариант винтовки М16 (AR15), принятый на вооружение US Army в далеком 1967 году. Из-за стремления этой самой US Army сэкономить, винтовка получила кучу проблем с надежностью, отмыть от которых репутацию она не может до сих пор.","Ранний вариант винтовки M16 (AR-15), принятый на вооружение армии США в 1967 году. Стремление военных сэкономить породило множество проблем с надёжностью — и пятно на репутации, от которого M16 не избавилась до сих пор.","An early version of the M16 (AR-15), adopted by the US Army in 1967. The Army's cost-cutting caused a host of reliability problems and stained the rifle's reputation to this day.",manual-reviewed-google,google-draft,jazz,291276979254,jazz:InventoryItem/M16A1.lua:15 | jazz:items.lua:23248
293103118663,Легкая броня для ног Зилон,Лёгкая защита ног из зилона,Light Zylon Leg Armor,manual-reviewed-google,google-draft,jazz,293103118663 | 335456547949,jazz:InventoryItem/JazzArmor_ZylonLegs.lua:13 | jazz:items.lua:61346 | jazz:InventoryItem/JazzArmor_ZylonLegs.lua:12 | jazz:items.lua:61345
296800783973,"Стандартный армейский патрон, подходит для всего оружия калибра 7.62х51, тут вам и хороший пробой и высокий урон, только не требуйте слишком многого...","Стандартный армейский патрон для любого оружия калибра 7,62×51 мм: хорошее пробитие, высокий урон — только не требуйте от него слишком многого...","A standard military round for any 7.62x51 mm weapon: good penetration, high damage—just don't ask too much of it...",manual-reviewed-google,google-draft,jazz,296800783973,jazz:InventoryItem/JAZZ_AMMO_762x51_Army.lua:12 | jazz:items.lua:7550
299479740054,"7,62x54R мм СНБ (AP / match)","7,62x54R мм СНБ (AP / match)",7.62x54R mm SNB (AP/match),manual-reviewed-google,google-draft,jazz,299479740054 | 314555250393,jazz:InventoryItem/JAZZ_AMMO_762x54_Match.lua:10 | jazz:items.lua:7258 | jazz:InventoryItem/JAZZ_AMMO_762x54_Match.lua:9 | jazz:items.lua:7257
300104203548,РПК,РПК,RPK,manual-reviewed-google,google-draft,jazz,300104203548 | 940541298260,jazz:InventoryItem/RPK.lua:14 | jazz:items.lua:28038 | jazz:InventoryItem/RPK.lua:13 | jazz:items.lua:28037
301725279536,Российский штурмовой бронежилет,Российский штурмовой бронежилет,Russian Assault Body Armor,manual-reviewed-google,google-draft,jazz,301725279536,jazz:InventoryItem/JazzArmor_6B13.lua:15 | jazz:items.lua:60785
302136703072,Прицел AUG (1.5x),Прицел AUG (1.5x),AUG Scope (1.5x),manual-reviewed-google,google-draft,jazz,302136703072,jazz:items.lua:42742
303318756297,"Небольшой послевоенный французский автомат, широко распространенный в бывших французких колониях. Ничем особо примечательным не выделяется, нареканий особых тоже не имеет. Стреляет, и ладно.","Компактный послевоенный французский пистолет-пулемёт, распространённый в бывших французских колониях. Ничем не выдаётся, но и придраться особенно не к чему. Стреляет — и ладно.","A compact postwar French submachine gun, common throughout former French colonies. Nothing remarkable about it, but nothing especially wrong with it either. It shoots. Good enough.",manual-reviewed-google,google-draft,jazz,303318756297,jazz:InventoryItem/MAT49.lua:15 | jazz:items.lua:19900
306986696662,Бронежилеты Flak M69,Бронежилет Flak M69,Flak M69 Body Armor,manual-reviewed-google,google-draft,jazz,306986696662,jazz:InventoryItem/JazzArmor_EOD.lua:13 | jazz:InventoryItem/JazzArmor_FlakM69.lua:13 | jazz:items.lua:60207 | jazz:items.lua:60288
309353881675,Полицейский бронежилет. Облегченный вариант,Лёгкий полицейский бронежилет,Light Police Vest,manual-reviewed-google,google-draft,jazz,309353881675,jazz:InventoryItem/JazzArmor_PoliceVest.lua:15 | jazz:items.lua:60454
309904103984,<image UI/Conversation/T_Dialogue_IconBackgroundCircle.tga 400 130 128 120> Совмещен с композитумом-58,<image UI/Conversation/T_Dialogue_IconBackgroundCircle.tga 400 130 128 120> Усилен композитумом-58,<image UI/Conversation/T_Dialogue_IconBackgroundCircle.tga 400 130 128 120> Reinforced with Compositum-58,manual-reviewed-google,google-draft,jazz,309904103984 | 455311699523 | 458558922661 | 488626459232 | 606562258998 | 757854481257,jazz:InventoryItem/LightHelmet_Kompositum.lua:14 | jazz:items.lua:57738 | jazz:InventoryItem/KevlarVest_Kompositum.lua:14 | jazz:items.lua:58351 | jazz:InventoryItem/KevlarLeggings_Kompositum.lua:14 | jazz:items.lua:58267 | jazz:InventoryItem/FlakVest_Kompositum.lua:14 | jazz:items.lua:57681 | jazz:InventoryItem/KevlarHelmet_Kompositum.lua:14 | jazz:items.lua:58204 | jazz:InventoryItem/KevlarChestplate_Kompositum.lua:14 | jazz:items.lua:58143
310022256979,Бронежилеты 6Б3,Бронежилет 6Б3,6B3 Body Armor,manual-reviewed-google,google-draft,jazz,310022256979,jazz:InventoryItem/JazzArmor_6B3.lua:13 | jazz:items.lua:60604
310028584083,"Набедренные щитки Зилон в камуфляжной раскраске. По сравнению с другими типами брони - быстрее изнашиваются, в остальном - обеспечивают защиту на уровне.","Камуфляжные набедренники из зилона. Изнашиваются быстрее большинства типов брони, но в остальном защищают вполне достойно.","Camouflage Zylon thigh guards. They wear out faster than most armor, but otherwise provide solid protection.",manual-reviewed-google,google-draft,jazz,310028584083,jazz:InventoryItem/JazzArmor_ZylonLegs.lua:14 | jazz:items.lua:61347
310424595544,Современные коммерческие  поножи с защитой паха из сверхплотного высокомолекулярного полиэтилена (СВМПЭ). Дорогие и серьезные бронештаны для Ночных Операций.,Современная коммерческая защита ног и паха из сверхвысокомолекулярного полиэтилена (СВМПЭ). Дорогие и серьёзные бронештаны для ночных операций.,"Modern commercial leg and groin protection made from ultra-high-molecular-weight polyethylene (UHMWPE). Expensive, serious armored pants for night operations.",manual-reviewed-google,google-draft,jazz,310424595544,jazz:InventoryItem/JazzArmor_UHMWPELegs.lua:14 | jazz:items.lua:61534
316173123440,Разложенный приклад,Разложенный приклад,Extended Stock,manual-reviewed-google,google-draft,jazz,316173123440,jazz:items.lua:32386
319734703137,<color EmStyle><DisplayName></color> без сознания,<color EmStyle><DisplayName></color> без сознания,<color EmStyle><DisplayName></color> is unconscious,manual-reviewed-google,google-draft,jazz,319734703137,jazz:CharacterEffect/Unconscious.lua:36 | jazz:items.lua:63655
322627335890,"Специальным шкуродером такой опытный охотник, как Омрын может освежевать оленя за пятнадцать минут.","Специальным шкуродером такой опытный охотник, как Омрын может освежевать оленя за пятнадцать минут.","With a proper gut hook, an experienced hunter like Omryn can dress a deer in fifteen minutes.",manual-reviewed-google,google-draft,jazz,322627335890,jazz:InventoryItem/GutHookKnife.lua:14 | jazz:items.lua:56514
324582142382,"Выстрел по цели, с большой вероятностью максимально подавляющий цель (и тех кто рядом)",Выстрел с высокой вероятностью полностью подавляет цель и бойцов рядом.,A shot with a high chance to fully suppress the target and nearby units.,manual-reviewed-google,google-draft,jazz,324582142382,jazz:items.lua:67710
326206091502,"Керамическая пластина 4 класса защиты. Керамические пластины менее долговечные, чем стальные, но лучше защищают.","Керамическая плита 4-го класса защиты. Керамика менее долговечна, чем сталь, зато защищает лучше.","Class 4 ceramic plate. Ceramic plates are less durable than steel, but provide better protection.",manual-reviewed-google,google-draft,jazz,326206091502,jazz:InventoryItem/JazzArmorPlates_Ceramics4.lua:15 | jazz:items.lua:61850
328063220388,"Легкий бронежилет Зилон в камуфляжой раскраске. Имеет большу крепость на разрыв, чем другие типы брони, но быстрее приходит в негодность","Лёгкий бронежилет из зилона в камуфляжной расцветке. Обладает большей прочностью на разрыв, чем другие типы брони, но быстрее приходит в негодность.","Light camouflage Zylon body armor. It has greater tensile strength than other armor materials, but wears out faster.",manual-reviewed-google,google-draft,jazz,328063220388,jazz:InventoryItem/JazzArmor_ZylonLight.lua:14 | jazz:items.lua:60424
329699433258,Тиры легиона,Уровни Легиона,Legion Tiers,manual-reviewed-google,google-draft,jazz,329699433258,jazz:items.lua:3327
332382553568,"Современный вариант известной американской винтовки М16. Индекс А4 - означает наличие планки Пикатини вместо маскотной несъемной рукоятки для переноски. Кроме того, винтовка оборудована широким набором других посадочных мест для улучшения ""кастомизации"" конкретной винтовки под задачи конкретного бойца.","Современная версия знаменитой американской M16. Индекс A4 означает, что культовую несъёмную рукоятку для переноски заменила планка Пикатинни. Других точек крепления здесь тоже хватает: винтовку можно настроить под нужды конкретного бойца.",A modern version of the famous American M16. The A4 designation means a Picatinny rail replaces the iconic fixed carry handle. The rifle also offers plenty of mounting points for tailoring it to the needs of a particular soldier.,manual-reviewed-google,google-draft,jazz,332382553568,jazz:InventoryItem/M16A4.lua:15 | jazz:items.lua:24327
334056626449,Пачка Долларов,Пачка долларов,Stack of Cash,manual-reviewed-google,google-draft,jazz,334056626449,jazz:InventoryItem/Dollars.lua:10 | jazz:items.lua:61981
336261508886,"Обычная армейская кепка с козырьком для защиты от яркого солнца. Для услаждения взора командования имеет камуфляжную раскраску ""лес""","Обычная армейская кепка с козырьком от яркого солнца. Чтобы радовать глаз командования, окрашена в камуфляж «лес».",A standard army cap with a visor to keep out the bright sun. It comes in forest camouflage to keep the brass happy.,manual-reviewed-google,google-draft,jazz,336261508886,jazz:InventoryItem/JazzArmor_UniformCap.lua:14 | jazz:items.lua:59341
337830409983,"Простой, точный и надежный, как швейцарские часы, парень очень хотел стать новым пистолетом для американской армии. Конкурс он проиграл, но не расстроился и занял оружейные почти всех остальных силовых структур Европы и США.","Простой, точный и надежный, как швейцарские часы, парень очень хотел стать новым пистолетом для американской армии. Конкурс он проиграл, но не расстроился и занял оружейные почти всех остальных силовых структур Европы и США.","Simple, accurate, and reliable as a Swiss watch, this fellow badly wanted to become the US Army's new sidearm. He lost the competition, shrugged it off, and moved into the armories of nearly every other law-enforcement agency in Europe and the United States.",manual-reviewed-google,google-draft,jazz,337830409983,jazz:InventoryItem/P226.lua:15 | jazz:items.lua:18363
338967629493,Полицейские бронежилеты,Полицейский бронежилет,Police Body Armor,manual-reviewed-google,google-draft,jazz,338967629493,jazz:InventoryItem/JazzArmor_PoliceVest.lua:13 | jazz:items.lua:60452
339560834791,"Выстрел в шею: снижение вероятности попадания, увеличение урона, негативные эффекты в зависимости от вида оружия. . Цель имеет шанс потерять сознание или ослепнуть на 1 ход","Выстрел в шею: ниже шанс попадания, выше урон и дополнительные эффекты в зависимости от оружия. Цель может потерять сознание или ослепнуть на 1 ход.","Neck shot: lower hit chance, higher damage, and weapon-dependent effects. The target may be knocked unconscious or blinded for 1 turn.",manual-reviewed-google,google-draft,jazz,339560834791,jazz:items.lua:64046
340564452388,Легкая броня для ног Тварон,Лёгкая защита ног из тварона,Light Twaron Leg Armor,manual-reviewed-google,google-draft,jazz,340564452388 | 501827511664,jazz:InventoryItem/JazzArmor_TwaronLegs.lua:12 | jazz:items.lua:61409 | jazz:InventoryItem/JazzArmor_TwaronLegs.lua:13 | jazz:items.lua:61410
340753503694,Кумулятивный боеприпас для реактивных гранатометов.,Кумулятивный боеприпас для реактивных гранатометов.,Shaped-charge warhead for rocket launchers.,manual-reviewed-google,google-draft,jazz,340753503694,jazz:InventoryItem/Warhead_Frag.lua:11 | jazz:items.lua:8773
341847967956,<image UI/Conversation/T_Dialogue_IconBackgroundCircle.tga 400 130 128 120> М14 с прицелом,<image UI/Conversation/T_Dialogue_IconBackgroundCircle.tga 400 130 128 120> M14 с оптическим прицелом,<image UI/Conversation/T_Dialogue_IconBackgroundCircle.tga 400 130 128 120> M14 with Scope,manual-reviewed-google,google-draft,jazz,341847967956,jazz:InventoryItem/M21.lua:16 | jazz:items.lua:26498
346338539953,"9х19 мм, FMJ","9х19 мм, FMJ","9x19 mm, FMJ",manual-reviewed-google,google-draft,jazz,346338539953 | 645441034504,jazz:InventoryItem/_9mm_Basic.lua:9 | jazz:items.lua:8870 | jazz:InventoryItem/_9mm_Basic.lua:10 | jazz:items.lua:8871
347571635074,Форменная шапка советского офицера с блестящей полированной кокардой. В подкладке заложено двадцать советских рублей.,Форменная шапка советского офицера с блестящей полированной кокардой. В подкладке заложено двадцать советских рублей.,A Soviet officer's uniform hat with a gleaming polished badge. Twenty Soviet rubles are tucked into the lining.,manual-reviewed-google,google-draft,jazz,347571635074,jazz:InventoryItem/IvanUshanka.lua:12 | jazz:items.lua:56851
348798061120,ИГРОК  МОДИФИЦИРУЕТ ЭТО ОРУЖИЕ,ИГРОК МОДИФИЦИРУЕТ ЭТО ОРУЖИЕ,PLAYER IS MODIFYING THIS WEAPON,manual-reviewed-google,google-draft,jazz,348798061120 | 709310146798,jazz:items.lua:76641 | jazz:items.lua:77437
352447628446,Защищает от воздействия дыма и отравляющих газов,Защищает от воздействия дыма и отравляющих газов,Protects against exposure to smoke and toxic gases,manual-reviewed-google,google-draft,jazz,352447628446,jazz:InventoryItem/GasMask.lua:14 | jazz:items.lua:59155
354444193888,Люгер,Люгер,Luger,manual-reviewed-google,google-draft,jazz,354444193888 | 446454386055,jazz:InventoryItem/Luger.lua:13 | jazz:items.lua:16735 | jazz:InventoryItem/Luger.lua:12 | jazz:items.lua:16734
355232357502,Современный армейский трассирующий патрон калибра 5.56x45мм.,Современный армейский трассирующий патрон калибра 5.56x45мм.,Modern military 5.56x45 mm tracer round.,manual-reviewed-google,google-draft,jazz,355232357502,jazz:InventoryItem/_556_Tracer.lua:13 | jazz:items.lua:9334
358555971129,"Немецкий военный шлем периода Второй Мировой войны. В Гранд-Шьене оказался известно каким путем, да так тут и остался с тех времен.",Немецкий военный шлем времён Второй мировой войны. В Гранд-Чиен он попал вполне известным путём — да так и остался здесь с тех пор.,"A German military helmet from World War II. How it reached Grand Chien is no mystery, and it has remained here ever since.",manual-reviewed-google,google-draft,jazz,358555971129,jazz:InventoryItem/JazzArmor_Stahlhelm.lua:14 | jazz:items.lua:59497
359842435692,Прицел: Увеличивает сектор контроля на 30%,Прицел: Увеличивает сектор контроля на 30%,Scope: Increases the overwatch cone by 30%,manual-reviewed-google,google-draft,jazz,359842435692,jazz:items.lua:32968
363679483637,"Дальность, на которой выстрел из оружия слышен","Дальность, на которой выстрел из оружия слышен",The distance at which a gunshot can be heard.,manual-reviewed-google,google-draft,jazz,363679483637,jazz:items.lua:75722
365135300124,<image UI/Conversation/T_Dialogue_IconBackgroundCircle.tga 400 130 128 120> Взрывается через 1 ход (или 5 секунд не в бою),<image UI/Conversation/T_Dialogue_IconBackgroundCircle.tga 400 130 128 120> Взрывается через 1 ход (или 5 секунд не в бою),<image UI/Conversation/T_Dialogue_IconBackgroundCircle.tga 400 130 128 120> Explodes after 1 turn (or 5 seconds outside combat),manual-reviewed-google,google-draft,jazz,365135300124 | 565078880187,jazz:InventoryItem/TimedPETN.lua:14 | jazz:items.lua:31374 | jazz:InventoryItem/TimedC4.lua:14 | jazz:items.lua:31342
369100489128,Старый американский бронежилет времен войны во вьетнаме,Старый американский бронежилет времён войны во Вьетнаме,Old American body armor from the Vietnam War,manual-reviewed-google,google-draft,jazz,369100489128 | 830324932882,jazz:InventoryItem/JazzArmor_FlakM1955.lua:15 | jazz:items.lua:60264 | jazz:InventoryItem/JazzArmor_EOD.lua:15 | jazz:InventoryItem/JazzArmor_FlakM69.lua:15 | jazz:items.lua:60209 | jazz:items.lua:60290
373181623240,Вертикалка,Вертикалка,Over-Under Shotgun,manual-reviewed-google,google-draft,jazz,373181623240,jazz:InventoryItem/Stoeger.lua:13 | jazz:items.lua:29842
373951788563,Контрастный прицел,Высококонтрастный прицел,High-Contrast Sights,manual-reviewed-google,google-draft,jazz,373951788563,jazz:items.lua:75182
374530148771,"Хороший итальянский послевоенный пистолет-пулемет, вобравший в себя весь накопленный в ходе ВМВ опыт. Может похвастаться отличной точностью и надежностью при использовании в широком круге условий.","Добротный итальянский послевоенный пистолет-пулемёт, вобравший весь опыт Второй мировой. Отличается высокой точностью и надёжностью в самых разных условиях.",A well-made Italian postwar submachine gun that incorporates the lessons of World War II. It offers excellent accuracy and reliability under a wide range of conditions.,manual-reviewed-google,google-draft,jazz,374530148771,jazz:InventoryItem/BerettaM12.lua:15 | jazz:items.lua:20692
377537402679,Бронебойная пуля 12-го калибра.,Бронебойная пуля 12-го калибра.,12-Gauge Armor-Piercing Slug.,manual-reviewed-google,google-draft,jazz,377537402679,jazz:InventoryItem/_12gauge_APSlug.lua:13 | jazz:items.lua:9865
378313906596,Армированные поножи из сваренного листового металла. Легион беспощаден к своим врагам. На это же невозможно смотреть без смеха.,Поножи из сваренного листового металла. Легион беспощаден к врагам — и к чувству прекрасного. Смотреть на это без смеха невозможно.,Leg armor welded from sheet metal. The Legion shows no mercy to its enemies—or to good taste. Try looking at it without laughing.,manual-reviewed-google,google-draft,jazz,378313906596,jazz:InventoryItem/JazzArmor_RaiderMetalLeggins.lua:14 | jazz:items.lua:61320
378365287164,".44, ББ Отключено",".44, ББ — отключено",".44, AP — Disabled",manual-reviewed-google,google-draft,jazz,378365287164 | 623029149040,jazz:InventoryItem/_44CAL_AP.lua:11 | jazz:items.lua:9202 | jazz:InventoryItem/_44CAL_AP.lua:10 | jazz:items.lua:9201
385127515445,Бронежилет Flak M69,Бронежилет Flak M69,Flak M69 Body Armor,manual-reviewed-google,google-draft,jazz,385127515445,jazz:InventoryItem/JazzArmor_EOD.lua:12 | jazz:InventoryItem/JazzArmor_FlakM69.lua:12 | jazz:items.lua:60206 | jazz:items.lua:60287
391588411003,"M60 ""Свиньи""",M60 «Свинья»,M60 “The Pig”,manual-reviewed-google,google-draft,jazz,391588411003,jazz:InventoryItem/M60.lua:14 | jazz:items.lua:28977
392209165367,ППШ-41 (Пистолет-Пулемет конструкции Шпагина) был создан в 1941 году для замены более сложного и дорогого ППД-40. В этом же году принят на вооружение РККА. Впоследствии же стал символом доблести советского солдата и победы советского народа над фашизмом.,"ППШ-41, пистолет-пулемёт конструкции Шпагина, создали в 1941 году на замену более сложному и дорогому ППД-40. В том же году его приняла на вооружение Красная армия. Впоследствии ППШ стал символом доблести советского солдата и победы советского народа над фашизмом.","The PPSh-41, designed by Georgy Shpagin, was created in 1941 to replace the more complex and expensive PPD-40. The Red Army adopted it that same year. It later became a symbol of Soviet soldiers' valor and their victory over fascism.",manual-reviewed-google,google-draft,jazz,392209165367,jazz:InventoryItem/PPSH.lua:16 | jazz:items.lua:20312
393515769284,Стандартный советский армейский патрон ПС калибра 7.62х39мм,"Стандартный советский армейский патрон ПС калибра 7,62×39 мм",Standard Soviet 7.62x39 mm PS military round,manual-reviewed-google,google-draft,jazz,393515769284,jazz:InventoryItem/_762WP_Basic.lua:14 | jazz:items.lua:9435
401793177717,"Бронежилеты Гвардиан, Средний",Средний бронежилет Guardian,Medium Guardian Body Armor,manual-reviewed-google,google-draft,jazz,401793177717,jazz:InventoryItem/JazzArmor_GuardianMedium.lua:13 | jazz:items.lua:60811
405483704567,Вертикальная рукоять (Сложенная),Вертикальная рукоятка (сложена),Vertical Grip (Folded),manual-reviewed-google,google-draft,jazz,405483704567,jazz:items.lua:36998
413605184956,"Самый известный советский и российский пистолет. В современных реалиях его принято ругать, но чаще всего это делают те, кто стреляет разве что в монстров с экрана монитора.","Самый известный советский и российский пистолет. В современных реалиях его принято ругать, но чаще всего это делают те, кто стреляет разве что в монстров с экрана монитора.","The best-known Soviet and Russian pistol. It is fashionable to criticize it these days, usually by people whose only targets are monsters on a computer screen.",manual-reviewed-google,google-draft,jazz,413605184956,jazz:InventoryItem/Makarov.lua:14 | jazz:InventoryItem/PB.lua:14 | jazz:items.lua:16888 | jazz:items.lua:17277
414808149310,АКС-74У,АКС-74У,AKS-74U,manual-reviewed-google,google-draft,jazz,414808149310 | 577304701436,jazz:InventoryItem/AKSU.lua:14 | jazz:items.lua:22302 | jazz:InventoryItem/AKSU.lua:13 | jazz:items.lua:22301
417791392081,Шлемы 6Б7,Шлем 6Б7,6B7 Helmet,manual-reviewed-google,google-draft,jazz,417791392081,jazz:InventoryItem/JazzArmor_6b7Helm.lua:13 | jazz:items.lua:59698
418612382041,"Профессиональные баллистические противоосколочные очки. В бою или на полигоне, обеспечивают максимально возможную защиту для глаз. Помните, глаза у вас всего два, шансов на ошибку очень мало.","Профессиональные баллистические очки с защитой от осколков. На полигоне или в бою они обеспечивают глазам лучшую доступную защиту. Помните: глаз у вас всего два, а права на ошибку почти нет.","Professional ballistic eyewear rated against fragments. On the range or in combat, it offers the best eye protection available. Remember: you only get two eyes and very little room for error.",manual-reviewed-google,google-draft,jazz,418612382041,jazz:InventoryItem/JazzArmor_ESS.lua:13 | jazz:items.lua:59255
418702320610,Военные штаны,Военные брюки,Military Trousers,manual-reviewed-google,google-draft,jazz,418702320610 | 601867100326,jazz:InventoryItem/JazzArmor_UniformPants.lua:12 | jazz:items.lua:61235 | jazz:InventoryItem/JazzArmor_UniformPants.lua:13 | jazz:items.lua:61236
421377090006,<image UI/Conversation/T_Dialogue_IconBackgroundCircle.tga 400 130 128 120> Используется при создании улучшенных компонентов для оружия,<image UI/Conversation/T_Dialogue_IconBackgroundCircle.tga 400 130 128 120> Используется при создании улучшенных компонентов для оружия,<image UI/Conversation/T_Dialogue_IconBackgroundCircle.tga 400 130 128 120> Used to create upgraded weapon components,manual-reviewed-google,google-draft,jazz,421377090006 | 859152016185 | 906442723868,jazz:InventoryItem/OpticalLens.lua:11 | jazz:items.lua:53295 | jazz:InventoryItem/Microchip.lua:11 | jazz:items.lua:53278 | jazz:InventoryItem/FineSteelPipe.lua:12 | jazz:items.lua:53246
421610325320,Отдача,Отдача,Recoil,manual-reviewed-google,google-draft,jazz,421610325320 | 472448154262 | 737969743393 | 287944595070111,jazz:items.lua:74536 | jazz:items.lua:75611 | jazz:items.lua:75615 | jazz:Code/AmmoRolloverHint.lua:12
422095393043,Самодельная бронеплита,Самодельная бронеплита,Improvised Armor Plate,manual-reviewed-google,google-draft,jazz,422095393043 | 627000349514,jazz:InventoryItem/JazzArmorPlates_Scrap.lua:13 | jazz:items.lua:61673 | jazz:InventoryItem/JazzArmorPlates_Scrap.lua:14 | jazz:items.lua:61674
424825139337,"Улучшают видимость днем, но ухудшают ночью","Улучшают видимость днём, но ухудшают её ночью",Improve visibility by day but reduce it at night,manual-reviewed-google,google-draft,jazz,424825139337,jazz:InventoryItem/JazzArmor_Sunglasses.lua:14 | jazz:items.lua:59203
426940580107,Бронежилеты SWAT,Бронежилет SWAT,SWAT Body Armor,manual-reviewed-google,google-draft,jazz,426940580107,jazz:InventoryItem/JazzArmor_SWAT.lua:13 | jazz:items.lua:60482
427099012695,"Тяжелый самодельный шлем, сваренный из листового железа. Создатель позаботился об удобстве носителя и приспособил в качестве подшлемника вязаную шапочку.","Тяжёлый самодельный шлем, сваренный из листового железа. Создатель даже подумал об удобстве и приспособил вязаную шапку в качестве подшлемника.",Heavy improvised helmet welded from sheet steel. Its maker even considered comfort and fitted a knitted cap as padding.,manual-reviewed-google,google-draft,jazz,427099012695,jazz:InventoryItem/JazzArmor_MetalHelm.lua:14 | jazz:items.lua:59446
430793741456,"Легкая защита для ног производства фирмы ""Guardian"". Хорошее соотношение веса и защищенности",Лёгкая защита ног Guardian. Хорошее соотношение веса и защиты.,Light Guardian leg armor with a good balance of weight and protection.,manual-reviewed-google,google-draft,jazz,430793741456,jazz:InventoryItem/JazzArmor_GuardianLegs.lua:14 | jazz:items.lua:61473
431343426567,Уменьшает эффективность прицеливания на 90%,Уменьшает эффективность прицеливания на 90%,Reduces aiming effectiveness by 90%,manual-reviewed-google,google-draft,jazz,431343426567,jazz:items.lua:32817
433324518107,Каска Адриана,Каска Адриана,Adrian Helmet,manual-reviewed-google,google-draft,jazz,433324518107 | 667601914805,jazz:InventoryItem/JazzArmor_AdrianHelmet.lua:13 | jazz:items.lua:59394 | jazz:InventoryItem/JazzArmor_AdrianHelmet.lua:12 | jazz:items.lua:59393
433718061967,Глушитель: Уменьшает кучность на 50%,Глушитель: Уменьшает кучность на 50%,Suppressor: Reduces accuracy by 50%,manual-reviewed-google,google-draft,jazz,433718061967,jazz:items.lua:33215
433782108861,Саперная лопата,Сапёрная лопатка,Entrenching Tool,manual-reviewed-google,google-draft,jazz,433782108861 | 434069324472,jazz:InventoryItem/Trench_Shovel.lua:12 | jazz:items.lua:56480 | jazz:InventoryItem/Trench_Shovel.lua:11 | jazz:items.lua:56479
435049408045,"Советский и российский титановый шлем, использовался Внутренними Войсками МВД при проведении различных контртеррористических операций, с необходимостью которых столкнулась Россия в 1990-х годах. Обеспечивает значительную защиту головы бойца от осколков и малоскоростных пуль.","Советский и российский титановый шлем, которым Внутренние войска МВД пользовались в контртеррористических операциях 1990-х. Хорошо защищает голову от осколков и низкоскоростных пуль.",A Soviet and Russian titanium helmet used by Interior Ministry troops in counterterrorism operations during the 1990s. It provides substantial protection against fragments and low-velocity bullets.,manual-reviewed-google,google-draft,jazz,435049408045,jazz:InventoryItem/JazzArmor_STSHHelm.lua:14 | jazz:items.lua:59756
436739161545,Модульный бронежилет. Облегченный вариант,"Модульный бронежилет, облегчённый вариант",Lightweight Modular Body Armor,manual-reviewed-google,google-draft,jazz,436739161545 | 441787897027 | 499238830573,jazz:InventoryItem/JazzArmor_ZylonLight.lua:15 | jazz:items.lua:60425 | jazz:InventoryItem/JazzArmor_GuardianLight.lua:15 | jazz:items.lua:60756 | jazz:InventoryItem/JazzArmor_TwaronLight.lua:14 | jazz:items.lua:60634
441080010376,Компенсаторы,Компенсаторы,Compensators,manual-reviewed-google,google-draft,jazz,441080010376 | 502809408099 | 603639518429 | 735360883220,jazz:InventoryItem/Compensator.lua:12 | jazz:items.lua:53181 | jazz:InventoryItem/Suppressor_Rifle.lua:11 | jazz:items.lua:53213 | jazz:InventoryItem/Suppressor.lua:11 | jazz:items.lua:53197 | jazz:InventoryItem/OilFilter.lua:11 | jazz:items.lua:53229
441384459754,Вова Вист,Вова Вист,Vova Vist,manual-reviewed-google,google-draft,jazz,441384459754,jazz:items.lua:67981
442215590616,"Бронежилет знаменитых ""рейнджеров"" Армии США. Гибкие кевларовые панели совмещаются с пулестойкими керамическими пластинами, что в совокупности дает бойцу неплохую защищенность и не так сильно ограничивает подвижность.","Бронежилет знаменитых рейнджеров армии США. Гибкие кевларовые панели сочетаются с пулестойкими керамическими пластинами, обеспечивая хорошую защиту без чрезмерной потери подвижности.",Body armor worn by the famous US Army Rangers. Flexible Kevlar panels and ballistic ceramic plates provide solid protection without unduly restricting mobility.,manual-reviewed-google,google-draft,jazz,442215590616,jazz:InventoryItem/JazzArmor_RBA.lua:14 | jazz:items.lua:60725
444430601611,Кожаная куртка,Кожаная куртка,Leather jacket,manual-reviewed-google,google-draft,jazz,444430601611 | 788720835470,jazz:InventoryItem/JazzArmor_LeatherJacketBlk.lua:12 | jazz:items.lua:60071 | jazz:InventoryItem/JazzArmor_LeatherJacketBrn.lua:12 | jazz:items.lua:60045
452421760090,Американский шлем,Американский шлем,American helmet,manual-reviewed-google,google-draft,jazz,452421760090,jazz:InventoryItem/JazzArmor_PASGTHelm.lua:15 | jazz:items.lua:59728
453269317328,"Что получится, если АК попытаются изобрести в Швейцарии? Получится одна из самых крутых современных армейских винтовок. Классическая компоновка. Простота конструкции. Швейцарская точность и надежность. Никаких понтов.","Что получится, если АК попытаются изобрести в Швейцарии? Получится одна из самых крутых современных армейских винтовок. Классическая компоновка. Простота конструкции. Швейцарская точность и надежность. Никаких понтов.",What happens when Switzerland tries to reinvent the AK? One of the coolest modern service rifles around. Conventional layout. Simple design. Swiss precision and reliability. No gimmicks.,manual-reviewed-google,google-draft,jazz,453269317328,jazz:InventoryItem/Sig550.lua:15 | jazz:items.lua:24577
459458404676,"Пистолет  Five-seveN был разработан для подразделений армии в первую очередь и во вторую для полиции, для борьбы с защищенным противником ""в пару"" в автомату P90. Патроны с бронебойной пулей, однако, к свободной продаже запрещены, что существенно снижает ценность как пистолета, так и автомата в руках наемника.","Five-seveN изначально создавался для военных, а затем и для полиции — в паре с P90 он должен был поражать защищённые бронёй цели. Однако бронебойные патроны запрещены к гражданской продаже, что сильно снижает ценность обоих образцов в руках наёмника.","The Five-seveN was designed first for the military and then for police, paired with the P90 to defeat armored opponents. Armor-piercing ammunition is barred from civilian sale, however, greatly reducing the value of both weapons in a mercenary's hands.",manual-reviewed-google,google-draft,jazz,459458404676,jazz:InventoryItem/FiveSeven.lua:14 | jazz:items.lua:18475
462344051547,"Оружие для сил специального назначения и борьбы с терроризмом. Курковый спусковой механизм ""двойного действия"" (прям как на револьверах, ага) обеспечивает безопасное ношение оружия с патроном в патроннике без необходимости досыла патрона в случае контакта с противником.","Оружие для сил специального назначения и борьбы с терроризмом. Курковый спусковой механизм ""двойного действия"" (прям как на револьверах, ага) обеспечивает безопасное ношение оружия с патроном в патроннике без необходимости досыла патрона в случае контакта с противником.","A weapon for special forces and counterterrorism units. Its double-action trigger—just like a revolver, yes—makes it safe to carry with a round chambered, ready to fire the instant contact is made.",manual-reviewed-google,google-draft,jazz,462344051547,jazz:InventoryItem/SpectreM4.lua:15 | jazz:items.lua:20774
463692455343,Американская каска в чехле камуфляжной расцветки,Американская каска в камуфляжном чехле,American Helmet with Camouflage Cover,manual-reviewed-google,google-draft,jazz,463692455343,jazz:InventoryItem/JazzArmor_M1Helm.lua:15 | jazz:items.lua:59420
464681283390,"Бронежилет ""Interceptor"", Тяжелый",Тяжёлый бронежилет Interceptor,Heavy Interceptor Body Armor,manual-reviewed-google,google-draft,jazz,464681283390,jazz:InventoryItem/JazzArmor_IBAFull.lua:12 | jazz:items.lua:60955
464716813289,"Выстрел в пах: снижение вероятности попадания, увеличение урона. Цель имеет шанс <color EmStyle>получить до трех кровотечений</color>","Выстрел в пах: ниже шанс попадания, выше урон. Цель может <color EmStyle>получить до трёх кровотечений</color>.","Groin shot: lower hit chance, higher damage. The target may <color EmStyle>suffer up to three Bleeding stacks</color>.",manual-reviewed-google,google-draft,jazz,464716813289,jazz:items.lua:64082
465557660313,Выключить фонарик,Выключить фонарик,Turn Off Flashlight,manual-reviewed-google,google-draft,jazz,465557660313 | 546673083916,jazz:items.lua:64245 | jazz:items.lua:64247
467503861152,<image UI/Conversation/T_Dialogue_IconBackgroundCircle.tga 400 130 128 120> Топовый,<image UI/Conversation/T_Dialogue_IconBackgroundCircle.tga 400 130 128 120> Первоклассный,<image UI/Conversation/T_Dialogue_IconBackgroundCircle.tga 400 130 128 120> Top of the line,manual-reviewed-google,google-draft,jazz,467503861152,jazz:InventoryItem/FiveSeven.lua:15 | jazz:items.lua:18476
467593179208,"Шлемы Зилон, Тяжелый",Тяжёлый шлем из зилона,Heavy Zylon Helmet,manual-reviewed-google,google-draft,jazz,467593179208,jazz:InventoryItem/JazzArmor_ZylonHelmHeavy.lua:13 | jazz:items.lua:59576
470237496402,<image UI/Conversation/T_Dialogue_IconBackgroundCircle.tga 400 130 128 120> Совмещена с композитумом-58,<image UI/Conversation/T_Dialogue_IconBackgroundCircle.tga 400 130 128 120> Усилена композитумом-58,<image UI/Conversation/T_Dialogue_IconBackgroundCircle.tga 400 130 128 120> Reinforced with Compositum-58,manual-reviewed-google,google-draft,jazz,470237496402,jazz:InventoryItem/FlakArmor_Kompositum.lua:14 | jazz:items.lua:57543
470598723767,Беретта М12,Беретта М12,Beretta M12,manual-reviewed-google,google-draft,jazz,470598723767,jazz:InventoryItem/BerettaM12.lua:13 | jazz:items.lua:20690
473082214606,Картечь 12-го калибра.,Картечь 12-го калибра.,12-gauge buckshot.,manual-reviewed-google,google-draft,jazz,473082214606,jazz:InventoryItem/_12gauge_Breacher.lua:13 | jazz:items.lua:9792
473329167054,Современный американский бронежилет. Облегченный вариант,"Современный американский бронежилет, облегчённый вариант",Light Modern American Body Armor,manual-reviewed-google,google-draft,jazz,473329167054,jazz:InventoryItem/JazzArmor_IBALight.lua:15 | jazz:items.lua:60843
476217082330,"Боеприпас на случай важных переговоров, вдруг вы хотите охотиться не на живые организмы, а скажем, сбить гражданский вертолёт или остановить грузовик?","Боеприпас для важных переговоров. Вдруг охотиться предстоит не на живность, а, скажем, сбить гражданский вертолёт или остановить грузовик?","A round for serious negotiations. What if the quarry isn't alive at all—say, a civilian helicopter that needs bringing down or a truck that needs stopping?",manual-reviewed-google,google-draft,jazz,476217082330,jazz:InventoryItem/JAZZ_AMMO_12gauge_APSlug.lua:13 | jazz:items.lua:8417
476224341686,"Самодельная кираса из листового железа ""Мейд бай Легион"". По задумке, должна защищать тяжелого бойца Легиона от винтовочного и пулеметного огня. Главное, чтоб тяжелый боец Легиона в это верил.","Самодельная кираса из листового железа, «Мейд бай Легион». По задумке, должна защищать тяжёлого бойца Легиона от винтовочного и пулемётного огня. Главное, чтобы тяжёлый боец Легиона сам в это верил.","A homemade sheet-steel cuirass, “Made by Legion.” Supposedly it protects a Legion heavy from rifle and machine-gun fire. The important thing is that the Legion heavy believes it.",manual-reviewed-google,google-draft,jazz,476224341686,jazz:InventoryItem/JazzArmor_ImprovisedCuirass.lua:13 | jazz:items.lua:60315
476500872548,"Французский ручной пулемет, использовавшийся французской армией во второй мировой войне. Такой небольшой опыт эксплуатации не позволил составить какое-то единое мнение о качествах оружия.","Французский ручной пулемёт, недолго применявшийся французской армией во Второй мировой войне. Опыт эксплуатации оказался слишком коротким, чтобы составить о нём однозначное мнение.",A French light machine gun used briefly by the French Army during World War II. Its short service life left too little evidence for any firm verdict on the weapon.,manual-reviewed-google,google-draft,jazz,476500872548,jazz:InventoryItem/MAC2429.lua:14 | jazz:items.lua:27777
477766312982,Уменьшает звук выстрела до <NoiseMultiplier>% от стандартого,Уменьшает громкость выстрела до <NoiseMultiplier>% от обычной,Reduces gunshot volume to <NoiseMultiplier>%—relative to normal,manual-reviewed-google,google-draft,jazz,477766312982,jazz:items.lua:32772
483912406649,<color EmStyle><DisplayName></color> приходит в себя,<color EmStyle><DisplayName></color> приходит в себя,<color EmStyle><DisplayName></color> regains consciousness,manual-reviewed-google,google-draft,jazz,483912406649,jazz:CharacterEffect/Unconscious.lua:37 | jazz:items.lua:63656
484141046789,"Самозарядный газоотводный дробовик 12-го калибра.  Введение в систему газового двигателя было необходимо после критической неудачи системы ""инерционной автоматики"", дробовика М3, которая просто напросто не работала на патронах со слабой навеской.","Самозарядный газоотводный дробовик 12-го калибра. Газоотводную автоматику пришлось применить после неудачи инерционной системы M3, которая попросту не работала с патронами слабой навески.",A semi-automatic 12-gauge shotgun with a gas-operated action. The gas system was adopted after the M3's inertia-driven action proved unable to cycle lightly loaded shells.,manual-reviewed-google,google-draft,jazz,484141046789,jazz:InventoryItem/M41Shotgun.lua:15 | jazz:items.lua:30114
488516896300,"Бронежилеты Зилон, Средний",Средний бронежилет из зилона,Medium Zylon Body Armor,manual-reviewed-google,google-draft,jazz,488516896300,jazz:InventoryItem/JazzArmor_ZylonMedium.lua:13 | jazz:items.lua:60512
489176470960,9mmTracerОТКЛЮЧЕНО,9mmTracerОТКЛЮЧЕНО,9mmTracerDISABLED,manual-reviewed-google,google-draft,jazz,489176470960 | 572390972773,jazz:InventoryItem/_9mm_Tracer.lua:11 | jazz:items.lua:9041 | jazz:InventoryItem/_9mm_Tracer.lua:10 | jazz:items.lua:9040
490183061882,"«Уже некоторое время я наблюдаю за <color EmStyle>Вандой</color> и этой ее необычной сектой. Они практикуют весьма необычную разновидность вуду - поклонение неким <color EmStyle>Древним</color>. Я беседовал с сектантами, участвовал в их трапезах, пил их ритуальный напиток, изучал их архаичный диалект. И хотя это далеко не первая секта на моей практике, изучая их, я начинаю опасаться за собственный <color EmStyle>рассудок</color>!<newline><newline>Ни ритуальный забой куриц, ни прочие их языческие обряды не были для меня в новинку. Удивило (да что скрывать - напугало!) меня другое: вскоре я и сам начал слышать зов. Зов... <color EmStyle>Древних</color>.<newline><newline><color EmStyle>Ванда</color> сказала мне, что тех, кто не внимает ему, ждет верная смерть. И вот оно началось: люди вокруг начали умирать! <color EmStyle>Ванда</color> намерена посадить особые растения у родника, чтобы все в деревне тоже услышали зов <color EmStyle>Древних</color>».","«Уже некоторое время я наблюдаю за <color EmStyle>Вандой</color> и её необычной сектой. Они исповедуют редкую разновидность вуду — поклоняются неким <color EmStyle>Древним</color>. Я беседовал с сектантами, разделял их трапезы, пил ритуальный напиток, изучал архаичный диалект. И хотя это далеко не первая секта в моей практике, чем дольше я их изучаю, тем сильнее опасаюсь за собственный <color EmStyle>рассудок</color>!<newline><newline>Ни ритуальный забой кур, ни прочие языческие обряды не были для меня в новинку. Удивило — да что там, напугало! — другое: вскоре я и сам начал слышать зов. Зов... <color EmStyle>Древних</color>.<newline><newline><color EmStyle>Ванда</color> сказала, что тех, кто не внимает ему, ждёт верная смерть. И вот началось: люди вокруг стали умирать! <color EmStyle>Ванда</color> собирается посадить у родника особые растения, чтобы вся деревня тоже услышала зов <color EmStyle>Древних</color>».","“For some time now, I have been observing <color EmStyle>Wanda</color> and her unusual cult. They practice a rare form of voodoo: the worship of beings they call the <color EmStyle>Ancients</color>. I spoke with the cultists, shared their meals, drank their ritual brew, and studied their archaic dialect. This is hardly the first cult I have investigated, yet the longer I study them, the more I fear for my own <color EmStyle>sanity</color>!<newline><newline>The ritual slaughter of chickens and their other pagan rites were nothing new to me. What surprised me—no, frightened me—was something else: before long, I too began to hear the call. The call of the... <color EmStyle>Ancients</color>.<newline><newline><color EmStyle>Wanda</color> told me that certain death awaits those who refuse to heed it. Then it began: people around me started dying! <color EmStyle>Wanda</color> intends to plant special herbs by the spring so that everyone in the village will hear the call of the <color EmStyle>Ancients</color>.”",manual-reviewed-google,google-draft,jazz,490183061882,jazz:InventoryItem/WriterDiary.lua:10 | jazz:items.lua:57118
491570137761,"Бронежилет Гвардиан, Средний",Средний бронежилет Guardian,Medium Guardian Body Armor,manual-reviewed-google,google-draft,jazz,491570137761,jazz:InventoryItem/JazzArmor_GuardianMedium.lua:12 | jazz:items.lua:60810
492983145408,"Пистолет ""Тульский-Токарева"" представляет собой очередную вариацию схемы Браунинга на избитую советскую тему ""у нас есть куча патронов на складах, нужно оружие для них"".",Пистолет Тульского-Токарева — очередная вариация на тему схемы Браунинга и вечного советского сюжета: «На складах полно патронов — сделайте под них оружие».,"The Tula Tokarev pistol is another variation on Browning's design and that timeless Soviet premise: “We have warehouses full of ammunition, so build a weapon for it.”",manual-reviewed-google,google-draft,jazz,492983145408,jazz:InventoryItem/TT33.lua:14 | jazz:items.lua:16593
493478127524,"5,56 мм, M856 Трассер","5,56 мм, M856 (трассирующий)","5.56 mm, M856 Tracer",manual-reviewed-google,google-draft,jazz,493478127524 | 653808281542,jazz:InventoryItem/JAZZ_AMMO_556_Tracer.lua:10 | jazz:items.lua:6354 | jazz:InventoryItem/JAZZ_AMMO_556_Tracer.lua:9 | jazz:items.lua:6353
494083353986,Стальная плита 3 класса защиты. База.,Стальная плита 3-го класса защиты. Базовая.,Class 3 Steel Plate. Basic.,manual-reviewed-google,google-draft,jazz,494083353986,jazz:InventoryItem/JazzArmorPlates_Steel3.lua:15 | jazz:items.lua:61748
500523926373,Быстрый прицел,Быстрый прицел,Quick-Acquisition Sight,manual-reviewed-google,google-draft,jazz,500523926373,jazz:items.lua:45383
500616509541,РПК-74,РПК-74,RPK-74,manual-reviewed-google,google-draft,jazz,500616509541 | 679005533471,jazz:InventoryItem/RPK74.lua:14 | jazz:items.lua:28147 | jazz:InventoryItem/RPK74.lua:13 | jazz:items.lua:28146
501562259156,<color EmStyle><DisplayName></color> в состоянии замедления,<color EmStyle><DisplayName></color> замедлен,<color EmStyle><DisplayName></color> is slowed,manual-reviewed-google,google-draft,jazz,501562259156,jazz:CharacterEffect/Slowed.lua:69 | jazz:items.lua:63596
501965695809,<image UI/Conversation/T_Dialogue_IconBackgroundCircle.tga 400 130 128 120> Повышенная бронебойность,<image UI/Conversation/T_Dialogue_IconBackgroundCircle.tga 400 130 128 120> Повышенная бронебойность,<image UI/Conversation/T_Dialogue_IconBackgroundCircle.tga 400 130 128 120> Increased armor penetration,manual-reviewed-google,google-draft,jazz,501965695809 | 995857959547,jazz:InventoryItem/_44CAL_AP.lua:14 | jazz:items.lua:9205 | jazz:InventoryItem/_762WP_AP.lua:14 | jazz:items.lua:9514
506440911304,Прибор ночного зрения первого поколения,Прибор ночного зрения первого поколения,First-Generation Night-Vision Device,manual-reviewed-google,google-draft,jazz,506440911304,jazz:InventoryItem/JazzArmor_NVG1.lua:12 | jazz:items.lua:59278
506761784252,Бронежилеты СВМПЭ,Бронежилет из СВМПЭ,UHMWPE Body Armor,manual-reviewed-google,google-draft,jazz,506761784252,jazz:InventoryItem/JazzArmor_UHMWPE.lua:13 | jazz:items.lua:60986
514199755077,СВТ-40,СВТ-40,SVT-40,manual-reviewed-google,google-draft,jazz,514199755077 | 625382131145,jazz:InventoryItem/SVT40.lua:13 | jazz:items.lua:25292 | jazz:InventoryItem/SVT40.lua:14 | jazz:items.lua:25293
516026181508,Количество патрон в режиме автоогня,Количество выстрелов в режиме автоматического огня,Number of shots in full-auto mode,manual-reviewed-google,google-draft,jazz,516026181508,jazz:items.lua:75653
518221619774,Штаны Спектра,Штаны СПЕКТРА,SPECTRA Pants,manual-reviewed-google,google-draft,jazz,518221619774 | 734743271825,jazz:InventoryItem/JazzArmor_SpectraLegs.lua:12 | jazz:items.lua:61589 | jazz:InventoryItem/JazzArmor_SpectraLegs.lua:13 | jazz:items.lua:61590
520121604271,ПГ-7В,ПГ-7В,PG-7V,manual-reviewed-google,google-draft,jazz,520121604271 | 938082134003,jazz:InventoryItem/Warhead_Frag.lua:10 | jazz:items.lua:8772 | jazz:InventoryItem/Warhead_Frag.lua:9 | jazz:items.lua:8771
521194187625,Советская штурмовая броня второй мировой войны,Советская штурмовая броня времён Второй мировой войны,Soviet World War II Assault Armor,manual-reviewed-google,google-draft,jazz,521194187625,jazz:InventoryItem/JazzArmor_SovietAssaultArmor.lua:15 | jazz:items.lua:60344
524823952227,"Современный защитный шлем из сверхплотного высокомолекулярного полиэтилена (СВМПЭ). Производителем заявляется, что шлемы рекомендованы для проведения Ночных Операций.",Современный защитный шлем из сверхвысокомолекулярного полиэтилена (СВМПЭ). Производитель рекомендует его для ночных операций.,Modern protective helmet made of ultra-high-molecular-weight polyethylene (UHMWPE). The manufacturer recommends it for night operations.,manual-reviewed-google,google-draft,jazz,524823952227,jazz:InventoryItem/JazzArmor_UHMWPEHelm.lua:14 | jazz:items.lua:59932
526646910743,"Бронежилет Тварон, Тяжелый",Тяжёлый бронежилет из тварона,Heavy Twaron Body Armor,manual-reviewed-google,google-draft,jazz,526646910743,jazz:InventoryItem/JazzArmor_TwaronFull.lua:12 | jazz:items.lua:60692
526974325537,"Пистолет Пулемет Томпсона несет в себе черты автоматов периода ПМВ - большое количество фрезеровки, полусвободный затвор, большая масса и ручная подгонка движущихся деталей. На фоне куда более технологичных автоматов ВОВ он уже выглядит устаревшим. Пока не снесет голову врага в стальной каске на дистанции сто метров. Каску конечно, не пробьет, но врагу от этого не легче.","Пистолет-пулемёт Томпсона несёт в себе черты автоматического оружия времён Первой мировой: обилие фрезерованных деталей, полусвободный затвор, большая масса и ручная подгонка движущихся частей. На фоне гораздо более технологичных пистолетов-пулемётов Второй мировой он выглядит устаревшим — ровно до тех пор, пока не снесёт голову врагу в стальной каске со ста метров. Каску, конечно, не пробьёт, но врагу от этого не легче.","The Thompson bears all the hallmarks of automatic weapons from World War I: extensive machining, a delayed-blowback action, great weight, and hand-fitted moving parts. Beside the more production-friendly submachine guns of World War II, it looks obsolete—right up until it takes the head off an enemy in a steel helmet at a hundred meters. It won't penetrate the helmet, of course, but that hardly helps the enemy.",manual-reviewed-google,google-draft,jazz,526974325537,jazz:InventoryItem/Thompson.lua:16 | jazz:items.lua:20175
531190657805,Прицеливание,Прицеливание,Aiming,manual-reviewed-google,google-draft,jazz,531190657805,jazz:items.lua:75679
534613659304,<image UI/Conversation/T_Dialogue_IconBackgroundCircle.tga 400 130 128 120> Обеспечивает уверенное поражение целей обладающих 3-м классом брони,<image UI/Conversation/T_Dialogue_IconBackgroundCircle.tga 400 130 128 120> Надёжно поражает цели в броне 3-го класса,<image UI/Conversation/T_Dialogue_IconBackgroundCircle.tga 400 130 128 120> Reliably defeats targets wearing class 3 armor,manual-reviewed-google,google-draft,jazz,534613659304 | 613363959995 | 984094647243,jazz:InventoryItem/_762NATO_Basic.lua:14 | jazz:items.lua:9640 | jazz:InventoryItem/_762WP_Basic.lua:15 | jazz:items.lua:9436 | jazz:InventoryItem/_556_AP.lua:14 | jazz:items.lua:9308
535323373272,"Самозарядная винтовка Springfield M1A. Выпускается в США для гражданского рынка, с полимерной ложей и 10-зарядным магазином. Конструктивно представляет собой винтовку М14, без режима автоматического огня.",Самозарядная винтовка Springfield M1A выпускается в США для гражданского рынка с полимерной ложей и 10-зарядным магазином. По сути это M14 без режима автоматического огня.,"The Springfield M1A is a semi-automatic rifle made in the United States for the civilian market, with a polymer stock and a 10-round magazine. In essence, it is an M14 without full-auto fire.",manual-reviewed-google,google-draft,jazz,535323373272,jazz:InventoryItem/M1A.lua:15 | jazz:items.lua:27168
536708572294,Количество кликов прицеливания,Количество кликов прицеливания,Number of aiming clicks,manual-reviewed-google,google-draft,jazz,536708572294,jazz:items.lua:75581
538755371034,"Керамическая пластина 5 класса защиты. Очень крепкая. Керамические пластины менее долговечные, чем стальные, но лучше защищают.","Керамическая плита 5-го класса защиты. Очень прочная. Керамика менее долговечна, чем сталь, зато защищает лучше.","Class 5 ceramic plate. Extremely tough. Ceramic plates are less durable than steel, but provide better protection.",manual-reviewed-google,google-draft,jazz,538755371034,jazz:InventoryItem/JazzArmorPlates_Ceramics5.lua:15 | jazz:items.lua:61876
540364296206,"Модульный шлем, тяжелый",Тяжёлый модульный шлем,Heavy Modular Helmet,manual-reviewed-google,google-draft,jazz,540364296206,jazz:InventoryItem/JazzArmor_GuardianHelmHeavy.lua:15 | jazz:items.lua:59876
543656846801,Увеличенный размер магазина,Увеличенный размер магазина,Increased magazine size,manual-reviewed-google,google-draft,jazz,543656846801,jazz:items.lua:32888
546961178289,Снайперская винтовка,Снайперская винтовка,Sniper Rifle,manual-reviewed-google,google-draft,jazz,546961178289,jazz:items.lua:104236
549476191424,НСТЛ,НСТЛ,NSTL,manual-reviewed-google,google-draft,jazz,549476191424,jazz:items.lua:75699
551765941156,Облегченный шлем,Облегчённый шлем,Lightweight Helmet,manual-reviewed-google,google-draft,jazz,551765941156,jazz:InventoryItem/JazzArmor_ProTecHelm.lua:15 | jazz:items.lua:59610
555517991144,"Выстрел в голову: существенное снижение вероятности попадания, огромный урон. Цель имеет шанс <color EmStyle>потерять сознание</color> или <color EmStyle>ослепнуть на 1 ход</color>","Выстрел в голову: гораздо ниже шанс попадания, огромный урон. Цель может <color EmStyle>потерять сознание</color> или <color EmStyle>ослепнуть на 1 ход</color>.","Headshot: much lower hit chance, massive damage. The target may <color EmStyle>lose consciousness</color> or <color EmStyle>be blinded for 1 turn</color>.",manual-reviewed-google,google-draft,jazz,555517991144,jazz:items.lua:64034
556350640822,"По сути базовый  патрон, но с трассирующей пулей, на случай необходимости сконцентрировать огонь отряда из ПКМ, ну а вдруг?","По сути тот же базовый патрон, только с трассирующей пулей — на случай, если понадобится сосредоточить огонь отделения с ПКМ. Ну а вдруг?","Essentially the standard round with a tracer bullet, in case the squad ever needs to concentrate its PKM fire. You never know.",manual-reviewed-google,google-draft,jazz,556350640822,jazz:InventoryItem/JAZZ_AMMO_762x54_Tracer.lua:12 | jazz:items.lua:7313
557179053769,Советская каска СШ-40,Советская каска СШ-40,Soviet SSh-40 Helmet,manual-reviewed-google,google-draft,jazz,557179053769 | 698286570374,jazz:InventoryItem/JazzArmor_SovietHelm.lua:13 | jazz:items.lua:59469 | jazz:InventoryItem/JazzArmor_SovietHelm.lua:12 | jazz:items.lua:59468
559259765691,"Американский единый пулемет, принятый на вооружение Армии и Флота США в 1957 году. Оказался не слишком удачным, что не помешало ему стать основным оружием поддержки американской пехоты в ходе войны во Вьетнаме. На безрыбье и свин - пулемет.","Американский единый пулемёт, принятый на вооружение армии и флота США в 1957 году. Получился не самым удачным, но всё же стал главным оружием поддержки американской пехоты во Вьетнаме. На безрыбье и «Свинья» — пулемёт.","An American general-purpose machine gun adopted by the US Army and Navy in 1957. It was not especially successful, yet still became the main support weapon of American infantry in Vietnam. When there is no better fish, even the Pig will do.",manual-reviewed-google,google-draft,jazz,559259765691,jazz:InventoryItem/M60.lua:15 | jazz:items.lua:28978
560400460237,9mm ShockОТКЛЮЧЕНО,9mm ShockОТКЛЮЧЕНО,9mm ShockDISABLED,manual-reviewed-google,google-draft,jazz,560400460237 | 733411942262,jazz:InventoryItem/_9mm_Shock.lua:10 | jazz:items.lua:8982 | jazz:InventoryItem/_9mm_Shock.lua:11 | jazz:items.lua:8983
560866529525,Штаны СВМПЭ,Штаны из СВМПЭ,UHMWPE Pants,manual-reviewed-google,google-draft,jazz,560866529525 | 635127575401,jazz:InventoryItem/JazzArmor_UHMWPELegs.lua:13 | jazz:items.lua:61533 | jazz:InventoryItem/JazzArmor_UHMWPELegs.lua:12 | jazz:items.lua:61532
561442917175,Современный шлем,Современный шлем,Modern Helmet,manual-reviewed-google,google-draft,jazz,561442917175,jazz:InventoryItem/JazzArmor_Mich2000.lua:15 | jazz:items.lua:59906
564290283324,Модульный бронежилет. Штурмовой вариант,"Модульный бронежилет, штурмовой вариант","Modular Body Armor, Assault Variant",manual-reviewed-google,google-draft,jazz,564290283324 | 829471117799 | 892142420833,jazz:InventoryItem/JazzArmor_ZylonFull.lua:15 | jazz:items.lua:60575 | jazz:InventoryItem/JazzArmor_GuardianFull.lua:15 | jazz:items.lua:60928 | jazz:InventoryItem/JazzArmor_TwaronFull.lua:15 | jazz:items.lua:60695
564797563324,Ранение в руки,Ранение рук,Arm Wound,manual-reviewed-google,google-draft,jazz,564797563324,jazz:CharacterEffect/Armsshot.lua:10 | jazz:items.lua:62373
565598870466,"Современнный американский шлем, приходящий на смену PASGT. Особенностью шлема является интегрированная модульная система для установки различных аксессуаров - головной рации, прибора ночного видения, и так далее, не снижающая защитные свойства самого шлема.","Современный американский шлем, пришедший на смену PASGT. Встроенная модульная система позволяет устанавливать гарнитуру, прибор ночного видения и другие аксессуары без ущерба защитным свойствам шлема.","A modern American helmet developed to replace the PASGT. Its integrated modular system accepts a headset, night-vision device, and other accessories without compromising protection.",manual-reviewed-google,google-draft,jazz,565598870466,jazz:InventoryItem/JazzArmor_Mich2000.lua:14 | jazz:items.lua:59905
566759096434,Керамическая плита 3 класса защиты,Керамическая плита 3-го класса защиты,Class 3 Ceramic Plate,manual-reviewed-google,google-draft,jazz,566759096434 | 732289974638,jazz:InventoryItem/JazzArmorPlates_Ceramics3.lua:14 | jazz:items.lua:61824 | jazz:InventoryItem/JazzArmorPlates_Ceramics3.lua:13 | jazz:items.lua:61823
572857584976,"Бронежилет Зилон, Средний",Средний бронежилет из зилона,Medium Zylon Body Armor,manual-reviewed-google,google-draft,jazz,572857584976,jazz:InventoryItem/JazzArmor_ZylonMedium.lua:12 | jazz:items.lua:60511
575083324235,Современный американский военный бронежилет. Выполнен по всем стандартам проектирования брони - арамидные пакеты усилены керамическими пластинами.,Современный американский военный бронежилет. Арамидные пакеты усилены керамическими пластинами — всё по канонам бронезащиты.,Modern American military body armor built by the book: aramid panels reinforced with ceramic plates.,manual-reviewed-google,google-draft,jazz,575083324235,jazz:InventoryItem/JazzArmor_IBALight.lua:14 | jazz:items.lua:60842
575595103386,"Бронежилет Гвардиан, Легкий",Лёгкий бронежилет Guardian,Light Guardian Body Armor,manual-reviewed-google,google-draft,jazz,575595103386,jazz:InventoryItem/JazzArmor_GuardianLight.lua:12 | jazz:items.lua:60753
578512789921,"Черный байкерский кожаный жилет. Вряд ли Гвоздь согласиться дать примерить. Хотя, учитывая, что байкеры свои жилеты не стирают - не стоит.","Чёрный кожаный байкерский жилет. Вряд ли Гвоздь даст его примерить. Да и не стоит: байкеры, говорят, свои жилеты не стирают.","A black leather biker vest. Nail probably won't let you try it on—and given that bikers never wash their vests, you probably shouldn't.",manual-reviewed-google,google-draft,jazz,578512789921,jazz:InventoryItem/JazzArmor_LeatherVest.lua:14 | jazz:items.lua:60126
580063580276,"Бронежилет Зилон, Легкий",Лёгкий бронежилет из зилона,Light Zylon Body Armor,manual-reviewed-google,google-draft,jazz,580063580276,jazz:InventoryItem/JazzArmor_ZylonLight.lua:12 | jazz:items.lua:60422
581495951953,"5,56 мм, FMJ","5,56 мм, FMJ","5.56 mm, FMJ",manual-reviewed-google,google-draft,jazz,581495951953 | 890000000001037,jazz:InventoryItem/_556_Basic.lua:11 | jazz:items.lua:9270 | jazz:InventoryItem/JAZZ_AMMO_556_FMJ.lua:10 | jazz:items.lua:6097
589323078459,"Тяжелая защита ног Зилон в камуфляжной раскраске.Представлена набедренниками и наголенниками. По сравнению с другими типами брони - быстрее изнашиваются, в остальном - обеспечивают защиту на уровне.","Тяжёлая камуфляжная защита ног из зилона: набедренники и наголенники. Изнашивается быстрее большинства типов брони, но в остальном защищает вполне достойно.","Heavy camouflage Zylon leg armor with thigh guards and greaves. It wears out faster than most armor, but otherwise provides solid protection.",manual-reviewed-google,google-draft,jazz,589323078459,jazz:InventoryItem/JazzArmor_ZylonHeavyLegs.lua:14 | jazz:items.lua:61379
590407040836,Модульный камуфляжный шлем,Модульный камуфляжный шлем,Modular Camouflage Helmet,manual-reviewed-google,google-draft,jazz,590407040836,jazz:InventoryItem/JazzArmor_ZylonHelm.lua:15 | jazz:items.lua:59548
590807558387,Ствол: Увеличивает отдачу на <BarrelRecoilIncrease>,Ствол: увеличивает отдачу на <BarrelRecoilIncrease>,Barrel: Increases recoil by <BarrelRecoilIncrease>,manual-reviewed-google,google-draft,jazz,590807558387,jazz:items.lua:33175
595922456311,Медикаменты,Медикаменты,Medical Supplies,manual-reviewed-google,google-draft,jazz,595922456311 | 862621941813,jazz:items.lua:75959 | jazz:items.lua:76006
599122251974,"Бронежилет Гвардиан, Тяжелый",Тяжёлый бронежилет Guardian,Heavy Guardian Body Armor,manual-reviewed-google,google-draft,jazz,599122251974,jazz:InventoryItem/JazzArmor_GuardianFull.lua:12 | jazz:items.lua:60925
599878119827,"Размышления на тему ""если автомату дать длинный ствол и большой магазин, получится переавтомат или недопулемет?"" из Сингапура. Вообще, за пулемет аргументов много - это и стрельба с заднего шептала, и сменный ствол. Питание из бубнов, конечно, но тут уж какие были ТЗ у заказчика.","Сингапурские размышления на тему: «Если автомату дать длинный ствол и большой магазин, получится переавтомат или недопулемёт?» Аргументов в пользу пулемёта хватает: стрельба с заднего шептала, сменный ствол. Питание, правда, из барабанов — но тут уж какое ТЗ выдал заказчик.","Singapore's answer to the question, “If you give an assault rifle a long barrel and a big magazine, do you get too much rifle or not enough machine gun?” There is plenty to support the machine-gun case: it fires from an open bolt and has a quick-change barrel. It feeds from drums, admittedly, but that was the customer's brief.",manual-reviewed-google,google-draft,jazz,599878119827,jazz:InventoryItem/U100.lua:15 | jazz:items.lua:27934
600243739593,Штаны из сверхплотного высокомолекулярного полиэтилена,Штаны из сверхвысокомолекулярного полиэтилена,Ultra-High-Molecular-Weight Polyethylene Pants,manual-reviewed-google,google-draft,jazz,600243739593,jazz:InventoryItem/JazzArmor_UHMWPELegs.lua:15 | jazz:items.lua:61535
601017892482,<image UI/Conversation/T_Dialogue_IconBackgroundCircle.tga 400 130 128 120> Защищает от капитализма,<image UI/Conversation/T_Dialogue_IconBackgroundCircle.tga 400 130 128 120> Защищает от капитализма,<image UI/Conversation/T_Dialogue_IconBackgroundCircle.tga 400 130 128 120> Protects against capitalism,manual-reviewed-google,google-draft,jazz,601017892482,jazz:InventoryItem/IvanUshanka.lua:13 | jazz:items.lua:56852
606701682855,"Современный немецкий пистолет-пулемет на основе узлов винтовки G36, но со свободным затвором. Тяжеловат, но ухватист и хорошо контролируется при стрельбе очередями. ","Современный немецкий пистолет-пулемёт, созданный на основе узлов G36, но работающий со свободным затвором. Тяжеловат, зато удобно лежит в руках и хорошо контролируется при стрельбе очередями.","A modern German submachine gun based on G36 components but using a simple blowback action. It is a little heavy, but handles well and remains controllable in bursts.",manual-reviewed-google,google-draft,jazz,606701682855,jazz:InventoryItem/UMP45.lua:15 | jazz:items.lua:21326
609065847626,Подавление сш гранатой,Подавление светошумовой гранатой,Flashbang Suppression,manual-reviewed-google,google-draft,jazz,609065847626,jazz:CharacterEffect/SuppressStunGrenade.lua:9 | jazz:items.lua:63769
611519476345,ППШ,ППШ,PPSh,manual-reviewed-google,google-draft,jazz,611519476345 | 705465498623,jazz:InventoryItem/PPSH.lua:14 | jazz:items.lua:20310 | jazz:InventoryItem/PPSH.lua:15 | jazz:items.lua:20311
611720425604,Солнцезащитные очки,Солнцезащитные очки,Sunglasses,manual-reviewed-google,google-draft,jazz,611720425604 | 720354025816,jazz:InventoryItem/JazzArmor_Sunglasses.lua:12 | jazz:items.lua:59201 | jazz:InventoryItem/JazzArmor_Sunglasses.lua:11 | jazz:items.lua:59200
618139082202,"Дальность, при которой начинается падение точности из-за падения пули","Дальность, после которой падение пули начинает снижать точность",Range beyond which bullet drop begins to reduce accuracy,manual-reviewed-google,google-draft,jazz,618139082202 | 825317920467,jazz:items.lua:74541 | jazz:items.lua:75694
620492797462,Ручной пулемёт,Ручной пулемёт,Light Machine Gun,manual-reviewed-google,google-draft,jazz,620492797462,jazz:items.lua:104228
622786098405,Клики,Клики,Clicks,manual-reviewed-google,google-draft,jazz,622786098405,jazz:items.lua:75586
625019746805,"Бронежилеты Гвардиан, Легкий",Лёгкие бронежилеты Guardian,Light Guardian Body Armor,manual-reviewed-google,google-draft,jazz,625019746805,jazz:InventoryItem/JazzArmor_GuardianLight.lua:13 | jazz:items.lua:60754
633177912309,Кевларовая бронеплита,Кевларовая бронеплита,Kevlar Armor Plate,manual-reviewed-google,google-draft,jazz,633177912309 | 640356443681,jazz:InventoryItem/JazzArmorPlates_Kevlar.lua:14 | jazz:items.lua:61696 | jazz:InventoryItem/JazzArmorPlates_Kevlar.lua:13 | jazz:items.lua:61695
634873665380,Увеличивает цену атаки в ОД на <ShotAP>.,Увеличивает стоимость атаки на <ShotAP> ОД.,Increases attack cost by <ShotAP> AP.,manual-reviewed-google,google-draft,jazz,634873665380,jazz:items.lua:32710
642546299209,"Австрийская снайперская винтовка. Оптический прицел кратности 2.5Х, установлен низко над стволом и с большим выносом вперед, что обеспечивает удобное прицеливание двумя глазами и быстрый захват цели. Ложа, затвор и спусковой механизм выполнен по индивидуальному заказу для миссисс Стерлинг за несусветное количество денег. Потому что она может  себе это позволить.","Австрийская снайперская винтовка. Оптический прицел кратностью 2,5x установлен низко над стволом и далеко вынесен вперёд: удобно целиться двумя глазами и быстро захватывать цель. Ложа, затвор и спусковой механизм изготовлены на заказ для миссис Стерлинг за несусветные деньги. Потому что она может себе это позволить.","An Austrian sniper rifle. Its 2.5x scope sits low over the barrel and far forward, allowing both-eyes-open aiming and rapid target acquisition. The stock, bolt, and trigger were custom-made for Mrs. Sterling at an obscene cost. Because she can afford it.",manual-reviewed-google,google-draft,jazz,642546299209,jazz:InventoryItem/ScoutSniper.lua:15 | jazz:items.lua:27686
644234035738,"Если 1911 - это прадедушка всех пистолетов в мире, то Хай-Пауэр - это их двоюродный дедушка. Считается одним из самых безопасных пистолетов в мире из-за  наличия одинарного УСМ, которое исключает выстрел без предварительного взвода курка.","Если 1911-й — прадедушка всех пистолетов мира, то Hi-Power — их двоюродный дедушка. Его считают одним из самых безопасных пистолетов благодаря УСМ одинарного действия, который не позволяет выстрелить без предварительного взведения курка.","If the 1911 is the great-grandfather of every pistol in the world, the Hi-Power is their great-uncle. Its single-action trigger requires the hammer to be cocked before firing, earning it a reputation as one of the safest pistols around.",manual-reviewed-google,google-draft,jazz,644234035738,jazz:InventoryItem/HiPower.lua:14 | jazz:items.lua:17503
645644624573,Шлем MICH 2000,Шлем MICH 2000,MICH 2000 Helmet,manual-reviewed-google,google-draft,jazz,645644624573,jazz:InventoryItem/JazzArmor_Mich2000.lua:12 | jazz:items.lua:59903
647571118464,Шлемы СВМПЭ,Шлемы из СВМПЭ,UHMWPE Helmets,manual-reviewed-google,google-draft,jazz,647571118464,jazz:InventoryItem/JazzArmor_UHMWPEHelm.lua:13 | jazz:items.lua:59931
648355561615,Выстрел в торс. Цель имеет шанс <color EmStyle>Упасть</color> или <color EmStyle>Получить 1 уровень усталости</color>,Выстрел в торс: цель может <color EmStyle>упасть</color> или <color EmStyle>получить 1 уровень усталости</color>.,Torso shot: the target may <color EmStyle>be knocked down</color> or <color EmStyle>gain 1 Fatigue level</color>.,manual-reviewed-google,google-draft,jazz,648355561615,jazz:items.lua:64071
655933065301,"Экспансивная версия .44го, если хочется порвать кого-то на ошметки.","Экспансивная версия .44-го — для тех случаев, когда хочется порвать кого-нибудь на клочки.",A hollow-point .44 for those times when you want to tear someone to pieces.,manual-reviewed-google,google-draft,jazz,655933065301,jazz:InventoryItem/JAZZ_AMMO_44CAL_JHP.lua:12 | jazz:items.lua:5520
663236691841,"<image UI/Conversation/T_Dialogue_IconBackgroundCircle.tga 400 130 128 120> Взрывается при контакте
<image UI/Conversation/T_Dialogue_IconBackgroundCircle.tga 400 130 128 120> Поражённые взрывом: гарантированная <color EmStyle>контузия</color>; шанс зональных <color EmStyle>травм</color>","<image UI/Conversation/T_Dialogue_IconBackgroundCircle.tga 400 130 128 120> Взрывается при контакте
<image UI/Conversation/T_Dialogue_IconBackgroundCircle.tga 400 130 128 120> Поражённые взрывом гарантированно получают <color EmStyle>контузию</color> и могут получить зональные <color EmStyle>травмы</color>","<image UI/Conversation/T_Dialogue_IconBackgroundCircle.tga 400 130 128 120> Explodes on contact
<image UI/Conversation/T_Dialogue_IconBackgroundCircle.tga 400 130 128 120> Units caught in the blast are guaranteed to suffer <color EmStyle>Concussion</color> and may suffer location-specific <color EmStyle>Trauma</color>",manual-translation,needs-english,jazz,663236691841,jazz:InventoryItem/HE_Grenade.lua:14 | jazz:items.lua:30751
666633645108,Шлемы СПЕКТРА,Шлемы СПЕКТРА,SPECTRA Helmets,manual-reviewed-google,google-draft,jazz,666633645108,jazz:InventoryItem/JazzArmor_SpectraHelm.lua:13 | jazz:items.lua:59984
670821753901,Кастомный приклад ПКМ,Приклад ПКМ на заказ,Custom PKM Stock,manual-reviewed-google,google-draft,jazz,670821753901,jazz:items.lua:32662
677632158950,Вертикалки,Вертикалки,Over-Under Shotguns,manual-reviewed-google,google-draft,jazz,677632158950,jazz:InventoryItem/Stoeger.lua:14 | jazz:items.lua:29843
679233924596,"Керамическая пластина 3 класса защиты. Керамические пластины менее долговечные, чем стальные, но лучше защищают","Керамическая плита 3-го класса защиты. Керамика менее долговечна, чем сталь, зато защищает лучше.","Class 3 ceramic plate. Ceramic plates are less durable than steel, but provide better protection.",manual-reviewed-google,google-draft,jazz,679233924596,jazz:InventoryItem/JazzArmorPlates_Ceramics3.lua:15 | jazz:items.lua:61825
681343667463,Отменить,Отменить,Cancel,manual-reviewed-google,google-draft,jazz,681343667463,jazz:items.lua:108114
683949352379,"""Светлана"" Федоровна Токарева, прошу любить и жаловать. Самозарядная винтовка СССР периода начала ВОВ. ""Света"" оказалась дамой очень капризной и требовательной к уходу, так что с работой в боевых частях Красной армии у нее не заладилось, а вот более подготовленные морские пехотинцы ""Светку"" использовали с удовольствием вплоть до самого конца войны.","«Светлана» Фёдоровна Токарева, прошу любить и жаловать. Советская самозарядная винтовка начала Второй мировой. «Света» оказалась дамой капризной и требовательной к уходу, поэтому в обычных частях Красной армии у неё не заладилось. Зато лучше подготовленные морские пехотинцы с удовольствием пользовались «Светкой» до самого конца войны.","Meet “Svetlana” Fyodorovna Tokareva, a Soviet semi-automatic rifle from the opening years of World War II. “Sveta” proved temperamental and demanding to maintain, so she never settled in with ordinary Red Army units. Better-trained naval infantry, however, used “Svetka” gladly until the war's end.",manual-reviewed-google,google-draft,jazz,683949352379,jazz:InventoryItem/SVT40.lua:15 | jazz:items.lua:25294
686320294717,Бронежилеты СПЕКТРА,Бронежилеты СПЕКТРА,SPECTRA Body Armor,manual-reviewed-google,google-draft,jazz,686320294717,jazz:InventoryItem/JazzArmor_Spectra.lua:13 | jazz:items.lua:61046
687329018547,Плотная кожаная мотоциклетная куртка. Может защитить от пары царапин.,Плотная кожаная мотоциклетная куртка. Может защитить от пары царапин.,A thick leather motorcycle jacket. It might stop a scratch or two.,manual-reviewed-google,google-draft,jazz,687329018547,jazz:InventoryItem/JazzArmor_LeatherJacketBlk.lua:14 | jazz:items.lua:60073
697150397247,Незначительное повышение шанса попадания за каждый уровень эффекта,Немного повышает шанс попадания за каждый уровень эффекта,Slightly increases hit chance for each effect level,manual-reviewed-google,google-draft,jazz,697150397247,jazz:CharacterEffect/MarkedTraccers.lua:11 | jazz:items.lua:64000
703285597871,Длина автоогня,Длина очереди,Burst Length,manual-reviewed-google,google-draft,jazz,703285597871,jazz:items.lua:75658
703830100383,"Югославская снайперская винтовка, базируется на конструкции советского автомата Калашникова, адаптированной под существенно более мощный патрон 8мм Маузер. Для ""натянутого на глобус"" калаша стреляет неплохо, но до настоящей СВД еще далеко.","Югославская снайперская винтовка на базе автомата Калашникова, приспособленного под куда более мощный патрон 8 мм Mauser. Для «натянутого на глобус» калаша стреляет неплохо, но до настоящей СВД ей далеко.","A Yugoslav marksman rifle based on the Soviet Kalashnikov design and adapted for the far more powerful 8 mm Mauser cartridge. It shoots well for an AK stretched this far, but it is still no true SVD.",manual-reviewed-google,google-draft,jazz,703830100383,jazz:InventoryItem/ZastavaM76.lua:15 | jazz:items.lua:26324
705220262127,Добавляет 1 выстрел без отдачи в положении лежа,Даёт 1 выстрел без отдачи в положении лёжа,Adds 1 recoil-free shot while prone,manual-reviewed-google,google-draft,jazz,705220262127,jazz:items.lua:32743
706390057843,"Это как базовый армейский патрон, только он может залетать в бронированную пятку и вылетать из бронированного затылка.","Тот же базовый армейский патрон, только способен войти через бронированную пятку и выйти через бронированный затылок.","Like the standard military round, except this one can enter through an armored heel and leave through an armored skull.",manual-reviewed-google,google-draft,jazz,706390057843,jazz:InventoryItem/JAZZ_AMMO_545_EPR.lua:12 | jazz:items.lua:6564
707348010242,"Ручной противотанковый гранатомет. Часто, когда говорят ""гранатомет"", или ""РПГ"", имеют в виду именно РПГ-7. Снаряжается надкалиберными 40 мм гранатами, с широкой номенклатурой используемых типов боеприпасов. ","Ручной противотанковый гранатомёт. Часто, когда говорят «гранатомёт» или «РПГ», имеют в виду именно РПГ-7. Стреляет надкалиберными 40-мм гранатами самых разных типов.","A shoulder-fired anti-tank grenade launcher. When people say “grenade launcher” or “RPG,” they often mean the RPG-7. It fires a wide range of 40 mm over-caliber warheads.",manual-reviewed-google,google-draft,jazz,707348010242,jazz:InventoryItem/RPG7.lua:22 | jazz:items.lua:30627
709270944750,Сложенный прицел,Сложенный прицел,Folded Sight,manual-reviewed-google,google-draft,jazz,709270944750,jazz:items.lua:45926
712665796217,"Современный российский штурмовой бронежилет. Гибкие элементы из арамидной ткани сочетаются с керамическим пластинами ""Гранит"". Дополнительная защита шеи и паха. ",Современный российский штурмовой бронежилет. Гибкие элементы из арамидной ткани сочетаются с керамическими пластинами «Гранит». Предусмотрена дополнительная защита шеи и паха.,"Modern Russian assault body armor. Flexible aramid panels are paired with Granit ceramic plates, plus additional protection for the neck and groin.",manual-reviewed-google,google-draft,jazz,712665796217,jazz:InventoryItem/JazzArmor_6B13.lua:14 | jazz:items.lua:60784
713481016841,"Снайперский бронебойный патрон, отстает по эффективности от собратьев из НАТО, но не сильно, а раз не сильно зачем платить больше!","Снайперский бронебойный патрон. По эффективности немного уступает натовским собратьям — но раз немного, зачем платить больше?","An armor-piercing match round. It trails its NATO counterparts by a little—but if it is only a little, why pay more?",manual-reviewed-google,google-draft,jazz,713481016841,jazz:InventoryItem/JAZZ_AMMO_762x54_Match.lua:12 | jazz:items.lua:7260
725666862361,Аграмы 2000,«Аграм-2000»,Agram 2000,manual-reviewed-google,google-draft,jazz,725666862361,jazz:InventoryItem/Agram2000.lua:14 | jazz:items.lua:20524
729699453859,"Вторая итерация шлема MICH, несколько пожертвовшая площадью защиты в пользу максимальной совместимости с различной индивидальной боевой электроникой бойца. Бойцу не понадобится защищаться, если он выполнит боевую задачу полностью незаметно.","Вторая версия шлема MICH пожертвовала частью площади защиты ради максимальной совместимости с индивидуальной боевой электроникой. Впрочем, защита не понадобится, если боец выполнит задачу совершенно незаметно.","The second MICH iteration sacrifices some coverage for maximum compatibility with personal combat electronics. Of course, a soldier needs no protection if the mission is completed without anyone noticing.",manual-reviewed-google,google-draft,jazz,729699453859,jazz:InventoryItem/JazzArmor_Mich2001.lua:14 | jazz:items.lua:59817
730329528081,"9х19 мм, JHP","9х19 мм, JHP","9x19 mm, JHP",manual-reviewed-google,google-draft,jazz,730329528081 | 930357114539,jazz:InventoryItem/_9mm_HP.lua:10 | jazz:items.lua:8888 | jazz:InventoryItem/_9mm_HP.lua:9 | jazz:items.lua:8887
733671653739,"Бронежилет Зилон, Тяжелый",Тяжёлый бронежилет из зилона,Heavy Zylon Body Armor,manual-reviewed-google,google-draft,jazz,733671653739 | 846025204149,jazz:InventoryItem/JazzArmor_ZylonFull.lua:12 | jazz:items.lua:60572 | jazz:InventoryItem/JazzArmor_ZylonFull.lua:13 | jazz:items.lua:60573
734026650686,"Автоматическая версия винтовки Токарева. Отличается, собственно, наличием режима полностью автоматического огня. Эффективность этого огня, правда, чрезвычайно низкая, а сама ""Света"" оказалась для стрельбы очередями слишком хрупкой. Найти винтовку в хорошем состоянии не так-то просто.","Автоматическая версия винтовки Токарева — с режимом полностью автоматического огня. Толку от него, правда, немного, а сама «Света» оказалась слишком хрупкой для стрельбы очередями. Найти такую винтовку в хорошем состоянии непросто.","A fully automatic version of the Tokarev rifle. Automatic fire is remarkably ineffective, and “Sveta” proved too fragile for sustained bursts. Finding one in good condition is no easy task.",manual-reviewed-google,google-draft,jazz,734026650686,jazz:InventoryItem/AVT40.lua:14 | jazz:items.lua:25361
738342557339,"<image UI/Conversation/T_Dialogue_IconBackgroundCircle.tga 400 130 128 120> Взрывается через 1 ход (или 5 секунд не в бою)
<image UI/Conversation/T_Dialogue_IconBackgroundCircle.tga 400 130 128 120> Сильно зависит от Взрывчатки; высокая вероятность неудачи
<image UI/Conversation/T_Dialogue_IconBackgroundCircle.tga 400 130 128 120> Вызывает кровотечение","<image UI/Conversation/T_Dialogue_IconBackgroundCircle.tga 400 130 128 120> Взрывается через 1 ход (или через 5 секунд вне боя)
<image UI/Conversation/T_Dialogue_IconBackgroundCircle.tga 400 130 128 120> Сильно зависит от Взрывчатки; высок риск неудачи
<image UI/Conversation/T_Dialogue_IconBackgroundCircle.tga 400 130 128 120> Вызывает кровотечение","<image UI/Conversation/T_Dialogue_IconBackgroundCircle.tga 400 130 128 120> Explodes after 1 turn (or 5 seconds outside combat)
<image UI/Conversation/T_Dialogue_IconBackgroundCircle.tga 400 130 128 120> Heavily dependent on Explosives; high mishap risk
<image UI/Conversation/T_Dialogue_IconBackgroundCircle.tga 400 130 128 120> Causes Bleeding",manual-translation,needs-english,jazz,738342557339,jazz:InventoryItem/PipeBomb.lua:14 | jazz:items.lua:30794
739427349184,"Современный модульный бронежилет фирмы ""Guardian"", являющейся основным поставщиком Ассоциации. Тяжелая штурмовая вариация с защитой корпуса, шеи, паха и рук.","Современный модульный бронежилет Guardian — главного поставщика Ассоциации. Тяжёлый штурмовой вариант с защитой корпуса, шеи, паха и рук.","Modern modular body armor from Guardian, the Association's main supplier. This heavy assault configuration protects the torso, neck, groin, and arms.",manual-reviewed-google,google-draft,jazz,739427349184,jazz:InventoryItem/JazzArmor_GuardianFull.lua:14 | jazz:items.lua:60927
741345842100,"Штурмовой прицел ""Тюльпан"" (4х)",Штурмовой прицел «Тюльпан» (4x),Tulip Assault Scope (4x),manual-reviewed-google,google-draft,jazz,741345842100,jazz:items.lua:42294
748633742130,Заводской дульный тормоз,Заводской дульный тормоз,Factory Muzzle Brake,manual-reviewed-google,google-draft,jazz,748633742130,jazz:items.lua:32559
748776660318,"Карабин ""Де Лизла"" (или Де Лайла, как его читают на своем британском английском) представляет собой первый серийный образец оружия с интегрированным глушителем. В конструкции использовались элементы трех различных серийных видов оружия: затвор от Lee-Enfield Мk III, магазин от пистолета Colt 1911 и  ствол от автомата Томпсона.","Карабин «Де Лизл» (или «Де Лайл», как его произносят на своём британском английском) — первый серийный образец оружия с интегрированным глушителем. В нём соединили детали трёх серийных образцов: затвор Lee-Enfield Mk III, магазин Colt 1911 и ствол пистолета-пулемёта Томпсона.","The De Lisle carbine was the first suppressed weapon to enter series production. Its design combines parts from three production guns: the bolt of a Lee-Enfield Mk III, the magazine of a Colt 1911, and the barrel of a Thompson submachine gun.",manual-reviewed-google,google-draft,jazz,748776660318,jazz:InventoryItem/DeLisle.lua:15 | jazz:items.lua:21923
755249659005,Камуфляжные штаны,Камуфляжные штаны,Camouflage Trousers,manual-reviewed-google,google-draft,jazz,755249659005,jazz:InventoryItem/JazzArmor_UniformPants.lua:15 | jazz:items.lua:61238
757391949802,Шанс получить кровотечение,Шанс кровотечения,Bleeding Chance,manual-reviewed-google,google-draft,jazz,757391949802,jazz:CharacterEffect/BleedingChance.lua:10 | jazz:items.lua:62418
764470828294,"Средний бронежилет Зилон с защитой паха и шеи в камуфляжой раскраске. Имеет большу крепость на разрыв, чем другие типы брони, но быстрее приходит в негодность.","Средний камуфляжный бронежилет из зилона с защитой паха и шеи. Прочнее других типов брони на разрыв, но быстрее приходит в негодность.","Medium camouflage Zylon body armor with groin and neck protection. It has greater tensile strength than other armor materials, but wears out faster.",manual-reviewed-google,google-draft,jazz,764470828294,jazz:InventoryItem/JazzArmor_ZylonMedium.lua:14 | jazz:items.lua:60513
765908794085,9x18 мм,9x18 мм,9x18 mm,manual-reviewed-google,google-draft,jazz,765908794085,jazz:items.lua:3679
771481547805,Бронежилеты PASGT,Бронежилеты PASGT,PASGT body armor,manual-reviewed-google,google-draft,jazz,771481547805,jazz:InventoryItem/JazzArmor_PASGT.lua:13 | jazz:items.lua:60543
771749268124,"При помощи лафетной системы или системы ""смещенного по времени импульса отдачи"" достигается максимальная кучность стрельбы из автомата Никонова очередью в два патрона с темпом 1800 выстрелов/мин, при стрельбе из неустойчивых положений. В голове не укладывается, что Никонов по-настоящему прошел начатый еще в СССР конкурс и был принят на вооружение, чего, прямо скажем, не способен сделать ни один из автоматов НАТО.","Лафетная схема, она же система «смещённого импульса отдачи», обеспечивает автомату Никонова выдающуюся кучность очереди из двух выстрелов с темпом 1800 выстр./мин даже из неустойчивых положений. Не укладывается в голове, но АН-94 действительно прошёл конкурс, начатый ещё в СССР, и был принят на вооружение — результат, которым, прямо скажем, может похвастаться далеко не каждый натовский автомат.","The Nikonov's shifted-recoil-pulse system delivers exceptional accuracy in a two-round burst at 1,800 rounds per minute, even from unstable firing positions. Hard as it is to believe, the AN-94 actually won a competition begun in the Soviet era and entered service—more than many NATO rifle projects can claim.",manual-reviewed-google,google-draft,jazz,771749268124,jazz:InventoryItem/AN94.lua:15 | jazz:items.lua:24829
772376898249,"Бронежилеты Тварон, Тяжелые",Тяжёлые бронежилеты из тварона,Heavy Twaron Body Armor,manual-reviewed-google,google-draft,jazz,772376898249,jazz:InventoryItem/JazzArmor_TwaronFull.lua:13 | jazz:items.lua:60693
772736330325,Советская каска,Советская каска,Soviet Helmet,manual-reviewed-google,google-draft,jazz,772736330325,jazz:InventoryItem/JazzArmor_SovietHelm.lua:15 | jazz:items.lua:59471
774674747916,Пуля 12-го калибра.,Флешетта 12-го калибра.,12-Gauge Flechette Round.,manual-reviewed-google,google-draft,jazz,774674747916,jazz:InventoryItem/_12gauge_Flechette.lua:13 | jazz:items.lua:9820
781716061274,"Иногда технологии - это не полеты в космос и телепортация. Иногда технологии это то, что может быть собрано в осажденном городе на любом станке 12-летним пацаном за две корки хлеба в сутки. Лучший автомат ВОВ по совокупности характеристик. Но еще и лучшая ""таблетка для памяти"".","Иногда технологии — это не полёты в космос и телепортация. Иногда это то, что в осаждённом городе может собрать на любом станке двенадцатилетний пацан за две корки хлеба в сутки. Лучший пистолет-пулемёт Второй мировой по совокупности характеристик. А ещё — лучшая «таблетка для памяти».","Technology is not always spaceflight and teleportation. Sometimes it is something a twelve-year-old can assemble on any machine tool in a besieged city for two crusts of bread a day. By the numbers, the best submachine gun of World War II—and the finest little “memory aid” besides.",manual-reviewed-google,google-draft,jazz,781716061274,jazz:InventoryItem/PPS43.lua:16 | jazz:items.lua:20241
782346732353,"Бронежилет ""Рейнджер""",Бронежилет Ranger,Ranger Body Armor,manual-reviewed-google,google-draft,jazz,782346732353 | 920136799882,jazz:InventoryItem/JazzArmor_RBA.lua:13 | jazz:items.lua:60724 | jazz:InventoryItem/JazzArmor_RBA.lua:12 | jazz:items.lua:60723
782617276071,"Бронежилеты Гвардиан, Тяжелый",Тяжёлые бронежилеты Guardian,Heavy Guardian Body Armor,manual-reviewed-google,google-draft,jazz,782617276071,jazz:InventoryItem/JazzArmor_GuardianFull.lua:13 | jazz:items.lua:60926
786472365193,Глушитель: Уменьшает кучность на 10%,Глушитель: Уменьшает кучность на 10%,Suppressor: Reduces accuracy by 10%,manual-reviewed-google,google-draft,jazz,786472365193,jazz:items.lua:33229
790667718698,"20ый калибр это не серьёзно говорили они, но тем не менее всё лучше чем ничего, люди всё также дырявятся.","«Двенадцатый калибр — несерьёзно», — говорили они. Но всяко лучше, чем ничего: люди от него по-прежнему дырявятся.","“Twelve gauge isn't serious,” they said. Still, it beats nothing—and people remain perfectly capable of springing leaks.",manual-reviewed-google,google-draft,jazz,790667718698,jazz:InventoryItem/JAZZ_AMMO_12gauge_Saltshot.lua:13 | jazz:items.lua:8476
791550858652,Пистолеты Стечкина,Пистолеты Стечкина,Stechkin Pistols,manual-reviewed-google,google-draft,jazz,791550858652,jazz:InventoryItem/APS.lua:13 | jazz:items.lua:18903
793998679801,Шлем Зилон,Шлем из зилона,Zylon Helmet,manual-reviewed-google,google-draft,jazz,793998679801,jazz:InventoryItem/JazzArmor_ZylonHelm.lua:12 | jazz:items.lua:59545
795682654372,"Футуристичная ""универсальная броня солдата"", или, как она более известна, броня СПЕКТРА, в огромном количестве попала на черный рынок после операции Ассоциации в Арулько. Изготовленные из этого материала поножи обеспечивают серьезный уровень защиты для ног бойца.","Футуристичная «универсальная броня солдата», более известная как СПЕКТРА, в огромных количествах попала на чёрный рынок после операции Ассоциации в Арулько. Поножи из этого материала обеспечивают ногам бойца серьёзную защиту.","The futuristic “universal soldier armor,” better known as SPECTRA, flooded the black market after the Association's operation in Arulco. Leg armor made from this material provides serious protection.",manual-reviewed-google,google-draft,jazz,795682654372,jazz:InventoryItem/JazzArmor_SpectraLegs.lua:14 | jazz:items.lua:61591
796609766807,Черный кожаный жилет,Чёрный кожаный жилет,Black Leather Vest,manual-reviewed-google,google-draft,jazz,796609766807,jazz:InventoryItem/JazzArmor_LeatherVest.lua:15 | jazz:items.lua:60127
799363687481,Современный американский бронежилет. Средний вариант,"Современный американский бронежилет, средний вариант",Medium Modern American Body Armor,manual-reviewed-google,google-draft,jazz,799363687481,jazz:InventoryItem/JazzArmor_IBA.lua:15 | jazz:items.lua:60898
809929737039,"Бронежилет ""Interceptor"", с защитой паха",Бронежилет Interceptor с защитой паха,Interceptor Body Armor with Groin Protection,manual-reviewed-google,google-draft,jazz,809929737039 | 817417475026,jazz:InventoryItem/JazzArmor_IBA.lua:12 | jazz:items.lua:60895 | jazz:InventoryItem/JazzArmor_IBA.lua:13 | jazz:items.lua:60896
812627409916,"60 мм ротный пехотный миномет производства США. Хорошо, когда он на твоей стороне. И плохо, когда не на твоей.","60-мм ротный пехотный миномёт производства США. Хорошо, когда он на вашей стороне. Плохо, когда нет.",A US-made 60 mm company mortar. Good when it is on your side. Bad when it isn't.,manual-reviewed-google,google-draft,jazz,812627409916,jazz:InventoryItem/MortarInventoryItem.lua:20 | jazz:items.lua:30429
812639451419,Бронежилеты Flak M1955,Бронежилеты Flak M1955,Flak M1955 Body Armor,manual-reviewed-google,google-draft,jazz,812639451419,jazz:InventoryItem/JazzArmor_FlakM1955.lua:13 | jazz:items.lua:60262
815815988039,Бронебойный патрон калибра 9х19мм,Бронебойный патрон 9×19 мм,9x19 mm Armor-Piercing Round,manual-reviewed-google,google-draft,jazz,815815988039,jazz:InventoryItem/_9mm_AP.lua:12 | jazz:items.lua:8959
821434202204,"Коммерческий патрон увеличенной кучности, на случай если надо донести свою крутость на большее расстояние.","Коммерческий патрон повышенной кучности — на случай, если нужно донести свою крутость на большее расстояние.",A commercial match round for those times when your coolness needs to travel farther.,manual-reviewed-google,google-draft,jazz,821434202204,jazz:InventoryItem/JAZZ_AMMO_44CAL_Match.lua:12 | jazz:items.lua:5576
822054995436,"Шлем Гвардиан, тяжелый",Тяжёлый шлем Guardian,Heavy Guardian Helmet,manual-reviewed-google,google-draft,jazz,822054995436,jazz:InventoryItem/JazzArmor_GuardianHelmHeavy.lua:12 | jazz:items.lua:59873
822422899261,Точный прицел,Высокоточный прицел,Precision Sight,manual-reviewed-google,google-draft,jazz,822422899261,jazz:items.lua:45335
826668610685,"Единый пулемет бельгийского производства, под патрон 7.62 NATO. Разработанный в 1950х, до сих пор является образцовым оружием. Максимальная универсальность, возможность крепления на технику, на станок, стрельбы с рук и сошек, сменный ствол. Вот только... тяжелый, падлюка.","Единый пулемёт бельгийского производства под патрон 7,62 NATO. Разработанный в 1950-х, он до сих пор остаётся образцовым оружием: крепится на технику и станок, стреляет с рук и с сошек, имеет сменный ствол. Вот только... тяжёлый, падлюка.","A Belgian general-purpose machine gun chambered in 7.62 NATO. Developed in the 1950s, it remains a benchmark weapon: vehicle- and tripod-mountable, usable from the shoulder or bipod, and fitted with a quick-change barrel. It is just... heavy as hell.",manual-reviewed-google,google-draft,jazz,826668610685,jazz:InventoryItem/FNMAG.lua:15 | jazz:items.lua:29120
832036550490,"Классический противогаз с угольными фильтрами и резиновой шлем-маской, призванный защитить носителя от воздействия дыма, отравляющих газов и радиоактивной пыли. Ограничивает поле зрения и слуха, но это необходимая цена, за то, чтобы остаться живым.","Классический противогаз с угольными фильтрами и резиновой шлем-маской, защищающий от дыма, отравляющих газов и радиоактивной пыли. Ограничивает зрение и слух, но это необходимая цена за возможность остаться в живых.","A classic gas mask with charcoal filters and a rubber hood, designed to protect against smoke, toxic gas, and radioactive dust. It limits sight and hearing, but that is the price of staying alive.",manual-reviewed-google,google-draft,jazz,832036550490,jazz:InventoryItem/GasMask.lua:13 | jazz:items.lua:59154
835746245379,"Сумрачный тевтонский гений еще в Первую Мировую войну придумал снаряжать специальные саперно-штурмовые бригады, вооруженные короткими карабинами, мешком гранат, и вот такими супертяжелыми кирасами. Этакий прообраз ""джаггернаута"". Штурмовики доказали свою эффективность на полях сражений, но в дальнейшем от расходования 20кг стали на бойца Германия отказалась.","Сумрачный тевтонский гений ещё в Первую мировую придумал снаряжать сапёрно-штурмовые части короткими карабинами, мешками гранат и такими сверхтяжёлыми кирасами. Этакий прообраз «джаггернаута». Штурмовики доказали свою эффективность, но тратить по 20 кг стали на бойца Германия в итоге перестала.","Back in World War I, the gloomy Teutonic genius equipped assault engineers with short carbines, bags of grenades, and super-heavy cuirasses like this one—a prototype juggernaut. The troops proved effective, but Germany eventually stopped spending 20 kilograms of steel on every soldier.",manual-reviewed-google,google-draft,jazz,835746245379,jazz:InventoryItem/JazzArmor_AssaultCuirass.lua:14 | jazz:items.lua:60397
837276282763,"<image UI/Conversation/T_Dialogue_IconBackgroundCircle.tga 400 130 128 120> Добавьте взрыватель, чтобы создать взрывчатку","<image UI/Conversation/T_Dialogue_IconBackgroundCircle.tga 400 130 128 120> Добавьте взрыватель, чтобы собрать заряд взрывчатки",<image UI/Conversation/T_Dialogue_IconBackgroundCircle.tga 400 130 128 120> Add a detonator to make an explosive charge,manual-reviewed-google,google-draft,jazz,837276282763 | 948394818720,jazz:InventoryItem/C4.lua:12 | jazz:items.lua:31466 | jazz:InventoryItem/PETN.lua:13 | jazz:items.lua:31494
847376232139,"Современный армейский российский шлем, выполненный из арамидной ткани. Предлагает хорошую противоосколочную и противопулевую защиту самого важного органа солдата - головы. ",Современный российский армейский шлем из арамидной ткани. Хорошо защищает от осколков и пуль самый важный орган солдата — голову.,A modern Russian military helmet made from aramid fabric. It provides solid fragment and ballistic protection for a soldier's most important organ: the head.,manual-reviewed-google,google-draft,jazz,847376232139,jazz:InventoryItem/JazzArmor_6b7Helm.lua:14 | jazz:items.lua:59699
853661630706,"Бронежилеты СПЕКТРА, Тяжелый",Тяжёлые бронежилеты СПЕКТРА,Heavy SPECTRA Body Armor,manual-reviewed-google,google-draft,jazz,853661630706,jazz:InventoryItem/JazzArmor_SpectraFull.lua:13 | jazz:items.lua:61076
856701749869,Модульный шлем,Модульный шлем,Modular Helmet,manual-reviewed-google,google-draft,jazz,856701749869 | 962242755996,jazz:InventoryItem/JazzArmor_GuardianHelm.lua:15 | jazz:items.lua:59846 | jazz:InventoryItem/JazzArmor_TwaronHelm.lua:15 | jazz:items.lua:59639
860047768202,Расклинить,Устранить задержку,Clear Jam,manual-reviewed-google,google-draft,jazz,860047768202,jazz:items.lua:64287
861954561927,Классическая кожаная куртка - бомбер с меховой оторочкой воротника. Крутая.,Классическая кожаная куртка-бомбер с меховой отделкой воротника. Крутая.,A classic leather bomber jacket with a fur-trimmed collar. Cool.,manual-reviewed-google,google-draft,jazz,861954561927,jazz:InventoryItem/JazzArmor_LeatherJacketBrn.lua:14 | jazz:items.lua:60047
864975846345,"Винтовка с полусвободным затвором на основе винтовки G3 под новый тогда патрон .223 Remington. Самими немцами не используется, но получила распространение в странах третьего мира. Производится, например, по лицензии в той-же Турции.","Винтовка с полусвободным затвором на базе G3 под новый для своего времени патрон .223 Remington. Сами немцы её не используют, зато в странах третьего мира она распространилась широко; например, по лицензии её выпускают в Турции.","A roller-delayed rifle based on the G3 and chambered for the then-new .223 Remington round. Germany never adopted it, but it became widespread in the developing world and is produced under license in countries such as Turkey.",manual-reviewed-google,google-draft,jazz,864975846345,jazz:InventoryItem/HK33.lua:15 | jazz:items.lua:23925
870530490577,Страйкер,Страйкер,Striker,manual-reviewed-google,google-draft,jazz,870530490577,jazz:InventoryItem/Striker.lua:13 | jazz:items.lua:29986
872562014733,Шестизарядный револьверный гранатомет производства ЮАР. Максимально широко распространен по всему миру. Максимально широко распространяет других людей.,Шестизарядный револьверный гранатомёт производства ЮАР. Широко распространён по всему миру. Ещё шире распространяет по миру других людей.,A six-shot revolver grenade launcher from South Africa. Widely distributed around the world—and even better at distributing other people around it.,manual-reviewed-google,google-draft,jazz,872562014733,jazz:InventoryItem/MGL.lua:23 | jazz:items.lua:30585
874740516127,"Титановая бронеплита 5 класса защиты. По пулестойкости титан крепче стали, и гораздо легче нее. Есть и минусы. Цена. И заброневое осколочное действие титана. Но в первую очередь цена, да.","Титановая бронеплита 5-го класса защиты. Титан пулестойче стали и намного легче. Минусы? Цена. И заброневое осколочное действие. Но в первую очередь — цена, да.","Class 5 titanium armor plate. Titanium offers better ballistic resistance than steel at far less weight. The drawbacks? Cost, and behind-armor fragmentation. Mostly the cost, though.",manual-reviewed-google,google-draft,jazz,874740516127,jazz:InventoryItem/JazzArmorPlates_Titan5.lua:15 | jazz:items.lua:61954
875880547954,"Пистолет с грубыми формами, но с тонкой душевной организацией. Одних только вариантов УСМ, в зависимости от места службы, может быть более дюжины. Прочен, как будто сделан из адамантия.","Пистолет грубых форм, но тонкой душевной организации. Одних вариантов УСМ, в зависимости от службы, набралось больше дюжины. Прочен так, будто сделан из адамантия.","A pistol with rugged lines and a delicate soul. Depending on the customer, it can be fitted with more than a dozen trigger configurations. Tough as though it were made of adamantium.",manual-reviewed-google,google-draft,jazz,875880547954,jazz:InventoryItem/USP45.lua:14 | jazz:items.lua:18036
877827161258,ШУМ,ШУМ,NOISE,manual-reviewed-google,google-draft,jazz,877827161258,jazz:items.lua:75727
879074273943,<image UI/Conversation/T_Dialogue_IconBackgroundCircle.tga 400 130 128 120> 9 частиц. Повышенный урон,<image UI/Conversation/T_Dialogue_IconBackgroundCircle.tga 400 130 128 120> 9 дробин. Повышенный урон,<image UI/Conversation/T_Dialogue_IconBackgroundCircle.tga 400 130 128 120> 9 pellets. Increased damage,manual-reviewed-google,google-draft,jazz,879074273943,jazz:InventoryItem/_12gauge_Breacher.lua:14 | jazz:items.lua:9793
880747947165,Защитный шлем из сверхплотного высокомолекулярного полиэтилена,Защитный шлем из сверхвысокомолекулярного полиэтилена,Ultra-High-Molecular-Weight Polyethylene Helmet,manual-reviewed-google,google-draft,jazz,880747947165,jazz:InventoryItem/JazzArmor_UHMWPEHelm.lua:15 | jazz:items.lua:59933
888848136617,Трасирующий советский армейский патрон Т-45 калибра 7.62х39мм,"Советский армейский трассирующий патрон Т-45 калибра 7,62×39 мм",Soviet 7.62x39 mm T-45 tracer round,manual-reviewed-google,google-draft,jazz,888848136617,jazz:InventoryItem/_762WP_Tracer.lua:13 | jazz:items.lua:9567
896760300833,Ремонт поврежденного снаряжения с использованием механических запчастей. Участие наемников с высокой характеристикой «<color EmStyle>Механика</color>» ускорит операцию. Оружие с состоянием ниже 90% получает износ при ремонте.,Ремонт повреждённого снаряжения с использованием механических деталей. Наёмники с высокой <color EmStyle>Механикой</color> ускоряют операцию. При ремонте оружия в состоянии ниже 90% увеличивается его износ.,Repairs damaged equipment using mechanical parts. Mercenaries with high <color EmStyle>Mechanical</color> skill speed up the operation. Repairing weapons at less than 90 percent condition increases wear.,manual-reviewed-google,google-draft,jazz,896760300833,jazz:items.lua:109190
897065949753,"РПК-74 - это разработанный в пару автомату АК-74 ручной пулемет под новый тогда малоимпульсный патрон 5.45х39. Как и РПК, от базового автомата отличается усиленной ствольной коробкой и тяжелым стволом, что расширяет дальность огневого поражения отделения до 600 метров.","РПК-74 — ручной пулемёт, разработанный в пару к АК-74 под новый тогда малоимпульсный патрон 5,45×39 мм. Как и РПК, от базового автомата он отличается усиленной ствольной коробкой и тяжёлым стволом, увеличивая дальность огня отделения до 600 метров.","The RPK-74 is a light machine gun developed alongside the AK-74 for the then-new 5.45x39 mm low-impulse cartridge. Like the RPK before it, it adds a reinforced receiver and heavy barrel to the standard rifle, extending the squad's effective fire to 600 meters.",manual-reviewed-google,google-draft,jazz,897065949753,jazz:InventoryItem/RPK74.lua:15 | jazz:items.lua:28148
901500357188,Используются чтобы повысить класс защиты у модульных бронежилетов,Используются для повышения класса защиты модульных бронежилетов,Used to raise the protection class of modular body armor,manual-reviewed-google,google-draft,jazz,901500357188,jazz:InventoryItem/JAZZ_ArmorUpgrade.lua:12 | jazz:items.lua:58461
902961136022,Клики прицеливания,Клики прицеливания,Aim Clicks,manual-reviewed-google,google-draft,jazz,902961136022,jazz:items.lua:75582
903859276526,"Современный вариант автомата MP5, допускающий стрельбу как с отсечкой по три выстрела, так и полностью автоматический огонь. Все остальное осталось практически без изменений, автомат сразу хорошим получился.","Современный вариант MP5, способный стрелять отсечками по три выстрела и полностью автоматическим огнём. Всё остальное почти не изменилось: автомат с самого начала получился удачным.",A modern MP5 variant capable of three-round bursts and fully automatic fire. Almost everything else remains unchanged; the weapon was good from the start.,manual-reviewed-google,google-draft,jazz,903859276526,jazz:InventoryItem/MP5A4.lua:15 | jazz:items.lua:21220
907492755122,"Шлемы Гвардиан, тяжелый",Тяжёлые шлемы Guardian,Heavy Guardian Helmets,manual-reviewed-google,google-draft,jazz,907492755122,jazz:InventoryItem/JazzArmor_GuardianHelmHeavy.lua:13 | jazz:items.lua:59874
918487270916,Бронежилет СПЕКТРА,Бронежилет СПЕКТРА,SPECTRA Body Armor,manual-reviewed-google,google-draft,jazz,918487270916,jazz:InventoryItem/JazzArmor_Spectra.lua:12 | jazz:items.lua:61045
920340970285,Боеприпас с солью 12-го калибра.,Боеприпас с солью 12-го калибра.,12-Gauge Saltshot Round.,manual-reviewed-google,google-draft,jazz,920340970285,jazz:InventoryItem/_12gauge_Saltshot.lua:13 | jazz:items.lua:9911
925428900427,Ускорение перезарядки,Ускоренная перезарядка,Faster Reload,manual-reviewed-google,google-draft,jazz,925428900427,jazz:items.lua:45899
925462880253,"Прибор ночного видения второго поколения менее чувсвителен к паразитной засветке, и, к тому же, имеет встроенную инфракрасную подсветку, позволяющую получать изображения в отсутствие естественного света вовсе.","Прибор ночного видения второго поколения менее чувствителен к паразитной засветке и оснащён инфракрасной подсветкой, позволяющей видеть даже без естественного света.",A second-generation night-vision device that is less vulnerable to stray light and includes an infrared illuminator for seeing in complete darkness.,manual-reviewed-google,google-draft,jazz,925462880253,jazz:InventoryItem/JazzArmor_NVG2.lua:11 | jazz:items.lua:59295
925634125026,Керамическая плита 5 класса защиты,Керамическая плита 5-го класса защиты,Class 5 Ceramic Plate,manual-reviewed-google,google-draft,jazz,925634125026 | 932882134462,jazz:InventoryItem/JazzArmorPlates_Ceramics5.lua:13 | jazz:items.lua:61874 | jazz:InventoryItem/JazzArmorPlates_Ceramics5.lua:14 | jazz:items.lua:61875
929958056232,"Популярное некогда ружье для охоты, самообороны и даже иногда нападения. Сейчас, конечно, сдает позиции более коммерчески успешным образцам, но нет-нет да иногда где-нибудь мелькнет. Ну вы помните, да - Идем со мной, если хочешь жить!","Некогда популярное ружьё для охоты, самообороны и даже нападения. Теперь уступает более коммерчески успешным моделям, но нет-нет да где-нибудь мелькнёт. Ну вы помните: «Идём со мной, если хочешь жить».","Once a popular shotgun for hunting, self-defense, and even the occasional offense. It has lost ground to more commercially successful models, but still turns up now and then. You remember: come with me if you want to live.",manual-reviewed-google,google-draft,jazz,929958056232,jazz:InventoryItem/Ithaca.lua:16 | jazz:items.lua:29655
930854241886,"Стандартный армейский патрон, залетит в пятку, сделает сальто, вылетит через затылок. Патроны для садистов...","Стандартный армейский патрон: войдёт в пятку, сделает сальто и выйдет через затылок. Патроны для садистов...","A standard military round: enters through the heel, does a somersault, and exits through the back of the skull. Ammunition for sadists...",manual-reviewed-google,google-draft,jazz,930854241886,jazz:InventoryItem/JAZZ_AMMO_545_Army.lua:12 | jazz:items.lua:6521
931652226138,"Самый дорогой военный пистолет в мире, самый точный военный пистолет в мире, самый надежный военный пистолет в мире. Нельзя сказать, что самый редкий военный пистолет в мире, но стремится к этому.","Самый дорогой военный пистолет в мире, самый точный военный пистолет в мире, самый надёжный военный пистолет в мире. Самым редким его пока не назовёшь, но он старается.",The most expensive military pistol in the world. The most accurate. The most reliable. Not quite the rarest military pistol in the world—but it is getting there.,manual-reviewed-google,google-draft,jazz,931652226138,jazz:InventoryItem/P210.lua:14 | jazz:items.lua:16960
932330768724,"Пистолет-пулемет Вальтер MPL имеет вполне удачную конструкцию со свободным затвором с применением штамповки деталей. Сразу видно, что конструкторами был принят во внимание опыт ВОВ. Однако, потенциальными пользователями тоже был принят во внимание опыт ВОВ и оружие под маркой ""Вальтер"" просто не имело никакого шанса на успех на рынке.","Пистолет-пулемёт Walther MPL имеет удачную конструкцию со свободным затвором и широко использует штампованные детали — видно, что конструкторы учли опыт Второй мировой. Потенциальные покупатели, впрочем, тоже его учли, и оружие под маркой Walther почти не имело шансов на послевоенном рынке.","The Walther MPL is a sound blowback submachine gun built largely from stamped parts; its designers clearly learned from World War II. Unfortunately, so had its prospective customers, and a weapon bearing the Walther name had little chance in the postwar market.",manual-reviewed-google,google-draft,jazz,932330768724,jazz:InventoryItem/MPL.lua:15 | jazz:items.lua:20378
932962724262,"Блад лично выбирал и точил каждый режик и ножик из своего набора. Вот тем, большим, можно рубить хворост, вот этим, широким - делать вырезку. А вот этот для скальпов. И этот. И вон тот.","Блад лично выбирал и точил каждый ножик в наборе. Вон тем, большим, можно рубить хворост; этим, широким, — разделывать тушу. А вот этот для скальпов. И этот. И вон тот.",Blood personally chose and sharpened every knife in the set. The big one chops brush; the broad one dresses game. This one is for scalps. So is this one. And that one over there.,manual-reviewed-google,google-draft,jazz,932962724262,jazz:InventoryItem/EndlessKnives.lua:12 | jazz:items.lua:56452
934155710549,Единый пулемёт,Единый пулемёт,General-Purpose Machine Gun,manual-reviewed-google,google-draft,jazz,934155710549,jazz:items.lua:104220
936548931557,"Бронежилет Тварон, Легкий",Лёгкий бронежилет из тварона,Light Twaron Body Armor,manual-reviewed-google,google-draft,jazz,936548931557,jazz:InventoryItem/JazzArmor_TwaronLight.lua:12 | jazz:items.lua:60632
941078239129,Пояс,Пояс,Belt,manual-reviewed-google,google-draft,jazz,941078239129,jazz:items.lua:98235
944517269185,"Тяжелые бронежилеты СПЕКТРА были модифицированы неугомонными руками доктора Грузельхайма путем замены бронеэлементов на аналогичные из Композитума-58. Весьма успешно надо сказать, расковырять неоарийцев в этих бронежилетах задача та еще. Тяжелый штурмовой вариант с защитой шеи, паха и рук.","Тяжёлые бронежилеты СПЕКТРА неугомонный доктор Грузельхайм модифицировал, заменив бронеэлементы аналогами из композитума-58. И весьма удачно: расковырять неоарийцев в такой броне — задача не из лёгких. Тяжёлый штурмовой вариант защищает шею, пах и руки.","Dr. Gruselheim's restless hands modified heavy SPECTRA body armor by replacing its protective elements with Compositum-58. Quite successfully, too: prying neo-Aryans out of these suits is no easy task. This heavy assault variant protects the neck, groin, and arms.",manual-reviewed-google,google-draft,jazz,944517269185,jazz:InventoryItem/JazzArmor_SpectraFullCompositum.lua:14 | jazz:items.lua:61129
950654199607,"Американская армейская снайперская винтовка, представляет собой винтовку М14 со снятым переводчиком огня, и установленным оптическим прицелом. Дешево, сердито, эффективно.","Американская армейская снайперская винтовка: M14 со снятым переводчиком огня и установленной оптикой. Дёшево, сердито, эффективно.","An American military marksman rifle: an M14 with the fire selector removed and a scope installed. Cheap, simple, effective.",manual-reviewed-google,google-draft,jazz,950654199607,jazz:InventoryItem/M21.lua:15 | jazz:items.lua:26497
955348164766,Советский титановый шлем,Советский титановый шлем,Soviet Titanium Helmet,manual-reviewed-google,google-draft,jazz,955348164766,jazz:InventoryItem/JazzArmor_STSHHelm.lua:15 | jazz:items.lua:59757
960883670355,"Коммерческий шлем из зилона (зайлона) - еще одного типа арамидного волокна. По слухам, хоть зилон и является более прочным, чем кевлар, он быстро теряет защитные свойства со временем.","Коммерческий шлем из зилона (зайлона), ещё одного вида арамидного волокна. Зилон прочнее кевлара, но, по слухам, быстро теряет защитные свойства со временем.","A commercial helmet made from Zylon, another aramid fiber. Zylon is stronger than Kevlar, but is rumored to lose its protective qualities quickly with age.",manual-reviewed-google,google-draft,jazz,960883670355,jazz:InventoryItem/JazzArmor_ZylonHelm.lua:14 | jazz:items.lua:59547
964124006795,"Шлем Тварон, Тяжелый",Тяжёлый шлем из тварона,Heavy Twaron Helmet,manual-reviewed-google,google-draft,jazz,964124006795,jazz:InventoryItem/JazzArmor_TwaronHelmHeavy.lua:12 | jazz:items.lua:59665
964415083636,"Трассирующий вариант стандартного М80, с амбициями на бронебойность. На деле же амбиции как всегда завышены, но он правда эффективен.","Трассирующая версия стандартного M80 с претензией на бронебойность. Претензии, как водится, завышены — но патрон и правда эффективен.","A tracer version of the standard M80 with armor-piercing ambitions. The ambition is overstated, as usual, but the round really is effective.",manual-reviewed-google,google-draft,jazz,964415083636,jazz:InventoryItem/JAZZ_AMMO_762x51_Tracer.lua:12 | jazz:items.lua:7703
970341728549,"Коротыш под 7.62х39мм патрон. В отличие от мифического советско-российского варианта АКМСУ (который никогда не выпускался), этот реально существует и готов доказать это, проделав пару десятков дырок в телах ваших врагов.","Коротыш под патрон 7,62×39 мм. В отличие от мифического советско-российского АКМСУ, которого никогда не выпускали, этот существует на самом деле и готов доказать это парой десятков дырок в телах ваших врагов.","A shorty chambered in 7.62x39 mm. Unlike the mythical Soviet-Russian AKMSU, which was never produced, this one truly exists and is ready to prove it by putting a few dozen holes in your enemies.",manual-reviewed-google,google-draft,jazz,970341728549,jazz:InventoryItem/ZastavaM92.lua:15 | jazz:items.lua:22111
970768508285,"Самодельный кожаный нагрудник. По идее, как самостоятельное средство защиты применяться не должен - его нужно проклепать или навешать металлических пластин.",Самодельный кожаный нагрудник. Сам по себе защищать не должен: его полагается проклепать или обвешать металлическими пластинами.,An improvised leather breastplate. It is not meant to provide protection on its own; rivets or metal plates are supposed to be added.,manual-reviewed-google,google-draft,jazz,970768508285,jazz:InventoryItem/JazzArmor_LeatherArmor.lua:13 | jazz:items.lua:60179
971658966988,"Популярный американский защитный военный и гражданский шлем, получивший известность после использования их знаменитым отрядом ""Дельта"". Обеспечивает неплохую защиту от осколков.","Популярный американский военный и гражданский защитный шлем, прославившийся благодаря знаменитому отряду «Дельта». Неплохо защищает от осколков.",A popular American military and civilian helmet made famous by Delta Force. It offers good protection against fragments.,manual-reviewed-google,google-draft,jazz,971658966988,jazz:InventoryItem/JazzArmor_ProTecHelm.lua:14 | jazz:items.lua:59609
974243239899,"Защита коленей, спроектированная и исполненная тем же безумным дизайнером брони Легиона, что ответственнен за такие шедевры как ""ржавая кольчуга из шин"" и ""сварной панцирь из автомобильной двери"". Ждем нового шедевра - ""кираса из дорожных знаков""","Наколенники от того же безумного дизайнера брони Легиона, что подарил миру «ржавую кольчугу из шин» и «сварной панцирь из автомобильной двери». Ждём следующий шедевр: «кирасу из дорожных знаков».",Knee pads from the same mad Legion armor designer responsible for such masterpieces as “rusty tire chainmail” and “welded car-door armor.” We eagerly await the next triumph: a cuirass made from road signs.,manual-reviewed-google,google-draft,jazz,974243239899,jazz:InventoryItem/JazzArmor_RaiderKneePads.lua:14 | jazz:items.lua:61184
975455619349,Модифицированная рукоять ПКМ,Модифицированная рукоятка ПКМ,Modified PKM Grip,manual-reviewed-google,google-draft,jazz,975455619349,jazz:items.lua:32677
977047112542,"Если вам требуется хороший пистолет, первым в очереди из претендентов всегда будет стоять пистолет из Швейцарии. Там принято делать простое и надежное оружие. Конечно, там еще принято делать простое и надежное дорогое оружие, но для себя не жаль никаких денег.","Если вам нужен хороший пистолет, первым претендентом почти всегда будет швейцарец. Там принято делать простое и надёжное оружие. Правда, ещё принято делать его дорогим — но на себе экономить не стоит.","If you need a good pistol, a Swiss contender is always first in line. Switzerland makes simple, reliable weapons. Expensive simple, reliable weapons, admittedly—but why skimp on yourself?",manual-reviewed-google,google-draft,jazz,977047112542,jazz:InventoryItem/P220.lua:14 | jazz:items.lua:18271
978454665227,Шлем ProTec,Шлем ProTec,ProTec Helmet,manual-reviewed-google,google-draft,jazz,978454665227 | 987419927139,jazz:InventoryItem/JazzArmor_ProTecHelm.lua:13 | jazz:items.lua:59608 | jazz:InventoryItem/JazzArmor_ProTecHelm.lua:12 | jazz:items.lua:59607
980300816631,"<image UI/Conversation/T_Dialogue_IconBackgroundCircle.tga 400 130 128 120> Одноразовый: не перезаряжается
<image UI/Conversation/T_Dialogue_IconBackgroundCircle.tga 400 130 128 120> После выстрела пустая труба падает на землю
<image UI/Conversation/T_Dialogue_IconBackgroundCircle.tga 400 130 128 120> Выстреливает снаряд по прямой; опасная зона за спиной стрелка
<image UI/Conversation/T_Dialogue_IconBackgroundCircle.tga 400 130 128 120> Вероятность неудачи растет с увеличением расстояния","<image UI/Conversation/T_Dialogue_IconBackgroundCircle.tga 400 130 128 120> Одноразовый: не перезаряжается
<image UI/Conversation/T_Dialogue_IconBackgroundCircle.tga 400 130 128 120> После выстрела пустая труба падает на землю
<image UI/Conversation/T_Dialogue_IconBackgroundCircle.tga 400 130 128 120> Снаряд летит по прямой; за спиной стрелка образуется опасная зона
<image UI/Conversation/T_Dialogue_IconBackgroundCircle.tga 400 130 128 120> Риск неудачи растёт с расстоянием","<image UI/Conversation/T_Dialogue_IconBackgroundCircle.tga 400 130 128 120> Disposable: cannot be reloaded
<image UI/Conversation/T_Dialogue_IconBackgroundCircle.tga 400 130 128 120> The empty tube drops to the ground after firing
<image UI/Conversation/T_Dialogue_IconBackgroundCircle.tga 400 130 128 120> Fires in a straight line; dangerous backblast behind the shooter
<image UI/Conversation/T_Dialogue_IconBackgroundCircle.tga 400 130 128 120> Mishap risk increases with distance",manual-translation,needs-english,jazz,980300816631,jazz:InventoryItem/M72LAW.lua:19 | jazz:items.lua:30667
981045518000,Пистолеты с режимом автоогня. Позволяют эффективно подавлять цели на близких дистанциях.,Пистолеты с режимом автоогня. Позволяют эффективно подавлять цели на близких дистанциях.,"Pistols with full-auto fire, effective at suppressing targets at close range.",manual-reviewed-google,google-draft,jazz,981045518000,jazz:items.lua:104164
981063468368,Облегченный (High Cut) современный шлем,Современный облегчённый шлем (High Cut),Modern High-Cut Helmet,manual-reviewed-google,google-draft,jazz,981063468368,jazz:InventoryItem/JazzArmor_Mich2001.lua:15 | jazz:items.lua:59818
982146278290,"Набедренные щитки из тварона. Чуть хуже защищат от пули, но чуть лучше от ножа.","Набедренники из тварона. Чуть хуже защищают от пули, зато чуть лучше — от ножа.","Twaron thigh guards. Slightly worse against bullets, slightly better against blades.",manual-reviewed-google,google-draft,jazz,982146278290,jazz:InventoryItem/JazzArmor_TwaronLegs.lua:14 | jazz:items.lua:61411
982833807873,"Высококлассные военные шлемы СПЕКТРА, как и другие подобные элементы брони получили известность после успешной операции Ассоциации в Арулько. Изначально принадлежавшие вооруженным силам Арулько, эти шлемы и другая боевая броня были захвачены в качестве трофеев и в конечном итоге привели Ассоциацию к успешному завершению операции.","Высококлассные военные шлемы СПЕКТРА, как и другая броня из этого материала, прославились после успешной операции Ассоциации в Арулько. Изначально они принадлежали вооружённым силам Арулько, но были захвачены как трофеи и помогли Ассоциации довести операцию до победы.","High-end SPECTRA military helmets, like other armor made from the material, became famous after the Association's successful operation in Arulco. Originally issued to Arulco's armed forces, they were captured as trophies and helped carry the Association to victory.",manual-reviewed-google,google-draft,jazz,982833807873,jazz:InventoryItem/JazzArmor_SpectraHelm.lua:14 | jazz:items.lua:59985
986875063897,"Выстрел в руки: снижение вероятности попадания, уменьшение урона. Шанс зональной травмы рук (MED-001).",Выстрел в руки: ниже шанс попадания и урон. Может вызвать травму рук.,Arm shot: lower hit chance and damage. May cause an arm injury.,manual-translation,needs-english,jazz,986875063897,jazz:items.lua:64058
1786863112822,Добровольные пожертвования в зависимости от лояльности,Добровольные пожертвования в зависимости от лояльности,Voluntary donations based on loyalty,manual-reviewed-google,google-draft,jazz,1786863112822,jazz:Code/POI Extension.lua:8
1786863112823,Данный сектор укреплен,Сектор укреплён,This sector is fortified,manual-reviewed-google,google-draft,jazz,1786863112823,jazz:Code/POI Extension.lua:9
1786863112824,В этом секторе добывают слоновую кость. Доход не зависит от лояльности,В этом секторе добывают слоновую кость. Доход не зависит от лояльности,This sector produces ivory. Income does not depend on Loyalty,manual-reviewed-google,google-draft,jazz,1786863112824,jazz:Code/POI Extension.lua:10
2378508273050,<em>Нет данных о секторе</em>,<em>Нет данных о секторе</em>,<em>No sector data</em>,manual-reviewed-google,google-draft,jazz,2378508273050,jazz:Code/Regions_Sectors.lua:144
2378508273054,<em>Регион: <region></em>,<em>Регион: <region></em>,<em>Region: <region></em>,manual-reviewed-google,google-draft,jazz,2378508273054,jazz:Code/Regions_Sectors.lua:175
4621434559001,"Навыки (<name>, <sub>)","Навыки (<name>, <sub>)","Skills (<name>, <sub>)",manual-reviewed-google,google-draft,jazz,4621434559001,jazz:Code/System_OR_Unit.lua:678
25711203919511,<style InventoryHintTextRed>В бою,<style InventoryHintTextRed>В бою,<style InventoryHintTextRed>In Combat,manual-reviewed-google,google-draft,jazz,25711203919511,jazz:Code/InventoryUI.lua:537
28794459507035,Урон по объектам,Урон по объектам,Object Damage,manual-reviewed-google,google-draft,jazz,28794459507035,jazz:Code/AmmoRolloverHint.lua:3
44697586415051,Тяжелый,Тяжелый,Heavy,manual-reviewed-google,google-draft,jazz,44697586415051,jazz:Code/System_ArmorRating.lua:221
45613502845311,Адонис,Адонис,Adonis,manual-reviewed-google,google-draft,jazz,45613502845311,jazz:Code/EnemySquad.lua:13
56238697238951,Вес,Вес,Weight,manual-reviewed-google,google-draft,jazz,56238697238951,jazz:items.lua:79377
69291389245511,Армия,Армия,Army,manual-reviewed-google,google-draft,jazz,69291389245511,jazz:Code/EnemySquad.lua:12
178686311281127,Лесозаготовки,Лесозаготовки,Logging,manual-reviewed-google,google-draft,jazz,178686311281127,jazz:Code/POI Extension.lua:11
890000000000004,"Основная винтовка советского солдата РККА во время ВОВ. Максимально стрательно была приведена к вариации СН - снят штык, загнута вниз рукоять затвора, приварено посадочное место для прицела. Однако, отсутствие маркировки на стволе выдает самозванку.","Основная винтовка бойца Красной армии во время Великой Отечественной войны. Её старательно переделали под снайперскую версию: сняли штык, загнули рукоять затвора, приварили крепление для прицела. Однако отсутствие нужной маркировки на стволе выдаёт самозванку.","The standard rifle of the Red Army soldier during World War II, carefully dressed up as a sniper variant: bayonet removed, bolt handle bent down, and a scope mount welded on. The missing barrel markings reveal the impostor.",manual-reviewed-google,google-draft,jazz,890000000000004,jazz:InventoryItem/Mosin.lua:15 | jazz:items.lua:26128
890000000000005,"Линейная пехотная винтовка производства Франции периода ВМВ, была разработана в 1930-х годах, что делает ее относительной новинкой в сравнении с винтовками Мосина, Маузера, Ли Энфильда и Спрингфилда. Но, как известно, особой конкуренции Маузерам у нее составить не получилось.","Французская пехотная винтовка времён Второй мировой была разработана в 1930-х, поэтому на фоне винтовок Мосина, Mauser, Lee-Enfield и Springfield выглядела относительной новинкой. Но, как известно, серьёзной конкуренции Mauser она не составила.","A French service rifle developed in the 1930s, making it a relative newcomer beside the Mosin, Mauser, Lee-Enfield, and Springfield. As history showed, however, it never became much competition for the Mauser.",manual-reviewed-google,google-draft,jazz,890000000000005,jazz:InventoryItem/MAS36.lua:15 | jazz:items.lua:24930
890000000000008,"Послевоенный служебный и боевой пистолет, разработанный во французском Правительственном Арсенале. Представляет собой вполне неплохую конвертацию 1911 под патрон 9мм Люгер. Пистолеты mle 1950 были распространены в силовых структурах франции и колонии вплоть до конца 1980-х.","Послевоенный служебный и боевой пистолет, разработанный во французском государственном арсенале. Вполне удачная переработка 1911-го под 9-мм Luger. Пистолеты mle 1950 оставались на службе во Франции и её колониях до конца 1980-х.",A postwar service pistol developed at a French government arsenal. It is a solid adaptation of the 1911 design to 9 mm Luger. Mle 1950 pistols remained in service across France and its colonies until the late 1980s.,manual-reviewed-google,google-draft,jazz,890000000000008,jazz:InventoryItem/MAC1950.lua:13 | jazz:items.lua:16506
890000000000009,"Не особо популярный чехословацкий пистолет. На стандартных патронах 7.62х25мм, рассчитанных на повышенное давление в стволе, происходил чрезвычайно быстрый износ, что могло приводить к самопроизвольным выстрелам.","Не самый популярный чехословацкий пистолет. Стандартные патроны 7,62×25 мм, рассчитанные на повышенное давление в стволе, вызывали чрезвычайно быстрый износ, вплоть до самопроизвольных выстрелов.",A less-than-popular Czechoslovak pistol. Standard high-pressure 7.62x25 mm ammunition caused extremely rapid wear and could eventually lead to accidental discharges.,manual-reviewed-google,google-draft,jazz,890000000000009,jazz:InventoryItem/CZ52.lua:14 | jazz:items.lua:16801
890000000000014,"«8 предупредительных выстрелов плюс один прицельный бросок» - так говорили об этом пистолете в послевоенном Бундесвере. Однако, на момент своего появления, это было вполне себе неплохое оружие, пусть и частично переусложненное. В конце концов, именно он, а не Люгер или Маузер стал самым массовым немецким пистолетом ВМВ.","«Восемь предупредительных выстрелов и один прицельный бросок» — так шутили об этом пистолете в послевоенном Бундесвере. Однако для своего времени это было вполне достойное, пусть и переусложнённое оружие. В конце концов, именно P38, а не Luger или Mauser, стал самым массовым немецким пистолетом Второй мировой.","“Eight warning shots and one aimed throw”—that was the joke about this pistol in the postwar Bundeswehr. Yet for its time it was a respectable weapon, if somewhat overengineered. In the end, the P38—not the Luger or Mauser—became Germany's most widely issued pistol of World War II.",manual-reviewed-google,google-draft,jazz,890000000000014,jazz:InventoryItem/P38.lua:14 | jazz:items.lua:17058
890000000000018,"Первый в мире серийный автомат, или штурмовая винтовка. Собсно, ""Штурмгевер"" и означает штурмовая винтовка (говорят, Гитлер лично придумал, но больше похоже на байку). Несмотря на то, что на ход войны вундервафля уже влияния не оказала, именно на ней была опробована и успешно получила развитие идея ""промежуточного"" патрона.","Первый в мире серийный автомат, или штурмовая винтовка. Собственно, Sturmgewehr и означает «штурмовая винтовка» — говорят, название придумал лично Гитлер, но это больше похоже на байку. На ход войны вундерваффе уже не повлияла, зато именно на ней успешно опробовали идею промежуточного патрона.","The world's first mass-produced assault rifle. Sturmgewehr literally means “assault rifle”—supposedly a name coined by Hitler himself, though that sounds like a tall tale. The wonder weapon came too late to change the war, but it successfully proved the concept of the intermediate cartridge.",manual-reviewed-google,google-draft,jazz,890000000000018,jazz:InventoryItem/STG44.lua:14 | jazz:items.lua:23092
890000000000020,"4,6 мм, DM11 ББ","4,6 мм, DM11 ББ","4.6 mm, DM11 AP",manual-reviewed-google,google-draft,jazz,890000000000020 | 890000000000090,jazz:InventoryItem/JAZZ_AMMO_46_AP.lua:9 | jazz:items.lua:5011 | jazz:InventoryItem/JAZZ_AMMO_46_AP.lua:10 | jazz:items.lua:5012
890000000000021,"4,6 мм, FMJ","4,6 мм, FMJ","4.6 mm, FMJ",manual-reviewed-google,google-draft,jazz,890000000000021 | 890000000000091,jazz:InventoryItem/JAZZ_AMMO_46_FMJ.lua:9 | jazz:items.lua:4979 | jazz:InventoryItem/JAZZ_AMMO_46_FMJ.lua:10 | jazz:items.lua:4980
890000000000085,Ствол под глушитель,Ствол с резьбой под глушитель,Threaded Barrel,manual-reviewed-google,google-draft,jazz,890000000000085,jazz:items.lua:34676
890000000000133,"7,5х54 мм, Balle C (FMJ)","7,5х54 мм, Balle C (FMJ)","7.5x54 mm, Balle C (FMJ)",manual-reviewed-google,google-draft,jazz,890000000000133 | 890000000001058,jazz:InventoryItem/JAZZ_AMMO_75French_FMJ.lua:9 | jazz:items.lua:7751 | jazz:InventoryItem/JAZZ_AMMO_75French_FMJ.lua:10 | jazz:items.lua:7752
890000000000134,"7,5х54 мм, Balle P (AP)","7,5х54 мм, Balle P (AP)","7.5x54 mm, Balle P (AP)",manual-reviewed-google,google-draft,jazz,890000000000134 | 890000000001059,jazz:InventoryItem/JAZZ_AMMO_75French_AP.lua:9 | jazz:items.lua:7779 | jazz:InventoryItem/JAZZ_AMMO_75French_AP.lua:10 | jazz:items.lua:7780
890000000000135,"7,92х57 мм, s.S. Patrone (FMJ)","7,92х57 мм, s.S. Patrone (FMJ)","7.92x57 mm, s.S. Patrone (FMJ)",manual-reviewed-google,google-draft,jazz,890000000000135 | 890000000001060,jazz:InventoryItem/JAZZ_AMMO_792_FMJ.lua:9 | jazz:items.lua:7973 | jazz:InventoryItem/JAZZ_AMMO_792_FMJ.lua:10 | jazz:items.lua:7974
890000000000145,В яблочко!,В яблочко!,Bullseye!,manual-reviewed-google,google-draft,jazz,890000000000145,jazz:items.lua:75438
890000000000152,Эргономичная рукоять,Эргономичная рукоятка,Ergonomic Grip,manual-reviewed-google,google-draft,jazz,890000000000152,jazz:items.lua:37229
890000000000195,Револьвер,Револьвер,Revolver,manual-reviewed-google,google-draft,jazz,890000000000195,jazz:items.lua:104173
890000000000220,Пистолет Макарова,Пистолет Макарова,Makarov Pistol,manual-reviewed-google,google-draft,jazz,890000000000220,jazz:InventoryItem/Makarov.lua:12 | jazz:items.lua:16886
890000000000258,Подавлен,Подавлен,Suppressed,manual-reviewed-google,google-draft,jazz,890000000000258,jazz:CharacterEffect/suppressionHeavy2.lua:29 | jazz:items.lua:70853
890000000000261,Помечен Трассерами,Помечен трассерами,Marked by Tracers,manual-reviewed-google,google-draft,jazz,890000000000261 | 890000000000397,jazz:CharacterEffect/MarkedTraccers.lua:10 | jazz:items.lua:63999 | jazz:items.lua:75056
890000000000262,Прижат,Прижат,Pinned Down,manual-reviewed-google,google-draft,jazz,890000000000262,jazz:CharacterEffect/suppressionPinned.lua:37 | jazz:items.lua:70922
890000000000263,Обстрелян,Под огнём,Under Fire,manual-reviewed-google,google-draft,jazz,890000000000263 | 890000000000705,jazz:CharacterEffect/suppressionLight.lua:22 | jazz:items.lua:70711 | jazz:CharacterEffect/suppressionLight.lua:24 | jazz:items.lua:70713
890000000000278,"Более современный армейский трассирующий вариант, современный ли? Как бы то ни было им можно выстрелить и даже попасть и помочь попасть другим","Более современный армейский трассирующий патрон. Действительно ли современный? Как бы то ни было, из него можно выстрелить, попасть и помочь попасть остальным.","A more modern military tracer round. Is it truly modern? Either way, you can fire it, hit something, and help everyone else hit it too.",manual-reviewed-google,google-draft,jazz,890000000000278,jazz:InventoryItem/JAZZ_AMMO_30_Tracer.lua:12 | jazz:items.lua:5744
890000000000280,"Вроде это армейский образец, но это не точно, он на столько стар, что его просто продают ведрами вместе с другими старыми патронами.","Вроде бы армейский образец, но это не точно. Он настолько стар, что его продают вёдрами вперемешку с другими древними патронами.","Supposedly a military load, though no one is quite sure. It is so old that dealers sell it by the bucket with other ancient ammunition.",manual-reviewed-google,google-draft,jazz,890000000000280,jazz:InventoryItem/JAZZ_AMMO_30_FMJ.lua:12 | jazz:items.lua:5716
890000000000284,"Стандартный патрон для дамских сверчков, мелкий револьверный патрон, нельзя носить россыпью, можно просто не нащупать в кармане.","Стандартный патрон для дамских «сверчков». Настолько мелкий, что россыпью лучше не носить: в кармане не нащупаете.",The standard round for a lady's little “cricket.” So tiny that carrying it loose is a bad idea—you may never find it in your pocket.,manual-reviewed-google,google-draft,jazz,890000000000284,jazz:InventoryItem/JAZZ_AMMO_38special_FMJ.lua:12 | jazz:items.lua:5310
890000000000285,"Стандартный патрон для дамских сверчков, но экспансивный, можно вытащить револьвер из носка и размозжить кому-то голову в упор.","Стандартный патрон для дамских «сверчков», только экспансивный. Можно вытащить револьвер из носка и с близкого расстояния размозжить кому-нибудь голову.","The standard round for a lady's little “cricket,” now in hollow point. Pull the revolver from your sock and crack someone's skull at point-blank range.",manual-reviewed-google,google-draft,jazz,890000000000285,jazz:InventoryItem/JAZZ_AMMO_38special_JHP.lua:12 | jazz:items.lua:5341
890000000000310,"Гражданский коммерческий патрон, из-за веса и калибра пуля всё равно имеет, хоть и посредственные, но какие никакие бронебойные качества.","Гражданский коммерческий патрон. Благодаря массе и калибру пуля всё же обладает кое-какими, пусть и посредственными, бронебойными свойствами.","A commercial civilian round. Its weight and caliber still give the bullet some armor-piercing ability, mediocre though it may be.",manual-reviewed-google,google-draft,jazz,890000000000310,jazz:InventoryItem/JAZZ_AMMO_762x39_FMJ.lua:12 | jazz:items.lua:6828
890000000000330,"Легкий патрон для пулеметов, где важна не меткость и характеристики, а плотность огня и количество патронов, массовые, дешевые, не выдающиеся боеприпасы.","Лёгкий пулемётный патрон для тех случаев, когда важны не точность и характеристики, а плотность огня и количество боеприпасов. Массовый, дешёвый, ничем не выдающийся.","A lightweight machine-gun round for situations where volume of fire and ammunition count matter more than accuracy or performance. Mass-produced, cheap, and thoroughly unremarkable.",manual-reviewed-google,google-draft,jazz,890000000000330,jazz:InventoryItem/JAZZ_AMMO_762x54_FMJ.lua:12 | jazz:items.lua:7189
890000000000347,"5,56 мм, M855 Армейский","5,56 мм, M855 (армейский)","5.56 mm, M855 Military",manual-reviewed-google,google-draft,jazz,890000000000347 | 890000000001314,jazz:InventoryItem/JAZZ_AMMO_556_Army.lua:9 | jazz:items.lua:6181 | jazz:InventoryItem/JAZZ_AMMO_556_Army.lua:10 | jazz:items.lua:6182
890000000000348,"5,56 мм, M855A1 Повышенной Пробиваемости","5,56 мм, M855A1 повышенной пробиваемости","5.56 mm, M855A1 Enhanced Penetration",manual-reviewed-google,google-draft,jazz,890000000000348 | 890000000001315,jazz:InventoryItem/JAZZ_AMMO_556_EPR.lua:9 | jazz:items.lua:6239 | jazz:InventoryItem/JAZZ_AMMO_556_EPR.lua:10 | jazz:items.lua:6240
890000000000349,"5,56 мм, M995 Бронебойный","5,56 мм, M995 (бронебойный)","5.56 mm, M995 AP",manual-reviewed-google,google-draft,jazz,890000000000349 | 890000000001316,jazz:InventoryItem/JAZZ_AMMO_556_AP.lua:9 | jazz:items.lua:6296 | jazz:InventoryItem/JAZZ_AMMO_556_AP.lua:10 | jazz:items.lua:6297
890000000000361,"7,62х39мм, БЗ","7,62×39 мм, БЗ","7.62x39 mm, BZ (AP-I)",manual-reviewed-google,google-draft,jazz,890000000000361 | 890000000001045,jazz:InventoryItem/JAZZ_AMMO_762x39_APP.lua:10 | jazz:items.lua:7018 | jazz:InventoryItem/JAZZ_AMMO_762x39_APP.lua:11 | jazz:items.lua:7019
890000000000364,792x33мм Pist. Patr. 43 Ball,"7,92×33 мм, Pist. Patr. 43 Ball","7.92x33 mm, Pist. Patr. 43 Ball",manual-reviewed-google,google-draft,jazz,890000000000364 | 890000000001048,jazz:InventoryItem/JAZZ_AMMO_792x33_FMJ.lua:10 | jazz:items.lua:5845 | jazz:InventoryItem/JAZZ_AMMO_792x33_FMJ.lua:11 | jazz:items.lua:5846
890000000000380,"Что-то среднее, между СП-5 и СП-6 собранное на коленке, как водится тут есть все минусы собранных на коленке патронов, возможно он даже не дозвуковой, проверяйте сами.","Что-то среднее между СП-5 и СП-6, собранное на коленке. Все обычные минусы кустарных патронов прилагаются; возможно, он даже не дозвуковой. Проверяйте сами.","An improvised cross between the SP-5 and SP-6, complete with every drawback of handloaded ammunition. It may not even be subsonic. Find out for yourself.",manual-reviewed-google,google-draft,jazz,890000000000380,jazz:InventoryItem/JAZZ_AMMO_9x39_Crafted.lua:13 | jazz:items.lua:8216
890000000000381,"Специальный бронебойный дозвуковой патрон, убойность, как водится, на высоте, сможете всех мочить в сортире без шума и лишнего внимания.",Специальный бронебойный дозвуковой патрон с отличной убойностью. Можно мочить всех в сортире без шума и лишнего внимания.,A special armor-piercing subsonic round with lethal performance to match. Now you can waste them in the outhouse without noise or unwanted attention.,manual-reviewed-google,google-draft,jazz,890000000000381,jazz:InventoryItem/JAZZ_AMMO_9x39_AP.lua:13 | jazz:items.lua:8170
890000000000399,Влияние кучности оружия,Влияние кучности оружия,Weapon Accuracy Effect,manual-reviewed-google,google-draft,jazz,890000000000399,jazz:items.lua:75026
890000000000466,"5,45 мм, Барнаул SP Substandard","5,45 мм, Барнаул SP (некондиционный)","5.45 mm, Barnaul SP (Substandard)",manual-reviewed-google,google-draft,jazz,890000000000466 | 890000000001222,jazz:InventoryItem/JAZZ_AMMO_545_Poor.lua:9 | jazz:items.lua:6412 | jazz:InventoryItem/JAZZ_AMMO_545_Poor.lua:10 | jazz:items.lua:6413
890000000000469,"7,62х39мм, Norinco Lot 66-3 CN Substandard","7,62×39 мм, Norinco Lot 66-3 CN (некондиционный)","7.62x39 mm, Norinco Lot 66-3 CN (Substandard)",manual-reviewed-google,google-draft,jazz,890000000000469 | 890000000000743,jazz:InventoryItem/JAZZ_AMMO_762x39_Poor.lua:9 | jazz:items.lua:6721 | jazz:InventoryItem/JAZZ_AMMO_762x39_Poor.lua:10 | jazz:items.lua:6722
890000000000553,ДП-27,ДП-27,DP-27,manual-reviewed-google,google-draft,jazz,890000000000553 | 890000000001345,jazz:InventoryItem/DP27.lua:14 | jazz:items.lua:28709 | jazz:InventoryItem/DP27.lua:13 | jazz:items.lua:28708
890000000000566,Огонь на подавление,Огонь на подавление,Suppressive Fire,manual-reviewed-google,google-draft,jazz,890000000000566 | 890000000000909,jazz:items.lua:67904 | jazz:items.lua:67903
890000000000567,Зажимай,Зажимай,Let It Rip,manual-reviewed-google,google-draft,jazz,890000000000567 | 890000000000910,jazz:items.lua:66988 | jazz:items.lua:66987
890000000000569,В Яблочко,В яблочко,Bullseye,manual-reviewed-google,google-draft,jazz,890000000000569 | 890000000000912,jazz:items.lua:66592 | jazz:items.lua:66591
890000000000573,"Базовый армейский патрон 4.6мм, для МП-7. Ни убавить ни прибавить, сочетает в себе легкий вес пули, дешевизну и наличие бронебойных свойств из-за своих размеров.","Базовый армейский патрон 4,6 мм для MP7. Ни убавить ни прибавить: лёгкая и дешёвая пуля, которая благодаря своим размерам ещё и умеет пробивать броню.","The basic 4.6 mm military round for the MP7. No more and no less: a light, inexpensive bullet whose small dimensions also give it armor-piercing ability.",manual-reviewed-google,google-draft,jazz,890000000000573,jazz:InventoryItem/JAZZ_AMMO_46_FMJ.lua:12 | jazz:items.lua:4982
890000000000574,"Бронебойный патрон для МП-7, Редкий боеприпас, вы либо мажор, либо счастливчик. Считайте, что стреляете золотыми слитками.","Бронебойный патрон для MP7. Редкая штука: вы либо мажор, либо счастливчик. Считайте, что стреляете золотыми слитками.",An armor-piercing round for the MP7. Rare ammunition: you are either rich or lucky. Think of it as firing gold bars.,manual-reviewed-google,google-draft,jazz,890000000000574,jazz:InventoryItem/JAZZ_AMMO_46_AP.lua:12 | jazz:items.lua:5014
890000000000623,"Это самое отвратительное что вы можете вставить в своё оружие, если ты этим пользовался, я не хочу иметь с тобой дел.","Худшее, что можно вставить в своё оружие. Если вы этим пользовались, я не хочу иметь с вами ничего общего.","The worst thing you can put in a weapon. If you have used this stuff, I want nothing to do with you.",manual-reviewed-google,google-draft,jazz,890000000000623,jazz:InventoryItem/JAZZ_AMMO_762x25_Poor.lua:12 | jazz:items.lua:5116
890000000000641,"9x39 мм, Кустарный","9x39 мм, Кустарный","9x39 mm, Improvised",manual-reviewed-google,google-draft,jazz,890000000000641 | 890000000000961,jazz:InventoryItem/JAZZ_AMMO_9x39_Crafted.lua:10 | jazz:items.lua:8213 | jazz:InventoryItem/JAZZ_AMMO_9x39_Crafted.lua:11 | jazz:items.lua:8214
890000000000642,"9x39 мм, СП-6 (бронебойный)","9x39 мм, СП-6 (бронебойный)","9x39 mm, SP-6 (Armor-Piercing)",manual-reviewed-google,google-draft,jazz,890000000000642 | 890000000000962,jazz:InventoryItem/JAZZ_AMMO_9x39_AP.lua:10 | jazz:items.lua:8167 | jazz:InventoryItem/JAZZ_AMMO_9x39_AP.lua:11 | jazz:items.lua:8168
890000000000656,"Базовый армейский патрон, по свойствам идеально сбалансирован на все случаи жизни. Это ширпотреб, в хорошем смысле этого слова. Берите не глядя, стреляйте не думая.","Базовый армейский патрон, идеально сбалансированный на все случаи жизни. Ширпотреб в хорошем смысле слова. Берите не глядя, стреляйте не думая.","A basic military round, perfectly balanced for every occasion. Mass-market ammunition in the best sense. Grab it without looking and fire without thinking.",manual-reviewed-google,google-draft,jazz,890000000000656,jazz:InventoryItem/JAZZ_AMMO_762x39_Army.lua:13 | jazz:items.lua:6983
890000000000657,"Бронебойный вариант армейского патрона 7.92х33 FMJ, на сколько это вообще возможно, все кто может подтвердить умерли от старости.","Бронебойная версия армейского патрона 7,92×33 мм FMJ — насколько это вообще возможно. Все, кто мог бы подтвердить, уже умерли от старости.",An armor-piercing version of the 7.92x33 mm FMJ military round—or as close as it can get. Everyone who could confirm that has already died of old age.,manual-reviewed-google,google-draft,jazz,890000000000657,jazz:InventoryItem/JAZZ_AMMO_792x33_AP.lua:13 | jazz:items.lua:5935
890000000000658,"Версия патрона с трассером, иными словами прокладывающий путь к душам и сердцам по ту сторону ствола, патрон старый, но светит всё также.... кажется.","Трассирующая версия патрона, прокладывающая путь к душам и сердцам по ту сторону ствола. Патрон старый, но светит по-прежнему... кажется.","A tracer round, lighting the way to hearts and souls on the far side of the barrel. It is old, but still burns as brightly as ever... probably.",manual-reviewed-google,google-draft,jazz,890000000000658,jazz:InventoryItem/JAZZ_AMMO_792x33_Tracer.lua:13 | jazz:items.lua:5882
890000000000659,"Коммерческий патрон, в отличии от FMJ раскрывается в цели, т.е. Экспансивный, хороший убой за низкую цену.","Коммерческий патрон, который, в отличие от FMJ, раскрывается в цели. Иными словами, экспансивный: хорошая убойность за небольшие деньги.",A commercial hollow-point round that expands inside the target instead of behaving like FMJ. Good stopping power at a low price.,manual-reviewed-google,google-draft,jazz,890000000000659,jazz:InventoryItem/JAZZ_AMMO_762x39_JHP.lua:13 | jazz:items.lua:6866
890000000000662,"7.62x25, ПСТ (ББ)","7.62x25, ПСТ (ББ)","7.62x25 mm, PST (AP)",manual-reviewed-google,google-draft,jazz,890000000000662 | 890000000001214,jazz:InventoryItem/JAZZ_AMMO_762x25_AP.lua:9 | jazz:items.lua:5191 | jazz:InventoryItem/JAZZ_AMMO_762x25_AP.lua:10 | jazz:items.lua:5192
890000000000670,"Классическая винтовка прямиком из фильмов про ковбоев и индейцев. Подствольный трубчатый магазин вмещает больше патронов, чем в обычной винтовке с продольно-скользящим затвором. Как она очутилась в здешних краях - тайна, покрытая мраком.","Классическая винтовка прямиком из фильмов про ковбоев и индейцев. Подствольный трубчатый магазин вмещает больше патронов, чем обычная винтовка с продольно-скользящим затвором. Как она очутилась в этих краях — тайна, покрытая мраком.",A classic rifle straight out of a cowboys-and-Indians movie. Its under-barrel tube holds more ammunition than a conventional bolt-action rifle. How it reached these parts is a mystery.,manual-reviewed-google,google-draft,jazz,890000000000670,jazz:InventoryItem/Winchester1894.lua:16 | jazz:items.lua:21738
890000000000687,"7,62x54R мм 188-57 CN Type 53 Substandard","7,62x54R мм 188-57 CN Type 53 Substandard",7.62x54R mm 188-57 CN Type 53 Substandard,manual-reviewed-google,google-draft,jazz,890000000000687 | 890000000000895,jazz:InventoryItem/JAZZ_AMMO_762x54_Poor.lua:10 | jazz:items.lua:7135 | jazz:InventoryItem/JAZZ_AMMO_762x54_Poor.lua:9 | jazz:items.lua:7134
890000000000688,"7,62x54R мм ЛПС (FMJ)","7,62x54R мм ЛПС (FMJ)",7.62x54R mm LPS (FMJ),manual-reviewed-google,google-draft,jazz,890000000000688 | 890000000000896,jazz:InventoryItem/JAZZ_AMMO_762x54_FMJ.lua:10 | jazz:items.lua:7187 | jazz:InventoryItem/JAZZ_AMMO_762x54_FMJ.lua:9 | jazz:items.lua:7186
890000000000692,<image UI/Conversation/T_Dialogue_IconBackgroundCircle.tga 400 130 128 120> Средняя по всем показателям винтовка,<image UI/Conversation/T_Dialogue_IconBackgroundCircle.tga 400 130 128 120> Крепкий середняк по всем показателям,<image UI/Conversation/T_Dialogue_IconBackgroundCircle.tga 400 130 128 120> A solidly average rifle in every respect,manual-reviewed-google,google-draft,jazz,890000000000692,jazz:InventoryItem/MAS49.lua:16 | jazz:items.lua:25098
890000000000765,"Джон Мозес Браунинг конечно гений, и все такой, но вот с разработкой BAR он явно опоздал. Концепция ""ружья-пулемета"", как в автомате Федорова или пулемете Гочкисса к началу 30-х годов уже безнадежно устарела, и потому BAR выглядит как неуклюжий косплей ручного пулемета, будучи слишком тяжелым для автоматической винтовки. Говорят, с тех пор американцы делать пулеметы так и не научились.","Джон Мозес Браунинг, конечно, гений и всё такое, но с BAR он явно опоздал. Концепция «ружья-пулемёта», как у автомата Фёдорова или пулемёта Hotchkiss, к началу 1930-х уже безнадёжно устарела. Поэтому BAR слишком тяжёл для автоматической винтовки и выглядит неуклюжим косплеем ручного пулемёта. Говорят, с тех пор американцы делать пулемёты так и не научились.","John Moses Browning was a genius and all that, but the BAR arrived late. By the early 1930s, the automatic-rifle concept seen in the Fedorov and Hotchkiss was already hopelessly dated. The BAR is too heavy for an automatic rifle and looks like an awkward imitation of a light machine gun. Some say Americans never learned to make machine guns after that.",manual-reviewed-google,google-draft,jazz,890000000000765,jazz:InventoryItem/BAR.lua:15 | jazz:items.lua:27867
890000000000792,Маневр с Дробовиком,Манёвр с дробовиком,Shotgun Maneuver,manual-reviewed-google,google-draft,jazz,890000000000792,jazz:items.lua:67798
890000000000804,Полевая хирургия,Полевая хирургия,Field Surgery,manual-reviewed-google,google-draft,jazz,890000000000804,jazz:CharacterEffect/Jazz_Perk_Spider.lua:9 | jazz:items.lua:71754
890000000000805,Свинцовый дождь,Свинцовый дождь,Hail of Lead,manual-reviewed-google,google-draft,jazz,890000000000805,jazz:CharacterEffect/Jazz_Perk_Buzz.lua:9 | jazz:items.lua:71708
890000000000825,"БЗТ патрон, что ещё тут надо добавлять? Он прекрасен, хоть и стар. Превратите войну в искусство.","БЗТ-патрон — что тут ещё добавить? Прекрасен, хоть и стар. Превратите войну в искусство.","An AP-incendiary-tracer round—what else is there to add? Old, but beautiful. Turn war into art.",manual-reviewed-google,google-draft,jazz,890000000000825,jazz:InventoryItem/JAZZ_AMMO_792_APIT.lua:12 | jazz:items.lua:8058
890000000000826,"Бронебойная версия армейского патрона, не понятно что потребовало его изобрести, но вероятно вы рады, что у вас есть такая опция.","Бронебойная версия армейского патрона. Непонятно, зачем понадобилось её изобретать, но вы наверняка рады, что такой вариант есть.","An armor-piercing version of the military round. It is unclear what prompted its invention, but you are probably glad to have the option.",manual-reviewed-google,google-draft,jazz,890000000000826,jazz:InventoryItem/JAZZ_AMMO_792_AP.lua:12 | jazz:items.lua:8005
890000000000920,Патрон 30-06 M25 Match,Патроны .30-06 M25 Match,.30-06 M25 Match Rounds,manual-reviewed-google,google-draft,jazz,890000000000920,jazz:InventoryItem/JAZZ_AMMO_3006_Match.lua:10 | jazz:items.lua:7917
890000000000936,Мини-14,Мини-14,Mini-14,manual-reviewed-google,google-draft,jazz,890000000000936 | 890000000000977,jazz:InventoryItem/Mini14.lua:14 | jazz:items.lua:22006 | jazz:InventoryItem/Mini14.lua:13 | jazz:items.lua:22005
890000000000966,Патроны 30-06,Патроны .30-06,.30-06 Rounds,manual-reviewed-google,google-draft,jazz,890000000000966,jazz:InventoryItem/JAZZ_AMMO_3006_FMJ.lua:11 | jazz:items.lua:7836
890000000000990,Заводская рукоять Sig,Заводская рукоятка SIG,Factory SIG Grip,manual-reviewed-google,google-draft,jazz,890000000000990|273154591605,jazz:items.lua:37208
890000000000991,Стандартная рукоять,Стандартная рукоятка,Standard Grip,manual-reviewed-google,google-draft,jazz,890000000000991,jazz:items.lua:37272
890000000001003,"Серьезный бронебойный армейский боеприпас, крайне эффективен против брони любого класса защиты, скажи нет Джагернаутам!!! Дико дорого, но прекрасно.","Серьёзный армейский бронебойный боеприпас, крайне эффективный против брони любого класса. Скажи джаггернаутам «нет»!!! Дико дорого, но прекрасно.","Serious military armor-piercing ammunition, highly effective against every armor class. Say no to juggernauts!!! Wildly expensive, but magnificent.",manual-reviewed-google,google-draft,jazz,890000000001003,jazz:InventoryItem/JAZZ_AMMO_556_AP.lua:12 | jazz:items.lua:6299
890000000001038,"5,56 мм, Кустарный","5,56 мм, Кустарный","5.56 mm, Improvised",manual-reviewed-google,google-draft,jazz,890000000001038,jazz:InventoryItem/JAZZ_AMMO_556_Crafted.lua:10 | jazz:items.lua:6046
890000000001054,"Можно сказать что это коммерческий патрон калибра 5.56, на деле же это не выдающийся охотничий .223, нет даже уверенности, что в нем хватит мощности для автоматической стрельбы.","Можно назвать это коммерческим патроном 5,56 мм, но на деле перед нами ничем не выдающийся охотничий .223. Нет даже уверенности, что его мощности хватит для автоматического огня.","You could call it a commercial 5.56 mm round, but really it is an unremarkable hunting .223. It may not even have enough power to cycle automatic fire reliably.",manual-reviewed-google,google-draft,jazz,890000000001054,jazz:InventoryItem/JAZZ_AMMO_556_Poor.lua:12 | jazz:items.lua:5995
890000000001055,"Что будет, если на коленке собрать современный патрон, наплевав на всякие допуски? Правильно, он заклинит, отымеет ваше оружие и поможет отыметь вас, но у него хотя бы пуля не из бумаги...","Что будет, если собрать современный патрон на коленке, наплевав на все допуски? Правильно: он заклинит, отымеет ваше оружие и поможет отыметь вас. Но хотя бы пуля не из бумаги...","What happens when you handload modern ammunition and ignore every tolerance? Easy: it jams, screws your weapon, and helps the enemy screw you. At least the bullet isn't made of paper...",manual-reviewed-google,google-draft,jazz,890000000001055,jazz:InventoryItem/JAZZ_AMMO_556_Crafted.lua:12 | jazz:items.lua:6048
890000000001056,"Старый базовый патрон, повода для слез нет, как и выдающихся характеристик. Серая мышь в мире промежуточных патронов.","Старый базовый патрон: ни повода для слёз, ни выдающихся характеристик. Серая мышь среди промежуточных патронов.","An old basic round: nothing to cry over, and no standout qualities either. The gray mouse of intermediate cartridges.",manual-reviewed-google,google-draft,jazz,890000000001056,jazz:InventoryItem/JAZZ_AMMO_556_FMJ.lua:12 | jazz:items.lua:6099
890000000001089,Пистолеты ПБ,Пистолеты ПБ,PB Pistols,manual-reviewed-google,google-draft,jazz,890000000001089,jazz:InventoryItem/PB.lua:13 | jazz:items.lua:17276
890000000001165,"А теперь ты сморщиваешься и твои маленькие яйчишки сморщиваются вместе с тобой. Потому что на боку твоего пистолета написано муляж"". А на боку моего пистолета написано Desert Eagle калибра .50"".","А теперь ты съёживаешься, и твои маленькие яички съёживаются вместе с тобой. Потому что на боку твоего пистолета написано «муляж», а на моём — Desert Eagle калибра .50.","Now you're shrinking, and your little balls are shrinking with you. Your gun says “replica” on the side. Mine says “Desert Eagle, .50.”",manual-reviewed-google,google-draft,jazz,890000000001165,jazz:InventoryItem/DesertEagle.lua:15 | jazz:items.lua:17847
890000000001208,"Поздравляем, вы собрали на коленке довольно эффективный боеприпас, вас порадует его бюджетность относительно эффективности ровно до того момента, когда он убьет вас, а не цель.","Поздравляем: вы собрали на коленке довольно эффективный боеприпас. Соотношение цены и результата будет радовать ровно до того момента, когда патрон убьёт вас, а не цель.",Congratulations: you have improvised a surprisingly effective round. Its value for money will delight you right until it kills you instead of the target.,manual-reviewed-google,google-draft,jazz,890000000001208,jazz:InventoryItem/JAZZ_AMMO_762x51_Crafted.lua:12 | jazz:items.lua:7501
890000000001210,"Какой-то не выдающийся патрон, просто работает, кого-то убивает, зачем-то существует. Скучно, без изюминки.","Ничем не выдающийся патрон. Просто работает, кого-то убивает, зачем-то существует. Скучно, без изюминки.","An utterly unremarkable round. It works, kills someone, and exists for some reason. Boring. No spark.",manual-reviewed-google,google-draft,jazz,890000000001210,jazz:InventoryItem/JAZZ_AMMO_762x51_FMJ.lua:12 | jazz:items.lua:7467
890000000001224,"Один из самых распространенных боевых револьверов в мире. За все время компания S&W выпустила револверы Military and Police объемом более 6 миллионов штук. Начинал служить еще в Первую Мировую, продолжает выпускаться до сих пор. ",Один из самых распространённых боевых револьверов в мире. S&W выпустила более шести миллионов Military & Police. Он начал службу ещё в Первую мировую и производится до сих пор.,One of the world's most common service revolvers. Smith & Wesson has produced more than six million Military & Police revolvers. It entered service in World War I and remains in production today.,manual-reviewed-google,google-draft,jazz,890000000001224,jazz:InventoryItem/SWModel10.lua:15 | jazz:items.lua:19085
890000000001225,"Основной револьвер британских вооруженных сил в период ПМВ и даже ВМВ. Имеет компоновку с ""переламывающейся"" рамкой, что конечно позволяет быстро и эффектно перезаряжаться, но снижает прочность конструкции. Так, что даже .38 й патрон для Вебли - крепковат.","Основной револьвер британских вооружённых сил в Первую и даже Вторую мировую. Переломная рамка позволяет перезаряжаться быстро и эффектно, но ослабляет конструкцию — настолько, что даже патрон .38 для Webley оказался крепковат.","The standard British service revolver of World War I and even World War II. Its top-break frame allows fast, stylish reloads but weakens the design—so much that even Webley's .38 round is a little stout for it.",manual-reviewed-google,google-draft,jazz,890000000001225,jazz:InventoryItem/Webley.lua:14 | jazz:items.lua:19418
890000000001226,"Если вы закажете револьвер у компании Korth, то через 4-5 месяцев всего за 4000 долларов вы получите один из самых точных и надежных шестизарядников, которые только есть на планете Земля. Или можно за те же деньги купить десяток автоматов Калашникова, но это уж кто на что учился.","Закажите револьвер Korth, подождите четыре-пять месяцев и всего за 4000 долларов получите один из самых точных и надёжных шестизарядников на планете. Или за те же деньги купите десяток автоматов Калашникова — тут уж кто на что учился.","Order a revolver from Korth, wait four or five months, and for only $4,000 you will receive one of the most accurate and reliable six-shooters on Earth. Or buy a dozen Kalashnikovs for the same money. Different strokes.",manual-reviewed-google,google-draft,jazz,890000000001226,jazz:InventoryItem/Korth.lua:14 | jazz:items.lua:19769
890000000001227,"Мощный револьвер Смита и Вессона под патрон .44 Magnum. Как и другие подобные револьверы повышенной мощности прежде всего применяется для охоты или спортивной стрельбы, но... как же приятно засадить Легу в жбан из сорок четвертого.","Мощный револьвер Smith & Wesson под патрон .44 Magnum. Как и другие револьверы повышенной мощности, прежде всего предназначен для охоты и спортивной стрельбы. Но... как же приятно засадить легионеру из сорок четвёртого прямо в жбан.","A powerful Smith & Wesson revolver chambered in .44 Magnum. Like other high-powered revolvers, it is meant chiefly for hunting and sport shooting. But... there is nothing quite like planting a .44 in a Legionnaire's skull.",manual-reviewed-google,google-draft,jazz,890000000001227,jazz:InventoryItem/SWModel29.lua:15 | jazz:items.lua:19552
890000000001232,"""Мобилизационный"" револьвер, призванный восполнить нахватку личного короткоствольного оружия (пистолетов 1911) в армии США в ПМВ, и даже, как ни странно, в ВМВ. По сути, обычный серийный кольтовский гражданский револьвер, но с расточенной под пистолетный патрон .45 ACP каморой барабана. Чтоб оно вообще там держалось и работало, пришлось заимстовать у S&W их ""мунклипы"" - полуобоймы, соединяющие несколько патронов в одну конструкцию.","«Мобилизационный» револьвер, созданный, чтобы восполнить нехватку личного короткоствольного оружия — пистолетов 1911 — в армии США в Первую и, как ни странно, даже Вторую мировую. По сути это серийный гражданский Colt с каморами барабана, расточенными под пистолетный патрон .45 ACP. Чтобы патроны держались и работали, у S&W позаимствовали moon clips — обоймы, соединяющие несколько патронов.","A “mobilization” revolver intended to make up for shortages of 1911 pistols in the US Army during World War I and, oddly enough, World War II. It is essentially a production Colt civilian revolver with its cylinder bored for the .45 ACP pistol round. To hold and extract those rimless cartridges, it borrowed Smith & Wesson's moon clips.",manual-reviewed-google,google-draft,jazz,890000000001232,jazz:InventoryItem/ColtM1917.lua:14 | jazz:items.lua:19287
890000000001234,Передвижение в 2 раза дороже. Точность стрельбы сильно снижена.,Передвижение стоит вдвое больше ОД. Точность стрельбы сильно снижена.,Movement costs twice as much AP. Shooting accuracy is greatly reduced.,manual-reviewed-google,google-draft,jazz,890000000001234,jazz:CharacterEffect/suppressionHeavy2.lua:30 | jazz:items.lua:70854
890000000001236,Шанс попасть во врага немного снижен,Шанс попасть по врагу немного снижен,Hit chance is slightly reduced,manual-reviewed-google,google-draft,jazz,890000000001236,jazz:CharacterEffect/suppressionLight.lua:23 | jazz:items.lua:70712
890000000001295,"Обычный натовский палтишок, убивает гарантированно, но не всё, если не убивает, то делает очень больно.","Обычный натовский «полтинник»: если не убьёт наверняка, то хотя бы сделает очень больно.",A standard NATO fifty-cal. It will kill most things outright; what survives will wish it hadn't.,manual-reviewed-google,google-draft,jazz,890000000001295,jazz:InventoryItem/JAZZ_AMMO_50BMG_Basic.lua:12 | jazz:items.lua:8539
890000000001296,"Дорогой, даже дороже обычной версии патрона, экспансивный и бесполезный. Но крутость данного патрона не оспорима.",Дорогой — даже дороже обычной версии — экспансивный и бесполезный патрон. Зато его крутость неоспорима.,"An expensive hollow-point round—costlier than the standard version and nearly useless. Its cool factor is undeniable, though.",manual-reviewed-google,google-draft,jazz,890000000001296,jazz:InventoryItem/JAZZ_AMMO_50AE_JHP.lua:12 | jazz:items.lua:5659
890000000001353,"Гражданский патрон для спортивной и развлекательной стрельбы, поэтому стреляйте и развлекайтесь, для войны лучше выбрать что-то посерьёзнее.","Гражданский патрон для спортивной и развлекательной стрельбы. Стреляйте, развлекайтесь — но для войны лучше взять что-нибудь посерьёзнее.","A civilian round for sport and recreational shooting. Shoot, have fun—but choose something more serious for a war.",manual-reviewed-google,google-draft,jazz,890000000001353,jazz:InventoryItem/JAZZ_AMMO_545_Poor.lua:12 | jazz:items.lua:6415
890000000001386,Кучность,Кучность,Grouping,manual-reviewed-google,google-draft,jazz,890000000001386,jazz:Code/AmmoRolloverHint.lua:14
890000000001392,Умрёт через <chanceAsText> ход,Умрёт через <chanceAsText> ход,Will die in <chanceAsText> turn,manual-reviewed-google,google-draft,jazz,890000000001392,jazz:Code/CombatBadge_DeathRoll.lua:147
890000000001394,Умрёт через <chanceAsText> хода,Умрёт через <chanceAsText> хода,Will die in <chanceAsText> turns,manual-reviewed-google,google-draft,jazz,890000000001394,jazz:Code/CombatBadge_DeathRoll.lua:149
890000000001399,Бонус пробития,Бонус пробития,Penetration Bonus,manual-reviewed-google,google-draft,jazz,890000000001399,jazz:Code/AmmoRolloverHint.lua:16
890000000001405,дырявое,дырявое,hole-ridden,manual-reviewed-google,google-draft,jazz,890000000001405,jazz:Code/Inventory.lua:95 | jazz:Code/Inventory.lua:158
890000000001407,Шанс Клина (<name>),Шанс клина (<name>),Jam Chance (<name>),manual-reviewed-google,google-draft,jazz,890000000001407,jazz:items.lua:79897
890000000001410,Защита от взрывов,Защита от взрывов,Blast Protection,manual-reviewed-google,google-draft,jazz,890000000001410,jazz:items.lua:79623
890000000001411,Защита от холодного оружия,Защита от холодного оружия,Blade Protection,manual-reviewed-google,google-draft,jazz,890000000001411,jazz:items.lua:79650
890000000001413,Камуфляж,Камуфляж,Camouflage,manual-reviewed-google,google-draft,jazz,890000000001413,jazz:items.lua:79678
890000000001417,Бонус к дневному зрению,Бонус к дневному зрению,Daytime Vision Bonus,manual-reviewed-google,google-draft,jazz,890000000001417,jazz:items.lua:79439
890000000001421,Область защиты,Область защиты,Coverage,manual-reviewed-google,google-draft,jazz,890000000001421,jazz:items.lua:79596
890000000001423,Прочность,Прочность,Durability,manual-reviewed-google,google-draft,jazz,890000000001423,jazz:items.lua:79794
890000000002200,Строгий инструктор,Строгий инструктор,Strict Instructor,manual-translation,needs-english,jazz,890000000002200,jazz:CharacterEffect/Jazz_Perk_Conrad.lua:9 | jazz:items.lua:71936
890000000002300,Быстрая реакция,Быстрая реакция,Quick Reflexes,manual-translation,needs-english,jazz,890000000002300,jazz:CharacterEffect/Jazz_Perk_Mike.lua:9 | jazz:items.lua:71950
890000000002400,Артподготовка,Артподготовка,Preparatory Barrage,manual-translation,needs-english,jazz,890000000002400,jazz:CharacterEffect/Jazz_Perk_Grom.lua:9 | jazz:items.lua:71964
890000000003000,Барахольщица,Барахольщица,Junk Dealer,manual-translation,needs-english,jazz,890000000003000,jazz:CharacterEffect/Jazz_Perk_Flo.lua:9 | jazz:items.lua:72636
890000000003100,Мягкая лапа,Мягкая лапа,Soft Paw,manual-translation,needs-english,jazz,890000000003100,jazz:CharacterEffect/Jazz_Perk_Cougar.lua:9 | jazz:items.lua:72650
890000000003300,Тропы джунглей,Тропы джунглей,Jungle Trails,manual-translation,needs-english,jazz,890000000003300,jazz:CharacterEffect/Jazz_Perk_Gamos.lua:9 | jazz:items.lua:72678
890000000003400,Вилкой в глаз,Вилкой в глаз,A Fork in the Eye,manual-translation,needs-english,jazz,890000000003400,jazz:CharacterEffect/Jazz_Perk_Dynamo.lua:25
890000000003800,Маскировка,Маскировка,Camouflage,manual-translation,needs-english,jazz,890000000003800,jazz:CharacterEffect/Jazz_Perk_Monk.lua:9
890000000004000,Кабинетный генерал,Кабинетный генерал,Armchair General,manual-translation,needs-english,jazz,890000000004000,jazz:CharacterEffect/Jazz_Perk_Henning.lua:25
890000000004300,Грудная клетка,Грудная клетка,Rib Cage,manual-translation,needs-english,jazz,890000000004300,jazz:CharacterEffect/Jazz_Perk_Bull.lua:9
890000000004400,Тихий ремонт,Тихий ремонт,Quiet Repair,manual-translation,needs-english,jazz,890000000004400,jazz:CharacterEffect/Jazz_Perk_Cord.lua:9
890000000012001,Остров Эрни,Остров Эрни,Ernie Island,manual-translation,needs-english,jazz,890000000012001,jazz:items.lua:109268
890000000012003,Великая пустыня,Великая пустыня,Great Desert,manual-translation,needs-english,jazz,890000000012003,jazz:items.lua:109378
890000000012006,Окрестности Флитауна,Окрестности Флитауна,Fleatown Environs,manual-translation,needs-english,jazz,890000000012006,jazz:items.lua:109548
890000000012007,Ла-Барьер,Ла-Барьер,La Barrière,manual-translation,needs-english,jazz,890000000012007,jazz:items.lua:109601
939310080350111,ржавое,ржавое,rusty,manual-reviewed-google,google-draft,jazz,939310080350111,jazz:Code/Inventory.lua:121 | jazz:Code/Inventory.lua:184
5678579714391111,изношенное,изношенное,worn,manual-reviewed-google,google-draft,jazz,5678579714391111,jazz:Code/Inventory.lua:118 | jazz:Code/Inventory.lua:181
