ID,SourceText,Russian,English,Notes,Reasons,Packages,AllIDs,Locations
990002118,Штурмовой прицел (2x),Штурмовой прицел (2x),Assault Scope (2x),manual-reviewed-google,google-draft,jazz,990002118 | 990002119 | 937267241454,jazz:InventoryItem/JAZZ_CombatScope_2x.lua:9 | jazz:items.lua:53490 | jazz:InventoryItem/JAZZ_CombatScope_2x.lua:10 | jazz:items.lua:53491 | jazz:items.lua:41943
990002121,Штурмовой прицел (3x),Штурмовой прицел (3x),Assault Scope (3x),manual-reviewed-google,google-draft,jazz,990002121 | 990002122 | 810656267860,jazz:InventoryItem/JAZZ_CombatScope_3x.lua:9 | jazz:items.lua:53509 | jazz:InventoryItem/JAZZ_CombatScope_3x.lua:10 | jazz:items.lua:53510 | jazz:items.lua:42213
990002127,Штурмовой прицел Fero Z24 (4х),Штурмовой прицел Fero Z24 (4×),Fero Z24 Assault Scope (4x),manual-reviewed-google,google-draft,jazz,990002127 | 990002128 | 570150285061,jazz:InventoryItem/JAZZ_CombatScope_FeroZ24.lua:9 | jazz:items.lua:53547 | jazz:InventoryItem/JAZZ_CombatScope_FeroZ24.lua:10 | jazz:items.lua:53548 | jazz:items.lua:42406
990002166,Прицел G36 1.5x,"Прицел G36 (1,5×)",G36 Scope (1.5x),manual-reviewed-google,google-draft,jazz,990002166 | 990002167 | 458046741551,jazz:InventoryItem/JAZZ_G36Sight.lua:9 | jazz:items.lua:53794 | jazz:InventoryItem/JAZZ_G36Sight.lua:10 | jazz:items.lua:53795 | jazz:items.lua:42797
990002193,Масляной фильтр,Масляной фильтр,Oil filter,manual-reviewed-google,google-draft,jazz,990002193 | 990002194 | 829507516509,jazz:InventoryItem/JAZZ_ImprovisedSuppressor.lua:9 | jazz:items.lua:53965 | jazz:InventoryItem/JAZZ_ImprovisedSuppressor.lua:10 | jazz:items.lua:53966 | jazz:items.lua:39239
990002214,Короб,Патронный короб,Ammo Box,manual-reviewed-google,google-draft,jazz,990002214 | 990002215 | 325946124810,jazz:InventoryItem/JAZZ_MagBelt_40_100.lua:9 | jazz:items.lua:54098 | jazz:InventoryItem/JAZZ_MagBelt_40_100.lua:10 | jazz:items.lua:54099 | jazz:items.lua:53033
990002235,Магазин на 20 патрон,Магазин на 20 патронов,20-Round Magazine,manual-reviewed-google,google-draft,jazz,990002235 | 990002236 | 990002244 | 990002245 | 990002289 | 990002290 | 990002301 | 990002302 | 990002532 | 990002533 | 990002535 | 990002536 | 389079656552 | 816005080243 | 870471539633 | 927657862290,jazz:InventoryItem/JAZZ_MagLarge_10_20.lua:9 | jazz:items.lua:54231 | jazz:InventoryItem/JAZZ_MagLarge_10_20.lua:10 | jazz:items.lua:54232 | jazz:InventoryItem/JAZZ_MagLarge_18_20.lua:9 | jazz:items.lua:54288 | jazz:InventoryItem/JAZZ_MagLarge_18_20.lua:10 | jazz:items.lua:54289 | jazz:InventoryItem/JAZZ_MagNormalG18.lua:9 | jazz:items.lua:54573 | jazz:InventoryItem/JAZZ_MagNormalG18.lua:10 | jazz:items.lua:54574 | jazz:InventoryItem/JAZZ_MagSmall30_20.lua:9 | jazz:items.lua:54649 | jazz:InventoryItem/JAZZ_MagSmall30_20.lua:10 | jazz:items.lua:54650 | jazz:InventoryItem/JAZZ_MagLarge_10_20_SVD.lua:9 | jazz:items.lua:55506 | jazz:InventoryItem/JAZZ_MagLarge_10_20_SVD.lua:10 | jazz:items.lua:55507 | jazz:InventoryItem/JAZZ_MagLarge_10_20_VAL.lua:9 | jazz:items.lua:55526 | jazz:InventoryItem/JAZZ_MagLarge_10_20_VAL.lua:10 | jazz:items.lua:55527 | jazz:items.lua:49659 | jazz:items.lua:49693 | jazz:items.lua:52222 | jazz:items.lua:46757 | jazz:items.lua:52016 | jazz:items.lua:47574
990002253,Магазин на 40 патрон,Магазин на 40 патронов,40-Round Magazine,manual-reviewed-google,google-draft,jazz,990002253 | 990002254 | 990002262 | 990002263 | 431607576909 | 544080364524,jazz:InventoryItem/JAZZ_MagLarge_25_40.lua:9 | jazz:items.lua:54345 | jazz:InventoryItem/JAZZ_MagLarge_25_40.lua:10 | jazz:items.lua:54346 | jazz:InventoryItem/JAZZ_MagLarge_30_40.lua:9 | jazz:items.lua:54402 | jazz:InventoryItem/JAZZ_MagLarge_30_40.lua:10 | jazz:items.lua:54403 | jazz:items.lua:52052 | jazz:items.lua:52343
990002265,Магазин на 42 патрона,Магазин на 42 патрона,42-Round Magazine,manual-reviewed-google,google-draft,jazz,990002265 | 990002266 | 997099133073,jazz:InventoryItem/JAZZ_MagLarge_30_42.lua:9 | jazz:items.lua:54421 | jazz:InventoryItem/JAZZ_MagLarge_30_42.lua:10 | jazz:items.lua:54422 | jazz:items.lua:52186
990002274,Магазин на 10 патрон,Магазин на 10 патронов,10-Round Magazine,manual-reviewed-google,google-draft,jazz,990002274 | 990002275 | 990002277 | 990002278 | 990002283 | 990002284 | 990002295 | 990002296 | 990002619 | 990002620 | 990002622 | 990002623 | 513947495758 | 619101874498 | 853495886060,jazz:InventoryItem/JAZZ_MagLarge_5_10.lua:9 | jazz:items.lua:54478 | jazz:InventoryItem/JAZZ_MagLarge_5_10.lua:10 | jazz:items.lua:54479 | jazz:InventoryItem/JAZZ_MagLarge_7_10.lua:9 | jazz:items.lua:54497 | jazz:InventoryItem/JAZZ_MagLarge_7_10.lua:10 | jazz:items.lua:54498 | jazz:InventoryItem/JAZZ_MagLarge_8_10.lua:9 | jazz:items.lua:54535 | jazz:InventoryItem/JAZZ_MagLarge_8_10.lua:10 | jazz:items.lua:54536 | jazz:InventoryItem/JAZZ_MagSmall20_10.lua:9 | jazz:items.lua:54611 | jazz:InventoryItem/JAZZ_MagSmall20_10.lua:10 | jazz:items.lua:54612 | jazz:InventoryItem/JAZZ_MagSmall20_10_G3.lua:9 | jazz:items.lua:56066 | jazz:InventoryItem/JAZZ_MagSmall20_10_G3.lua:10 | jazz:items.lua:56067 | jazz:InventoryItem/JAZZ_MagSmall20_10_M14.lua:9 | jazz:items.lua:56086 | jazz:InventoryItem/JAZZ_MagSmall20_10_M14.lua:10 | jazz:items.lua:56087 | jazz:items.lua:51944 | jazz:items.lua:51980 | jazz:items.lua:47779 | jazz:items.lua:51024 | jazz:items.lua:51084 | jazz:items.lua:51909
990002310,Ночной прицел НСПУ (3.5х),"Ночной прицел НСПУ (3,5×)",NSPU Night Sight (3.5x),manual-reviewed-google,google-draft,jazz,990002310 | 990002311 | 240766540064,jazz:InventoryItem/JAZZ_NightScope_NSPU.lua:9 | jazz:items.lua:54706 | jazz:InventoryItem/JAZZ_NightScope_NSPU.lua:10 | jazz:items.lua:54707 | jazz:items.lua:44817
990002319,Коллиматор Закрытый,Закрытый коллиматорный прицел,Closed Reflex Sight,manual-reviewed-google,google-draft,jazz,990002319 | 990002320 | 647575301119,jazz:InventoryItem/JAZZ_Reflex_Closed.lua:9 | jazz:items.lua:54763 | jazz:InventoryItem/JAZZ_Reflex_Closed.lua:10 | jazz:items.lua:54764 | jazz:items.lua:40473
990002322,Коллиматор Кобра,Коллиматорный прицел «Кобра»,Kobra Reflex Sight,manual-reviewed-google,google-draft,jazz,990002322 | 990002323 | 419665110457,jazz:InventoryItem/JAZZ_Reflex_Cobra.lua:9 | jazz:items.lua:54782 | jazz:InventoryItem/JAZZ_Reflex_Cobra.lua:10 | jazz:items.lua:54783 | jazz:items.lua:40088
990002331,Коллиматор Aimpoint M68,Коллиматорный прицел Aimpoint M68,Aimpoint M68 Reflex Sight,manual-reviewed-google,google-draft,jazz,990002331 | 990002332 | 293376782893,jazz:InventoryItem/JAZZ_Reflex_M68.lua:9 | jazz:items.lua:54839 | jazz:InventoryItem/JAZZ_Reflex_M68.lua:10 | jazz:items.lua:54840 | jazz:items.lua:40889
990002346,Оптический Прицел Redfield (3-9x),Оптический прицел Redfield (3–9×),Redfield Scope (3–9x),manual-reviewed-google,google-draft,jazz,990002346 | 990002347 | 453378188799,jazz:InventoryItem/JAZZ_Scope_3x_9x.lua:9 | jazz:items.lua:54934 | jazz:InventoryItem/JAZZ_Scope_3x_9x.lua:10 | jazz:items.lua:54935 | jazz:items.lua:43916
990002352,Оптический Прицел 8x,Оптический прицел (8×),8x Scope,manual-reviewed-google,google-draft,jazz,990002352 | 990002353 | 362839937832,jazz:InventoryItem/JAZZ_Scope_8x_SCROME.lua:9 | jazz:items.lua:54972 | jazz:InventoryItem/JAZZ_Scope_8x_SCROME.lua:10 | jazz:items.lua:54973 | jazz:items.lua:43473
990002364,Оптический Прицел ПСО (4x),Оптический прицел ПСО (4×),PSO Scope (4x),manual-reviewed-google,google-draft,jazz,990002364 | 990002365 | 265393728199,jazz:InventoryItem/JAZZ_Scope_PSO.lua:9 | jazz:items.lua:55048 | jazz:InventoryItem/JAZZ_Scope_PSO.lua:10 | jazz:items.lua:55049 | jazz:items.lua:42915
990002367,Оптический Прицел ПУ (3.5x),"Оптический прицел ПУ (3,5×)",PU Scope (3.5x),manual-reviewed-google,google-draft,jazz,990002367 | 990002368 | 237637252887,jazz:InventoryItem/JAZZ_Scope_PU.lua:9 | jazz:items.lua:55067 | jazz:InventoryItem/JAZZ_Scope_PU.lua:10 | jazz:items.lua:55068 | jazz:items.lua:44240
990002373,Оптический Прицел (2.75x),"Оптический прицел (2,75×)",2.75x Scope,manual-reviewed-google,google-draft,jazz,990002373 | 990002374 | 912711132128,jazz:InventoryItem/JAZZ_Scope_Springfield.lua:9 | jazz:items.lua:55105 | jazz:InventoryItem/JAZZ_Scope_Springfield.lua:10 | jazz:items.lua:55106 | jazz:items.lua:44158
100815129525,Мотоциклетная защита,Мотоциклетная защита,Motorcycle Armor,manual-reviewed-google,google-draft,jazz,100815129525 | 795145634495,jazz:InventoryItem/JazzArmor_MotoKneePads.lua:13 | jazz:items.lua:61155 | jazz:InventoryItem/JazzArmor_MotoKneePads.lua:12 | jazz:items.lua:61154
102100347129,Имущество отряда,Имущество отряда,Squad Supplies,manual-reviewed-google,google-draft,jazz,102100347129 | 379027931612 | 412195913541 | 514182313918 | 781210276275,jazz:items.lua:96359 | jazz:items.lua:90109 | jazz:items.lua:87206 | jazz:items.lua:93078 | jazz:items.lua:102439
109216922119,"Хозяйственный инструмент для прокладывания дороги через джунги, рубки тростника или бананов. Или людей.","Хозяйственный инструмент для прокладки дороги через джунгли, рубки тростника или бананов. Или людей.",A utility blade for clearing jungle paths and cutting cane or bananas. Or people.,manual-reviewed-google,google-draft,jazz,109216922119 | 530829517031 | 559511805609 | 918310176002,jazz:InventoryItem/Bayonet.lua:13 | jazz:items.lua:56225 | jazz:InventoryItem/Machete.lua:13 | jazz:items.lua:56193 | jazz:InventoryItem/Machete_Sharpened.lua:14 | jazz:items.lua:56293 | jazz:InventoryItem/Machete_Balanced.lua:14 | jazz:items.lua:56257
109657201401,"СВД в компоновке буллпап. Из-за чего, а также из-за укороченного ствола, короче старшей сестры на 25 см, что повышает ее эффективность в маневренном городском бою. Однако, из-за компоновки буллпап спуск на длинной тяге вынесен вперед, что для снайперской винтовки неблагоприятно. Стрелок не чувствует момент ""срыва курка"".","Буллпап-версия СВД с укороченным стволом. Она на 25 см короче старшей сестры и удобнее в манёвренном городском бою. Но длинная тяга спуска, неизбежная при такой компоновке, мешает снайперу чувствовать момент срыва курка.",A bullpup SVD with a shortened barrel. It is 25 cm shorter than its older sister and handier in close urban fighting. The tradeoff is a long trigger linkage that makes the break harder for a sniper to feel.,manual-reviewed-google,google-draft,jazz,109657201401,jazz:InventoryItem/SVU.lua:15 | jazz:items.lua:27306
109738952074,АН-94,АН-94,AN-94,manual-reviewed-google,google-draft,jazz,109738952074 | 984198719423,jazz:InventoryItem/AN94.lua:14 | jazz:items.lua:24828 | jazz:InventoryItem/AN94.lua:13 | jazz:items.lua:24827
110534409348,"7,62х39мм, FMJ","7,62×39 мм, FMJ","7.62x39 mm, FMJ",manual-reviewed-google,google-draft,jazz,110534409348 | 312235744948,jazz:InventoryItem/_762WP_HP.lua:11 | jazz:items.lua:9388 | jazz:InventoryItem/_762WP_HP.lua:10 | jazz:items.lua:9387
111329132858,"Максимально компактный и скорострельный израильский пистолет-пулемет. На тот случай, если вы должны кому-то денег и ""гости"" приехали на лифте. Не сметь работать в шабат!","Предельно компактный и скорострельный израильский пистолет-пулемёт. На случай, если вы кому-то задолжали и «гости» уже поднимаются на лифте. И не вздумайте работать в шабат!","An extremely compact, fast-firing Israeli submachine gun. Just the thing when you owe someone money and the “guests” are already in the elevator. And don't even think about working on Shabbat!",manual-reviewed-google,google-draft,jazz,111329132858,jazz:InventoryItem/MicroUZI.lua:15 | jazz:items.lua:18635
117421137389,Обеспечивает защиту по 3 классу. Вставляется в бронежилеты.,Обеспечивает защиту 3-го класса. Устанавливается в бронежилет.,Provides Class 3 protection. Fits into body armor.,manual-reviewed-google,google-draft,jazz,117421137389 | 461117462973 | 980856513256,jazz:InventoryItem/JazzArmorPlates_Titan3.lua:16 | jazz:items.lua:61903 | jazz:InventoryItem/JazzArmorPlates_Ceramics3.lua:16 | jazz:items.lua:61826 | jazz:InventoryItem/JazzArmorPlates_Steel3.lua:16 | jazz:items.lua:61749
119076303373,Самодельный плотный кожаный нагрудник.,Самодельный нагрудник из толстой кожи.,A homemade breastplate of thick leather.,manual-reviewed-google,google-draft,jazz,119076303373,jazz:InventoryItem/JazzArmor_LeatherArmor.lua:14 | jazz:items.lua:60180
119451755365,СПЕКТРА из композитума,СПЕКТРА с композитумом,SPECTRA with Compositum,manual-reviewed-google,google-draft,jazz,119451755365 | 858847580413,jazz:InventoryItem/JazzArmor_SpectraCompositum.lua:12 | jazz:items.lua:61104 | jazz:InventoryItem/JazzArmor_SpectraCompositum.lua:13 | jazz:items.lua:61105
125878422803,Стальная бронеплита 3 класса защиты,Стальная бронеплита 3-го класса защиты,Class 3 Steel Armor Plate,manual-reviewed-google,google-draft,jazz,125878422803 | 237424838471,jazz:InventoryItem/JazzArmorPlates_Steel3.lua:14 | jazz:items.lua:61747 | jazz:InventoryItem/JazzArmorPlates_Steel3.lua:13 | jazz:items.lua:61746
125920377910,Прицел: доп. уровень зума: <SmallMagnification>.<SmallSubMagnification> кратности  (от <SmallAimLevel> уровня прицеливания и выше),Прицел: дополнительное увеличение ×<SmallMagnification>.<SmallSubMagnification> (с <SmallAimLevel>-го уровня прицеливания),Scope: adds <SmallMagnification>.<SmallSubMagnification>x zoom from aim level <SmallAimLevel> onward,manual-reviewed-google,google-draft,jazz,125920377910,jazz:items.lua:32944
127699575645,Камуфляжная балаклава,Камуфляжная балаклава,Camouflage balaclava,manual-reviewed-google,google-draft,jazz,127699575645,jazz:InventoryItem/JazzArmor_CamoBalaclava.lua:11 | jazz:items.lua:59176
127967662143,Стальная бронеплита 4 класса защиты,Стальная бронеплита 4-го класса защиты,Class 4 Steel Armor Plate,manual-reviewed-google,google-draft,jazz,127967662143 | 135725488589,jazz:InventoryItem/JazzArmorPlates_Steel4.lua:14 | jazz:items.lua:61772 | jazz:InventoryItem/JazzArmorPlates_Steel4.lua:13 | jazz:items.lua:61771
128465089412,Короткоствольный автомат SIG 552 в конфигурации SWAT. Контр-террористы победили.,Короткоствольный SIG 552 в конфигурации SWAT. Контртеррористы победили.,A short-barreled SIG 552 in a SWAT configuration. Counter-terrorists win.,manual-reviewed-google,google-draft,jazz,128465089412,jazz:InventoryItem/Sig552SWAT.lua:15 | jazz:items.lua:22862
128585897488,Убийственная шутка,Убийственная шутка,Killing Joke,manual-reviewed-google,google-draft,jazz,128585897488 | 497050188756,jazz:items.lua:67711 | jazz:items.lua:67712
134836596865,<image UI/Conversation/T_Dialogue_IconBackgroundCircle.tga 400 130 128 120> 20 частиц. Вызывают <color EmStyle>кровотечение</color>,<image UI/Conversation/T_Dialogue_IconBackgroundCircle.tga 400 130 128 120> 20 дробин. Вызывают <color EmStyle>кровотечение</color>,<image UI/Conversation/T_Dialogue_IconBackgroundCircle.tga 400 130 128 120> 20 pellets. Causes <color EmStyle>bleeding</color>,manual-reviewed-google,google-draft,jazz,134836596865,jazz:InventoryItem/_12gauge_Buckshot.lua:14 | jazz:items.lua:9766
137299864819,Аграм 2000,Аграм 2000,Agram 2000,manual-reviewed-google,google-draft,jazz,137299864819,jazz:InventoryItem/Agram2000.lua:13 | jazz:items.lua:20523
137876769017,"Последняя на данный момент попытка сделать-таки из ""свина"" нормальный единый пулемет. Но нет, М60 все так же тяжел, капризен, требователен к патронам. Это пулемет-то, требователен к патронам...","Последняя на сегодня попытка сделать из «свиньи» нормальный единый пулемёт. Но нет: M60 всё так же тяжёл, капризен и привередлив к патронам. Пулемёт — и привередлив к патронам...","The latest attempt to turn the “Pig” into a proper general-purpose machine gun. No luck: the M60 is still heavy, temperamental, and picky about ammunition. A machine gun, picky about ammunition...",manual-reviewed-google,google-draft,jazz,137876769017,jazz:InventoryItem/M60E4.lua:15 | jazz:items.lua:29346
138620573973,Шлемы Алтын,Шлемы «Алтын»,Altyn Helmets,manual-reviewed-google,google-draft,jazz,138620573973,jazz:InventoryItem/JazzArmor_AltynHelm.lua:13 | jazz:items.lua:59784
138858109974,Включить фонарик,Включить фонарик,Turn Flashlight On,manual-reviewed-google,google-draft,jazz,138858109974 | 558326492099,jazz:items.lua:64204 | jazz:items.lua:64206
140035693819,Самодельная бригантина из кольчуги и обрезков шин,Самодельная бригантина из кольчуги и обрезков шин,Homemade brigandine made from chain mail and tire scraps,manual-reviewed-google,google-draft,jazz,140035693819,jazz:InventoryItem/JazzArmor_TireBrigantine.lua:14 | jazz:items.lua:60369
150785286851,Шлем Гвардиан,Шлем «Гвардиан»,Guardian Helmet,manual-reviewed-google,google-draft,jazz,150785286851,jazz:InventoryItem/JazzArmor_GuardianHelm.lua:12 | jazz:items.lua:59843
153423704820,Шлем Алтын,Шлем «Алтын»,Altyn Helmet,manual-reviewed-google,google-draft,jazz,153423704820,jazz:InventoryItem/JazzArmor_AltynHelm.lua:12 | jazz:items.lua:59783
155135485934,"7.62х51мм НАТО, M80","7,62×51 мм НАТО, M80","7.62x51 mm NATO, M80",manual-reviewed-google,google-draft,jazz,155135485934 | 208175619329 | 688496678363 | 723121121036,jazz:InventoryItem/JAZZ_AMMO_762x51_Army.lua:9 | jazz:items.lua:7547 | jazz:InventoryItem/_762NATO_Basic.lua:10 | jazz:items.lua:9636 | jazz:InventoryItem/JAZZ_AMMO_762x51_Army.lua:10 | jazz:items.lua:7548 | jazz:InventoryItem/_762NATO_Basic.lua:11 | jazz:items.lua:9637
157788838717,"5,45 мм, БП Бронебойный","5,45 мм, БП (бронебойный)","5.45 mm, BP (Armor-Piercing)",manual-reviewed-google,google-draft,jazz,157788838717 | 972063049608,jazz:InventoryItem/JAZZ_AMMO_545_AP.lua:9 | jazz:items.lua:6605 | jazz:InventoryItem/JAZZ_AMMO_545_AP.lua:10 | jazz:items.lua:6606
158002281979,Рамочный приклад (Разложенный),Рамочный приклад (разложен),Wire Stock (Extended),manual-reviewed-google,google-draft,jazz,158002281979,jazz:items.lua:36266
158230824132,9mmSubsonicОТКЛЮЧЕНО,9mm Subsonic — ОТКЛЮЧЕНО,9mm Subsonic — DISABLED,manual-reviewed-google,google-draft,jazz,158230824132 | 307842862228,jazz:InventoryItem/_9mm_Subsonic.lua:10 | jazz:items.lua:9013 | jazz:InventoryItem/_9mm_Subsonic.lua:11 | jazz:items.lua:9014
163673514518,Целик,Целик,Rear sight,manual-reviewed-google,google-draft,jazz,163673514518,jazz:items.lua:56171
165053569449,Обеспечивает защиту по 5 классу. Вставляется в бронежилеты.,Обеспечивает защиту 5-го класса. Устанавливается в бронежилет.,Provides Class 5 protection. Fits into body armor.,manual-reviewed-google,google-draft,jazz,165053569449 | 626593971199 | 681468324000,jazz:InventoryItem/JazzArmorPlates_Titan5.lua:16 | jazz:items.lua:61955 | jazz:InventoryItem/JazzArmorPlates_Ceramics5.lua:16 | jazz:items.lua:61877 | jazz:InventoryItem/JazzArmorPlates_Steel5.lua:16 | jazz:items.lua:61800
166761503495,Кевларовые наколенники,Кевларовые наколенники,Kevlar knee pads,manual-reviewed-google,google-draft,jazz,166761503495 | 389340654808 | 912996860706,jazz:InventoryItem/JazzArmor_SwatPads.lua:15 | jazz:items.lua:61211 | jazz:InventoryItem/JazzArmor_SwatPads.lua:12 | jazz:items.lua:61208 | jazz:InventoryItem/JazzArmor_SwatPads.lua:13 | jazz:items.lua:61209
168857410077,"Самодельная кираса, сваренная из листов железа и обшитая кожей","Самодельная кираса, сваренная из листового железа и обшитая кожей.",A homemade cuirass welded from sheet metal and covered in leather.,manual-reviewed-google,google-draft,jazz,168857410077,jazz:InventoryItem/JazzArmor_ImprovisedCuirass.lua:14 | jazz:items.lua:60316
169754239254,Бронебойный армейский патрон М61 калибра 7.62х51мм НАТО,"Армейский бронебойный патрон M61 калибра 7,62×51 мм НАТО.",M61 armor-piercing military round in 7.62x51 mm NATO.,manual-reviewed-google,google-draft,jazz,169754239254,jazz:InventoryItem/_762NATO_AP.lua:13 | jazz:items.lua:9665
171112161836,"Американская стальная каска периода Второй Мировой войны и войны во Вьетнаме в чехле камуфляжной расцветки. Об американцах можно всякое говорить, но своих солдат они старались защищать как надо.","Американская стальная каска времён Второй мировой и войны во Вьетнаме, в камуфляжном чехле. Об американцах можно говорить всякое, но своих солдат они старались защищать как следует.","An American steel helmet from World War II and Vietnam, fitted with a camouflage cover. Say what you will about the Americans, but they did try to protect their soldiers properly.",manual-reviewed-google,google-draft,jazz,171112161836,jazz:InventoryItem/JazzArmor_M1Helm.lua:14 | jazz:items.lua:59419
172826329217,Граната M24,Граната M24,M24 Grenade,manual-reviewed-google,google-draft,jazz,172826329217,jazz:InventoryItem/FragGrenade.lua:12 | jazz:items.lua:30704
172943455971,Баллистические очки,Баллистические очки,Ballistic glasses,manual-reviewed-google,google-draft,jazz,172943455971 | 818181029760,jazz:InventoryItem/JazzArmor_ESS.lua:12 | jazz:items.lua:59254 | jazz:InventoryItem/JazzArmor_ESS.lua:11 | jazz:items.lua:59253
182462259918,Кожаные куртки,Кожаные куртки,Leather jackets,manual-reviewed-google,google-draft,jazz,182462259918 | 736065192992,jazz:InventoryItem/JazzArmor_LeatherJacketBrn.lua:13 | jazz:items.lua:60046 | jazz:InventoryItem/JazzArmor_LeatherJacketBlk.lua:13 | jazz:items.lua:60072
188362278685,Камуфляжная кепка,Камуфляжная кепка,Camouflage cap,manual-reviewed-google,google-draft,jazz,188362278685,jazz:InventoryItem/JazzArmor_UniformCap.lua:15 | jazz:items.lua:59342
192038051150,<image UI/Conversation/T_Dialogue_IconBackgroundCircle.tga 400 130 128 120> Уменьшение урона (улучшено обивкой),<image UI/Conversation/T_Dialogue_IconBackgroundCircle.tga 400 130 128 120> Уменьшение урона (улучшено обивкой),<image UI/Conversation/T_Dialogue_IconBackgroundCircle.tga 400 130 128 120> Damage reduction (improved by padding),manual-reviewed-google,google-draft,jazz,192038051150 | 450301877671 | 497570218481 | 507191349868 | 547092855750 | 933954691097 | 980764623412 | 985499968545,jazz:InventoryItem/FlakVest_WeavePadding.lua:15 | jazz:items.lua:57701 | jazz:InventoryItem/FlakArmor_WeavePadding.lua:14 | jazz:items.lua:57563 | jazz:InventoryItem/KevlarVest_WeavePadding.lua:14 | jazz:items.lua:58372 | jazz:InventoryItem/KevlarHelmet_WeavePadding.lua:14 | jazz:items.lua:58225 | jazz:InventoryItem/KevlarLeggings_WeavePadding.lua:14 | jazz:items.lua:58288 | jazz:InventoryItem/FlakLeggings_WeavePadding.lua:15 | jazz:items.lua:57622 | jazz:InventoryItem/KevlarChestplate_WeavePadding.lua:14 | jazz:items.lua:58163 | jazz:InventoryItem/LightHelmet_WeavePadding.lua:14 | jazz:items.lua:57757
194372616955,"7,62х39мм, УС","7,62×39 мм, УС","7.62x39 mm, US (Subsonic)",manual-reviewed-google,google-draft,jazz,194372616955 | 343683428790 | 586453294366 | 705582625224,jazz:InventoryItem/_762WP_Subsonic.lua:12 | jazz:items.lua:9459 | jazz:InventoryItem/JAZZ_AMMO_762x39_US.lua:10 | jazz:items.lua:6916 | jazz:InventoryItem/JAZZ_AMMO_762x39_US.lua:11 | jazz:items.lua:6917 | jazz:InventoryItem/_762WP_Subsonic.lua:11 | jazz:items.lua:9458
197372367064,"Бронежилет СВМПЭ, Тяжелый",Тяжёлый бронежилет из СВМПЭ,Heavy UHMWPE Body Armor,manual-reviewed-google,google-draft,jazz,197372367064,jazz:InventoryItem/JazzArmor_UHMWPEFull.lua:12 | jazz:items.lua:61015
199796874027,Стандартный армейский патрон М80 калибра 7.62х51мм НАТО,"Стандартный армейский патрон M80 калибра 7,62×51 мм НАТО.",Standard M80 military round in 7.62x51 mm NATO.,manual-reviewed-google,google-draft,jazz,199796874027,jazz:InventoryItem/_762NATO_Basic.lua:13 | jazz:items.lua:9639
202717539367,"MP-446 ""Викинг""","MP-446 ""Викинг""","MP-446 ""Viking""",manual-reviewed-google,google-draft,jazz,202717539367 | 310685586669,jazz:InventoryItem/MP446VIKING.lua:13 | jazz:items.lua:17589 | jazz:InventoryItem/MP446VIKING.lua:12 | jazz:items.lua:17588
203032964857,Матчевый патрон калибра 9х19мм,Матчевый патрон калибра 9×19 мм,9x19 mm Match Round,manual-reviewed-google,google-draft,jazz,203032964857,jazz:InventoryItem/_9mm_Match.lua:12 | jazz:items.lua:8926
206632323405,Специальный боеприпас калибра 5.56x45мм. Разработан для сил специального назначения,"Специальный боеприпас калибра 5,56×45 мм, разработанный для сил специального назначения.",Special-purpose 5.56x45 mm ammunition developed for special operations forces.,manual-reviewed-google,google-draft,jazz,206632323405,jazz:InventoryItem/_556_HP.lua:13 | jazz:items.lua:9231
210740079061,Сварочная маска,Сварочная маска,Welding mask,manual-reviewed-google,google-draft,jazz,210740079061 | 370026149313,jazz:InventoryItem/JazzArmor_WieldingHelm.lua:13 | jazz:items.lua:59520 | jazz:InventoryItem/JazzArmor_WieldingHelm.lua:12 | jazz:items.lua:59519
211226270708,Страйкеры,Страйкеры,Strikers,manual-reviewed-google,google-draft,jazz,211226270708,jazz:InventoryItem/Striker.lua:14 | jazz:items.lua:29987
211344759878,Граната Mk2,Граната Mk 2,Mk 2 Grenade,manual-reviewed-google,google-draft,jazz,211344759878,jazz:InventoryItem/HE_Grenade.lua:12 | jazz:items.lua:30749
212155852337,"Противоосколочный бронежилет корпуса морской пехоты США времен войны во Вьетнаме. Будучи собран по принципу пластинчатого доспеха, где роль пластины исполняли фиберглассовые плиты, уложенные внахлест, во многом задал дальнейшее направление развития индивидуальных бронежилетов и экипировки солдата в целом.",Противоосколочный жилет Корпуса морской пехоты США времён войны во Вьетнаме. Он устроен наподобие пластинчатого доспеха: пластины из стеклопластика уложены внахлёст. Эта конструкция во многом задала направление дальнейшего развития индивидуальной бронезащиты и солдатской экипировки.,"A U.S. Marine Corps fragmentation vest from the Vietnam War. Its overlapping fiberglass inserts work much like plate armor, and the design helped shape later body armor and infantry equipment.",manual-reviewed-google,google-draft,jazz,212155852337,jazz:InventoryItem/JazzArmor_FlakM1955.lua:14 | jazz:items.lua:60263
212926171807,"Если члены вашего отряда не видят куда стрелять, то данные трассирующие боеприпасы именно то что вам нужно, бонусом можете провернуть во враге горящую пулю.","Если бойцы не видят, куда стрелять, эти трассеры укажут цель. А горящая пуля во враге — приятный бонус.","When your squad cannot see where to shoot, these tracers point the way. A burning bullet in the target is a welcome bonus.",manual-reviewed-google,google-draft,jazz,212926171807,jazz:InventoryItem/JAZZ_AMMO_545_Tracer.lua:12 | jazz:items.lua:6665
213775254543,"Бронежилет СПЕКТРА, Тяжелый",Тяжёлый бронежилет СПЕКТРА,Heavy SPECTRA Body Armor,manual-reviewed-google,google-draft,jazz,213775254543,jazz:InventoryItem/JazzArmor_SpectraFull.lua:12 | jazz:items.lua:61075
213865838245,"7.62х51мм НАТО, M61","7,62×51 мм НАТО, M61","7.62x51 mm NATO, M61",manual-reviewed-google,google-draft,jazz,213865838245 | 702196262254 | 732360181829 | 800158478692,jazz:InventoryItem/JAZZ_AMMO_762x51_AP.lua:9 | jazz:items.lua:7589 | jazz:InventoryItem/_762NATO_AP.lua:11 | jazz:items.lua:9663 | jazz:InventoryItem/JAZZ_AMMO_762x51_AP.lua:10 | jazz:items.lua:7590 | jazz:InventoryItem/_762NATO_AP.lua:10 | jazz:items.lua:9662
214431276583,СТЕРЛИНГ,СТЕРЛИНГ,STERLING,manual-reviewed-google,google-draft,jazz,214431276583,jazz:InventoryItem/Sterling.lua:14 | jazz:items.lua:20105
214525897697,Американский бронежилет,Американский бронежилет,American body armor,manual-reviewed-google,google-draft,jazz,214525897697,jazz:InventoryItem/JazzArmor_RBA.lua:15 | jazz:items.lua:60726
215661822488,"Укороченная версия AK-74, предназначенная для бойцов спецназа и экипажей техники. Для нее пришлось разработать новый газовый двигатель и дульное устройство-дожигатель. Американцы называют эту модель «Krinkov», но у русских в ходу более звучные названия - «Ксюха», а иногда и «Сучка». И да, для АКСУ существует набедренная кобура.","Укороченная версия АКС-74 для спецназа и экипажей техники. Короткий ствол потребовал специального дульного ускорителя. Американцы зовут эту модель «Krinkov», а у русских прижились более звучные прозвища — «Ксюха», а иногда и «Сучка». И да, для АКСУ существует набедренная кобура.","A shortened AKS-74 for special forces and vehicle crews. Its short barrel required a dedicated muzzle booster. Americans call it the “Krinkov”; Russians prefer the more colorful “Ksyukha,” and sometimes “Suchka.” And yes, there really is a thigh holster for the AKS-74U.",manual-reviewed-google,google-draft,jazz,215661822488,jazz:InventoryItem/AKSU.lua:15 | jazz:items.lua:22303
219478192607,"Пистолет, который, как мы знаем из голливудских фильмов, выдерживает падение с крыши 100 этажного дома, не ловится детекторами в аэропорту, может быть изготовлен в любом гараже на 3D принтере.","Пистолет, который, если верить голливудским фильмам, переживёт падение с крыши стоэтажного дома, пройдёт мимо аэропортового детектора и может быть напечатан в любом гараже.","A pistol that, according to Hollywood, can survive a fall from a hundred-story building, slip past airport detectors, and be printed in any garage.",manual-reviewed-google,google-draft,jazz,219478192607,jazz:InventoryItem/Glock17.lua:14 | jazz:items.lua:18183
219847021710,<image UI/Conversation/T_Dialogue_IconBackgroundCircle.tga 400 130 128 120> Громоздкое (нет бесплатного перемещения),<image UI/Conversation/T_Dialogue_IconBackgroundCircle.tga 400 130 128 120> Громоздкое (нет бесплатного перемещения),<image UI/Conversation/T_Dialogue_IconBackgroundCircle.tga 400 130 128 120> Bulky (No Free Move),manual-reviewed-google,google-draft,jazz,219847021710 | 221146537482 | 562949448257 | 852703817426,jazz:InventoryItem/HeavyArmorTorso.lua:13 | jazz:items.lua:58009 | jazz:InventoryItem/HeavyArmorChestplate.lua:13 | jazz:items.lua:57778 | jazz:InventoryItem/HeavyArmorLeggings.lua:13 | jazz:items.lua:57939 | jazz:InventoryItem/HeavyArmorHelmet.lua:13 | jazz:items.lua:57869
220225989499,Режим наблюдения,Режим наблюдения,Overwatch,manual-reviewed-google,google-draft,jazz,220225989499,jazz:items.lua:64358
220812452387,"Бронежилеты Тварон, Легкие",Лёгкие бронежилеты из тварона,Light Twaron Body Armor,manual-reviewed-google,google-draft,jazz,220812452387,jazz:InventoryItem/JazzArmor_TwaronLight.lua:13 | jazz:items.lua:60633
225370809188,"Бронежилет, используемый полицейскими структурами чуть не по всему миру. Кевларовая ткань обеспечивает уровень защиты, достаточный против большинства преступников, вооруженных легким оружием и не очень хорошо умеющих стрелять из него.","Бронежилет, которым пользуется полиция почти по всему миру. Кевлар защищает от большинства преступников с лёгким оружием — особенно если стрелять они толком не умеют.",Body armor used by police forces almost everywhere. Its Kevlar can stop the light weapons carried by most criminals—especially those who cannot shoot straight.,manual-reviewed-google,google-draft,jazz,225370809188,jazz:InventoryItem/JazzArmor_PoliceVest.lua:14 | jazz:items.lua:60453
226438256959,"Кожаные штаны. Не только красиво облегают вашу подтянутую задницу, но еще и способны защитить ее от удара ножом.","Кожаные штаны. Не только выгодно облегают вашу подтянутую задницу, но и способны уберечь её от ножа.",Leather pants. They flatter your toned backside and might even keep a knife out of it.,manual-reviewed-google,google-draft,jazz,226438256959,jazz:InventoryItem/JazzArmor_LeatherPants.lua:14 | jazz:items.lua:61264
227052415098,"<image UI/Conversation/T_Dialogue_IconBackgroundCircle.tga 400 130 128 120> Пропуск в страну, где угроза пожаловаться менеджеру решает любые проблемы","<image UI/Conversation/T_Dialogue_IconBackgroundCircle.tga 400 130 128 120> Пропуск в страну, где угроза пожаловаться менеджеру решает любые проблемы",<image UI/Conversation/T_Dialogue_IconBackgroundCircle.tga 400 130 128 120> Entry permit for a country where threatening to call the manager solves everything,manual-reviewed-google,google-draft,jazz,227052415098,jazz:InventoryItem/US_Passport.lua:13 | jazz:items.lua:57063
231013791244,<image UI/Conversation/T_Dialogue_IconBackgroundCircle.tga 400 130 128 120> В центре взрыва вызывает у целей <color EmStyle>кровотечение</color>,<image UI/Conversation/T_Dialogue_IconBackgroundCircle.tga 400 130 128 120> Цели в центре взрыва получают <color EmStyle>кровотечение</color>,<image UI/Conversation/T_Dialogue_IconBackgroundCircle.tga 400 130 128 120> Targets at the blast center begin <color EmStyle>bleeding</color>,manual-reviewed-google,google-draft,jazz,231013791244 | 956592215973,jazz:InventoryItem/JAZZ_AMMO_40mmFragGrenade.lua:13 | jazz:items.lua:8841 | jazz:InventoryItem/_40mmFragGrenade.lua:13 | jazz:items.lua:10170
233593625538,Титановая плита 5 класса защиты,Титановая плита 5-го класса защиты,Class 5 Titanium Armor Plate,manual-reviewed-google,google-draft,jazz,233593625538 | 759722972102,jazz:InventoryItem/JazzArmorPlates_Titan5.lua:14 | jazz:items.lua:61953 | jazz:InventoryItem/JazzArmorPlates_Titan5.lua:13 | jazz:items.lua:61952
235310003929,"Американцы - люди практичные, своевременно отвечающие вызовам времени. Нужно убивать врагов в окопах - выдадим солдату дробовик! У солдата кончились патроны - придадим к дробовику штык! И казалось бы, дядька пулемет давно отправил на свалку истории эти окопные мясорубки, но Легиону Гранд Чиена на занятиях политинформацией об этом рассказать забыли.","Американцы — люди практичные и на вызовы времени отвечают без промедления. Нужно выбивать врага из окопов — выдадим солдату дробовик! Кончились патроны — примкнём к дробовику штык! Казалось бы, пулемёт давно отправил эти окопные мясорубки на свалку истории, но Легиону Гранд-Чиена об этом на политинформации не рассказали.","Americans are practical people. Need to clear an enemy trench? Give the soldier a shotgun. Out of shells? Put a bayonet on it. Machine guns should have consigned such trench fighting to history, but nobody mentioned that in the Grand Chien Legion's political lectures.",manual-reviewed-google,google-draft,jazz,235310003929,jazz:InventoryItem/M1897.lua:15 | jazz:items.lua:29584
246480537411,Гранаты Mk2,Гранаты Mk 2,Mk 2 Grenades,manual-reviewed-google,google-draft,jazz,246480537411,jazz:InventoryItem/HE_Grenade.lua:13 | jazz:items.lua:30750
248751035043,Плотные кожаные штаны,Плотные кожаные штаны,Thick leather pants,manual-reviewed-google,google-draft,jazz,248751035043 | 304254678040 | 681586332311,jazz:InventoryItem/JazzArmor_LeatherPants.lua:12 | jazz:items.lua:61262 | jazz:InventoryItem/JazzArmor_LeatherPants.lua:15 | jazz:items.lua:61265 | jazz:InventoryItem/JazzArmor_LeatherPants.lua:13 | jazz:items.lua:61263
249494808285,Самодельные бригантины,Самодельные бригантины,Homemade brigantines,manual-reviewed-google,google-draft,jazz,249494808285,jazz:InventoryItem/JazzArmor_TireBrigantine.lua:12 | jazz:items.lua:60367
249894199741,"Устаревший вариант немецкого автомата MP5, с УСМ без отсечки стрельбы по три выстрела. Один из самых распространенных полицейских автоматов в мире до сих пор. Отличный выбор для специальных операций любого толка, тысячи обезвреженных террористов по всему миру не дадут соврать.",Ранняя версия немецкого пистолета-пулемёта MP5 с УСМ без режима отсечки по три выстрела. Он до сих пор остаётся одним из самых распространённых полицейских ПП в мире. Отличный выбор для спецопераций любого рода — тысячи обезвреженных террористов не дадут соврать.,An early German MP5 variant without a three-round-burst setting. It remains one of the world's most common police submachine guns and an excellent choice for almost any special operation. Thousands of neutralized terrorists can attest to that.,manual-reviewed-google,google-draft,jazz,249894199741,jazz:InventoryItem/MP5A2.lua:15 | jazz:items.lua:21050
250336798974,"Облегченный уменьшенный карабин на базе армейской винтовки М14, максимально доступен для гражданского стрелка - от охоты и самообороны, до обучения стрельбе в тире. Валовый карабин требует серьезной доводки напильником.","Облегчённый укороченный карабин на базе армейской винтовки M14, рассчитанный на гражданского стрелка: для охоты, самообороны или занятий в тире. Серийные экземпляры требуют серьёзной доводки напильником.","A light, shortened carbine based on the M14 service rifle and marketed to civilian shooters for hunting, self-defense, and range practice. Mass-produced examples need serious hand-fitting.",manual-reviewed-google,google-draft,jazz,250336798974,jazz:InventoryItem/Mini14.lua:15 | jazz:items.lua:22007
251040816715,Аwaiting deployment,Ожидает отправки,Awaiting Deployment,manual-reviewed-google,google-draft,jazz,251040816715 | 961263404010,jazz:items.lua:83497 | jazz:items.lua:81920
252226201975,"Личные бронештаны шамана Сангомы, которые он использовал еще в ""Отряде Смерти"". Надеюсь, он хотя бы их потом стирал.","Личные бронештаны шамана Сангомы, которые он носил ещё в «Отряде смерти». Надеюсь, потом он их хотя бы постирал.","Sangoma's personal armored trousers, worn back in his “Death Squad” days. One hopes he washed them afterward.",manual-reviewed-google,google-draft,jazz,252226201975,jazz:InventoryItem/ShamanLeggings.lua:14 | jazz:items.lua:61565
254908977776,Видимость цели,Видимость цели,Target Visibility,manual-reviewed-google,google-draft,jazz,254908977776,jazz:items.lua:74995
259769536367,"Современный и даже футуристичный бронежилет СПЕКТРА был захвачен в качестве трофея Ассоциацией во время операции в Арулько. Каким-то неизвестным нам образом (Ассоциация абсолютно точно не имеет к этому никакого отношения) он попал на черный рынок, откуда смог распространиться по всему миру. Производитель - неизвестен. Защита - как у танка. Тяжелый штурмовой вариант с защитой шеи, паха и рук.","Современный, даже футуристичный бронежилет СПЕКТРА Ассоциация захватила как трофей во время операции в Арулько. Каким-то совершенно неизвестным нам образом — Ассоциация тут абсолютно ни при чём — он попал на чёрный рынок и разошёлся по всему миру. Производитель неизвестен. Защита — как у танка. Тяжёлый штурмовой вариант закрывает шею, пах и руки.","The modern, even futuristic SPECTRA armor was captured by the Association during the Arulco operation. Through means entirely unknown to us—and certainly unrelated to the Association—it reached the black market and spread worldwide. Manufacturer unknown. Protection like a tank. This heavy assault model covers the neck, groin, and arms.",manual-reviewed-google,google-draft,jazz,259769536367,jazz:InventoryItem/JazzArmor_SpectraFull.lua:14 | jazz:items.lua:61077
261108237192,АК74,АК-74,AK-74,manual-reviewed-google,google-draft,jazz,261108237192 | 489350715496,jazz:InventoryItem/AK74.lua:14 | jazz:items.lua:24075 | jazz:InventoryItem/AK74.lua:13 | jazz:items.lua:24074
261228287392,"Выстрел в ноги: снижение вероятности попадания, уменьшение урона. Шанс зональной травмы ног (MED-001).",Выстрел в ноги: ниже шанс попадания и урон; может вызвать зональную травму ног (MED-001).,Leg shot: reduced hit chance and damage. May inflict a localized leg injury (MED-001).,manual-translation,needs-english,jazz,261228287392,jazz:items.lua:64095
262214168219,АС-ВАЛ,АС-ВАЛ,AS-VAL,manual-reviewed-google,google-draft,jazz,262214168219 | 590065014153,jazz:InventoryItem/AS_Val.lua:13 | jazz:items.lua:22971 | jazz:InventoryItem/AS_Val.lua:14 | jazz:items.lua:22972
263473667717,Бонус стрельбы ночью +<NightsIronsBonus>%,Бонус к стрельбе ночью: +<NightsIronsBonus>%,Night-fire bonus: +<NightsIronsBonus>%,manual-reviewed-google,google-draft,jazz,263473667717,jazz:items.lua:33262
264423323990,"Современный модульный бронежилет фирмы ""Guardian"", являющейся основным поставщиком Ассоциации. Усиленная вариация с защитой паха и воротником.","Современный модульный бронежилет фирмы Guardian, основного поставщика Ассоциации. Усиленный вариант с защитой паха и воротником.","Modern modular body armor from Guardian, the Association's main supplier. This reinforced version adds a collar and groin protection.",manual-reviewed-google,google-draft,jazz,264423323990,jazz:InventoryItem/JazzArmor_GuardianMedium.lua:14 | jazz:items.lua:60812
266860618717,Базовый шанс попасть +<bonus_cth>%,Базовый шанс попадания: +<bonus_cth>%,Base Hit Chance: +<bonus_cth>%,manual-reviewed-google,google-draft,jazz,266860618717,jazz:items.lua:33279
267219596717,"Пулевой патрон, пробитие плохое, однако когда в тебя прилетает свинцовый шар, приятного мало, говорят он умеет отрывать конечности.","Пулевой патрон с плохим пробитием. Но получить свинцовый шар всё равно неприятно — говорят, он способен отрывать конечности.","A slug round with poor armor penetration. Still, taking a lead ball is no picnic; rumor has it these can tear off limbs.",manual-reviewed-google,google-draft,jazz,267219596717,jazz:InventoryItem/JAZZ_AMMO_12gauge_Slug.lua:13 | jazz:items.lua:8352
272616430003,Шлем Сфера,Шлем «Сфера»,Sfera Helmet,manual-reviewed-google,google-draft,jazz,272616430003,jazz:InventoryItem/JazzArmor_STSHHelm.lua:12 | jazz:items.lua:59754
272785628894,Военная кепка,Военная кепка,Military cap,manual-reviewed-google,google-draft,jazz,272785628894 | 777072414296,jazz:InventoryItem/JazzArmor_UniformCap.lua:12 | jazz:items.lua:59339 | jazz:InventoryItem/JazzArmor_UniformCap.lua:13 | jazz:items.lua:59340
273361512171,"Крышесносные патроны во всех смыслах, и пробьёт и подожжёт и даже путь укажет, при разработке данного боеприпаса однозначно использовалась божья длань.","Сногсшибательные патроны во всех смыслах: пробьют, подожгут и ещё путь укажут. При их создании явно приложили божью длань.","Mind-blowing ammunition in every sense: it penetrates, ignites, and points the way. Divine intervention was clearly involved.",manual-reviewed-google,google-draft,jazz,273361512171,jazz:InventoryItem/JAZZ_AMMO_762x54_APIT.lua:12 | jazz:items.lua:7346
274027037052,Карабин,Карабин,Carbine,manual-reviewed-google,google-draft,jazz,274027037052,jazz:items.lua:104196
274222442493,"Легендарный шлем совесткого и российского спецназовца. Титановый купол в три миллиметра толщиной и забрало из бронестекла обеспечивают замечательную противопульную защиту, но большой вес и размеры делают шлем очень неудобным. По медицинским рекомендациям, постоянное ношение шлема должно осуществляться не более трех часов подряд.","Легендарный шлем советского и российского спецназа. Титановый купол толщиной три миллиметра и забрало из бронестекла дают отличную противопульную защиту, но большой вес и размеры делают шлем неудобным. Медики рекомендуют носить его не дольше трёх часов подряд.","A legendary helmet of Soviet and Russian special forces. Its three-millimeter titanium shell and armored-glass visor provide excellent ballistic protection, but the size and weight make it deeply uncomfortable. Medical guidance recommends wearing it for no more than three hours at a stretch.",manual-reviewed-google,google-draft,jazz,274222442493,jazz:InventoryItem/JazzArmor_AltynHelm.lua:14 | jazz:items.lua:59785
276327014875,Маленький и удаленький чехословацкий автомат под советский пистолетный 9мм патрон. Оказался крайне удачным в использовании в контртеррористических операциях.,"Маленький, но грозный чехословацкий пистолет-пулемёт под советский 9-мм пистолетный патрон. Отлично показал себя в контртеррористических операциях.",A small but fierce Czechoslovak submachine gun chambered for a Soviet 9 mm pistol round. It proved highly effective in counterterrorism operations.,manual-reviewed-google,google-draft,jazz,276327014875,jazz:InventoryItem/Scorpion.lua:14 | jazz:items.lua:18555
277372719027,Подсветка лазером,Подсветка лазером,Laser illumination,manual-reviewed-google,google-draft,jazz,277372719027,jazz:items.lua:74858
282432572140,"12-й калибр, ББ Пуля","12-й калибр, бронебойная пуля","12 Gauge, AP Slug",manual-reviewed-google,google-draft,jazz,282432572140 | 519940407801 | 527580122468 | 900455292533,jazz:InventoryItem/_12gauge_APSlug.lua:11 | jazz:items.lua:9863 | jazz:InventoryItem/_12gauge_APSlug.lua:10 | jazz:items.lua:9862 | jazz:InventoryItem/JAZZ_AMMO_12gauge_APSlug.lua:11 | jazz:items.lua:8415 | jazz:InventoryItem/JAZZ_AMMO_12gauge_APSlug.lua:10 | jazz:items.lua:8414
286138794123,Самодельные металлические поножи,Самодельные металлические поножи,Homemade Metal Greaves,manual-reviewed-google,google-draft,jazz,286138794123 | 761509212290,jazz:InventoryItem/JazzArmor_RaiderMetalLeggins.lua:12 | jazz:items.lua:61318 | jazz:InventoryItem/JazzArmor_RaiderMetalLeggins.lua:13 | jazz:items.lua:61319
288384564314,Модульный бронежилет. Средний вариант,"Модульный бронежилет, средний вариант",Medium Modular Body Armor,manual-reviewed-google,google-draft,jazz,288384564314 | 429017233141 | 942382859907,jazz:InventoryItem/JazzArmor_GuardianMedium.lua:15 | jazz:items.lua:60813 | jazz:InventoryItem/JazzArmor_ZylonMedium.lua:15 | jazz:items.lua:60514 | jazz:InventoryItem/JazzArmor_TwaronMedium.lua:14 | jazz:items.lua:60664
288939857247,Сложить приклад,Сложить приклад,Fold the stock,manual-reviewed-google,google-draft,jazz,288939857247 | 738918293248,jazz:items.lua:64126 | jazz:items.lua:64124
289283680399,"Полу гражданский, полу специальный матчевый боеприпас для высокоточной стрельбы, единственное что не полу, так это то что он действительно эффективен.","Полугражданский, полуспециальный матчевый боеприпас для высокоточной стрельбы. Одно в нём совершенно точно: он действительно эффективен.","Part civilian, part special-purpose: a match round built for precision shooting. One thing is not halfway about it—it works.",manual-reviewed-google,google-draft,jazz,289283680399,jazz:InventoryItem/JAZZ_AMMO_762x51_Match.lua:12 | jazz:items.lua:7648
295853758396,"Титановая бронеплита 4 класса защиты. По пулестойкости титан крепче стали, и гораздо легче нее. Есть и минусы. Цена. И заброневое осколочное действие титана. Но в первую очередь цена, да.","Титановая бронеплита 4-го класса защиты. Титан лучше стали держит пулю и весит гораздо меньше. Минусы тоже есть: цена и заброневое осколочное действие. Но прежде всего — цена, да.","A Class 4 titanium armor plate. Titanium offers better ballistic resistance than steel at much lower weight. It has drawbacks: cost and dangerous behind-armor fragmentation. Mostly the cost, though.",manual-reviewed-google,google-draft,jazz,295853758396,jazz:InventoryItem/JazzArmorPlates_Titan4.lua:15 | jazz:items.lua:61928
298672605271,Самый современный прибор ночного видения третьего поколения. Светопоглощающая матрица из арсенида галлия и инфракрасный прожектор позволяют бойцу видеть ночью практически как днем.,Современный прибор ночного видения третьего поколения. Фотокатод из арсенида галлия и инфракрасный осветитель позволяют бойцу видеть ночью почти как днём.,A modern third-generation night-vision device. Its gallium-arsenide photocathode and infrared illuminator let the wearer see almost as well at night as by day.,manual-reviewed-google,google-draft,jazz,298672605271,jazz:InventoryItem/JazzArmor_NVG3.lua:11 | jazz:items.lua:59314
299804218619,"Современный и даже футуристичный бронежилет СПЕКТРА был захвачен в качестве трофея Ассоциацией во время операции в Арулько. Каким-то неизвестным нам образом (Ассоциация абсолютно точно не имеет к этому никакого отношения) он попал на черный рынок, откуда смог распространиться по всему миру. Производитель - неизвестен. Защита - как у танка.","Современный, даже футуристичный бронежилет СПЕКТРА Ассоциация захватила как трофей во время операции в Арулько. Каким-то совершенно неизвестным нам образом — Ассоциация тут абсолютно ни при чём — он попал на чёрный рынок и разошёлся по всему миру. Производитель неизвестен. Защита — как у танка.","The modern, even futuristic SPECTRA armor was captured by the Association during the Arulco operation. Through means entirely unknown to us—and certainly unrelated to the Association—it reached the black market and spread worldwide. Manufacturer unknown. Protection like a tank.",manual-reviewed-google,google-draft,jazz,299804218619,jazz:InventoryItem/JazzArmor_Spectra.lua:14 | jazz:items.lua:61047
302494084890,ППС-43,ППС-43,PPS-43,manual-reviewed-google,google-draft,jazz,302494084890 | 466049040564,jazz:InventoryItem/PPS43.lua:15 | jazz:items.lua:20240 | jazz:InventoryItem/PPS43.lua:14 | jazz:items.lua:20239
306694231558,"Тяжелая защита для ног производства фирмы ""Guardian"". Хорошее соотношение веса и защищенности, защищает бедра и голени на всем протяжении.",Тяжёлая защита ног фирмы Guardian. Хорошее соотношение веса и защиты; закрывает бёдра и голени по всей длине.,Heavy leg armor by Guardian. It offers a good protection-to-weight ratio and covers the thighs and shins throughout.,manual-reviewed-google,google-draft,jazz,306694231558,jazz:InventoryItem/JazzArmor_GuardianHeavyLegs.lua:14 | jazz:items.lua:61504
310419617432,Обеспечивает защиту по 2 классу. Вставляется в бронежилеты.,Обеспечивает защиту 2-го класса. Устанавливается в бронежилет.,Provides Class 2 protection. Fits into body armor.,manual-reviewed-google,google-draft,jazz,310419617432 | 575439199950,jazz:InventoryItem/JazzArmorPlates_Kevlar.lua:16 | jazz:items.lua:61698 | jazz:InventoryItem/JazzArmorPlates_Twaron.lua:16 | jazz:items.lua:61723
316258835711,"12-й калибр, Пуля","12-й калибр, пуля","12 Gauge, Slug",manual-reviewed-google,google-draft,jazz,316258835711 | 456378254088 | 486298295383 | 924683101088,jazz:InventoryItem/_12gauge_Flechette.lua:11 | jazz:items.lua:9818 | jazz:InventoryItem/JAZZ_AMMO_12gauge_Slug.lua:10 | jazz:items.lua:8349 | jazz:InventoryItem/_12gauge_Flechette.lua:10 | jazz:items.lua:9817 | jazz:InventoryItem/JAZZ_AMMO_12gauge_Slug.lua:11 | jazz:items.lua:8350
317343617056,"Бесполезный пережиток бесшумных комплексов, летит не далеко, не быстро, враг может даже не заметить, что в него стреляли.","Бесполезный пережиток бесшумных комплексов: летит недалеко и медленно. Враг может даже не заметить, что по нему стреляли.","A feeble holdover from suppressed-weapon systems: slow, short-ranged, and so unimpressive the target may not notice you fired.",manual-reviewed-google,google-draft,jazz,317343617056,jazz:InventoryItem/JAZZ_AMMO_762x39_US.lua:13 | jazz:items.lua:6919
319092420696,"Винтовка Спрингфилд 1903 во многом повторяет констукцию винтовок Маузер 98. Собственно, чего нового можно придумать с продольно скользящим поворотным затвором?","Винтовка Springfield 1903 во многом повторяет конструкцию Mauser 98. Впрочем, много ли нового можно придумать в винтовке с продольно-скользящим поворотным затвором?","The Springfield 1903 owes much of its design to the Mauser 98. Then again, how much can one reinvent in a turn-bolt rifle?",manual-reviewed-google,google-draft,jazz,319092420696,jazz:InventoryItem/Springfield.lua:15 | jazz:items.lua:26262
319416000839,Шлем СПЕКТРА,Шлем СПЕКТРА,SPECTRA Helmet,manual-reviewed-google,google-draft,jazz,319416000839,jazz:InventoryItem/JazzArmor_SpectraHelm.lua:12 | jazz:items.lua:59983
322415689229,Боевая Винтовка,Боевая винтовка,Battle Rifle,manual-reviewed-google,google-draft,jazz,322415689229,jazz:items.lua:104204
333998606847,"9x39 мм, СП-5 (экспансивный)","9×39 мм, СП-5 (экспансивный)","9x39 mm, SP-5 (Expanding)",manual-reviewed-google,google-draft,jazz,333998606847 | 542771498470,jazz:InventoryItem/JAZZ_AMMO_9x39_JHP.lua:10 | jazz:items.lua:8117 | jazz:InventoryItem/JAZZ_AMMO_9x39_JHP.lua:11 | jazz:items.lua:8118
336718135346,Китайский патрон калибра 7.62х39. Уступает советским аналогам,"Китайский патрон калибра 7,62×39 мм. Уступает советским аналогам.",A Chinese-made 7.62x39 mm round. Inferior to its Soviet counterparts.,manual-reviewed-google,google-draft,jazz,336718135346,jazz:InventoryItem/_762WP_HP.lua:13 | jazz:items.lua:9390
337151148241,Специальный советский дозвуковой патрон УС калибра 7.62х39мм,"Специальный советский дозвуковой патрон УС калибра 7,62×39 мм.",A special Soviet US subsonic round in 7.62x39 mm.,manual-reviewed-google,google-draft,jazz,337151148241,jazz:InventoryItem/_762WP_Subsonic.lua:14 | jazz:items.lua:9461
337230371768,"""Гордость Легиона"". Пафосное имя, выданное, в общем-то, обычной рядовой железяке, рубящей тростник. Это у Пьера возрастное, пройдет.","«Гордость Легиона». Пафосное имя для самой обычной железяки, которой рубят тростник. У Пьера это возрастное — пройдёт.",“Pride of the Legion.” A grandiose name for an ordinary chunk of steel used to cut cane. Pierre will grow out of it.,manual-reviewed-google,google-draft,jazz,337230371768,jazz:InventoryItem/PierreMachete.lua:13 | jazz:items.lua:56540
339208756765,"Культовая среди спецназовцев и геймеров всех мастей советская и российская бесшумная снайперская винтовка. Громкость звука выстрела из нее на уровне звука пневматической винтовки. К огромному сожалению, как и ""Вал"", на экспорт Россией не продается.","Культовая среди спецназовцев и геймеров советская и российская бесшумная снайперская винтовка. Выстрел звучит примерно как пневматическая винтовка. К огромному сожалению, Россия, как и «Вал», её на экспорт не продаёт.","A cult favorite of special forces and gamers alike, this Soviet and Russian suppressed sniper rifle is about as loud as an air rifle. Sadly, Russia does not export it—or the AS Val.",manual-reviewed-google,google-draft,jazz,339208756765,jazz:InventoryItem/VSS.lua:15 | jazz:items.lua:22655
339244329275,"Самый базовый специальный дозвуковой патрон, не очень силен на дистанции, не очень силен против брони, однако хорошо дрючит мягкие ткани.","Самый простой специальный дозвуковой патрон. На дистанции слаб, против брони тоже, зато мягкие ткани рвёт исправно.","The most basic special-purpose subsonic round. Weak at range and against armor, but vicious on soft tissue.",manual-reviewed-google,google-draft,jazz,339244329275,jazz:InventoryItem/JAZZ_AMMO_9x39_JHP.lua:13 | jazz:items.lua:8120
340489681757,Камуфляжная военная форма,Камуфляжная военная форма,Camouflage military uniform,manual-reviewed-google,google-draft,jazz,340489681757,jazz:InventoryItem/JazzArmor_Uniform.lua:15 | jazz:items.lua:60155
341695303297,"M60 ""Свинья""","M60 ""Свинья""","M60 ""Pig""",manual-reviewed-google,google-draft,jazz,341695303297,jazz:InventoryItem/M60.lua:13 | jazz:items.lua:28976
341732095926,<image UI/Conversation/T_Dialogue_IconBackgroundCircle.tga 400 130 128 120> М14 нормального человека,<image UI/Conversation/T_Dialogue_IconBackgroundCircle.tga 400 130 128 120> M14 здорового человека,<image UI/Conversation/T_Dialogue_IconBackgroundCircle.tga 400 130 128 120> The M14 done right,manual-reviewed-google,google-draft,jazz,341732095926,jazz:InventoryItem/M1A.lua:16 | jazz:items.lua:27169
341778467277,"Винтовка FN FAL (Fusil Autamatique Leger - Легкая Автоматическая Винтовка). Своеобразный символ НАТО - производилась в более чем 20 странах, состояла на вооружении в более чем 70 странах. Среди наемников AIM имеет ласковое прозвище - ""фалочка"".","FN FAL (Fusil Automatique Léger — лёгкая автоматическая винтовка) стала своеобразным символом НАТО: её производили более чем в 20 странах, а на вооружении она состояла более чем в 70. У наёмников A.I.M. есть ласковое прозвище — «фалочка».","The FN FAL—Fusil Automatique Léger, or Light Automatic Rifle—became a symbol of NATO. It was manufactured in more than 20 countries and adopted by more than 70. A.I.M. mercenaries affectionately call it the “FALochka.”",manual-reviewed-google,google-draft,jazz,341778467277,jazz:InventoryItem/FNFAL.lua:15 | jazz:items.lua:25639
346368526537,"ШПС-ка, она же шапка-пи... пряталка спецназовская. Тканевая маска, скрывающая лицо, с прорезями для глаз и рта. Камуфляжная раскраска помогает хозяину прятать свое лицо еще лучше.","ШПС-ка, она же шапка-пи... пряталка спецназовская. Тканевая маска с прорезями для глаз и рта скрывает лицо, а камуфляж помогает скрыть его ещё лучше.","The ShPS, also known as the hat-co... special-ops face cover. A cloth mask with eye and mouth openings; camouflage helps hide the wearer even better.",manual-reviewed-google,google-draft,jazz,346368526537,jazz:InventoryItem/JazzArmor_CamoBalaclava.lua:13 | jazz:items.lua:59178
349833670705,"Легкая твароновая бронепластина 2 класса защиты. В дополнение к увеличению защиты от пуль и осколков, также может неплохо остановить лезвие топора какого-нибудь легионовца на спидах.","Лёгкая твароновая бронепластина 2-го класса. Помимо защиты от пуль и осколков, способна остановить топор какого-нибудь обдолбанного легионера.","A light Class 2 Twaron plate. Besides bullets and fragments, it may even stop the axe of some hopped-up Legionnaire.",manual-reviewed-google,google-draft,jazz,349833670705,jazz:InventoryItem/JazzArmorPlates_Twaron.lua:15 | jazz:items.lua:61722
351000794380,"7,62x54R мм Т","7,62x54R мм Т",7.62x54R mm T,manual-reviewed-google,google-draft,jazz,351000794380 | 502291306563,jazz:InventoryItem/JAZZ_AMMO_762x54_Tracer.lua:9 | jazz:items.lua:7310 | jazz:InventoryItem/JAZZ_AMMO_762x54_Tracer.lua:10 | jazz:items.lua:7311
355056223930,"Современная модификация американского единого пулемета М60, отличается повышенной надежностью работы и исправлением ряда врожденных недостатков оригинала. Состоит в небольших количествах на вооружении Сил Специальных операций США.",Современная модификация американского единого пулемёта M60: надёжнее оригинала и избавлена от ряда его врождённых недостатков. В небольших количествах состоит на вооружении сил специальных операций США.,A modernized M60 general-purpose machine gun with improved reliability and fixes for several flaws of the original. It serves in limited numbers with U.S. special operations forces.,manual-reviewed-google,google-draft,jazz,355056223930,jazz:InventoryItem/M60E3.lua:15 | jazz:items.lua:29049
355508047345,Вес брони (1 Класс),Вес брони (1-й класс),Armor Weight (Class 1),manual-reviewed-google,google-draft,jazz,355508047345,jazz:CharacterEffect/Weight_1Class.lua:10 | jazz:items.lua:104064
360726472475,Самодельная кираса,Самодельная кираса,Homemade cuirass,manual-reviewed-google,google-draft,jazz,360726472475,jazz:InventoryItem/JazzArmor_ImprovisedCuirass.lua:11 | jazz:items.lua:60313
363425699078,РШ-12,РШ-12,RSh-12,manual-reviewed-google,google-draft,jazz,363425699078 | 661023013034,jazz:InventoryItem/RSH12.lua:12 | jazz:items.lua:19700 | jazz:InventoryItem/RSH12.lua:13 | jazz:items.lua:19701
365960477733,"Модульный камуфляжный шлем, тяжелый вариант","Модульный камуфляжный шлем, тяжёлый вариант",Heavy Modular Camouflage Helmet,manual-reviewed-google,google-draft,jazz,365960477733,jazz:InventoryItem/JazzArmor_ZylonHelmHeavy.lua:15 | jazz:items.lua:59578
372377025892,"<image UI/Conversation/T_Dialogue_IconBackgroundCircle.tga 400 130 128 120> Взрывается, когда враг подходит к заряду на близкое расстояние","<image UI/Conversation/T_Dialogue_IconBackgroundCircle.tga 400 130 128 120> Взрывается, когда враг подходит к заряду на близкое расстояние",<image UI/Conversation/T_Dialogue_IconBackgroundCircle.tga 400 130 128 120> Explodes when an enemy gets close to the charge,manual-reviewed-google,google-draft,jazz,372377025892 | 493304565684,jazz:InventoryItem/ProximityPETN.lua:14 | jazz:items.lua:31187 | jazz:InventoryItem/ProximityC4.lua:14 | jazz:items.lua:31155
374432194142,"Хорватский автомат Аграм 2000 был разработан в 1990-х годах и активно применялся при дроблении на части Югославии. О ""нечестной"" направленности автомата говорит отсутствие приклада и заложенная в конструкцию интеграция съемного глушителя. Несколько этих автоматов без номеров и регистрационных документов расползлось по миру и до сих пор активно используются криминальными элементами.",Хорватский пистолет-пулемёт Agram 2000 разработали в 1990-х и широко применяли во время распада Югославии. На криминальное назначение намекают отсутствие приклада и возможность установки съёмного глушителя. Несколько безномерных экземпляров разошлись по миру и до сих пор используются преступниками.,The Croatian Agram 2000 submachine gun was developed in the 1990s and saw extensive use during the breakup of Yugoslavia. Its lack of a stock and provision for a detachable suppressor hint at less-than-honest intentions. Unserialized examples spread worldwide and remain popular with criminals.,manual-reviewed-google,google-draft,jazz,374432194142,jazz:InventoryItem/Agram2000.lua:15 | jazz:items.lua:20525
374914593600,<color EmStyle>Не назначено</color>,<color EmStyle>Не назначено</color>,<color EmStyle>Not assigned</color>,manual-reviewed-google,google-draft,jazz,374914593600 | 543874682518,jazz:items.lua:103763 | jazz:items.lua:103815
376363160697,Бронежилет универсального солдата.,Бронежилет универсального солдата.,Universal Soldier Body Armor.,manual-reviewed-google,google-draft,jazz,376363160697,jazz:InventoryItem/JazzArmor_Spectra.lua:15 | jazz:items.lua:61048
377018690641,"Модульный шлем, тяжелый вариант","Модульный шлем, тяжелый вариант","Modular helmet, heavy version",manual-reviewed-google,google-draft,jazz,377018690641,jazz:InventoryItem/JazzArmor_TwaronHelmHeavy.lua:15 | jazz:items.lua:59668
377868313170,Пистолеты ТТ,Пистолеты ТТ,TT pistols,manual-reviewed-google,google-draft,jazz,377868313170,jazz:InventoryItem/TT33.lua:13 | jazz:items.lua:16592
378523647884,Пачки Долларов,Пачки долларов,Bundles of Dollars,manual-reviewed-google,google-draft,jazz,378523647884,jazz:InventoryItem/Dollars.lua:11 | jazz:items.lua:61982
379319464770,"Бронежилеты СВМПЭ, Тяжелые",Тяжёлые бронежилеты из СВМПЭ,Heavy UHMWPE Body Armor,manual-reviewed-google,google-draft,jazz,379319464770,jazz:InventoryItem/JazzArmor_UHMWPEFull.lua:13 | jazz:items.lua:61016
380511796147,Легкая броня для ног Гвардиан,Лёгкая защита ног Guardian,Light Guardian Leg Armor,manual-reviewed-google,google-draft,jazz,380511796147 | 971224406774,jazz:InventoryItem/JazzArmor_GuardianLegs.lua:12 | jazz:items.lua:61471 | jazz:InventoryItem/JazzArmor_GuardianLegs.lua:13 | jazz:items.lua:61472
384678181247,"Мотоциклетные щитки на голени из прочного пластика. Пули, понятное дело, не держат, но вот удар арматуриной - вполне.","Мотоциклетные щитки на голени из прочного пластика. Пуль, конечно, не держат, а вот удар арматурой — вполне.","Motorcycle shin guards made from tough plastic. They will not stop bullets, of course, but they can take a hit from a length of rebar.",manual-reviewed-google,google-draft,jazz,384678181247,jazz:InventoryItem/JazzArmor_MotoKneePads.lua:14 | jazz:items.lua:61156
387084840013,"РШ-12 (револьвер штурмовой калибра 12 мм) - слонобой из Тулы, под патрон ШАК-12. По идее, нужен для того, чтоб с гарантией останавливать террористов в любых возможных средствах защиты при попадании в любую часть тела. Даже в палец на ноге.",РШ-12 — 12-мм револьвер-штурмовик из Тулы под патрон ШАК-12. По замыслу он должен гарантированно остановить террориста в любой защите при попадании в любую часть тела. Даже в палец ноги.,"The RSh-12 is a 12 mm assault revolver from Tula, chambered for the ShAK-12 round. In theory, it can stop a terrorist in any conceivable armor with a hit anywhere on the body. Even a toe.",manual-reviewed-google,google-draft,jazz,387084840013,jazz:InventoryItem/RSH12.lua:14 | jazz:items.lua:19702
387786738837,"Югославская лицензионная копия советского автомата АКМ. Братушки не стали изобретать велосипед, и в итоге их автоматы почти такие же классные, как и советские. Из заметных отличий разве что устройство для стрельбы винтовочными гранатами, остальной обвес полностью взаимозаменяем.","Югославская лицензионная копия советского АКМ. Братушки не стали изобретать велосипед, и автомат получился почти таким же отличным, как советский. Из заметных отличий — приспособление для стрельбы винтовочными гранатами; остальной обвес взаимозаменяем.","A licensed Yugoslav copy of the Soviet AKM. They did not reinvent the wheel, and the result is almost as good as the original. The main distinction is a rifle-grenade launcher; most other attachments are interchangeable.",manual-reviewed-google,google-draft,jazz,387786738837,jazz:InventoryItem/Zastava_M70.lua:15 | jazz:items.lua:23354
390277961462,Глушитель: Увеличивает шанс клина,Глушитель: повышает шанс клина,Suppressor: Increases Jam Chance,manual-reviewed-google,google-draft,jazz,390277961462,jazz:items.lua:33243
392535052044,Изменить,Изменить,Edit,manual-reviewed-google,google-draft,jazz,392535052044,jazz:items.lua:108029
393883116380,<image UI/Conversation/T_Dialogue_IconBackgroundCircle.tga 400 130 128 120> Увеличенный доп. урон от силы,<image UI/Conversation/T_Dialogue_IconBackgroundCircle.tga 400 130 128 120> Увеличенный дополнительный урон от силы,<image UI/Conversation/T_Dialogue_IconBackgroundCircle.tga 400 130 128 120> Increased bonus damage from Strength,manual-reviewed-google,google-draft,jazz,393883116380 | 746132783887 | 785348621490,jazz:InventoryItem/Bayonet.lua:14 | jazz:items.lua:56226 | jazz:InventoryItem/Trench_Shovel.lua:14 | jazz:items.lua:56482 | jazz:InventoryItem/Machete.lua:14 | jazz:items.lua:56194
397383171067,"<image UI/Conversation/T_Dialogue_IconBackgroundCircle.tga 400 130 128 120> 40-мм гранатомет.
<image UI/Conversation/T_Dialogue_IconBackgroundCircle.tga 400 130 128 120> На близкой дистанции только разброс; шанс провала растёт с дальностью (Меткость + Взрывчатка).","<image UI/Conversation/T_Dialogue_IconBackgroundCircle.tga 400 130 128 120> 40-мм гранатомёт.
<image UI/Conversation/T_Dialogue_IconBackgroundCircle.tga 400 130 128 120> Вблизи влияет только разброс; с дальностью растёт шанс неудачи (Меткость + Взрывчатка).","<image UI/Conversation/T_Dialogue_IconBackgroundCircle.tga 400 130 128 120> 40 mm grenade launcher.
<image UI/Conversation/T_Dialogue_IconBackgroundCircle.tga 400 130 128 120> At close range, only scatter applies; failure chance rises with distance (Marksmanship + Explosives).",manual-translation,needs-english,jazz,397383171067,jazz:InventoryItem/M79.lua:25 | jazz:items.lua:30505
399210369134,Бонус к стрельбе на дистанции до 10 клеток,Бонус к стрельбе на дистанции до 10 клеток,Shooting bonus within 10 tiles,manual-reviewed-google,google-draft,jazz,399210369134,jazz:items.lua:32875
401657239518,Перенос огня,Перенос огня,Shift Fire,manual-reviewed-google,google-draft,jazz,401657239518,jazz:items.lua:67609
402637516595,Бронежилет из сверхплотного высокомолекулярного полиэтилена.,Бронежилет из сверхвысокомолекулярного полиэтилена.,Body armor made from ultra-high-molecular-weight polyethylene.,manual-reviewed-google,google-draft,jazz,402637516595,jazz:InventoryItem/JazzArmor_UHMWPE.lua:15 | jazz:items.lua:60988
404985734712,<image UI/Conversation/T_Dialogue_IconBackgroundCircle.tga 400 130 128 120> Издает меньше шума,<image UI/Conversation/T_Dialogue_IconBackgroundCircle.tga 400 130 128 120> Издает меньше шума,<image UI/Conversation/T_Dialogue_IconBackgroundCircle.tga 400 130 128 120> Makes less noise,manual-reviewed-google,google-draft,jazz,404985734712,jazz:InventoryItem/_9mm_Subsonic.lua:14 | jazz:items.lua:9017
408475040527,"12-й калибр, дробь","12-й калибр, дробь","12 Gauge, Buckshot",manual-reviewed-google,google-draft,jazz,408475040527 | 503250075758 | 768069058913 | 822972834709,jazz:InventoryItem/JAZZ_AMMO_12gauge_Birdshot.lua:11 | jazz:items.lua:8263 | jazz:InventoryItem/JAZZ_AMMO_12gauge_Birdshot.lua:10 | jazz:items.lua:8262 | jazz:InventoryItem/_12gauge_Buckshot.lua:11 | jazz:items.lua:9763 | jazz:InventoryItem/_12gauge_Buckshot.lua:10 | jazz:items.lua:9762
409065182639,"<image UI/Conversation/T_Dialogue_IconBackgroundCircle.tga 400 130 128 120> Компенсатор, который можно поставить в оружие","<image UI/Conversation/T_Dialogue_IconBackgroundCircle.tga 400 130 128 120> Дульное устройство, устанавливаемое на оружие",<image UI/Conversation/T_Dialogue_IconBackgroundCircle.tga 400 130 128 120> Muzzle device that can be fitted to a weapon,manual-reviewed-google,google-draft,jazz,409065182639 | 826904154252 | 847986618113,jazz:InventoryItem/OilFilter.lua:12 | jazz:items.lua:53230 | jazz:InventoryItem/Suppressor_Rifle.lua:12 | jazz:items.lua:53214 | jazz:InventoryItem/Suppressor.lua:12 | jazz:items.lua:53198
410074002761,Вес брони (5 Класс),Вес брони (5-й класс),Armor Weight (Class 5),manual-reviewed-google,google-draft,jazz,410074002761,jazz:CharacterEffect/Weight_5Class.lua:10 | jazz:items.lua:104133
410577681665,"Не востребованный в Советской Армии, тем не менее, весьма любим гражданскими стрелками в России за точность боя. Но это капля в море перед маниакальной страстью к нему стрелков в США. Хорошим тоном считается хотя бы один СКС на коллекцию. Хотя бы и китайский.","Советской армии он не пригодился, зато российские гражданские стрелки полюбили СКС за точность. Но и это ничто рядом с маниакальной страстью американцев: хорошим тоном считается иметь в коллекции хотя бы один СКС. Пусть даже китайский.","The Soviet Army had little use for it, but Russian civilian shooters prize the SKS for its accuracy. That is nothing beside the American obsession: every respectable collection ought to have at least one, even if it is Chinese.",manual-reviewed-google,google-draft,jazz,410577681665,jazz:InventoryItem/SKS.lua:17 | jazz:items.lua:24980
411194291005,"Оружие, не имеющее аналогов в мире, или, по крайней мере не имевшее их до распространения патрона .300 Blackout. Да и на сегодняшний день является лучшим специальным автоматом подобного типа.","Оружие, долго не имевшее аналогов — по крайней мере до распространения патрона .300 Blackout. И сегодня это один из лучших специальных автоматов своего типа.","For years this weapon had no real peer, at least until .300 Blackout became widespread. It remains one of the finest special-purpose assault rifles of its kind.",manual-reviewed-google,google-draft,jazz,411194291005,jazz:InventoryItem/AS_Val.lua:15 | jazz:items.lua:22973
414353864856,Противогаз и шлем,Противогаз и шлем,Gas mask and helmet,manual-reviewed-google,google-draft,jazz,414353864856,jazz:InventoryItem/Gasmaskenhelm.lua:13 | jazz:items.lua:60015
418143378072,Кевларовые маски,Кевларовые маски,Kevlar masks,manual-reviewed-google,google-draft,jazz,418143378072,jazz:InventoryItem/JazzArmor_BallisticMask.lua:12 | jazz:items.lua:59228
424449219883,"Беретта - пистолет с ярко выраженным запахом нуара. Плохие полицейские, хорошие полицейские, которые тоже плохие, дорогие женщины, опасные женщины, мертвые женщины. Они все мертвы. Последний выстрел поставил жирную точку в этой истории...","Beretta — пистолет с отчётливым запахом нуара. Плохие копы, хорошие копы, которые тоже плохие, дорогие женщины, опасные женщины, мёртвые женщины. Теперь они все мертвы. Последний выстрел поставил жирную точку в этой истории...","The Beretta is a pistol steeped in noir: bad cops, good cops who are also bad, expensive women, dangerous women, dead women. Now they are all dead. The final shot put a full stop to the story...",manual-reviewed-google,google-draft,jazz,424449219883,jazz:InventoryItem/Bereta92.lua:14 | jazz:items.lua:17754
427448658637,Пачка размером в 1000$,Пачка на 1000 $,"$1,000 Bundle",manual-reviewed-google,google-draft,jazz,427448658637,jazz:InventoryItem/Dollars.lua:12 | jazz:items.lua:61983
428309489295,"7,62х39мм, ПС","7,62х39мм, ПС","7.62x39mm, PS",manual-reviewed-google,google-draft,jazz,428309489295 | 470221441895 | 890000000000362 | 890000000001046,jazz:InventoryItem/_762WP_Basic.lua:12 | jazz:items.lua:9433 | jazz:InventoryItem/_762WP_Basic.lua:11 | jazz:items.lua:9432 | jazz:InventoryItem/JAZZ_AMMO_762x39_Army.lua:10 | jazz:InventoryItem/JAZZ_AMMO_762x39_JHP.lua:10 | jazz:items.lua:6863 | jazz:items.lua:6980 | jazz:InventoryItem/JAZZ_AMMO_762x39_Army.lua:11 | jazz:InventoryItem/JAZZ_AMMO_762x39_JHP.lua:11 | jazz:items.lua:6864 | jazz:items.lua:6981
430326314673,"5,45 мм, 7Т3 Трассер","5,45 мм, 7Т3 Трассер","5.45 mm, 7T3 Tracer",manual-reviewed-google,google-draft,jazz,430326314673 | 965033233630,jazz:InventoryItem/JAZZ_AMMO_545_Tracer.lua:10 | jazz:items.lua:6663 | jazz:InventoryItem/JAZZ_AMMO_545_Tracer.lua:9 | jazz:items.lua:6662
430834060272,Обеспечивает защиту по 1 классу. Вставляется в бронежилеты.,Обеспечивает защиту 1-го класса. Устанавливается в бронежилет.,Provides Class 1 protection. Fits into body armor.,manual-reviewed-google,google-draft,jazz,430834060272,jazz:InventoryItem/JazzArmorPlates_Scrap.lua:16 | jazz:items.lua:61676
431692419145,<image UI/Conversation/T_Dialogue_IconBackgroundCircle.tga 400 130 128 120> Компенсатор. Можно поставить через экран модификаций,<image UI/Conversation/T_Dialogue_IconBackgroundCircle.tga 400 130 128 120> Компенсатор. Устанавливается на экране модификации оружия,<image UI/Conversation/T_Dialogue_IconBackgroundCircle.tga 400 130 128 120> Compensator. Install it from the weapon modification screen,manual-reviewed-google,google-draft,jazz,431692419145,jazz:InventoryItem/Compensator.lua:13 | jazz:items.lua:53182
436816526646,Автовыбор,Автовыбор,Auto-Select,manual-reviewed-google,google-draft,jazz,436816526646,jazz:items.lua:107949
440849741522,Глушитель: Уменьшает кучность на 30%,Глушитель: снижает кучность на 30%,Suppressor: Reduces Accuracy by 30%,manual-reviewed-google,google-draft,jazz,440849741522,jazz:items.lua:33201
441447149584,Уменьшает эффективность прицеливания на 15%,Снижает эффективность прицеливания на 15%,Reduces Aim effectiveness by 15%,manual-reviewed-google,google-draft,jazz,441447149584,jazz:items.lua:32787
456436016949,Рукоять удержания,Передняя рукоять,Foregrip,manual-reviewed-google,google-draft,jazz,456436016949,jazz:items.lua:32649
462253011072,Матчевый патрон для револьверов и винтовок калибра .44.,Матчевый патрон для револьверов и винтовок калибра .44.,.44 match round for revolvers and rifles.,manual-reviewed-google,google-draft,jazz,462253011072,jazz:InventoryItem/_44CAL_Match.lua:12 | jazz:items.lua:9095
462973165184,Бронежилет универсального солдата. Штурмовой вариант,Бронежилет универсального солдата. Штурмовой вариант.,Universal Soldier Body Armor. Assault model.,manual-reviewed-google,google-draft,jazz,462973165184,jazz:InventoryItem/JazzArmor_SpectraFull.lua:15 | jazz:items.lua:61078
463284044008,"7,62 мм СССР, Отключено","7,62 мм, советский — отключено",7.62 mm Soviet — Disabled,manual-reviewed-google,google-draft,jazz,463284044008 | 521861768726,jazz:InventoryItem/_762WP_AP.lua:10 | jazz:items.lua:9510 | jazz:InventoryItem/_762WP_AP.lua:11 | jazz:items.lua:9511
467118505377,Заводской ствол,Заводской ствол,Factory barrel,manual-reviewed-google,google-draft,jazz,467118505377,jazz:items.lua:32508
470045243392,<image UI/Conversation/T_Dialogue_IconBackgroundCircle.tga 400 130 128 120> Заряд подрывается с помощью пульта ДУ,<image UI/Conversation/T_Dialogue_IconBackgroundCircle.tga 400 130 128 120> Заряд подрывается с пульта дистанционного управления,<image UI/Conversation/T_Dialogue_IconBackgroundCircle.tga 400 130 128 120> Detonated by remote control,manual-reviewed-google,google-draft,jazz,470045243392 | 886952365002,jazz:InventoryItem/RemoteC4.lua:14 | jazz:items.lua:31248 | jazz:InventoryItem/RemotePETN.lua:14 | jazz:items.lua:31280
470548861016,"Модернизированная версия бронежилета ""Флак"". Фиберглассовые пластины заменены на нейлоновые, что улучшило подвижность бойца. Заодно был добавлен воротник для защиты шеи.","Модернизированная версия бронежилета Flak. Стеклопластиковые пластины заменили баллистическим нейлоном, улучшив подвижность бойца, а для защиты шеи добавили воротник.","An upgraded Flak vest. Ballistic nylon replaces the fiberglass inserts for better mobility, and a collar adds neck protection.",manual-reviewed-google,google-draft,jazz,470548861016,jazz:InventoryItem/JazzArmor_EOD.lua:14 | jazz:InventoryItem/JazzArmor_FlakM69.lua:14 | jazz:items.lua:60208 | jazz:items.lua:60289
472452415737,"5,56 мм, M855","5,56 мм, M855","5.56 mm, M855",manual-reviewed-google,google-draft,jazz,472452415737 | 529286090617,jazz:InventoryItem/_556_AP.lua:10 | jazz:items.lua:9304 | jazz:InventoryItem/_556_AP.lua:11 | jazz:items.lua:9305
472698757891,"Это Магнум, он не нуждается в представлении, им можно даже не попадать, все итак поймут кто тут папа.","Это Magnum. В представлении он не нуждается: можно даже не попасть — все и так поймут, кто здесь главный.",This is a Magnum. It needs no introduction; you do not even have to hit for everyone to know who is in charge.,manual-reviewed-google,google-draft,jazz,472698757891,jazz:InventoryItem/JAZZ_AMMO_44CAL_FMJ.lua:12 | jazz:items.lua:5488
479526429789,Комплект Дополнительного бронирования,Комплект дополнительного бронирования,Supplemental Armor Kit,manual-reviewed-google,google-draft,jazz,479526429789,jazz:InventoryItem/JAZZ_ArmorUpgrade.lua:10 | jazz:items.lua:58459
479617843711,ДОБАВИТЬ НАЁМНИКА,ДОБАВИТЬ НАЁМНИКА,ADD MERCENARY,manual-reviewed-google,google-draft,jazz,479617843711,jazz:items.lua:107231
484204389251,"Современный ""маленький да удаленький"" ПП австрийского производства. Изготовлен из высокопрочных полимеров, и является очень удобным оружием, хорошо контролируемым при автоматической стрельбе.","Современный австрийский пистолет-пулемёт — маленький, да удаленький. Он сделан из высокопрочных полимеров, удобен в обращении и легко контролируется при автоматическом огне.","A modern Austrian submachine gun: small but mighty. High-strength polymers make it light and comfortable, and it remains easy to control in automatic fire.",manual-reviewed-google,google-draft,jazz,484204389251,jazz:InventoryItem/TMP.lua:16 | jazz:items.lua:21139
486517753713,Специальный снайперский армейский патрон M118LR калибра 7.62х51мм НАТО,"Специальный армейский снайперский патрон M118LR калибра 7,62×51 мм НАТО.",M118LR special-purpose sniper round in 7.62x51 mm NATO.,manual-reviewed-google,google-draft,jazz,486517753713,jazz:InventoryItem/_762NATO_Match.lua:13 | jazz:items.lua:9692
487879273384,Американский бронежилет времен холодной войны,Американский бронежилет времён холодной войны,Cold War American Body Armor,manual-reviewed-google,google-draft,jazz,487879273384,jazz:InventoryItem/JazzArmor_PASGT.lua:15 | jazz:items.lua:60545
488169984563,Штаны универсального солдата.,Штаны универсального солдата.,Universal Soldier Trousers.,manual-reviewed-google,google-draft,jazz,488169984563,jazz:InventoryItem/JazzArmor_SpectraLegs.lua:15 | jazz:items.lua:61592
488942668336,Кевларовая защита для лица,Кевларовая защита для лица,Kevlar face protection,manual-reviewed-google,google-draft,jazz,488942668336,jazz:InventoryItem/JazzArmor_BallisticMask.lua:14 | jazz:items.lua:59230
492297603072,"5,56 мм, Mk262","5,56 мм, Mk262","5.56 mm, Mk262",manual-reviewed-google,google-draft,jazz,492297603072 | 563192097250 | 591574262194 | 685583532964,jazz:InventoryItem/_556_HP.lua:10 | jazz:items.lua:9228 | jazz:InventoryItem/JAZZ_AMMO_556_Match.lua:10 | jazz:items.lua:6131 | jazz:InventoryItem/_556_HP.lua:11 | jazz:items.lua:9229 | jazz:InventoryItem/JAZZ_AMMO_556_Match.lua:9 | jazz:items.lua:6130
492982908946,Прицел: Уменьшает сектор контроля на 50%,Прицел: сужает сектор наблюдения на 50%,Scope: Narrows the Overwatch Cone by 50%,manual-reviewed-google,google-draft,jazz,492982908946,jazz:items.lua:33010
494253569631,Шлемы Тварон,Шлемы из тварона,Twaron Helmets,manual-reviewed-google,google-draft,jazz,494253569631,jazz:InventoryItem/JazzArmor_TwaronHelm.lua:13 | jazz:items.lua:59637
494621670829,Начать,Начать,Start,manual-reviewed-google,google-draft,jazz,494621670829 | 952675719083,jazz:items.lua:107810 | jazz:items.lua:107978
499755425254,Советские штурмовые нагрудники,Советские штурмовые нагрудники,Soviet Assault Breastplates,manual-reviewed-google,google-draft,jazz,499755425254,jazz:InventoryItem/JazzArmor_SovietAssaultArmor.lua:13 | jazz:items.lua:60342
500170452730,Пристрелка,Взять на прицел,Take Aim,manual-reviewed-google,google-draft,jazz,500170452730,jazz:CharacterEffect/TakeAim.lua:19 | jazz:items.lua:71234
502898255631,"Гладкоствольное боевое ружье USAS-12 разработано американцем для американцев, максимально похоже внешне на любимые ими винтовки AR-15. Для продажи в США, однако, оказалось запрещено, поэтому начало скитаться по миру, отметившись в ЮАР и в Южной Корее.","Гладкоствольное боевое ружьё USAS-12 разработал американец для американцев и сделал его как можно больше похожим на любимую AR-15. Но в США ружьё запретили к продаже, и оно отправилось скитаться по миру, отметившись в ЮАР и Южной Корее.","The USAS-12 combat shotgun was designed by an American for Americans and made to resemble their beloved AR-15. Then U.S. sales were banned, sending it wandering abroad to South Africa and South Korea.",manual-reviewed-google,google-draft,jazz,502898255631,jazz:InventoryItem/USAS12.lua:15 | jazz:items.lua:30216
509587299532,"Кожаная байкерская жилетка. Гвоздь никогда с ней не расстается, так что рассмотреть вблизи, что она из себя представляет, увы, не получается.","Кожаная байкерская жилетка. Гвоздь с ней не расстаётся, поэтому рассмотреть её вблизи, увы, не получается.","A leather biker vest. Nails never takes it off, so unfortunately nobody gets a close look at it.",manual-reviewed-google,google-draft,jazz,509587299532,jazz:InventoryItem/NailsLeatherVest.lua:13 | jazz:items.lua:56869
511443060153,Ремень,Ремень,Belt,manual-reviewed-google,google-draft,jazz,511443060153,jazz:items.lua:45454
512339624175,"Мультитул советского солдата. Эффективен как в проведении инженерных работ, так и в качестве холодного оружия.","Мультитул советского солдата. Полезен и на инженерных работах, и в качестве холодного оружия.","The Soviet soldier's multitool, equally useful for field engineering and as a melee weapon.",manual-reviewed-google,google-draft,jazz,512339624175,jazz:InventoryItem/Trench_Shovel.lua:13 | jazz:items.lua:56481
513913385785,"Глубоко модифицированная винтовка M1 - измененный газовый двигатель, магазинное питание, новый на тот момент (начало 1950х) патрон 7.62х51мм. Винтовка оказалась крайне бесполезной в условиях войны в джунглях, из-за чего была заменена M16.","Глубоко модернизированная M1: новая газовая система, магазинное питание и новый для начала 1950-х патрон 7,62×51 мм. В джунглях винтовка показала себя не лучшим образом и вскоре уступила место M16.","A heavily modernized M1 with a revised gas system, detachable magazine, and the then-new 7.62x51 mm round. It proved ill-suited to jungle warfare and was soon replaced by the M16.",manual-reviewed-google,google-draft,jazz,513913385785,jazz:InventoryItem/M14SAW.lua:15 | jazz:items.lua:25506
515926068469,"""Шах и Мат""","""Шах и Мат""","""Checkmate""",manual-reviewed-google,google-draft,jazz,515926068469 | 613799960953,jazz:InventoryItem/DragunovSVD_Custom.lua:13 | jazz:items.lua:26734 | jazz:InventoryItem/DragunovSVD_Custom.lua:14 | jazz:items.lua:26735
518636342491,<color EmStyle>Повторные атаки</color> по одной и той же <color EmStyle>цели</color> получают все больший бонус к <color EmStyle>точности</color>.,<color EmStyle>Повторные атаки</color> по одной <color EmStyle>цели</color> получают всё больший бонус к <color EmStyle>точности</color>.,Each <color EmStyle>repeat attack</color> against the same <color EmStyle>target</color> gains a larger <color EmStyle>accuracy</color> bonus.,manual-reviewed-google,google-draft,jazz,518636342491,jazz:CharacterEffect/TakeAim.lua:20 | jazz:items.lua:71235
518994407073,"Я знаю, о чём вы сейчас думаете. Есть в нем патроны, или нет. Это «Магнум» 44-го калибра, самый убойный револьвер на свете, и он может решить практически любую проблему в общении с людьми.","Я знаю, о чём вы думаете: остались в нём патроны или нет? Это .44 Magnum — самый убойный револьвер в мире, и он способен решить почти любую проблему в общении с людьми.","I know what you're thinking: does it still have a round left? This is a .44 Magnum, the most powerful revolver in the world, and it can solve almost any problem in human relations.",manual-reviewed-google,google-draft,jazz,518994407073,jazz:InventoryItem/ColtAnaconda.lua:15 | jazz:items.lua:19627
519265082947,Старый советский бронежилет,Старый советский бронежилет,Old Soviet body armor,manual-reviewed-google,google-draft,jazz,519265082947,jazz:InventoryItem/JazzArmor_6B3.lua:15 | jazz:items.lua:60606
521466489826,Кевларовая маска,Кевларовая маска,Kevlar mask,manual-reviewed-google,google-draft,jazz,521466489826,jazz:InventoryItem/JazzArmor_BallisticMask.lua:11 | jazz:items.lua:59227
526369699564,Самодельная бригантина,Самодельная бригантина,Homemade brigantine,manual-reviewed-google,google-draft,jazz,526369699564,jazz:InventoryItem/JazzArmor_TireBrigantine.lua:11 | jazz:items.lua:60366
526557400231,".44, ШОК Отключено",".44, ШОК — отключено",".44, SHOCK — Disabled",manual-reviewed-google,google-draft,jazz,526557400231 | 724757939121,jazz:InventoryItem/_44CAL_Shock.lua:11 | jazz:items.lua:9167 | jazz:InventoryItem/_44CAL_Shock.lua:10 | jazz:items.lua:9166
527424534974,Твароновая бронеплита,Твароновая бронеплита,Twaron Armor Plate,manual-reviewed-google,google-draft,jazz,527424534974 | 592682814602,jazz:InventoryItem/JazzArmorPlates_Twaron.lua:13 | jazz:items.lua:61720 | jazz:InventoryItem/JazzArmorPlates_Twaron.lua:14 | jazz:items.lua:61721
527917492172,Разгрузка,Разгрузочный жилет,Load-Bearing Vest,manual-reviewed-google,google-draft,jazz,527917492172,jazz:items.lua:98153
532780533839,СКС,СКС,SKS,manual-reviewed-google,google-draft,jazz,532780533839 | 941296279714,jazz:InventoryItem/SKS.lua:15 | jazz:items.lua:24978 | jazz:InventoryItem/SKS.lua:16 | jazz:items.lua:24979
533537838532,Прибор ночного зрения второго поколения,Прибор ночного видения второго поколения,Second-Generation Night-Vision Device,manual-reviewed-google,google-draft,jazz,533537838532,jazz:InventoryItem/JazzArmor_NVG2.lua:12 | jazz:items.lua:59296
535559779997,Дробь 12-го калибра.,Дробь 12-го калибра.,12-gauge buckshot.,manual-reviewed-google,google-draft,jazz,535559779997,jazz:InventoryItem/_12gauge_Buckshot.lua:13 | jazz:items.lua:9765
537343881914,"Бронежилет Тварон, Средний",Средний бронежилет из тварона,Medium Twaron Body Armor,manual-reviewed-google,google-draft,jazz,537343881914,jazz:InventoryItem/JazzArmor_TwaronMedium.lua:12 | jazz:items.lua:60662
545373411773,"AR-10 - Оригинальная разработка Юджина Стоунера, в свое время не успела попасть на ""раздачу слонов"" и проиграла в конкурсе винтовке М14, но вернулась уже в уменьшенном виде под малоимпульсный патрон как М16. В наше время же активно выпускается разными фирмами для полиции и граждан.","AR-10 — оригинальная разработка Юджина Стоунера. Она опоздала к послевоенному конкурсу армейских винтовок и проиграла M14, но вернулась в уменьшенном виде под малоимпульсный патрон как M16. Сегодня разные фирмы снова выпускают AR-10 для полиции и гражданских стрелков.","The AR-10 was Eugene Stoner's original design. It arrived too late for the postwar service-rifle competition and lost to the M14, then returned in scaled-down form as the M16. Today many manufacturers once again build AR-10 rifles for police and civilian shooters.",manual-reviewed-google,google-draft,jazz,545373411773,jazz:InventoryItem/AR10.lua:15 | jazz:items.lua:25424
549259538075,Ствол: Увеличивает дальность на <BarrelRangeIncrease>,Ствол: увеличивает дальность на <BarrelRangeIncrease>,Barrel: Increases range by <BarrelRangeIncrease>,manual-reviewed-google,google-draft,jazz,549259538075,jazz:items.lua:33134
551876545420,"Тяжелый полицейский штурмовой бронежилет с дополнительной защитой паха, шеи и рукавов. Применяется силами специального назначения на особо тяжелых ""адресах"".","Тяжёлый полицейский штурмовой бронежилет с дополнительной защитой паха, шеи и рук. Спецназ использует его на самых опасных вызовах.","Heavy police assault armor with additional groin, neck, and arm protection. Special units wear it for the most dangerous calls.",manual-reviewed-google,google-draft,jazz,551876545420,jazz:InventoryItem/JazzArmor_SWAT.lua:14 | jazz:items.lua:60483
553139130283,"5,56 мм, M856","5,56 мм, M856","5.56 mm, M856",manual-reviewed-google,google-draft,jazz,553139130283 | 898687365396,jazz:InventoryItem/_556_Tracer.lua:11 | jazz:items.lua:9332 | jazz:InventoryItem/_556_Tracer.lua:10 | jazz:items.lua:9331
555407199353,Улучшенный lower,Улучшенная нижняя часть ствольной коробки,Upgraded Lower Receiver,manual-reviewed-google,google-draft,jazz,555407199353,jazz:items.lua:45534
557669429065,"9х19 мм, Match","9×19 мм, Match","9x19 mm, Match",manual-reviewed-google,google-draft,jazz,557669429065 | 909118059097,jazz:InventoryItem/_9mm_Match.lua:9 | jazz:items.lua:8923 | jazz:InventoryItem/_9mm_Match.lua:10 | jazz:items.lua:8924
557858399256,Помогает лучше прятаться,Помогает лучше прятаться,Helps you hide better,manual-reviewed-google,google-draft,jazz,557858399256,jazz:InventoryItem/JazzArmor_CamoBalaclava.lua:14 | jazz:items.lua:59179
561107124860,Вы держите в руках наглядное пособие по тому как сделать в цели максимально возможное количество дырок за минимальное время.,"Наглядное пособие о том, как проделать в цели как можно больше дырок за как можно меньшее время.",A hands-on lesson in putting as many holes as possible into a target in as little time as possible.,manual-reviewed-google,google-draft,jazz,561107124860,jazz:InventoryItem/JAZZ_AMMO_12gauge_Birdshot.lua:13 | jazz:items.lua:8265
562922376716,"Этот автомат хоть и выглядит, как продукт инженерии военного времени, сделанный из водопроводной трубы и листового металла, простоял на вооружении армии Швеции вплоть до начала 20-го века. И повезло ему, что пришлось просто стоять.","Этот пистолет-пулемёт выглядит как продукт военной инженерии из водопроводной трубы и листового металла. M/45 приняли на вооружение в середине 1940-х, и в шведской армии он продержался до конца XX века. Повезло, что большую часть времени ему пришлось просто стоять.","This submachine gun looks every bit the wartime product of plumbing pipe and sheet metal. Adopted in the mid-1940s, the M/45 remained in Swedish service until late in the twentieth century. Lucky for it that much of the job was simply standing guard.",manual-reviewed-google,google-draft,jazz,562922376716,jazz:InventoryItem/M45.lua:15 | jazz:items.lua:20452
563377598001,Шум выстрела,Шум выстрела,Shot noise,manual-reviewed-google,google-draft,jazz,563377598001,jazz:items.lua:75723
563384549909,"Компактный и легкий полицейский револьвер калибра 9мм. Стальная рамка, спуск двойного действия сделали его одним из самых популярных вариантов оружия для самообороны в США.",Компактный и лёгкий полицейский револьвер калибра 9 мм. Стальная рамка и спуск двойного действия сделали его популярным оружием самообороны в США.,"A compact, light 9 mm police revolver. Its steel frame and double-action trigger made it a popular self-defense weapon in the United States.",manual-reviewed-google,google-draft,jazz,563384549909,jazz:InventoryItem/Colt38Special.lua:15 | jazz:items.lua:19160
563910998625,Шлемы Зилон,Шлемы из зилона,Zylon Helmets,manual-reviewed-google,google-draft,jazz,563910998625,jazz:InventoryItem/JazzArmor_ZylonHelm.lua:13 | jazz:items.lua:59546
564749293082,Тяжелая броня для ног Зилон,Тяжёлая защита ног из зилона,Heavy Zylon Leg Armor,manual-reviewed-google,google-draft,jazz,564749293082 | 829489550929,jazz:InventoryItem/JazzArmor_ZylonHeavyLegs.lua:12 | jazz:items.lua:61377 | jazz:InventoryItem/JazzArmor_ZylonHeavyLegs.lua:13 | jazz:items.lua:61378
565959045541,<image UI/Conversation/T_Dialogue_IconBackgroundCircle.tga 400 130 128 120> Используется в ходе операций «Изготовление боеприпасов» и «Изготовление взрывчатки»,<image UI/Conversation/T_Dialogue_IconBackgroundCircle.tga 400 130 128 120> Используется в операциях «Изготовление боеприпасов» и «Изготовление взрывчатки»,<image UI/Conversation/T_Dialogue_IconBackgroundCircle.tga 400 130 128 120> Used in the “Craft Ammunition” and “Craft Explosives” operations,manual-reviewed-google,google-draft,jazz,565959045541,jazz:InventoryItem/BlackPowder.lua:12 | jazz:items.lua:31433
569006389836,"Стандартный картечный боеприпас, бронебойности тут и не ночевало, дырок будет меньше, чем хотелось бы, однако они будут больше и возможно получится убить кого-то в одежде.","Стандартная картечь. Бронепробития почти нет, дробин меньше, чем хотелось бы, зато каждая крупнее — пожалуй, хватит даже на противника в одежде.","Standard buckshot. Armor penetration is nonexistent and there are fewer pellets than one might like, but each is larger—perhaps enough to kill someone wearing clothes.",manual-reviewed-google,google-draft,jazz,569006389836,jazz:InventoryItem/JAZZ_AMMO_12gauge_Buckshot.lua:13 | jazz:items.lua:8308
573274131078,"Легкая (относительно) бригантина из обрезков шин, используемая подвижными подразделениями Легиона. Ладно хоть в красный не покрасили.",Относительно лёгкая бригантина из обрезков шин для подвижных подразделений Легиона. Хорошо хоть не покрасили в красный.,A relatively light brigandine made from tire scraps for the Legion's mobile units. At least they did not paint it red.,manual-reviewed-google,google-draft,jazz,573274131078,jazz:InventoryItem/JazzArmor_TireBrigantine.lua:13 | jazz:items.lua:60368
575167896350,"«Мой дорогой <color EmStyle>Хавьер</color>! Я опасаюсь за свою жизнь. Они начинают догадываться, что я слишком многое узнал. Мои находки, заметки - даже собственные воспаленные фантазии, что приходили мне на ум, когда я слушал их словно бы день и ночь отдававшиеся в моей голове неблагозвучные песнопения - всё это хранится в моем <color EmStyle>дневнике</color>.<newline><newline>Если со мною что-нибудь приключится, прошу тебя: забери его и обнародуй, чтобы власти этой страны узнали, что здесь творится. Ты - единственный, на кого я могу положиться, поэтому я спрятал дневник и оставил тебе подсказки, как его найти. Ищи их в тех местах, где в былые, более счастливые времена мы с тобой беседовали и смеялись.<newline><newline>С любовью,<newline><color EmStyle>Роджер Уилкокс</color>».","«Мой дорогой <color EmStyle>Хавьер</color>! Я опасаюсь за свою жизнь. Они начинают подозревать, что я узнал слишком много. Все мои находки, заметки и даже лихорадочные фантазии, навеянные их неблагозвучными песнопениями, которые день и ночь звучат у меня в голове, записаны в <color EmStyle>дневнике</color>.<newline><newline>Если со мной что-нибудь случится, прошу: забери его и обнародуй, чтобы власти этой страны узнали, что здесь творится. Ты единственный, на кого я могу положиться, поэтому я спрятал дневник и оставил тебе подсказки. Ищи их там, где в прежние, более счастливые времена мы разговаривали и смеялись.<newline><newline>С любовью,<newline><color EmStyle>Роджер Уилкокс</color>».","“My dear <color EmStyle>Javier</color>, I fear for my life. They suspect I have learned too much. Every discovery, every note—even the fevered thoughts inspired by their discordant chants, which echo in my head day and night—is recorded in my <color EmStyle>diary</color>.<newline><newline>If anything happens to me, please recover it and make it public so the authorities learn what is happening here. You are the only person I can trust. I have hidden the diary and left clues to its location. Look for them in the places where, in happier days, we used to talk and laugh.<newline><newline>With love,<newline><color EmStyle>Roger Wilcox</color>.”",manual-reviewed-google,google-draft,jazz,575167896350,jazz:InventoryItem/WriterLetter.lua:10 | jazz:items.lua:57127
576809695729,Гранаты,Гранаты,Grenades,manual-reviewed-google,google-draft,jazz,576809695729,jazz:items.lua:76019
583900868161,"40-мм гранатомет - это хорошо. Но Армия США - она как сварливая жена, всегда хочет большего, чем может получить прямо сейчас. Поэтому к хорошему надежному 40-мм гранатомету она добавит подствольный магазин на 3 гранаты и помповую перезарядку. Ах, тяжело? Ах, не работает? Ну что же, не думайте что Армия США откажется от идеи получить многозарядный гранатомет, нет...","40-мм гранатомёт — это хорошо. Но Армия США, как сварливая жена, всегда хочет большего, чем может получить прямо сейчас. Поэтому к надёжному гранатомёту добавили подствольный магазин на три выстрела и помповую перезарядку. Тяжело? Не работает? Не думайте, что Армия США откажется от мечты о многозарядном гранатомёте...","A 40 mm grenade launcher is good. But the U.S. Army, like a nagging spouse, always wants more than it can have right now. So it adds a three-round underbarrel magazine and pump action to a reliable launcher. Too heavy? Does not work? Do not imagine that will end the dream of a repeating grenade launcher...",manual-reviewed-google,google-draft,jazz,583900868161,jazz:InventoryItem/China_Lake.lua:23 | jazz:items.lua:30543
585123693174,"Бронежилеты Тварон, Средние",Средние бронежилеты из тварона,Medium Twaron Body Armor,manual-reviewed-google,google-draft,jazz,585123693174,jazz:InventoryItem/JazzArmor_TwaronMedium.lua:13 | jazz:items.lua:60663
585745780339,"Современный модульный бронежилет фирмы ""Guardian"", являющейся основным поставщиком Ассоциации. Облегченная вариация с защитой только туловища.","Современный модульный бронежилет фирмы Guardian, основного поставщика Ассоциации. Облегчённый вариант защищает только туловище.","Modern modular body armor from Guardian, the Association's main supplier. This light model protects only the torso.",manual-reviewed-google,google-draft,jazz,585745780339,jazz:InventoryItem/JazzArmor_GuardianLight.lua:14 | jazz:items.lua:60755
586029190644,"Бронежилеты Зилон, Легкий",Лёгкие бронежилеты из зилона,Light Zylon Body Armor,manual-reviewed-google,google-draft,jazz,586029190644,jazz:InventoryItem/JazzArmor_ZylonLight.lua:13 | jazz:items.lua:60423
588731812215,"Тяжелая защита ног из тварона, состоит из наберенных щитков и наголенников. Чуть хуже защищает от пули, но чуть лучше от ножа.","Тяжёлая защита ног из тварона: набедренные щитки и наголенники. Чуть хуже держит пулю, зато чуть лучше — нож.","Heavy Twaron leg armor with thigh guards and greaves. Slightly worse against bullets, slightly better against blades.",manual-reviewed-google,google-draft,jazz,588731812215,jazz:InventoryItem/JazzArmor_TwaronHeavyLegs.lua:14 | jazz:items.lua:61442
589698013135,<image UI/Conversation/T_Dialogue_IconBackgroundCircle.tga 400 130 128 120> Освещает небольшую область,<image UI/Conversation/T_Dialogue_IconBackgroundCircle.tga 400 130 128 120> Освещает небольшую область,<image UI/Conversation/T_Dialogue_IconBackgroundCircle.tga 400 130 128 120> Illuminates a small area,manual-reviewed-google,google-draft,jazz,589698013135,jazz:InventoryItem/GlowStick.lua:14 | jazz:items.lua:30920
589817908151,"Бельгийский пистолет-пулемет футуристичного вида в компоновке буллпап. Разработан специально под новый бронебойный малоимпульсный патрон калибра 5.7мм. Мнения об автомате делятся полярно - кто-то в восторге от его эргономики, кто-то наоборот, проклинает ее.","Футуристичный бельгийский пистолет-пулемёт в компоновке буллпап, созданный специально под новый малоимпульсный бронебойный патрон 5,7 мм. Мнения об эргономике полярны: одни от неё в восторге, другие проклинают.","A futuristic Belgian bullpup submachine gun designed around a new low-recoil, armor-piercing 5.7 mm round. Opinions on its ergonomics are sharply divided: some love it, others curse it.",manual-reviewed-google,google-draft,jazz,589817908151,jazz:InventoryItem/P90.lua:17 | jazz:items.lua:21545
589956058960,Форменная армейская рубашка в камуфляжной расцветке.,Форменная армейская рубашка камуфляжной расцветки.,Camouflage Army Shirt.,manual-reviewed-google,google-draft,jazz,589956058960,jazz:InventoryItem/JazzArmor_Uniform.lua:14 | jazz:items.lua:60154
590982283163,Мушка,Мушка,Front sight,manual-reviewed-google,google-draft,jazz,590982283163,jazz:items.lua:56166
593752347727,"Винтовка в комплектации буллпап, изготовленная из немереного количества пластика (и одна из первых попыток создать винтовку с интегрированной оптикой). Является, можно сказать, воплощением идеи перехода от тяжелых и громоздких боевых винтовок калибра 7.62 к более легким штурмовым винтовкам под патрон 5,56 НАТО.","Буллпап-винтовка из немереного количества пластика и одна из первых попыток встроить оптику прямо в оружие. Она воплощает переход от тяжёлых и громоздких боевых винтовок калибра 7,62 мм к более лёгким штурмовым винтовкам под 5,56 мм НАТО.","A bullpup rifle made from a staggering amount of plastic, and one of the first attempts to integrate optics into the weapon. It embodies the shift from heavy, bulky 7.62 mm battle rifles to lighter assault rifles in 5.56 mm NATO.",manual-reviewed-google,google-draft,jazz,593752347727,jazz:InventoryItem/AUG.lua:15 | jazz:items.lua:24195
595027374720,Штурмовые бронежилеты 6Б13,Штурмовые бронежилеты 6Б13,6B13 Assault Vests,manual-reviewed-google,google-draft,jazz,595027374720,jazz:InventoryItem/JazzArmor_6B13.lua:13 | jazz:items.lua:60783
595224290309,"СПЕКТРА из композитума, Тяжелый",Тяжёлая СПЕКТРА с композитумом,Heavy SPECTRA with Compositum,manual-reviewed-google,google-draft,jazz,595224290309 | 609469317056,jazz:InventoryItem/JazzArmor_SpectraFullCompositum.lua:12 | jazz:items.lua:61127 | jazz:InventoryItem/JazzArmor_SpectraFullCompositum.lua:13 | jazz:items.lua:61128
595503417999,Тяжелая броня для ног Тварон,Тяжёлая защита ног из тварона,Heavy Twaron Leg Armor,manual-reviewed-google,google-draft,jazz,595503417999 | 887893041975,jazz:InventoryItem/JazzArmor_TwaronHeavyLegs.lua:12 | jazz:items.lua:61440 | jazz:InventoryItem/JazzArmor_TwaronHeavyLegs.lua:13 | jazz:items.lua:61441
597937543269,"HK 23E - последний серийный вариант пулемета HK 21 в калибре 5.56mm NATO. Имеет удлиненную ствольную коробку и модифицированный спусковой механизм, допускающий ведение огня очередями с отсечкой по 3 выстрела.","HK 23E — последняя серийная версия пулемёта HK 21 под патрон 5,56 мм НАТО. У него удлинённая ствольная коробка и изменённый УСМ с режимом отсечки по три выстрела.",The HK 23E is the final production variant of the HK 21 machine gun in 5.56 mm NATO. It has a lengthened receiver and a modified trigger group with a three-round-burst setting.,manual-reviewed-google,google-draft,jazz,597937543269,jazz:InventoryItem/HK23e.lua:15 | jazz:items.lua:28605
598610355987,Бронежилет 6Б3,Бронежилет 6Б3,Body armor 6B3,manual-reviewed-google,google-draft,jazz,598610355987,jazz:InventoryItem/JazzArmor_6B3.lua:12 | jazz:items.lua:60603
599960117734,Камуфляжные балаклавы,Камуфляжные балаклавы,Camouflage balaclavas,manual-reviewed-google,google-draft,jazz,599960117734,jazz:InventoryItem/JazzArmor_CamoBalaclava.lua:12 | jazz:items.lua:59177
607249083318,"AR-10 DMR - В принципе, ""арка под триста восьмой"" неплохо показывает себя в плане точности и пробития на основных боевых дистанциях. УСМ с фулл-авто скорее даже лишнее, она и одиночными гвоздит нормально. Патроны целее будут.","AR-10 DMR — «арка под триста восьмой» с хорошей точностью и пробитием на основных боевых дистанциях. Автоматический огонь ей скорее лишний: одиночными она и так бьёт как надо, да и патроны целее будут.",The AR-10 DMR is a “.308 AR” with excellent accuracy and penetration at practical combat ranges. Full auto is almost superfluous: it hits hard enough one shot at a time and saves ammunition doing it.,manual-reviewed-google,google-draft,jazz,607249083318,jazz:InventoryItem/AR10DMR.lua:15 | jazz:items.lua:26874
608879436685,Второе поколение автоматов Калашникова с максимально обкатанной и оптимизированной технологией производства. Именно этот автомат стал символом освобождения мирового пролетариата от мирового империализма.,Второе поколение автоматов Калашникова с отлаженной и оптимизированной технологией производства. Именно этот автомат стал символом освобождения мирового пролетариата от мирового империализма.,"The second generation of Kalashnikov assault rifles, built with a mature and optimized production process. This is the rifle that became a symbol of the world proletariat's liberation from global imperialism.",manual-reviewed-google,google-draft,jazz,608879436685,jazz:InventoryItem/AKM.lua:15 | jazz:items.lua:23783
615590868211,Стандартный боеприпас калибра 5.56x45мм.,"Стандартный боеприпас калибра 5,56×45 мм.",Standard 5.56x45 mm ammunition.,manual-reviewed-google,google-draft,jazz,615590868211,jazz:InventoryItem/_556_Basic.lua:13 | jazz:items.lua:9272
616445596901,Шлемы Сфера,Шлемы «Сфера»,Sfera Helmets,manual-reviewed-google,google-draft,jazz,616445596901,jazz:InventoryItem/JazzArmor_STSHHelm.lua:13 | jazz:items.lua:59755
617262153487,Вес брони (4 Класс),Вес брони (4-й класс),Armor Weight (Class 4),manual-reviewed-google,google-draft,jazz,617262153487,jazz:CharacterEffect/Weight_4Class.lua:10 | jazz:items.lua:104116
618294702085,Самодельная бронепластина из гнилого ржавого железа. Легион в огромном количестве снабжает своих бойцов такими.,Самодельная бронепластина из гнилого ржавого железа. Легион снабжает такими своих бойцов в огромных количествах.,"A homemade plate of rotten, rusty iron. The Legion issues them to its fighters by the cartload.",manual-reviewed-google,google-draft,jazz,618294702085,jazz:InventoryItem/JazzArmorPlates_Scrap.lua:15 | jazz:items.lua:61675
619300101686,"Бронежилет ""Interceptor""",Бронежилет Interceptor,Interceptor Body Armor,manual-reviewed-google,google-draft,jazz,619300101686 | 740197343981,jazz:InventoryItem/JazzArmor_IBALight.lua:13 | jazz:items.lua:60841 | jazz:InventoryItem/JazzArmor_IBALight.lua:12 | jazz:items.lua:60840
619706015798,Расклинить оружие. Шанс зависит и потеря <em>состояния оружия</em> зависят от навыка <em><mechanical></em>.,Расклинить оружие. Шанс успеха и потеря <em>состояния оружия</em> зависят от навыка <em><mechanical></em>.,Clear a weapon jam. Success chance and loss of <em>weapon condition</em> depend on <em><mechanical></em>.,manual-reviewed-google,google-draft,jazz,619706015798,jazz:items.lua:64286
622419236578,"<image UI/Conversation/T_Dialogue_IconBackgroundCircle.tga 400 130 128 120> Наносит урон по сектору
<image UI/Conversation/T_Dialogue_IconBackgroundCircle.tga 400 130 128 120> Сильно зависит от Взрывчатки; высокая вероятность неудачи при использовании всеми, кроме Барри","<image UI/Conversation/T_Dialogue_IconBackgroundCircle.tga 400 130 128 120> Наносит урон в секторе
<image UI/Conversation/T_Dialogue_IconBackgroundCircle.tga 400 130 128 120> Сильно зависит от Взрывчатки; для всех, кроме Барри, высок риск неудачи","<image UI/Conversation/T_Dialogue_IconBackgroundCircle.tga 400 130 128 120> Deals damage in a sector
<image UI/Conversation/T_Dialogue_IconBackgroundCircle.tga 400 130 128 120> Depends heavily on Explosives; high failure chance for anyone except Barry",manual-translation,needs-english,jazz,622419236578,jazz:InventoryItem/ShapedCharge.lua:14 | jazz:items.lua:31114
623665702916,Рысий взгляд,Рысий взгляд,Lynx's Gaze,manual-reviewed-google,google-draft,jazz,623665702916,jazz:CharacterEffect/Jazz_Perk_Lynx.lua:25 | jazz:items.lua:71661
624748134446,Складной приклад (Сложенный),Складной приклад (сложен),Folding Stock (Folded),manual-reviewed-google,google-draft,jazz,624748134446,jazz:items.lua:35938
626481836952,Немецкая каска,Немецкая каска,German helmet,manual-reviewed-google,google-draft,jazz,626481836952,jazz:InventoryItem/JazzArmor_Stahlhelm.lua:15 | jazz:items.lua:59498
626501302662,<image UI/Conversation/T_Dialogue_IconBackgroundCircle.tga 400 130 128 120> Во время сбора образца не пострадало ни одной летучей мыши,<image UI/Conversation/T_Dialogue_IconBackgroundCircle.tga 400 130 128 120> Во время сбора образца не пострадало ни одной летучей мыши,<image UI/Conversation/T_Dialogue_IconBackgroundCircle.tga 400 130 128 120> No bats were harmed during sample collection,manual-reviewed-google,google-draft,jazz,626501302662,jazz:InventoryItem/VirusSample.lua:13 | jazz:items.lua:57076
633146469558,Легкия броня для ног,Лёгкая броня для ног,Light Leg Armor,manual-reviewed-google,google-draft,jazz,633146469558 | 875990093803,jazz:InventoryItem/JazzArmor_ZylonLegs.lua:15 | jazz:items.lua:61348 | jazz:InventoryItem/JazzArmor_TwaronLegs.lua:15 | jazz:items.lua:61412
636898111204,"Автомат MP5SD5 изготовлен на основе MP5A4. В конструкцию внесен неотьемный разборный глушитель, позволяющий вести полностью автоматический огонь обычным 9мм боеприпасом. Мечта каждого уважающего себя стелс-пихотинца.",MP5SD5 создан на базе MP5A4. Встроенный разборный глушитель позволяет вести автоматический огонь обычными 9-мм патронами. Мечта каждого уважающего себя стелс-пехотинца.,"The MP5SD5 is based on the MP5A4. Its integral, serviceable suppressor allows fully automatic fire with standard 9 mm ammunition. A dream weapon for every self-respecting stealth trooper.",manual-reviewed-google,google-draft,jazz,636898111204,jazz:InventoryItem/MP5SD.lua:15 | jazz:items.lua:21444
638613168199,Бронежилет Flak M1955,Бронежилет Flak M1955,Flak M1955 Body Armor,manual-reviewed-google,google-draft,jazz,638613168199,jazz:InventoryItem/JazzArmor_FlakM1955.lua:12 | jazz:items.lua:60261
642491927546,"Бронебойно зажигательная трассирующая пуля данного калибра наверное делалась для войны с другой солнечной системой, не понятно зачем вам такая мощь, но если надо, значит надо.","Бронебойно-зажигательно-трассирующую пулю такого калибра наверняка делали для войны с другой Солнечной системой. Непонятно, зачем вам такая мощь, но раз надо — значит надо.","An armor-piercing incendiary tracer of this caliber was surely intended for war with another solar system. Why you need that much power is unclear, but needs must.",manual-reviewed-google,google-draft,jazz,642491927546,jazz:InventoryItem/JAZZ_AMMO_50BMG_API_HEI.lua:12 | jazz:items.lua:8567
647181592030,<image UI/Conversation/T_Dialogue_IconBackgroundCircle.tga 400 130 128 120> Пораженные цели получают статус «<color EmStyle>Вне укрытия</color>» и лишаются его преимуществ,<image UI/Conversation/T_Dialogue_IconBackgroundCircle.tga 400 130 128 120> Поражённые цели получают статус «<color EmStyle>Вне укрытия</color>» и теряют преимущества укрытия,<image UI/Conversation/T_Dialogue_IconBackgroundCircle.tga 400 130 128 120> Hit targets gain <color EmStyle>Out of Cover</color> and lose all cover benefits,manual-reviewed-google,google-draft,jazz,647181592030,jazz:InventoryItem/_9mm_Tracer.lua:14 | jazz:items.lua:9044
648136712142,"Первый специализированный противопульный бронежилет, защищающий от автоматных пуль из АКМ и АК-74. Защита обеспечивается за счет титановых бронепластин толщиной 6.5 мм.","Первый специализированный противопульный бронежилет, защищавший от винтовочных пуль АКМ и АК-74. Защиту обеспечивают титановые пластины толщиной 6,5 мм.",The first specialized bullet-resistant vest rated against rifle rounds from the AKM and AK-74. Protection comes from 6.5 mm titanium plates.,manual-reviewed-google,google-draft,jazz,648136712142,jazz:InventoryItem/JazzArmor_6B3.lua:14 | jazz:items.lua:60605
649524596282,"Простое охотничье оружие. Модные боевые дробовики могут быть самозарядными или вообще стрелять очередями, но только эта дедовская двустволка способна выстреливать по два патрона за раз. Как сказал один великий серьезный человек ""Из двух стволов стрелять в два раза веселее"".","Простое охотничье ружьё. Модные боевые дробовики бывают самозарядными и даже стреляют очередями, но только дедовская двустволка выпускает два патрона сразу. Как сказал один великий серьёзный человек: «Из двух стволов стрелять вдвое веселее».","A simple hunting gun. Trendy combat shotguns may be self-loading or even fully automatic, but only this old double-barrel fires two shells at once. As one great and serious man said: “Two barrels are twice the fun.”",manual-reviewed-google,google-draft,jazz,649524596282,jazz:InventoryItem/DoubleBarrelShotgun.lua:16 | jazz:items.lua:29510
651620241290,"Ранний вариант Colt Commando, на базе винтовки М16А1, получившийся путем обрезания половины ствола. Компактный автомат с громким звуком и большой вспышкой. Не для использования в помещениях.","Ранний Colt Commando на базе M16A1, полученный обрезанием половины ствола. Компактный автомат с оглушительным звуком и огромной вспышкой. Для помещений не рекомендуется.","An early Colt Commando based on the M16A1, created by chopping off half the barrel. Compact, deafening, and blessed with an enormous muzzle flash. Not recommended indoors.",manual-reviewed-google,google-draft,jazz,651620241290,jazz:InventoryItem/CAR15.lua:15 | jazz:items.lua:22195
652024164313,"Максимальное расстояние, на которое можно прицельно стрелять из оружия.","Максимальная дистанция, на которой из оружия можно вести прицельный огонь.",The maximum range at which the weapon can fire accurately.,manual-reviewed-google,google-draft,jazz,652024164313,jazz:items.lua:75666
654274057334,Строительные каски,Строительные каски,Construction helmets,manual-reviewed-google,google-draft,jazz,654274057334,jazz:InventoryItem/JazzArmor_ConstructionHelmet.lua:13 | jazz:items.lua:59366
659912789786,Самодельная кольчуга из железа из шин. Разработана и введена в эксплуатацию Легионом,"Самодельная кольчуга из стальной проволоки, добытой из шин. Разработана и принята на вооружение Легионом.",Homemade chain mail woven from steel tire wire. Designed and fielded by the Legion.,manual-reviewed-google,google-draft,jazz,659912789786,jazz:InventoryItem/JazzArmor_Chainmail.lua:15 | jazz:items.lua:60100
664162876607,Ранение в голову,Ранение головы,Head Injury,manual-reviewed-google,google-draft,jazz,664162876607,jazz:CharacterEffect/Headshot.lua:10 | jazz:items.lua:62329
669750808305,Французская каска,Французская каска,French helmet,manual-reviewed-google,google-draft,jazz,669750808305,jazz:InventoryItem/JazzArmor_AdrianHelmet.lua:15 | jazz:items.lua:59396
672638081967,Шлемы Гвардиан,Шлемы Guardian,Guardian Helmets,manual-reviewed-google,google-draft,jazz,672638081967,jazz:InventoryItem/JazzArmor_GuardianHelm.lua:13 | jazz:items.lua:59844
674996944199,Бонус за клик,Бонус за уровень прицеливания,Bonus per Aim Level,manual-reviewed-google,google-draft,jazz,674996944199,jazz:items.lua:75683
676264975098,Усиленные кевларовые щитки поверх военной формы,Усиленные кевларовые наколенники поверх военной формы,Reinforced Kevlar knee pads worn over a military uniform,manual-reviewed-google,google-draft,jazz,676264975098,jazz:InventoryItem/JazzArmor_CamoKneePads.lua:15 | jazz:items.lua:61291
676306531266,"Бронебойный палтиник, подходит для убийства терминаторов, автомобилей, легкой техники, но вы будете стрелять им по людям, удачной охоты.","Бронебойный «полтинник»: годится против терминаторов, автомобилей и лёгкой техники. Но вы будете стрелять им по людям. Удачной охоты.","An armor-piercing .50-caliber round, fit for terminators, cars, and light vehicles. You will be firing it at people. Happy hunting.",manual-reviewed-google,google-draft,jazz,676306531266,jazz:InventoryItem/JAZZ_AMMO_50BMG_APIT.lua:12 | jazz:items.lua:8628
684296538295,Прибор ночного зрения третьего поколения,Прибор ночного видения третьего поколения,Third-Generation Night-Vision Device,manual-reviewed-google,google-draft,jazz,684296538295,jazz:InventoryItem/JazzArmor_NVG3.lua:12 | jazz:items.lua:59315
693364549331,"Современный коммерческий бронежилет с защитой паха из сверхплотного высокомолекулярного полиэтилена (СВМПЭ). Производитель предлагал Ассоциации эксклюзивный контракт, но мы были вынуждены отказаться, из за странного условия - провести необходимое количество Ночных Операций.","Современный коммерческий бронежилет с защитой паха из сверхвысокомолекулярного полиэтилена (СВМПЭ). Производитель предлагал Ассоциации эксклюзивный контракт, но мы отказались из-за странного условия: провести необходимое количество Ночных операций.","Modern commercial UHMWPE body armor with groin protection. The manufacturer offered the Association an exclusive contract, but we declined over one strange condition: completing a required number of Night Ops.",manual-reviewed-google,google-draft,jazz,693364549331,jazz:InventoryItem/JazzArmor_UHMWPE.lua:14 | jazz:items.lua:60987
696326635294,"Шлемы Тварон, Тяжелый",Тяжёлые шлемы из тварона,Heavy Twaron Helmets,manual-reviewed-google,google-draft,jazz,696326635294,jazz:InventoryItem/JazzArmor_TwaronHelmHeavy.lua:13 | jazz:items.lua:59666
696428661966,Вес брони (3 Класс),Вес брони (3-й класс),Armor Weight (Class 3),manual-reviewed-google,google-draft,jazz,696428661966,jazz:CharacterEffect/Weight_3Class.lua:10 | jazz:items.lua:104099
698130726969,Повышенный уровень сложности.<newline><newline><color FlavorStyle>Уровень сложности можно будет изменить в любой момент.</color>,Повышенный уровень сложности.<newline><newline><color FlavorStyle>Уровень сложности можно будет изменить в любой момент.</color>,Increased difficulty level.<newline><newline><color FlavorStyle>The difficulty level can be changed at any time.</color>,manual-reviewed-google,google-draft,jazz,698130726969,jazz:items.lua:110831
702435988941,Ствол: Уменьшает отдачу на <BarrelRecoilRecude>,Ствол: снижает отдачу на <BarrelRecoilRecude>,Barrel: Reduces recoil by <BarrelRecoilRecude>,manual-reviewed-google,google-draft,jazz,702435988941,jazz:items.lua:33161
712257416279,"5,56мм, FMJ","5,56 мм, FMJ","5.56 mm, FMJ",manual-reviewed-google,google-draft,jazz,712257416279 | 890000000000738,jazz:InventoryItem/_556_Basic.lua:10 | jazz:items.lua:9269 | jazz:InventoryItem/JAZZ_AMMO_556_FMJ.lua:9 | jazz:items.lua:6096
724975034141,Шлем 6Б7,Шлем 6Б7,6B7 Helmet,manual-reviewed-google,google-draft,jazz,724975034141,jazz:InventoryItem/JazzArmor_6b7Helm.lua:12 | jazz:items.lua:59697
727060566316,Стандартный патрон калибра 9х19мм,Стандартный патрон калибра 9×19 мм,Standard 9x19 mm round,manual-reviewed-google,google-draft,jazz,727060566316,jazz:InventoryItem/_9mm_Basic.lua:12 | jazz:items.lua:8873
728650423872,ВОЛЯ,ВОЛЯ,WILL,manual-reviewed-google,google-draft,jazz,728650423872,jazz:items.lua:70337
730568971680,"Тяжелый штурмовой бронежилет шамана Сангомы, который он носил в бытностью свою ликвидатором этого их ""Отряда Смерти"", что заметно по характерной устрашающей раскраске. Интересно, что на бронежилете нет никаких следов от пуль или осколков, можно сказать - не битый, не крашеный.","Тяжёлый штурмовой бронежилет шамана Сангомы. Он носил его, когда служил ликвидатором в их «Отряде смерти», что заметно по устрашающей раскраске. При этом на броне нет ни следа от пуль или осколков: один хозяин, не бит, не крашен.","Sangoma's heavy assault armor, worn during his enforcer days with the infamous “Death Squad,” as the intimidating paintwork suggests. Curiously, it bears no bullet or shrapnel marks: one careful owner, never hit, original paint.",manual-reviewed-google,google-draft,jazz,730568971680,jazz:InventoryItem/ShamanTorso.lua:13 | jazz:items.lua:60871
733817360256,Африканский патрон калибра 7.62х51мм НАТО,"Африканский патрон калибра 7,62×51 мм НАТО",African-made 7.62x51 mm NATO round,manual-reviewed-google,google-draft,jazz,733817360256,jazz:InventoryItem/_762NATO_HP.lua:13 | jazz:items.lua:9597
735699102530,Полицейский бронежилет,Полицейский бронежилет,Police Body Armor,manual-reviewed-google,google-draft,jazz,735699102530,jazz:InventoryItem/JazzArmor_PoliceVest.lua:12 | jazz:items.lua:60451
737944122811,"Основной карабин армии США и десятков других, и, скорее всего, останется им еще на долгое время, несмотря на неоднократно высказываемые претензии к недостаточной надежности в суровых условиях эксплуатации.","Основной карабин армии США и десятков других армий. Вероятно, он останется таким ещё надолго, несмотря на постоянные претензии к надёжности в тяжёлых условиях.",The standard carbine of the U.S. Army and dozens of others. It will probably remain so for years despite recurring complaints about reliability in harsh conditions.,manual-reviewed-google,google-draft,jazz,737944122811,jazz:InventoryItem/M4A1.lua:15 | jazz:items.lua:22407
738668654416,Ранен,Ранен,Wounded,manual-reviewed-google,google-draft,jazz,738668654416,jazz:CharacterEffect/Wounded.lua:112 | jazz:items.lua:63361
741313418738,"Стальная плита 4 класса защиты. Неплохо защищает от винтовочных и автоматных пуль, что дает наемнику право на ошибку.",Стальная плита 4-го класса. Неплохо защищает от винтовочных и автоматных пуль и даёт наёмнику право на ошибку.,A Class 4 steel plate. It offers solid protection against rifle fire and gives a mercenary room for one mistake.,manual-reviewed-google,google-draft,jazz,741313418738,jazz:InventoryItem/JazzArmorPlates_Steel4.lua:15 | jazz:items.lua:61773
742518516674,"Ультракороткий вариант G36 в компоновке ""коммандо"". Вместо фирменного оптико-электронного прицела и ручки для переноски - универсальная планка. Как и любое оружие этого класса - компактный, но чересчур шумный.","Ультракороткий G36 в конфигурации «коммандо». Фирменную оптику и ручку для переноски заменили универсальной планкой. Как и всё оружие этого класса, он компактен, но чересчур шумен.","An ultra-short G36 in a commando configuration. The proprietary optics and carrying handle give way to a universal accessory rail. Like every weapon in its class, it is compact—and far too loud.",manual-reviewed-google,google-draft,jazz,742518516674,jazz:InventoryItem/G36c.lua:15 | jazz:items.lua:22530
745507740881,"Советская штурмовая кираса, использовавшаяся специальными подразделениями РККА в ходе Великой Отечественной войны. С уверенностью останавливает 9-мм пистолетную пулю из МП40, что, безусловно, послужило неприятным сюрпризом для солдат Вермахта в схватках накоротке.","Советская штурмовая кираса специальных подразделений РККА времён Великой Отечественной войны. Она уверенно останавливает 9-мм пистолетную пулю из MP40, что стало неприятным сюрпризом для солдат Вермахта в ближнем бою.",A Soviet assault cuirass used by specialized Red Army units in World War II. It reliably stops a 9 mm pistol round from an MP40—an unpleasant surprise for Wehrmacht troops at close quarters.,manual-reviewed-google,google-draft,jazz,745507740881,jazz:InventoryItem/JazzArmor_SovietAssaultArmor.lua:14 | jazz:items.lua:60343
751666262115,"Гражданская версия точной и убойной винтовки со скользяще-поворотным затвором. Одна из самых популярных, если не самая болтовая винтовка в мире. В руках опытного снайпера способна нагнать страх, ужас, ад и Израиль на любое подразделение врага.","Гражданская версия точной и убойной винтовки с продольно-скользящим поворотным затвором. Одна из самых популярных болтовых винтовок в мире, если не самая популярная. В руках опытного снайпера нагонит страх и ужас на любое подразделение противника.","A civilian version of an accurate, lethal bolt-action rifle—one of the world's most popular, perhaps the most popular. In an expert sniper's hands, it can put the fear of God into any enemy unit.",manual-reviewed-google,google-draft,jazz,751666262115,jazz:InventoryItem/M700.lua:15 | jazz:items.lua:26809
751868165484,Увеличение количества уровней прицеливания на <IncreaseMaxAimActions>,Добавляет уровни прицеливания: <IncreaseMaxAimActions>,Adds <IncreaseMaxAimActions> aim levels,manual-reviewed-google,google-draft,jazz,751868165484,jazz:items.lua:32858
752413737694,ВСС,ВСС,VSS,manual-reviewed-google,google-draft,jazz,752413737694 | 851891287061,jazz:InventoryItem/VSS.lua:14 | jazz:items.lua:22654 | jazz:InventoryItem/VSS.lua:13 | jazz:items.lua:22653
752695709439,Нельзя стрелять с одной руки,Нельзя стрелять одной рукой,Cannot Be Fired One-Handed,manual-reviewed-google,google-draft,jazz,752695709439,jazz:items.lua:32836
755003574664,"Вариант винтовки SIG 550 в современном кастомном обвесе, позволяющем установить дополнительные приспособления. Стильно, модно, молодежно. Даже завидно.","Вариант SIG 550 в современном кастомном обвесе для установки дополнительных приспособлений. Стильно, модно, молодёжно. Даже завидно.","A SIG 550 in a modern custom chassis that accepts additional accessories. Stylish, fashionable, youthful. Almost enviable.",manual-reviewed-google,google-draft,jazz,755003574664,jazz:InventoryItem/Sig550Custom.lua:15 | jazz:items.lua:24696
758339612573,"Тяжелый штурмовой бронежилет Зилон с защитой шеи, паха и рук в камуфляжой раскраске. Имеет большу крепость на разрыв, чем другие типы брони, но быстрее приходит в негодность","Тяжёлый штурмовой бронежилет из зилона с защитой шеи, паха и рук, в камуфляжной расцветке. У зилона выше прочность на разрыв, чем у других броневых материалов, но он быстрее приходит в негодность.","Heavy camouflage Zylon assault armor with neck, groin, and arm protection. Zylon has greater tensile strength than other armor fibers but deteriorates faster.",manual-reviewed-google,google-draft,jazz,758339612573,jazz:InventoryItem/JazzArmor_ZylonFull.lua:14 | jazz:items.lua:60574
760355983161,"Дальнейшее развитие бронежилетов серии ""Флак"". Бронезащита теперь обеспечивается брикетом из 18 слоев кевлара, что усилило защитные свойства относительно в прошлой версии аж в полтора раза.","Дальнейшее развитие бронежилетов серии Flak. Теперь защиту обеспечивает пакет из 18 слоёв кевлара, в полтора раза эффективнее предыдущей версии.",A further development of the Flak vest. Its 18-layer Kevlar package provides one and a half times the protection of the previous model.,manual-reviewed-google,google-draft,jazz,760355983161,jazz:InventoryItem/JazzArmor_PASGT.lua:14 | jazz:items.lua:60544
762855095908,Пистолет Стечкина,Пистолет Стечкина,Stechkin pistol,manual-reviewed-google,google-draft,jazz,762855095908,jazz:InventoryItem/APS.lua:12 | jazz:items.lua:18902
764012338960,Тяжелый арамидный шлем Зилон с баллистическим забралом из бронестекла. Предлагается для проведения штурмовых операций в замкнутых пространствах.,Тяжёлый арамидный шлем из зилона с баллистическим забралом из бронестекла. Предназначен для штурмовых операций в замкнутых пространствах.,"A heavy Zylon aramid helmet with an armored-glass ballistic visor, intended for assaults in confined spaces.",manual-reviewed-google,google-draft,jazz,764012338960,jazz:InventoryItem/JazzArmor_ZylonHelmHeavy.lua:14 | jazz:items.lua:59577
770209843536,Форменные армейские штаны в камуфляжной расцветке.,Форменные армейские штаны камуфляжной расцветки.,Camouflage Army Trousers.,manual-reviewed-google,google-draft,jazz,770209843536,jazz:InventoryItem/JazzArmor_UniformPants.lua:14 | jazz:items.lua:61237
770790779264,Выстрел <color EmStyle><num> патронами</color> по цели без отдачи. ,Выпускает по цели <color EmStyle><num> патронов</color> без отдачи.,Fires <color EmStyle><num> rounds</color> at a target with no recoil.,manual-reviewed-google,google-draft,jazz,770790779264,jazz:items.lua:64794
776690469955,ПП19 Бизон,ПП-19 «Бизон»,PP-19 Bizon,manual-reviewed-google,google-draft,jazz,776690469955 | 965842574005,jazz:InventoryItem/PP19Bizon.lua:13 | jazz:items.lua:20838 | jazz:InventoryItem/PP19Bizon.lua:14 | jazz:items.lua:20839
779848171279,Бронежилет из сверхплотного высокомолекулярного полиэтилена. Штурмовой вариант,Бронежилет из сверхвысокомолекулярного полиэтилена. Штурмовой вариант.,UHMWPE body armor. Assault model.,manual-reviewed-google,google-draft,jazz,779848171279,jazz:InventoryItem/JazzArmor_UHMWPEFull.lua:15 | jazz:items.lua:61018
782763045030,Современный российский шлем,Современный российский шлем,Modern Russian helmet,manual-reviewed-google,google-draft,jazz,782763045030,jazz:InventoryItem/JazzArmor_6b7Helm.lua:15 | jazz:items.lua:59700
788849288498,Увеличивает эффективность прицеливания на 15%,Повышает эффективность прицеливания на 15%,Increases Aim effectiveness by 15%,manual-reviewed-google,google-draft,jazz,788849288498,jazz:items.lua:32802
793616271672,Самодельные наколенники,Самодельные наколенники,Homemade knee pads,manual-reviewed-google,google-draft,jazz,793616271672,jazz:InventoryItem/JazzArmor_RaiderKneePads.lua:15 | jazz:items.lua:61185
796049810331,Титановая плита 4 класса защиты,Титановая плита 4-го класса защиты,Class 4 Titanium Armor Plate,manual-reviewed-google,google-draft,jazz,796049810331 | 810499546011,jazz:InventoryItem/JazzArmorPlates_Titan4.lua:14 | jazz:items.lua:61927 | jazz:InventoryItem/JazzArmorPlates_Titan4.lua:13 | jazz:items.lua:61926
796729854508,Самодельные кольчуги,Самодельные кольчуги,Homemade chain mail,manual-reviewed-google,google-draft,jazz,796729854508,jazz:InventoryItem/JazzArmor_Chainmail.lua:13 | jazz:items.lua:60098
799661559477,<image UI/Conversation/T_Dialogue_IconBackgroundCircle.tga 400 130 128 120> Старый Немецкий Шмайссер (нет),<image UI/Conversation/T_Dialogue_IconBackgroundCircle.tga 400 130 128 120> Старый немецкий «Шмайссер» (на самом деле нет),<image UI/Conversation/T_Dialogue_IconBackgroundCircle.tga 400 130 128 120> Old German “Schmeisser” (not really),manual-reviewed-google,google-draft,jazz,799661559477,jazz:InventoryItem/MP40.lua:16 | jazz:items.lua:19974
803787536304,"Маленькая ручная гаубица. Большой и серьезный советский пистолет, для офицеров, экипажей техники, артиллеристов и прочих, кому пистолета мало, а автомат не положен.","Маленькая ручная гаубица. Большой и серьёзный советский пистолет для офицеров, экипажей техники, артиллеристов и прочих, кому обычного пистолета мало, а автомат по штату не положен.","A pocket howitzer: a large, serious Soviet pistol for officers, vehicle crews, artillerymen, and anyone who needs more than a sidearm but is not issued a rifle.",manual-reviewed-google,google-draft,jazz,803787536304,jazz:InventoryItem/APS.lua:14 | jazz:items.lua:18904
805310507119,Мотоциклетная защита. Не держит пули,Мотоциклетная защита. Пули не держит.,Motorcycle Armor. Does Not Stop Bullets.,manual-reviewed-google,google-draft,jazz,805310507119,jazz:InventoryItem/JazzArmor_MotoKneePads.lua:15 | jazz:items.lua:61157
806826966692,Защита для глаз во время песчанных бурь,Защита глаз во время песчаных бурь,Eye protection during sandstorms,manual-reviewed-google,google-draft,jazz,806826966692,jazz:InventoryItem/JazzArmor_ESS.lua:14 | jazz:items.lua:59256
809599322813,Шлем СВМПЭ,Шлем СВМПЭ,UHMWPE helmet,manual-reviewed-google,google-draft,jazz,809599322813,jazz:InventoryItem/JazzArmor_UHMWPEHelm.lua:12 | jazz:items.lua:59930
816569867315,"Армейские трассера проверенные временем, они нужны не столько для убийства, сколько для помощи другим в целеуказании, но что вам мешает пострелять по голожопым целям?","Проверенные временем армейские трассеры. Они нужны не столько для убийства, сколько для целеуказания, но кто мешает пострелять ими по незащищённым целям?","Time-tested military tracers. They are meant more for target designation than killing, but nothing stops you firing them at unarmored targets.",manual-reviewed-google,google-draft,jazz,816569867315,jazz:InventoryItem/JAZZ_AMMO_556_Tracer.lua:12 | jazz:items.lua:6356
819462688754,"«Когда умерла Жозефина, я не знал, что мне с собой делать. Я подался в <color EmStyle>Ландсбах</color>, потому что слышал, тут неплохие заработки.<newline><newline>Вкалывать в шахте оказалось труднее, чем я думал, так что я вступил в этот их <color EmStyle>Понтовый клуб</color>, чтоб было где спустить пар. Оказалось, на ринге за неделю можно заработать столько же, сколько за два месяца в этой чертовой шахте!<newline><newline>Местные меня теперь уважают, потому что я здоровый, ловкий и запросто могу вырубить любого. Даже прозвище мне дали - <color EmStyle>Костолом</color>! Вчера <color EmStyle>Рикошет</color> сказал, <color EmStyle>Зигфрид</color> предлагает мне стать одним из его личных охранников. Иду на повышение, однако!»","«Когда умерла Жозефина, я не знал, что мне с собой делать. Я подался в <color EmStyle>Ландсбах</color>: слышал, тут неплохо платят.<newline><newline>Работа в шахте оказалась тяжелее, чем я думал, и я вступил в их <color EmStyle>Понтовый клуб</color>, чтобы было где выпустить пар. На ринге за неделю можно заработать столько же, сколько за два месяца в этой чёртовой шахте!<newline><newline>Местные теперь меня уважают: я здоровый, ловкий и могу вырубить кого угодно. Даже прозвище дали — <color EmStyle>Костолом</color>! Вчера <color EmStyle>Рикошет</color> сказал, что <color EmStyle>Зигфрид</color> предлагает мне стать одним из его личных охранников. Иду на повышение!»","“When Josephine died, I did not know what to do with myself. I came to <color EmStyle>Landsbach</color> after hearing the pay was good.<newline><newline>The mine was harder work than I expected, so I joined their <color EmStyle>Fight Club</color> to let off steam. One week in the ring pays as much as two months in that damned mine!<newline><newline>The locals respect me now. I am big, quick, and can knock out anyone. They even gave me a nickname: <color EmStyle>Bonecrusher</color>! Yesterday <color EmStyle>Ricochet</color> said <color EmStyle>Siegfried</color> wants me as one of his personal guards. I am moving up!”",manual-reviewed-google,google-draft,jazz,819462688754,jazz:InventoryItem/WorkerDiary.lua:10 | jazz:items.lua:57109
820485978985,"Французский армейский шлем, вставший на службу еще в Первую Мировую войну. Обеспечивает неплохую защиту от случайных осколков и шрапнели, что сохраняет его полезность в условиях боевых действий в Гранд-Шьене. Ну, за неимением лучшего.","Французская армейская каска, принятая на вооружение ещё в Первую мировую. Неплохо защищает от случайных осколков и шрапнели, поэтому остаётся полезной и в боях за Гранд-Чиен. Ну, за неимением лучшего.",A French army helmet that entered service in World War I. It still offers decent protection from stray fragments and shrapnel in Grand Chien—when nothing better is available.,manual-reviewed-google,google-draft,jazz,820485978985,jazz:InventoryItem/JazzArmor_AdrianHelmet.lua:14 | jazz:items.lua:59395
820509954217,Тяжелый советский шлем,Тяжелый советский шлем,Heavy Soviet helmet,manual-reviewed-google,google-draft,jazz,820509954217,jazz:InventoryItem/JazzArmor_AltynHelm.lua:15 | jazz:items.lua:59786
821984487782,"Личный шлем шамана Сангомы, принадлежавший ему еще в тот период, когда Сангома был в составе печального известного ""Отряда Смерти"". К обычному военному шлему добавлена баллистическая маска в агрессивной раскраске в форме черепа, призванная оказывать психологический эффект на противников Сангомы.","Личный шлем шамана Сангомы со времён его службы в печально известном «Отряде смерти». К обычному военному шлему добавлена баллистическая маска с агрессивной раскраской под череп, призванная запугивать противников.",Sangoma's personal helmet from his days in the infamous “Death Squad.” A skull-painted ballistic mask added to an ordinary military helmet is meant to terrify his opponents.,manual-reviewed-google,google-draft,jazz,821984487782,jazz:InventoryItem/ShamanHelmet.lua:14 | jazz:items.lua:59961
825566935194,Тяжелый самодельный шлем,Тяжелый самодельный шлем,Heavy homemade helmet,manual-reviewed-google,google-draft,jazz,825566935194,jazz:InventoryItem/JazzArmor_MetalHelm.lua:15 | jazz:items.lua:59447
827774006254,"5,45 мм, ПС Армейский","5,45 мм, ПС (армейский)","5.45 mm, PS (Military)",manual-reviewed-google,google-draft,jazz,827774006254,jazz:InventoryItem/JAZZ_AMMO_545_Army.lua:9 | jazz:items.lua:6518
830578325184,Тяжелая броня для ног из металла,Тяжелая броня для ног из металла,Heavy metal leg armor,manual-reviewed-google,google-draft,jazz,830578325184,jazz:InventoryItem/JazzArmor_RaiderMetalLeggins.lua:15 | jazz:items.lua:61321
837560051301,Прицел: Уменьшает сектор контроля на 30%,Прицел: сужает сектор наблюдения на 30%,Scope: Narrows the Overwatch Cone by 30%,manual-reviewed-google,google-draft,jazz,837560051301,jazz:items.lua:32996
840673411268,Современный армейский патрон калибра 5.56x45мм.,"Современный армейский патрон калибра 5,56×45 мм.",Modern 5.56x45 mm military round.,manual-reviewed-google,google-draft,jazz,840673411268,jazz:InventoryItem/_556_AP.lua:13 | jazz:items.lua:9307
841512642943,Штурмовой бронежилет 6Б13,Штурмовой бронежилет 6Б13,6B13 Assault Vest,manual-reviewed-google,google-draft,jazz,841512642943,jazz:InventoryItem/JazzArmor_6B13.lua:12 | jazz:items.lua:60782
841645965970,"При активации взрывчатка с таймером, кинутая Споуком, взорвётся в начале вражеского хода.","При активации взрывчатка с таймером, брошенная Споуком, взорвётся в начале хода противника.","When activated, timed explosives thrown by Spoke detonate at the start of the enemy turn.",manual-reviewed-google,google-draft,jazz,841645965970,jazz:CharacterEffect/Jazz_Perk_00.lua:17 | jazz:items.lua:71602
842926988549,Стандартный прицел,Стандартный прицел,Standard sight,manual-reviewed-google,google-draft,jazz,842926988549,jazz:items.lua:45243
844850890619,Ранение в ноги,Ранение ног,Leg Injury,manual-reviewed-google,google-draft,jazz,844850890619,jazz:CharacterEffect/Legsshot.lua:10 | jazz:items.lua:62440
859994737578,Шлем MICH 2001,Шлем MICH 2001,Helmet MICH 2001,manual-reviewed-google,google-draft,jazz,859994737578,jazz:InventoryItem/JazzArmor_Mich2001.lua:12 | jazz:items.lua:59815
861971172551,"Титановая бронеплита 3 класса защиты. По пулестойкости титан крепче стали, и гораздо легче нее. Есть и минусы. Цена. И заброневое осколочное действие титана. Но в первую очередь цена, да.","Титановая бронеплита 3-го класса защиты. Титан лучше стали держит пулю и весит гораздо меньше. Минусы тоже есть: цена и заброневое осколочное действие. Но прежде всего — цена, да.","A Class 3 titanium armor plate. Titanium offers better ballistic resistance than steel at much lower weight. It has drawbacks: cost and dangerous behind-armor fragmentation. Mostly the cost, though.",manual-reviewed-google,google-draft,jazz,861971172551,jazz:InventoryItem/JazzArmorPlates_Titan3.lua:15 | jazz:items.lua:61902
863567091821,"Тяжелые бронежилеты СПЕКТРА были модифицированы неугомонными руками доктора Грузельхайма путем замены бронеэлементов на аналогичные из Композитума-58. Весьма успешно надо сказать, расковырять неоарийцев в этих бронежилетах задача та еще.","Неугомонный доктор Грузельхайм модифицировал тяжёлые бронежилеты СПЕКТРА, заменив бронеэлементы деталями из Композитума-58. Весьма успешно: расковырять неоарийцев в такой броне — задача не из лёгких.","The indefatigable Dr. Gruselheim modified heavy SPECTRA armor by replacing its inserts with Compositum-58 equivalents. Quite successfully, too: prying neo-Aryans out of these vests is no easy task.",manual-reviewed-google,google-draft,jazz,863567091821,jazz:InventoryItem/JazzArmor_SpectraCompositum.lua:14 | jazz:items.lua:61106
865667887261,Стандартный патрон для револьверов и винтовок калибра .44.,Стандартный патрон для револьверов и винтовок калибра .44.,Standard .44 round for revolvers and rifles.,manual-reviewed-google,google-draft,jazz,865667887261,jazz:InventoryItem/_44CAL_Basic.lua:12 | jazz:items.lua:9072
866133024791,"В отсуствие фабричных средств защиты, Легион Патриотов Гранд-Чиена вынужден прибегать к кустарному производству их из подручных материалов. Ржавая кольчуга из проволоки против холодного оружия и противоосколочные резиновые пластины из шин. Страшно подумать, что сумрачный гений дизайнера этой брони был бы способен произвести в условиях большего изобилия ресурсов.","За неимением фабричной защиты Легион патриотов Гранд-Чиена мастерит её из подручных материалов: ржавая проволочная кольчуга против холодного оружия и резиновые противоосколочные пластины из шин. Страшно представить, что сумрачный гений автора этой брони создал бы при большем изобилии ресурсов.","Lacking factory-made protection, the Grand Chien Legion of Patriots improvises with scrap: rusty wire mail against blades and rubber tire plates against fragments. One shudders to imagine what the armor's dark genius might create with better resources.",manual-reviewed-google,google-draft,jazz,866133024791,jazz:InventoryItem/JazzArmor_Chainmail.lua:14 | jazz:items.lua:60099
867511028817,<image UI/Conversation/T_Dialogue_IconBackgroundCircle.tga 400 130 128 120> Низкая цена атаки,<image UI/Conversation/T_Dialogue_IconBackgroundCircle.tga 400 130 128 120> Низкая стоимость атаки в ОД,<image UI/Conversation/T_Dialogue_IconBackgroundCircle.tga 400 130 128 120> Low AP attack cost,manual-reviewed-google,google-draft,jazz,867511028817,jazz:InventoryItem/Knife.lua:14 | jazz:items.lua:56356
873779807013,"Большой 12-ти зарядный гладкоствольный револьвер 12 калибра. ""Барабан"" неотъемный, заряжается и разряжается по одному патрону серез специальное окно, взводится вручную отдельной боевой пружиной. Получилась огромная устрашающего вида гаргалыга, весьма популярная у полицейских формирований в Африке. ","Большой 12-зарядный гладкоствольный револьвер 12-го калибра. Несъёмный барабан заряжается по одному патрону через специальное окно, а его пружина взводится вручную. Получилась огромная устрашающая махина, весьма популярная у полицейских формирований Африки.","A large 12-shot, 12-gauge revolving shotgun. Its fixed cylinder is loaded one shell at a time through a gate, and the clockwork spring must be wound by hand. The result is an enormous, intimidating contraption popular with African police forces.",manual-reviewed-google,google-draft,jazz,873779807013,jazz:InventoryItem/Striker.lua:15 | jazz:items.lua:29988
875851723035,"Рабочая лошадка американской армии - кевларовый шлем PASGT, разработанный в 1980-х годах. На сегодня уже потихоньку снимается с вооружения и заменяется более перспективными образцами, из-за чего списанные шлемы легко попадают в какие-нибудь африканские колонии.","Рабочая лошадка американской армии — кевларовый шлем PASGT, разработанный в 1980-х. Его постепенно снимают с вооружения и заменяют современными моделями, а списанные шлемы легко оказываются в какой-нибудь африканской глуши.","The PASGT Kevlar helmet was a U.S. Army workhorse of the 1980s. As newer models replace it, surplus helmets readily find their way to some African backwater.",manual-reviewed-google,google-draft,jazz,875851723035,jazz:InventoryItem/JazzArmor_PASGTHelm.lua:14 | jazz:items.lua:59727
878616193433,"Предлагаемый в качестве альтернативы кевлару броневой материал тварон завоевывает все большую и большую популярность на рынке. Вот, например, сделанная из тварона каска, имеющая вполне компетентные характеристики защиты.","Тварон как альтернатива кевлару становится всё популярнее. Вот, например, сделанный из него шлем с вполне достойными защитными характеристиками.","Twaron is gaining ground as an alternative to Kevlar. This helmet, for example, offers perfectly respectable protection.",manual-reviewed-google,google-draft,jazz,878616193433,jazz:InventoryItem/JazzArmor_TwaronHelm.lua:14 | jazz:items.lua:59638
879285674370,Пистолет ТТ,Пистолет ТТ,TT pistol,manual-reviewed-google,google-draft,jazz,879285674370,jazz:InventoryItem/TT33.lua:12 | jazz:items.lua:16591
880788337220,Штурмовая кираса времен мировой войны,Штурмовая кираса времён Второй мировой,World War II Assault Cuirass,manual-reviewed-google,google-draft,jazz,880788337220,jazz:InventoryItem/JazzArmor_AssaultCuirass.lua:15 | jazz:items.lua:60398
881501773320,Шлемы MICH 2000,Шлемы MICH 2000,MICH 2000 Helmets,manual-reviewed-google,google-draft,jazz,881501773320,jazz:InventoryItem/JazzArmor_Mich2000.lua:13 | jazz:items.lua:59904
883070392890,"Форменные военные штаны, усиленные кевларовой защитой коленей. ",Форменные военные штаны с усиленной кевларовой защитой коленей.,Military uniform trousers with reinforced Kevlar knee protection.,manual-reviewed-google,google-draft,jazz,883070392890,jazz:InventoryItem/JazzArmor_CamoKneePads.lua:14 | jazz:items.lua:61290
884079440459,Прицел: Увеличивает сектор контроля на 50%,Прицел: расширяет сектор наблюдения на 50%,Scope: Widens the Overwatch Cone by 50%,manual-reviewed-google,google-draft,jazz,884079440459,jazz:items.lua:32982
886365993358,"Высокие технологии добрались и до нас, последние тренды войны здесь и сейчас, прямо в вашем кармане. Идеально откалиброванные патроны и сбалансированные характеристики. Дорого, и круто.","Высокие технологии добрались и до нас: последние оружейные тренды прямо у вас в кармане. Идеально выверенные патроны, сбалансированные характеристики. Дорого и круто.","High technology has reached us at last: the latest trends in warfare, right in your pocket. Perfectly tuned ammunition and balanced performance. Expensive, and cool.",manual-reviewed-google,google-draft,jazz,886365993358,jazz:InventoryItem/JAZZ_AMMO_556_Match.lua:12 | jazz:items.lua:6133
889128024610,"Твароновый шлем с бронещитком, защищающим лицо и глаза бойца. Предлагает отличную защиту при приемлемом весе.",Твароновый шлем с бронещитком для лица и глаз. Отличная защита при приемлемом весе.,A Twaron helmet with a ballistic face shield. Excellent protection at a reasonable weight.,manual-reviewed-google,google-draft,jazz,889128024610,jazz:InventoryItem/JazzArmor_TwaronHelmHeavy.lua:14 | jazz:items.lua:59667
893317316245,Современный американский военный бронежилет. Выполнен по всем стандартам проектирования брони - арамидные пакеты усилены керамическими пластинами. Имеет воротник для защиты шеи и паховую пластину.,"Современный американский военный бронежилет, спроектированный по всем правилам: арамидные пакеты усилены керамическими пластинами. Воротник защищает шею, отдельная пластина — пах.","Modern American military body armor built by the book: aramid panels reinforced with ceramic plates, plus a collar and groin protector.",manual-reviewed-google,google-draft,jazz,893317316245,jazz:InventoryItem/JazzArmor_IBA.lua:14 | jazz:items.lua:60897
894698243806,"7.62х51мм НАТО, FMJ","7,62×51 мм НАТО, FMJ","7.62x51 mm NATO, FMJ",manual-reviewed-google,google-draft,jazz,894698243806 | 952380918979 | 890000000001034 | 890000000001098,jazz:InventoryItem/_762NATO_HP.lua:11 | jazz:items.lua:9595 | jazz:InventoryItem/_762NATO_HP.lua:10 | jazz:items.lua:9594 | jazz:InventoryItem/JAZZ_AMMO_762x51_Crafted.lua:10 | jazz:InventoryItem/JAZZ_AMMO_762x51_FMJ.lua:10 | jazz:items.lua:7465 | jazz:items.lua:7499 | jazz:InventoryItem/JAZZ_AMMO_762x51_Crafted.lua:9 | jazz:InventoryItem/JAZZ_AMMO_762x51_FMJ.lua:9 | jazz:items.lua:7464 | jazz:items.lua:7498
895703383900,"Тяжелый штурмовой бронежилет из тварона с дополнительной защитой шеи, рук и паха. Чуть хуже защищает от пуль и осколков, но лучше смягчает удары холодным оружием, что в условиях массированого применения специальных юнитов ближнего боя (дрессированых гиен) Легионом тоже очень важно.","Тяжёлый штурмовой бронежилет из тварона с дополнительной защитой шеи, рук и паха. Чуть хуже держит пули и осколки, зато лучше смягчает удары холодного оружия — немаловажно, когда Легион массово применяет дрессированных гиен.","Heavy Twaron assault armor with extra neck, arm, and groin protection. It is slightly worse against bullets and fragments but better at absorbing melee blows—important when the Legion fields trained hyenas en masse.",manual-reviewed-google,google-draft,jazz,895703383900,jazz:InventoryItem/JazzArmor_TwaronFull.lua:14 | jazz:items.lua:60694
901708543549,Бронежилет PASGT,Бронежилет PASGT,PASGT Body Armor,manual-reviewed-google,google-draft,jazz,901708543549,jazz:InventoryItem/JazzArmor_PASGT.lua:12 | jazz:items.lua:60542
907828676418,"7,62x54R мм БЗТ (API-T)","7,62x54R мм БЗТ (API-T)",7.62x54R mm BZT (API-T),manual-reviewed-google,google-draft,jazz,907828676418 | 968086694447,jazz:InventoryItem/JAZZ_AMMO_762x54_APIT.lua:9 | jazz:items.lua:7343 | jazz:InventoryItem/JAZZ_AMMO_762x54_APIT.lua:10 | jazz:items.lua:7344
910956023361,Советский штурмовой нагрудник,Советский штурмовой нагрудник,Soviet Assault Breastplate,manual-reviewed-google,google-draft,jazz,910956023361,jazz:InventoryItem/JazzArmor_SovietAssaultArmor.lua:12 | jazz:items.lua:60341
910957860179,"Этот персонаж находится в <color EmStyle>критическом состоянии</color> и истечет кровью, если его не <color EmStyle>перевязать</color>. Каждый ход персонаж будет терять 8 единиц здоровья.","Этот персонаж находится в <color EmStyle>критическом состоянии</color> и истечёт кровью, если его не <color EmStyle>перевязать</color>. Каждый ход он теряет 8 ОЗ.",This character is in <color EmStyle>critical condition</color> and will bleed out unless <color EmStyle>bandaged</color>. They lose 8 HP each turn.,manual-reviewed-google,google-draft,jazz,910957860179,jazz:CharacterEffect/BleedingOut.lua:29 | jazz:items.lua:62489
911005041262,Разблокирует <color EmStyle>Маневренный бой</color>.,Открывает <color EmStyle>Маневренный бой</color>.,Unlocks <color EmStyle>Mobile Combat</color>.,manual-reviewed-google,google-draft,jazz,911005041262,jazz:items.lua:32831
911087494081,<em><enemy></em> поднят по тревоге,<em><enemy></em> поднят по тревоге,<em><enemy></em> is alerted,manual-reviewed-google,google-draft,jazz,911087494081,jazz:items.lua:109260
912113361221,Самодельные кирасы,Самодельные кирасы,Homemade cuirasses,manual-reviewed-google,google-draft,jazz,912113361221,jazz:InventoryItem/JazzArmor_ImprovisedCuirass.lua:12 | jazz:items.lua:60314
917398081831,Полицейский бронежилет. Тяжелый вариант для специальных операций,Полицейский бронежилет. Тяжёлый вариант для спецопераций.,Police Body Armor. Heavy model for special operations.,manual-reviewed-google,google-draft,jazz,917398081831,jazz:InventoryItem/JazzArmor_SWAT.lua:15 | jazz:items.lua:60484
918989925083,Легкая броня для ног. ,Лёгкая броня для ног.,Light Leg Armor.,manual-reviewed-google,google-draft,jazz,918989925083,jazz:InventoryItem/JazzArmor_GuardianLegs.lua:15 | jazz:items.lua:61474
919590693662,9x19 мм,9x19 мм,9x19 mm,manual-reviewed-google,google-draft,jazz,919590693662,jazz:items.lua:3672
919621275120,"Поздневоенный и послевоенный британский автомат. Характерной чертой автомата является примыкаемый сбоку магазин, за который он и удерживается при стрельбе, что удобно в походе, но неудобно в бою. В целом, неплохой автомат. С учетом того, что британский.","Британский пистолет-пулемёт конца войны и послевоенных лет. Магазин примыкается сбоку, и при стрельбе оружие часто держат за него: в походе удобно, в бою — не очень. В целом неплохой ПП. Для британского.","A late-war and postwar British submachine gun. Its side-mounted magazine doubles as an awkward handhold: convenient on the march, less so in a fight. Overall, not a bad weapon—for a British one.",manual-reviewed-google,google-draft,jazz,919621275120,jazz:InventoryItem/Sterling.lua:15 | jazz:items.lua:20106
921726795014,РПД,РПД,RPD,manual-reviewed-google,google-draft,jazz,921726795014 | 960477150592,jazz:InventoryItem/RPD.lua:13 | jazz:items.lua:28257 | jazz:InventoryItem/RPD.lua:14 | jazz:items.lua:28258
921997761319,"Единый пулемет советской и российской армии. Разработан в 1960-х. Может использоваться на технике, на станке, в пехотном варианте. Легче в полтора раза, чем большинство натовских пулеметов. Легенда надежности.","Единый пулемёт советской и российской армий, разработанный в 1960-х. Ставится на технику и станок или используется пехотой. В полтора раза легче большинства натовских пулемётов. Легендарно надёжен.","A Soviet and Russian general-purpose machine gun developed in the 1960s. It serves on vehicles, on mounts, and with infantry; weighs far less than most NATO counterparts; and is legendary for reliability.",manual-reviewed-google,google-draft,jazz,921997761319,jazz:InventoryItem/PKM.lua:15 | jazz:items.lua:29209
925607521276,"<image UI/Conversation/T_Dialogue_IconBackgroundCircle.tga 400 130 128 120> Короткий автомат под ""пятерку""",<image UI/Conversation/T_Dialogue_IconBackgroundCircle.tga 400 130 128 120> Короткий автомат под «пятёрку»,<image UI/Conversation/T_Dialogue_IconBackgroundCircle.tga 400 130 128 120> Compact rifle in 5.45 mm,manual-reviewed-google,google-draft,jazz,925607521276,jazz:InventoryItem/AKSU.lua:16 | jazz:items.lua:22304
929080238056,<image UI/Conversation/T_Dialogue_IconBackgroundCircle.tga 400 130 128 120> Был на обложке Джа 2,<image UI/Conversation/T_Dialogue_IconBackgroundCircle.tga 400 130 128 120> Был на обложке JA2,<image UI/Conversation/T_Dialogue_IconBackgroundCircle.tga 400 130 128 120> Featured on the JA2 cover,manual-reviewed-google,google-draft,jazz,929080238056,jazz:InventoryItem/MPL.lua:16 | jazz:items.lua:20379
930169156607,7.62x25 мм,"7,62×25 мм",7.62x25 mm,manual-reviewed-google,google-draft,jazz,930169156607,jazz:items.lua:3693
930235849895,"Тяжеленная сварочная маска, укрепленная решеткой в области прорези для глаз. Защитные свойства скорее психологические, конечно.","Тяжеленная сварочная маска, усиленная решёткой в прорези для глаз. Защита у неё, конечно, скорее психологическая.",A brutally heavy welding mask reinforced with a grille over the eye slit. Its protection is mostly psychological.,manual-reviewed-google,google-draft,jazz,930235849895,jazz:InventoryItem/JazzArmor_WieldingHelm.lua:14 | jazz:items.lua:59521
938142494998,Ствол: Уменьшает дальность на <BarrelRangeReduce>,Ствол: снижает дальность на <BarrelRangeReduce>,Barrel: Reduces range by <BarrelRangeReduce>,manual-reviewed-google,google-draft,jazz,938142494998,jazz:items.lua:33024
941101439263,"Когда в условиях войны фрезеровать Томпсоны становится чересчур дорого, ВПК начинает выдавать вот таких вот ублюдков. А вы ""ноктюрн сыграть смогли бы"" на автоматах из водопроводных труб?","Когда во время войны фрезеровать Thompson становится слишком дорого, ВПК начинает выдавать вот таких ублюдков. А вы ноктюрн сыграть смогли бы на автомате из водопроводной трубы?","When wartime industry can no longer afford to mill Thompsons, it starts turning out bastards like this. Could you play a nocturne on a submachine gun made from plumbing pipe?",manual-reviewed-google,google-draft,jazz,941101439263,jazz:InventoryItem/M3GreaseGun.lua:16 | jazz:items.lua:20039
942790476830,Яркая желтая строительная каска. Может защитить от удара по голове тупым и тяжелым предметом произвольной формы.,Ярко-жёлтая строительная каска. Может спасти от удара по голове тяжёлым тупым предметом произвольной формы.,A bright yellow hard hat. May protect your head from a heavy blunt object of almost any shape.,manual-reviewed-google,google-draft,jazz,942790476830,jazz:InventoryItem/JazzArmor_ConstructionHelmet.lua:14 | jazz:items.lua:59367
943107181623,Немецкие штурмовые кирасы,Немецкие штурмовые кирасы,German Assault Cuirasses,manual-reviewed-google,google-draft,jazz,943107181623,jazz:InventoryItem/JazzArmor_AssaultCuirass.lua:13 | jazz:items.lua:60396
946911790179,"Российский пистолет-пулемет, собранный на основе узлов автомата АКС-74, но с использованием автоматики со свободным затвором. Шнековый магазин на 64 патрона в отличие от пистолетов Calico приспособлен в качестве ухватистого цевья, а если добавить к этому малую отдачу, то крыть врага очередями становится очень приятно. Правда, потом приходится весь вечер весто ужина набивать эти самые магазины, но это того стоит, поверьте!","Российский пистолет-пулемёт на основе узлов АКС-74, но со свободным затвором. Шнековый магазин на 64 патрона, в отличие от Calico, служит удобным цевьём; вместе с малой отдачей это делает стрельбу очередями на редкость приятной. Правда, потом весь вечер вместо ужина набиваешь эти магазины. Но оно того стоит.","A Russian submachine gun built from AKS-74 parts but using simple blowback operation. Unlike the Calico, its 64-round helical magazine doubles as a handy fore-end; paired with low recoil, it makes burst fire a pleasure. True, you will spend the whole evening loading those magazines instead of eating dinner. Worth it.",manual-reviewed-google,google-draft,jazz,946911790179,jazz:InventoryItem/PP19Bizon.lua:15 | jazz:items.lua:20840
960851086720,"Тяжелый штурмовой бронежилет с защитой паха и рук из сверхплотного высокомолекулярного полиэтилена (СВМПЭ). Производитель предлагал Ассоциации эксклюзивный контракт, но мы были вынуждены отказаться, из за странного условия - провести необходимое количество Ночных Операций.","Тяжёлый штурмовой бронежилет из сверхвысокомолекулярного полиэтилена (СВМПЭ) с защитой паха и рук. Производитель предлагал Ассоциации эксклюзивный контракт, но мы отказались из-за странного условия: провести необходимое количество Ночных операций.","Heavy UHMWPE assault armor with groin and arm protection. The manufacturer offered the Association an exclusive contract, but we declined over one strange condition: completing a required number of Night Ops.",manual-reviewed-google,google-draft,jazz,960851086720,jazz:InventoryItem/JazzArmor_UHMWPEFull.lua:14 | jazz:items.lua:61017
963661589708,"Гражданская и спортивная версия российского армейского пистолета Ярыгина. Само по себе словосочетание ""гражданский пистолет в России"" выглядит насмешкой над предполагаемыми пользователями оружия, но на экспорт-то продавать его никто не запрещает.","Гражданская и спортивная версия армейского пистолета Ярыгина. Само выражение «гражданский пистолет в России» звучит как насмешка над покупателем, зато экспортировать его никто не запрещает.","A civilian sporting version of the Russian Yarygin service pistol. “Civilian pistol in Russia” sounds like a joke at the buyer's expense, but nobody forbids exporting it.",manual-reviewed-google,google-draft,jazz,963661589708,jazz:InventoryItem/MP446VIKING.lua:14 | jazz:items.lua:17590
970159445095,Современный американский бронежилет. Штурмовой вариант,Современный американский бронежилет. Штурмовой вариант.,Modern American Body Armor. Assault model.,manual-reviewed-google,google-draft,jazz,970159445095,jazz:InventoryItem/JazzArmor_IBAFull.lua:15 | jazz:items.lua:60958
972761651693,Уменьшает отдачу на <Recoil>,Уменьшает отдачу на <Recoil>,Reduces recoil by <Recoil>,manual-reviewed-google,google-draft,jazz,972761651693,jazz:items.lua:32727
975821789305,"Стальная плита 5 класса защиты. Очень тяжелая, но может остановить даже пулю из Барретта.","Стальная плита 5-го класса. Очень тяжёлая, но способна остановить даже пулю из Barrett.","A Class 5 steel plate. Extremely heavy, but capable of stopping even a Barrett round.",manual-reviewed-google,google-draft,jazz,975821789305,jazz:InventoryItem/JazzArmorPlates_Steel5.lua:15 | jazz:items.lua:61799
981675853444,<image UI/Conversation/T_Dialogue_IconBackgroundCircle.tga 400 130 128 120> Совмещены с композитумом-58,<image UI/Conversation/T_Dialogue_IconBackgroundCircle.tga 400 130 128 120> Усилено Композитумом-58,<image UI/Conversation/T_Dialogue_IconBackgroundCircle.tga 400 130 128 120> Reinforced with Compositum-58,manual-reviewed-google,google-draft,jazz,981675853444,jazz:InventoryItem/FlakLeggings_Kompositum.lua:14 | jazz:items.lua:57601
982641736202,Оптика,Оптика,Optics,manual-reviewed-google,google-draft,jazz,982641736202 | 890000000000398,jazz:Code/System_OR_Unit.lua:3178 | jazz:Code/System_OR_Unit.lua:3204 | jazz:items.lua:74562
984568849833,Шлемы PASGT,Шлемы PASGT,PASGT Helmets,manual-reviewed-google,google-draft,jazz,984568849833,jazz:InventoryItem/JazzArmor_PASGTHelm.lua:13 | jazz:items.lua:59726
990211427594,Увеличивает отдачу на <Recoil>,Увеличивает отдачу на <Recoil>,Increases recoil by <Recoil>,manual-reviewed-google,google-draft,jazz,990211427594,jazz:items.lua:32755
996245688952,Разложенный прицел,Разложенный прицел,Deployed Sight,manual-reviewed-google,google-draft,jazz,996245688952,jazz:items.lua:45940
1786863112821,Фермы приносят доход в зависимости от лояльности ближайшего города,Доход ферм зависит от лояльности ближайшего города.,Farm income depends on the loyalty of the nearest town.,manual-reviewed-google,google-draft,jazz,1786863112821,jazz:Code/POI Extension.lua:7
1786863112825,В этом секторе добывают древесину,В этом секторе заготавливают древесину.,This sector produces timber.,manual-reviewed-google,google-draft,jazz,1786863112825,jazz:Code/POI Extension.lua:11
2378508273052,<em>Город: <city></em>,<em>Город: <city></em>,<em>City: <city></em>,manual-reviewed-google,google-draft,jazz,2378508273052,jazz:Code/Regions_Sectors.lua:150
2378508273053,  Лояльность: <loyalty>%,  Лояльность: <loyalty>%,  Loyalty: <loyalty>%,manual-reviewed-google,google-draft,jazz,2378508273053 | 2378508273055,jazz:Code/Regions_Sectors.lua:151 | jazz:Code/Regions_Sectors.lua:179
2378508273056,  Уровень тревоги: <heat>,Уровень тревоги: <heat>,Alert Level: <heat>,manual-reviewed-google,google-draft,jazz,2378508273056 | 2378508273057,jazz:Code/Regions_Sectors.lua:180 | jazz:Code/Regions_Sectors.lua:155
60169593798251,Нет,Нет,No,manual-reviewed-google,google-draft,jazz,60169593798251,jazz:Code/System_ArmorRating.lua:221
69836067433751,Очень тяжелый,Очень тяжёлый,Very Heavy,manual-reviewed-google,google-draft,jazz,69836067433751,jazz:Code/System_ArmorRating.lua:221
73144740822511,Влияет на сопротивление подавлению.,Влияет на сопротивление подавлению.,Affects resistance to Suppression.,manual-reviewed-google,google-draft,jazz,73144740822511,jazz:Code/UnitPropertiesStats.lua:17
73727036345951,Легкий,Лёгкий,Light,manual-reviewed-google,google-draft,jazz,73727036345951,jazz:Code/System_ArmorRating.lua:221
178686311281214,Пожертвования,Пожертвования,Donations,manual-reviewed-google,google-draft,jazz,178686311281214,jazz:Code/POI Extension.lua:8
890000000000007,"Пистолет Смита и Вессона, так же известен как 38 Mastered. Представляет собой интересную конверсию вполне себе боевого пистолета модели 39 под патрон .38 S&W Special да еще и со специальными тупоконечными цилиндрическими пулями Wadcutter. В магазине из-за размеров патрона помещается всего 5 патронов, так что особо не разгуляешься.","Пистолет Smith & Wesson, также известный как .38 Master. Это любопытная переделка боевой модели 39 под патрон .38 S&W Special со специальной тупоконечной цилиндрической пулей wadcutter. Из-за размеров патрона магазин вмещает всего пять штук — особо не разгуляешься.","A Smith & Wesson pistol also known as the .38 Master: an unusual conversion of the Model 39 for .38 S&W Special wadcutter ammunition. The long cartridge limits the magazine to five rounds, so make them count.",manual-reviewed-google,google-draft,jazz,890000000000007,jazz:InventoryItem/SWModel52.lua:14 | jazz:items.lua:16662
890000000000010,"Робкие попытки Беретты стать чем-то большим, чем простой пистолет, были задушены в зародыше появление таких суперкомпактных автоматов, как MP5K, MAC-10 и MicroUZI.","Робкие попытки Beretta стать чем-то большим, чем обычный пистолет, задушило появление сверхкомпактных ПП вроде MP5K, MAC-10 и Micro Uzi.","Beretta's timid attempt to become something more than a mere pistol was smothered by ultra-compact submachine guns such as the MP5K, MAC-10, and Micro Uzi.",manual-reviewed-google,google-draft,jazz,890000000000010,jazz:InventoryItem/Beretta93r.lua:14 | jazz:items.lua:18829
890000000000011,"Спортивный, боевой, полицейский, гражданский пистолет из Чехии. Практически, победитель оружейного ""Евровидения"", но первое место принадлежит тому, кого нельзя называть. Иначе придется его купить.","Спортивный, боевой, полицейский и гражданский пистолет из Чехии. Практически победитель оружейного «Евровидения», но первое место принадлежит тому, кого нельзя называть. Иначе придётся его купить.","A Czech pistol for sport, service, police, and civilian use. Almost the winner of the gun world's Eurovision, but first place belongs to the one that must not be named—or you will have to buy it.",manual-reviewed-google,google-draft,jazz,890000000000011,jazz:InventoryItem/CZ75.lua:14 | jazz:items.lua:17680
890000000000013,"Третье поколение пистолетов Смита и Вессона, с рамкой и затвором полностью из нержавеющей стали. Как и другие пистолеты этой линейки - представляет собой развитие системы 1911. Имеет увеличенный магазин на 15 патронов 9 мм Люгер.","Третье поколение пистолетов Smith & Wesson с рамкой и затвором из нержавеющей стали. Модель 5906 развивает линейку Model 39/59, а не систему 1911, и оснащается магазином на 15 патронов 9 мм Luger.",A third-generation Smith & Wesson pistol with a stainless-steel frame and slide. The Model 5906 develops the Model 39/59 line—not the 1911—and uses a 15-round 9 mm Luger magazine.,manual-reviewed-google,google-draft,jazz,890000000000013,jazz:InventoryItem/SWModel5906.lua:14 | jazz:items.lua:17417
890000000000019,"Пиратская, в смысле, китайская копия советского автомата АКС. Имеет складной вниз, либо фиксированный деревянный приклад и фрезерованную ствольную коробку. Качество разнится от нестреляющей рухляди до вполне приличного автомата. Длинный игольчатый штык призван делать канапе из лаоваев.",Пиратская — то есть китайская — копия советского АКС. Бывает со складывающимся вниз или неподвижным деревянным прикладом и имеет фрезерованную ствольную коробку. Качество разнится от нестреляющей рухляди до вполне приличного автомата. Длинный игольчатый штык предназначен делать канапе из лаоваев.,"A pirated—that is, Chinese—copy of the Soviet AKS, with either an underfolding or fixed wooden stock and a milled receiver. Quality ranges from inert junk to a perfectly respectable rifle. The long spike bayonet is for making laowai canapés.",manual-reviewed-google,google-draft,jazz,890000000000019,jazz:InventoryItem/Type56.lua:15 | jazz:items.lua:23164
890000000000022,"4,6 мм, V-Max JHP","4,6 мм, V-Max JHP","4.6 mm, V-Max JHP",manual-reviewed-google,google-draft,jazz,890000000000022 | 890000000000092,jazz:InventoryItem/JAZZ_AMMO_46_JHP.lua:9 | jazz:items.lua:5057 | jazz:InventoryItem/JAZZ_AMMO_46_JHP.lua:10 | jazz:items.lua:5058
890000000000079,"9х19 мм, 9mm Ball Substandard","9х19 мм, 9mm Ball Substandard","9x19 mm, 9mm Ball Substandard",manual-reviewed-google,google-draft,jazz,890000000000079 | 890000000000437,jazz:InventoryItem/JAZZ_AMMO_9x19_Poor.lua:9 | jazz:items.lua:3945 | jazz:InventoryItem/JAZZ_AMMO_9x19_Poor.lua:10 | jazz:items.lua:3946
890000000000136,"7,92х57 мм, SmK (ББ)","7,92×57 мм, SmK (ББ)","7.92x57 mm, SmK (AP)",manual-reviewed-google,google-draft,jazz,890000000000136 | 890000000001061,jazz:InventoryItem/JAZZ_AMMO_792_AP.lua:9 | jazz:items.lua:8002 | jazz:InventoryItem/JAZZ_AMMO_792_AP.lua:10 | jazz:items.lua:8003
890000000000137,"7,92х57 мм, SmK L'spur (API-T)","7,92×57 мм, SmK L'spur (API-T)","7.92x57 mm, SmK L'spur (API-T)",manual-reviewed-google,google-draft,jazz,890000000000137 | 890000000001062,jazz:InventoryItem/JAZZ_AMMO_792_APIT.lua:9 | jazz:items.lua:8055 | jazz:InventoryItem/JAZZ_AMMO_792_APIT.lua:10 | jazz:items.lua:8056
890000000000146,Двоечка,Двоечка,Double Tap,manual-reviewed-google,google-draft,jazz,890000000000146 | 890000000000570 | 890000000000913,jazz:items.lua:75456 | jazz:items.lua:67084 | jazz:items.lua:67083
890000000000147,Мозамбик,Мозамбик,Mozambique,manual-reviewed-google,google-draft,jazz,890000000000147 | 890000000000571 | 890000000000914,jazz:items.lua:75420 | jazz:items.lua:66901 | jazz:items.lua:66900
890000000000149,Шквал,Шквал,Barrage,manual-reviewed-google,google-draft,jazz,890000000000149 | 890000000000926 | 890000000001277,jazz:items.lua:75474 | jazz:items.lua:66681 | jazz:items.lua:66680
890000000000153,Эргономичная рукоять для Sig,Эргономичная рукоять для SIG,Ergonomic SIG Grip,manual-reviewed-google,google-draft,jazz,890000000000153|388764551610,jazz:items.lua:37173
890000000000181,"Очередной 1911 современного исполнения, отлично подходящий и для охоты и для спортивной стрельбы. Для снижения мощной отдачи патрона применяется компенсатор оригинальной конструкции. Используется с коллиматорным прицелом.","Очередной современный 1911, отлично подходящий для охоты и спортивной стрельбы. Оригинальный компенсатор смягчает мощную отдачу; предусмотрен коллиматорный прицел.","Another modern 1911, well suited to hunting and competition. A distinctive compensator tames the powerful recoil, and a reflex sight completes the package.",manual-reviewed-google,google-draft,jazz,890000000000181,jazz:InventoryItem/Kimber.lua:14 | jazz:items.lua:17939
890000000000182,"Дедушка недавно отметил 100-летний юбилей, но уходить куда-то вовсе не собирается, пока, дословно ""не изобретут эти ваши лазеры-шмазеры и световые мечи"".","Дедушка недавно отметил столетний юбилей, но уходить не собирается, пока, дословно, «не изобретут эти ваши лазеры-шмазеры и световые мечи».","Grandpa recently turned one hundred and has no intention of retiring until, in his words, “you people invent those laser-schmasers and lightsabers.”",manual-reviewed-google,google-draft,jazz,890000000000182,jazz:InventoryItem/Colt1911.lua:14 | jazz:items.lua:17140
890000000000194,Автоматический пистолет,Автоматический пистолет,Machine Pistol,manual-reviewed-google,google-draft,jazz,890000000000194,jazz:items.lua:104166
890000000000219,Пистолет ПБ,Пистолет ПБ,PB Pistol,manual-reviewed-google,google-draft,jazz,890000000000219,jazz:InventoryItem/PB.lua:12 | jazz:items.lua:17275
890000000000257,Падение скорости пули,Падение скорости пули,Bullet Velocity Loss,manual-reviewed-google,google-draft,jazz,890000000000257,jazz:CharacterEffect/DamageReduction.lua:10 | jazz:items.lua:64016
890000000000259,Под плотным огнем,Под плотным огнем,Under heavy fire,manual-reviewed-google,google-draft,jazz,890000000000259 | 890000000000704,jazz:CharacterEffect/suppressionHeavy.lua:29 | jazz:items.lua:70797 | jazz:CharacterEffect/suppressionHeavy.lua:31 | jazz:CharacterEffect/suppressionHeavy2.lua:31 | jazz:CharacterEffect/suppressionMedium.lua:31 | jazz:CharacterEffect/suppressionPinned.lua:39 | jazz:items.lua:70756 | jazz:items.lua:70799 | jazz:items.lua:70855 | jazz:items.lua:70924
890000000000260,Под огнем,Под огнем,Under fire,manual-reviewed-google,google-draft,jazz,890000000000260,jazz:CharacterEffect/suppressionMedium.lua:29 | jazz:items.lua:70754
890000000000276,Попытка сделать устаревший патрон бронебойным путем повышения давления. Уверенно справится с фанерой или кожанной курткой.,Попытка превратить устаревший патрон в бронебойный повышением давления. С фанерой или кожаной курткой справится уверенно.,An attempt to make an obsolete round armor-piercing by raising its pressure. It will make short work of plywood or a leather jacket.,manual-reviewed-google,google-draft,jazz,890000000000276,jazz:InventoryItem/JAZZ_AMMO_30_P.lua:12 | jazz:items.lua:5791
890000000000277,"Один из лучших револьверных патронов, не стареющая классика, хорош везде и всем.","Один из лучших револьверных патронов. Нестареющая классика, хорошая всегда и для всех.","One of the finest revolver rounds: a timeless classic that works for nearly anyone, anywhere.",manual-reviewed-google,google-draft,jazz,890000000000277,jazz:InventoryItem/JAZZ_AMMO_357_FMJ.lua:12 | jazz:items.lua:5399
890000000000282,"Экспансивный патрон калибра .357, если вам мало мощи обычной пули, с броней он разумеется не справляется, зато откусить кому-то бочок можно легко.","Экспансивный патрон калибра .357 — на случай, если обычной пули вам мало. Броню он, конечно, не возьмёт, зато легко откусит кому-нибудь бок.","A .357 hollow point for when an ordinary bullet is not enough. It will not defeat armor, of course, but it can take a chunk out of someone's side.",manual-reviewed-google,google-draft,jazz,890000000000282,jazz:InventoryItem/JAZZ_AMMO_357_JHP.lua:12 | jazz:items.lua:5430
890000000000309,"Перед тем как произвести данные боеприпасы порох тщательно вымачивают в воде, а пули скатывают под языком. Не позорьтесь, китайцы никогда не делали хороших патронов.","Перед изготовлением этих патронов порох тщательно вымачивают в воде, а пули скатывают под языком. Не позорьтесь: китайцы никогда не делали хороших патронов.","Before loading this ammunition, they soak the powder in water and roll the bullets under their tongues. Do not embarrass yourself—China never made good cartridges.",manual-reviewed-google,google-draft,jazz,890000000000309,jazz:InventoryItem/JAZZ_AMMO_762x39_Poor.lua:12 | jazz:items.lua:6724
890000000000311,"Сперва хочется сказать что он охотничий, но нет, он собран на коленке из старых гильз, мокрого пороха и фекалий местной фауны. Пользуется популярностью у местных, дешевизна берет своё!","Сперва хочется назвать его охотничьим, но нет: патрон собран на коленке из старых гильз, мокрого пороха и помёта местной фауны. У местных популярен — дешевизна берёт своё.","One might call it a hunting round, but no: it is cobbled together from old cases, wet powder, and local animal droppings. Popular with the locals because cheap always sells.",manual-reviewed-google,google-draft,jazz,890000000000311,jazz:InventoryItem/JAZZ_AMMO_762x39_Crafted.lua:12 | jazz:items.lua:6779
890000000000328,7.5×54мм,"7,5×54 мм",7.5x54 mm,manual-reviewed-google,google-draft,jazz,890000000000328,jazz:items.lua:3805
890000000000329,7.92х57мм,"7,92×57 мм",7.92x57 mm,manual-reviewed-google,google-draft,jazz,890000000000329,jazz:items.lua:3799
890000000000331,"Если уж делать хуже чем китайцы, то делать на коленке, плюс тут ровно один, приличный урон, но поплатитесь вы... Поверьте вы поплатитесь.","Если уж делать хуже китайцев, то только на коленке. Плюс здесь ровно один — приличный урон. Но вы поплатитесь... Поверьте, поплатитесь.","If you are going to do worse than the Chinese, do it by hand. There is exactly one advantage: respectable damage. But you will pay for it. Believe me.",manual-reviewed-google,google-draft,jazz,890000000000331,jazz:InventoryItem/JAZZ_AMMO_762x54_Crafted.lua:12 | jazz:items.lua:7218
890000000000332,"Сделано в китае, нет ничего хуже, чем быть патроном, произведенным в китае.","Сделано в Китае. Нет ничего хуже, чем быть патроном китайского производства.",Made in China. There is nothing worse than being a Chinese-made cartridge.,manual-reviewed-google,google-draft,jazz,890000000000332,jazz:InventoryItem/JAZZ_AMMO_762x54_Poor.lua:12 | jazz:items.lua:7137
890000000000363,792x33мм L'spur Трассер,"7,92×33 мм, L'spur (трассирующий)","7.92x33 mm, L'spur Tracer",manual-reviewed-google,google-draft,jazz,890000000000363 | 890000000001047,jazz:InventoryItem/JAZZ_AMMO_792x33_Tracer.lua:10 | jazz:items.lua:5879 | jazz:InventoryItem/JAZZ_AMMO_792x33_Tracer.lua:11 | jazz:items.lua:5880
890000000000365,792x33мм Pist. Patr. 43 m.E. (ББ),"7,92×33 мм, Pist. Patr. 43 m.E. (ББ)","7.92x33 mm, Pist. Patr. 43 m.E. (AP)",manual-reviewed-google,google-draft,jazz,890000000000365 | 890000000001049,jazz:InventoryItem/JAZZ_AMMO_792x33_AP.lua:10 | jazz:items.lua:5932 | jazz:InventoryItem/JAZZ_AMMO_792x33_AP.lua:11 | jazz:items.lua:5933
890000000000415,.30 Cal M27 Трассер,".30 Cal, M27 (трассирующий)",".30 Cal, M27 Tracer",manual-reviewed-google,google-draft,jazz,890000000000415 | 890000000001192,jazz:InventoryItem/JAZZ_AMMO_30_Tracer.lua:10 | jazz:items.lua:5742 | jazz:InventoryItem/JAZZ_AMMO_30_Tracer.lua:9 | jazz:items.lua:5741
890000000000467,"5,45 мм, Кустарный","5,45 мм, кустарный","5.45 mm, Handloaded",manual-reviewed-google,google-draft,jazz,890000000000467 | 890000000001223,jazz:InventoryItem/JAZZ_AMMO_545_Crafted.lua:9 | jazz:items.lua:6470 | jazz:InventoryItem/JAZZ_AMMO_545_Crafted.lua:10 | jazz:items.lua:6471
890000000000470,"7,62х39мм, Norinco FMJ","7,62х39мм, Norinco FMJ","7.62x39mm, Norinco FMJ",manual-reviewed-google,google-draft,jazz,890000000000470 | 890000000000744,jazz:InventoryItem/JAZZ_AMMO_762x39_FMJ.lua:9 | jazz:items.lua:6825 | jazz:InventoryItem/JAZZ_AMMO_762x39_FMJ.lua:10 | jazz:items.lua:6826
890000000000471,"7,62х39мм, Кустарный","7,62×39 мм, кустарный","7.62x39 mm, Handloaded",manual-reviewed-google,google-draft,jazz,890000000000471 | 890000000000745,jazz:InventoryItem/JAZZ_AMMO_762x39_Crafted.lua:9 | jazz:items.lua:6776 | jazz:InventoryItem/JAZZ_AMMO_762x39_Crafted.lua:10 | jazz:items.lua:6777
890000000000481,Винтовка Мосина,Винтовка Мосина,Mosin Rifle,manual-reviewed-google,google-draft,jazz,890000000000481,jazz:InventoryItem/Mosin.lua:13 | jazz:items.lua:26126
890000000000550,Стрельба на бегу,Стрельба на бегу,Run and Gun,manual-reviewed-google,google-draft,jazz,890000000000550,jazz:items.lua:65272
890000000000551,Стрельба на бегу (Карабин),Стрельба на бегу (карабин),Run and Gun (Carbine),manual-reviewed-google,google-draft,jazz,890000000000551,jazz:items.lua:65374
890000000000568,Залп,Залп,Volley,manual-reviewed-google,google-draft,jazz,890000000000568 | 890000000000911,jazz:items.lua:67171 | jazz:items.lua:67170
890000000000575,"Экспансивная версия патрона для МП-7, разумеется это не обычный пистолетный патрон, так что и экспансивность не на высоте, но и в бронепробитии данный патрон не сильно потерял.","Экспансивный патрон для MP7. Это не обычный пистолетный боеприпас, поэтому раскрывается он не слишком хорошо, зато и пробития теряет немного.","A hollow-point round for the MP7. It is no ordinary pistol cartridge, so expansion is modest—but it retains much of its armor penetration.",manual-reviewed-google,google-draft,jazz,890000000000575,jazz:InventoryItem/JAZZ_AMMO_46_JHP.lua:12 | jazz:items.lua:5060
890000000000620,"Базовый устаревший во всех смыслах пистолетный патрон, но это всё тот же паровозик, который смог.","Простой пистолетный патрон, устаревший во всех смыслах. Но это всё тот же маленький паровозик, который смог.","A basic pistol round, obsolete in every way—but still the little cartridge that could.",manual-reviewed-google,google-draft,jazz,890000000000620,jazz:InventoryItem/JAZZ_AMMO_762x25_FMJ.lua:12 | jazz:items.lua:5155
890000000000621,"Бронебойный патрон 7.62х25, на самом деле он не бронебойный, но ничего лучше в данном калибре нету. Неплохо подходит для стрельбы в спину союзников.","«Бронебойный» патрон 7,62×25 мм. На деле он не бронебойный, просто ничего лучше в этом калибре нет. Неплохо подходит для стрельбы союзникам в спину.",An “armor-piercing” 7.62x25 mm round. It is not truly AP; there is simply nothing better in the caliber. Also handy for shooting allies in the back.,manual-reviewed-google,google-draft,jazz,890000000000621,jazz:InventoryItem/JAZZ_AMMO_762x25_AP.lua:12 | jazz:items.lua:5194
890000000000622,"Экспансивный патрон, на сколько это вообще возможно, коммерческий дешевый, но какой есть. Тут надо брать не качеством, а количеством.","Экспансивный патрон — насколько это вообще возможно в этом калибре. Дешёвый коммерческий вариант, зато какой есть. Тут берут не качеством, а количеством.","A hollow point, to the extent that this caliber allows. Cheap commercial stuff, but it is what you have. Quantity will have to make up for quality.",manual-reviewed-google,google-draft,jazz,890000000000622,jazz:InventoryItem/JAZZ_AMMO_762x25_JHP.lua:12 | jazz:items.lua:5249
890000000000661,"Редкий бронебойно зажигательный патрон, мечта всех мужчин, которые держали в руках АКМ, это секс-бомба в мире патронов, ничего лучше вы уже в своей жизни не встретите.","Редкий бронебойно-зажигательный патрон — мечта любого, кто держал в руках АКМ. Настоящая секс-бомба мира боеприпасов: ничего лучше вы уже не встретите.","A rare armor-piercing incendiary round, dreamed of by everyone who has held an AKM. The pinup star of ammunition; you may never find anything better.",manual-reviewed-google,google-draft,jazz,890000000000661,jazz:InventoryItem/JAZZ_AMMO_762x39_APP.lua:13 | jazz:items.lua:7021
890000000000671,"Еще не настоящий промежуточный патрон, в том понимании, каким он был у СТГ-44 или Калашникова, но по концепции - очень даже настоящий промежуточный карабин. Меньше вес патрона - больше боекомплект. Больше боекомплект - выше плотность огня. Вот вам еще десантный вариант со складным прикладом, штурмовой с автоогнем, и специальный с ночным прицелом.","Патрон .30 Carbine ещё не совсем промежуточный в духе StG 44 или Калашникова, зато сам M2 Carbine уже следует этой концепции. Легче патрон — больше боекомплект; больше боекомплект — выше плотность огня. Есть десантный вариант со складным прикладом, штурмовой с автоматическим огнём и специальный с ночным прицелом.","The .30 Carbine round is not quite an intermediate cartridge in the StG 44 or Kalashnikov sense, but the M2 Carbine points in that direction. Lighter rounds mean more ammunition; more ammunition means denser fire. There is a folding-stock paratrooper model, a select-fire assault model, and a special night-sight variant.",manual-reviewed-google,google-draft,jazz,890000000000671,jazz:InventoryItem/M2Carbine.lua:15 | jazz:items.lua:21828
890000000000689,"7,62x54R мм Кустарный","7,62×54R мм, кустарный","7.62x54R mm, Handloaded",manual-reviewed-google,google-draft,jazz,890000000000689 | 890000000000897,jazz:InventoryItem/JAZZ_AMMO_762x54_Crafted.lua:10 | jazz:items.lua:7216 | jazz:InventoryItem/JAZZ_AMMO_762x54_Crafted.lua:9 | jazz:items.lua:7215
890000000000715,Фэннинг,Фэннинг,Fanning,manual-reviewed-google,google-draft,jazz,890000000000715 | 890000000000928,jazz:items.lua:66466 | jazz:items.lua:66465
890000000000737,"5,56мм, .223 Rem Commercial Substandard","5,56мм, .223 Rem Commercial Substandard","5.56mm, .223 Rem Commercial Substandard",manual-reviewed-google,google-draft,jazz,890000000000737,jazz:InventoryItem/JAZZ_AMMO_556_Poor.lua:9 | jazz:items.lua:5992
890000000000739,"5,56мм, Кустарный","5,56 мм, кустарный","5.56 mm, Handloaded",manual-reviewed-google,google-draft,jazz,890000000000739,jazz:InventoryItem/JAZZ_AMMO_556_Crafted.lua:9 | jazz:items.lua:6045
890000000000764,"Оружие элиты вооруженных сил Германии в ВМВ - парашютистов Люфтваффе. Винтовка реализует концепцию ""все свое ношу с собой"" - тут и компоновка с магазином слева для компактности, и длинный ход поршня с поворотным затвором для надежности, и автоматический огонь для плотности, и оптический прицел для точности, и дульная мортирка для гранатометности, и сошки для лежкости, и даже штык для сувания в почку. И много-много рейхсмарок в смете.","Оружие элиты немецких вооружённых сил во Второй мировой — парашютистов Люфтваффе. Винтовка воплощает принцип «всё своё ношу с собой»: боковой магазин для компактности, длинный ход поршня и поворотный затвор для надёжности, автоматический огонь для плотности, оптика для точности, дульная мортирка для гранат, сошки для стрельбы лёжа и даже штык, чтобы ткнуть в почку. И много-много рейхсмарок в смете.","The weapon of Germany's World War II elite, the Luftwaffe paratroopers. The rifle embraces “everything I own, I carry”: a side magazine for compactness, long-stroke piston and rotating bolt for reliability, automatic fire for volume, optics for accuracy, a muzzle cup for grenades, bipod for prone fire, and even a bayonet for the kidneys. Plus many, many Reichsmarks in the budget.",manual-reviewed-google,google-draft,jazz,890000000000764,jazz:InventoryItem/FG42.lua:14 | jazz:items.lua:25219
890000000000791,Маневр с Пистолетом,Манёвр с пистолетом,Pistol Maneuver,manual-reviewed-google,google-draft,jazz,890000000000791,jazz:items.lua:65167
890000000000809,Огонь и манёвр,Огонь и манёвр,Fire and Maneuver,manual-reviewed-google,google-draft,jazz,890000000000809,jazz:items.lua:67252
890000000000810,Шквал на бегу,Шквал на бегу,Running Barrage,manual-reviewed-google,google-draft,jazz,890000000000810,jazz:items.lua:66799
890000000000827,"Бронебойные патроны, действительно суровые и эффективные, можно не только прошибать броню, но ещё и броню за стенами.","По-настоящему суровые и эффективные бронебойные патроны. Пробивают не только броню, но и броню за стеной.",Truly formidable armor-piercing ammunition. It can punch through armor—and armor behind a wall.,manual-reviewed-google,google-draft,jazz,890000000000827,jazz:InventoryItem/JAZZ_AMMO_75French_AP.lua:12 | jazz:items.lua:7782
890000000000828,"Что-то на французском, вроде как базовый патрон, но пенетрирует не хуже некоторых бронебойных, жаль оружие под него вышло в тираж.","Что-то французское. Вроде обычный патрон, а пробивает не хуже некоторых бронебойных. Жаль, оружие под него уже снято с производства.","Something French. Supposedly an ordinary round, yet it penetrates as well as some AP ammunition. Shame the weapons chambered for it are out of production.",manual-reviewed-google,google-draft,jazz,890000000000828,jazz:InventoryItem/JAZZ_AMMO_75French_FMJ.lua:12 | jazz:items.lua:7754
890000000000829,"Фашисты хоть и пидоры, но в оружии разбирались, отличные патроны, с отличными свойствами, минус лишь в том,  что патроны старые и оружие соответственно.","Фашисты были мерзавцами, но в оружии разбирались. Отличные патроны с отличными свойствами; минус лишь в том, что и боеприпасы, и оружие под них давно устарели.","The fascists were bastards, but they knew their weapons. Excellent ammunition with excellent performance; the only drawback is that both the rounds and the guns are old.",manual-reviewed-google,google-draft,jazz,890000000000829,jazz:InventoryItem/JAZZ_AMMO_792_FMJ.lua:12 | jazz:items.lua:7976
890000000000918,Патрон 30-06,Патрон .30-06,.30-06 Round,manual-reviewed-google,google-draft,jazz,890000000000918,jazz:InventoryItem/JAZZ_AMMO_3006_FMJ.lua:10 | jazz:items.lua:7835
890000000000919,Патрон 30-06 M2 AP,Патрон .30-06 M2 AP,.30-06 M2 AP Round,manual-reviewed-google,google-draft,jazz,890000000000919,jazz:InventoryItem/JAZZ_AMMO_3006_AP.lua:10 | jazz:items.lua:7864
890000000000967,Патроны 30-06 M25 Match,Патроны .30-06 M25 Match,.30-06 M25 Match Rounds,manual-reviewed-google,google-draft,jazz,890000000000967,jazz:InventoryItem/JAZZ_AMMO_3006_Match.lua:11 | jazz:items.lua:7918
890000000000968,Патроны 30-06 M2 AP,Патроны .30-06 M2 AP,.30-06 M2 AP Rounds,manual-reviewed-google,google-draft,jazz,890000000000968,jazz:InventoryItem/JAZZ_AMMO_3006_AP.lua:11 | jazz:items.lua:7865
890000000000972,М1 Гаранд,M1 Garand,M1 Garand,manual-reviewed-google,google-draft,jazz,890000000000972 | 890000000001121,jazz:InventoryItem/M1Garand.lua:13 | jazz:items.lua:25148 | jazz:InventoryItem/M1Garand.lua:14 | jazz:items.lua:25149
890000000000980,Бонус к точности (Пистолеты),Бонус к точности (пистолеты),Accuracy Bonus (Pistols),manual-reviewed-google,google-draft,jazz,890000000000980,jazz:items.lua:75402
890000000001005,"Стандартные армейские патроны с повышенным пробитием, вы можете стать грозой любой брони, относительно дорого и относительно эффективно.",Стандартные армейские патроны с повышенным пробитием. Могут стать грозой любой брони: относительно дорого и относительно эффективно.,Standard military rounds with improved penetration. A threat to almost any armor—relatively expensive and relatively effective.,manual-reviewed-google,google-draft,jazz,890000000001005,jazz:InventoryItem/JAZZ_AMMO_556_EPR.lua:12 | jazz:items.lua:6242
890000000001035,"7.62х51мм НАТО, FMJ Substandard","7,62×51 мм НАТО, FMJ Substandard","7.62x51 mm NATO, FMJ Substandard",manual-reviewed-google,google-draft,jazz,890000000001035 | 890000000001099,jazz:InventoryItem/JAZZ_AMMO_762x51_Poor.lua:10 | jazz:items.lua:7412 | jazz:InventoryItem/JAZZ_AMMO_762x51_Poor.lua:9 | jazz:items.lua:7411
890000000001036,"5,56 мм, .223 Rem Commercial Substandard","5,56 мм, .223 Rem Commercial Substandard","5.56 mm, .223 Rem Commercial Substandard",manual-reviewed-google,google-draft,jazz,890000000001036,jazz:InventoryItem/JAZZ_AMMO_556_Poor.lua:10 | jazz:items.lua:5993
890000000001050,"После Второй Мировой Войны деоккупированная Франция нуждалась в новом современном оружии, и еще в 1944 году была разработана и выпущена первая партия этих винтовок с газовым двигателем с прямым отводом пороховых газов (да, как в AR-15 потом). Практически сразу им пришлось повоевать в Индокитае и Вьетнаме, с неплохими отзывами по надежности и кучности боя.","После Второй мировой освобождённой Франции требовалось современное оружие. Работы начались с MAS-44, а послевоенное развитие привело к MAS-49 с прямым отводом пороховых газов — да, почти как у будущей AR-15. Винтовка быстро попала в Индокитай и получила хорошие отзывы за надёжность и кучность.","After World War II, liberated France needed a modern service rifle. Development began with the MAS-44 and led after the war to the direct-impingement MAS-49—yes, much like the later AR-15. It soon fought in Indochina and earned good marks for reliability and accuracy.",manual-reviewed-google,google-draft,jazz,890000000001050,jazz:InventoryItem/MAS49.lua:15 | jazz:items.lua:25097
890000000001051,"Немецкая самозарядная винтовка периода ВМВ. На конструкцию во многом оказала влияние советская СВТ, как с точки зрения концепции, так и в более приземленном смысле заимстования конструкции газового двигателя.","Немецкая самозарядная винтовка времён Второй мировой. На неё заметно повлияла советская СВТ — и общей концепцией, и вполне прямым заимствованием элементов газовой системы.","A German self-loading rifle of World War II. The Soviet SVT influenced both its overall concept and, more directly, elements of its gas system.",manual-reviewed-google,google-draft,jazz,890000000001051,jazz:InventoryItem/G43.lua:15 | jazz:items.lua:25036
890000000001052,"Американская винтовка М1 конструкции канадца Джона Гаранда занимает достойное место в истории стрелкового оружия как первая самозарядная немагазинная винтовка, принятая на вооружение в качестве основного индивидуального оружия пехоты.","Американская M1 конструкции канадца Джона Гаранда заслужила место в истории как первая массово выданная самозарядная винтовка, ставшая штатным индивидуальным оружием пехоты.","The American M1, designed by Canadian-born John Garand, earned its place in history as the first mass-issued self-loading rifle adopted as standard infantry armament.",manual-reviewed-google,google-draft,jazz,890000000001052,jazz:InventoryItem/M1Garand.lua:15 | jazz:items.lua:25150
890000000001088,Пистолеты Макарова,Пистолеты Макарова,Makarov pistols,manual-reviewed-google,google-draft,jazz,890000000001088,jazz:InventoryItem/Makarov.lua:13 | jazz:items.lua:16887
890000000001115,Винтовки Мосина,Винтовки Мосина,Mosin rifles,manual-reviewed-google,google-draft,jazz,890000000001115,jazz:InventoryItem/Mosin.lua:14 | jazz:items.lua:26127
890000000001164,"Посмотри на свой 1911. Теперь посмотри на Гризли ЛАР. Да, я тоже 1911, но мой патрон выдает 1100 джоулей дульной энергии. Поверь мне на слово, это в четыре раза больше, чем у тебя. У меня все в четыре раза больше, чем у тебя.","Посмотри на свой 1911. Теперь на Grizzly LAR. Да, я тоже 1911, но мой патрон выдаёт 1100 джоулей дульной энергии — больше чем вдвое выше твоего. И вообще, у меня всё больше, чем у тебя.","Look at your 1911. Now look at the Grizzly LAR. Yes, I am a 1911 too, but my round delivers 1,100 joules of muzzle energy—more than twice yours. Everything about me is bigger.",manual-reviewed-google,google-draft,jazz,890000000001164,jazz:InventoryItem/GrizzlyLAR.lua:15 | jazz:items.lua:18127
890000000001209,"В эти патроны забыли насыпать порох, так что ваш автомат откатится до состояния винтовки, скажите спасибо британцам. Их кстати никто не любит.","В эти патроны забыли насыпать порох, и ваш автомат снова станет винтовкой. Скажите спасибо британцам. Их, кстати, никто не любит.","They forgot to put powder in these cartridges, so your automatic rifle turns back into a plain rifle. Thank the British. Nobody likes them anyway.",manual-reviewed-google,google-draft,jazz,890000000001209,jazz:InventoryItem/JAZZ_AMMO_762x51_Poor.lua:12 | jazz:items.lua:7414
890000000001228,"Разработан во Вторую Мировую Войну сотрудниками британской Секретной Службы для диверсионных и разведывательных действий на территории противника. Пистолет имеет ручную перезарядку после каждого выстрела, а срок службы заглушающего устройства не превышает 15 выстрелов. Впрочем, для одной операции этого вполен достаточно.","Разработан во Вторую мировую сотрудниками британской Секретной службы для диверсий и разведки во вражеском тылу. После каждого выстрела пистолет перезаряжается вручную, а глушитель служит не больше 15 выстрелов. Для одной операции этого вполне достаточно.","Developed during World War II by the British secret services for sabotage and reconnaissance behind enemy lines. The pistol must be cycled by hand after every shot, and its suppressor lasts no more than 15 rounds. That is plenty for one operation.",manual-reviewed-google,google-draft,jazz,890000000001228,jazz:InventoryItem/Welrod.lua:14 | jazz:items.lua:17212
890000000001229,"Старый, заслуженный револьвер одинарного действия, разработанный для армии США. Главное, носите c пустой каморой под курком, если не хотите лишиться ноги.","Старый заслуженный револьвер одинарного действия, созданный для армии США. Главное — носите его с пустой каморой под курком, если не хотите лишиться ноги.","An old, distinguished single-action revolver designed for the U.S. Army. Carry it with an empty chamber under the hammer unless you want to lose a leg.",manual-reviewed-google,google-draft,jazz,890000000001229,jazz:InventoryItem/ColtPeacemaker.lua:15 | jazz:items.lua:19223
890000000001230,"Штатный револьвер французской полиции и даже полицейского спезнаца. Качество изготовления ощутимо выше, чем у ширпотреба вроде револьверов Colt, так что на эту пушку вполен можно положиться в самый трудный момент.","Штатный револьвер французской полиции и даже её спецподразделений. Качество заметно выше, чем у ширпотреба вроде Colt, поэтому на эту пушку можно положиться в самый трудный момент.","The standard revolver of French police and even their tactical units. Its workmanship stands well above mass-market guns such as Colt, making it dependable when things are at their worst.",manual-reviewed-google,google-draft,jazz,890000000001230,jazz:InventoryItem/MR73.lua:14 | jazz:items.lua:19481
890000000001254,"Никому не понятно зачем такой мощный патрон делать ещё и бронебойным, но они это сделали, вероятно кто-то хотел пробивать танки.","Никто не понимает, зачем столь мощный патрон понадобилось делать ещё и бронебойным. Но сделали — видимо, кто-то собирался стрелять по танкам.",Nobody knows why such a powerful round also needed to be armor-piercing. Perhaps someone meant to shoot tanks.,manual-reviewed-google,google-draft,jazz,890000000001254,jazz:InventoryItem/JAZZ_AMMO_3006_AP.lua:13 | jazz:items.lua:7867
890000000001255,"Высокоточный патрон, помимо прочего имеет хорошее пробитие и какую-никакую экспансивность, какой-то новодел, но мы ничего против не имеем, убивать надо эффективно.","Высокоточный патрон с хорошим пробитием и хоть какой-то экспансивностью. Новодел, но мы не против: убивать надо эффективно.","A precision round with good penetration and at least some expansion. A modern reproduction, but we have no objection; killing should be efficient.",manual-reviewed-google,google-draft,jazz,890000000001255,jazz:InventoryItem/JAZZ_AMMO_3006_Match.lua:13 | jazz:items.lua:7920
890000000001256,"Это папа калибра .308, патрон хоть и старый, но всё также опасен. Используется по сей день охотниками и ковбоями.","Старший родственник .308: патрон старый, но всё ещё опасный. До сих пор используется охотниками и ковбоями.","The .308's older cousin: an old round, but dangerous still. Hunters and cowboys use it to this day.",manual-reviewed-google,google-draft,jazz,890000000001256,jazz:InventoryItem/JAZZ_AMMO_3006_FMJ.lua:13 | jazz:items.lua:7838
890000000001297,"Дорогой, мощный и бесполезный, подходит для боевиков, но не для войны.","Дорогой, мощный и бесполезный. Подходит для боевика, но не для войны.","Expensive, powerful, and pointless. Suited to an action movie, not a war.",manual-reviewed-google,google-draft,jazz,890000000001297,jazz:InventoryItem/JAZZ_AMMO_50AE_FMJ.lua:12 | jazz:items.lua:5629
890000000001323,"Лазер: плоский CTH до LaserDistance; полный бонус до LaserFullRange, дальше спад. NightOnly=1 — только ночь/подземелье.","Лазер: постоянный CTH до LaserDistance; полный бонус до LaserFullRange, затем спад. NightOnly=1 — только ночью или под землёй.","Laser: flat CTH out to LaserDistance; full bonus through LaserFullRange, then falloff. NightOnly=1 — night or underground only.",manual-translation,needs-english,jazz,890000000001323,jazz:items.lua:33296
890000000001339,"Ручной пулемет ДП был принят на вооружение РККА в 1927 году и стал одним из первых оружейных образцов, созданных с нуля в молодом Советском государстве. С честью прошел всю Великую Отечественную Войну и уже давно отошел от дел, но тут его нашли вы.","Ручной пулемёт ДП приняли на вооружение РККА в 1927 году. Он стал одним из первых образцов, созданных с нуля в молодом Советском государстве, с честью прошёл всю Великую Отечественную и давно ушёл на покой. Но тут его нашли вы.",The DP light machine gun entered Red Army service in 1927 and was among the first weapons designed from scratch by the young Soviet state. It served with distinction through World War II and retired long ago—until you found it.,manual-reviewed-google,google-draft,jazz,890000000001339,jazz:InventoryItem/DP27.lua:15 | jazz:items.lua:28710
890000000001352,"Заклинивший автомат калашникова больше не выдуманная история, используйте так, чтобы никто не видел.","Заклинивший автомат Калашникова больше не выдумка. Пользуйтесь так, чтобы никто не видел.",A jammed Kalashnikov is no longer a myth. Just make sure nobody sees you using it.,manual-reviewed-google,google-draft,jazz,890000000001352,jazz:InventoryItem/JAZZ_AMMO_545_Crafted.lua:12 | jazz:items.lua:6473
890000000001385,Дробь,Дробины,Pellets,manual-reviewed-google,google-draft,jazz,890000000001385,jazz:Code/AmmoRolloverHint.lua:8 | jazz:Code/AmmoRolloverHint.lua:9
890000000001387,Шанс клина,Шанс клина,Jam Chance,manual-reviewed-google,google-draft,jazz,890000000001387,jazz:Code/AmmoRolloverHint.lua:15
890000000001391,Умрёт без перевязки,Умрёт без перевязки,Will Die Without Bandaging,manual-reviewed-google,google-draft,jazz,890000000001391,jazz:Code/CombatBadge_DeathRoll.lua:152
890000000001393,Умрёт через <chanceAsText> ходов,Умрёт через <chanceAsText> ходов,Will Die in <chanceAsText> Turns,manual-reviewed-google,google-draft,jazz,890000000001393,jazz:Code/CombatBadge_DeathRoll.lua:150
890000000001397,рваное,рваное,torn,manual-reviewed-google,google-draft,jazz,890000000001397,jazz:Code/Inventory.lua:98 | jazz:Code/Inventory.lua:161
890000000001398,порвано,изорвано,shredded,manual-reviewed-google,google-draft,jazz,890000000001398,jazz:Code/Inventory.lua:101 | jazz:Code/Inventory.lua:164
890000000001400,заштопан,заштопано,repaired,manual-reviewed-google,google-draft,jazz,890000000001400,jazz:Code/Inventory.lua:92 | jazz:Code/Inventory.lua:155
890000000001412,Эффективный класс брони: ,Эффективный класс брони: ,Effective Armor Class: ,manual-reviewed-google,google-draft,jazz,890000000001412,jazz:items.lua:79569
890000000001414,Блокирует слот лица,Блокирует слот лица,Blocks Face Slot,manual-reviewed-google,google-draft,jazz,890000000001414,jazz:items.lua:79766
890000000001415,Возможность установки плиты,Можно установить бронеплиту,Accepts Armor Plate,manual-reviewed-google,google-draft,jazz,890000000001415,jazz:items.lua:79739
890000000001416,Защита от пыли,Защита от пыли,Dust Protection,manual-reviewed-google,google-draft,jazz,890000000001416,jazz:items.lua:79467
890000000001420,Защита от СШГ,Защита от светошумовых гранат,Flashbang Protection,manual-reviewed-google,google-draft,jazz,890000000001420,jazz:items.lua:79706
890000000001800,Ураган клинков,Ураган клинков,Blade Storm,manual-translation,needs-english,jazz,890000000001800,jazz:CharacterEffect/Jazz_Perk_Blade.lua:26 | jazz:items.lua:71853
890000000001900,Народный командир,Народный командир,People's Commander,manual-translation,needs-english,jazz,890000000001900,jazz:CharacterEffect/Jazz_Perk_Ira.lua:9 | jazz:items.lua:71867
890000000002000,Точильщик,Точильщик,Sharpener,manual-translation,needs-english,jazz,890000000002000,jazz:CharacterEffect/Jazz_Perk_Dimitri.lua:9 | jazz:items.lua:71881
890000000002100,Штурм в упор,Штурм в упор,Point-Blank Assault,manual-translation,needs-english,jazz,890000000002100,jazz:CharacterEffect/Jazz_Perk_Madman.lua:36 | jazz:items.lua:71922
890000000002600,Полевой реаниматор,Полевой реаниматор,Field Resuscitator,manual-translation,needs-english,jazz,890000000002600,jazz:CharacterEffect/Jazz_Perk_Quinten.lua:9
890000000002700,Дамский угодник,Дамский угодник,Ladies' Man,manual-translation,needs-english,jazz,890000000002700,jazz:CharacterEffect/Jazz_Perk_Vicious.lua:43
890000000002800,Вербовка MERC,Вербовка M.E.R.C.,M.E.R.C. Recruiter,manual-translation,needs-english,jazz,890000000002800,jazz:CharacterEffect/Jazz_Perk_Biff.lua:9
890000000003600,Тяжёлая рука,Тяжёлая рука,Heavy Hand,manual-translation,needs-english,jazz,890000000003600,jazz:CharacterEffect/Jazz_Perk_Horg.lua:9
890000000003700,Под прикрытием,Под прикрытием,Under Cover,manual-translation,needs-english,jazz,890000000003700,jazz:CharacterEffect/Jazz_Perk_Manuel.lua:9
890000000003900,Знаток дела,Знаток дела,Expert Hand,manual-translation,needs-english,jazz,890000000003900,jazz:CharacterEffect/Jazz_Perk_Allik.lua:9
890000000004100,Экономия запчастей,Экономия запчастей,Parts Saver,manual-translation,needs-english,jazz,890000000004100,jazz:CharacterEffect/Jazz_Perk_Static.lua:9
890000000004200,Полевой химик,Полевой химик,Field Chemist,manual-translation,needs-english,jazz,890000000004200,jazz:CharacterEffect/Jazz_Perk_Highball.lua:9
890000000004600,Рикошет,Рикошет,Ricochet,manual-translation,needs-english,jazz,890000000004600,jazz:CharacterEffect/Jazz_Perk_Ricochet.lua:9
890000000012002,Окрестности Порта Какао,Окрестности Порт-Какао,Port Cacao Outskirts,manual-translation,needs-english,jazz,890000000012002,jazz:items.lua:109323
890000000012004,Горная степь,Горная степь,Mountain Steppe,manual-translation,needs-english,jazz,890000000012004,jazz:items.lua:109461
968409848233111,сломанное,сломано,broken,manual-reviewed-google,google-draft,jazz,968409848233111,jazz:Code/Inventory.lua:124 | jazz:Code/Inventory.lua:187
1786863112811235,Укрепления,Укрепления,Fortifications,manual-reviewed-google,google-draft,jazz,1786863112811235,jazz:Code/POI Extension.lua:9
1786863112811236,Слоновая кость,Слоновая кость,Ivory,manual-reviewed-google,google-draft,jazz,1786863112811236,jazz:Code/POI Extension.lua:10
2998106563741111,отремонт,отремонтировано,repaired,manual-reviewed-google,google-draft,jazz,2998106563741111,jazz:Code/Inventory.lua:115 | jazz:Code/Inventory.lua:178
8182360763020012,Ресурс,Ресурс,Resource,manual-reviewed-google,google-draft,jazz,8182360763020012,jazz:items.lua:79832
