"ID","SourceText","Russian","English","Notes","Reasons","Packages","AllIDs","Locations"
"104635909892","<image UI/Conversation/T_Dialogue_IconBackgroundCircle.tga 400 130 128 120> Одноручный
<image UI/Conversation/T_Dialogue_IconBackgroundCircle.tga 400 130 128 120> Складной приклад
<image UI/Conversation/T_Dialogue_IconBackgroundCircle.tga 400 130 128 120> Скорострельный
<image UI/Conversation/T_Dialogue_IconBackgroundCircle.tga 400 130 128 120> Как УЗИшка, только не УЗИ","<image UI/Conversation/T_Dialogue_IconBackgroundCircle.tga 400 130 128 120> Одноручный
<image UI/Conversation/T_Dialogue_IconBackgroundCircle.tga 400 130 128 120> Складной приклад
<image UI/Conversation/T_Dialogue_IconBackgroundCircle.tga 400 130 128 120> Скорострельный
<image UI/Conversation/T_Dialogue_IconBackgroundCircle.tga 400 130 128 120> Как УЗИшка, только не УЗИ","<image UI/Conversation/T_Dialogue_IconBackgroundCircle.tga 400 130 128 120> One-handed
<image UI/Conversation/T_Dialogue_IconBackgroundCircle.tga 400 130 128 120> Folding stock
<image UI/Conversation/T_Dialogue_IconBackgroundCircle.tga 400 130 128 120> High rate of fire
<image UI/Conversation/T_Dialogue_IconBackgroundCircle.tga 400 130 128 120> Like an Uzi, except it isn't one","manual-translation","needs-english-after-memory-cleanup","jazz","104635909892","jazz:InventoryItem/MAC10.lua:16 | jazz:items.lua:18746"
"109475921134","<image UI/Conversation/T_Dialogue_IconBackgroundCircle.tga 400 130 128 120> Дальнобойный 
<image UI/Conversation/T_Dialogue_IconBackgroundCircle.tga 400 130 128 120> Убойный 
<image UI/Conversation/T_Dialogue_IconBackgroundCircle.tga 400 130 128 120> Неудобный 
<image UI/Conversation/T_Dialogue_IconBackgroundCircle.tga 400 130 128 120> Стреляет очередями 
<image UI/Conversation/T_Dialogue_IconBackgroundCircle.tga 400 130 128 120> Сильная отдача 
<image UI/Conversation/T_Dialogue_IconBackgroundCircle.tga 400 130 128 120> Ненадежный","<image UI/Conversation/T_Dialogue_IconBackgroundCircle.tga 400 130 128 120> Дальнобойный
<image UI/Conversation/T_Dialogue_IconBackgroundCircle.tga 400 130 128 120> Убойный
<image UI/Conversation/T_Dialogue_IconBackgroundCircle.tga 400 130 128 120> Неудобный
<image UI/Conversation/T_Dialogue_IconBackgroundCircle.tga 400 130 128 120> Стреляет очередями
<image UI/Conversation/T_Dialogue_IconBackgroundCircle.tga 400 130 128 120> Сильная отдача
<image UI/Conversation/T_Dialogue_IconBackgroundCircle.tga 400 130 128 120> Ненадёжный","<image UI/Conversation/T_Dialogue_IconBackgroundCircle.tga 400 130 128 120> Long range
<image UI/Conversation/T_Dialogue_IconBackgroundCircle.tga 400 130 128 120> High damage
<image UI/Conversation/T_Dialogue_IconBackgroundCircle.tga 400 130 128 120> Poor handling
<image UI/Conversation/T_Dialogue_IconBackgroundCircle.tga 400 130 128 120> Burst-fire capable
<image UI/Conversation/T_Dialogue_IconBackgroundCircle.tga 400 130 128 120> Heavy recoil
<image UI/Conversation/T_Dialogue_IconBackgroundCircle.tga 400 130 128 120> Unreliable","manual-translation","needs-english-after-memory-cleanup","jazz","109475921134","jazz:InventoryItem/AVT40.lua:15 | jazz:items.lua:25362"
"109493312554","<image UI/Conversation/T_Dialogue_IconBackgroundCircle.tga 400 130 128 120> Убойный
<image UI/Conversation/T_Dialogue_IconBackgroundCircle.tga 400 130 128 120> Точный 
<image UI/Conversation/T_Dialogue_IconBackgroundCircle.tga 400 130 128 120> Надежный 
<image UI/Conversation/T_Dialogue_IconBackgroundCircle.tga 400 130 128 120> Много обвеса","<image UI/Conversation/T_Dialogue_IconBackgroundCircle.tga 400 130 128 120> Убойный
<image UI/Conversation/T_Dialogue_IconBackgroundCircle.tga 400 130 128 120> Точный
<image UI/Conversation/T_Dialogue_IconBackgroundCircle.tga 400 130 128 120> Надёжный
<image UI/Conversation/T_Dialogue_IconBackgroundCircle.tga 400 130 128 120> Много обвеса","<image UI/Conversation/T_Dialogue_IconBackgroundCircle.tga 400 130 128 120> High damage
<image UI/Conversation/T_Dialogue_IconBackgroundCircle.tga 400 130 128 120> Accurate
<image UI/Conversation/T_Dialogue_IconBackgroundCircle.tga 400 130 128 120> Reliable
<image UI/Conversation/T_Dialogue_IconBackgroundCircle.tga 400 130 128 120> Plenty of attachment options","manual-translation","needs-english-after-memory-cleanup","jazz","109493312554","jazz:InventoryItem/UMP45.lua:16 | jazz:items.lua:21327"
"119486433731","<image UI/Conversation/T_Dialogue_IconBackgroundCircle.tga 400 130 128 120> Дробовик 
<image UI/Conversation/T_Dialogue_IconBackgroundCircle.tga 400 130 128 120> Надежный  
<image UI/Conversation/T_Dialogue_IconBackgroundCircle.tga 400 130 128 120> Хороший бой","<image UI/Conversation/T_Dialogue_IconBackgroundCircle.tga 400 130 128 120> Дробовик
<image UI/Conversation/T_Dialogue_IconBackgroundCircle.tga 400 130 128 120> Надёжный
<image UI/Conversation/T_Dialogue_IconBackgroundCircle.tga 400 130 128 120> Хорошая кучность","<image UI/Conversation/T_Dialogue_IconBackgroundCircle.tga 400 130 128 120> Shotgun
<image UI/Conversation/T_Dialogue_IconBackgroundCircle.tga 400 130 128 120> Reliable
<image UI/Conversation/T_Dialogue_IconBackgroundCircle.tga 400 130 128 120> Tight spread","manual-translation","needs-english-after-memory-cleanup","jazz","119486433731","jazz:InventoryItem/R870.lua:17 | jazz:items.lua:29751"
"128714866748","<image UI/Conversation/T_Dialogue_IconBackgroundCircle.tga 400 130 128 120> Единый пулемет 
<image UI/Conversation/T_Dialogue_IconBackgroundCircle.tga 400 130 128 120> Старый 
<image UI/Conversation/T_Dialogue_IconBackgroundCircle.tga 400 130 128 120> Скорострельный 
<image UI/Conversation/T_Dialogue_IconBackgroundCircle.tga 400 130 128 120> Большая отдача 
<image UI/Conversation/T_Dialogue_IconBackgroundCircle.tga 400 130 128 120> Тяжелый - ограничивает свободу движений","<image UI/Conversation/T_Dialogue_IconBackgroundCircle.tga 400 130 128 120> Единый пулемёт
<image UI/Conversation/T_Dialogue_IconBackgroundCircle.tga 400 130 128 120> Старый
<image UI/Conversation/T_Dialogue_IconBackgroundCircle.tga 400 130 128 120> Скорострельный
<image UI/Conversation/T_Dialogue_IconBackgroundCircle.tga 400 130 128 120> Сильная отдача
<image UI/Conversation/T_Dialogue_IconBackgroundCircle.tga 400 130 128 120> Тяжёлый: ограничивает свободу движения","<image UI/Conversation/T_Dialogue_IconBackgroundCircle.tga 400 130 128 120> General-purpose machine gun
<image UI/Conversation/T_Dialogue_IconBackgroundCircle.tga 400 130 128 120> Old
<image UI/Conversation/T_Dialogue_IconBackgroundCircle.tga 400 130 128 120> High rate of fire
<image UI/Conversation/T_Dialogue_IconBackgroundCircle.tga 400 130 128 120> Heavy recoil
<image UI/Conversation/T_Dialogue_IconBackgroundCircle.tga 400 130 128 120> Heavy (limits mobility)","manual-translation","needs-english-after-memory-cleanup","jazz","128714866748","jazz:InventoryItem/MG42.lua:16 | jazz:items.lua:28777"
"132438284195","<image UI/Conversation/T_Dialogue_IconBackgroundCircle.tga 400 130 128 120> Нулевая бронебойность
<image UI/Conversation/T_Dialogue_IconBackgroundCircle.tga 400 130 128 120> Высокий шанс критического попадания","<image UI/Conversation/T_Dialogue_IconBackgroundCircle.tga 400 130 128 120> Не пробивает броню
<image UI/Conversation/T_Dialogue_IconBackgroundCircle.tga 400 130 128 120> Высокий шанс критического попадания","<image UI/Conversation/T_Dialogue_IconBackgroundCircle.tga 400 130 128 120> No armor penetration
<image UI/Conversation/T_Dialogue_IconBackgroundCircle.tga 400 130 128 120> High critical-hit chance","manual-translation","needs-english-after-memory-cleanup","jazz","132438284195","jazz:InventoryItem/_50BMG_HE.lua:13 | jazz:items.lua:9975"
"139973629199","<image UI/Conversation/T_Dialogue_IconBackgroundCircle.tga 400 130 128 120> Может стрелять очередями 
<image UI/Conversation/T_Dialogue_IconBackgroundCircle.tga 400 130 128 120> Бесшумный 
<image UI/Conversation/T_Dialogue_IconBackgroundCircle.tga 400 130 128 120> Высокая убойность","<image UI/Conversation/T_Dialogue_IconBackgroundCircle.tga 400 130 128 120> Может стрелять очередями
<image UI/Conversation/T_Dialogue_IconBackgroundCircle.tga 400 130 128 120> Бесшумный
<image UI/Conversation/T_Dialogue_IconBackgroundCircle.tga 400 130 128 120> Высокая убойность","<image UI/Conversation/T_Dialogue_IconBackgroundCircle.tga 400 130 128 120> Burst-fire capable
<image UI/Conversation/T_Dialogue_IconBackgroundCircle.tga 400 130 128 120> Suppressed
<image UI/Conversation/T_Dialogue_IconBackgroundCircle.tga 400 130 128 120> High damage","manual-translation","needs-english-after-memory-cleanup","jazz","139973629199","jazz:InventoryItem/AS_Val.lua:16 | jazz:items.lua:22974"
"140416387512","<image UI/Conversation/T_Dialogue_IconBackgroundCircle.tga 400 130 128 120> Не наносит урона
<image UI/Conversation/T_Dialogue_IconBackgroundCircle.tga 400 130 128 120> Почти бесшумно","<image UI/Conversation/T_Dialogue_IconBackgroundCircle.tga 400 130 128 120> Не наносит урона
<image UI/Conversation/T_Dialogue_IconBackgroundCircle.tga 400 130 128 120> Почти бесшумно","<image UI/Conversation/T_Dialogue_IconBackgroundCircle.tga 400 130 128 120> Deals no damage
<image UI/Conversation/T_Dialogue_IconBackgroundCircle.tga 400 130 128 120> Nearly silent","manual-translation","needs-english-after-memory-cleanup","jazz","140416387512 | 651925772567","jazz:InventoryItem/JAZZ_AMMO_MortarShell_Smoke.lua:15 | jazz:items.lua:8752 | jazz:InventoryItem/MortarShell_Smoke.lua:15 | jazz:items.lua:10115"
"142265159773","<image UI/Conversation/T_Dialogue_IconBackgroundCircle.tga 400 130 128 120> Топовый
<image UI/Conversation/T_Dialogue_IconBackgroundCircle.tga 400 130 128 120> Больше не одноручный (по просьбе Ливси)
<image UI/Conversation/T_Dialogue_IconBackgroundCircle.tga 400 130 128 120> Складной приклад
<image UI/Conversation/T_Dialogue_IconBackgroundCircle.tga 400 130 128 120> Скорострельный
<image UI/Conversation/T_Dialogue_IconBackgroundCircle.tga 400 130 128 120> Надежный","<image UI/Conversation/T_Dialogue_IconBackgroundCircle.tga 400 130 128 120> Топовый
<image UI/Conversation/T_Dialogue_IconBackgroundCircle.tga 400 130 128 120> Больше не одноручный (по просьбе Ливси)
<image UI/Conversation/T_Dialogue_IconBackgroundCircle.tga 400 130 128 120> Складной приклад
<image UI/Conversation/T_Dialogue_IconBackgroundCircle.tga 400 130 128 120> Скорострельный
<image UI/Conversation/T_Dialogue_IconBackgroundCircle.tga 400 130 128 120> Надёжный","<image UI/Conversation/T_Dialogue_IconBackgroundCircle.tga 400 130 128 120> Top-tier
<image UI/Conversation/T_Dialogue_IconBackgroundCircle.tga 400 130 128 120> No longer one-handed (by Livesey's request)
<image UI/Conversation/T_Dialogue_IconBackgroundCircle.tga 400 130 128 120> Folding stock
<image UI/Conversation/T_Dialogue_IconBackgroundCircle.tga 400 130 128 120> High rate of fire
<image UI/Conversation/T_Dialogue_IconBackgroundCircle.tga 400 130 128 120> Reliable","manual-translation","needs-english-after-memory-cleanup","jazz","142265159773","jazz:InventoryItem/MP7.lua:16 | jazz:items.lua:21634"
"149238847516","<image UI/Conversation/T_Dialogue_IconBackgroundCircle.tga 400 130 128 120> Увеличенный доп. урон от силы
<image UI/Conversation/T_Dialogue_IconBackgroundCircle.tga 400 130 128 120> Низкая цена атаки","<image UI/Conversation/T_Dialogue_IconBackgroundCircle.tga 400 130 128 120> Увеличен дополнительный урон от Силы
<image UI/Conversation/T_Dialogue_IconBackgroundCircle.tga 400 130 128 120> Низкая стоимость атаки в ОД","<image UI/Conversation/T_Dialogue_IconBackgroundCircle.tga 400 130 128 120> Increased bonus damage from Strength
<image UI/Conversation/T_Dialogue_IconBackgroundCircle.tga 400 130 128 120> Low attack AP cost","manual-translation","needs-english-after-memory-cleanup","jazz","149238847516","jazz:InventoryItem/PierreMachete.lua:14 | jazz:items.lua:56541"
"151639464453","<image UI/Conversation/T_Dialogue_IconBackgroundCircle.tga 400 130 128 120> Реактивный гранатомет 
<image UI/Conversation/T_Dialogue_IconBackgroundCircle.tga 400 130 128 120> Шанс промаха увеличивается с расстоянием 
<image UI/Conversation/T_Dialogue_IconBackgroundCircle.tga 400 130 128 120> Опасная зона за спиной стрелка 
<image UI/Conversation/T_Dialogue_IconBackgroundCircle.tga 400 130 128 120> Тяжелый - ограничивает свободу движений","<image UI/Conversation/T_Dialogue_IconBackgroundCircle.tga 400 130 128 120> Реактивный гранатомёт
<image UI/Conversation/T_Dialogue_IconBackgroundCircle.tga 400 130 128 120> Шанс промаха растёт с расстоянием
<image UI/Conversation/T_Dialogue_IconBackgroundCircle.tga 400 130 128 120> Опасная зона реактивной струи за стрелком
<image UI/Conversation/T_Dialogue_IconBackgroundCircle.tga 400 130 128 120> Тяжёлый: ограничивает свободу движения","<image UI/Conversation/T_Dialogue_IconBackgroundCircle.tga 400 130 128 120> Rocket launcher
<image UI/Conversation/T_Dialogue_IconBackgroundCircle.tga 400 130 128 120> Miss chance increases with range
<image UI/Conversation/T_Dialogue_IconBackgroundCircle.tga 400 130 128 120> Dangerous backblast
<image UI/Conversation/T_Dialogue_IconBackgroundCircle.tga 400 130 128 120> Heavy (limits mobility)","manual-translation","needs-english-after-memory-cleanup","jazz","151639464453","jazz:InventoryItem/RPG7.lua:23 | jazz:items.lua:30628"
"155361024222","<image UI/Conversation/T_Dialogue_IconBackgroundCircle.tga 400 130 128 120> Точный 
<image UI/Conversation/T_Dialogue_IconBackgroundCircle.tga 400 130 128 120> Надежный 
<image UI/Conversation/T_Dialogue_IconBackgroundCircle.tga 400 130 128 120> Быстро стреляет 
<image UI/Conversation/T_Dialogue_IconBackgroundCircle.tga 400 130 128 120> Слабая отдача","<image UI/Conversation/T_Dialogue_IconBackgroundCircle.tga 400 130 128 120> Точный
<image UI/Conversation/T_Dialogue_IconBackgroundCircle.tga 400 130 128 120> Надёжный
<image UI/Conversation/T_Dialogue_IconBackgroundCircle.tga 400 130 128 120> Высокая скорострельность
<image UI/Conversation/T_Dialogue_IconBackgroundCircle.tga 400 130 128 120> Слабая отдача","<image UI/Conversation/T_Dialogue_IconBackgroundCircle.tga 400 130 128 120> Accurate
<image UI/Conversation/T_Dialogue_IconBackgroundCircle.tga 400 130 128 120> Reliable
<image UI/Conversation/T_Dialogue_IconBackgroundCircle.tga 400 130 128 120> High rate of fire
<image UI/Conversation/T_Dialogue_IconBackgroundCircle.tga 400 130 128 120> Low recoil","manual-translation","needs-english-after-memory-cleanup","jazz","155361024222","jazz:InventoryItem/Sig550Custom.lua:16 | jazz:items.lua:24697"
"160551721775","<image UI/Conversation/T_Dialogue_IconBackgroundCircle.tga 400 130 128 120> Первый серийный автомат
<image UI/Conversation/T_Dialogue_IconBackgroundCircle.tga 400 130 128 120> Старый 
<image UI/Conversation/T_Dialogue_IconBackgroundCircle.tga 400 130 128 120> Неудобный 
<image UI/Conversation/T_Dialogue_IconBackgroundCircle.tga 400 130 128 120> Точный 
<image UI/Conversation/T_Dialogue_IconBackgroundCircle.tga 400 130 128 120> Ненадежный","<image UI/Conversation/T_Dialogue_IconBackgroundCircle.tga 400 130 128 120> Первый серийный автомат
<image UI/Conversation/T_Dialogue_IconBackgroundCircle.tga 400 130 128 120> Старый
<image UI/Conversation/T_Dialogue_IconBackgroundCircle.tga 400 130 128 120> Неудобный
<image UI/Conversation/T_Dialogue_IconBackgroundCircle.tga 400 130 128 120> Точный
<image UI/Conversation/T_Dialogue_IconBackgroundCircle.tga 400 130 128 120> Ненадёжный","<image UI/Conversation/T_Dialogue_IconBackgroundCircle.tga 400 130 128 120> The original assault rifle
<image UI/Conversation/T_Dialogue_IconBackgroundCircle.tga 400 130 128 120> Old
<image UI/Conversation/T_Dialogue_IconBackgroundCircle.tga 400 130 128 120> Poor handling
<image UI/Conversation/T_Dialogue_IconBackgroundCircle.tga 400 130 128 120> Accurate
<image UI/Conversation/T_Dialogue_IconBackgroundCircle.tga 400 130 128 120> Unreliable","manual-translation","needs-english-after-memory-cleanup","jazz","160551721775","jazz:InventoryItem/STG44.lua:15 | jazz:items.lua:23093"
"163607039190","<image UI/Conversation/T_Dialogue_IconBackgroundCircle.tga 400 130 128 120> Дробовик 
<image UI/Conversation/T_Dialogue_IconBackgroundCircle.tga 400 130 128 120> Хороший бой","<image UI/Conversation/T_Dialogue_IconBackgroundCircle.tga 400 130 128 120> Дробовик
<image UI/Conversation/T_Dialogue_IconBackgroundCircle.tga 400 130 128 120> Хорошая кучность","<image UI/Conversation/T_Dialogue_IconBackgroundCircle.tga 400 130 128 120> Shotgun
<image UI/Conversation/T_Dialogue_IconBackgroundCircle.tga 400 130 128 120> Tight spread","manual-translation","needs-english-after-memory-cleanup","jazz","163607039190","jazz:InventoryItem/SPAS12.lua:17 | jazz:items.lua:30057"
"164667458744","<image UI/Conversation/T_Dialogue_IconBackgroundCircle.tga 400 130 128 120> Ломается ОЧЕНЬ часто
<image UI/Conversation/T_Dialogue_IconBackgroundCircle.tga 400 130 128 120> Плюс 100 к безумию","<image UI/Conversation/T_Dialogue_IconBackgroundCircle.tga 400 130 128 120> Ломается ОЧЕНЬ часто
<image UI/Conversation/T_Dialogue_IconBackgroundCircle.tga 400 130 128 120> Плюс 100 к безумию","<image UI/Conversation/T_Dialogue_IconBackgroundCircle.tga 400 130 128 120> Breaks VERY often
<image UI/Conversation/T_Dialogue_IconBackgroundCircle.tga 400 130 128 120> +100 to insanity","manual-translation","needs-english-after-memory-cleanup","jazz","164667458744","jazz:InventoryItem/PostApoHelmet.lua:13 | jazz:items.lua:58393"
"168864708139","Очередь во всю ленту по сектору
не менее 30 патрон должно быть заряжено","Длинная очередь на весь сектор
Нужно не менее 30 патронов в ленте","Fires the entire belt across a sector
Requires at least 30 rounds loaded","manual-translation","needs-english-after-memory-cleanup","jazz","168864708139","jazz:items.lua:67994"
"169382118769","<image UI/Conversation/T_Dialogue_IconBackgroundCircle.tga 400 130 128 120> Увеличенная эффективность прицеливания
<image UI/Conversation/T_Dialogue_IconBackgroundCircle.tga 400 130 128 120> Повышенный шанс критического попадания
<image UI/Conversation/T_Dialogue_IconBackgroundCircle.tga 400 130 128 120> Увеличенная дальность стрельбы без штрафов","<image UI/Conversation/T_Dialogue_IconBackgroundCircle.tga 400 130 128 120> Увеличенная эффективность прицеливания
<image UI/Conversation/T_Dialogue_IconBackgroundCircle.tga 400 130 128 120> Повышенный шанс критического попадания
<image UI/Conversation/T_Dialogue_IconBackgroundCircle.tga 400 130 128 120> Увеличенная дальность стрельбы без штрафов","<image UI/Conversation/T_Dialogue_IconBackgroundCircle.tga 400 130 128 120> Improved aiming bonus
<image UI/Conversation/T_Dialogue_IconBackgroundCircle.tga 400 130 128 120> Increased critical-hit chance
<image UI/Conversation/T_Dialogue_IconBackgroundCircle.tga 400 130 128 120> Increased penalty-free range","manual-translation","needs-english-after-memory-cleanup","jazz","169382118769","jazz:InventoryItem/_9mm_Match.lua:13 | jazz:items.lua:8927"
"181724059889","<image UI/Conversation/T_Dialogue_IconBackgroundCircle.tga 400 130 128 120> Повышенная бронебойность
<image UI/Conversation/T_Dialogue_IconBackgroundCircle.tga 400 130 128 120> Немного повышенный шанс критического попадания","<image UI/Conversation/T_Dialogue_IconBackgroundCircle.tga 400 130 128 120> Повышенная бронебойность
<image UI/Conversation/T_Dialogue_IconBackgroundCircle.tga 400 130 128 120> Немного повышает шанс критического попадания","<image UI/Conversation/T_Dialogue_IconBackgroundCircle.tga 400 130 128 120> Improved armor penetration
<image UI/Conversation/T_Dialogue_IconBackgroundCircle.tga 400 130 128 120> Slightly increased critical-hit chance","manual-translation","needs-english-after-memory-cleanup","jazz","181724059889","jazz:InventoryItem/_50BMG_SLAP.lua:13 | jazz:items.lua:10030"
"186387032377","<image UI/Conversation/T_Dialogue_IconBackgroundCircle.tga 400 130 128 120> Точный
<image UI/Conversation/T_Dialogue_IconBackgroundCircle.tga 400 130 128 120> Удобный
<image UI/Conversation/T_Dialogue_IconBackgroundCircle.tga 400 130 128 120> Надежный
<image UI/Conversation/T_Dialogue_IconBackgroundCircle.tga 400 130 128 120> Куча обвесов","<image UI/Conversation/T_Dialogue_IconBackgroundCircle.tga 400 130 128 120> Точный
<image UI/Conversation/T_Dialogue_IconBackgroundCircle.tga 400 130 128 120> Удобный
<image UI/Conversation/T_Dialogue_IconBackgroundCircle.tga 400 130 128 120> Надёжный
<image UI/Conversation/T_Dialogue_IconBackgroundCircle.tga 400 130 128 120> Много вариантов обвеса","<image UI/Conversation/T_Dialogue_IconBackgroundCircle.tga 400 130 128 120> Accurate
<image UI/Conversation/T_Dialogue_IconBackgroundCircle.tga 400 130 128 120> Good handling
<image UI/Conversation/T_Dialogue_IconBackgroundCircle.tga 400 130 128 120> Reliable
<image UI/Conversation/T_Dialogue_IconBackgroundCircle.tga 400 130 128 120> Plenty of attachment options","manual-translation","needs-english-after-memory-cleanup","jazz","186387032377","jazz:InventoryItem/P226.lua:16 | jazz:items.lua:18364"
"190771851393","<image UI/Conversation/T_Dialogue_IconBackgroundCircle.tga 400 130 128 120> Уменьшение урона (улучшено обивкой)
<image UI/Conversation/T_Dialogue_IconBackgroundCircle.tga 400 130 128 120> Громоздкое (нет бесплатного перемещения)","<image UI/Conversation/T_Dialogue_IconBackgroundCircle.tga 400 130 128 120> Снижает урон; усилено подкладкой
<image UI/Conversation/T_Dialogue_IconBackgroundCircle.tga 400 130 128 120> Громоздкое: не даёт бесплатного перемещения","<image UI/Conversation/T_Dialogue_IconBackgroundCircle.tga 400 130 128 120> Damage reduction improved by padding
<image UI/Conversation/T_Dialogue_IconBackgroundCircle.tga 400 130 128 120> Cumbersome (no Free Move)","manual-translation","needs-english-after-memory-cleanup","jazz","190771851393 | 353912792254 | 463039026973 | 667037980727","jazz:InventoryItem/HeavyArmorTorso_WeavePadding.lua:14 | jazz:items.lua:58079 | jazz:InventoryItem/HeavyArmorHelmet_WeavePadding.lua:14 | jazz:items.lua:57915 | jazz:InventoryItem/HeavyArmorChestplate_WeavePadding.lua:14 | jazz:items.lua:57846 | jazz:InventoryItem/HeavyArmorLeggings_WeavePadding.lua:14 | jazz:items.lua:57985"
"203665951773","<image UI/Conversation/T_Dialogue_IconBackgroundCircle.tga 400 130 128 120> Вызывает <color EmStyle>удушье</color>
<image UI/Conversation/T_Dialogue_IconBackgroundCircle.tga 400 130 128 120> Почти бесшумно","<image UI/Conversation/T_Dialogue_IconBackgroundCircle.tga 400 130 128 120> Вызывает <color EmStyle>удушье</color>
<image UI/Conversation/T_Dialogue_IconBackgroundCircle.tga 400 130 128 120> Почти бесшумно","<image UI/Conversation/T_Dialogue_IconBackgroundCircle.tga 400 130 128 120> Inflicts <color EmStyle>Choking</color>
<image UI/Conversation/T_Dialogue_IconBackgroundCircle.tga 400 130 128 120> Nearly silent","manual-translation","needs-english-after-memory-cleanup","jazz","203665951773 | 217868623815","jazz:InventoryItem/JAZZ_AMMO_MortarShell_Gas.lua:15 | jazz:items.lua:8693 | jazz:InventoryItem/MortarShell_Gas.lua:15 | jazz:items.lua:10062"
"206588175055","<image UI/Conversation/T_Dialogue_IconBackgroundCircle.tga 400 130 128 120> Не наносит урона
<image UI/Conversation/T_Dialogue_IconBackgroundCircle.tga 400 130 128 120> Почти бесшумна","<image UI/Conversation/T_Dialogue_IconBackgroundCircle.tga 400 130 128 120> Не наносит урона
<image UI/Conversation/T_Dialogue_IconBackgroundCircle.tga 400 130 128 120> Почти бесшумна","<image UI/Conversation/T_Dialogue_IconBackgroundCircle.tga 400 130 128 120> Deals no damage
<image UI/Conversation/T_Dialogue_IconBackgroundCircle.tga 400 130 128 120> Nearly silent","manual-translation","needs-english-after-memory-cleanup","jazz","206588175055","jazz:InventoryItem/SmokeGrenade.lua:14 | jazz:items.lua:31000"
"207401264401","<image UI/Conversation/T_Dialogue_IconBackgroundCircle.tga 400 130 128 120> Обеспечивает уверенное поражение целей обладающих 3-м классом брони
<image UI/Conversation/T_Dialogue_IconBackgroundCircle.tga 400 130 128 120> Пораженные цели получают статус «<color EmStyle>Вне укрытия</color>» и лишаются его преимуществ","<image UI/Conversation/T_Dialogue_IconBackgroundCircle.tga 400 130 128 120> Надёжно пробивает броню 3-го класса
<image UI/Conversation/T_Dialogue_IconBackgroundCircle.tga 400 130 128 120> Поражённые цели получают статус «<color EmStyle>Вне укрытия</color>» и теряют преимущества укрытия","<image UI/Conversation/T_Dialogue_IconBackgroundCircle.tga 400 130 128 120> Reliably penetrates Armor Class 3
<image UI/Conversation/T_Dialogue_IconBackgroundCircle.tga 400 130 128 120> Hit targets become <color EmStyle>Exposed</color> and lose the benefits of cover","manual-translation","needs-english-after-memory-cleanup","jazz","207401264401 | 580519712367","jazz:InventoryItem/_762WP_Tracer.lua:14 | jazz:items.lua:9568 | jazz:InventoryItem/_556_Tracer.lua:14 | jazz:items.lua:9335"
"212902513488","<image UI/Conversation/T_Dialogue_IconBackgroundCircle.tga 400 130 128 120> Вызывает <color EmStyle>слепоту</color>
<image UI/Conversation/T_Dialogue_IconBackgroundCircle.tga 400 130 128 120> Не наносит урона
<image UI/Conversation/T_Dialogue_IconBackgroundCircle.tga 400 130 128 120> Высокая вероятность неудачи
<image UI/Conversation/T_Dialogue_IconBackgroundCircle.tga 400 130 128 120> Почти бесшумна","<image UI/Conversation/T_Dialogue_IconBackgroundCircle.tga 400 130 128 120> Вызывает <color EmStyle>слепоту</color>
<image UI/Conversation/T_Dialogue_IconBackgroundCircle.tga 400 130 128 120> Не наносит урона
<image UI/Conversation/T_Dialogue_IconBackgroundCircle.tga 400 130 128 120> Высокая вероятность неудачи
<image UI/Conversation/T_Dialogue_IconBackgroundCircle.tga 400 130 128 120> Почти бесшумна","<image UI/Conversation/T_Dialogue_IconBackgroundCircle.tga 400 130 128 120> Inflicts <color EmStyle>Blindness</color>
<image UI/Conversation/T_Dialogue_IconBackgroundCircle.tga 400 130 128 120> Deals no damage
<image UI/Conversation/T_Dialogue_IconBackgroundCircle.tga 400 130 128 120> High mishap chance
<image UI/Conversation/T_Dialogue_IconBackgroundCircle.tga 400 130 128 120> Nearly silent","manual-translation","needs-english-after-memory-cleanup","jazz","212902513488","jazz:InventoryItem/TearGasGrenade.lua:14 | jazz:items.lua:31039"
"213348209507","<image UI/Conversation/T_Dialogue_IconBackgroundCircle.tga 400 130 128 120> Снижает штрафы к точности ночью и в подземных секторах
<image UI/Conversation/T_Dialogue_IconBackgroundCircle.tga 400 130 128 120> Не суммируется с чертой «Ночные операции»
<image UI/Conversation/T_Dialogue_IconBackgroundCircle.tga 400 130 128 120> Нельзя совмещать с обивкой или керамическими пластинами","<image UI/Conversation/T_Dialogue_IconBackgroundCircle.tga 400 130 128 120> Снижает штрафы к точности ночью и в подземных секторах
<image UI/Conversation/T_Dialogue_IconBackgroundCircle.tga 400 130 128 120> Не суммируется с чертой «Ночные операции»
<image UI/Conversation/T_Dialogue_IconBackgroundCircle.tga 400 130 128 120> Нельзя совмещать с обивкой или керамическими пластинами","<image UI/Conversation/T_Dialogue_IconBackgroundCircle.tga 400 130 128 120> Reduces accuracy penalties at night and underground
<image UI/Conversation/T_Dialogue_IconBackgroundCircle.tga 400 130 128 120> Does not stack with the Night Ops perk
<image UI/Conversation/T_Dialogue_IconBackgroundCircle.tga 400 130 128 120> Cannot be combined with padding or ceramic plates","manual-translation","needs-english-after-memory-cleanup","jazz","213348209507","jazz:InventoryItem/NightVisionGoggles.lua:13 | jazz:items.lua:56575"
"216627067101","<image UI/Conversation/T_Dialogue_IconBackgroundCircle.tga 400 130 128 120> Слабая отдача 
<image UI/Conversation/T_Dialogue_IconBackgroundCircle.tga 400 130 128 120> Надежный 
<image UI/Conversation/T_Dialogue_IconBackgroundCircle.tga 400 130 128 120> Быстро стреляет 
<image UI/Conversation/T_Dialogue_IconBackgroundCircle.tga 400 130 128 120> Лучшее оружие для вашей войны.","<image UI/Conversation/T_Dialogue_IconBackgroundCircle.tga 400 130 128 120> Слабая отдача
<image UI/Conversation/T_Dialogue_IconBackgroundCircle.tga 400 130 128 120> Надёжный
<image UI/Conversation/T_Dialogue_IconBackgroundCircle.tga 400 130 128 120> Высокая скорострельность
<image UI/Conversation/T_Dialogue_IconBackgroundCircle.tga 400 130 128 120> Лучшее оружие для вашей войны","<image UI/Conversation/T_Dialogue_IconBackgroundCircle.tga 400 130 128 120> Low recoil
<image UI/Conversation/T_Dialogue_IconBackgroundCircle.tga 400 130 128 120> Reliable
<image UI/Conversation/T_Dialogue_IconBackgroundCircle.tga 400 130 128 120> High rate of fire
<image UI/Conversation/T_Dialogue_IconBackgroundCircle.tga 400 130 128 120> The best rifle for your war","manual-translation","needs-english-after-memory-cleanup","jazz","216627067101","jazz:InventoryItem/AK74.lua:16 | jazz:items.lua:24077"
"224168487168","<image UI/Conversation/T_Dialogue_IconBackgroundCircle.tga 400 130 128 120> Обеспечивает уверенное поражение целей обладающих 2-м классом брони
<image UI/Conversation/T_Dialogue_IconBackgroundCircle.tga 400 130 128 120> Патроны низкого качества: пониженный урон, увеличенный износ","<image UI/Conversation/T_Dialogue_IconBackgroundCircle.tga 400 130 128 120> Надёжно пробивает броню 2-го класса
<image UI/Conversation/T_Dialogue_IconBackgroundCircle.tga 400 130 128 120> Патроны низкого качества: меньше урон, выше износ","<image UI/Conversation/T_Dialogue_IconBackgroundCircle.tga 400 130 128 120> Reliably penetrates Armor Class 2
<image UI/Conversation/T_Dialogue_IconBackgroundCircle.tga 400 130 128 120> Low-quality ammunition: reduced damage and increased wear","manual-translation","needs-english-after-memory-cleanup","jazz","224168487168","jazz:InventoryItem/_762NATO_HP.lua:14 | jazz:items.lua:9598"
"232973799458","<image UI/Conversation/T_Dialogue_IconBackgroundCircle.tga 400 130 128 120> Винтовка с ручным перезаряжанием 
<image UI/Conversation/T_Dialogue_IconBackgroundCircle.tga 400 130 128 120> Неудобный 
<image UI/Conversation/T_Dialogue_IconBackgroundCircle.tga 400 130 128 120> Медленно стреляет 
<image UI/Conversation/T_Dialogue_IconBackgroundCircle.tga 400 130 128 120> Надежный 
<image UI/Conversation/T_Dialogue_IconBackgroundCircle.tga 400 130 128 120> Дед проиграл","<image UI/Conversation/T_Dialogue_IconBackgroundCircle.tga 400 130 128 120> Винтовка с продольно-скользящим затвором
<image UI/Conversation/T_Dialogue_IconBackgroundCircle.tga 400 130 128 120> Неудобный
<image UI/Conversation/T_Dialogue_IconBackgroundCircle.tga 400 130 128 120> Медленно стреляет
<image UI/Conversation/T_Dialogue_IconBackgroundCircle.tga 400 130 128 120> Надёжный
<image UI/Conversation/T_Dialogue_IconBackgroundCircle.tga 400 130 128 120> Дед проиграл","<image UI/Conversation/T_Dialogue_IconBackgroundCircle.tga 400 130 128 120> Bolt-action rifle
<image UI/Conversation/T_Dialogue_IconBackgroundCircle.tga 400 130 128 120> Poor handling
<image UI/Conversation/T_Dialogue_IconBackgroundCircle.tga 400 130 128 120> Low rate of fire
<image UI/Conversation/T_Dialogue_IconBackgroundCircle.tga 400 130 128 120> Reliable
<image UI/Conversation/T_Dialogue_IconBackgroundCircle.tga 400 130 128 120> Granddad lost","manual-translation","needs-english-after-memory-cleanup","jazz","232973799458","jazz:InventoryItem/Gewehr98.lua:16 | jazz:items.lua:26190"
"233007853795","<image UI/Conversation/T_Dialogue_IconBackgroundCircle.tga 400 130 128 120> Обеспечивает уверенное поражение целей обладающих 2-м классом брони
<image UI/Conversation/T_Dialogue_IconBackgroundCircle.tga 400 130 128 120> Увеличенная эффективность прицеливания
<image UI/Conversation/T_Dialogue_IconBackgroundCircle.tga 400 130 128 120> Повышенный шанс критического попадания
<image UI/Conversation/T_Dialogue_IconBackgroundCircle.tga 400 130 128 120> Увеличенная дальность стрельбы без штрафов","<image UI/Conversation/T_Dialogue_IconBackgroundCircle.tga 400 130 128 120> Надёжно пробивает броню 2-го класса
<image UI/Conversation/T_Dialogue_IconBackgroundCircle.tga 400 130 128 120> Увеличенная эффективность прицеливания
<image UI/Conversation/T_Dialogue_IconBackgroundCircle.tga 400 130 128 120> Повышенный шанс критического попадания
<image UI/Conversation/T_Dialogue_IconBackgroundCircle.tga 400 130 128 120> Увеличенная дальность стрельбы без штрафов","<image UI/Conversation/T_Dialogue_IconBackgroundCircle.tga 400 130 128 120> Reliably penetrates Armor Class 2
<image UI/Conversation/T_Dialogue_IconBackgroundCircle.tga 400 130 128 120> Improved aiming bonus
<image UI/Conversation/T_Dialogue_IconBackgroundCircle.tga 400 130 128 120> Increased critical-hit chance
<image UI/Conversation/T_Dialogue_IconBackgroundCircle.tga 400 130 128 120> Increased penalty-free range","manual-translation","needs-english-after-memory-cleanup","jazz","233007853795","jazz:InventoryItem/_44CAL_Match.lua:13 | jazz:items.lua:9096"
"236109853304","<image UI/Conversation/T_Dialogue_IconBackgroundCircle.tga 400 130 128 120> Легкая пятидесятка 
<image UI/Conversation/T_Dialogue_IconBackgroundCircle.tga 400 130 128 120> Точный 
<image UI/Conversation/T_Dialogue_IconBackgroundCircle.tga 400 130 128 120> Дальнобойный 
<image UI/Conversation/T_Dialogue_IconBackgroundCircle.tga 400 130 128 120> Медленно стреляет
<image UI/Conversation/T_Dialogue_IconBackgroundCircle.tga 400 130 128 120> Огромная убойность 
<image UI/Conversation/T_Dialogue_IconBackgroundCircle.tga 400 130 128 120> Тяжелый - ограничивает свободу движений","<image UI/Conversation/T_Dialogue_IconBackgroundCircle.tga 400 130 128 120> Лёгкая «пятидесятка»
<image UI/Conversation/T_Dialogue_IconBackgroundCircle.tga 400 130 128 120> Точный
<image UI/Conversation/T_Dialogue_IconBackgroundCircle.tga 400 130 128 120> Дальнобойный
<image UI/Conversation/T_Dialogue_IconBackgroundCircle.tga 400 130 128 120> Медленно стреляет
<image UI/Conversation/T_Dialogue_IconBackgroundCircle.tga 400 130 128 120> Огромный урон
<image UI/Conversation/T_Dialogue_IconBackgroundCircle.tga 400 130 128 120> Тяжёлый: ограничивает свободу движения","<image UI/Conversation/T_Dialogue_IconBackgroundCircle.tga 400 130 128 120> The light fifty
<image UI/Conversation/T_Dialogue_IconBackgroundCircle.tga 400 130 128 120> Accurate
<image UI/Conversation/T_Dialogue_IconBackgroundCircle.tga 400 130 128 120> Long range
<image UI/Conversation/T_Dialogue_IconBackgroundCircle.tga 400 130 128 120> Low rate of fire
<image UI/Conversation/T_Dialogue_IconBackgroundCircle.tga 400 130 128 120> Massive damage
<image UI/Conversation/T_Dialogue_IconBackgroundCircle.tga 400 130 128 120> Heavy (limits mobility)","manual-translation","needs-english-after-memory-cleanup","jazz","236109853304","jazz:InventoryItem/BarretM82.lua:16 | jazz:items.lua:27468"
"236956584170","	Не ожидал встретить союзников, в этой мясорубке, мы не ожидали выжить в этом бою.
	Я - <em>команданте Контимир Бурда</em> из местной ячейки партизан. Мы выслеживали Рафаля, проклятый предатель, крыса, придурок и вор, один из кучи офицеров <em>Легиона</em>. Наконец эта тварь нашла свою смерть.","Не ожидал встретить союзников в этой мясорубке. Мы уже не надеялись пережить бой.
Я — <em>команданте Контимир Бурда</em> из местной ячейки партизан. Мы выслеживали Рафаля — проклятого предателя, крысу, дурака и вора, одного из множества офицеров <em>Легиона</em>. Наконец этот мерзавец получил по заслугам.","I didn't expect to find allies in this slaughter. We didn't think we'd survive this fight.
I'm <em>Comandante Kontimir Burda</em> from the local partisan cell. We were hunting Rafal—a damned traitor, rat, fool, and thief, and just one of the <em>Legion's</em> many officers. At last, the bastard got what he deserved.","manual-translation","needs-english-after-memory-cleanup","jazz-maps","236956584170","jazz-maps:items.lua:30873"
"237005758229","<image UI/Conversation/T_Dialogue_IconBackgroundCircle.tga 400 130 128 120> очень низкий урон
<image UI/Conversation/T_Dialogue_IconBackgroundCircle.tga 400 130 128 120> Сниженная дальнобойность
<image UI/Conversation/T_Dialogue_IconBackgroundCircle.tga 400 130 128 120> Увеличенный сектор атаки
<image UI/Conversation/T_Dialogue_IconBackgroundCircle.tga 400 130 128 120> Вызывает у цели <color EmStyle>случайные травмы</color>","<image UI/Conversation/T_Dialogue_IconBackgroundCircle.tga 400 130 128 120> Очень низкий урон
<image UI/Conversation/T_Dialogue_IconBackgroundCircle.tga 400 130 128 120> Сниженная дальность
<image UI/Conversation/T_Dialogue_IconBackgroundCircle.tga 400 130 128 120> Увеличенный сектор атаки
<image UI/Conversation/T_Dialogue_IconBackgroundCircle.tga 400 130 128 120> Наносит цели <color EmStyle>случайные травмы</color>","<image UI/Conversation/T_Dialogue_IconBackgroundCircle.tga 400 130 128 120> Very low damage
<image UI/Conversation/T_Dialogue_IconBackgroundCircle.tga 400 130 128 120> Reduced range
<image UI/Conversation/T_Dialogue_IconBackgroundCircle.tga 400 130 128 120> Wider attack cone
<image UI/Conversation/T_Dialogue_IconBackgroundCircle.tga 400 130 128 120> Inflicts <color EmStyle>random injuries</color>","manual-translation","needs-english-after-memory-cleanup","jazz","237005758229","jazz:InventoryItem/_12gauge_Saltshot.lua:14 | jazz:items.lua:9912"
"240638495863","<em>Тратит все ОД</em>
Любой враг, который совершает движение или действие спровоцирует <GameTerm('Interrupt')> с 1-2 уровнями прицеливания.
Точность зависит от параметра <em><dexterity></em>.
Количество атак зависит от количества ОД.","<em>Тратит все ОД</em>
Любое движение или действие врага вызывает <GameTerm('Interrupt')> с 1–2 уровнями прицеливания.
Точность зависит от <em><dexterity></em>.
Количество атак зависит от доступных ОД.","<em>Spends all AP</em>
Any enemy who moves or acts triggers a <GameTerm('Interrupt')> with 1–2 Aim levels.
Accuracy depends on <em><dexterity></em>.
The number of attacks depends on available AP.","manual-translation","needs-english-after-memory-cleanup","jazz","240638495863","jazz:items.lua:64371"
"241195052187","<image UI/Conversation/T_Dialogue_IconBackgroundCircle.tga 400 130 128 120> Дробовик 
<image UI/Conversation/T_Dialogue_IconBackgroundCircle.tga 400 130 128 120> Неточный бой 
<image UI/Conversation/T_Dialogue_IconBackgroundCircle.tga 400 130 128 120> Неудобный","<image UI/Conversation/T_Dialogue_IconBackgroundCircle.tga 400 130 128 120> Дробовик
<image UI/Conversation/T_Dialogue_IconBackgroundCircle.tga 400 130 128 120> Широкий разброс
<image UI/Conversation/T_Dialogue_IconBackgroundCircle.tga 400 130 128 120> Неудобный","<image UI/Conversation/T_Dialogue_IconBackgroundCircle.tga 400 130 128 120> Shotgun
<image UI/Conversation/T_Dialogue_IconBackgroundCircle.tga 400 130 128 120> Wide spread
<image UI/Conversation/T_Dialogue_IconBackgroundCircle.tga 400 130 128 120> Poor handling","manual-translation","needs-english-after-memory-cleanup","jazz","241195052187","jazz:InventoryItem/M1897.lua:16 | jazz:items.lua:29585"
"242556118888","<image UI/Conversation/T_Dialogue_IconBackgroundCircle.tga 400 130 128 120> Точный 
<image UI/Conversation/T_Dialogue_IconBackgroundCircle.tga 400 130 128 120> Ненадежный 
<image UI/Conversation/T_Dialogue_IconBackgroundCircle.tga 400 130 128 120> Счастливый сын","<image UI/Conversation/T_Dialogue_IconBackgroundCircle.tga 400 130 128 120> Точный
<image UI/Conversation/T_Dialogue_IconBackgroundCircle.tga 400 130 128 120> Ненадёжный
<image UI/Conversation/T_Dialogue_IconBackgroundCircle.tga 400 130 128 120> Счастливый сын","<image UI/Conversation/T_Dialogue_IconBackgroundCircle.tga 400 130 128 120> Accurate
<image UI/Conversation/T_Dialogue_IconBackgroundCircle.tga 400 130 128 120> Unreliable
<image UI/Conversation/T_Dialogue_IconBackgroundCircle.tga 400 130 128 120> Fortunate son","manual-translation","needs-english-after-memory-cleanup","jazz","242556118888","jazz:InventoryItem/M16A1.lua:16 | jazz:items.lua:23249"
"246973411865","<image UI/Conversation/T_Dialogue_IconBackgroundCircle.tga 400 130 128 120> Окопная метла 
<image UI/Conversation/T_Dialogue_IconBackgroundCircle.tga 400 130 128 120> Пробивает броню","<image UI/Conversation/T_Dialogue_IconBackgroundCircle.tga 400 130 128 120> Окопная метла
<image UI/Conversation/T_Dialogue_IconBackgroundCircle.tga 400 130 128 120> Пробивает броню","<image UI/Conversation/T_Dialogue_IconBackgroundCircle.tga 400 130 128 120> Trench broom
<image UI/Conversation/T_Dialogue_IconBackgroundCircle.tga 400 130 128 120> Armor-piercing","manual-translation","needs-english-after-memory-cleanup","jazz","246973411865","jazz:InventoryItem/PPSH.lua:17 | jazz:items.lua:20313"
"247198247081","С любовью вырезанная из старых шин для грузовика  полнотельная броня с рукавами. Не хотелось бы огорчать автора жестокой действительностью касательно способностей его брони.
","Полный доспех с рукавами, любовно вырезанный из старых грузовых шин. Не хочется расстраивать мастера правдой о его защитных свойствах.
","A full-body suit with sleeves, lovingly cut from old truck tires. It would be cruel to tell its maker how little protection it actually provides.
","manual-translation","needs-english-after-memory-cleanup","jazz","247198247081","jazz:InventoryItem/JazzArmor_TireArmor.lua:13 | jazz:items.lua:60234"
"257228948726","<image UI/Conversation/T_Dialogue_IconBackgroundCircle.tga 400 130 128 120> Надежный 
<image UI/Conversation/T_Dialogue_IconBackgroundCircle.tga 400 130 128 120> Дальнобойный 
<image UI/Conversation/T_Dialogue_IconBackgroundCircle.tga 400 130 128 120> Точный G3 с прицелом","<image UI/Conversation/T_Dialogue_IconBackgroundCircle.tga 400 130 128 120> Надёжный
<image UI/Conversation/T_Dialogue_IconBackgroundCircle.tga 400 130 128 120> Дальнобойный
<image UI/Conversation/T_Dialogue_IconBackgroundCircle.tga 400 130 128 120> Точный G3 с прицелом","<image UI/Conversation/T_Dialogue_IconBackgroundCircle.tga 400 130 128 120> Reliable
<image UI/Conversation/T_Dialogue_IconBackgroundCircle.tga 400 130 128 120> Long range
<image UI/Conversation/T_Dialogue_IconBackgroundCircle.tga 400 130 128 120> Accurate scoped G3","manual-translation","needs-english-after-memory-cleanup","jazz","257228948726","jazz:InventoryItem/G3SniperV1.lua:15 | jazz:items.lua:26957"
"259441942196","<image UI/Conversation/T_Dialogue_IconBackgroundCircle.tga 400 130 128 120> Удобный 
<image UI/Conversation/T_Dialogue_IconBackgroundCircle.tga 400 130 128 120> Без приклада 
<image UI/Conversation/T_Dialogue_IconBackgroundCircle.tga 400 130 128 120> Скорострельный 
<image UI/Conversation/T_Dialogue_IconBackgroundCircle.tga 400 130 128 120> Ненадежный","<image UI/Conversation/T_Dialogue_IconBackgroundCircle.tga 400 130 128 120> Удобный
<image UI/Conversation/T_Dialogue_IconBackgroundCircle.tga 400 130 128 120> Без приклада
<image UI/Conversation/T_Dialogue_IconBackgroundCircle.tga 400 130 128 120> Скорострельный
<image UI/Conversation/T_Dialogue_IconBackgroundCircle.tga 400 130 128 120> Ненадёжный","<image UI/Conversation/T_Dialogue_IconBackgroundCircle.tga 400 130 128 120> Good handling
<image UI/Conversation/T_Dialogue_IconBackgroundCircle.tga 400 130 128 120> No stock
<image UI/Conversation/T_Dialogue_IconBackgroundCircle.tga 400 130 128 120> High rate of fire
<image UI/Conversation/T_Dialogue_IconBackgroundCircle.tga 400 130 128 120> Unreliable","manual-translation","needs-english-after-memory-cleanup","jazz","259441942196","jazz:InventoryItem/Agram2000.lua:16 | jazz:items.lua:20526"
"260147426645","<image UI/Conversation/T_Dialogue_IconBackgroundCircle.tga 400 130 128 120> Двустволка 
<image UI/Conversation/T_Dialogue_IconBackgroundCircle.tga 400 130 128 120> Быстро стреляет 
<image UI/Conversation/T_Dialogue_IconBackgroundCircle.tga 400 130 128 120> Точный бой 
<image UI/Conversation/T_Dialogue_IconBackgroundCircle.tga 400 130 128 120> Удобный","<image UI/Conversation/T_Dialogue_IconBackgroundCircle.tga 400 130 128 120> Двустволка
<image UI/Conversation/T_Dialogue_IconBackgroundCircle.tga 400 130 128 120> Высокая скорострельность
<image UI/Conversation/T_Dialogue_IconBackgroundCircle.tga 400 130 128 120> Хорошая кучность
<image UI/Conversation/T_Dialogue_IconBackgroundCircle.tga 400 130 128 120> Удобный","<image UI/Conversation/T_Dialogue_IconBackgroundCircle.tga 400 130 128 120> Double-barreled
<image UI/Conversation/T_Dialogue_IconBackgroundCircle.tga 400 130 128 120> High rate of fire
<image UI/Conversation/T_Dialogue_IconBackgroundCircle.tga 400 130 128 120> Tight spread
<image UI/Conversation/T_Dialogue_IconBackgroundCircle.tga 400 130 128 120> Good handling","manual-translation","needs-english-after-memory-cleanup","jazz","260147426645","jazz:InventoryItem/Stoeger.lua:16 | jazz:items.lua:29845"
"262854979930","<image UI/Conversation/T_Dialogue_IconBackgroundCircle.tga 400 130 128 120> Винтовка с ручным перезаряжанием 
<image UI/Conversation/T_Dialogue_IconBackgroundCircle.tga 400 130 128 120> Неудобный 
<image UI/Conversation/T_Dialogue_IconBackgroundCircle.tga 400 130 128 120> Медленно стреляет 
<image UI/Conversation/T_Dialogue_IconBackgroundCircle.tga 400 130 128 120> Надежный 
<image UI/Conversation/T_Dialogue_IconBackgroundCircle.tga 400 130 128 120> Точный","<image UI/Conversation/T_Dialogue_IconBackgroundCircle.tga 400 130 128 120> Винтовка с продольно-скользящим затвором
<image UI/Conversation/T_Dialogue_IconBackgroundCircle.tga 400 130 128 120> Неудобный
<image UI/Conversation/T_Dialogue_IconBackgroundCircle.tga 400 130 128 120> Медленно стреляет
<image UI/Conversation/T_Dialogue_IconBackgroundCircle.tga 400 130 128 120> Надёжный
<image UI/Conversation/T_Dialogue_IconBackgroundCircle.tga 400 130 128 120> Точный","<image UI/Conversation/T_Dialogue_IconBackgroundCircle.tga 400 130 128 120> Bolt-action rifle
<image UI/Conversation/T_Dialogue_IconBackgroundCircle.tga 400 130 128 120> Poor handling
<image UI/Conversation/T_Dialogue_IconBackgroundCircle.tga 400 130 128 120> Low rate of fire
<image UI/Conversation/T_Dialogue_IconBackgroundCircle.tga 400 130 128 120> Reliable
<image UI/Conversation/T_Dialogue_IconBackgroundCircle.tga 400 130 128 120> Accurate","manual-translation","needs-english-after-memory-cleanup","jazz","262854979930 | 268336330579 | 357652125031","jazz:InventoryItem/M700.lua:16 | jazz:items.lua:26810 | jazz:InventoryItem/M24Sniper.lua:16 | jazz:items.lua:27057 | jazz:InventoryItem/FRF2.lua:16 | jazz:items.lua:26414"
"267082675739","<image UI/Conversation/T_Dialogue_IconBackgroundCircle.tga 400 130 128 120> Объединяет пролетариев всех стран
<image UI/Conversation/T_Dialogue_IconBackgroundCircle.tga 400 130 128 120> С отвратительными иллюстрациями","<image UI/Conversation/T_Dialogue_IconBackgroundCircle.tga 400 130 128 120> Объединяет пролетариев всех стран
<image UI/Conversation/T_Dialogue_IconBackgroundCircle.tga 400 130 128 120> С отвратительными иллюстрациями","<image UI/Conversation/T_Dialogue_IconBackgroundCircle.tga 400 130 128 120> Unites workers of every nation
<image UI/Conversation/T_Dialogue_IconBackgroundCircle.tga 400 130 128 120> Terrible illustrations","manual-translation","needs-english-after-memory-cleanup","jazz","267082675739","jazz:InventoryItem/Pamphlets.lua:13 | jazz:items.lua:57037"
"270977662171","<image UI/Conversation/T_Dialogue_IconBackgroundCircle.tga 400 130 128 120> Легкий пулемет 
<image UI/Conversation/T_Dialogue_IconBackgroundCircle.tga 400 130 128 120> Кладет строчку как поссать сходить","<image UI/Conversation/T_Dialogue_IconBackgroundCircle.tga 400 130 128 120> Лёгкий пулемёт
<image UI/Conversation/T_Dialogue_IconBackgroundCircle.tga 400 130 128 120> Легко укладывает длинную очередь","<image UI/Conversation/T_Dialogue_IconBackgroundCircle.tga 400 130 128 120> Light machine gun
<image UI/Conversation/T_Dialogue_IconBackgroundCircle.tga 400 130 128 120> Lays down a burst like it's nothing","manual-translation","needs-english-after-memory-cleanup","jazz","270977662171","jazz:InventoryItem/FNMinimi.lua:16 | jazz:items.lua:28358"
"272774945644","<image UI/Conversation/T_Dialogue_IconBackgroundCircle.tga 400 130 128 120> Как калаш 
<image UI/Conversation/T_Dialogue_IconBackgroundCircle.tga 400 130 128 120> Убойный 
<image UI/Conversation/T_Dialogue_IconBackgroundCircle.tga 400 130 128 120> В остальном похуже","<image UI/Conversation/T_Dialogue_IconBackgroundCircle.tga 400 130 128 120> Надёжный, как Калашников
<image UI/Conversation/T_Dialogue_IconBackgroundCircle.tga 400 130 128 120> Убойный
<image UI/Conversation/T_Dialogue_IconBackgroundCircle.tga 400 130 128 120> В остальном похуже","<image UI/Conversation/T_Dialogue_IconBackgroundCircle.tga 400 130 128 120> Built like a Kalashnikov
<image UI/Conversation/T_Dialogue_IconBackgroundCircle.tga 400 130 128 120> High damage
<image UI/Conversation/T_Dialogue_IconBackgroundCircle.tga 400 130 128 120> Worse in every other way","manual-translation","needs-english-after-memory-cleanup","jazz","272774945644","jazz:InventoryItem/Zastava_M70.lua:16 | jazz:items.lua:23355"
"277947980799","<em>Тратятся все ОД</em>
Цель получает статус «<em><GameTerm('Marked')></em>». Если в начале следующего хода цель остается в поле зрения, вы стреляете и наносите ей <em><damage> ед. урона</em>.

Цель должна находиться на линии огня и быть видимой.

Шанс попасть по цели увеличен и зависит от меткости наемника","<em>Тратит все ОД</em>
Цель получает статус <em><GameTerm('Marked')></em>. Если в начале следующего хода она всё ещё видна, вы стреляете и наносите <em><damage> ед. урона</em>.

Цель должна быть видна и находиться на линии огня.

Атака получает бонус к точности, зависящий от Меткости наёмника.","<em>Spends all AP</em>
The target becomes <em><GameTerm('Marked')></em>. If it remains visible at the start of your next turn, you fire and deal <em><damage> damage</em>.

The target must be visible and in the line of fire.

The attack gains an accuracy bonus based on the merc's Marksmanship.","manual-translation","needs-english-after-memory-cleanup","jazz","277947980799","jazz:items.lua:66381"
"279942058199","<image UI/Conversation/T_Dialogue_IconBackgroundCircle.tga 400 130 128 120> Обеспечивает уверенное поражение целей обладающих 2-м классом брони
<image UI/Conversation/T_Dialogue_IconBackgroundCircle.tga 400 130 128 120> Патроны плохого качества: cниженный урон и повышенный износ","<image UI/Conversation/T_Dialogue_IconBackgroundCircle.tga 400 130 128 120> Надёжно пробивает броню 2-го класса
<image UI/Conversation/T_Dialogue_IconBackgroundCircle.tga 400 130 128 120> Патроны низкого качества: меньше урон, выше износ","<image UI/Conversation/T_Dialogue_IconBackgroundCircle.tga 400 130 128 120> Reliably penetrates Armor Class 2
<image UI/Conversation/T_Dialogue_IconBackgroundCircle.tga 400 130 128 120> Low-quality ammunition: reduced damage and increased wear","manual-translation","needs-english-after-memory-cleanup","jazz","279942058199","jazz:InventoryItem/_556_Basic.lua:14 | jazz:items.lua:9273"
"298835539293","<color EmStyle>Стоимость перемещения</color> повышена на <color EmStyle><move_ap_modifier>%</color> за уровень.
Имеет шанс вылечиться со временем после лечения или при высоком здоровье","<color EmStyle>Стоимость перемещения</color> повышается на <color EmStyle><move_ap_modifier>%</color> за каждый уровень.
Может пройти со временем после лечения или при высоком уровне здоровья.","<color EmStyle>Movement cost</color> increases by <color EmStyle><move_ap_modifier>%</color> per stack.
May recover over time after treatment or while at high Health.","manual-translation","needs-english-after-memory-cleanup","jazz","298835539293","jazz:CharacterEffect/Slowed.lua:68 | jazz:items.lua:63609"
"305727013459","<image UI/Conversation/T_Dialogue_IconBackgroundCircle.tga 400 130 128 120> Одноручный
<image UI/Conversation/T_Dialogue_IconBackgroundCircle.tga 400 130 128 120> Складной приклад
<image UI/Conversation/T_Dialogue_IconBackgroundCircle.tga 400 130 128 120> Скорострельный
<image UI/Conversation/T_Dialogue_IconBackgroundCircle.tga 400 130 128 120> УЗИшка","<image UI/Conversation/T_Dialogue_IconBackgroundCircle.tga 400 130 128 120> Одноручный
<image UI/Conversation/T_Dialogue_IconBackgroundCircle.tga 400 130 128 120> Складной приклад
<image UI/Conversation/T_Dialogue_IconBackgroundCircle.tga 400 130 128 120> Скорострельный
<image UI/Conversation/T_Dialogue_IconBackgroundCircle.tga 400 130 128 120> УЗИшка","<image UI/Conversation/T_Dialogue_IconBackgroundCircle.tga 400 130 128 120> One-handed
<image UI/Conversation/T_Dialogue_IconBackgroundCircle.tga 400 130 128 120> Folding stock
<image UI/Conversation/T_Dialogue_IconBackgroundCircle.tga 400 130 128 120> High rate of fire
<image UI/Conversation/T_Dialogue_IconBackgroundCircle.tga 400 130 128 120> An Uzi","manual-translation","needs-english-after-memory-cleanup","jazz","305727013459","jazz:InventoryItem/MicroUZI.lua:16 | jazz:items.lua:18636"
"308173152169","<image UI/Conversation/T_Dialogue_IconBackgroundCircle.tga 400 130 128 120> В эпицентре взрыва снижает уровень энергии целей (один раз за бой)
<image UI/Conversation/T_Dialogue_IconBackgroundCircle.tga 400 130 128 120> <color EmStyle>Подавляет</color> цели
<image UI/Conversation/T_Dialogue_IconBackgroundCircle.tga 400 130 128 120> Издает меньше шума","<image UI/Conversation/T_Dialogue_IconBackgroundCircle.tga 400 130 128 120> В эпицентре взрыва снижает энергию целей (один раз за бой)
<image UI/Conversation/T_Dialogue_IconBackgroundCircle.tga 400 130 128 120> <color EmStyle>Подавляет</color> цели
<image UI/Conversation/T_Dialogue_IconBackgroundCircle.tga 400 130 128 120> Издаёт меньше шума","<image UI/Conversation/T_Dialogue_IconBackgroundCircle.tga 400 130 128 120> Drains targets' Energy at the center of the blast (once per combat)
<image UI/Conversation/T_Dialogue_IconBackgroundCircle.tga 400 130 128 120> <color EmStyle>Suppresses</color> targets
<image UI/Conversation/T_Dialogue_IconBackgroundCircle.tga 400 130 128 120> Reduced noise","manual-translation","needs-english-after-memory-cleanup","jazz","308173152169 | 523265065541","jazz:InventoryItem/JAZZ_AMMO_40mmFlashbangGrenade.lua:12 | jazz:items.lua:8807 | jazz:InventoryItem/_40mmFlashbangGrenade.lua:12 | jazz:items.lua:10137"
"310575798556","<image UI/Conversation/T_Dialogue_IconBackgroundCircle.tga 400 130 128 120> Надежный
<image UI/Conversation/T_Dialogue_IconBackgroundCircle.tga 400 130 128 120> Удобный
<image UI/Conversation/T_Dialogue_IconBackgroundCircle.tga 400 130 128 120> Точный
<image UI/Conversation/T_Dialogue_IconBackgroundCircle.tga 400 130 128 120> Дальнобойный
<image UI/Conversation/T_Dialogue_IconBackgroundCircle.tga 400 130 128 120> Убойный
<image UI/Conversation/T_Dialogue_IconBackgroundCircle.tga 400 130 128 120> Пистолет швейцарской маминой подруги.","<image UI/Conversation/T_Dialogue_IconBackgroundCircle.tga 400 130 128 120> Надёжный
<image UI/Conversation/T_Dialogue_IconBackgroundCircle.tga 400 130 128 120> Удобный
<image UI/Conversation/T_Dialogue_IconBackgroundCircle.tga 400 130 128 120> Точный
<image UI/Conversation/T_Dialogue_IconBackgroundCircle.tga 400 130 128 120> Дальнобойный
<image UI/Conversation/T_Dialogue_IconBackgroundCircle.tga 400 130 128 120> Убойный
<image UI/Conversation/T_Dialogue_IconBackgroundCircle.tga 400 130 128 120> Пистолет швейцарской маминой подруги.","<image UI/Conversation/T_Dialogue_IconBackgroundCircle.tga 400 130 128 120> Reliable
<image UI/Conversation/T_Dialogue_IconBackgroundCircle.tga 400 130 128 120> Good handling
<image UI/Conversation/T_Dialogue_IconBackgroundCircle.tga 400 130 128 120> Accurate
<image UI/Conversation/T_Dialogue_IconBackgroundCircle.tga 400 130 128 120> Long range
<image UI/Conversation/T_Dialogue_IconBackgroundCircle.tga 400 130 128 120> High damage
<image UI/Conversation/T_Dialogue_IconBackgroundCircle.tga 400 130 128 120> The Swiss pistol your mother wishes you had","manual-translation","needs-english-after-memory-cleanup","jazz","310575798556","jazz:InventoryItem/P210.lua:15 | jazz:items.lua:16961"
"311674409919","<image UI/Conversation/T_Dialogue_IconBackgroundCircle.tga 400 130 128 120> Используется через меню предмета
<image UI/Conversation/T_Dialogue_IconBackgroundCircle.tga 400 130 128 120> Одноразовый предмет
<image UI/Conversation/T_Dialogue_IconBackgroundCircle.tga 400 130 128 120> Повышает навык «Механика»","<image UI/Conversation/T_Dialogue_IconBackgroundCircle.tga 400 130 128 120> Используется через меню предмета
<image UI/Conversation/T_Dialogue_IconBackgroundCircle.tga 400 130 128 120> Расходуется после использования
<image UI/Conversation/T_Dialogue_IconBackgroundCircle.tga 400 130 128 120> Повышает навык «Механика»","<image UI/Conversation/T_Dialogue_IconBackgroundCircle.tga 400 130 128 120> Used from the item menu
<image UI/Conversation/T_Dialogue_IconBackgroundCircle.tga 400 130 128 120> Single-use item
<image UI/Conversation/T_Dialogue_IconBackgroundCircle.tga 400 130 128 120> Increases Mechanical","manual-translation","needs-english-after-memory-cleanup","jazz","311674409919","jazz:InventoryItem/SkillMag_Mechanical.lua:13 | jazz:items.lua:57311"
"312770121832","<image UI/Conversation/T_Dialogue_IconBackgroundCircle.tga 400 130 128 120> Громоздкое (нет бесплатного перемещения)
<image UI/Conversation/T_Dialogue_IconBackgroundCircle.tga 400 130 128 120> Совмещено с композитумом-58","<image UI/Conversation/T_Dialogue_IconBackgroundCircle.tga 400 130 128 120> Громоздкое: не даёт бесплатного перемещения
<image UI/Conversation/T_Dialogue_IconBackgroundCircle.tga 400 130 128 120> Усилено композитумом-58","<image UI/Conversation/T_Dialogue_IconBackgroundCircle.tga 400 130 128 120> Cumbersome (no Free Move)
<image UI/Conversation/T_Dialogue_IconBackgroundCircle.tga 400 130 128 120> Bonded with Kompositum-58","manual-translation","needs-english-after-memory-cleanup","jazz","312770121832 | 347531284201 | 750816289329 | 759827329147","jazz:InventoryItem/HeavyArmorHelmet_Kompositum.lua:14 | jazz:items.lua:57892 | jazz:InventoryItem/HeavyArmorTorso_Kompositum.lua:14 | jazz:items.lua:58056 | jazz:InventoryItem/HeavyArmorChestplate_Kompositum.lua:14 | jazz:items.lua:57824 | jazz:InventoryItem/HeavyArmorLeggings_Kompositum.lua:14 | jazz:items.lua:57962"
"315157271455","<image UI/Conversation/T_Dialogue_IconBackgroundCircle.tga 400 130 128 120> Точный 
<image UI/Conversation/T_Dialogue_IconBackgroundCircle.tga 400 130 128 120> Дальнобойный 
<image UI/Conversation/T_Dialogue_IconBackgroundCircle.tga 400 130 128 120> Отсечка по три 
<image UI/Conversation/T_Dialogue_IconBackgroundCircle.tga 400 130 128 120> Слабая отдача 
<image UI/Conversation/T_Dialogue_IconBackgroundCircle.tga 400 130 128 120> Архивраг калаша","<image UI/Conversation/T_Dialogue_IconBackgroundCircle.tga 400 130 128 120> Точный
<image UI/Conversation/T_Dialogue_IconBackgroundCircle.tga 400 130 128 120> Дальнобойный
<image UI/Conversation/T_Dialogue_IconBackgroundCircle.tga 400 130 128 120> Отсечка по три
<image UI/Conversation/T_Dialogue_IconBackgroundCircle.tga 400 130 128 120> Слабая отдача
<image UI/Conversation/T_Dialogue_IconBackgroundCircle.tga 400 130 128 120> Архивраг Калашникова","<image UI/Conversation/T_Dialogue_IconBackgroundCircle.tga 400 130 128 120> Accurate
<image UI/Conversation/T_Dialogue_IconBackgroundCircle.tga 400 130 128 120> Long range
<image UI/Conversation/T_Dialogue_IconBackgroundCircle.tga 400 130 128 120> Three-round burst
<image UI/Conversation/T_Dialogue_IconBackgroundCircle.tga 400 130 128 120> Low recoil
<image UI/Conversation/T_Dialogue_IconBackgroundCircle.tga 400 130 128 120> The Kalashnikov's archenemy","manual-translation","needs-english-after-memory-cleanup","jazz","315157271455","jazz:InventoryItem/M16A4.lua:16 | jazz:items.lua:24328"
"315789426196","<image UI/Conversation/T_Dialogue_IconBackgroundCircle.tga 400 130 128 120> Удобный 
<image UI/Conversation/T_Dialogue_IconBackgroundCircle.tga 400 130 128 120> Точный 
<image UI/Conversation/T_Dialogue_IconBackgroundCircle.tga 400 130 128 120> Сильная отдача 
<image UI/Conversation/T_Dialogue_IconBackgroundCircle.tga 400 130 128 120> Скорострельный","<image UI/Conversation/T_Dialogue_IconBackgroundCircle.tga 400 130 128 120> Удобный
<image UI/Conversation/T_Dialogue_IconBackgroundCircle.tga 400 130 128 120> Точный
<image UI/Conversation/T_Dialogue_IconBackgroundCircle.tga 400 130 128 120> Сильная отдача
<image UI/Conversation/T_Dialogue_IconBackgroundCircle.tga 400 130 128 120> Скорострельный","<image UI/Conversation/T_Dialogue_IconBackgroundCircle.tga 400 130 128 120> Good handling
<image UI/Conversation/T_Dialogue_IconBackgroundCircle.tga 400 130 128 120> Accurate
<image UI/Conversation/T_Dialogue_IconBackgroundCircle.tga 400 130 128 120> Heavy recoil
<image UI/Conversation/T_Dialogue_IconBackgroundCircle.tga 400 130 128 120> High rate of fire","manual-translation","needs-english-after-memory-cleanup","jazz","315789426196","jazz:InventoryItem/AUG.lua:16 | jazz:items.lua:24196"
"317486111782","<image UI/Conversation/T_Dialogue_IconBackgroundCircle.tga 400 130 128 120> Дробовик 
<image UI/Conversation/T_Dialogue_IconBackgroundCircle.tga 400 130 128 120> Большой магазин 
<image UI/Conversation/T_Dialogue_IconBackgroundCircle.tga 400 130 128 120> Неудобный","<image UI/Conversation/T_Dialogue_IconBackgroundCircle.tga 400 130 128 120> Дробовик
<image UI/Conversation/T_Dialogue_IconBackgroundCircle.tga 400 130 128 120> Большой магазин
<image UI/Conversation/T_Dialogue_IconBackgroundCircle.tga 400 130 128 120> Неудобный","<image UI/Conversation/T_Dialogue_IconBackgroundCircle.tga 400 130 128 120> Shotgun
<image UI/Conversation/T_Dialogue_IconBackgroundCircle.tga 400 130 128 120> Large magazine
<image UI/Conversation/T_Dialogue_IconBackgroundCircle.tga 400 130 128 120> Poor handling","manual-translation","needs-english-after-memory-cleanup","jazz","317486111782","jazz:InventoryItem/USAS12.lua:16 | jazz:items.lua:30217"
"317702044957","<image UI/Conversation/T_Dialogue_IconBackgroundCircle.tga 400 130 128 120> Переавтомат-недопулемет 
<image UI/Conversation/T_Dialogue_IconBackgroundCircle.tga 400 130 128 120> Надежный 
<image UI/Conversation/T_Dialogue_IconBackgroundCircle.tga 400 130 128 120> Слабая отдача","<image UI/Conversation/T_Dialogue_IconBackgroundCircle.tga 400 130 128 120> Нечто среднее между автоматом и ручным пулемётом
<image UI/Conversation/T_Dialogue_IconBackgroundCircle.tga 400 130 128 120> Надёжный
<image UI/Conversation/T_Dialogue_IconBackgroundCircle.tga 400 130 128 120> Слабая отдача","<image UI/Conversation/T_Dialogue_IconBackgroundCircle.tga 400 130 128 120> Half assault rifle, half machine gun
<image UI/Conversation/T_Dialogue_IconBackgroundCircle.tga 400 130 128 120> Reliable
<image UI/Conversation/T_Dialogue_IconBackgroundCircle.tga 400 130 128 120> Low recoil","manual-translation","needs-english-after-memory-cleanup","jazz","317702044957","jazz:InventoryItem/RPK74.lua:16 | jazz:items.lua:28149"
"319080557737","<image UI/Conversation/T_Dialogue_IconBackgroundCircle.tga 400 130 128 120> 1 пуля.
<image UI/Conversation/T_Dialogue_IconBackgroundCircle.tga 400 130 128 120> Обеспечивает уверенное поражение целей обладающих 3-м классом брони
<image UI/Conversation/T_Dialogue_IconBackgroundCircle.tga 400 130 128 120> Увеличенная дальность и урон, но меньше чем у обычной пули","<image UI/Conversation/T_Dialogue_IconBackgroundCircle.tga 400 130 128 120> Один снаряд
<image UI/Conversation/T_Dialogue_IconBackgroundCircle.tga 400 130 128 120> Надёжно пробивает броню 3-го класса
<image UI/Conversation/T_Dialogue_IconBackgroundCircle.tga 400 130 128 120> Увеличены дальность и урон, но урон ниже, чем у обычного пульного патрона","<image UI/Conversation/T_Dialogue_IconBackgroundCircle.tga 400 130 128 120> Single projectile
<image UI/Conversation/T_Dialogue_IconBackgroundCircle.tga 400 130 128 120> Reliably penetrates Armor Class 3
<image UI/Conversation/T_Dialogue_IconBackgroundCircle.tga 400 130 128 120> Increased range and damage, but less damage than a standard slug","manual-translation","needs-english-after-memory-cleanup","jazz","319080557737","jazz:InventoryItem/_12gauge_APSlug.lua:14 | jazz:items.lua:9866"
"323285392363","<image UI/Conversation/T_Dialogue_IconBackgroundCircle.tga 400 130 128 120> Освещает большую территорию
<image UI/Conversation/T_Dialogue_IconBackgroundCircle.tga 400 130 128 120> Увеличенная дальность действия
<image UI/Conversation/T_Dialogue_IconBackgroundCircle.tga 400 130 128 120> Бесшумное","<image UI/Conversation/T_Dialogue_IconBackgroundCircle.tga 400 130 128 120> Освещает большую территорию
<image UI/Conversation/T_Dialogue_IconBackgroundCircle.tga 400 130 128 120> Увеличенная дальность действия
<image UI/Conversation/T_Dialogue_IconBackgroundCircle.tga 400 130 128 120> Бесшумное","<image UI/Conversation/T_Dialogue_IconBackgroundCircle.tga 400 130 128 120> Illuminates a large area
<image UI/Conversation/T_Dialogue_IconBackgroundCircle.tga 400 130 128 120> Increased effect range
<image UI/Conversation/T_Dialogue_IconBackgroundCircle.tga 400 130 128 120> Silent","manual-translation","needs-english-after-memory-cleanup","jazz","323285392363","jazz:InventoryItem/FlareHandgun.lua:16 | jazz:items.lua:10206"
"327400248650","<image UI/Conversation/T_Dialogue_IconBackgroundCircle.tga 400 130 128 120> Удобный
<image UI/Conversation/T_Dialogue_IconBackgroundCircle.tga 400 130 128 120> Точный
<image UI/Conversation/T_Dialogue_IconBackgroundCircle.tga 400 130 128 120> Надежный
<image UI/Conversation/T_Dialogue_IconBackgroundCircle.tga 400 130 128 120> Бесшумный","<image UI/Conversation/T_Dialogue_IconBackgroundCircle.tga 400 130 128 120> Удобный
<image UI/Conversation/T_Dialogue_IconBackgroundCircle.tga 400 130 128 120> Точный
<image UI/Conversation/T_Dialogue_IconBackgroundCircle.tga 400 130 128 120> Надёжный
<image UI/Conversation/T_Dialogue_IconBackgroundCircle.tga 400 130 128 120> Бесшумный","<image UI/Conversation/T_Dialogue_IconBackgroundCircle.tga 400 130 128 120> Good handling
<image UI/Conversation/T_Dialogue_IconBackgroundCircle.tga 400 130 128 120> Accurate
<image UI/Conversation/T_Dialogue_IconBackgroundCircle.tga 400 130 128 120> Reliable
<image UI/Conversation/T_Dialogue_IconBackgroundCircle.tga 400 130 128 120> Suppressed","manual-translation","needs-english-after-memory-cleanup","jazz","327400248650","jazz:InventoryItem/MP5SD.lua:16 | jazz:items.lua:21445"
"328885827009","<image UI/Conversation/T_Dialogue_IconBackgroundCircle.tga 400 130 128 120> Нулевая бронебойность
<image UI/Conversation/T_Dialogue_IconBackgroundCircle.tga 400 130 128 120> Повышенный урон
<image UI/Conversation/T_Dialogue_IconBackgroundCircle.tga 400 130 128 120> Повышенный шанс критического попадания
<image UI/Conversation/T_Dialogue_IconBackgroundCircle.tga 400 130 128 120> Вызывает <color EmStyle>кровотечение</color>","<image UI/Conversation/T_Dialogue_IconBackgroundCircle.tga 400 130 128 120> Не пробивает броню
<image UI/Conversation/T_Dialogue_IconBackgroundCircle.tga 400 130 128 120> Повышенный урон
<image UI/Conversation/T_Dialogue_IconBackgroundCircle.tga 400 130 128 120> Повышенный шанс критического попадания
<image UI/Conversation/T_Dialogue_IconBackgroundCircle.tga 400 130 128 120> Вызывает <color EmStyle>кровотечение</color>","<image UI/Conversation/T_Dialogue_IconBackgroundCircle.tga 400 130 128 120> No armor penetration
<image UI/Conversation/T_Dialogue_IconBackgroundCircle.tga 400 130 128 120> Increased damage
<image UI/Conversation/T_Dialogue_IconBackgroundCircle.tga 400 130 128 120> Increased critical-hit chance
<image UI/Conversation/T_Dialogue_IconBackgroundCircle.tga 400 130 128 120> Inflicts <color EmStyle>Bleeding</color>","manual-translation","needs-english-after-memory-cleanup","jazz","328885827009 | 769968102370","jazz:InventoryItem/_44CAL_HP.lua:13 | jazz:items.lua:9133 | jazz:InventoryItem/_9mm_HP.lua:13 | jazz:items.lua:8891"
"331960463954","<image UI/Conversation/T_Dialogue_IconBackgroundCircle.tga 400 130 128 120> Уменьшение урона (улучшено керамическими пластинами)
<image UI/Conversation/T_Dialogue_IconBackgroundCircle.tga 400 130 128 120> Керамические пластины ломаются после <color 124 130 96><RevertConditionCounter></color> попаданий
<image UI/Conversation/T_Dialogue_IconBackgroundCircle.tga 400 130 128 120> Громоздкое (нет бесплатного перемещения)","<image UI/Conversation/T_Dialogue_IconBackgroundCircle.tga 400 130 128 120> Снижает урон; усилено керамическими пластинами
<image UI/Conversation/T_Dialogue_IconBackgroundCircle.tga 400 130 128 120> Керамические пластины ломаются после <color 124 130 96><RevertConditionCounter></color> попаданий
<image UI/Conversation/T_Dialogue_IconBackgroundCircle.tga 400 130 128 120> Громоздкое: не даёт бесплатного перемещения","<image UI/Conversation/T_Dialogue_IconBackgroundCircle.tga 400 130 128 120> Damage reduction improved by ceramic plates
<image UI/Conversation/T_Dialogue_IconBackgroundCircle.tga 400 130 128 120> Ceramic plates break after <color 124 130 96><RevertConditionCounter></color> hits
<image UI/Conversation/T_Dialogue_IconBackgroundCircle.tga 400 130 128 120> Cumbersome (no Free Move)","manual-translation","needs-english-after-memory-cleanup","jazz","331960463954 | 603800970086","jazz:InventoryItem/HeavyArmorChestplate_CeramicPlates.lua:14 | jazz:items.lua:57800 | jazz:InventoryItem/HeavyArmorTorso_CeramicPlates.lua:14 | jazz:items.lua:58032"
"331961558889","<image UI/Conversation/T_Dialogue_IconBackgroundCircle.tga 400 130 128 120> Легкий пулемет 
<image UI/Conversation/T_Dialogue_IconBackgroundCircle.tga 400 130 128 120> Надежный 
<image UI/Conversation/T_Dialogue_IconBackgroundCircle.tga 400 130 128 120> Слабая отдача 
<image UI/Conversation/T_Dialogue_IconBackgroundCircle.tga 400 130 128 120> Точный","<image UI/Conversation/T_Dialogue_IconBackgroundCircle.tga 400 130 128 120> Лёгкий пулемёт
<image UI/Conversation/T_Dialogue_IconBackgroundCircle.tga 400 130 128 120> Надёжный
<image UI/Conversation/T_Dialogue_IconBackgroundCircle.tga 400 130 128 120> Слабая отдача
<image UI/Conversation/T_Dialogue_IconBackgroundCircle.tga 400 130 128 120> Точный","<image UI/Conversation/T_Dialogue_IconBackgroundCircle.tga 400 130 128 120> Light machine gun
<image UI/Conversation/T_Dialogue_IconBackgroundCircle.tga 400 130 128 120> Reliable
<image UI/Conversation/T_Dialogue_IconBackgroundCircle.tga 400 130 128 120> Low recoil
<image UI/Conversation/T_Dialogue_IconBackgroundCircle.tga 400 130 128 120> Accurate","manual-translation","needs-english-after-memory-cleanup","jazz","331961558889","jazz:InventoryItem/HK23e.lua:16 | jazz:items.lua:28606"
"336224477372","<image UI/Conversation/T_Dialogue_IconBackgroundCircle.tga 400 130 128 120> Винтовка с ручным перезаряжанием 
<image UI/Conversation/T_Dialogue_IconBackgroundCircle.tga 400 130 128 120> Раздача слонов","<image UI/Conversation/T_Dialogue_IconBackgroundCircle.tga 400 130 128 120> Винтовка с продольно-скользящим затвором
<image UI/Conversation/T_Dialogue_IconBackgroundCircle.tga 400 130 128 120> Раздача слонов","<image UI/Conversation/T_Dialogue_IconBackgroundCircle.tga 400 130 128 120> Bolt-action rifle
<image UI/Conversation/T_Dialogue_IconBackgroundCircle.tga 400 130 128 120> Elephants beware","manual-translation","needs-english-after-memory-cleanup","jazz","336224477372","jazz:InventoryItem/ArcticWarfare.lua:16 | jazz:items.lua:27392"
"337666095722","<image UI/Conversation/T_Dialogue_IconBackgroundCircle.tga 400 130 128 120> Сбалансированное: увеличенная дальность броска
<image UI/Conversation/T_Dialogue_IconBackgroundCircle.tga 400 130 128 120> Сбалансированное: увеличенная эффективность прицеливания
<image UI/Conversation/T_Dialogue_IconBackgroundCircle.tga 400 130 128 120> Низкая цена атаки","<image UI/Conversation/T_Dialogue_IconBackgroundCircle.tga 400 130 128 120> Сбалансированное: увеличена дальность броска
<image UI/Conversation/T_Dialogue_IconBackgroundCircle.tga 400 130 128 120> Сбалансированное: повышена эффективность прицеливания
<image UI/Conversation/T_Dialogue_IconBackgroundCircle.tga 400 130 128 120> Низкая стоимость атаки в ОД","<image UI/Conversation/T_Dialogue_IconBackgroundCircle.tga 400 130 128 120> Balanced: increased throwing range
<image UI/Conversation/T_Dialogue_IconBackgroundCircle.tga 400 130 128 120> Balanced: improved aiming bonus
<image UI/Conversation/T_Dialogue_IconBackgroundCircle.tga 400 130 128 120> Low attack AP cost","manual-translation","needs-english-after-memory-cleanup","jazz","337666095722","jazz:InventoryItem/Knife_Balanced.lua:15 | jazz:items.lua:56388"
"339045500192","<image UI/Conversation/T_Dialogue_IconBackgroundCircle.tga 400 130 128 120> Ослепляет цели
<image UI/Conversation/T_Dialogue_IconBackgroundCircle.tga 400 130 128 120> Отменяет подготовленные выстрелы в радиусе взрыва
<image UI/Conversation/T_Dialogue_IconBackgroundCircle.tga 400 130 128 120> Подавляет и лишает укрытия цели в центре
<image UI/Conversation/T_Dialogue_IconBackgroundCircle.tga 400 130 128 120> Почти бесшумная","<image UI/Conversation/T_Dialogue_IconBackgroundCircle.tga 400 130 128 120> Ослепляет цели
<image UI/Conversation/T_Dialogue_IconBackgroundCircle.tga 400 130 128 120> Отменяет подготовленные выстрелы в радиусе взрыва
<image UI/Conversation/T_Dialogue_IconBackgroundCircle.tga 400 130 128 120> Подавляет и лишает укрытия цели в центре
<image UI/Conversation/T_Dialogue_IconBackgroundCircle.tga 400 130 128 120> Почти бесшумная","<image UI/Conversation/T_Dialogue_IconBackgroundCircle.tga 400 130 128 120> Blinds targets
<image UI/Conversation/T_Dialogue_IconBackgroundCircle.tga 400 130 128 120> Cancels prepared attacks within the blast radius
<image UI/Conversation/T_Dialogue_IconBackgroundCircle.tga 400 130 128 120> Suppresses and Exposes targets at the center
<image UI/Conversation/T_Dialogue_IconBackgroundCircle.tga 400 130 128 120> Nearly silent","manual-translation","needs-english-after-memory-cleanup","jazz","339045500192","jazz:InventoryItem/ConcussiveGrenade.lua:14 | jazz:items.lua:30832"
"348107856485","<image UI/Conversation/T_Dialogue_IconBackgroundCircle.tga 400 130 128 120> Удобный 
<image UI/Conversation/T_Dialogue_IconBackgroundCircle.tga 400 130 128 120> Надежный 
<image UI/Conversation/T_Dialogue_IconBackgroundCircle.tga 400 130 128 120> Точный 
<image UI/Conversation/T_Dialogue_IconBackgroundCircle.tga 400 130 128 120> Быстро стреляет","<image UI/Conversation/T_Dialogue_IconBackgroundCircle.tga 400 130 128 120> Удобный
<image UI/Conversation/T_Dialogue_IconBackgroundCircle.tga 400 130 128 120> Надёжный
<image UI/Conversation/T_Dialogue_IconBackgroundCircle.tga 400 130 128 120> Точный
<image UI/Conversation/T_Dialogue_IconBackgroundCircle.tga 400 130 128 120> Высокая скорострельность","<image UI/Conversation/T_Dialogue_IconBackgroundCircle.tga 400 130 128 120> Good handling
<image UI/Conversation/T_Dialogue_IconBackgroundCircle.tga 400 130 128 120> Reliable
<image UI/Conversation/T_Dialogue_IconBackgroundCircle.tga 400 130 128 120> Accurate
<image UI/Conversation/T_Dialogue_IconBackgroundCircle.tga 400 130 128 120> High rate of fire","manual-translation","needs-english-after-memory-cleanup","jazz","348107856485","jazz:InventoryItem/Sig552SWAT.lua:16 | jazz:items.lua:22863"
"350741631140","<image UI/Conversation/T_Dialogue_IconBackgroundCircle.tga 400 130 128 120> Убойный 
<image UI/Conversation/T_Dialogue_IconBackgroundCircle.tga 400 130 128 120> Надежный 
<image UI/Conversation/T_Dialogue_IconBackgroundCircle.tga 400 130 128 120> Твой самый лучший товарищ","<image UI/Conversation/T_Dialogue_IconBackgroundCircle.tga 400 130 128 120> Убойный
<image UI/Conversation/T_Dialogue_IconBackgroundCircle.tga 400 130 128 120> Надёжный
<image UI/Conversation/T_Dialogue_IconBackgroundCircle.tga 400 130 128 120> Твой самый лучший товарищ","<image UI/Conversation/T_Dialogue_IconBackgroundCircle.tga 400 130 128 120> High damage
<image UI/Conversation/T_Dialogue_IconBackgroundCircle.tga 400 130 128 120> Reliable
<image UI/Conversation/T_Dialogue_IconBackgroundCircle.tga 400 130 128 120> Your best friend","manual-translation","needs-english-after-memory-cleanup","jazz","350741631140","jazz:InventoryItem/AKM.lua:16 | jazz:items.lua:23784"
"350976395234","<image UI/Conversation/T_Dialogue_IconBackgroundCircle.tga 400 130 128 120> Надежный 
<image UI/Conversation/T_Dialogue_IconBackgroundCircle.tga 400 130 128 120> Дальнобойный 
<image UI/Conversation/T_Dialogue_IconBackgroundCircle.tga 400 130 128 120> Точный","<image UI/Conversation/T_Dialogue_IconBackgroundCircle.tga 400 130 128 120> Надёжный
<image UI/Conversation/T_Dialogue_IconBackgroundCircle.tga 400 130 128 120> Дальнобойный
<image UI/Conversation/T_Dialogue_IconBackgroundCircle.tga 400 130 128 120> Точный","<image UI/Conversation/T_Dialogue_IconBackgroundCircle.tga 400 130 128 120> Reliable
<image UI/Conversation/T_Dialogue_IconBackgroundCircle.tga 400 130 128 120> Long range
<image UI/Conversation/T_Dialogue_IconBackgroundCircle.tga 400 130 128 120> Accurate","manual-translation","needs-english-after-memory-cleanup","jazz","350976395234","jazz:InventoryItem/G3A3.lua:15 | jazz:items.lua:25918"
"354147184590","<image UI/Conversation/T_Dialogue_IconBackgroundCircle.tga 400 130 128 120> Надежный 
<image UI/Conversation/T_Dialogue_IconBackgroundCircle.tga 400 130 128 120> Может стрелять в движении 
<image UI/Conversation/T_Dialogue_IconBackgroundCircle.tga 400 130 128 120> Универсальный обвес","<image UI/Conversation/T_Dialogue_IconBackgroundCircle.tga 400 130 128 120> Надёжный
<image UI/Conversation/T_Dialogue_IconBackgroundCircle.tga 400 130 128 120> Может стрелять в движении
<image UI/Conversation/T_Dialogue_IconBackgroundCircle.tga 400 130 128 120> Широкий выбор обвеса","<image UI/Conversation/T_Dialogue_IconBackgroundCircle.tga 400 130 128 120> Reliable
<image UI/Conversation/T_Dialogue_IconBackgroundCircle.tga 400 130 128 120> Can fire while moving
<image UI/Conversation/T_Dialogue_IconBackgroundCircle.tga 400 130 128 120> Versatile attachment options","manual-translation","needs-english-after-memory-cleanup","jazz","354147184590","jazz:InventoryItem/G36c.lua:16 | jazz:items.lua:22531"
"354731875422","<color EmStyle>Лидерство</color>: вы прошли проверку
Нужно зачистить <em>лагеря вокруг Виллы</em>","<color EmStyle>Лидерство</color>: проверка пройдена
Зачистите <em>лагеря вокруг Виллы</em>","<color EmStyle>Leadership</color>: check passed
Clear the <em>camps around the Villa</em>","manual-translation","needs-english-after-memory-cleanup","jazz-maps","354731875422","jazz-maps:items.lua:31000"
"357179315416","<image UI/Conversation/T_Dialogue_IconBackgroundCircle.tga 400 130 128 120> Сниженная дальнобойность
<image UI/Conversation/T_Dialogue_IconBackgroundCircle.tga 400 130 128 120> Высокий шанс критического попадания
<image UI/Conversation/T_Dialogue_IconBackgroundCircle.tga 400 130 128 120> Пораженные цели получают статус «<color EmStyle>Вне укрытия</color>» и лишаются его преимуществ
<image UI/Conversation/T_Dialogue_IconBackgroundCircle.tga 400 130 128 120> Вызывает <color EmStyle>кровотечение</color>","<image UI/Conversation/T_Dialogue_IconBackgroundCircle.tga 400 130 128 120> Сниженная дальность
<image UI/Conversation/T_Dialogue_IconBackgroundCircle.tga 400 130 128 120> Высокий шанс критического попадания
<image UI/Conversation/T_Dialogue_IconBackgroundCircle.tga 400 130 128 120> Поражённые цели получают статус «<color EmStyle>Вне укрытия</color>» и теряют преимущества укрытия
<image UI/Conversation/T_Dialogue_IconBackgroundCircle.tga 400 130 128 120> Вызывает <color EmStyle>кровотечение</color>","<image UI/Conversation/T_Dialogue_IconBackgroundCircle.tga 400 130 128 120> Reduced range
<image UI/Conversation/T_Dialogue_IconBackgroundCircle.tga 400 130 128 120> High critical-hit chance
<image UI/Conversation/T_Dialogue_IconBackgroundCircle.tga 400 130 128 120> Hit targets become <color EmStyle>Exposed</color> and lose the benefits of cover
<image UI/Conversation/T_Dialogue_IconBackgroundCircle.tga 400 130 128 120> Inflicts <color EmStyle>Bleeding</color>","manual-translation","needs-english-after-memory-cleanup","jazz","357179315416","jazz:InventoryItem/_44CAL_Shock.lua:14 | jazz:items.lua:9170"
"358502954241","<image UI/Conversation/T_Dialogue_IconBackgroundCircle.tga 400 130 128 120> Быстрый  
<image UI/Conversation/T_Dialogue_IconBackgroundCircle.tga 400 130 128 120> Компактный  
<image UI/Conversation/T_Dialogue_IconBackgroundCircle.tga 400 130 128 120> Удобный
<image UI/Conversation/T_Dialogue_IconBackgroundCircle.tga 400 130 128 120> Прочный
<image UI/Conversation/T_Dialogue_IconBackgroundCircle.tga 400 130 128 120> Стреляет короткими очередями","<image UI/Conversation/T_Dialogue_IconBackgroundCircle.tga 400 130 128 120> Быстрый
<image UI/Conversation/T_Dialogue_IconBackgroundCircle.tga 400 130 128 120> Компактный
<image UI/Conversation/T_Dialogue_IconBackgroundCircle.tga 400 130 128 120> Удобный
<image UI/Conversation/T_Dialogue_IconBackgroundCircle.tga 400 130 128 120> Прочный
<image UI/Conversation/T_Dialogue_IconBackgroundCircle.tga 400 130 128 120> Стреляет короткими очередями","<image UI/Conversation/T_Dialogue_IconBackgroundCircle.tga 400 130 128 120> Fast
<image UI/Conversation/T_Dialogue_IconBackgroundCircle.tga 400 130 128 120> Compact
<image UI/Conversation/T_Dialogue_IconBackgroundCircle.tga 400 130 128 120> Good handling
<image UI/Conversation/T_Dialogue_IconBackgroundCircle.tga 400 130 128 120> Durable
<image UI/Conversation/T_Dialogue_IconBackgroundCircle.tga 400 130 128 120> Fires short bursts","manual-translation","needs-english-after-memory-cleanup","jazz","358502954241","jazz:InventoryItem/Glock18.lua:15 | jazz:items.lua:18986"
"361743792592","<image UI/Conversation/T_Dialogue_IconBackgroundCircle.tga 400 130 128 120> Браунинг
<image UI/Conversation/T_Dialogue_IconBackgroundCircle.tga 400 130 128 120> Это вам не это","<image UI/Conversation/T_Dialogue_IconBackgroundCircle.tga 400 130 128 120> Браунинг
<image UI/Conversation/T_Dialogue_IconBackgroundCircle.tga 400 130 128 120> Это вам не это","<image UI/Conversation/T_Dialogue_IconBackgroundCircle.tga 400 130 128 120> A Browning
<image UI/Conversation/T_Dialogue_IconBackgroundCircle.tga 400 130 128 120> The real deal","manual-translation","needs-english-after-memory-cleanup","jazz","361743792592","jazz:InventoryItem/HiPower.lua:15 | jazz:items.lua:17504"
"362074466237","[Наемники] набирается опыта (+500)
Получено +<color EmStyle>5 к лояльности </color>от поселения «<color EmStyle>База повстанцев острова Эрни</color>»
Получен предмет: <color EmStyle>9x18мм, СП7 JHP+</color>, 40 шт.
Получен предмет: <color EmStyle>Пистолет ПБ</color>, 1 шт.","[Наёмники] получают 500 опыта
Получено <color EmStyle>+5 лояльности </color>поселения «<color EmStyle>База повстанцев острова Эрни</color>»
Получено: <color EmStyle>9×18 мм, СП7 JHP+</color> ×40
Получено: <color EmStyle>пистолет ПБ</color> ×1","[Mercenaries] gain Experience (+500)
Gained <color EmStyle>+5 Loyalty </color>with “<color EmStyle>Ernie Island Rebel Base</color>”
Received: <color EmStyle>9×18 mm SP7 JHP+</color> ×40
Received: <color EmStyle>PB Pistol</color> ×1","manual-translation","needs-english-after-memory-cleanup","jazz-maps","362074466237","jazz-maps:items.lua:31204"
"370231096119","<image UI/Conversation/T_Dialogue_IconBackgroundCircle.tga 400 130 128 120> Используется через меню предмета
<image UI/Conversation/T_Dialogue_IconBackgroundCircle.tga 400 130 128 120> Одноразовый предмет
<image UI/Conversation/T_Dialogue_IconBackgroundCircle.tga 400 130 128 120> Вкусно и питательно","<image UI/Conversation/T_Dialogue_IconBackgroundCircle.tga 400 130 128 120> Используется через меню предмета
<image UI/Conversation/T_Dialogue_IconBackgroundCircle.tga 400 130 128 120> Расходуется после использования
<image UI/Conversation/T_Dialogue_IconBackgroundCircle.tga 400 130 128 120> Вкусно и питательно","<image UI/Conversation/T_Dialogue_IconBackgroundCircle.tga 400 130 128 120> Used from the item menu
<image UI/Conversation/T_Dialogue_IconBackgroundCircle.tga 400 130 128 120> Single-use item
<image UI/Conversation/T_Dialogue_IconBackgroundCircle.tga 400 130 128 120> Tasty and nutritious","manual-translation","needs-english-after-memory-cleanup","jazz","370231096119","jazz:InventoryItem/Cookie.lua:11 | jazz:items.lua:56900"
"380950777375","<image UI/Conversation/T_Dialogue_IconBackgroundCircle.tga 400 130 128 120> Взрывается, когда враг подходит к заряду на близкое расстояние
<image UI/Conversation/T_Dialogue_IconBackgroundCircle.tga 400 130 128 120> Высокая вероятность неудачи","<image UI/Conversation/T_Dialogue_IconBackgroundCircle.tga 400 130 128 120> Взрывается, когда враг подходит к заряду на близкое расстояние
<image UI/Conversation/T_Dialogue_IconBackgroundCircle.tga 400 130 128 120> Высокая вероятность неудачи","<image UI/Conversation/T_Dialogue_IconBackgroundCircle.tga 400 130 128 120> Explodes when an enemy comes close
<image UI/Conversation/T_Dialogue_IconBackgroundCircle.tga 400 130 128 120> High mishap chance","manual-translation","needs-english-after-memory-cleanup","jazz","380950777375","jazz:InventoryItem/ProximityTNT.lua:14 | jazz:items.lua:31218"
"390490471721","Все враждебные цели в укрытиях получают статус «<color EmStyle>Вне укрытия</color>».
Выстрел <color EmStyle><num_shots> патронами</color> по цели. Точность снижается с увеличением расстояния. Все цели, оказавшиеся в зоне атаки, получают дополнительный урон.","Все враги в укрытиях получают статус «<color EmStyle>Вне укрытия</color>».
Выпускает по цели <color EmStyle><num_shots> патронов</color>. Точность падает с расстоянием. Все цели в зоне атаки получают дополнительный урон.","All enemies in cover become <color EmStyle>Exposed</color>.
Fire <color EmStyle><num_shots> rounds</color> at the target. Accuracy falls with distance. Every target inside the attack area takes additional damage.","manual-translation","needs-english-after-memory-cleanup","jazz","390490471721","jazz:items.lua:65996"
"391831963748","Получает больше разведданных при хакинге
Открывает операцию по заработку денег в городском секторе (Пока недоступно)","Получает больше разведданных при взломе
Открывает операцию по заработку денег в городском секторе (пока недоступно)","Gains more Intel when hacking
Unlocks a money-making operation in urban sectors (not yet available)","manual-translation","needs-english-after-memory-cleanup","jazz","391831963748","jazz:CharacterEffect/InnerInfo_JAZZ.lua:21 | jazz:items.lua:71112"
"402827245243","<image UI/Conversation/T_Dialogue_IconBackgroundCircle.tga 400 130 128 120> Винтовка с ручным перезаряжанием 
<image UI/Conversation/T_Dialogue_IconBackgroundCircle.tga 400 130 128 120> Неудобный 
<image UI/Conversation/T_Dialogue_IconBackgroundCircle.tga 400 130 128 120> Медленно стреляет 
<image UI/Conversation/T_Dialogue_IconBackgroundCircle.tga 400 130 128 120> Надежный 
<image UI/Conversation/T_Dialogue_IconBackgroundCircle.tga 400 130 128 120> Дед помогал","<image UI/Conversation/T_Dialogue_IconBackgroundCircle.tga 400 130 128 120> Винтовка с продольно-скользящим затвором
<image UI/Conversation/T_Dialogue_IconBackgroundCircle.tga 400 130 128 120> Неудобный
<image UI/Conversation/T_Dialogue_IconBackgroundCircle.tga 400 130 128 120> Медленно стреляет
<image UI/Conversation/T_Dialogue_IconBackgroundCircle.tga 400 130 128 120> Надёжный
<image UI/Conversation/T_Dialogue_IconBackgroundCircle.tga 400 130 128 120> Дед помогал","<image UI/Conversation/T_Dialogue_IconBackgroundCircle.tga 400 130 128 120> Bolt-action rifle
<image UI/Conversation/T_Dialogue_IconBackgroundCircle.tga 400 130 128 120> Poor handling
<image UI/Conversation/T_Dialogue_IconBackgroundCircle.tga 400 130 128 120> Low rate of fire
<image UI/Conversation/T_Dialogue_IconBackgroundCircle.tga 400 130 128 120> Reliable
<image UI/Conversation/T_Dialogue_IconBackgroundCircle.tga 400 130 128 120> Granddad helped","manual-translation","needs-english-after-memory-cleanup","jazz","402827245243","jazz:InventoryItem/Springfield.lua:16 | jazz:items.lua:26263"
"403761935169","<image UI/Conversation/T_Dialogue_IconBackgroundCircle.tga 400 130 128 120> Вызывает <color EmStyle>кровотечение</color>
<image UI/Conversation/T_Dialogue_IconBackgroundCircle.tga 400 130 128 120> Низкая цена атаки
<image UI/Conversation/T_Dialogue_IconBackgroundCircle.tga 400 130 128 120> Увеличенная эффективность прицеливания","<image UI/Conversation/T_Dialogue_IconBackgroundCircle.tga 400 130 128 120> Вызывает <color EmStyle>кровотечение</color>
<image UI/Conversation/T_Dialogue_IconBackgroundCircle.tga 400 130 128 120> Низкая стоимость атаки в ОД
<image UI/Conversation/T_Dialogue_IconBackgroundCircle.tga 400 130 128 120> Увеличенная эффективность прицеливания","<image UI/Conversation/T_Dialogue_IconBackgroundCircle.tga 400 130 128 120> Inflicts <color EmStyle>Bleeding</color>
<image UI/Conversation/T_Dialogue_IconBackgroundCircle.tga 400 130 128 120> Low attack AP cost
<image UI/Conversation/T_Dialogue_IconBackgroundCircle.tga 400 130 128 120> Improved aiming bonus","manual-translation","needs-english-after-memory-cleanup","jazz","403761935169","jazz:InventoryItem/GutHookKnife.lua:15 | jazz:items.lua:56515"
"405838814570","<image UI/Conversation/T_Dialogue_IconBackgroundCircle.tga 400 130 128 120> Музейный экспонат 
<image UI/Conversation/T_Dialogue_IconBackgroundCircle.tga 400 130 128 120> Стреляет через два раза на третий","<image UI/Conversation/T_Dialogue_IconBackgroundCircle.tga 400 130 128 120> Музейный экспонат
<image UI/Conversation/T_Dialogue_IconBackgroundCircle.tga 400 130 128 120> Стреляет примерно один раз из трёх","<image UI/Conversation/T_Dialogue_IconBackgroundCircle.tga 400 130 128 120> Museum piece
<image UI/Conversation/T_Dialogue_IconBackgroundCircle.tga 400 130 128 120> Fires one time out of three","manual-translation","needs-english-after-memory-cleanup","jazz","405838814570","jazz:InventoryItem/Luger.lua:15 | jazz:items.lua:16737"
"410691125032","Все враждебные цели в укрытиях получают статус «<color EmStyle>Вне укрытия</color>».
Цели также получают дополнительный статус в зависимости от типа боеприпасов. Все цели, оказавшиеся в зоне атаки, получают дополнительный урон.","Все враги в укрытиях получают статус «<color EmStyle>Вне укрытия</color>».
Цели также получают дополнительный статус, зависящий от типа боеприпасов. Все цели в зоне атаки получают дополнительный урон.","All enemies in cover become <color EmStyle>Exposed</color>.
Targets also gain an additional status based on the ammunition used. Every target inside the attack area takes additional damage.","manual-translation","needs-english-after-memory-cleanup","jazz","410691125032 | 896730902875","jazz:items.lua:65876 | jazz:items.lua:66104"
"411537397746","<image UI/Conversation/T_Dialogue_IconBackgroundCircle.tga 400 130 128 120> Обеспечивает уверенное поражение целей обладающих 2-м классом брони
<image UI/Conversation/T_Dialogue_IconBackgroundCircle.tga 400 130 128 120> Патроны низкого качества: пониженный урон, уменьшенная дальность, уменьшенная точность, увеличенный износ","<image UI/Conversation/T_Dialogue_IconBackgroundCircle.tga 400 130 128 120> Надёжно пробивает броню 2-го класса
<image UI/Conversation/T_Dialogue_IconBackgroundCircle.tga 400 130 128 120> Патроны низкого качества: меньше урон, дальность и точность; выше износ","<image UI/Conversation/T_Dialogue_IconBackgroundCircle.tga 400 130 128 120> Reliably penetrates Armor Class 2
<image UI/Conversation/T_Dialogue_IconBackgroundCircle.tga 400 130 128 120> Low-quality ammunition: reduced damage, range, and accuracy; increased wear","manual-translation","needs-english-after-memory-cleanup","jazz","411537397746","jazz:InventoryItem/_762WP_HP.lua:14 | jazz:items.lua:9391"
"415192510445","<image UI/Conversation/T_Dialogue_IconBackgroundCircle.tga 400 130 128 120> Используется через меню предмета
<image UI/Conversation/T_Dialogue_IconBackgroundCircle.tga 400 130 128 120> Одноразовый предмет
<image UI/Conversation/T_Dialogue_IconBackgroundCircle.tga 400 130 128 120> Полностью восстанавливает запас ОЗ
<image UI/Conversation/T_Dialogue_IconBackgroundCircle.tga 400 130 128 120> Исцеляет все ранения","<image UI/Conversation/T_Dialogue_IconBackgroundCircle.tga 400 130 128 120> Используется через меню предмета
<image UI/Conversation/T_Dialogue_IconBackgroundCircle.tga 400 130 128 120> Расходуется после использования
<image UI/Conversation/T_Dialogue_IconBackgroundCircle.tga 400 130 128 120> Полностью восстанавливает запас ОЗ
<image UI/Conversation/T_Dialogue_IconBackgroundCircle.tga 400 130 128 120> Исцеляет все ранения","<image UI/Conversation/T_Dialogue_IconBackgroundCircle.tga 400 130 128 120> Used from the item menu
<image UI/Conversation/T_Dialogue_IconBackgroundCircle.tga 400 130 128 120> Single-use item
<image UI/Conversation/T_Dialogue_IconBackgroundCircle.tga 400 130 128 120> Fully restores HP
<image UI/Conversation/T_Dialogue_IconBackgroundCircle.tga 400 130 128 120> Heals all Wounds","manual-translation","needs-english-after-memory-cleanup","jazz","415192510445","jazz:InventoryItem/MetaviraShot.lua:13 | jazz:items.lua:56724"
"415344339832","Уменьшен расход <em>ОД</em> на атаки из <em>тяжелого вооружения</em> и <em>пулеметов</em> и приведение его в <GameTerm('Setup')>.
Бонус к количеству атак при разложенном пулемете","Снижает стоимость в <em>ОД</em> атак из <em>тяжёлого оружия</em> и <em>пулемётов</em>, а также стоимость <GameTerm('Setup')>.
Даёт дополнительные атаки при разложенном пулемёте.","Reduces the <em>AP</em> cost of attacks with <em>heavy weapons</em> and <em>machine guns</em>, as well as the cost of <GameTerm('Setup')>.
Grants extra attacks while a machine gun is set up.","manual-translation","needs-english-after-memory-cleanup","jazz","415344339832","jazz:CharacterEffect/HeavyWeaponsTraining.lua:21 | jazz:items.lua:71405"
"420376793354","<image UI/Conversation/T_Dialogue_IconBackgroundCircle.tga 400 130 128 120> Фалочка Точная 
<image UI/Conversation/T_Dialogue_IconBackgroundCircle.tga 400 130 128 120> Фалочка Убойная 
<image UI/Conversation/T_Dialogue_IconBackgroundCircle.tga 400 130 128 120> Фалочка Молодец","<image UI/Conversation/T_Dialogue_IconBackgroundCircle.tga 400 130 128 120> Фалочка Точная
<image UI/Conversation/T_Dialogue_IconBackgroundCircle.tga 400 130 128 120> Фалочка Убойная
<image UI/Conversation/T_Dialogue_IconBackgroundCircle.tga 400 130 128 120> Фалочка Молодец","<image UI/Conversation/T_Dialogue_IconBackgroundCircle.tga 400 130 128 120> Accurate FAL
<image UI/Conversation/T_Dialogue_IconBackgroundCircle.tga 400 130 128 120> Hard-hitting FAL
<image UI/Conversation/T_Dialogue_IconBackgroundCircle.tga 400 130 128 120> Good FAL","manual-translation","needs-english-after-memory-cleanup","jazz","420376793354","jazz:InventoryItem/FNFAL.lua:16 | jazz:items.lua:25640"
"424006445377","<image UI/Conversation/T_Dialogue_IconBackgroundCircle.tga 400 130 128 120> Удобный 
<image UI/Conversation/T_Dialogue_IconBackgroundCircle.tga 400 130 128 120> Без приклада 
<image UI/Conversation/T_Dialogue_IconBackgroundCircle.tga 400 130 128 120> Скорострельный  ","<image UI/Conversation/T_Dialogue_IconBackgroundCircle.tga 400 130 128 120> Удобный
<image UI/Conversation/T_Dialogue_IconBackgroundCircle.tga 400 130 128 120> Без приклада
<image UI/Conversation/T_Dialogue_IconBackgroundCircle.tga 400 130 128 120> Скорострельный","<image UI/Conversation/T_Dialogue_IconBackgroundCircle.tga 400 130 128 120> Good handling
<image UI/Conversation/T_Dialogue_IconBackgroundCircle.tga 400 130 128 120> No stock
<image UI/Conversation/T_Dialogue_IconBackgroundCircle.tga 400 130 128 120> High rate of fire","manual-translation","needs-english-after-memory-cleanup","jazz","424006445377","jazz:InventoryItem/SpectreM4.lua:16 | jazz:items.lua:20775"
"430709598633","<image UI/Conversation/T_Dialogue_IconBackgroundCircle.tga 400 130 128 120> Используется через меню предмета
<image UI/Conversation/T_Dialogue_IconBackgroundCircle.tga 400 130 128 120> Одноразовый предмет
<image UI/Conversation/T_Dialogue_IconBackgroundCircle.tga 400 130 128 120> Повышает ловкость","<image UI/Conversation/T_Dialogue_IconBackgroundCircle.tga 400 130 128 120> Используется через меню предмета
<image UI/Conversation/T_Dialogue_IconBackgroundCircle.tga 400 130 128 120> Расходуется после использования
<image UI/Conversation/T_Dialogue_IconBackgroundCircle.tga 400 130 128 120> Повышает ловкость","<image UI/Conversation/T_Dialogue_IconBackgroundCircle.tga 400 130 128 120> Used from the item menu
<image UI/Conversation/T_Dialogue_IconBackgroundCircle.tga 400 130 128 120> Single-use item
<image UI/Conversation/T_Dialogue_IconBackgroundCircle.tga 400 130 128 120> Increases Dexterity","manual-translation","needs-english-after-memory-cleanup","jazz","430709598633","jazz:InventoryItem/SkillMag_Dexterity.lua:13 | jazz:items.lua:57178"
"432485322544","Умеет <em>красться</em> стоя. Имеет свою маскировку. Бонус к скрытности не зависит от положения тела.

Получает <GameTerm('Grit')> (<em><gritOnStealthKill></em>), выполняя успешные <GameTerm('StealthKills')>.","Может <em>красться</em> стоя и использует собственную маскировку. Бонус к скрытности не зависит от стойки.

Получает <GameTerm('Grit')> (<em><gritOnStealthKill></em>) за успешные <GameTerm('StealthKills')>.","Can <em>sneak</em> while standing and uses a personal camouflage pattern. The stealth bonus does not depend on stance.

Gains <GameTerm('Grit')> (<em><gritOnStealthKill></em>) after a successful <GameTerm('StealthKills')>.","manual-translation","needs-english-after-memory-cleanup","jazz","432485322544","jazz:items.lua:71437"
"433580785416","<image UI/Conversation/T_Dialogue_IconBackgroundCircle.tga 400 130 128 120> Увеличенный доп. урон от силы
<image UI/Conversation/T_Dialogue_IconBackgroundCircle.tga 400 130 128 120> Заточенное: высокий урон","<image UI/Conversation/T_Dialogue_IconBackgroundCircle.tga 400 130 128 120> Увеличен дополнительный урон от Силы
<image UI/Conversation/T_Dialogue_IconBackgroundCircle.tga 400 130 128 120> Заточенное: высокий урон","<image UI/Conversation/T_Dialogue_IconBackgroundCircle.tga 400 130 128 120> Increased bonus damage from Strength
<image UI/Conversation/T_Dialogue_IconBackgroundCircle.tga 400 130 128 120> Sharpened: high damage","manual-translation","needs-english-after-memory-cleanup","jazz","433580785416","jazz:InventoryItem/Machete_Sharpened.lua:15 | jazz:items.lua:56294"
"435712410326","<image UI/Conversation/T_Dialogue_IconBackgroundCircle.tga 400 130 128 120> Убойный 
<image UI/Conversation/T_Dialogue_IconBackgroundCircle.tga 400 130 128 120> Надежный 
<image UI/Conversation/T_Dialogue_IconBackgroundCircle.tga 400 130 128 120> Это АК, АК-47","<image UI/Conversation/T_Dialogue_IconBackgroundCircle.tga 400 130 128 120> Убойный
<image UI/Conversation/T_Dialogue_IconBackgroundCircle.tga 400 130 128 120> Надёжный
<image UI/Conversation/T_Dialogue_IconBackgroundCircle.tga 400 130 128 120> Это АК, АК-47","<image UI/Conversation/T_Dialogue_IconBackgroundCircle.tga 400 130 128 120> High damage
<image UI/Conversation/T_Dialogue_IconBackgroundCircle.tga 400 130 128 120> Reliable
<image UI/Conversation/T_Dialogue_IconBackgroundCircle.tga 400 130 128 120> It's an AK—an AK-47","manual-translation","needs-english-after-memory-cleanup","jazz","435712410326","jazz:InventoryItem/AK47.lua:16 | jazz:items.lua:23693"
"436102360957","<image UI/Conversation/T_Dialogue_IconBackgroundCircle.tga 400 130 128 120> Заряд подрывается с помощью пульта ДУ
<image UI/Conversation/T_Dialogue_IconBackgroundCircle.tga 400 130 128 120> Высокая вероятность неудачи","<image UI/Conversation/T_Dialogue_IconBackgroundCircle.tga 400 130 128 120> Заряд подрывается с помощью пульта ДУ
<image UI/Conversation/T_Dialogue_IconBackgroundCircle.tga 400 130 128 120> Высокая вероятность неудачи","<image UI/Conversation/T_Dialogue_IconBackgroundCircle.tga 400 130 128 120> Detonated by remote control
<image UI/Conversation/T_Dialogue_IconBackgroundCircle.tga 400 130 128 120> High mishap chance","manual-translation","needs-english-after-memory-cleanup","jazz","436102360957","jazz:InventoryItem/RemoteTNT.lua:14 | jazz:items.lua:31312"
"438853574488","<image UI/Conversation/T_Dialogue_IconBackgroundCircle.tga 400 130 128 120> Используется через меню предмета
<image UI/Conversation/T_Dialogue_IconBackgroundCircle.tga 400 130 128 120> Одноразовый предмет
<image UI/Conversation/T_Dialogue_IconBackgroundCircle.tga 400 130 128 120> Повышает навык «Медицина»","<image UI/Conversation/T_Dialogue_IconBackgroundCircle.tga 400 130 128 120> Используется через меню предмета
<image UI/Conversation/T_Dialogue_IconBackgroundCircle.tga 400 130 128 120> Расходуется после использования
<image UI/Conversation/T_Dialogue_IconBackgroundCircle.tga 400 130 128 120> Повышает навык «Медицина»","<image UI/Conversation/T_Dialogue_IconBackgroundCircle.tga 400 130 128 120> Used from the item menu
<image UI/Conversation/T_Dialogue_IconBackgroundCircle.tga 400 130 128 120> Single-use item
<image UI/Conversation/T_Dialogue_IconBackgroundCircle.tga 400 130 128 120> Increases Medical","manual-translation","needs-english-after-memory-cleanup","jazz","438853574488","jazz:InventoryItem/SkillMag_Medical.lua:13 | jazz:items.lua:57338"
"439737820334","<image UI/Conversation/T_Dialogue_IconBackgroundCircle.tga 400 130 128 120> Высокий шанс критического попадания
<image UI/Conversation/T_Dialogue_IconBackgroundCircle.tga 400 130 128 120> Низкая цена атаки
<image UI/Conversation/T_Dialogue_IconBackgroundCircle.tga 400 130 128 120> Большое количество модулей
<image UI/Conversation/T_Dialogue_IconBackgroundCircle.tga 400 130 128 120> При установке стандартного приклада нет автоматического огня","<image UI/Conversation/T_Dialogue_IconBackgroundCircle.tga 400 130 128 120> Высокий шанс критического попадания
<image UI/Conversation/T_Dialogue_IconBackgroundCircle.tga 400 130 128 120> Низкая стоимость атаки в ОД
<image UI/Conversation/T_Dialogue_IconBackgroundCircle.tga 400 130 128 120> Много слотов для модулей
<image UI/Conversation/T_Dialogue_IconBackgroundCircle.tga 400 130 128 120> Со стандартным прикладом автоматический огонь недоступен","<image UI/Conversation/T_Dialogue_IconBackgroundCircle.tga 400 130 128 120> High critical-hit chance
<image UI/Conversation/T_Dialogue_IconBackgroundCircle.tga 400 130 128 120> Low attack AP cost
<image UI/Conversation/T_Dialogue_IconBackgroundCircle.tga 400 130 128 120> Plenty of attachment slots
<image UI/Conversation/T_Dialogue_IconBackgroundCircle.tga 400 130 128 120> Full-auto is unavailable with the standard stock","manual-translation","needs-english-after-memory-cleanup","jazz","439737820334","jazz:InventoryItem/AR15.lua:15 | jazz:items.lua:10425"
"460566737568","Револьвер 
<image UI/Conversation/T_Dialogue_IconBackgroundCircle.tga 400 130 128 120> .38 Special Компактный 
<image UI/Conversation/T_Dialogue_IconBackgroundCircle.tga 400 130 128 120> Надежный","Револьвер
<image UI/Conversation/T_Dialogue_IconBackgroundCircle.tga 400 130 128 120> Компактный, калибр .38 Special
<image UI/Conversation/T_Dialogue_IconBackgroundCircle.tga 400 130 128 120> Надёжный","Revolver
<image UI/Conversation/T_Dialogue_IconBackgroundCircle.tga 400 130 128 120> Compact .38 Special
<image UI/Conversation/T_Dialogue_IconBackgroundCircle.tga 400 130 128 120> Reliable","manual-translation","needs-english-after-memory-cleanup","jazz","460566737568","jazz:InventoryItem/Colt38Special.lua:16 | jazz:items.lua:19161"
"468046569228","<image UI/Conversation/T_Dialogue_IconBackgroundCircle.tga 400 130 128 120> Неудобный 
<image UI/Conversation/T_Dialogue_IconBackgroundCircle.tga 400 130 128 120> Складной приклад 
<image UI/Conversation/T_Dialogue_IconBackgroundCircle.tga 400 130 128 120> Годится на безрыбье","<image UI/Conversation/T_Dialogue_IconBackgroundCircle.tga 400 130 128 120> Неудобный
<image UI/Conversation/T_Dialogue_IconBackgroundCircle.tga 400 130 128 120> Складной приклад
<image UI/Conversation/T_Dialogue_IconBackgroundCircle.tga 400 130 128 120> Годится на безрыбье","<image UI/Conversation/T_Dialogue_IconBackgroundCircle.tga 400 130 128 120> Poor handling
<image UI/Conversation/T_Dialogue_IconBackgroundCircle.tga 400 130 128 120> Folding stock
<image UI/Conversation/T_Dialogue_IconBackgroundCircle.tga 400 130 128 120> Better than nothing","manual-translation","needs-english-after-memory-cleanup","jazz","468046569228","jazz:InventoryItem/Sterling.lua:16 | jazz:items.lua:20107"
"468738881554","<image UI/Conversation/T_Dialogue_IconBackgroundCircle.tga 400 130 128 120> Обеспечивает уверенное поражение целей обладающих 2-м классом брони
<image UI/Conversation/T_Dialogue_IconBackgroundCircle.tga 400 130 128 120> Дозвуковые: пониженный урон, уменьшенная дальность, уменьшенная точность, уменьшенная громкость выстрела, увеличенная надежность","<image UI/Conversation/T_Dialogue_IconBackgroundCircle.tga 400 130 128 120> Надёжно пробивает броню 2-го класса
<image UI/Conversation/T_Dialogue_IconBackgroundCircle.tga 400 130 128 120> Дозвуковые: меньше урон, дальность, точность и громкость выстрела; выше надёжность","<image UI/Conversation/T_Dialogue_IconBackgroundCircle.tga 400 130 128 120> Reliably penetrates Armor Class 2
<image UI/Conversation/T_Dialogue_IconBackgroundCircle.tga 400 130 128 120> Subsonic: lower damage, range, accuracy, and report; improved reliability","manual-translation","needs-english-after-memory-cleanup","jazz","468738881554","jazz:InventoryItem/_762WP_Subsonic.lua:15 | jazz:items.lua:9462"
"474207434755","<image UI/Conversation/T_Dialogue_IconBackgroundCircle.tga 400 130 128 120> Лупит двойками в одну точку 
<image UI/Conversation/T_Dialogue_IconBackgroundCircle.tga 400 130 128 120> Прошел советский оружейный конкурс 
<image UI/Conversation/T_Dialogue_IconBackgroundCircle.tga 400 130 128 120> Шедевр оружейной мысли","<image UI/Conversation/T_Dialogue_IconBackgroundCircle.tga 400 130 128 120> Лупит двойками в одну точку
<image UI/Conversation/T_Dialogue_IconBackgroundCircle.tga 400 130 128 120> Победил в советском оружейном конкурсе
<image UI/Conversation/T_Dialogue_IconBackgroundCircle.tga 400 130 128 120> Шедевр оружейной мысли","<image UI/Conversation/T_Dialogue_IconBackgroundCircle.tga 400 130 128 120> Two-round bursts land on the same spot
<image UI/Conversation/T_Dialogue_IconBackgroundCircle.tga 400 130 128 120> Won the Soviet service-rifle trials
<image UI/Conversation/T_Dialogue_IconBackgroundCircle.tga 400 130 128 120> A masterpiece of firearms engineering","manual-translation","needs-english-after-memory-cleanup","jazz","474207434755","jazz:InventoryItem/AN94.lua:16 | jazz:items.lua:24830"
"478819781584","<image UI/Conversation/T_Dialogue_IconBackgroundCircle.tga 400 130 128 120> Пораженные цели получают статус «<color EmStyle>Вне укрытия</color>» и лишаются его преимуществ
<image UI/Conversation/T_Dialogue_IconBackgroundCircle.tga 400 130 128 120> Вызывает <color EmStyle>горение</color>","<image UI/Conversation/T_Dialogue_IconBackgroundCircle.tga 400 130 128 120> Поражённые цели получают статус «<color EmStyle>Вне укрытия</color>» и теряют преимущества укрытия
<image UI/Conversation/T_Dialogue_IconBackgroundCircle.tga 400 130 128 120> Вызывает <color EmStyle>горение</color>","<image UI/Conversation/T_Dialogue_IconBackgroundCircle.tga 400 130 128 120> Hit targets become <color EmStyle>Exposed</color> and lose the benefits of cover
<image UI/Conversation/T_Dialogue_IconBackgroundCircle.tga 400 130 128 120> Inflicts <color EmStyle>Burning</color>","manual-translation","needs-english-after-memory-cleanup","jazz","478819781584","jazz:InventoryItem/_50BMG_Incendiary.lua:13 | jazz:items.lua:10005"
"481262160237","<image UI/Conversation/T_Dialogue_IconBackgroundCircle.tga 400 130 128 120> Заточенное: высокий урон
<image UI/Conversation/T_Dialogue_IconBackgroundCircle.tga 400 130 128 120> Низкая цена атаки","<image UI/Conversation/T_Dialogue_IconBackgroundCircle.tga 400 130 128 120> Заточенное: высокий урон
<image UI/Conversation/T_Dialogue_IconBackgroundCircle.tga 400 130 128 120> Низкая стоимость атаки в ОД","<image UI/Conversation/T_Dialogue_IconBackgroundCircle.tga 400 130 128 120> Sharpened: high damage
<image UI/Conversation/T_Dialogue_IconBackgroundCircle.tga 400 130 128 120> Low attack AP cost","manual-translation","needs-english-after-memory-cleanup","jazz","481262160237","jazz:InventoryItem/Knife_Sharpened.lua:15 | jazz:items.lua:56422"
"481945327203","<image UI/Conversation/T_Dialogue_IconBackgroundCircle.tga 400 130 128 120> Объединяет пролетариев всех стран
<image UI/Conversation/T_Dialogue_IconBackgroundCircle.tga 400 130 128 120> Содержит фотографии девочек из «Ле-Ли-Руж»: уж они-то помогут вам поднять ваш ствол на подвиги!","<image UI/Conversation/T_Dialogue_IconBackgroundCircle.tga 400 130 128 120> Объединяет пролетариев всех стран
<image UI/Conversation/T_Dialogue_IconBackgroundCircle.tga 400 130 128 120> Содержит фотографии девочек из «Ле-Ли-Руж»: уж они-то помогут вам поднять ваш ствол на подвиги!","<image UI/Conversation/T_Dialogue_IconBackgroundCircle.tga 400 130 128 120> Unites workers of every nation
<image UI/Conversation/T_Dialogue_IconBackgroundCircle.tga 400 130 128 120> Includes photos of the girls from Le Lys Rouge—just the inspiration your gun needs!","manual-translation","needs-english-after-memory-cleanup","jazz","481945327203","jazz:InventoryItem/Pamphlets_LysRouge.lua:13 | jazz:items.lua:57050"
"492059399247","<image UI/Conversation/T_Dialogue_IconBackgroundCircle.tga 400 130 128 120> Усложняет обнаружение противником
<image UI/Conversation/T_Dialogue_IconBackgroundCircle.tga 400 130 128 120> Против камуфлированных целей прицеливание работает хуже
<image UI/Conversation/T_Dialogue_IconBackgroundCircle.tga 400 130 128 120> Нельзя совмещать с обивкой или керамическими пластинами","<image UI/Conversation/T_Dialogue_IconBackgroundCircle.tga 400 130 128 120> Усложняет обнаружение противником
<image UI/Conversation/T_Dialogue_IconBackgroundCircle.tga 400 130 128 120> Против камуфлированных целей прицеливание работает хуже
<image UI/Conversation/T_Dialogue_IconBackgroundCircle.tga 400 130 128 120> Нельзя совмещать с обивкой или керамическими пластинами","<image UI/Conversation/T_Dialogue_IconBackgroundCircle.tga 400 130 128 120> Harder for enemies to detect
<image UI/Conversation/T_Dialogue_IconBackgroundCircle.tga 400 130 128 120> Aiming is less effective against camouflaged targets
<image UI/Conversation/T_Dialogue_IconBackgroundCircle.tga 400 130 128 120> Cannot be combined with padding or ceramic plates","manual-translation","needs-english-after-memory-cleanup","jazz","492059399247 | 841350375386","jazz:InventoryItem/CamoArmor_Light.lua:13 | jazz:items.lua:57421 | jazz:InventoryItem/CamoArmor_Medium.lua:13 | jazz:items.lua:57463"
"492169252126","Uno, Dos, Tres
Я достану свинорез
Ты откуда вылез, хлопчик
Ты зачем сюда полез?
Quatro, Cinquo, Senco, Ses
Я протру мой свинорез
Лучше б ты бежал на запад
И глотал х*и в ЕС","Uno, dos, tres
Я достану свинорез.
Ты откуда вылез, хлопчик?
Ты зачем сюда полез?
Cuatro, cinco, seis
Я протру свой свинорез.
Лучше б ты бежал на запад
И глотал х*и в ЕС.","Uno, dos, tres
Out comes my pig-sticker
Where'd you crawl from, boy?
What'd you come in here for?
Cuatro, cinco, seis
I'll wipe down my pig-sticker
Should've run away out west
And sucked d*cks in the EU","manual-translation","needs-english-after-memory-cleanup","jazz-maps","492169252126","jazz-maps:items.lua:54155"
"499440250102","После скандального расставания с Робертсом ""Рысью"", о котором, наверное, слышали даже марсиане, Луиза ожесточилась и возненавидела, кажется, вообще всех людей. Рысь - за то что он есть, себя - за то что была к нему привязана, мужчин - за то, что Рысь - мужчина, женщин - за то, что они рожают мужчин. И быть бы беде, если б один незадачливый наниматель не пригласил их обоих в команду, нанимая AIM для освобождения заложников на нефтяной платформе, захваченной радикальным крылом зоозащитной организации. Робертс поимел ... неосторожность получить тяжелое ранение в ходе операции и это привело Тоску в состояние неописуемой ярости. Буквально - описать то, что происходило на платформе, не смог никто. Зоозащитникам понадобилось новое боевое крыло, нанимателю  - новая нефтяная платформа, а заложники были найдены в состоянии крайнего истощения через неделю на самодельном плоту в Атлантическом океане. Так или иначе, Луиза готова к выполнению заданий как никто другой, и горе тому, кто попробует ее разозлить.
","После скандального расставания с Робертсом по прозвищу Рысь — о нём, кажется, слышали даже марсиане — Луиза ожесточилась и возненавидела почти всех: Рысь — за то, что он есть, себя — за привязанность к нему, мужчин — потому что Рысь мужчина, а женщин — потому что они рожают мужчин. Всё кончилось бы бедой, если бы один незадачливый наниматель не собрал их обоих в команде A.I.M. для освобождения заложников с нефтяной платформы, захваченной радикальными зоозащитниками. Во время операции Робертс имел... неосторожность получить тяжёлое ранение, и Тоска впала в неописуемую ярость. Буквально неописуемую: никто так и не смог объяснить, что творилось на платформе. Зоозащитникам понадобилось новое боевое крыло, нанимателю — новая нефтяная платформа, а заложников через неделю нашли истощёнными на самодельном плоту в Атлантике. Как бы то ни было, Луиза готова к заданиям как никто другой — и горе тому, кто её разозлит.
","After the infamous breakup with Roberts, better known as Lynx—a story even Martians have probably heard—Louisa hardened and came to hate nearly everyone: Lynx for being Lynx, herself for ever caring about him, men because Lynx was one, and women because they give birth to men. Disaster seemed inevitable until an unlucky employer hired them both for an A.I.M. mission to rescue hostages from an oil platform seized by a radical animal-rights group. Roberts had the... poor judgment to suffer a serious wound during the operation, sending Louisa into an indescribable rage. Literally indescribable: nobody could explain what happened on that platform. The activists needed a new militant wing, the client needed a new oil rig, and the hostages were found a week later, half-starved on a makeshift raft in the Atlantic. Whatever the truth, Louisa is as ready for a mission as anyone—and pity whoever makes her angry.
","manual-translation","needs-english-after-memory-cleanup","jazz-units","499440250102","jazz-units:items.lua:115486 | jazz-units:UnitData/Jazz_Buzz.lua:24"
"501438291047","<image UI/Conversation/T_Dialogue_IconBackgroundCircle.tga 400 130 128 120> Дальнобойный
<image UI/Conversation/T_Dialogue_IconBackgroundCircle.tga 400 130 128 120> Стреляет короткими очередями","<image UI/Conversation/T_Dialogue_IconBackgroundCircle.tga 400 130 128 120> Дальнобойный
<image UI/Conversation/T_Dialogue_IconBackgroundCircle.tga 400 130 128 120> Стреляет короткими очередями","<image UI/Conversation/T_Dialogue_IconBackgroundCircle.tga 400 130 128 120> Long range
<image UI/Conversation/T_Dialogue_IconBackgroundCircle.tga 400 130 128 120> Fires short bursts","manual-translation","needs-english-after-memory-cleanup","jazz","501438291047","jazz:InventoryItem/APS.lua:15 | jazz:items.lua:18905"
"506514969558","Револьвер - это классическое точное, мощное и надежное оружие.
Имеют бонус к точности и к шансу крита, если это первое действие за ход","Револьвер — классическое, точное, мощное и надёжное оружие.
Если выстрел — первое действие за ход, повышаются точность и шанс критического попадания.","Revolvers are classic, accurate, powerful, and reliable weapons.
They gain bonus accuracy and critical-hit chance when firing as the first action of the turn.","manual-translation","needs-english-after-memory-cleanup","jazz","506514969558","jazz:items.lua:104185"
"513564123523","<image UI/Conversation/T_Dialogue_IconBackgroundCircle.tga 400 130 128 120> Используется через меню предмета
<image UI/Conversation/T_Dialogue_IconBackgroundCircle.tga 400 130 128 120> Одноразовый предмет
<image UI/Conversation/T_Dialogue_IconBackgroundCircle.tga 400 130 128 120> Повышает интеллект","<image UI/Conversation/T_Dialogue_IconBackgroundCircle.tga 400 130 128 120> Используется через меню предмета
<image UI/Conversation/T_Dialogue_IconBackgroundCircle.tga 400 130 128 120> Расходуется после использования
<image UI/Conversation/T_Dialogue_IconBackgroundCircle.tga 400 130 128 120> Повышает Мудрость","<image UI/Conversation/T_Dialogue_IconBackgroundCircle.tga 400 130 128 120> Used from the item menu
<image UI/Conversation/T_Dialogue_IconBackgroundCircle.tga 400 130 128 120> Single-use item
<image UI/Conversation/T_Dialogue_IconBackgroundCircle.tga 400 130 128 120> Increases Wisdom","manual-translation","needs-english-after-memory-cleanup","jazz","513564123523","jazz:InventoryItem/SkillMag_Wisdom.lua:13 | jazz:items.lua:57391"
"514313521194","<image UI/Conversation/T_Dialogue_IconBackgroundCircle.tga 400 130 128 120> Винтовка с ручным перезаряжанием 
<image UI/Conversation/T_Dialogue_IconBackgroundCircle.tga 400 130 128 120> Быстро стреляет 
<image UI/Conversation/T_Dialogue_IconBackgroundCircle.tga 400 130 128 120> Надежный 
<image UI/Conversation/T_Dialogue_IconBackgroundCircle.tga 400 130 128 120> Точный","<image UI/Conversation/T_Dialogue_IconBackgroundCircle.tga 400 130 128 120> Винтовка с продольно-скользящим затвором
<image UI/Conversation/T_Dialogue_IconBackgroundCircle.tga 400 130 128 120> Высокая скорострельность
<image UI/Conversation/T_Dialogue_IconBackgroundCircle.tga 400 130 128 120> Надёжный
<image UI/Conversation/T_Dialogue_IconBackgroundCircle.tga 400 130 128 120> Точный","<image UI/Conversation/T_Dialogue_IconBackgroundCircle.tga 400 130 128 120> Bolt-action rifle
<image UI/Conversation/T_Dialogue_IconBackgroundCircle.tga 400 130 128 120> High rate of fire
<image UI/Conversation/T_Dialogue_IconBackgroundCircle.tga 400 130 128 120> Reliable
<image UI/Conversation/T_Dialogue_IconBackgroundCircle.tga 400 130 128 120> Accurate","manual-translation","needs-english-after-memory-cleanup","jazz","514313521194","jazz:InventoryItem/ScoutSniper.lua:16 | jazz:items.lua:27687"
"519806997002","<image UI/Conversation/T_Dialogue_IconBackgroundCircle.tga 400 130 128 120> Бесшумный
<image UI/Conversation/T_Dialogue_IconBackgroundCircle.tga 400 130 128 120> Точный
<image UI/Conversation/T_Dialogue_IconBackgroundCircle.tga 400 130 128 120> Малый магазин
<image UI/Conversation/T_Dialogue_IconBackgroundCircle.tga 400 130 128 120> Недолговечный
<image UI/Conversation/T_Dialogue_IconBackgroundCircle.tga 400 130 128 120> Смертельно опасный.","<image UI/Conversation/T_Dialogue_IconBackgroundCircle.tga 400 130 128 120> Бесшумный
<image UI/Conversation/T_Dialogue_IconBackgroundCircle.tga 400 130 128 120> Точный
<image UI/Conversation/T_Dialogue_IconBackgroundCircle.tga 400 130 128 120> Малый магазин
<image UI/Conversation/T_Dialogue_IconBackgroundCircle.tga 400 130 128 120> Недолговечный
<image UI/Conversation/T_Dialogue_IconBackgroundCircle.tga 400 130 128 120> Смертельно опасный.","<image UI/Conversation/T_Dialogue_IconBackgroundCircle.tga 400 130 128 120> Suppressed
<image UI/Conversation/T_Dialogue_IconBackgroundCircle.tga 400 130 128 120> Accurate
<image UI/Conversation/T_Dialogue_IconBackgroundCircle.tga 400 130 128 120> Small magazine
<image UI/Conversation/T_Dialogue_IconBackgroundCircle.tga 400 130 128 120> Fragile
<image UI/Conversation/T_Dialogue_IconBackgroundCircle.tga 400 130 128 120> Lethal","manual-translation","needs-english-after-memory-cleanup","jazz","519806997002","jazz:InventoryItem/Welrod.lua:15 | jazz:items.lua:17213"
"521209521132","<image UI/Conversation/T_Dialogue_IconBackgroundCircle.tga 400 130 128 120> Стационарное оружие
<image UI/Conversation/T_Dialogue_IconBackgroundCircle.tga 400 130 128 120> Очень высокий урон
<image UI/Conversation/T_Dialogue_IconBackgroundCircle.tga 400 130 128 120> Очень шумное","<image UI/Conversation/T_Dialogue_IconBackgroundCircle.tga 400 130 128 120> Стационарное оружие
<image UI/Conversation/T_Dialogue_IconBackgroundCircle.tga 400 130 128 120> Очень высокий урон
<image UI/Conversation/T_Dialogue_IconBackgroundCircle.tga 400 130 128 120> Очень шумное","<image UI/Conversation/T_Dialogue_IconBackgroundCircle.tga 400 130 128 120> Mounted weapon
<image UI/Conversation/T_Dialogue_IconBackgroundCircle.tga 400 130 128 120> Very high damage
<image UI/Conversation/T_Dialogue_IconBackgroundCircle.tga 400 130 128 120> Very loud","manual-translation","needs-english-after-memory-cleanup","jazz","521209521132","jazz:InventoryItem/BrowningM2HMG.lua:14 | jazz:items.lua:29453"
"526790348080","<image UI/Conversation/T_Dialogue_IconBackgroundCircle.tga 400 130 128 120> Обычный 
<image UI/Conversation/T_Dialogue_IconBackgroundCircle.tga 400 130 128 120> Средний 
<image UI/Conversation/T_Dialogue_IconBackgroundCircle.tga 400 130 128 120> Нормальный ","<image UI/Conversation/T_Dialogue_IconBackgroundCircle.tga 400 130 128 120> Обычный
<image UI/Conversation/T_Dialogue_IconBackgroundCircle.tga 400 130 128 120> Средний
<image UI/Conversation/T_Dialogue_IconBackgroundCircle.tga 400 130 128 120> Нормальный","<image UI/Conversation/T_Dialogue_IconBackgroundCircle.tga 400 130 128 120> Ordinary
<image UI/Conversation/T_Dialogue_IconBackgroundCircle.tga 400 130 128 120> Average
<image UI/Conversation/T_Dialogue_IconBackgroundCircle.tga 400 130 128 120> Nothing special","manual-translation","needs-english-after-memory-cleanup","jazz","526790348080","jazz:InventoryItem/BerettaM12.lua:16 | jazz:items.lua:20693"
"529371457427","<image UI/Conversation/T_Dialogue_IconBackgroundCircle.tga 400 130 128 120> Единый пулемет 
<image UI/Conversation/T_Dialogue_IconBackgroundCircle.tga 400 130 128 120> Ненадежный 
<image UI/Conversation/T_Dialogue_IconBackgroundCircle.tga 400 130 128 120> Неудобный 
<image UI/Conversation/T_Dialogue_IconBackgroundCircle.tga 400 130 128 120> Убойный 
<image UI/Conversation/T_Dialogue_IconBackgroundCircle.tga 400 130 128 120> Тяжелый - ограничивает свободу движений","<image UI/Conversation/T_Dialogue_IconBackgroundCircle.tga 400 130 128 120> Единый пулемёт
<image UI/Conversation/T_Dialogue_IconBackgroundCircle.tga 400 130 128 120> Ненадёжный
<image UI/Conversation/T_Dialogue_IconBackgroundCircle.tga 400 130 128 120> Неудобный
<image UI/Conversation/T_Dialogue_IconBackgroundCircle.tga 400 130 128 120> Убойный
<image UI/Conversation/T_Dialogue_IconBackgroundCircle.tga 400 130 128 120> Тяжёлый: ограничивает свободу движения","<image UI/Conversation/T_Dialogue_IconBackgroundCircle.tga 400 130 128 120> General-purpose machine gun
<image UI/Conversation/T_Dialogue_IconBackgroundCircle.tga 400 130 128 120> Unreliable
<image UI/Conversation/T_Dialogue_IconBackgroundCircle.tga 400 130 128 120> Poor handling
<image UI/Conversation/T_Dialogue_IconBackgroundCircle.tga 400 130 128 120> High damage
<image UI/Conversation/T_Dialogue_IconBackgroundCircle.tga 400 130 128 120> Heavy (limits mobility)","manual-translation","needs-english-after-memory-cleanup","jazz","529371457427","jazz:InventoryItem/M60.lua:16 | jazz:items.lua:28979"
"532362056983","<image UI/Conversation/T_Dialogue_IconBackgroundCircle.tga 400 130 128 120> После небольшой задержки обстреливает указанную область вдалеке
<image UI/Conversation/T_Dialogue_IconBackgroundCircle.tga 400 130 128 120> Громоздкое (нет бесплатного перемещения)","<image UI/Conversation/T_Dialogue_IconBackgroundCircle.tga 400 130 128 120> После небольшой задержки обстреливает указанную область на большой дистанции
<image UI/Conversation/T_Dialogue_IconBackgroundCircle.tga 400 130 128 120> Громоздкое: не даёт бесплатного перемещения","<image UI/Conversation/T_Dialogue_IconBackgroundCircle.tga 400 130 128 120> Bombards a distant target area after a short delay
<image UI/Conversation/T_Dialogue_IconBackgroundCircle.tga 400 130 128 120> Cumbersome (no Free Move)","manual-translation","needs-english-after-memory-cleanup","jazz","532362056983","jazz:InventoryItem/MortarInventoryItem.lua:21 | jazz:items.lua:30430"
"533009920041","<image UI/Conversation/T_Dialogue_IconBackgroundCircle.tga 400 130 128 120> Дробовик 
<image UI/Conversation/T_Dialogue_IconBackgroundCircle.tga 400 130 128 120> Большой магазин 
<image UI/Conversation/T_Dialogue_IconBackgroundCircle.tga 400 130 128 120> Точный бой 
<image UI/Conversation/T_Dialogue_IconBackgroundCircle.tga 400 130 128 120> Быстро стреляет","<image UI/Conversation/T_Dialogue_IconBackgroundCircle.tga 400 130 128 120> Дробовик
<image UI/Conversation/T_Dialogue_IconBackgroundCircle.tga 400 130 128 120> Большой магазин
<image UI/Conversation/T_Dialogue_IconBackgroundCircle.tga 400 130 128 120> Хорошая кучность
<image UI/Conversation/T_Dialogue_IconBackgroundCircle.tga 400 130 128 120> Высокая скорострельность","<image UI/Conversation/T_Dialogue_IconBackgroundCircle.tga 400 130 128 120> Shotgun
<image UI/Conversation/T_Dialogue_IconBackgroundCircle.tga 400 130 128 120> Large magazine
<image UI/Conversation/T_Dialogue_IconBackgroundCircle.tga 400 130 128 120> Tight spread
<image UI/Conversation/T_Dialogue_IconBackgroundCircle.tga 400 130 128 120> High rate of fire","manual-translation","needs-english-after-memory-cleanup","jazz","533009920041","jazz:InventoryItem/AA12.lua:16 | jazz:items.lua:30311"
"534112939755","<image UI/Conversation/T_Dialogue_IconBackgroundCircle.tga 400 130 128 120> Точный 
<image UI/Conversation/T_Dialogue_IconBackgroundCircle.tga 400 130 128 120> Надежный 
<image UI/Conversation/T_Dialogue_IconBackgroundCircle.tga 400 130 128 120> Дальнобойный 
<image UI/Conversation/T_Dialogue_IconBackgroundCircle.tga 400 130 128 120> Можно забрать домой после срочной службы","<image UI/Conversation/T_Dialogue_IconBackgroundCircle.tga 400 130 128 120> Точный
<image UI/Conversation/T_Dialogue_IconBackgroundCircle.tga 400 130 128 120> Надёжный
<image UI/Conversation/T_Dialogue_IconBackgroundCircle.tga 400 130 128 120> Дальнобойный
<image UI/Conversation/T_Dialogue_IconBackgroundCircle.tga 400 130 128 120> Можно забрать домой после срочной службы","<image UI/Conversation/T_Dialogue_IconBackgroundCircle.tga 400 130 128 120> Accurate
<image UI/Conversation/T_Dialogue_IconBackgroundCircle.tga 400 130 128 120> Reliable
<image UI/Conversation/T_Dialogue_IconBackgroundCircle.tga 400 130 128 120> Long range
<image UI/Conversation/T_Dialogue_IconBackgroundCircle.tga 400 130 128 120> Yours to keep after military service","manual-translation","needs-english-after-memory-cleanup","jazz","534112939755","jazz:InventoryItem/Sig550.lua:16 | jazz:items.lua:24578"
"538313284813","Значительный <color EmStyle>штраф к точности</color> для всех атак. 
Имеет шанс вылечиться со временем после лечения или при высоком здоровье","Все атаки получают значительный <color EmStyle>штраф к точности</color>.
Может пройти со временем после лечения или при высоком уровне здоровья.","All attacks suffer a major <color EmStyle>accuracy penalty</color>.
May recover over time after treatment or while at high Health.","manual-translation","needs-english-after-memory-cleanup","jazz","538313284813","jazz:CharacterEffect/Inaccurate.lua:69 | jazz:items.lua:63527"
"538716182691","<image UI/Conversation/T_Dialogue_IconBackgroundCircle.tga 400 130 128 120> Повышенная бронебойность
<image UI/Conversation/T_Dialogue_IconBackgroundCircle.tga 400 130 128 120> Обеспечивает уверенное поражение целей обладающих 4-м классом брони","<image UI/Conversation/T_Dialogue_IconBackgroundCircle.tga 400 130 128 120> Повышенная бронебойность
<image UI/Conversation/T_Dialogue_IconBackgroundCircle.tga 400 130 128 120> Надёжно пробивает броню 4-го класса","<image UI/Conversation/T_Dialogue_IconBackgroundCircle.tga 400 130 128 120> Improved armor penetration
<image UI/Conversation/T_Dialogue_IconBackgroundCircle.tga 400 130 128 120> Reliably penetrates Armor Class 4","manual-translation","needs-english-after-memory-cleanup","jazz","538716182691","jazz:InventoryItem/_762NATO_AP.lua:14 | jazz:items.lua:9666"
"539332597589","<image UI/Conversation/T_Dialogue_IconBackgroundCircle.tga 400 130 128 120> Дальнобойный 
<image UI/Conversation/T_Dialogue_IconBackgroundCircle.tga 400 130 128 120> Надежный 
<image UI/Conversation/T_Dialogue_IconBackgroundCircle.tga 400 130 128 120> Складной приклад Карл!!!","<image UI/Conversation/T_Dialogue_IconBackgroundCircle.tga 400 130 128 120> Дальнобойный
<image UI/Conversation/T_Dialogue_IconBackgroundCircle.tga 400 130 128 120> Надёжный
<image UI/Conversation/T_Dialogue_IconBackgroundCircle.tga 400 130 128 120> Складной приклад, Карл!","<image UI/Conversation/T_Dialogue_IconBackgroundCircle.tga 400 130 128 120> Long range
<image UI/Conversation/T_Dialogue_IconBackgroundCircle.tga 400 130 128 120> Reliable
<image UI/Conversation/T_Dialogue_IconBackgroundCircle.tga 400 130 128 120> A FOLDING STOCK, Carl!","manual-translation","needs-english-after-memory-cleanup","jazz","539332597589","jazz:InventoryItem/M45.lua:16 | jazz:items.lua:20453"
"541579221754","<color EmStyle>Заряжается после убийства другим способом.</color>.
Короткая очередь в каждого врага в <em>секторе обстрела</em>","<color EmStyle>Заряжается после убийства любым другим способом.</color>
Выпускает короткую очередь по каждому врагу в <em>секторе обстрела</em>","<color EmStyle>Recharges after a kill made by any other means.</color>
Fires a short burst at every enemy in the <em>firing cone</em>","manual-translation","needs-english-after-memory-cleanup","jazz","541579221754","jazz:items.lua:67622"
"541758722141","<image UI/Conversation/T_Dialogue_IconBackgroundCircle.tga 400 130 128 120> Точный
<image UI/Conversation/T_Dialogue_IconBackgroundCircle.tga 400 130 128 120> Удобный
<image UI/Conversation/T_Dialogue_IconBackgroundCircle.tga 400 130 128 120> Надежный
<image UI/Conversation/T_Dialogue_IconBackgroundCircle.tga 400 130 128 120> И-иии все","<image UI/Conversation/T_Dialogue_IconBackgroundCircle.tga 400 130 128 120> Точный
<image UI/Conversation/T_Dialogue_IconBackgroundCircle.tga 400 130 128 120> Удобный
<image UI/Conversation/T_Dialogue_IconBackgroundCircle.tga 400 130 128 120> Надёжный
<image UI/Conversation/T_Dialogue_IconBackgroundCircle.tga 400 130 128 120> И-и-и... всё","<image UI/Conversation/T_Dialogue_IconBackgroundCircle.tga 400 130 128 120> Accurate
<image UI/Conversation/T_Dialogue_IconBackgroundCircle.tga 400 130 128 120> Good handling
<image UI/Conversation/T_Dialogue_IconBackgroundCircle.tga 400 130 128 120> Reliable
<image UI/Conversation/T_Dialogue_IconBackgroundCircle.tga 400 130 128 120> And that's about it","manual-translation","needs-english-after-memory-cleanup","jazz","541758722141","jazz:InventoryItem/P220.lua:15 | jazz:items.lua:18272"
"542254290130","Сектор под нашем контролем.
Видимо, они разгружали тут взрывчатку для атаки особняка","Сектор под нашим контролем.
Похоже, здесь разгружали взрывчатку для нападения на особняк.","The sector is under our control.
Looks like they were unloading explosives here for an attack on the mansion.","manual-translation","needs-english-after-memory-cleanup","jazz-maps","542254290130","jazz-maps:items.lua:31190"
"545249677427","<image UI/Conversation/T_Dialogue_IconBackgroundCircle.tga 400 130 128 120> Удобный 
<image UI/Conversation/T_Dialogue_IconBackgroundCircle.tga 400 130 128 120> Точный 
<image UI/Conversation/T_Dialogue_IconBackgroundCircle.tga 400 130 128 120> Надежный 
<image UI/Conversation/T_Dialogue_IconBackgroundCircle.tga 400 130 128 120> Теперь с фонариком","<image UI/Conversation/T_Dialogue_IconBackgroundCircle.tga 400 130 128 120> Удобный
<image UI/Conversation/T_Dialogue_IconBackgroundCircle.tga 400 130 128 120> Точный
<image UI/Conversation/T_Dialogue_IconBackgroundCircle.tga 400 130 128 120> Надёжный
<image UI/Conversation/T_Dialogue_IconBackgroundCircle.tga 400 130 128 120> Теперь с фонариком","<image UI/Conversation/T_Dialogue_IconBackgroundCircle.tga 400 130 128 120> Good handling
<image UI/Conversation/T_Dialogue_IconBackgroundCircle.tga 400 130 128 120> Accurate
<image UI/Conversation/T_Dialogue_IconBackgroundCircle.tga 400 130 128 120> Reliable
<image UI/Conversation/T_Dialogue_IconBackgroundCircle.tga 400 130 128 120> Now with a flashlight","manual-translation","needs-english-after-memory-cleanup","jazz","545249677427","jazz:InventoryItem/MP5A4.lua:16 | jazz:items.lua:21221"
"554488493833","<image UI/Conversation/T_Dialogue_IconBackgroundCircle.tga 400 130 128 120> Револьвер
<image UI/Conversation/T_Dialogue_IconBackgroundCircle.tga 400 130 128 120> За эти деньги мог бы стрелять самонаводящимися пулями","<image UI/Conversation/T_Dialogue_IconBackgroundCircle.tga 400 130 128 120> Револьвер
<image UI/Conversation/T_Dialogue_IconBackgroundCircle.tga 400 130 128 120> За эти деньги мог бы стрелять самонаводящимися пулями","<image UI/Conversation/T_Dialogue_IconBackgroundCircle.tga 400 130 128 120> Revolver
<image UI/Conversation/T_Dialogue_IconBackgroundCircle.tga 400 130 128 120> At this price, the bullets ought to guide themselves","manual-translation","needs-english-after-memory-cleanup","jazz","554488493833","jazz:InventoryItem/RSH12.lua:15 | jazz:items.lua:19703"
"560759240469","<image UI/Conversation/T_Dialogue_IconBackgroundCircle.tga 400 130 128 120> Освещает большую территорию
<image UI/Conversation/T_Dialogue_IconBackgroundCircle.tga 400 130 128 120> Высокая вероятность неудачи
<image UI/Conversation/T_Dialogue_IconBackgroundCircle.tga 400 130 128 120> Бесшумное","<image UI/Conversation/T_Dialogue_IconBackgroundCircle.tga 400 130 128 120> Освещает большую территорию
<image UI/Conversation/T_Dialogue_IconBackgroundCircle.tga 400 130 128 120> Высокая вероятность неудачи
<image UI/Conversation/T_Dialogue_IconBackgroundCircle.tga 400 130 128 120> Бесшумное","<image UI/Conversation/T_Dialogue_IconBackgroundCircle.tga 400 130 128 120> Illuminates a large area
<image UI/Conversation/T_Dialogue_IconBackgroundCircle.tga 400 130 128 120> High mishap chance
<image UI/Conversation/T_Dialogue_IconBackgroundCircle.tga 400 130 128 120> Silent","manual-translation","needs-english-after-memory-cleanup","jazz","560759240469","jazz:InventoryItem/FlareStick.lua:14 | jazz:items.lua:30881"
"561861858971","<image UI/Conversation/T_Dialogue_IconBackgroundCircle.tga 400 130 128 120> Неудобный 
<image UI/Conversation/T_Dialogue_IconBackgroundCircle.tga 400 130 128 120> Неточный
<image UI/Conversation/T_Dialogue_IconBackgroundCircle.tga 400 130 128 120> Старый
<image UI/Conversation/T_Dialogue_IconBackgroundCircle.tga 400 130 128 120> Складной приклад
<image UI/Conversation/T_Dialogue_IconBackgroundCircle.tga 400 130 128 120>  Что досталось в оружейке","<image UI/Conversation/T_Dialogue_IconBackgroundCircle.tga 400 130 128 120> Неудобный
<image UI/Conversation/T_Dialogue_IconBackgroundCircle.tga 400 130 128 120> Неточный
<image UI/Conversation/T_Dialogue_IconBackgroundCircle.tga 400 130 128 120> Старый
<image UI/Conversation/T_Dialogue_IconBackgroundCircle.tga 400 130 128 120> Складной приклад
<image UI/Conversation/T_Dialogue_IconBackgroundCircle.tga 400 130 128 120> Что досталось в оружейке","<image UI/Conversation/T_Dialogue_IconBackgroundCircle.tga 400 130 128 120> Poor handling
<image UI/Conversation/T_Dialogue_IconBackgroundCircle.tga 400 130 128 120> Inaccurate
<image UI/Conversation/T_Dialogue_IconBackgroundCircle.tga 400 130 128 120> Old
<image UI/Conversation/T_Dialogue_IconBackgroundCircle.tga 400 130 128 120> Folding stock
<image UI/Conversation/T_Dialogue_IconBackgroundCircle.tga 400 130 128 120> Whatever the armory had left","manual-translation","needs-english-after-memory-cleanup","jazz","561861858971","jazz:InventoryItem/MAT49.lua:16 | jazz:items.lua:19901"
"561907040232","<image UI/Conversation/T_Dialogue_IconBackgroundCircle.tga 400 130 128 120> Дальнобойный 
<image UI/Conversation/T_Dialogue_IconBackgroundCircle.tga 400 130 128 120> Убойный Неудобный","<image UI/Conversation/T_Dialogue_IconBackgroundCircle.tga 400 130 128 120> Дальнобойный
<image UI/Conversation/T_Dialogue_IconBackgroundCircle.tga 400 130 128 120> Убойный; неудобный","<image UI/Conversation/T_Dialogue_IconBackgroundCircle.tga 400 130 128 120> Long range
<image UI/Conversation/T_Dialogue_IconBackgroundCircle.tga 400 130 128 120> High damage; poor handling","manual-translation","needs-english-after-memory-cleanup","jazz","561907040232","jazz:InventoryItem/SVT40.lua:16 | jazz:items.lua:25295"
"568354544935","<image UI/Conversation/T_Dialogue_IconBackgroundCircle.tga 400 130 128 120> Единый пулемет 
<image UI/Conversation/T_Dialogue_IconBackgroundCircle.tga 400 130 128 120> Слабая отдача 
<image UI/Conversation/T_Dialogue_IconBackgroundCircle.tga 400 130 128 120> Точный
<image UI/Conversation/T_Dialogue_IconBackgroundCircle.tga 400 130 128 120> Убойный 
<image UI/Conversation/T_Dialogue_IconBackgroundCircle.tga 400 130 128 120> Надежный 
<image UI/Conversation/T_Dialogue_IconBackgroundCircle.tga 400 130 128 120> Тяжелый - ограничивает свободу движений","<image UI/Conversation/T_Dialogue_IconBackgroundCircle.tga 400 130 128 120> Единый пулемёт
<image UI/Conversation/T_Dialogue_IconBackgroundCircle.tga 400 130 128 120> Слабая отдача
<image UI/Conversation/T_Dialogue_IconBackgroundCircle.tga 400 130 128 120> Точный
<image UI/Conversation/T_Dialogue_IconBackgroundCircle.tga 400 130 128 120> Убойный
<image UI/Conversation/T_Dialogue_IconBackgroundCircle.tga 400 130 128 120> Надёжный
<image UI/Conversation/T_Dialogue_IconBackgroundCircle.tga 400 130 128 120> Тяжёлый: ограничивает свободу движения","<image UI/Conversation/T_Dialogue_IconBackgroundCircle.tga 400 130 128 120> General-purpose machine gun
<image UI/Conversation/T_Dialogue_IconBackgroundCircle.tga 400 130 128 120> Low recoil
<image UI/Conversation/T_Dialogue_IconBackgroundCircle.tga 400 130 128 120> Accurate
<image UI/Conversation/T_Dialogue_IconBackgroundCircle.tga 400 130 128 120> High damage
<image UI/Conversation/T_Dialogue_IconBackgroundCircle.tga 400 130 128 120> Reliable
<image UI/Conversation/T_Dialogue_IconBackgroundCircle.tga 400 130 128 120> Heavy (limits mobility)","manual-translation","needs-english-after-memory-cleanup","jazz","568354544935","jazz:InventoryItem/FNMAG.lua:16 | jazz:items.lua:29121"
"575413455352","<image UI/Conversation/T_Dialogue_IconBackgroundCircle.tga 400 130 128 120> Используется через меню предмета
<image UI/Conversation/T_Dialogue_IconBackgroundCircle.tga 400 130 128 120> Одноразовый предмет
<image UI/Conversation/T_Dialogue_IconBackgroundCircle.tga 400 130 128 120> Повышает лидерство","<image UI/Conversation/T_Dialogue_IconBackgroundCircle.tga 400 130 128 120> Используется через меню предмета
<image UI/Conversation/T_Dialogue_IconBackgroundCircle.tga 400 130 128 120> Расходуется после использования
<image UI/Conversation/T_Dialogue_IconBackgroundCircle.tga 400 130 128 120> Повышает лидерство","<image UI/Conversation/T_Dialogue_IconBackgroundCircle.tga 400 130 128 120> Used from the item menu
<image UI/Conversation/T_Dialogue_IconBackgroundCircle.tga 400 130 128 120> Single-use item
<image UI/Conversation/T_Dialogue_IconBackgroundCircle.tga 400 130 128 120> Increases Leadership","manual-translation","needs-english-after-memory-cleanup","jazz","575413455352","jazz:InventoryItem/SkillMag_Leadership.lua:13 | jazz:items.lua:57257"
"577644402779","<image UI/Conversation/T_Dialogue_IconBackgroundCircle.tga 400 130 128 120> Дробовик 
<image UI/Conversation/T_Dialogue_IconBackgroundCircle.tga 400 130 128 120> Неточный бой","<image UI/Conversation/T_Dialogue_IconBackgroundCircle.tga 400 130 128 120> Дробовик
<image UI/Conversation/T_Dialogue_IconBackgroundCircle.tga 400 130 128 120> Широкий разброс","<image UI/Conversation/T_Dialogue_IconBackgroundCircle.tga 400 130 128 120> Shotgun
<image UI/Conversation/T_Dialogue_IconBackgroundCircle.tga 400 130 128 120> Wide spread","manual-translation","needs-english-after-memory-cleanup","jazz","577644402779","jazz:InventoryItem/Auto5.lua:17 | jazz:items.lua:29910"
"590205659814","<image UI/Conversation/T_Dialogue_IconBackgroundCircle.tga 400 130 128 120> Умеренно точный 
<image UI/Conversation/T_Dialogue_IconBackgroundCircle.tga 400 130 128 120> Умеренно надежный 
<image UI/Conversation/T_Dialogue_IconBackgroundCircle.tga 400 130 128 120> Умеренно скорострельный 
<image UI/Conversation/T_Dialogue_IconBackgroundCircle.tga 400 130 128 120> Das ist gut","<image UI/Conversation/T_Dialogue_IconBackgroundCircle.tga 400 130 128 120> Умеренно точный
<image UI/Conversation/T_Dialogue_IconBackgroundCircle.tga 400 130 128 120> Умеренно надёжный
<image UI/Conversation/T_Dialogue_IconBackgroundCircle.tga 400 130 128 120> Умеренно скорострельный
<image UI/Conversation/T_Dialogue_IconBackgroundCircle.tga 400 130 128 120> Das ist gut","<image UI/Conversation/T_Dialogue_IconBackgroundCircle.tga 400 130 128 120> Moderately accurate
<image UI/Conversation/T_Dialogue_IconBackgroundCircle.tga 400 130 128 120> Moderately reliable
<image UI/Conversation/T_Dialogue_IconBackgroundCircle.tga 400 130 128 120> Moderate rate of fire
<image UI/Conversation/T_Dialogue_IconBackgroundCircle.tga 400 130 128 120> Das ist gut","manual-translation","needs-english-after-memory-cleanup","jazz","590205659814","jazz:InventoryItem/G36.lua:16 | jazz:items.lua:24442"
"593063289584","<image UI/Conversation/T_Dialogue_IconBackgroundCircle.tga 400 130 128 120> Быстрый
<image UI/Conversation/T_Dialogue_IconBackgroundCircle.tga 400 130 128 120> Компактный
<image UI/Conversation/T_Dialogue_IconBackgroundCircle.tga 400 130 128 120> Удобный
<image UI/Conversation/T_Dialogue_IconBackgroundCircle.tga 400 130 128 120> Прочный
<image UI/Conversation/T_Dialogue_IconBackgroundCircle.tga 400 130 128 120> Из 1970-х","<image UI/Conversation/T_Dialogue_IconBackgroundCircle.tga 400 130 128 120> Быстрый
<image UI/Conversation/T_Dialogue_IconBackgroundCircle.tga 400 130 128 120> Компактный
<image UI/Conversation/T_Dialogue_IconBackgroundCircle.tga 400 130 128 120> Удобный
<image UI/Conversation/T_Dialogue_IconBackgroundCircle.tga 400 130 128 120> Прочный
<image UI/Conversation/T_Dialogue_IconBackgroundCircle.tga 400 130 128 120> Из 1970-х","<image UI/Conversation/T_Dialogue_IconBackgroundCircle.tga 400 130 128 120> Fast
<image UI/Conversation/T_Dialogue_IconBackgroundCircle.tga 400 130 128 120> Compact
<image UI/Conversation/T_Dialogue_IconBackgroundCircle.tga 400 130 128 120> Good handling
<image UI/Conversation/T_Dialogue_IconBackgroundCircle.tga 400 130 128 120> Durable
<image UI/Conversation/T_Dialogue_IconBackgroundCircle.tga 400 130 128 120> A 1970s classic","manual-translation","needs-english-after-memory-cleanup","jazz","593063289584","jazz:InventoryItem/Glock17.lua:15 | jazz:items.lua:18184"
"595335142998","<image UI/Conversation/T_Dialogue_IconBackgroundCircle.tga 400 130 128 120> Сниженная дальнобойность
<image UI/Conversation/T_Dialogue_IconBackgroundCircle.tga 400 130 128 120> Нулевая бронебойность
<image UI/Conversation/T_Dialogue_IconBackgroundCircle.tga 400 130 128 120> Высокий шанс критического попадания
<image UI/Conversation/T_Dialogue_IconBackgroundCircle.tga 400 130 128 120> Пораженные цели получают статус «<color EmStyle>Вне укрытия</color>» и лишаются его преимуществ
<image UI/Conversation/T_Dialogue_IconBackgroundCircle.tga 400 130 128 120> Вызывает <color EmStyle>кровотечение</color>","<image UI/Conversation/T_Dialogue_IconBackgroundCircle.tga 400 130 128 120> Сниженная дальность
<image UI/Conversation/T_Dialogue_IconBackgroundCircle.tga 400 130 128 120> Не пробивает броню
<image UI/Conversation/T_Dialogue_IconBackgroundCircle.tga 400 130 128 120> Высокий шанс критического попадания
<image UI/Conversation/T_Dialogue_IconBackgroundCircle.tga 400 130 128 120> Поражённые цели получают статус «<color EmStyle>Вне укрытия</color>» и теряют преимущества укрытия
<image UI/Conversation/T_Dialogue_IconBackgroundCircle.tga 400 130 128 120> Вызывает <color EmStyle>кровотечение</color>","<image UI/Conversation/T_Dialogue_IconBackgroundCircle.tga 400 130 128 120> Reduced range
<image UI/Conversation/T_Dialogue_IconBackgroundCircle.tga 400 130 128 120> No armor penetration
<image UI/Conversation/T_Dialogue_IconBackgroundCircle.tga 400 130 128 120> High critical-hit chance
<image UI/Conversation/T_Dialogue_IconBackgroundCircle.tga 400 130 128 120> Hit targets become <color EmStyle>Exposed</color> and lose the benefits of cover
<image UI/Conversation/T_Dialogue_IconBackgroundCircle.tga 400 130 128 120> Inflicts <color EmStyle>Bleeding</color>","manual-translation","needs-english-after-memory-cleanup","jazz","595335142998","jazz:InventoryItem/_9mm_Shock.lua:14 | jazz:items.lua:8986"
"601923644572","<image UI/Conversation/T_Dialogue_IconBackgroundCircle.tga 400 130 128 120> Уменьшение урона (улучшено керамическими пластинами) 
<image UI/Conversation/T_Dialogue_IconBackgroundCircle.tga 400 130 128 120> Керамические пластины ломаются после <color 124 130 96><RevertConditionCounter></color> попаданий","<image UI/Conversation/T_Dialogue_IconBackgroundCircle.tga 400 130 128 120> Снижает урон; усилено керамическими пластинами
<image UI/Conversation/T_Dialogue_IconBackgroundCircle.tga 400 130 128 120> Керамические пластины ломаются после <color 124 130 96><RevertConditionCounter></color> попаданий","<image UI/Conversation/T_Dialogue_IconBackgroundCircle.tga 400 130 128 120> Damage reduction improved by ceramic plates
<image UI/Conversation/T_Dialogue_IconBackgroundCircle.tga 400 130 128 120> Ceramic plates break after <color 124 130 96><RevertConditionCounter></color> hits","manual-translation","needs-english-after-memory-cleanup","jazz","601923644572 | 904920821332 | 907738433164 | 926317299683","jazz:InventoryItem/FlakArmor_CeramicPlates.lua:14 | jazz:items.lua:57522 | jazz:InventoryItem/KevlarVest_CeramicPlates.lua:14 | jazz:items.lua:58330 | jazz:InventoryItem/FlakVest_CeramicPlates.lua:14 | jazz:items.lua:57660 | jazz:InventoryItem/KevlarChestplate_CeramicPlates.lua:14 | jazz:items.lua:58121"
"609073273191","<image UI/Conversation/T_Dialogue_IconBackgroundCircle.tga 400 130 128 120> Точный 
<image UI/Conversation/T_Dialogue_IconBackgroundCircle.tga 400 130 128 120> Дальнобойный 
<image UI/Conversation/T_Dialogue_IconBackgroundCircle.tga 400 130 128 120> Может стрелять в движении 
<image UI/Conversation/T_Dialogue_IconBackgroundCircle.tga 400 130 128 120> Универсальный обвес","<image UI/Conversation/T_Dialogue_IconBackgroundCircle.tga 400 130 128 120> Точный
<image UI/Conversation/T_Dialogue_IconBackgroundCircle.tga 400 130 128 120> Дальнобойный
<image UI/Conversation/T_Dialogue_IconBackgroundCircle.tga 400 130 128 120> Может стрелять в движении
<image UI/Conversation/T_Dialogue_IconBackgroundCircle.tga 400 130 128 120> Широкий выбор обвеса","<image UI/Conversation/T_Dialogue_IconBackgroundCircle.tga 400 130 128 120> Accurate
<image UI/Conversation/T_Dialogue_IconBackgroundCircle.tga 400 130 128 120> Long range
<image UI/Conversation/T_Dialogue_IconBackgroundCircle.tga 400 130 128 120> Can fire while moving
<image UI/Conversation/T_Dialogue_IconBackgroundCircle.tga 400 130 128 120> Versatile attachment options","manual-translation","needs-english-after-memory-cleanup","jazz","609073273191","jazz:InventoryItem/M4A1.lua:16 | jazz:items.lua:22408"
"616071689879","<image UI/Conversation/T_Dialogue_IconBackgroundCircle.tga 400 130 128 120> Дробовик 
<image UI/Conversation/T_Dialogue_IconBackgroundCircle.tga 400 130 128 120> Точный бой 
<image UI/Conversation/T_Dialogue_IconBackgroundCircle.tga 400 130 128 120> Надежный","<image UI/Conversation/T_Dialogue_IconBackgroundCircle.tga 400 130 128 120> Дробовик
<image UI/Conversation/T_Dialogue_IconBackgroundCircle.tga 400 130 128 120> Хорошая кучность
<image UI/Conversation/T_Dialogue_IconBackgroundCircle.tga 400 130 128 120> Надёжный","<image UI/Conversation/T_Dialogue_IconBackgroundCircle.tga 400 130 128 120> Shotgun
<image UI/Conversation/T_Dialogue_IconBackgroundCircle.tga 400 130 128 120> Tight spread
<image UI/Conversation/T_Dialogue_IconBackgroundCircle.tga 400 130 128 120> Reliable","manual-translation","needs-english-after-memory-cleanup","jazz","616071689879","jazz:InventoryItem/M41Shotgun.lua:16 | jazz:items.lua:30115"
"617196311086","<image UI/Conversation/T_Dialogue_IconBackgroundCircle.tga 400 130 128 120> Используется через меню предмета
<image UI/Conversation/T_Dialogue_IconBackgroundCircle.tga 400 130 128 120> Одноразовый предмет
<image UI/Conversation/T_Dialogue_IconBackgroundCircle.tga 400 130 128 120> Повышает здоровье","<image UI/Conversation/T_Dialogue_IconBackgroundCircle.tga 400 130 128 120> Используется через меню предмета
<image UI/Conversation/T_Dialogue_IconBackgroundCircle.tga 400 130 128 120> Расходуется после использования
<image UI/Conversation/T_Dialogue_IconBackgroundCircle.tga 400 130 128 120> Повышает здоровье","<image UI/Conversation/T_Dialogue_IconBackgroundCircle.tga 400 130 128 120> Used from the item menu
<image UI/Conversation/T_Dialogue_IconBackgroundCircle.tga 400 130 128 120> Single-use item
<image UI/Conversation/T_Dialogue_IconBackgroundCircle.tga 400 130 128 120> Increases Health","manual-translation","needs-english-after-memory-cleanup","jazz","617196311086","jazz:InventoryItem/SkillMag_Health.lua:13 | jazz:items.lua:57231"
"617668119774","<image UI/Conversation/T_Dialogue_IconBackgroundCircle.tga 400 130 128 120> Единый пулемет 
<image UI/Conversation/T_Dialogue_IconBackgroundCircle.tga 400 130 128 120> Уже почти отличный 
<image UI/Conversation/T_Dialogue_IconBackgroundCircle.tga 400 130 128 120> Тяжелый - ограничивает свободу движений","<image UI/Conversation/T_Dialogue_IconBackgroundCircle.tga 400 130 128 120> Единый пулемёт
<image UI/Conversation/T_Dialogue_IconBackgroundCircle.tga 400 130 128 120> Уже почти отличный
<image UI/Conversation/T_Dialogue_IconBackgroundCircle.tga 400 130 128 120> Тяжёлый: ограничивает свободу движения","<image UI/Conversation/T_Dialogue_IconBackgroundCircle.tga 400 130 128 120> General-purpose machine gun
<image UI/Conversation/T_Dialogue_IconBackgroundCircle.tga 400 130 128 120> Almost excellent
<image UI/Conversation/T_Dialogue_IconBackgroundCircle.tga 400 130 128 120> Heavy (limits mobility)","manual-translation","needs-english-after-memory-cleanup","jazz","617668119774","jazz:InventoryItem/M60E4.lua:16 | jazz:items.lua:29347"
"622369282107","<image UI/Conversation/T_Dialogue_IconBackgroundCircle.tga 400 130 128 120> Точный
<image UI/Conversation/T_Dialogue_IconBackgroundCircle.tga 400 130 128 120> Убойный
<image UI/Conversation/T_Dialogue_IconBackgroundCircle.tga 400 130 128 120> Может использовать большой магазин","<image UI/Conversation/T_Dialogue_IconBackgroundCircle.tga 400 130 128 120> Точный
<image UI/Conversation/T_Dialogue_IconBackgroundCircle.tga 400 130 128 120> Убойный
<image UI/Conversation/T_Dialogue_IconBackgroundCircle.tga 400 130 128 120> Можно установить увеличенный магазин","<image UI/Conversation/T_Dialogue_IconBackgroundCircle.tga 400 130 128 120> Accurate
<image UI/Conversation/T_Dialogue_IconBackgroundCircle.tga 400 130 128 120> High damage
<image UI/Conversation/T_Dialogue_IconBackgroundCircle.tga 400 130 128 120> Supports an extended magazine","manual-translation","needs-english-after-memory-cleanup","jazz","622369282107","jazz:InventoryItem/Thompson.lua:17 | jazz:items.lua:20176"
"622376849753","<image UI/Conversation/T_Dialogue_IconBackgroundCircle.tga 400 130 128 120> Метла 2.0 
<image UI/Conversation/T_Dialogue_IconBackgroundCircle.tga 400 130 128 120> Надежный, как бизон","<image UI/Conversation/T_Dialogue_IconBackgroundCircle.tga 400 130 128 120> Метла 2.0
<image UI/Conversation/T_Dialogue_IconBackgroundCircle.tga 400 130 128 120> Надёжный, как бизон","<image UI/Conversation/T_Dialogue_IconBackgroundCircle.tga 400 130 128 120> Broom 2.0
<image UI/Conversation/T_Dialogue_IconBackgroundCircle.tga 400 130 128 120> Reliable as a Bizon","manual-translation","needs-english-after-memory-cleanup","jazz","622376849753","jazz:InventoryItem/PP19Bizon.lua:16 | jazz:items.lua:20841"
"630066806420","<image UI/Conversation/T_Dialogue_IconBackgroundCircle.tga 400 130 128 120> Вскрывает замки на дверях и контейнерах (зависит от навыка механики)
<image UI/Conversation/T_Dialogue_IconBackgroundCircle.tga 400 130 128 120> Неквалифицированное применение может безвозвратно повредить замок
<image UI/Conversation/T_Dialogue_IconBackgroundCircle.tga 400 130 128 120> Изнашивается при каждом употреблении
<image UI/Conversation/T_Dialogue_IconBackgroundCircle.tga 400 130 128 120> Не поддается ремонту
<image UI/Conversation/T_Dialogue_IconBackgroundCircle.tga 400 130 128 120> Используется автоматически, просто находясь в инвентаре","<image UI/Conversation/T_Dialogue_IconBackgroundCircle.tga 400 130 128 120> Вскрывает замки на дверях и контейнерах (зависит от Механики)
<image UI/Conversation/T_Dialogue_IconBackgroundCircle.tga 400 130 128 120> Неквалифицированное применение может безвозвратно повредить замок
<image UI/Conversation/T_Dialogue_IconBackgroundCircle.tga 400 130 128 120> Изнашивается при каждом использовании
<image UI/Conversation/T_Dialogue_IconBackgroundCircle.tga 400 130 128 120> Не поддаётся ремонту
<image UI/Conversation/T_Dialogue_IconBackgroundCircle.tga 400 130 128 120> Используется автоматически, пока лежит в инвентаре","<image UI/Conversation/T_Dialogue_IconBackgroundCircle.tga 400 130 128 120> Picks locks on doors and containers (based on Mechanical)
<image UI/Conversation/T_Dialogue_IconBackgroundCircle.tga 400 130 128 120> Unskilled use may permanently damage the lock
<image UI/Conversation/T_Dialogue_IconBackgroundCircle.tga 400 130 128 120> Loses Condition with every use
<image UI/Conversation/T_Dialogue_IconBackgroundCircle.tga 400 130 128 120> Cannot be repaired
<image UI/Conversation/T_Dialogue_IconBackgroundCircle.tga 400 130 128 120> Used automatically while in inventory","manual-translation","needs-english-after-memory-cleanup","jazz","630066806420","jazz:InventoryItem/Lockpick.lua:13 | jazz:items.lua:56806"
"634006657340","<image UI/Conversation/T_Dialogue_IconBackgroundCircle.tga 400 130 128 120> Добавьте взрыватель, чтобы создать взрывчатку
<image UI/Conversation/T_Dialogue_IconBackgroundCircle.tga 400 130 128 120> Увеличенный радиус взрыва","<image UI/Conversation/T_Dialogue_IconBackgroundCircle.tga 400 130 128 120> Добавьте взрыватель, чтобы создать взрывчатку
<image UI/Conversation/T_Dialogue_IconBackgroundCircle.tga 400 130 128 120> Увеличенный радиус взрыва","<image UI/Conversation/T_Dialogue_IconBackgroundCircle.tga 400 130 128 120> Add a detonator to make an explosive charge
<image UI/Conversation/T_Dialogue_IconBackgroundCircle.tga 400 130 128 120> Increased blast radius","manual-translation","needs-english-after-memory-cleanup","jazz","634006657340","jazz:InventoryItem/TNT.lua:13 | jazz:items.lua:31522"
"634094190352","<image UI/Conversation/T_Dialogue_IconBackgroundCircle.tga 400 130 128 120> 1 пуля.
<image UI/Conversation/T_Dialogue_IconBackgroundCircle.tga 400 130 128 120> Обеспечивает уверенное поражение целей обладающих 2-м классом брони
<image UI/Conversation/T_Dialogue_IconBackgroundCircle.tga 400 130 128 120> Увеличенная дальность и урон","<image UI/Conversation/T_Dialogue_IconBackgroundCircle.tga 400 130 128 120> Один снаряд
<image UI/Conversation/T_Dialogue_IconBackgroundCircle.tga 400 130 128 120> Надёжно пробивает броню 2-го класса
<image UI/Conversation/T_Dialogue_IconBackgroundCircle.tga 400 130 128 120> Увеличенная дальность и урон","<image UI/Conversation/T_Dialogue_IconBackgroundCircle.tga 400 130 128 120> Single projectile
<image UI/Conversation/T_Dialogue_IconBackgroundCircle.tga 400 130 128 120> Reliably penetrates Armor Class 2
<image UI/Conversation/T_Dialogue_IconBackgroundCircle.tga 400 130 128 120> Increased range and damage","manual-translation","needs-english-after-memory-cleanup","jazz","634094190352","jazz:InventoryItem/_12gauge_Flechette.lua:14 | jazz:items.lua:9821"
"640774197340","<image UI/Conversation/T_Dialogue_IconBackgroundCircle.tga 400 130 128 120> На спине вышит символ «Всадников смерти»
<image UI/Conversation/T_Dialogue_IconBackgroundCircle.tga 400 130 128 120> Притягивает женщин и драки","<image UI/Conversation/T_Dialogue_IconBackgroundCircle.tga 400 130 128 120> На спине вышит символ «Всадников смерти»
<image UI/Conversation/T_Dialogue_IconBackgroundCircle.tga 400 130 128 120> Притягивает женщин и драки","<image UI/Conversation/T_Dialogue_IconBackgroundCircle.tga 400 130 128 120> The Death Riders emblem is stitched on the back
<image UI/Conversation/T_Dialogue_IconBackgroundCircle.tga 400 130 128 120> Attracts women and trouble","manual-translation","needs-english-after-memory-cleanup","jazz","640774197340","jazz:InventoryItem/NailsLeatherVest.lua:14 | jazz:items.lua:56870"
"646099169815","<image UI/Conversation/T_Dialogue_IconBackgroundCircle.tga 400 130 128 120> Короткий автомат под ""семерку"" 
<image UI/Conversation/T_Dialogue_IconBackgroundCircle.tga 400 130 128 120> Сильная отдача","<image UI/Conversation/T_Dialogue_IconBackgroundCircle.tga 400 130 128 120> Короткий автомат под 7,62 мм
<image UI/Conversation/T_Dialogue_IconBackgroundCircle.tga 400 130 128 120> Сильная отдача","<image UI/Conversation/T_Dialogue_IconBackgroundCircle.tga 400 130 128 120> Compact 7.62 mm assault rifle
<image UI/Conversation/T_Dialogue_IconBackgroundCircle.tga 400 130 128 120> Heavy recoil","manual-translation","needs-english-after-memory-cleanup","jazz","646099169815","jazz:InventoryItem/ZastavaM92.lua:16 | jazz:items.lua:22112"
"647226077950","<image UI/Conversation/T_Dialogue_IconBackgroundCircle.tga 400 130 128 120> Увеличенный доп. урон от силы 
<image UI/Conversation/T_Dialogue_IconBackgroundCircle.tga 400 130 128 120> Сбалансированное: увеличенная эффективность прицеливания","<image UI/Conversation/T_Dialogue_IconBackgroundCircle.tga 400 130 128 120> Увеличен дополнительный урон от Силы
<image UI/Conversation/T_Dialogue_IconBackgroundCircle.tga 400 130 128 120> Сбалансированное: повышена эффективность прицеливания","<image UI/Conversation/T_Dialogue_IconBackgroundCircle.tga 400 130 128 120> Increased bonus damage from Strength
<image UI/Conversation/T_Dialogue_IconBackgroundCircle.tga 400 130 128 120> Balanced: improved aiming bonus","manual-translation","needs-english-after-memory-cleanup","jazz","647226077950","jazz:InventoryItem/Machete_Balanced.lua:15 | jazz:items.lua:56258"
"653157983531","<image UI/Conversation/T_Dialogue_IconBackgroundCircle.tga 400 130 128 120> Используется через меню предмета
<image UI/Conversation/T_Dialogue_IconBackgroundCircle.tga 400 130 128 120> Одноразовый предмет
<image UI/Conversation/T_Dialogue_IconBackgroundCircle.tga 400 130 128 120> Повышает проворность","<image UI/Conversation/T_Dialogue_IconBackgroundCircle.tga 400 130 128 120> Используется через меню предмета
<image UI/Conversation/T_Dialogue_IconBackgroundCircle.tga 400 130 128 120> Расходуется после использования
<image UI/Conversation/T_Dialogue_IconBackgroundCircle.tga 400 130 128 120> Повышает проворность","<image UI/Conversation/T_Dialogue_IconBackgroundCircle.tga 400 130 128 120> Used from the item menu
<image UI/Conversation/T_Dialogue_IconBackgroundCircle.tga 400 130 128 120> Single-use item
<image UI/Conversation/T_Dialogue_IconBackgroundCircle.tga 400 130 128 120> Increases Agility","manual-translation","needs-english-after-memory-cleanup","jazz","653157983531","jazz:InventoryItem/SkillMag_Agility.lua:13 | jazz:items.lua:57152"
"674835694740","<image UI/Conversation/T_Dialogue_IconBackgroundCircle.tga 400 130 128 120> Увеличенная эффективность прицеливания
<image UI/Conversation/T_Dialogue_IconBackgroundCircle.tga 400 130 128 120> Издает меньше шума","<image UI/Conversation/T_Dialogue_IconBackgroundCircle.tga 400 130 128 120> Увеличенная эффективность прицеливания
<image UI/Conversation/T_Dialogue_IconBackgroundCircle.tga 400 130 128 120> Издаёт меньше шума","<image UI/Conversation/T_Dialogue_IconBackgroundCircle.tga 400 130 128 120> Improved aiming bonus
<image UI/Conversation/T_Dialogue_IconBackgroundCircle.tga 400 130 128 120> Reduced noise","manual-translation","needs-english-after-memory-cleanup","jazz","674835694740","jazz:InventoryItem/MP5.lua:15 | jazz:items.lua:10241"
"682701716433","<image UI/Conversation/T_Dialogue_IconBackgroundCircle.tga 400 130 128 120> Высокий шанс критического попадания
<image UI/Conversation/T_Dialogue_IconBackgroundCircle.tga 400 130 128 120> Увеличенная эффективность прицеливания","<image UI/Conversation/T_Dialogue_IconBackgroundCircle.tga 400 130 128 120> Высокий шанс критического попадания
<image UI/Conversation/T_Dialogue_IconBackgroundCircle.tga 400 130 128 120> Увеличенная эффективность прицеливания","<image UI/Conversation/T_Dialogue_IconBackgroundCircle.tga 400 130 128 120> High critical-hit chance
<image UI/Conversation/T_Dialogue_IconBackgroundCircle.tga 400 130 128 120> Improved aiming bonus","manual-translation","needs-english-after-memory-cleanup","jazz","682701716433","jazz:InventoryItem/M4Commando.lua:15 | jazz:items.lua:10333"
"683993796357","<image UI/Conversation/T_Dialogue_IconBackgroundCircle.tga 400 130 128 120> Используются для модификации оружия
<image UI/Conversation/T_Dialogue_IconBackgroundCircle.tga 400 130 128 120> Используются для операции «Ремонт предметов» в виде со спутника.","<image UI/Conversation/T_Dialogue_IconBackgroundCircle.tga 400 130 128 120> Используются для модификации оружия
<image UI/Conversation/T_Dialogue_IconBackgroundCircle.tga 400 130 128 120> Используются в операции «Ремонт предметов» на спутниковой карте","<image UI/Conversation/T_Dialogue_IconBackgroundCircle.tga 400 130 128 120> Used to modify weapons
<image UI/Conversation/T_Dialogue_IconBackgroundCircle.tga 400 130 128 120> Used for the Repair Items operation in Satellite View","manual-translation","needs-english-after-memory-cleanup","jazz","683993796357","jazz:InventoryItem/Parts.lua:11 | jazz:items.lua:53311"
"688295270093","<image UI/Conversation/T_Dialogue_IconBackgroundCircle.tga 400 130 128 120> Увеличенная эффективность прицеливания
<image UI/Conversation/T_Dialogue_IconBackgroundCircle.tga 400 130 128 120> Обеспечивает уверенное поражение целей обладающих 3-м классом брони","<image UI/Conversation/T_Dialogue_IconBackgroundCircle.tga 400 130 128 120> Увеличенная эффективность прицеливания
<image UI/Conversation/T_Dialogue_IconBackgroundCircle.tga 400 130 128 120> Надёжно пробивает броню 3-го класса","<image UI/Conversation/T_Dialogue_IconBackgroundCircle.tga 400 130 128 120> Improved aiming bonus
<image UI/Conversation/T_Dialogue_IconBackgroundCircle.tga 400 130 128 120> Reliably penetrates Armor Class 3","manual-translation","needs-english-after-memory-cleanup","jazz","688295270093","jazz:InventoryItem/_762NATO_Match.lua:14 | jazz:items.lua:9693"
"690633844355","<image UI/Conversation/T_Dialogue_IconBackgroundCircle.tga 400 130 128 120> Используется через меню предмета
<image UI/Conversation/T_Dialogue_IconBackgroundCircle.tga 400 130 128 120> Одноразовый предмет
<image UI/Conversation/T_Dialogue_IconBackgroundCircle.tga 400 130 128 120> Повышает меткость","<image UI/Conversation/T_Dialogue_IconBackgroundCircle.tga 400 130 128 120> Используется через меню предмета
<image UI/Conversation/T_Dialogue_IconBackgroundCircle.tga 400 130 128 120> Расходуется после использования
<image UI/Conversation/T_Dialogue_IconBackgroundCircle.tga 400 130 128 120> Повышает меткость","<image UI/Conversation/T_Dialogue_IconBackgroundCircle.tga 400 130 128 120> Used from the item menu
<image UI/Conversation/T_Dialogue_IconBackgroundCircle.tga 400 130 128 120> Single-use item
<image UI/Conversation/T_Dialogue_IconBackgroundCircle.tga 400 130 128 120> Increases Marksmanship","manual-translation","needs-english-after-memory-cleanup","jazz","690633844355","jazz:InventoryItem/SkillMag_Marksmanship.lua:13 | jazz:items.lua:57284"
"694647651138","<image UI/Conversation/T_Dialogue_IconBackgroundCircle.tga 400 130 128 120> Небольшой урон
<image UI/Conversation/T_Dialogue_IconBackgroundCircle.tga 400 130 128 120> Увеличенный эффект от силы
<image UI/Conversation/T_Dialogue_IconBackgroundCircle.tga 400 130 128 120> Очень высокий шанс критического попадания
<image UI/Conversation/T_Dialogue_IconBackgroundCircle.tga 400 130 128 120> Значительно увеличенная эффективность прицеливания","<image UI/Conversation/T_Dialogue_IconBackgroundCircle.tga 400 130 128 120> Небольшой урон
<image UI/Conversation/T_Dialogue_IconBackgroundCircle.tga 400 130 128 120> Увеличен бонус от Силы
<image UI/Conversation/T_Dialogue_IconBackgroundCircle.tga 400 130 128 120> Очень высокий шанс критического попадания
<image UI/Conversation/T_Dialogue_IconBackgroundCircle.tga 400 130 128 120> Значительно повышенная эффективность прицеливания","<image UI/Conversation/T_Dialogue_IconBackgroundCircle.tga 400 130 128 120> Low damage
<image UI/Conversation/T_Dialogue_IconBackgroundCircle.tga 400 130 128 120> Greater damage scaling from Strength
<image UI/Conversation/T_Dialogue_IconBackgroundCircle.tga 400 130 128 120> Very high critical-hit chance
<image UI/Conversation/T_Dialogue_IconBackgroundCircle.tga 400 130 128 120> Greatly improved aiming bonus","manual-translation","needs-english-after-memory-cleanup","jazz","694647651138","jazz:InventoryItem/Unarmed.lua:13 | jazz:items.lua:56328"
"703583682840","<image UI/Conversation/T_Dialogue_IconBackgroundCircle.tga 400 130 128 120> Дробовик 
<image UI/Conversation/T_Dialogue_IconBackgroundCircle.tga 400 130 128 120> Неудобный 
<image UI/Conversation/T_Dialogue_IconBackgroundCircle.tga 400 130 128 120> Надежный","<image UI/Conversation/T_Dialogue_IconBackgroundCircle.tga 400 130 128 120> Дробовик
<image UI/Conversation/T_Dialogue_IconBackgroundCircle.tga 400 130 128 120> Неудобный
<image UI/Conversation/T_Dialogue_IconBackgroundCircle.tga 400 130 128 120> Надёжный","<image UI/Conversation/T_Dialogue_IconBackgroundCircle.tga 400 130 128 120> Shotgun
<image UI/Conversation/T_Dialogue_IconBackgroundCircle.tga 400 130 128 120> Poor handling
<image UI/Conversation/T_Dialogue_IconBackgroundCircle.tga 400 130 128 120> Reliable","manual-translation","needs-english-after-memory-cleanup","jazz","703583682840","jazz:InventoryItem/Ithaca.lua:17 | jazz:items.lua:29656"
"707852110578","<image UI/Conversation/T_Dialogue_IconBackgroundCircle.tga 400 130 128 120> Самая точная снайперка 
<image UI/Conversation/T_Dialogue_IconBackgroundCircle.tga 400 130 128 120> Убойный 
<image UI/Conversation/T_Dialogue_IconBackgroundCircle.tga 400 130 128 120> Надежный","<image UI/Conversation/T_Dialogue_IconBackgroundCircle.tga 400 130 128 120> Исключительно точная снайперская винтовка
<image UI/Conversation/T_Dialogue_IconBackgroundCircle.tga 400 130 128 120> Убойный
<image UI/Conversation/T_Dialogue_IconBackgroundCircle.tga 400 130 128 120> Надёжный","<image UI/Conversation/T_Dialogue_IconBackgroundCircle.tga 400 130 128 120> Exceptional sniper accuracy
<image UI/Conversation/T_Dialogue_IconBackgroundCircle.tga 400 130 128 120> High damage
<image UI/Conversation/T_Dialogue_IconBackgroundCircle.tga 400 130 128 120> Reliable","manual-translation","needs-english-after-memory-cleanup","jazz","707852110578","jazz:InventoryItem/PSG1.lua:16 | jazz:items.lua:27568"
"713555595193","<image UI/Conversation/T_Dialogue_IconBackgroundCircle.tga 400 130 128 120> Больше не одноручный (по просьбе Ливси)
<image UI/Conversation/T_Dialogue_IconBackgroundCircle.tga 400 130 128 120> Без приклада
<image UI/Conversation/T_Dialogue_IconBackgroundCircle.tga 400 130 128 120> MP5-Короткий","<image UI/Conversation/T_Dialogue_IconBackgroundCircle.tga 400 130 128 120> Больше не одноручный (по просьбе Ливси)
<image UI/Conversation/T_Dialogue_IconBackgroundCircle.tga 400 130 128 120> Без приклада
<image UI/Conversation/T_Dialogue_IconBackgroundCircle.tga 400 130 128 120> MP5, только короче","<image UI/Conversation/T_Dialogue_IconBackgroundCircle.tga 400 130 128 120> No longer one-handed (by Livesey's request)
<image UI/Conversation/T_Dialogue_IconBackgroundCircle.tga 400 130 128 120> No stock
<image UI/Conversation/T_Dialogue_IconBackgroundCircle.tga 400 130 128 120> An MP5, only shorter","manual-translation","needs-english-after-memory-cleanup","jazz","713555595193","jazz:InventoryItem/MP5K.lua:16 | jazz:items.lua:20921"
"714045001218","<image UI/Conversation/T_Dialogue_IconBackgroundCircle.tga 400 130 128 120> Единый пулемет 
<image UI/Conversation/T_Dialogue_IconBackgroundCircle.tga 400 130 128 120> Обработан Композитумом для целкости 
<image UI/Conversation/T_Dialogue_IconBackgroundCircle.tga 400 130 128 120> Тяжелый - ограничивает свободу движений","<image UI/Conversation/T_Dialogue_IconBackgroundCircle.tga 400 130 128 120> Единый пулемёт
<image UI/Conversation/T_Dialogue_IconBackgroundCircle.tga 400 130 128 120> Обработан Композитумом для целкости
<image UI/Conversation/T_Dialogue_IconBackgroundCircle.tga 400 130 128 120> Тяжёлый: ограничивает свободу движения","<image UI/Conversation/T_Dialogue_IconBackgroundCircle.tga 400 130 128 120> General-purpose machine gun
<image UI/Conversation/T_Dialogue_IconBackgroundCircle.tga 400 130 128 120> Treated with Kompositum for improved accuracy
<image UI/Conversation/T_Dialogue_IconBackgroundCircle.tga 400 130 128 120> Heavy (limits mobility)","manual-translation","needs-english-after-memory-cleanup","jazz","714045001218","jazz:InventoryItem/MG58.lua:16 | jazz:items.lua:28844"
"714276674088","<image UI/Conversation/T_Dialogue_IconBackgroundCircle.tga 400 130 128 120> Взрывается через 1 ход (или 5 секунд не в бою)
<image UI/Conversation/T_Dialogue_IconBackgroundCircle.tga 400 130 128 120> Высокая вероятность неудачи","<image UI/Conversation/T_Dialogue_IconBackgroundCircle.tga 400 130 128 120> Взрывается через 1 ход (или 5 секунд не в бою)
<image UI/Conversation/T_Dialogue_IconBackgroundCircle.tga 400 130 128 120> Высокая вероятность неудачи","<image UI/Conversation/T_Dialogue_IconBackgroundCircle.tga 400 130 128 120> Explodes after 1 turn (or 5 seconds outside combat)
<image UI/Conversation/T_Dialogue_IconBackgroundCircle.tga 400 130 128 120> High mishap chance","manual-translation","needs-english-after-memory-cleanup","jazz","714276674088","jazz:InventoryItem/TimedTNT.lua:14 | jazz:items.lua:31405"
"725637424386","<image UI/Conversation/T_Dialogue_IconBackgroundCircle.tga 400 130 128 120> Точный 
<image UI/Conversation/T_Dialogue_IconBackgroundCircle.tga 400 130 128 120> Дальнобойный 
<image UI/Conversation/T_Dialogue_IconBackgroundCircle.tga 400 130 128 120> Убойный 
<image UI/Conversation/T_Dialogue_IconBackgroundCircle.tga 400 130 128 120> Весло","<image UI/Conversation/T_Dialogue_IconBackgroundCircle.tga 400 130 128 120> Точный
<image UI/Conversation/T_Dialogue_IconBackgroundCircle.tga 400 130 128 120> Дальнобойный
<image UI/Conversation/T_Dialogue_IconBackgroundCircle.tga 400 130 128 120> Убойный
<image UI/Conversation/T_Dialogue_IconBackgroundCircle.tga 400 130 128 120> Весло","<image UI/Conversation/T_Dialogue_IconBackgroundCircle.tga 400 130 128 120> Accurate
<image UI/Conversation/T_Dialogue_IconBackgroundCircle.tga 400 130 128 120> Long range
<image UI/Conversation/T_Dialogue_IconBackgroundCircle.tga 400 130 128 120> High damage
<image UI/Conversation/T_Dialogue_IconBackgroundCircle.tga 400 130 128 120> The oar","manual-translation","needs-english-after-memory-cleanup","jazz","725637424386","jazz:InventoryItem/DragunovSVD.lua:16 | jazz:items.lua:26633"
"740469872238","<image UI/Conversation/T_Dialogue_IconBackgroundCircle.tga 400 130 128 120> Неудобный 
<image UI/Conversation/T_Dialogue_IconBackgroundCircle.tga 400 130 128 120> Неточный 
<image UI/Conversation/T_Dialogue_IconBackgroundCircle.tga 400 130 128 120> Убойный 
<image UI/Conversation/T_Dialogue_IconBackgroundCircle.tga 400 130 128 120> Складной приклад 
<image UI/Conversation/T_Dialogue_IconBackgroundCircle.tga 400 130 128 120> Масленка без масла","<image UI/Conversation/T_Dialogue_IconBackgroundCircle.tga 400 130 128 120> Неудобный
<image UI/Conversation/T_Dialogue_IconBackgroundCircle.tga 400 130 128 120> Неточный
<image UI/Conversation/T_Dialogue_IconBackgroundCircle.tga 400 130 128 120> Убойный
<image UI/Conversation/T_Dialogue_IconBackgroundCircle.tga 400 130 128 120> Складной приклад
<image UI/Conversation/T_Dialogue_IconBackgroundCircle.tga 400 130 128 120> Масленка без масла","<image UI/Conversation/T_Dialogue_IconBackgroundCircle.tga 400 130 128 120> Poor handling
<image UI/Conversation/T_Dialogue_IconBackgroundCircle.tga 400 130 128 120> Inaccurate
<image UI/Conversation/T_Dialogue_IconBackgroundCircle.tga 400 130 128 120> High damage
<image UI/Conversation/T_Dialogue_IconBackgroundCircle.tga 400 130 128 120> Folding stock
<image UI/Conversation/T_Dialogue_IconBackgroundCircle.tga 400 130 128 120> A grease gun without the grease","manual-translation","needs-english-after-memory-cleanup","jazz","740469872238","jazz:InventoryItem/M3GreaseGun.lua:17 | jazz:items.lua:20040"
"747191951831","<image UI/Conversation/T_Dialogue_IconBackgroundCircle.tga 400 130 128 120> Маленькая G3 
<image UI/Conversation/T_Dialogue_IconBackgroundCircle.tga 400 130 128 120> Надежная 
<image UI/Conversation/T_Dialogue_IconBackgroundCircle.tga 400 130 128 120> Быстро стреляет","<image UI/Conversation/T_Dialogue_IconBackgroundCircle.tga 400 130 128 120> Маленькая G3
<image UI/Conversation/T_Dialogue_IconBackgroundCircle.tga 400 130 128 120> Надёжная
<image UI/Conversation/T_Dialogue_IconBackgroundCircle.tga 400 130 128 120> Высокая скорострельность","<image UI/Conversation/T_Dialogue_IconBackgroundCircle.tga 400 130 128 120> A compact G3
<image UI/Conversation/T_Dialogue_IconBackgroundCircle.tga 400 130 128 120> Reliable
<image UI/Conversation/T_Dialogue_IconBackgroundCircle.tga 400 130 128 120> High rate of fire","manual-translation","needs-english-after-memory-cleanup","jazz","747191951831","jazz:InventoryItem/HK33.lua:16 | jazz:items.lua:23926"
"753688782220","<image UI/Conversation/T_Dialogue_IconBackgroundCircle.tga 400 130 128 120> Ручной пулемет под ""семерку"" 
<image UI/Conversation/T_Dialogue_IconBackgroundCircle.tga 400 130 128 120> В остальном средний","<image UI/Conversation/T_Dialogue_IconBackgroundCircle.tga 400 130 128 120> Ручной пулемёт под 7,62 мм
<image UI/Conversation/T_Dialogue_IconBackgroundCircle.tga 400 130 128 120> В остальном средний","<image UI/Conversation/T_Dialogue_IconBackgroundCircle.tga 400 130 128 120> 7.62 mm light machine gun
<image UI/Conversation/T_Dialogue_IconBackgroundCircle.tga 400 130 128 120> Average in every other way","manual-translation","needs-english-after-memory-cleanup","jazz","753688782220","jazz:InventoryItem/RPD.lua:16 | jazz:items.lua:28260"
"755798369736","Не провоцирует <color EmStyle>атаки</color> типа «<color EmStyle>Прерывание</color>».
Снимает статусы »<color EmStyle>Контроль</color>» и «<color EmStyle>Сосредоточение огня</color>» при попадании.","Не провоцирует <color EmStyle>атаки</color> типа «<color EmStyle>Прерывание</color>».
При попадании снимает статусы «<color EmStyle>Контроль</color>» и «<color EmStyle>Сосредоточение огня</color>».","Does not trigger <color EmStyle>attacks</color> of the <color EmStyle>Interrupt</color> type.
Removes <color EmStyle>Control</color> and <color EmStyle>Focused Fire</color> on hit.","manual-translation","needs-english-after-memory-cleanup","jazz","755798369736","jazz:items.lua:66218"
"759493287779","<image UI/Conversation/T_Dialogue_IconBackgroundCircle.tga 400 130 128 120> Точный 
<image UI/Conversation/T_Dialogue_IconBackgroundCircle.tga 400 130 128 120> Максимально болезненный","<image UI/Conversation/T_Dialogue_IconBackgroundCircle.tga 400 130 128 120> Точный
<image UI/Conversation/T_Dialogue_IconBackgroundCircle.tga 400 130 128 120> Максимально болезненный","<image UI/Conversation/T_Dialogue_IconBackgroundCircle.tga 400 130 128 120> Accurate
<image UI/Conversation/T_Dialogue_IconBackgroundCircle.tga 400 130 128 120> Maximum stopping power","manual-translation","needs-english-after-memory-cleanup","jazz","759493287779","jazz:InventoryItem/Bereta92.lua:15 | jazz:items.lua:17755"
"770511551101","<image UI/Conversation/T_Dialogue_IconBackgroundCircle.tga 400 130 128 120> Надежный 
<image UI/Conversation/T_Dialogue_IconBackgroundCircle.tga 400 130 128 120> Быстро стреляет","<image UI/Conversation/T_Dialogue_IconBackgroundCircle.tga 400 130 128 120> Надёжный
<image UI/Conversation/T_Dialogue_IconBackgroundCircle.tga 400 130 128 120> Высокая скорострельность","<image UI/Conversation/T_Dialogue_IconBackgroundCircle.tga 400 130 128 120> Reliable
<image UI/Conversation/T_Dialogue_IconBackgroundCircle.tga 400 130 128 120> High rate of fire","manual-translation","needs-english-after-memory-cleanup","jazz","770511551101","jazz:InventoryItem/Galil.lua:16 | jazz:items.lua:25788"
"773536167600","<em>Дистанционная атака</em> автоматически вызывающая <GameTerm('Crit')>.

Когда атакующий убивает цель, остальные враги вокруг впадают в <GameTerm('Panic')>.

Не может быть использовано с дробовиками.","<em>Дистанционная атака</em>, которая автоматически наносит <GameTerm('Crit')>.

Если атакующий убивает цель, враги поблизости впадают в <GameTerm('Panic')>.

Нельзя использовать с дробовиками.","A <em>ranged attack</em> that automatically scores a <GameTerm('Crit')>.

If it kills the target, nearby enemies fall into <GameTerm('Panic')>.

Cannot be used with shotguns.","manual-translation","needs-english-after-memory-cleanup","jazz-units","773536167600","jazz-units:CharacterEffect/TheGrim.lua:32 | jazz-units:items.lua:143252"
"776470962417","<image UI/Conversation/T_Dialogue_IconBackgroundCircle.tga 400 130 128 120> Дальнобойный 
<image UI/Conversation/T_Dialogue_IconBackgroundCircle.tga 400 130 128 120> Пробивает броню 
<image UI/Conversation/T_Dialogue_IconBackgroundCircle.tga 400 130 128 120> Неудобный 
<image UI/Conversation/T_Dialogue_IconBackgroundCircle.tga 400 130 128 120> Складной приклад","<image UI/Conversation/T_Dialogue_IconBackgroundCircle.tga 400 130 128 120> Дальнобойный
<image UI/Conversation/T_Dialogue_IconBackgroundCircle.tga 400 130 128 120> Пробивает броню
<image UI/Conversation/T_Dialogue_IconBackgroundCircle.tga 400 130 128 120> Неудобный
<image UI/Conversation/T_Dialogue_IconBackgroundCircle.tga 400 130 128 120> Складной приклад","<image UI/Conversation/T_Dialogue_IconBackgroundCircle.tga 400 130 128 120> Long range
<image UI/Conversation/T_Dialogue_IconBackgroundCircle.tga 400 130 128 120> Armor-piercing
<image UI/Conversation/T_Dialogue_IconBackgroundCircle.tga 400 130 128 120> Poor handling
<image UI/Conversation/T_Dialogue_IconBackgroundCircle.tga 400 130 128 120> Folding stock","manual-translation","needs-english-after-memory-cleanup","jazz","776470962417","jazz:InventoryItem/PPS43.lua:17 | jazz:items.lua:20242"
"777023896289","<image UI/Conversation/T_Dialogue_IconBackgroundCircle.tga 400 130 128 120> Легкий пулемет 
<image UI/Conversation/T_Dialogue_IconBackgroundCircle.tga 400 130 128 120> Сильная отдача 
<image UI/Conversation/T_Dialogue_IconBackgroundCircle.tga 400 130 128 120> Ненадежный 
<image UI/Conversation/T_Dialogue_IconBackgroundCircle.tga 400 130 128 120> Убойный","<image UI/Conversation/T_Dialogue_IconBackgroundCircle.tga 400 130 128 120> Лёгкий пулемёт
<image UI/Conversation/T_Dialogue_IconBackgroundCircle.tga 400 130 128 120> Сильная отдача
<image UI/Conversation/T_Dialogue_IconBackgroundCircle.tga 400 130 128 120> Ненадёжный
<image UI/Conversation/T_Dialogue_IconBackgroundCircle.tga 400 130 128 120> Убойный","<image UI/Conversation/T_Dialogue_IconBackgroundCircle.tga 400 130 128 120> Light machine gun
<image UI/Conversation/T_Dialogue_IconBackgroundCircle.tga 400 130 128 120> Heavy recoil
<image UI/Conversation/T_Dialogue_IconBackgroundCircle.tga 400 130 128 120> Unreliable
<image UI/Conversation/T_Dialogue_IconBackgroundCircle.tga 400 130 128 120> High damage","manual-translation","needs-english-after-memory-cleanup","jazz","777023896289","jazz:InventoryItem/MAC2429.lua:15 | jazz:items.lua:27778"
"778372553788","<image UI/Conversation/T_Dialogue_IconBackgroundCircle.tga 400 130 128 120> Усложняет обнаружение противником
<image UI/Conversation/T_Dialogue_IconBackgroundCircle.tga 400 130 128 120> Против камуфлированных целей прицеливание работает хуже
<image UI/Conversation/T_Dialogue_IconBackgroundCircle.tga 400 130 128 120> Совмещена с композитумом-58","<image UI/Conversation/T_Dialogue_IconBackgroundCircle.tga 400 130 128 120> Усложняет обнаружение противником
<image UI/Conversation/T_Dialogue_IconBackgroundCircle.tga 400 130 128 120> Против камуфлированных целей прицеливание работает хуже
<image UI/Conversation/T_Dialogue_IconBackgroundCircle.tga 400 130 128 120> Усилена композитумом-58","<image UI/Conversation/T_Dialogue_IconBackgroundCircle.tga 400 130 128 120> Harder for enemies to detect
<image UI/Conversation/T_Dialogue_IconBackgroundCircle.tga 400 130 128 120> Aiming is less effective against camouflaged targets
<image UI/Conversation/T_Dialogue_IconBackgroundCircle.tga 400 130 128 120> Bonded with Kompositum-58","manual-translation","needs-english-after-memory-cleanup","jazz","778372553788 | 940302072624","jazz:InventoryItem/CamoArmor_Medium_Kompositum.lua:14 | jazz:items.lua:57484 | jazz:InventoryItem/CamoArmor_Light_Kompositum.lua:14 | jazz:items.lua:57442"
"783898195673","Л-ладно... есть ещё схрон... старый, немецкий. Я знаю, где он.
Там откуда вы пришли, на берегу, вот здесь. Забирайте. Это всё, что я могу дать... только не злитесь.","Л-ладно... Есть ещё один схрон. Старый, немецкий. Я знаю, где он.
Там, откуда вы пришли, на берегу — вот здесь. Забирайте. Это всё, что я могу дать... Только не злитесь.","A-all right... There's another cache. Old. German. I know where it is.
Back the way you came, on the shore—right here. Take it. That's all I can give you... Just don't get angry.","manual-translation","needs-english-after-memory-cleanup","jazz-maps","783898195673","jazz-maps:items.lua:54582"
"793881185551","<image UI/Conversation/T_Dialogue_IconBackgroundCircle.tga 400 130 128 120> Точный 
<image UI/Conversation/T_Dialogue_IconBackgroundCircle.tga 400 130 128 120> Может стрелять очередями 
<image UI/Conversation/T_Dialogue_IconBackgroundCircle.tga 400 130 128 120> Бесшумный 
<image UI/Conversation/T_Dialogue_IconBackgroundCircle.tga 400 130 128 120> Иди своей дорогой, сталкер...","<image UI/Conversation/T_Dialogue_IconBackgroundCircle.tga 400 130 128 120> Точный
<image UI/Conversation/T_Dialogue_IconBackgroundCircle.tga 400 130 128 120> Может стрелять очередями
<image UI/Conversation/T_Dialogue_IconBackgroundCircle.tga 400 130 128 120> Бесшумный
<image UI/Conversation/T_Dialogue_IconBackgroundCircle.tga 400 130 128 120> Иди своей дорогой, сталкер...","<image UI/Conversation/T_Dialogue_IconBackgroundCircle.tga 400 130 128 120> Accurate
<image UI/Conversation/T_Dialogue_IconBackgroundCircle.tga 400 130 128 120> Burst-fire capable
<image UI/Conversation/T_Dialogue_IconBackgroundCircle.tga 400 130 128 120> Suppressed
<image UI/Conversation/T_Dialogue_IconBackgroundCircle.tga 400 130 128 120> Get out of here, stalker...","manual-translation","needs-english-after-memory-cleanup","jazz","793881185551","jazz:InventoryItem/VSS.lua:16 | jazz:items.lua:22656"
"805207426140","<image UI/Conversation/T_Dialogue_IconBackgroundCircle.tga 400 130 128 120> Легкий пулемет 
<image UI/Conversation/T_Dialogue_IconBackgroundCircle.tga 400 130 128 120> Надежный 
<image UI/Conversation/T_Dialogue_IconBackgroundCircle.tga 400 130 128 120> Убойный 
<image UI/Conversation/T_Dialogue_IconBackgroundCircle.tga 400 130 128 120> Сильная отдача","<image UI/Conversation/T_Dialogue_IconBackgroundCircle.tga 400 130 128 120> Лёгкий пулемёт
<image UI/Conversation/T_Dialogue_IconBackgroundCircle.tga 400 130 128 120> Надёжный
<image UI/Conversation/T_Dialogue_IconBackgroundCircle.tga 400 130 128 120> Убойный
<image UI/Conversation/T_Dialogue_IconBackgroundCircle.tga 400 130 128 120> Сильная отдача","<image UI/Conversation/T_Dialogue_IconBackgroundCircle.tga 400 130 128 120> Light machine gun
<image UI/Conversation/T_Dialogue_IconBackgroundCircle.tga 400 130 128 120> Reliable
<image UI/Conversation/T_Dialogue_IconBackgroundCircle.tga 400 130 128 120> High damage
<image UI/Conversation/T_Dialogue_IconBackgroundCircle.tga 400 130 128 120> Heavy recoil","manual-translation","needs-english-after-memory-cleanup","jazz","805207426140","jazz:InventoryItem/HK21.lua:16 | jazz:items.lua:28468"
"808649375885","<image UI/Conversation/T_Dialogue_IconBackgroundCircle.tga 400 130 128 120> 40-мм гранатомет. 
<image UI/Conversation/T_Dialogue_IconBackgroundCircle.tga 400 130 128 120> Шанс промаха увеличивается с расстоянием. 
<image UI/Conversation/T_Dialogue_IconBackgroundCircle.tga 400 130 128 120> Тяжелый - ограничивает свободу движений","<image UI/Conversation/T_Dialogue_IconBackgroundCircle.tga 400 130 128 120> 40-мм гранатомёт
<image UI/Conversation/T_Dialogue_IconBackgroundCircle.tga 400 130 128 120> Шанс промаха растёт с расстоянием
<image UI/Conversation/T_Dialogue_IconBackgroundCircle.tga 400 130 128 120> Тяжёлый: ограничивает свободу движения","<image UI/Conversation/T_Dialogue_IconBackgroundCircle.tga 400 130 128 120> 40 mm grenade launcher
<image UI/Conversation/T_Dialogue_IconBackgroundCircle.tga 400 130 128 120> Miss chance increases with range
<image UI/Conversation/T_Dialogue_IconBackgroundCircle.tga 400 130 128 120> Heavy (limits mobility)","manual-translation","needs-english-after-memory-cleanup","jazz","808649375885 | 876312872911","jazz:InventoryItem/China_Lake.lua:24 | jazz:items.lua:30544 | jazz:InventoryItem/MGL.lua:24 | jazz:items.lua:30586"
"809109013984","<image UI/Conversation/T_Dialogue_IconBackgroundCircle.tga 400 130 128 120> Бесшумный 
<image UI/Conversation/T_Dialogue_IconBackgroundCircle.tga 400 130 128 120> Неудобный","<image UI/Conversation/T_Dialogue_IconBackgroundCircle.tga 400 130 128 120> Бесшумный
<image UI/Conversation/T_Dialogue_IconBackgroundCircle.tga 400 130 128 120> Неудобный","<image UI/Conversation/T_Dialogue_IconBackgroundCircle.tga 400 130 128 120> Suppressed
<image UI/Conversation/T_Dialogue_IconBackgroundCircle.tga 400 130 128 120> Poor handling","manual-translation","needs-english-after-memory-cleanup","jazz","809109013984","jazz:InventoryItem/DeLisle.lua:16 | jazz:items.lua:21924"
"809154413425","<image UI/Conversation/T_Dialogue_IconBackgroundCircle.tga 400 130 128 120> Неудобный
<image UI/Conversation/T_Dialogue_IconBackgroundCircle.tga 400 130 128 120> Ненадежный
<image UI/Conversation/T_Dialogue_IconBackgroundCircle.tga 400 130 128 120> Малый магазин
<image UI/Conversation/T_Dialogue_IconBackgroundCircle.tga 400 130 128 120> Недальнобойный
<image UI/Conversation/T_Dialogue_IconBackgroundCircle.tga 400 130 128 120> Старый
<image UI/Conversation/T_Dialogue_IconBackgroundCircle.tga 400 130 128 120> Бесполезный","<image UI/Conversation/T_Dialogue_IconBackgroundCircle.tga 400 130 128 120> Неудобный
<image UI/Conversation/T_Dialogue_IconBackgroundCircle.tga 400 130 128 120> Ненадёжный
<image UI/Conversation/T_Dialogue_IconBackgroundCircle.tga 400 130 128 120> Малый магазин
<image UI/Conversation/T_Dialogue_IconBackgroundCircle.tga 400 130 128 120> Недальнобойный
<image UI/Conversation/T_Dialogue_IconBackgroundCircle.tga 400 130 128 120> Старый
<image UI/Conversation/T_Dialogue_IconBackgroundCircle.tga 400 130 128 120> Бесполезный","<image UI/Conversation/T_Dialogue_IconBackgroundCircle.tga 400 130 128 120> Poor handling
<image UI/Conversation/T_Dialogue_IconBackgroundCircle.tga 400 130 128 120> Unreliable
<image UI/Conversation/T_Dialogue_IconBackgroundCircle.tga 400 130 128 120> Small magazine
<image UI/Conversation/T_Dialogue_IconBackgroundCircle.tga 400 130 128 120> Short range
<image UI/Conversation/T_Dialogue_IconBackgroundCircle.tga 400 130 128 120> Old
<image UI/Conversation/T_Dialogue_IconBackgroundCircle.tga 400 130 128 120> Useless","manual-translation","needs-english-after-memory-cleanup","jazz","809154413425","jazz:InventoryItem/MAC1950.lua:14 | jazz:items.lua:16507"
"810838610815","<image UI/Conversation/T_Dialogue_IconBackgroundCircle.tga 400 130 128 120> Вызывает <color EmStyle>удушье</color>
<image UI/Conversation/T_Dialogue_IconBackgroundCircle.tga 400 130 128 120> Высокая вероятность неудачи
<image UI/Conversation/T_Dialogue_IconBackgroundCircle.tga 400 130 128 120> Почти бесшумна","<image UI/Conversation/T_Dialogue_IconBackgroundCircle.tga 400 130 128 120> Вызывает <color EmStyle>удушье</color>
<image UI/Conversation/T_Dialogue_IconBackgroundCircle.tga 400 130 128 120> Высокая вероятность неудачи
<image UI/Conversation/T_Dialogue_IconBackgroundCircle.tga 400 130 128 120> Почти бесшумна","<image UI/Conversation/T_Dialogue_IconBackgroundCircle.tga 400 130 128 120> Inflicts <color EmStyle>Choking</color>
<image UI/Conversation/T_Dialogue_IconBackgroundCircle.tga 400 130 128 120> High mishap chance
<image UI/Conversation/T_Dialogue_IconBackgroundCircle.tga 400 130 128 120> Nearly silent","manual-translation","needs-english-after-memory-cleanup","jazz","810838610815","jazz:InventoryItem/ToxicGasGrenade.lua:14 | jazz:items.lua:31078"
"816969893415","<image UI/Conversation/T_Dialogue_IconBackgroundCircle.tga 400 130 128 120> Надежный 
<image UI/Conversation/T_Dialogue_IconBackgroundCircle.tga 400 130 128 120> Дальнобойный 
<image UI/Conversation/T_Dialogue_IconBackgroundCircle.tga 400 130 128 120> Можно сложить приклад","<image UI/Conversation/T_Dialogue_IconBackgroundCircle.tga 400 130 128 120> Надёжный
<image UI/Conversation/T_Dialogue_IconBackgroundCircle.tga 400 130 128 120> Дальнобойный
<image UI/Conversation/T_Dialogue_IconBackgroundCircle.tga 400 130 128 120> Можно сложить приклад","<image UI/Conversation/T_Dialogue_IconBackgroundCircle.tga 400 130 128 120> Reliable
<image UI/Conversation/T_Dialogue_IconBackgroundCircle.tga 400 130 128 120> Long range
<image UI/Conversation/T_Dialogue_IconBackgroundCircle.tga 400 130 128 120> Folding stock","manual-translation","needs-english-after-memory-cleanup","jazz","816969893415","jazz:InventoryItem/G3A4.lua:15 | jazz:items.lua:26017"
"830857112086","Высокий уровень сложности. Количество стартовых денег уменьшено на 50%<newline><newline><color FlavorStyle>Уровень сложности можно будет изменить в любой момент.</color>
Враги сильнее и имеют более высокие статы","Высокая сложность. Стартовый капитал уменьшен на 50%.<newline><newline><color FlavorStyle>Сложность можно изменить в любой момент.</color>
Враги сильнее и обладают более высокими характеристиками.","High difficulty. Starting funds are reduced by 50%.<newline><newline><color FlavorStyle>Difficulty can be changed at any time.</color>
Enemies are tougher and have higher stats.","manual-translation","needs-english-after-memory-cleanup","jazz","830857112086","jazz:items.lua:110898"
"834156151134","<image UI/Conversation/T_Dialogue_IconBackgroundCircle.tga 400 130 128 120> Нужны для лечения ран на стратегической карте
<image UI/Conversation/T_Dialogue_IconBackgroundCircle.tga 400 130 128 120> Расходуются в медицинских операциях и при крафте","<image UI/Conversation/T_Dialogue_IconBackgroundCircle.tga 400 130 128 120> Нужны для лечения ран на стратегической карте
<image UI/Conversation/T_Dialogue_IconBackgroundCircle.tga 400 130 128 120> Расходуются в медицинских операциях и при крафте","<image UI/Conversation/T_Dialogue_IconBackgroundCircle.tga 400 130 128 120> Required for Treat Wounds in Satellite View
<image UI/Conversation/T_Dialogue_IconBackgroundCircle.tga 400 130 128 120> Consumed by medical operations and crafting","manual-translation","needs-english-after-memory-cleanup","jazz","834156151134","jazz:InventoryItem/Meds.lua:11 | jazz:items.lua:53262"
"835802440630","Вам дается <color EmStyle>Сила воли</color> (<color EmStyle><outOfCoverGrit></color>), если вы заканчиваете ход вне <color EmStyle>укрытия</color>.

Вам дается <color EmStyle>Сила воли</color> (<color EmStyle><nextToEnemyGrit></color>), если вы заканчиваете ход <color EmStyle>вплотную</color> к врагу.","Получает <color EmStyle>Силу воли</color> (<color EmStyle><outOfCoverGrit></color>), если заканчивает ход вне <color EmStyle>укрытия</color>.

Получает <color EmStyle>Силу воли</color> (<color EmStyle><nextToEnemyGrit></color>), если заканчивает ход <color EmStyle>вплотную</color> к врагу.","Gain <color EmStyle>Grit</color> (<color EmStyle><outOfCoverGrit></color>) when ending your turn outside <color EmStyle>cover</color>.

Gain <color EmStyle>Grit</color> (<color EmStyle><nextToEnemyGrit></color>) when ending your turn <color EmStyle>adjacent</color> to an enemy.","manual-translation","needs-english-after-memory-cleanup","jazz","835802440630","jazz:CharacterEffect/TrueGrit.lua:26 | jazz:items.lua:62033"
"842942928399","<image UI/Conversation/T_Dialogue_IconBackgroundCircle.tga 400 130 128 120> Одноручный 
<image UI/Conversation/T_Dialogue_IconBackgroundCircle.tga 400 130 128 120> Складной приклад 
<image UI/Conversation/T_Dialogue_IconBackgroundCircle.tga 400 130 128 120> Маленький 
<image UI/Conversation/T_Dialogue_IconBackgroundCircle.tga 400 130 128 120> Удаленький","<image UI/Conversation/T_Dialogue_IconBackgroundCircle.tga 400 130 128 120> Одноручный
<image UI/Conversation/T_Dialogue_IconBackgroundCircle.tga 400 130 128 120> Складной приклад
<image UI/Conversation/T_Dialogue_IconBackgroundCircle.tga 400 130 128 120> Маленький
<image UI/Conversation/T_Dialogue_IconBackgroundCircle.tga 400 130 128 120> Удаленький","<image UI/Conversation/T_Dialogue_IconBackgroundCircle.tga 400 130 128 120> One-handed
<image UI/Conversation/T_Dialogue_IconBackgroundCircle.tga 400 130 128 120> Folding stock
<image UI/Conversation/T_Dialogue_IconBackgroundCircle.tga 400 130 128 120> Small
<image UI/Conversation/T_Dialogue_IconBackgroundCircle.tga 400 130 128 120> Small but fierce","manual-translation","needs-english-after-memory-cleanup","jazz","842942928399","jazz:InventoryItem/Scorpion.lua:15 | jazz:items.lua:18556"
"846027870607","<image UI/Conversation/T_Dialogue_IconBackgroundCircle.tga 400 130 128 120> Точный
<image UI/Conversation/T_Dialogue_IconBackgroundCircle.tga 400 130 128 120> Убойный
<image UI/Conversation/T_Dialogue_IconBackgroundCircle.tga 400 130 128 120> Долговечный
<image UI/Conversation/T_Dialogue_IconBackgroundCircle.tga 400 130 128 120> Ультранадежный","<image UI/Conversation/T_Dialogue_IconBackgroundCircle.tga 400 130 128 120> Точный
<image UI/Conversation/T_Dialogue_IconBackgroundCircle.tga 400 130 128 120> Убойный
<image UI/Conversation/T_Dialogue_IconBackgroundCircle.tga 400 130 128 120> Долговечный
<image UI/Conversation/T_Dialogue_IconBackgroundCircle.tga 400 130 128 120> Исключительно надёжный","<image UI/Conversation/T_Dialogue_IconBackgroundCircle.tga 400 130 128 120> Accurate
<image UI/Conversation/T_Dialogue_IconBackgroundCircle.tga 400 130 128 120> High damage
<image UI/Conversation/T_Dialogue_IconBackgroundCircle.tga 400 130 128 120> Durable
<image UI/Conversation/T_Dialogue_IconBackgroundCircle.tga 400 130 128 120> Extremely reliable","manual-translation","needs-english-after-memory-cleanup","jazz","846027870607","jazz:InventoryItem/USP45.lua:15 | jazz:items.lua:18037"
"849584895715","""Пионер"" от мира  полуавтоматических пистолетов, кроме собственно распространения полуавтоматических пистолетов, послуживший принятию на вооружение патрона 9мм Люгер/Парабеллум. Para bellum! Всегда Para bellum!
","Один из пионеров среди самозарядных пистолетов: «Люгер» помог распространить и саму схему, и патрон 9 мм Luger/Parabellum. Para bellum! Всегда para bellum!
","A pioneer among semi-automatic pistols, the Luger helped popularize both the design and the 9 mm Luger/Parabellum cartridge. Para bellum! Always para bellum!
","manual-translation","needs-english-after-memory-cleanup","jazz","849584895715","jazz:InventoryItem/Luger.lua:14 | jazz:items.lua:16736"
"850293537191","<image UI/Conversation/T_Dialogue_IconBackgroundCircle.tga 400 130 128 120> Удобный 
<image UI/Conversation/T_Dialogue_IconBackgroundCircle.tga 400 130 128 120> Точный 
<image UI/Conversation/T_Dialogue_IconBackgroundCircle.tga 400 130 128 120> Надежный ","<image UI/Conversation/T_Dialogue_IconBackgroundCircle.tga 400 130 128 120> Удобный
<image UI/Conversation/T_Dialogue_IconBackgroundCircle.tga 400 130 128 120> Точный
<image UI/Conversation/T_Dialogue_IconBackgroundCircle.tga 400 130 128 120> Надёжный","<image UI/Conversation/T_Dialogue_IconBackgroundCircle.tga 400 130 128 120> Good handling
<image UI/Conversation/T_Dialogue_IconBackgroundCircle.tga 400 130 128 120> Accurate
<image UI/Conversation/T_Dialogue_IconBackgroundCircle.tga 400 130 128 120> Reliable","manual-translation","needs-english-after-memory-cleanup","jazz","850293537191","jazz:InventoryItem/MP5A2.lua:16 | jazz:items.lua:21051"
"852333811131","Стандартный уровень сложности. Увеличенное количество стартовых денег на 25%.
<newline><newline><color FlavorStyle>Уровень сложности можно будет изменить в любой момент.</color>","Стандартная сложность. Стартовый капитал увеличен на 25%.
<newline><newline><color FlavorStyle>Сложность можно изменить в любой момент.</color>","Standard difficulty. Starting funds are increased by 25%.
<newline><newline><color FlavorStyle>Difficulty can be changed at any time.</color>","manual-translation","needs-english-after-memory-cleanup","jazz","852333811131","jazz:items.lua:110794"
"857576932041","Верно. Легион приходит в наши города и деревни как хозяева: забирают провизию, запугивают и убивают мирных граждан, опустошают наши шахты. Они превращают труд народа в свою личную добычу. Рафаль лишь один из сотен этих ублюдков. Они как сорняк: вырвешь один - завтра вырастут десять. 
","Именно. Легион приходит в наши города и деревни как хозяин: отбирает провизию, запугивает и убивает мирных жителей, опустошает шахты. Они превращают труд народа в личную добычу. Рафаль — лишь один из сотен этих ублюдков. Они как сорняк: вырвешь один — завтра вырастут десять.
","Exactly. The Legion marches into our towns and villages as if it owns them: taking food, terrorizing and murdering civilians, stripping our mines bare. They turn the people's labor into private spoils. Rafal was only one of hundreds of those bastards. They're weeds: pull one today, and ten grow back tomorrow.
","manual-translation","needs-english-after-memory-cleanup","jazz-maps","857576932041","jazz-maps:items.lua:31027"
"858142642339","<image UI/Conversation/T_Dialogue_IconBackgroundCircle.tga 400 130 128 120> Переавтомат-недопулемет 
<image UI/Conversation/T_Dialogue_IconBackgroundCircle.tga 400 130 128 120> Надежный 
<image UI/Conversation/T_Dialogue_IconBackgroundCircle.tga 400 130 128 120> Недальнобойный","<image UI/Conversation/T_Dialogue_IconBackgroundCircle.tga 400 130 128 120> Нечто среднее между автоматом и ручным пулемётом
<image UI/Conversation/T_Dialogue_IconBackgroundCircle.tga 400 130 128 120> Надёжный
<image UI/Conversation/T_Dialogue_IconBackgroundCircle.tga 400 130 128 120> Недальнобойный","<image UI/Conversation/T_Dialogue_IconBackgroundCircle.tga 400 130 128 120> Half assault rifle, half machine gun
<image UI/Conversation/T_Dialogue_IconBackgroundCircle.tga 400 130 128 120> Reliable
<image UI/Conversation/T_Dialogue_IconBackgroundCircle.tga 400 130 128 120> Short range","manual-translation","needs-english-after-memory-cleanup","jazz","858142642339","jazz:InventoryItem/RPK.lua:16 | jazz:items.lua:28040"
"859037642619","<image UI/Conversation/T_Dialogue_IconBackgroundCircle.tga 400 130 128 120> Удобный 
<image UI/Conversation/T_Dialogue_IconBackgroundCircle.tga 400 130 128 120> Надежный 
<image UI/Conversation/T_Dialogue_IconBackgroundCircle.tga 400 130 128 120> Точный 
<image UI/Conversation/T_Dialogue_IconBackgroundCircle.tga 400 130 128 120> Дальнобойный","<image UI/Conversation/T_Dialogue_IconBackgroundCircle.tga 400 130 128 120> Удобный
<image UI/Conversation/T_Dialogue_IconBackgroundCircle.tga 400 130 128 120> Надёжный
<image UI/Conversation/T_Dialogue_IconBackgroundCircle.tga 400 130 128 120> Точный
<image UI/Conversation/T_Dialogue_IconBackgroundCircle.tga 400 130 128 120> Дальнобойный","<image UI/Conversation/T_Dialogue_IconBackgroundCircle.tga 400 130 128 120> Good handling
<image UI/Conversation/T_Dialogue_IconBackgroundCircle.tga 400 130 128 120> Reliable
<image UI/Conversation/T_Dialogue_IconBackgroundCircle.tga 400 130 128 120> Accurate
<image UI/Conversation/T_Dialogue_IconBackgroundCircle.tga 400 130 128 120> Long range","manual-translation","needs-english-after-memory-cleanup","jazz","859037642619","jazz:InventoryItem/Sig552.lua:16 | jazz:items.lua:22743"
"863940765509","<image UI/Conversation/T_Dialogue_IconBackgroundCircle.tga 400 130 128 120> Топовый
<image UI/Conversation/T_Dialogue_IconBackgroundCircle.tga 400 130 128 120> Бронебойный","<image UI/Conversation/T_Dialogue_IconBackgroundCircle.tga 400 130 128 120> Топовый
<image UI/Conversation/T_Dialogue_IconBackgroundCircle.tga 400 130 128 120> Бронебойный","<image UI/Conversation/T_Dialogue_IconBackgroundCircle.tga 400 130 128 120> Top-tier
<image UI/Conversation/T_Dialogue_IconBackgroundCircle.tga 400 130 128 120> Armor-piercing","manual-translation","needs-english-after-memory-cleanup","jazz","863940765509","jazz:InventoryItem/P90.lua:18 | jazz:items.lua:21546"
"864604464205","<image UI/Conversation/T_Dialogue_IconBackgroundCircle.tga 400 130 128 120> Легкий пулемет 
<image UI/Conversation/T_Dialogue_IconBackgroundCircle.tga 400 130 128 120> Слабая отдача 
<image UI/Conversation/T_Dialogue_IconBackgroundCircle.tga 400 130 128 120> Большой магазин","<image UI/Conversation/T_Dialogue_IconBackgroundCircle.tga 400 130 128 120> Лёгкий пулемёт
<image UI/Conversation/T_Dialogue_IconBackgroundCircle.tga 400 130 128 120> Слабая отдача
<image UI/Conversation/T_Dialogue_IconBackgroundCircle.tga 400 130 128 120> Большой магазин","<image UI/Conversation/T_Dialogue_IconBackgroundCircle.tga 400 130 128 120> Light machine gun
<image UI/Conversation/T_Dialogue_IconBackgroundCircle.tga 400 130 128 120> Low recoil
<image UI/Conversation/T_Dialogue_IconBackgroundCircle.tga 400 130 128 120> Large magazine","manual-translation","needs-english-after-memory-cleanup","jazz","864604464205","jazz:InventoryItem/U100.lua:16 | jazz:items.lua:27935"
"873120430532","<image UI/Conversation/T_Dialogue_IconBackgroundCircle.tga 400 130 128 120> Всегда под рукой!
<image UI/Conversation/T_Dialogue_IconBackgroundCircle.tga 400 130 128 120> Низкая цена атаки
<image UI/Conversation/T_Dialogue_IconBackgroundCircle.tga 400 130 128 120> Увеличенная эффективность прицеливания","<image UI/Conversation/T_Dialogue_IconBackgroundCircle.tga 400 130 128 120> Всегда под рукой!
<image UI/Conversation/T_Dialogue_IconBackgroundCircle.tga 400 130 128 120> Низкая стоимость атаки в ОД
<image UI/Conversation/T_Dialogue_IconBackgroundCircle.tga 400 130 128 120> Увеличенная эффективность прицеливания","<image UI/Conversation/T_Dialogue_IconBackgroundCircle.tga 400 130 128 120> Always at hand!
<image UI/Conversation/T_Dialogue_IconBackgroundCircle.tga 400 130 128 120> Low attack AP cost
<image UI/Conversation/T_Dialogue_IconBackgroundCircle.tga 400 130 128 120> Improved aiming bonus","manual-translation","needs-english-after-memory-cleanup","jazz","873120430532","jazz:InventoryItem/EndlessKnives.lua:13 | jazz:items.lua:56453"
"873632115793","<image UI/Conversation/T_Dialogue_IconBackgroundCircle.tga 400 130 128 120> Может стрелять в движении 
<image UI/Conversation/T_Dialogue_IconBackgroundCircle.tga 400 130 128 120> Можно переделать в автомат 
<image UI/Conversation/T_Dialogue_IconBackgroundCircle.tga 400 130 128 120> Дальнобойный","<image UI/Conversation/T_Dialogue_IconBackgroundCircle.tga 400 130 128 120> Может стрелять в движении
<image UI/Conversation/T_Dialogue_IconBackgroundCircle.tga 400 130 128 120> Можно переделать в автомат
<image UI/Conversation/T_Dialogue_IconBackgroundCircle.tga 400 130 128 120> Дальнобойный","<image UI/Conversation/T_Dialogue_IconBackgroundCircle.tga 400 130 128 120> Can fire while moving
<image UI/Conversation/T_Dialogue_IconBackgroundCircle.tga 400 130 128 120> Can be converted to full-auto
<image UI/Conversation/T_Dialogue_IconBackgroundCircle.tga 400 130 128 120> Long range","manual-translation","needs-english-after-memory-cleanup","jazz","873632115793","jazz:InventoryItem/Mini14.lua:16 | jazz:items.lua:22008"
"874658345000","<image UI/Conversation/T_Dialogue_IconBackgroundCircle.tga 400 130 128 120> Карабин под семерку 
<image UI/Conversation/T_Dialogue_IconBackgroundCircle.tga 400 130 128 120> Надежный 
<image UI/Conversation/T_Dialogue_IconBackgroundCircle.tga 400 130 128 120> Быстро стреляет","<image UI/Conversation/T_Dialogue_IconBackgroundCircle.tga 400 130 128 120> Карабин под 7,62 мм
<image UI/Conversation/T_Dialogue_IconBackgroundCircle.tga 400 130 128 120> Надёжный
<image UI/Conversation/T_Dialogue_IconBackgroundCircle.tga 400 130 128 120> Высокая скорострельность","<image UI/Conversation/T_Dialogue_IconBackgroundCircle.tga 400 130 128 120> 7.62 mm carbine
<image UI/Conversation/T_Dialogue_IconBackgroundCircle.tga 400 130 128 120> Reliable
<image UI/Conversation/T_Dialogue_IconBackgroundCircle.tga 400 130 128 120> High rate of fire","manual-translation","needs-english-after-memory-cleanup","jazz","874658345000","jazz:InventoryItem/SKS.lua:18 | jazz:items.lua:24981"
"883949335549","Стрельба длинной очередью из <color EmStyle><bullets> патронов</color>.
Первые два выстрела без отдачи. Дальше точность снижается под влиянием отдачи","Выпускает длинную очередь из <color EmStyle><bullets> патронов</color>.
Первые два выстрела не дают отдачи. Затем точность падает по мере её накопления.","Fires a long burst of <color EmStyle><bullets> rounds</color>.
The first two shots have no recoil. Accuracy then falls as recoil builds.","manual-translation","needs-english-after-memory-cleanup","jazz","883949335549","jazz:items.lua:65069"
"884046560996","<image UI/Conversation/T_Dialogue_IconBackgroundCircle.tga 400 130 128 120> Средней точности 
<image UI/Conversation/T_Dialogue_IconBackgroundCircle.tga 400 130 128 120> Среднего удобства 
<image UI/Conversation/T_Dialogue_IconBackgroundCircle.tga 400 130 128 120> Средней надежности
<image UI/Conversation/T_Dialogue_IconBackgroundCircle.tga 400 130 128 120>  Арка с прицелом","<image UI/Conversation/T_Dialogue_IconBackgroundCircle.tga 400 130 128 120> Средняя точность
<image UI/Conversation/T_Dialogue_IconBackgroundCircle.tga 400 130 128 120> Среднее удобство
<image UI/Conversation/T_Dialogue_IconBackgroundCircle.tga 400 130 128 120> Средняя надёжность
<image UI/Conversation/T_Dialogue_IconBackgroundCircle.tga 400 130 128 120> AR с оптическим прицелом","<image UI/Conversation/T_Dialogue_IconBackgroundCircle.tga 400 130 128 120> Average accuracy
<image UI/Conversation/T_Dialogue_IconBackgroundCircle.tga 400 130 128 120> Average handling
<image UI/Conversation/T_Dialogue_IconBackgroundCircle.tga 400 130 128 120> Average reliability
<image UI/Conversation/T_Dialogue_IconBackgroundCircle.tga 400 130 128 120> An AR with a scope","manual-translation","needs-english-after-memory-cleanup","jazz","884046560996","jazz:InventoryItem/AR10DMR.lua:16 | jazz:items.lua:26875"
"887308010165","<image UI/Conversation/T_Dialogue_IconBackgroundCircle.tga 400 130 128 120> Больше не одноручный (по просьбе Ливси)
<image UI/Conversation/T_Dialogue_IconBackgroundCircle.tga 400 130 128 120> Без приклада
<image UI/Conversation/T_Dialogue_IconBackgroundCircle.tga 400 130 128 120> Скорострельный","<image UI/Conversation/T_Dialogue_IconBackgroundCircle.tga 400 130 128 120> Больше не одноручный (по просьбе Ливси)
<image UI/Conversation/T_Dialogue_IconBackgroundCircle.tga 400 130 128 120> Без приклада
<image UI/Conversation/T_Dialogue_IconBackgroundCircle.tga 400 130 128 120> Скорострельный","<image UI/Conversation/T_Dialogue_IconBackgroundCircle.tga 400 130 128 120> No longer one-handed (by Livesey's request)
<image UI/Conversation/T_Dialogue_IconBackgroundCircle.tga 400 130 128 120> No stock
<image UI/Conversation/T_Dialogue_IconBackgroundCircle.tga 400 130 128 120> High rate of fire","manual-translation","needs-english-after-memory-cleanup","jazz","887308010165","jazz:InventoryItem/TMP.lua:17 | jazz:items.lua:21140"
"895419226911","<image UI/Conversation/T_Dialogue_IconBackgroundCircle.tga 400 130 128 120> Вскрывает замки на дверях и контейнерах (в зависимости от силы)
<image UI/Conversation/T_Dialogue_IconBackgroundCircle.tga 400 130 128 120> Может повредить содержимое контейнера
<image UI/Conversation/T_Dialogue_IconBackgroundCircle.tga 400 130 128 120> Изнашивается при каждом употреблении
<image UI/Conversation/T_Dialogue_IconBackgroundCircle.tga 400 130 128 120> Не поддается ремонту
<image UI/Conversation/T_Dialogue_IconBackgroundCircle.tga 400 130 128 120> Используется автоматически, просто находясь в инвентаре","<image UI/Conversation/T_Dialogue_IconBackgroundCircle.tga 400 130 128 120> Взламывает двери и контейнеры (зависит от Силы)
<image UI/Conversation/T_Dialogue_IconBackgroundCircle.tga 400 130 128 120> Может повредить содержимое контейнера
<image UI/Conversation/T_Dialogue_IconBackgroundCircle.tga 400 130 128 120> Изнашивается при каждом использовании
<image UI/Conversation/T_Dialogue_IconBackgroundCircle.tga 400 130 128 120> Не поддаётся ремонту
<image UI/Conversation/T_Dialogue_IconBackgroundCircle.tga 400 130 128 120> Используется автоматически, пока лежит в инвентаре","<image UI/Conversation/T_Dialogue_IconBackgroundCircle.tga 400 130 128 120> Forces locks on doors and containers (based on Strength)
<image UI/Conversation/T_Dialogue_IconBackgroundCircle.tga 400 130 128 120> May damage the container's contents
<image UI/Conversation/T_Dialogue_IconBackgroundCircle.tga 400 130 128 120> Loses Condition with every use
<image UI/Conversation/T_Dialogue_IconBackgroundCircle.tga 400 130 128 120> Cannot be repaired
<image UI/Conversation/T_Dialogue_IconBackgroundCircle.tga 400 130 128 120> Used automatically while in inventory","manual-translation","needs-english-after-memory-cleanup","jazz","895419226911","jazz:InventoryItem/Crowbar.lua:13 | jazz:items.lua:56791"
"895635386126","<image UI/Conversation/T_Dialogue_IconBackgroundCircle.tga 400 130 128 120> Запах напалма по утрам. 
<image UI/Conversation/T_Dialogue_IconBackgroundCircle.tga 400 130 128 120> Сильная отдача","<image UI/Conversation/T_Dialogue_IconBackgroundCircle.tga 400 130 128 120> Запах напалма по утрам.
<image UI/Conversation/T_Dialogue_IconBackgroundCircle.tga 400 130 128 120> Сильная отдача","<image UI/Conversation/T_Dialogue_IconBackgroundCircle.tga 400 130 128 120> Nothing like napalm in the morning
<image UI/Conversation/T_Dialogue_IconBackgroundCircle.tga 400 130 128 120> Heavy recoil","manual-translation","needs-english-after-memory-cleanup","jazz","895635386126","jazz:InventoryItem/M14SAW.lua:16 | jazz:items.lua:25507"
"895810063260","<image UI/Conversation/T_Dialogue_IconBackgroundCircle.tga 400 130 128 120> Обеспечивает уверенное поражение целей обладающих 3-м классом брони
<image UI/Conversation/T_Dialogue_IconBackgroundCircle.tga 400 130 128 120> Высокий шанс критического попадания
<image UI/Conversation/T_Dialogue_IconBackgroundCircle.tga 400 130 128 120> Повышенный урон
<image UI/Conversation/T_Dialogue_IconBackgroundCircle.tga 400 130 128 120> Увеличенная эффективность прицеливания","<image UI/Conversation/T_Dialogue_IconBackgroundCircle.tga 400 130 128 120> Надёжно пробивает броню 3-го класса
<image UI/Conversation/T_Dialogue_IconBackgroundCircle.tga 400 130 128 120> Высокий шанс критического попадания
<image UI/Conversation/T_Dialogue_IconBackgroundCircle.tga 400 130 128 120> Повышенный урон
<image UI/Conversation/T_Dialogue_IconBackgroundCircle.tga 400 130 128 120> Увеличенная эффективность прицеливания","<image UI/Conversation/T_Dialogue_IconBackgroundCircle.tga 400 130 128 120> Reliably penetrates Armor Class 3
<image UI/Conversation/T_Dialogue_IconBackgroundCircle.tga 400 130 128 120> High critical-hit chance
<image UI/Conversation/T_Dialogue_IconBackgroundCircle.tga 400 130 128 120> Increased damage
<image UI/Conversation/T_Dialogue_IconBackgroundCircle.tga 400 130 128 120> Improved aiming bonus","manual-translation","needs-english-after-memory-cleanup","jazz","895810063260","jazz:InventoryItem/_556_HP.lua:14 | jazz:items.lua:9232"
"899701284012","<image UI/Conversation/T_Dialogue_IconBackgroundCircle.tga 400 130 128 120> Убойный 
<image UI/Conversation/T_Dialogue_IconBackgroundCircle.tga 400 130 128 120> Точный 
<image UI/Conversation/T_Dialogue_IconBackgroundCircle.tga 400 130 128 120> Стреляет очередями 
<image UI/Conversation/T_Dialogue_IconBackgroundCircle.tga 400 130 128 120> сильная отдача","<image UI/Conversation/T_Dialogue_IconBackgroundCircle.tga 400 130 128 120> Убойный
<image UI/Conversation/T_Dialogue_IconBackgroundCircle.tga 400 130 128 120> Точный
<image UI/Conversation/T_Dialogue_IconBackgroundCircle.tga 400 130 128 120> Стреляет очередями
<image UI/Conversation/T_Dialogue_IconBackgroundCircle.tga 400 130 128 120> Сильная отдача","<image UI/Conversation/T_Dialogue_IconBackgroundCircle.tga 400 130 128 120> High damage
<image UI/Conversation/T_Dialogue_IconBackgroundCircle.tga 400 130 128 120> Accurate
<image UI/Conversation/T_Dialogue_IconBackgroundCircle.tga 400 130 128 120> Burst-fire capable
<image UI/Conversation/T_Dialogue_IconBackgroundCircle.tga 400 130 128 120> Heavy recoil","manual-translation","needs-english-after-memory-cleanup","jazz","899701284012","jazz:InventoryItem/SVU.lua:16 | jazz:items.lua:27307"
"903095626259","<image UI/Conversation/T_Dialogue_IconBackgroundCircle.tga 400 130 128 120> Вскрывает замки на дверях и контейнерах (зависит от навыка механики)
<image UI/Conversation/T_Dialogue_IconBackgroundCircle.tga 400 130 128 120> Дает бонус к проверке навыка при вскрытии замков
<image UI/Conversation/T_Dialogue_IconBackgroundCircle.tga 400 130 128 120> Изнашивается при каждом употреблении
<image UI/Conversation/T_Dialogue_IconBackgroundCircle.tga 400 130 128 120> Поддается ремонту
<image UI/Conversation/T_Dialogue_IconBackgroundCircle.tga 400 130 128 120> Используется автоматически, просто находясь в инвентаре","<image UI/Conversation/T_Dialogue_IconBackgroundCircle.tga 400 130 128 120> Вскрывает замки на дверях и контейнерах (зависит от Механики)
<image UI/Conversation/T_Dialogue_IconBackgroundCircle.tga 400 130 128 120> Даёт бонус к проверке при вскрытии замка
<image UI/Conversation/T_Dialogue_IconBackgroundCircle.tga 400 130 128 120> Изнашивается при каждом использовании
<image UI/Conversation/T_Dialogue_IconBackgroundCircle.tga 400 130 128 120> Поддаётся ремонту
<image UI/Conversation/T_Dialogue_IconBackgroundCircle.tga 400 130 128 120> Используется автоматически, пока лежит в инвентаре","<image UI/Conversation/T_Dialogue_IconBackgroundCircle.tga 400 130 128 120> Picks locks on doors and containers (based on Mechanical)
<image UI/Conversation/T_Dialogue_IconBackgroundCircle.tga 400 130 128 120> Grants a bonus to lockpicking checks
<image UI/Conversation/T_Dialogue_IconBackgroundCircle.tga 400 130 128 120> Loses Condition with every use
<image UI/Conversation/T_Dialogue_IconBackgroundCircle.tga 400 130 128 120> Can be repaired
<image UI/Conversation/T_Dialogue_IconBackgroundCircle.tga 400 130 128 120> Used automatically while in inventory","manual-translation","needs-english-after-memory-cleanup","jazz","903095626259","jazz:InventoryItem/Personal_Vicki_CustomTools.lua:12 | jazz:items.lua:56887"
"903563519505","<image UI/Conversation/T_Dialogue_IconBackgroundCircle.tga 400 130 128 120> Низкая убойность 
<image UI/Conversation/T_Dialogue_IconBackgroundCircle.tga 400 130 128 120> Быстро стреляет 
<image UI/Conversation/T_Dialogue_IconBackgroundCircle.tga 400 130 128 120> Ненадежный","<image UI/Conversation/T_Dialogue_IconBackgroundCircle.tga 400 130 128 120> Низкая убойность
<image UI/Conversation/T_Dialogue_IconBackgroundCircle.tga 400 130 128 120> Высокая скорострельность
<image UI/Conversation/T_Dialogue_IconBackgroundCircle.tga 400 130 128 120> Ненадёжный","<image UI/Conversation/T_Dialogue_IconBackgroundCircle.tga 400 130 128 120> Low damage
<image UI/Conversation/T_Dialogue_IconBackgroundCircle.tga 400 130 128 120> High rate of fire
<image UI/Conversation/T_Dialogue_IconBackgroundCircle.tga 400 130 128 120> Unreliable","manual-translation","needs-english-after-memory-cleanup","jazz","903563519505","jazz:InventoryItem/CAR15.lua:16 | jazz:items.lua:22196"
"910763517564","<image UI/Conversation/T_Dialogue_IconBackgroundCircle.tga 400 130 128 120> Дает доп. разведданные при взломе
<image UI/Conversation/T_Dialogue_IconBackgroundCircle.tga 400 130 128 120> На нем очень милые наклеечки","<image UI/Conversation/T_Dialogue_IconBackgroundCircle.tga 400 130 128 120> Даёт дополнительные разведданные при взломе
<image UI/Conversation/T_Dialogue_IconBackgroundCircle.tga 400 130 128 120> На нем очень милые наклеечки","<image UI/Conversation/T_Dialogue_IconBackgroundCircle.tga 400 130 128 120> Provides extra Intel when hacking
<image UI/Conversation/T_Dialogue_IconBackgroundCircle.tga 400 130 128 120> Covered in adorable stickers","manual-translation","needs-english-after-memory-cleanup","jazz","910763517564","jazz:InventoryItem/CustomPDA.lua:13 | jazz:items.lua:56839"
"916092268607","<image UI/Conversation/T_Dialogue_IconBackgroundCircle.tga 400 130 128 120> Револьвер
<image UI/Conversation/T_Dialogue_IconBackgroundCircle.tga 400 130 128 120>  Самый быстрый на всем Диком Западе","<image UI/Conversation/T_Dialogue_IconBackgroundCircle.tga 400 130 128 120> Револьвер
<image UI/Conversation/T_Dialogue_IconBackgroundCircle.tga 400 130 128 120> Самый быстрый на всем Диком Западе","<image UI/Conversation/T_Dialogue_IconBackgroundCircle.tga 400 130 128 120> Revolver
<image UI/Conversation/T_Dialogue_IconBackgroundCircle.tga 400 130 128 120> The fastest gun in the Wild West","manual-translation","needs-english-after-memory-cleanup","jazz","916092268607","jazz:InventoryItem/vanillunique/TexRevolver.lua:15 | jazz:items.lua:19842"
"916714653024","<image UI/Conversation/T_Dialogue_IconBackgroundCircle.tga 400 130 128 120> Средней точности 
<image UI/Conversation/T_Dialogue_IconBackgroundCircle.tga 400 130 128 120> Среднего удобства 
<image UI/Conversation/T_Dialogue_IconBackgroundCircle.tga 400 130 128 120> Средней надежности 
<image UI/Conversation/T_Dialogue_IconBackgroundCircle.tga 400 130 128 120> Слабая отдача для .308","<image UI/Conversation/T_Dialogue_IconBackgroundCircle.tga 400 130 128 120> Средняя точность
<image UI/Conversation/T_Dialogue_IconBackgroundCircle.tga 400 130 128 120> Среднее удобство
<image UI/Conversation/T_Dialogue_IconBackgroundCircle.tga 400 130 128 120> Средняя надёжность
<image UI/Conversation/T_Dialogue_IconBackgroundCircle.tga 400 130 128 120> Слабая отдача для .308","<image UI/Conversation/T_Dialogue_IconBackgroundCircle.tga 400 130 128 120> Average accuracy
<image UI/Conversation/T_Dialogue_IconBackgroundCircle.tga 400 130 128 120> Average handling
<image UI/Conversation/T_Dialogue_IconBackgroundCircle.tga 400 130 128 120> Average reliability
<image UI/Conversation/T_Dialogue_IconBackgroundCircle.tga 400 130 128 120> Low recoil for a .308","manual-translation","needs-english-after-memory-cleanup","jazz","916714653024","jazz:InventoryItem/AR10.lua:16 | jazz:items.lua:25425"
"924238872935","<image UI/Conversation/T_Dialogue_IconBackgroundCircle.tga 400 130 128 120> Точный
<image UI/Conversation/T_Dialogue_IconBackgroundCircle.tga 400 130 128 120> Надежный 
<image UI/Conversation/T_Dialogue_IconBackgroundCircle.tga 400 130 128 120> Сладкий бобалех","<image UI/Conversation/T_Dialogue_IconBackgroundCircle.tga 400 130 128 120> Точный
<image UI/Conversation/T_Dialogue_IconBackgroundCircle.tga 400 130 128 120> Надёжный
<image UI/Conversation/T_Dialogue_IconBackgroundCircle.tga 400 130 128 120> Славная малышка","<image UI/Conversation/T_Dialogue_IconBackgroundCircle.tga 400 130 128 120> Accurate
<image UI/Conversation/T_Dialogue_IconBackgroundCircle.tga 400 130 128 120> Reliable
<image UI/Conversation/T_Dialogue_IconBackgroundCircle.tga 400 130 128 120> Sweet little thing","manual-translation","needs-english-after-memory-cleanup","jazz","924238872935","jazz:InventoryItem/UZI.lua:16 | jazz:items.lua:20599"
"934305731778","<image UI/Conversation/T_Dialogue_IconBackgroundCircle.tga 400 130 128 120> Револьвер 
<image UI/Conversation/T_Dialogue_IconBackgroundCircle.tga 400 130 128 120> Сорок четвертый 
<image UI/Conversation/T_Dialogue_IconBackgroundCircle.tga 400 130 128 120> Кольт 
<image UI/Conversation/T_Dialogue_IconBackgroundCircle.tga 400 130 128 120> неудобный","<image UI/Conversation/T_Dialogue_IconBackgroundCircle.tga 400 130 128 120> Револьвер
<image UI/Conversation/T_Dialogue_IconBackgroundCircle.tga 400 130 128 120> Калибр .44
<image UI/Conversation/T_Dialogue_IconBackgroundCircle.tga 400 130 128 120> Кольт
<image UI/Conversation/T_Dialogue_IconBackgroundCircle.tga 400 130 128 120> Неудобный","<image UI/Conversation/T_Dialogue_IconBackgroundCircle.tga 400 130 128 120> Revolver
<image UI/Conversation/T_Dialogue_IconBackgroundCircle.tga 400 130 128 120> .44 caliber
<image UI/Conversation/T_Dialogue_IconBackgroundCircle.tga 400 130 128 120> Colt
<image UI/Conversation/T_Dialogue_IconBackgroundCircle.tga 400 130 128 120> Poor handling","manual-translation","needs-english-after-memory-cleanup","jazz","934305731778","jazz:InventoryItem/ColtAnaconda.lua:16 | jazz:items.lua:19628"
"941135261525","<image UI/Conversation/T_Dialogue_IconBackgroundCircle.tga 400 130 128 120> Пораженные цели получают статус «<color EmStyle>Вне укрытия</color>» и лишаются его преимуществ
<image UI/Conversation/T_Dialogue_IconBackgroundCircle.tga 400 130 128 120> Обеспечивает уверенное поражение целей обладающих 3-м классом брони","<image UI/Conversation/T_Dialogue_IconBackgroundCircle.tga 400 130 128 120> Поражённые цели получают статус «<color EmStyle>Вне укрытия</color>» и теряют преимущества укрытия
<image UI/Conversation/T_Dialogue_IconBackgroundCircle.tga 400 130 128 120> Надёжно пробивает броню 3-го класса","<image UI/Conversation/T_Dialogue_IconBackgroundCircle.tga 400 130 128 120> Hit targets become <color EmStyle>Exposed</color> and lose the benefits of cover
<image UI/Conversation/T_Dialogue_IconBackgroundCircle.tga 400 130 128 120> Reliably penetrates Armor Class 3","manual-translation","needs-english-after-memory-cleanup","jazz","941135261525","jazz:InventoryItem/_762NATO_Tracer.lua:14 | jazz:items.lua:9736"
"944051778480","<image UI/Conversation/T_Dialogue_IconBackgroundCircle.tga 400 130 128 120> В центре взрыва накладывает «Горение» и «Вне укрытия»
<image UI/Conversation/T_Dialogue_IconBackgroundCircle.tga 400 130 128 120> В радиусе взрыва накладывает «Вне укрытия»","<image UI/Conversation/T_Dialogue_IconBackgroundCircle.tga 400 130 128 120> В центре взрыва накладывает «Горение» и «Вне укрытия»
<image UI/Conversation/T_Dialogue_IconBackgroundCircle.tga 400 130 128 120> В радиусе взрыва накладывает «Вне укрытия»","<image UI/Conversation/T_Dialogue_IconBackgroundCircle.tga 400 130 128 120> Inflicts Burning and Exposed at the center of the blast
<image UI/Conversation/T_Dialogue_IconBackgroundCircle.tga 400 130 128 120> Inflicts Exposed within the blast radius","manual-translation","needs-english-after-memory-cleanup","jazz","944051778480","jazz:InventoryItem/Warhead_Frag.lua:12 | jazz:items.lua:8774"
"952277134603","<image UI/Conversation/T_Dialogue_IconBackgroundCircle.tga 400 130 128 120> Используется через меню предмета
<image UI/Conversation/T_Dialogue_IconBackgroundCircle.tga 400 130 128 120> Одноразовый предмет
<image UI/Conversation/T_Dialogue_IconBackgroundCircle.tga 400 130 128 120> Укрепляет силу воли
<image UI/Conversation/T_Dialogue_IconBackgroundCircle.tga 400 130 128 120> Непредсказуемые побочные эффекты
<image UI/Conversation/T_Dialogue_IconBackgroundCircle.tga 400 130 128 120> Без ГМО","<image UI/Conversation/T_Dialogue_IconBackgroundCircle.tga 400 130 128 120> Используется через меню предмета
<image UI/Conversation/T_Dialogue_IconBackgroundCircle.tga 400 130 128 120> Расходуется после использования
<image UI/Conversation/T_Dialogue_IconBackgroundCircle.tga 400 130 128 120> Укрепляет силу воли
<image UI/Conversation/T_Dialogue_IconBackgroundCircle.tga 400 130 128 120> Непредсказуемые побочные эффекты
<image UI/Conversation/T_Dialogue_IconBackgroundCircle.tga 400 130 128 120> Без ГМО","<image UI/Conversation/T_Dialogue_IconBackgroundCircle.tga 400 130 128 120> Used from the item menu
<image UI/Conversation/T_Dialogue_IconBackgroundCircle.tga 400 130 128 120> Single-use item
<image UI/Conversation/T_Dialogue_IconBackgroundCircle.tga 400 130 128 120> Boosts morale
<image UI/Conversation/T_Dialogue_IconBackgroundCircle.tga 400 130 128 120> Unpredictable side effects
<image UI/Conversation/T_Dialogue_IconBackgroundCircle.tga 400 130 128 120> GMO-free","manual-translation","needs-english-after-memory-cleanup","jazz","952277134603","jazz:InventoryItem/HerbalMedicine.lua:11 | jazz:items.lua:56920"
"952937600404","<image UI/Conversation/T_Dialogue_IconBackgroundCircle.tga 400 130 128 120> Используется через меню предмета
<image UI/Conversation/T_Dialogue_IconBackgroundCircle.tga 400 130 128 120> Одноразовый предмет
<image UI/Conversation/T_Dialogue_IconBackgroundCircle.tga 400 130 128 120> Дает доп. ОД до конца след. хода
<image UI/Conversation/T_Dialogue_IconBackgroundCircle.tga 400 130 128 120> Снижает запас энергии после окончания действия эффекта","<image UI/Conversation/T_Dialogue_IconBackgroundCircle.tga 400 130 128 120> Используется через меню предмета
<image UI/Conversation/T_Dialogue_IconBackgroundCircle.tga 400 130 128 120> Расходуется после использования
<image UI/Conversation/T_Dialogue_IconBackgroundCircle.tga 400 130 128 120> Даёт дополнительные ОД до конца следующего хода
<image UI/Conversation/T_Dialogue_IconBackgroundCircle.tga 400 130 128 120> Снижает запас энергии после окончания действия эффекта","<image UI/Conversation/T_Dialogue_IconBackgroundCircle.tga 400 130 128 120> Used from the item menu
<image UI/Conversation/T_Dialogue_IconBackgroundCircle.tga 400 130 128 120> Single-use item
<image UI/Conversation/T_Dialogue_IconBackgroundCircle.tga 400 130 128 120> Grants extra AP until the end of the next turn
<image UI/Conversation/T_Dialogue_IconBackgroundCircle.tga 400 130 128 120> Drains Energy when the effect ends","manual-translation","needs-english-after-memory-cleanup","jazz","952937600404","jazz:InventoryItem/CombatStim.lua:12 | jazz:items.lua:56596"
"957180678257","<image UI/Conversation/T_Dialogue_IconBackgroundCircle.tga 400 130 128 120> Убойный 
<image UI/Conversation/T_Dialogue_IconBackgroundCircle.tga 400 130 128 120> Дальнобойный","<image UI/Conversation/T_Dialogue_IconBackgroundCircle.tga 400 130 128 120> Убойный
<image UI/Conversation/T_Dialogue_IconBackgroundCircle.tga 400 130 128 120> Дальнобойный","<image UI/Conversation/T_Dialogue_IconBackgroundCircle.tga 400 130 128 120> High damage
<image UI/Conversation/T_Dialogue_IconBackgroundCircle.tga 400 130 128 120> Long range","manual-translation","needs-english-after-memory-cleanup","jazz","957180678257","jazz:InventoryItem/ZastavaM76.lua:16 | jazz:items.lua:26325"
"957689538876","<image UI/Conversation/T_Dialogue_IconBackgroundCircle.tga 400 130 128 120> Дробовик 
<image UI/Conversation/T_Dialogue_IconBackgroundCircle.tga 400 130 128 120> Быстро стреляет Б
<image UI/Conversation/T_Dialogue_IconBackgroundCircle.tga 400 130 128 120> ольшой магазин 
<image UI/Conversation/T_Dialogue_IconBackgroundCircle.tga 400 130 128 120> Надежный","<image UI/Conversation/T_Dialogue_IconBackgroundCircle.tga 400 130 128 120> Дробовик
<image UI/Conversation/T_Dialogue_IconBackgroundCircle.tga 400 130 128 120> Высокая скорострельность
<image UI/Conversation/T_Dialogue_IconBackgroundCircle.tga 400 130 128 120> ольшой магазин
<image UI/Conversation/T_Dialogue_IconBackgroundCircle.tga 400 130 128 120> Надёжный","<image UI/Conversation/T_Dialogue_IconBackgroundCircle.tga 400 130 128 120> Shotgun
<image UI/Conversation/T_Dialogue_IconBackgroundCircle.tga 400 130 128 120> High rate of fire
<image UI/Conversation/T_Dialogue_IconBackgroundCircle.tga 400 130 128 120> Large magazine
<image UI/Conversation/T_Dialogue_IconBackgroundCircle.tga 400 130 128 120> Reliable","manual-translation","needs-english-after-memory-cleanup","jazz","957689538876","jazz:InventoryItem/Striker.lua:16 | jazz:items.lua:29989"
"967388007174","<image UI/Conversation/T_Dialogue_IconBackgroundCircle.tga 400 130 128 120> Точный 
<image UI/Conversation/T_Dialogue_IconBackgroundCircle.tga 400 130 128 120> Дальнобойный 
<image UI/Conversation/T_Dialogue_IconBackgroundCircle.tga 400 130 128 120> Отсечка по три","<image UI/Conversation/T_Dialogue_IconBackgroundCircle.tga 400 130 128 120> Точный
<image UI/Conversation/T_Dialogue_IconBackgroundCircle.tga 400 130 128 120> Дальнобойный
<image UI/Conversation/T_Dialogue_IconBackgroundCircle.tga 400 130 128 120> Отсечка по три","<image UI/Conversation/T_Dialogue_IconBackgroundCircle.tga 400 130 128 120> Accurate
<image UI/Conversation/T_Dialogue_IconBackgroundCircle.tga 400 130 128 120> Long range
<image UI/Conversation/T_Dialogue_IconBackgroundCircle.tga 400 130 128 120> Three-round burst","manual-translation","needs-english-after-memory-cleanup","jazz","967388007174","jazz:InventoryItem/M16A2.lua:16 | jazz:items.lua:23573"
"970224447052","<image UI/Conversation/T_Dialogue_IconBackgroundCircle.tga 400 130 128 120> Используется через меню предмета
<image UI/Conversation/T_Dialogue_IconBackgroundCircle.tga 400 130 128 120> Одноразовый предмет
<image UI/Conversation/T_Dialogue_IconBackgroundCircle.tga 400 130 128 120> Повышает силу","<image UI/Conversation/T_Dialogue_IconBackgroundCircle.tga 400 130 128 120> Используется через меню предмета
<image UI/Conversation/T_Dialogue_IconBackgroundCircle.tga 400 130 128 120> Расходуется после использования
<image UI/Conversation/T_Dialogue_IconBackgroundCircle.tga 400 130 128 120> Повышает силу","<image UI/Conversation/T_Dialogue_IconBackgroundCircle.tga 400 130 128 120> Used from the item menu
<image UI/Conversation/T_Dialogue_IconBackgroundCircle.tga 400 130 128 120> Single-use item
<image UI/Conversation/T_Dialogue_IconBackgroundCircle.tga 400 130 128 120> Increases Strength","manual-translation","needs-english-after-memory-cleanup","jazz","970224447052","jazz:InventoryItem/SkillMag_Strength.lua:13 | jazz:items.lua:57365"
"972121373391","<image UI/Conversation/T_Dialogue_IconBackgroundCircle.tga 400 130 128 120> В идеальном вакууме стреляет смертоносными сгустками плазмы. Во всех остальных случаях работает как фомка
<image UI/Conversation/T_Dialogue_IconBackgroundCircle.tga 400 130 128 120> Вскрывает замки на дверях и контейнерах (в зависимости от силы)
<image UI/Conversation/T_Dialogue_IconBackgroundCircle.tga 400 130 128 120> Дает бонус к проверке навыка при взломе замков
<image UI/Conversation/T_Dialogue_IconBackgroundCircle.tga 400 130 128 120> Может повредить содержимое контейнера
<image UI/Conversation/T_Dialogue_IconBackgroundCircle.tga 400 130 128 120> Изнашивается при каждом употреблении
<image UI/Conversation/T_Dialogue_IconBackgroundCircle.tga 400 130 128 120> Поддается ремонту
<image UI/Conversation/T_Dialogue_IconBackgroundCircle.tga 400 130 128 120> Используется автоматически, просто находясь в инвентаре","<image UI/Conversation/T_Dialogue_IconBackgroundCircle.tga 400 130 128 120> В идеальном вакууме стреляет смертоносными сгустками плазмы. Во всех остальных случаях работает как фомка
<image UI/Conversation/T_Dialogue_IconBackgroundCircle.tga 400 130 128 120> Взламывает двери и контейнеры (зависит от Силы)
<image UI/Conversation/T_Dialogue_IconBackgroundCircle.tga 400 130 128 120> Даёт бонус к проверке при взломе замка
<image UI/Conversation/T_Dialogue_IconBackgroundCircle.tga 400 130 128 120> Может повредить содержимое контейнера
<image UI/Conversation/T_Dialogue_IconBackgroundCircle.tga 400 130 128 120> Изнашивается при каждом использовании
<image UI/Conversation/T_Dialogue_IconBackgroundCircle.tga 400 130 128 120> Поддаётся ремонту
<image UI/Conversation/T_Dialogue_IconBackgroundCircle.tga 400 130 128 120> Используется автоматически, пока лежит в инвентаре","<image UI/Conversation/T_Dialogue_IconBackgroundCircle.tga 400 130 128 120> Fires lethal plasma bolts in a perfect vacuum. Everywhere else, it works as a crowbar
<image UI/Conversation/T_Dialogue_IconBackgroundCircle.tga 400 130 128 120> Forces locks on doors and containers (based on Strength)
<image UI/Conversation/T_Dialogue_IconBackgroundCircle.tga 400 130 128 120> Grants a bonus to the skill check when forcing locks
<image UI/Conversation/T_Dialogue_IconBackgroundCircle.tga 400 130 128 120> May damage the container's contents
<image UI/Conversation/T_Dialogue_IconBackgroundCircle.tga 400 130 128 120> Loses Condition with every use
<image UI/Conversation/T_Dialogue_IconBackgroundCircle.tga 400 130 128 120> Can be repaired
<image UI/Conversation/T_Dialogue_IconBackgroundCircle.tga 400 130 128 120> Used automatically while in inventory","manual-translation","needs-english-after-memory-cleanup","jazz","972121373391","jazz:InventoryItem/PlasmaGun_Crowbar.lua:13 | jazz:items.lua:56777"
"974784958890","<image UI/Conversation/T_Dialogue_IconBackgroundCircle.tga 400 130 128 120> Удобный
<image UI/Conversation/T_Dialogue_IconBackgroundCircle.tga 400 130 128 120> Спортивный
<image UI/Conversation/T_Dialogue_IconBackgroundCircle.tga 400 130 128 120> Тонированный ","<image UI/Conversation/T_Dialogue_IconBackgroundCircle.tga 400 130 128 120> Удобный
<image UI/Conversation/T_Dialogue_IconBackgroundCircle.tga 400 130 128 120> Спортивный
<image UI/Conversation/T_Dialogue_IconBackgroundCircle.tga 400 130 128 120> Чёрное покрытие","<image UI/Conversation/T_Dialogue_IconBackgroundCircle.tga 400 130 128 120> Good handling
<image UI/Conversation/T_Dialogue_IconBackgroundCircle.tga 400 130 128 120> Competition model
<image UI/Conversation/T_Dialogue_IconBackgroundCircle.tga 400 130 128 120> Black finish","manual-translation","needs-english-after-memory-cleanup","jazz","974784958890","jazz:InventoryItem/MP446VIKING.lua:15 | jazz:items.lua:17591"
"981774563552","<image UI/Conversation/T_Dialogue_IconBackgroundCircle.tga 400 130 128 120> Используется через меню предмета
<image UI/Conversation/T_Dialogue_IconBackgroundCircle.tga 400 130 128 120> Одноразовый предмет
<image UI/Conversation/T_Dialogue_IconBackgroundCircle.tga 400 130 128 120> Повышает навык «Взрывчатка»","<image UI/Conversation/T_Dialogue_IconBackgroundCircle.tga 400 130 128 120> Используется через меню предмета
<image UI/Conversation/T_Dialogue_IconBackgroundCircle.tga 400 130 128 120> Расходуется после использования
<image UI/Conversation/T_Dialogue_IconBackgroundCircle.tga 400 130 128 120> Повышает навык «Взрывчатка»","<image UI/Conversation/T_Dialogue_IconBackgroundCircle.tga 400 130 128 120> Used from the item menu
<image UI/Conversation/T_Dialogue_IconBackgroundCircle.tga 400 130 128 120> Single-use item
<image UI/Conversation/T_Dialogue_IconBackgroundCircle.tga 400 130 128 120> Increases Explosives","manual-translation","needs-english-after-memory-cleanup","jazz","981774563552","jazz:InventoryItem/SkillMag_Explosives.lua:13 | jazz:items.lua:57204"
"982879482211","<image UI/Conversation/T_Dialogue_IconBackgroundCircle.tga 400 130 128 120> Единый пулемет 
<image UI/Conversation/T_Dialogue_IconBackgroundCircle.tga 400 130 128 120> Надежный 
<image UI/Conversation/T_Dialogue_IconBackgroundCircle.tga 400 130 128 120> Убойный 
<image UI/Conversation/T_Dialogue_IconBackgroundCircle.tga 400 130 128 120> Дальнобойный 
<image UI/Conversation/T_Dialogue_IconBackgroundCircle.tga 400 130 128 120> Неудобный 
<image UI/Conversation/T_Dialogue_IconBackgroundCircle.tga 400 130 128 120> Тяжелый - ограничивает свободу движений","<image UI/Conversation/T_Dialogue_IconBackgroundCircle.tga 400 130 128 120> Единый пулемёт
<image UI/Conversation/T_Dialogue_IconBackgroundCircle.tga 400 130 128 120> Надёжный
<image UI/Conversation/T_Dialogue_IconBackgroundCircle.tga 400 130 128 120> Убойный
<image UI/Conversation/T_Dialogue_IconBackgroundCircle.tga 400 130 128 120> Дальнобойный
<image UI/Conversation/T_Dialogue_IconBackgroundCircle.tga 400 130 128 120> Неудобный
<image UI/Conversation/T_Dialogue_IconBackgroundCircle.tga 400 130 128 120> Тяжёлый: ограничивает свободу движения","<image UI/Conversation/T_Dialogue_IconBackgroundCircle.tga 400 130 128 120> General-purpose machine gun
<image UI/Conversation/T_Dialogue_IconBackgroundCircle.tga 400 130 128 120> Reliable
<image UI/Conversation/T_Dialogue_IconBackgroundCircle.tga 400 130 128 120> High damage
<image UI/Conversation/T_Dialogue_IconBackgroundCircle.tga 400 130 128 120> Long range
<image UI/Conversation/T_Dialogue_IconBackgroundCircle.tga 400 130 128 120> Poor handling
<image UI/Conversation/T_Dialogue_IconBackgroundCircle.tga 400 130 128 120> Heavy (limits mobility)","manual-translation","needs-english-after-memory-cleanup","jazz","982879482211","jazz:InventoryItem/PKM.lua:16 | jazz:items.lua:29210"
"982931592669","<image UI/Conversation/T_Dialogue_IconBackgroundCircle.tga 400 130 128 120> Двустволка
<image UI/Conversation/T_Dialogue_IconBackgroundCircle.tga 400 130 128 120>  Быстро стреляет
<image UI/Conversation/T_Dialogue_IconBackgroundCircle.tga 400 130 128 120>  Надежный","<image UI/Conversation/T_Dialogue_IconBackgroundCircle.tga 400 130 128 120> Двустволка
<image UI/Conversation/T_Dialogue_IconBackgroundCircle.tga 400 130 128 120> Высокая скорострельность
<image UI/Conversation/T_Dialogue_IconBackgroundCircle.tga 400 130 128 120> Надёжный","<image UI/Conversation/T_Dialogue_IconBackgroundCircle.tga 400 130 128 120> Double-barreled
<image UI/Conversation/T_Dialogue_IconBackgroundCircle.tga 400 130 128 120> High rate of fire
<image UI/Conversation/T_Dialogue_IconBackgroundCircle.tga 400 130 128 120> Reliable","manual-translation","needs-english-after-memory-cleanup","jazz","982931592669","jazz:InventoryItem/DoubleBarrelShotgun.lua:17 | jazz:items.lua:29511"
"992340160044","<image UI/Conversation/T_Dialogue_IconBackgroundCircle.tga 400 130 128 120> Единый пулемет 
<image UI/Conversation/T_Dialogue_IconBackgroundCircle.tga 400 130 128 120> Чуть получше обычного М60 
<image UI/Conversation/T_Dialogue_IconBackgroundCircle.tga 400 130 128 120> Тяжелый - ограничивает свободу движений","<image UI/Conversation/T_Dialogue_IconBackgroundCircle.tga 400 130 128 120> Единый пулемёт
<image UI/Conversation/T_Dialogue_IconBackgroundCircle.tga 400 130 128 120> Чуть получше обычного М60
<image UI/Conversation/T_Dialogue_IconBackgroundCircle.tga 400 130 128 120> Тяжёлый: ограничивает свободу движения","<image UI/Conversation/T_Dialogue_IconBackgroundCircle.tga 400 130 128 120> General-purpose machine gun
<image UI/Conversation/T_Dialogue_IconBackgroundCircle.tga 400 130 128 120> Slightly better than a standard M60
<image UI/Conversation/T_Dialogue_IconBackgroundCircle.tga 400 130 128 120> Heavy (limits mobility)","manual-translation","needs-english-after-memory-cleanup","jazz","992340160044","jazz:InventoryItem/M60E3.lua:16 | jazz:items.lua:29050"
"992551372753","<image UI/Conversation/T_Dialogue_IconBackgroundCircle.tga 400 130 128 120> Воспламеняет место попадания и вызывает у целей <color EmStyle>горение</color>
<image UI/Conversation/T_Dialogue_IconBackgroundCircle.tga 400 130 128 120> Высокая вероятность неудачи","<image UI/Conversation/T_Dialogue_IconBackgroundCircle.tga 400 130 128 120> Воспламеняет место попадания и вызывает у целей <color EmStyle>горение</color>
<image UI/Conversation/T_Dialogue_IconBackgroundCircle.tga 400 130 128 120> Высокая вероятность неудачи","<image UI/Conversation/T_Dialogue_IconBackgroundCircle.tga 400 130 128 120> Ignites the impact area and inflicts <color EmStyle>Burning</color>
<image UI/Conversation/T_Dialogue_IconBackgroundCircle.tga 400 130 128 120> High mishap chance","manual-translation","needs-english-after-memory-cleanup","jazz","992551372753","jazz:InventoryItem/Molotov.lua:14 | jazz:items.lua:30961"
"997203634310","<image UI/Conversation/T_Dialogue_IconBackgroundCircle.tga 400 130 128 120> Перерезают проволочные ограждения
<image UI/Conversation/T_Dialogue_IconBackgroundCircle.tga 400 130 128 120> Изнашиваются при каждом употреблении
<image UI/Conversation/T_Dialogue_IconBackgroundCircle.tga 400 130 128 120> Не поддаются ремонту
<image UI/Conversation/T_Dialogue_IconBackgroundCircle.tga 400 130 128 120> Используются автоматически, просто находясь в инвентаре","<image UI/Conversation/T_Dialogue_IconBackgroundCircle.tga 400 130 128 120> Перерезают проволочные ограждения
<image UI/Conversation/T_Dialogue_IconBackgroundCircle.tga 400 130 128 120> Изнашиваются при каждом использовании
<image UI/Conversation/T_Dialogue_IconBackgroundCircle.tga 400 130 128 120> Не поддаются ремонту
<image UI/Conversation/T_Dialogue_IconBackgroundCircle.tga 400 130 128 120> Используются автоматически, пока лежат в инвентаре","<image UI/Conversation/T_Dialogue_IconBackgroundCircle.tga 400 130 128 120> Cut through wire fences
<image UI/Conversation/T_Dialogue_IconBackgroundCircle.tga 400 130 128 120> Lose Condition with every use
<image UI/Conversation/T_Dialogue_IconBackgroundCircle.tga 400 130 128 120> Cannot be repaired
<image UI/Conversation/T_Dialogue_IconBackgroundCircle.tga 400 130 128 120> Used automatically while in inventory","manual-translation","needs-english-after-memory-cleanup","jazz","997203634310","jazz:InventoryItem/Wirecutter.lua:13 | jazz:items.lua:56821"
"998090805654","<image UI/Conversation/T_Dialogue_IconBackgroundCircle.tga 400 130 128 120> Дальнобойный
<image UI/Conversation/T_Dialogue_IconBackgroundCircle.tga 400 130 128 120> Пробивает броню
<image UI/Conversation/T_Dialogue_IconBackgroundCircle.tga 400 130 128 120> Малый магазин
<image UI/Conversation/T_Dialogue_IconBackgroundCircle.tga 400 130 128 120> Лучше, чем карате","<image UI/Conversation/T_Dialogue_IconBackgroundCircle.tga 400 130 128 120> Дальнобойный
<image UI/Conversation/T_Dialogue_IconBackgroundCircle.tga 400 130 128 120> Пробивает броню
<image UI/Conversation/T_Dialogue_IconBackgroundCircle.tga 400 130 128 120> Малый магазин
<image UI/Conversation/T_Dialogue_IconBackgroundCircle.tga 400 130 128 120> Лучше, чем карате","<image UI/Conversation/T_Dialogue_IconBackgroundCircle.tga 400 130 128 120> Long range
<image UI/Conversation/T_Dialogue_IconBackgroundCircle.tga 400 130 128 120> Armor-piercing
<image UI/Conversation/T_Dialogue_IconBackgroundCircle.tga 400 130 128 120> Small magazine
<image UI/Conversation/T_Dialogue_IconBackgroundCircle.tga 400 130 128 120> Beats karate","manual-translation","needs-english-after-memory-cleanup","jazz","998090805654","jazz:InventoryItem/TT33.lua:15 | jazz:items.lua:16594"
"998151280081","<image UI/Conversation/T_Dialogue_IconBackgroundCircle.tga 400 130 128 120> Удобный 
<image UI/Conversation/T_Dialogue_IconBackgroundCircle.tga 400 130 128 120> Скорострельный 
<image UI/Conversation/T_Dialogue_IconBackgroundCircle.tga 400 130 128 120> Сильная отдача 
<image UI/Conversation/T_Dialogue_IconBackgroundCircle.tga 400 130 128 120> Ненадежный","<image UI/Conversation/T_Dialogue_IconBackgroundCircle.tga 400 130 128 120> Удобный
<image UI/Conversation/T_Dialogue_IconBackgroundCircle.tga 400 130 128 120> Скорострельный
<image UI/Conversation/T_Dialogue_IconBackgroundCircle.tga 400 130 128 120> Сильная отдача
<image UI/Conversation/T_Dialogue_IconBackgroundCircle.tga 400 130 128 120> Ненадёжный","<image UI/Conversation/T_Dialogue_IconBackgroundCircle.tga 400 130 128 120> Good handling
<image UI/Conversation/T_Dialogue_IconBackgroundCircle.tga 400 130 128 120> High rate of fire
<image UI/Conversation/T_Dialogue_IconBackgroundCircle.tga 400 130 128 120> Heavy recoil
<image UI/Conversation/T_Dialogue_IconBackgroundCircle.tga 400 130 128 120> Unreliable","manual-translation","needs-english-after-memory-cleanup","jazz","998151280081","jazz:InventoryItem/FAMAS.lua:16 | jazz:items.lua:23458"
"890000000000040","<image UI/Conversation/T_Dialogue_IconBackgroundCircle.tga 400 130 128 120> Тысяча
<image UI/Conversation/T_Dialogue_IconBackgroundCircle.tga 400 130 128 120> Девятьсот
<image UI/Conversation/T_Dialogue_IconBackgroundCircle.tga 400 130 128 120> Одиннадцатый.","<image UI/Conversation/T_Dialogue_IconBackgroundCircle.tga 400 130 128 120> Тысяча
<image UI/Conversation/T_Dialogue_IconBackgroundCircle.tga 400 130 128 120> Девятьсот
<image UI/Conversation/T_Dialogue_IconBackgroundCircle.tga 400 130 128 120> Одиннадцатый.","<image UI/Conversation/T_Dialogue_IconBackgroundCircle.tga 400 130 128 120> One thousand
<image UI/Conversation/T_Dialogue_IconBackgroundCircle.tga 400 130 128 120> Nine hundred
<image UI/Conversation/T_Dialogue_IconBackgroundCircle.tga 400 130 128 120> Eleven","manual-translation","needs-english-after-memory-cleanup","jazz","890000000000040","jazz:InventoryItem/Colt1911.lua:15 | jazz:items.lua:17141"
"890000000000041","<image UI/Conversation/T_Dialogue_IconBackgroundCircle.tga 400 130 128 120> Убойный
<image UI/Conversation/T_Dialogue_IconBackgroundCircle.tga 400 130 128 120> С коллиматором
<image UI/Conversation/T_Dialogue_IconBackgroundCircle.tga 400 130 128 120> Понтовый","<image UI/Conversation/T_Dialogue_IconBackgroundCircle.tga 400 130 128 120> Убойный
<image UI/Conversation/T_Dialogue_IconBackgroundCircle.tga 400 130 128 120> С коллиматором
<image UI/Conversation/T_Dialogue_IconBackgroundCircle.tga 400 130 128 120> Понтовый","<image UI/Conversation/T_Dialogue_IconBackgroundCircle.tga 400 130 128 120> High damage
<image UI/Conversation/T_Dialogue_IconBackgroundCircle.tga 400 130 128 120> Red-dot sight
<image UI/Conversation/T_Dialogue_IconBackgroundCircle.tga 400 130 128 120> Flashy","manual-translation","needs-english-after-memory-cleanup","jazz","890000000000041","jazz:InventoryItem/Kimber.lua:15 | jazz:items.lua:17940"
"890000000000100","<image UI/Conversation/T_Dialogue_IconBackgroundCircle.tga 400 130 128 120> Надежный
<image UI/Conversation/T_Dialogue_IconBackgroundCircle.tga 400 130 128 120> Малый магазин
<image UI/Conversation/T_Dialogue_IconBackgroundCircle.tga 400 130 128 120> Открывает пиво","<image UI/Conversation/T_Dialogue_IconBackgroundCircle.tga 400 130 128 120> Надёжный
<image UI/Conversation/T_Dialogue_IconBackgroundCircle.tga 400 130 128 120> Малый магазин
<image UI/Conversation/T_Dialogue_IconBackgroundCircle.tga 400 130 128 120> Открывает пиво","<image UI/Conversation/T_Dialogue_IconBackgroundCircle.tga 400 130 128 120> Reliable
<image UI/Conversation/T_Dialogue_IconBackgroundCircle.tga 400 130 128 120> Small magazine
<image UI/Conversation/T_Dialogue_IconBackgroundCircle.tga 400 130 128 120> Opens beer bottles","manual-translation","needs-english-after-memory-cleanup","jazz","890000000000100","jazz:InventoryItem/Makarov.lua:15 | jazz:items.lua:16889"
"890000000000101","<image UI/Conversation/T_Dialogue_IconBackgroundCircle.tga 400 130 128 120> Бесшумный
<image UI/Conversation/T_Dialogue_IconBackgroundCircle.tga 400 130 128 120> Длинная рука Кремля.","<image UI/Conversation/T_Dialogue_IconBackgroundCircle.tga 400 130 128 120> Бесшумный
<image UI/Conversation/T_Dialogue_IconBackgroundCircle.tga 400 130 128 120> Длинная рука Кремля.","<image UI/Conversation/T_Dialogue_IconBackgroundCircle.tga 400 130 128 120> Suppressed
<image UI/Conversation/T_Dialogue_IconBackgroundCircle.tga 400 130 128 120> The Kremlin's long arm","manual-translation","needs-english-after-memory-cleanup","jazz","890000000000101","jazz:InventoryItem/PB.lua:15 | jazz:items.lua:17278"
"890000000000124","<image UI/Conversation/T_Dialogue_IconBackgroundCircle.tga 400 130 128 120> Винтовка с ручным перезаряжанием 
<image UI/Conversation/T_Dialogue_IconBackgroundCircle.tga 400 130 128 120> Неудобный Медленно стреляет 
<image UI/Conversation/T_Dialogue_IconBackgroundCircle.tga 400 130 128 120> Надежный 
<image UI/Conversation/T_Dialogue_IconBackgroundCircle.tga 400 130 128 120> Дед сдавался","<image UI/Conversation/T_Dialogue_IconBackgroundCircle.tga 400 130 128 120> Винтовка с продольно-скользящим затвором
<image UI/Conversation/T_Dialogue_IconBackgroundCircle.tga 400 130 128 120> Неудобный; низкая скорострельность
<image UI/Conversation/T_Dialogue_IconBackgroundCircle.tga 400 130 128 120> Надёжный
<image UI/Conversation/T_Dialogue_IconBackgroundCircle.tga 400 130 128 120> Дед сдавался","<image UI/Conversation/T_Dialogue_IconBackgroundCircle.tga 400 130 128 120> Bolt-action rifle
<image UI/Conversation/T_Dialogue_IconBackgroundCircle.tga 400 130 128 120> Poor handling; low rate of fire
<image UI/Conversation/T_Dialogue_IconBackgroundCircle.tga 400 130 128 120> Reliable
<image UI/Conversation/T_Dialogue_IconBackgroundCircle.tga 400 130 128 120> Granddad surrendered","manual-translation","needs-english-after-memory-cleanup","jazz","890000000000124","jazz:InventoryItem/MAS36.lua:16 | jazz:items.lua:24931"
"890000000000125","<image UI/Conversation/T_Dialogue_IconBackgroundCircle.tga 400 130 128 120> Винтовка с ручным перезаряжанием 
<image UI/Conversation/T_Dialogue_IconBackgroundCircle.tga 400 130 128 120> Неудобный 
<image UI/Conversation/T_Dialogue_IconBackgroundCircle.tga 400 130 128 120> Медленно стреляет 
<image UI/Conversation/T_Dialogue_IconBackgroundCircle.tga 400 130 128 120> Надежный 
<image UI/Conversation/T_Dialogue_IconBackgroundCircle.tga 400 130 128 120> Дед воевал","<image UI/Conversation/T_Dialogue_IconBackgroundCircle.tga 400 130 128 120> Винтовка с продольно-скользящим затвором
<image UI/Conversation/T_Dialogue_IconBackgroundCircle.tga 400 130 128 120> Неудобный
<image UI/Conversation/T_Dialogue_IconBackgroundCircle.tga 400 130 128 120> Медленно стреляет
<image UI/Conversation/T_Dialogue_IconBackgroundCircle.tga 400 130 128 120> Надёжный
<image UI/Conversation/T_Dialogue_IconBackgroundCircle.tga 400 130 128 120> Дед воевал","<image UI/Conversation/T_Dialogue_IconBackgroundCircle.tga 400 130 128 120> Bolt-action rifle
<image UI/Conversation/T_Dialogue_IconBackgroundCircle.tga 400 130 128 120> Poor handling
<image UI/Conversation/T_Dialogue_IconBackgroundCircle.tga 400 130 128 120> Low rate of fire
<image UI/Conversation/T_Dialogue_IconBackgroundCircle.tga 400 130 128 120> Reliable
<image UI/Conversation/T_Dialogue_IconBackgroundCircle.tga 400 130 128 120> Granddad fought","manual-translation","needs-english-after-memory-cleanup","jazz","890000000000125","jazz:InventoryItem/Mosin.lua:16 | jazz:items.lua:26129"
"890000000000198","Это как стрелять из огнестрельного оружия шариками из жеваной бумаги, из плюсов можно выделить то, что это очень дешево и много. 
Стабильная работа не гарантируется, кучность тоже, а ещё размокшая жеваная бумага может быстро засрать ваше оружие.","Всё равно что стрелять шариками из жёваной бумаги: зато дёшево и патронов много.
Надёжная подача и хорошая кучность не гарантируются, а размокшие «бумажки» быстро загадят оружие.","It is the ballistic equivalent of firing spitballs: cheap, plentiful, and not much else.
Reliable cycling and tight groups are not guaranteed, and the damp paper-like rounds will foul your weapon in no time.","manual-translation","needs-english-after-memory-cleanup","jazz","890000000000198","jazz:InventoryItem/JAZZ_AMMO_9x19_Poor.lua:12 | jazz:items.lua:3948"
"890000000000512","Револьвер 
<image UI/Conversation/T_Dialogue_IconBackgroundCircle.tga 400 130 128 120> Анахронизм","Револьвер
<image UI/Conversation/T_Dialogue_IconBackgroundCircle.tga 400 130 128 120> Анахронизм","Revolver
<image UI/Conversation/T_Dialogue_IconBackgroundCircle.tga 400 130 128 120> An anachronism","manual-translation","needs-english-after-memory-cleanup","jazz","890000000000512","jazz:InventoryItem/ColtPeacemaker.lua:16 | jazz:items.lua:19224"
"890000000000513","Револьвер 
<image UI/Conversation/T_Dialogue_IconBackgroundCircle.tga 400 130 128 120> Компактный 
<image UI/Conversation/T_Dialogue_IconBackgroundCircle.tga 400 130 128 120> Сорок пятый","Револьвер
<image UI/Conversation/T_Dialogue_IconBackgroundCircle.tga 400 130 128 120> Компактный
<image UI/Conversation/T_Dialogue_IconBackgroundCircle.tga 400 130 128 120> Калибр .45","Revolver
<image UI/Conversation/T_Dialogue_IconBackgroundCircle.tga 400 130 128 120> Compact
<image UI/Conversation/T_Dialogue_IconBackgroundCircle.tga 400 130 128 120> .45 caliber","manual-translation","needs-english-after-memory-cleanup","jazz","890000000000513","jazz:InventoryItem/ColtM1917.lua:15 | jazz:items.lua:19288"
"890000000000514","Револьвер 
<image UI/Conversation/T_Dialogue_IconBackgroundCircle.tga 400 130 128 120> Магнум 
<image UI/Conversation/T_Dialogue_IconBackgroundCircle.tga 400 130 128 120> Точный","Револьвер
<image UI/Conversation/T_Dialogue_IconBackgroundCircle.tga 400 130 128 120> Магнум
<image UI/Conversation/T_Dialogue_IconBackgroundCircle.tga 400 130 128 120> Точный","Revolver
<image UI/Conversation/T_Dialogue_IconBackgroundCircle.tga 400 130 128 120> Magnum
<image UI/Conversation/T_Dialogue_IconBackgroundCircle.tga 400 130 128 120> Accurate","manual-translation","needs-english-after-memory-cleanup","jazz","890000000000514","jazz:InventoryItem/SWModel19.lua:16 | jazz:items.lua:19343"
"890000000000515","Револьвер 
<image UI/Conversation/T_Dialogue_IconBackgroundCircle.tga 400 130 128 120> Сорок пятый 
<image UI/Conversation/T_Dialogue_IconBackgroundCircle.tga 400 130 128 120> Британский","Револьвер
<image UI/Conversation/T_Dialogue_IconBackgroundCircle.tga 400 130 128 120> Калибр .45
<image UI/Conversation/T_Dialogue_IconBackgroundCircle.tga 400 130 128 120> Британский","Revolver
<image UI/Conversation/T_Dialogue_IconBackgroundCircle.tga 400 130 128 120> .45 caliber
<image UI/Conversation/T_Dialogue_IconBackgroundCircle.tga 400 130 128 120> British","manual-translation","needs-english-after-memory-cleanup","jazz","890000000000515","jazz:InventoryItem/Webley.lua:15 | jazz:items.lua:19419"
"890000000000516","<image UI/Conversation/T_Dialogue_IconBackgroundCircle.tga 400 130 128 120> Револьвер
<image UI/Conversation/T_Dialogue_IconBackgroundCircle.tga 400 130 128 120> Остальное не ваши проблемы","<image UI/Conversation/T_Dialogue_IconBackgroundCircle.tga 400 130 128 120> Револьвер
<image UI/Conversation/T_Dialogue_IconBackgroundCircle.tga 400 130 128 120> Остальное не ваши проблемы","<image UI/Conversation/T_Dialogue_IconBackgroundCircle.tga 400 130 128 120> Revolver
<image UI/Conversation/T_Dialogue_IconBackgroundCircle.tga 400 130 128 120> The rest is none of your concern","manual-translation","needs-english-after-memory-cleanup","jazz","890000000000516","jazz:InventoryItem/Korth.lua:15 | jazz:items.lua:19770"
"890000000000517","<image UI/Conversation/T_Dialogue_IconBackgroundCircle.tga 400 130 128 120> Револьвер
<image UI/Conversation/T_Dialogue_IconBackgroundCircle.tga 400 130 128 120> Магнум 
<image UI/Conversation/T_Dialogue_IconBackgroundCircle.tga 400 130 128 120> Точный 
<image UI/Conversation/T_Dialogue_IconBackgroundCircle.tga 400 130 128 120> Дальнобойный 
<image UI/Conversation/T_Dialogue_IconBackgroundCircle.tga 400 130 128 120> Надежный 
<image UI/Conversation/T_Dialogue_IconBackgroundCircle.tga 400 130 128 120> Удобный","<image UI/Conversation/T_Dialogue_IconBackgroundCircle.tga 400 130 128 120> Револьвер
<image UI/Conversation/T_Dialogue_IconBackgroundCircle.tga 400 130 128 120> Магнум
<image UI/Conversation/T_Dialogue_IconBackgroundCircle.tga 400 130 128 120> Точный
<image UI/Conversation/T_Dialogue_IconBackgroundCircle.tga 400 130 128 120> Дальнобойный
<image UI/Conversation/T_Dialogue_IconBackgroundCircle.tga 400 130 128 120> Надёжный
<image UI/Conversation/T_Dialogue_IconBackgroundCircle.tga 400 130 128 120> Удобный","<image UI/Conversation/T_Dialogue_IconBackgroundCircle.tga 400 130 128 120> Revolver
<image UI/Conversation/T_Dialogue_IconBackgroundCircle.tga 400 130 128 120> Magnum
<image UI/Conversation/T_Dialogue_IconBackgroundCircle.tga 400 130 128 120> Accurate
<image UI/Conversation/T_Dialogue_IconBackgroundCircle.tga 400 130 128 120> Long range
<image UI/Conversation/T_Dialogue_IconBackgroundCircle.tga 400 130 128 120> Reliable
<image UI/Conversation/T_Dialogue_IconBackgroundCircle.tga 400 130 128 120> Good handling","manual-translation","needs-english-after-memory-cleanup","jazz","890000000000517","jazz:InventoryItem/MR73.lua:15 | jazz:items.lua:19482"
"890000000000518","<image UI/Conversation/T_Dialogue_IconBackgroundCircle.tga 400 130 128 120> Револьвер 
<image UI/Conversation/T_Dialogue_IconBackgroundCircle.tga 400 130 128 120> Сорок четвертый 
<image UI/Conversation/T_Dialogue_IconBackgroundCircle.tga 400 130 128 120> Точный 
<image UI/Conversation/T_Dialogue_IconBackgroundCircle.tga 400 130 128 120> Дальнобойный","<image UI/Conversation/T_Dialogue_IconBackgroundCircle.tga 400 130 128 120> Револьвер
<image UI/Conversation/T_Dialogue_IconBackgroundCircle.tga 400 130 128 120> Калибр .44
<image UI/Conversation/T_Dialogue_IconBackgroundCircle.tga 400 130 128 120> Точный
<image UI/Conversation/T_Dialogue_IconBackgroundCircle.tga 400 130 128 120> Дальнобойный","<image UI/Conversation/T_Dialogue_IconBackgroundCircle.tga 400 130 128 120> Revolver
<image UI/Conversation/T_Dialogue_IconBackgroundCircle.tga 400 130 128 120> .44 caliber
<image UI/Conversation/T_Dialogue_IconBackgroundCircle.tga 400 130 128 120> Accurate
<image UI/Conversation/T_Dialogue_IconBackgroundCircle.tga 400 130 128 120> Long range","manual-translation","needs-english-after-memory-cleanup","jazz","890000000000518","jazz:InventoryItem/SWModel29.lua:16 | jazz:items.lua:19553"
"890000000000519","<image UI/Conversation/T_Dialogue_IconBackgroundCircle.tga 400 130 128 120> Револьвер .38 Special
<image UI/Conversation/T_Dialogue_IconBackgroundCircle.tga 400 130 128 120> Компактный Надежный 
<image UI/Conversation/T_Dialogue_IconBackgroundCircle.tga 400 130 128 120> Лучше Кольта","<image UI/Conversation/T_Dialogue_IconBackgroundCircle.tga 400 130 128 120> Револьвер .38 Special
<image UI/Conversation/T_Dialogue_IconBackgroundCircle.tga 400 130 128 120> Компактный и надёжный
<image UI/Conversation/T_Dialogue_IconBackgroundCircle.tga 400 130 128 120> Лучше Кольта","<image UI/Conversation/T_Dialogue_IconBackgroundCircle.tga 400 130 128 120> .38 Special revolver
<image UI/Conversation/T_Dialogue_IconBackgroundCircle.tga 400 130 128 120> Compact and reliable
<image UI/Conversation/T_Dialogue_IconBackgroundCircle.tga 400 130 128 120> Better than a Colt","manual-translation","needs-english-after-memory-cleanup","jazz","890000000000519","jazz:InventoryItem/SWModel10.lua:16 | jazz:items.lua:19086"
"890000000000605","<image UI/Conversation/T_Dialogue_IconBackgroundCircle.tga 400 130 128 120>  .38 Special
<image UI/Conversation/T_Dialogue_IconBackgroundCircle.tga 400 130 128 120>  Cпасибо, что стреляет","<image UI/Conversation/T_Dialogue_IconBackgroundCircle.tga 400 130 128 120> .38 Special
<image UI/Conversation/T_Dialogue_IconBackgroundCircle.tga 400 130 128 120> Спасибо, что хотя бы стреляет","<image UI/Conversation/T_Dialogue_IconBackgroundCircle.tga 400 130 128 120> .38 Special
<image UI/Conversation/T_Dialogue_IconBackgroundCircle.tga 400 130 128 120> At least it fires","manual-translation","needs-english-after-memory-cleanup","jazz","890000000000605","jazz:InventoryItem/SWModel52.lua:15 | jazz:items.lua:16663"
"890000000000606","<image UI/Conversation/T_Dialogue_IconBackgroundCircle.tga 400 130 128 120>  Точный
<image UI/Conversation/T_Dialogue_IconBackgroundCircle.tga 400 130 128 120>  Стреляет короткими очередями","<image UI/Conversation/T_Dialogue_IconBackgroundCircle.tga 400 130 128 120> Точный
<image UI/Conversation/T_Dialogue_IconBackgroundCircle.tga 400 130 128 120> Стреляет короткими очередями","<image UI/Conversation/T_Dialogue_IconBackgroundCircle.tga 400 130 128 120> Accurate
<image UI/Conversation/T_Dialogue_IconBackgroundCircle.tga 400 130 128 120> Fires short bursts","manual-translation","needs-english-after-memory-cleanup","jazz","890000000000606","jazz:InventoryItem/Beretta93r.lua:15 | jazz:items.lua:18830"
"890000000000607","<image UI/Conversation/T_Dialogue_IconBackgroundCircle.tga 400 130 128 120> Компактный
<image UI/Conversation/T_Dialogue_IconBackgroundCircle.tga 400 130 128 120> Быстрый
<image UI/Conversation/T_Dialogue_IconBackgroundCircle.tga 400 130 128 120> Удобный
<image UI/Conversation/T_Dialogue_IconBackgroundCircle.tga 400 130 128 120> Под пальто","<image UI/Conversation/T_Dialogue_IconBackgroundCircle.tga 400 130 128 120> Компактный
<image UI/Conversation/T_Dialogue_IconBackgroundCircle.tga 400 130 128 120> Быстрый
<image UI/Conversation/T_Dialogue_IconBackgroundCircle.tga 400 130 128 120> Удобный
<image UI/Conversation/T_Dialogue_IconBackgroundCircle.tga 400 130 128 120> Под пальто","<image UI/Conversation/T_Dialogue_IconBackgroundCircle.tga 400 130 128 120> Compact
<image UI/Conversation/T_Dialogue_IconBackgroundCircle.tga 400 130 128 120> Fast
<image UI/Conversation/T_Dialogue_IconBackgroundCircle.tga 400 130 128 120> Good handling
<image UI/Conversation/T_Dialogue_IconBackgroundCircle.tga 400 130 128 120> Fits under a coat","manual-translation","needs-english-after-memory-cleanup","jazz","890000000000607","jazz:InventoryItem/VectorCP1.lua:15 | jazz:items.lua:17345"
"890000000000608","<image UI/Conversation/T_Dialogue_IconBackgroundCircle.tga 400 130 128 120> Нормальный
<image UI/Conversation/T_Dialogue_IconBackgroundCircle.tga 400 130 128 120> Средний
<image UI/Conversation/T_Dialogue_IconBackgroundCircle.tga 400 130 128 120> В целом пойдет","<image UI/Conversation/T_Dialogue_IconBackgroundCircle.tga 400 130 128 120> Нормальный
<image UI/Conversation/T_Dialogue_IconBackgroundCircle.tga 400 130 128 120> Средний
<image UI/Conversation/T_Dialogue_IconBackgroundCircle.tga 400 130 128 120> В целом пойдет","<image UI/Conversation/T_Dialogue_IconBackgroundCircle.tga 400 130 128 120> Nothing special
<image UI/Conversation/T_Dialogue_IconBackgroundCircle.tga 400 130 128 120> Average
<image UI/Conversation/T_Dialogue_IconBackgroundCircle.tga 400 130 128 120> Decent overall","manual-translation","needs-english-after-memory-cleanup","jazz","890000000000608","jazz:InventoryItem/P38.lua:15 | jazz:items.lua:17059"
"890000000000609","<image UI/Conversation/T_Dialogue_IconBackgroundCircle.tga 400 130 128 120> Неудобный
<image UI/Conversation/T_Dialogue_IconBackgroundCircle.tga 400 130 128 120> Ненадежный
<image UI/Conversation/T_Dialogue_IconBackgroundCircle.tga 400 130 128 120> Малый магазин
<image UI/Conversation/T_Dialogue_IconBackgroundCircle.tga 400 130 128 120> Дальнобойный","<image UI/Conversation/T_Dialogue_IconBackgroundCircle.tga 400 130 128 120> Неудобный
<image UI/Conversation/T_Dialogue_IconBackgroundCircle.tga 400 130 128 120> Ненадёжный
<image UI/Conversation/T_Dialogue_IconBackgroundCircle.tga 400 130 128 120> Малый магазин
<image UI/Conversation/T_Dialogue_IconBackgroundCircle.tga 400 130 128 120> Дальнобойный","<image UI/Conversation/T_Dialogue_IconBackgroundCircle.tga 400 130 128 120> Poor handling
<image UI/Conversation/T_Dialogue_IconBackgroundCircle.tga 400 130 128 120> Unreliable
<image UI/Conversation/T_Dialogue_IconBackgroundCircle.tga 400 130 128 120> Small magazine
<image UI/Conversation/T_Dialogue_IconBackgroundCircle.tga 400 130 128 120> Long range","manual-translation","needs-english-after-memory-cleanup","jazz","890000000000609","jazz:InventoryItem/CZ52.lua:15 | jazz:items.lua:16802"
"890000000000610","<image UI/Conversation/T_Dialogue_IconBackgroundCircle.tga 400 130 128 120> Удобный
<image UI/Conversation/T_Dialogue_IconBackgroundCircle.tga 400 130 128 120> Точный
<image UI/Conversation/T_Dialogue_IconBackgroundCircle.tga 400 130 128 120> Надежный
<image UI/Conversation/T_Dialogue_IconBackgroundCircle.tga 400 130 128 120> Безопасный
<image UI/Conversation/T_Dialogue_IconBackgroundCircle.tga 400 130 128 120> Чемпионский","<image UI/Conversation/T_Dialogue_IconBackgroundCircle.tga 400 130 128 120> Удобный
<image UI/Conversation/T_Dialogue_IconBackgroundCircle.tga 400 130 128 120> Точный
<image UI/Conversation/T_Dialogue_IconBackgroundCircle.tga 400 130 128 120> Надёжный
<image UI/Conversation/T_Dialogue_IconBackgroundCircle.tga 400 130 128 120> Безопасный
<image UI/Conversation/T_Dialogue_IconBackgroundCircle.tga 400 130 128 120> Чемпионский","<image UI/Conversation/T_Dialogue_IconBackgroundCircle.tga 400 130 128 120> Good handling
<image UI/Conversation/T_Dialogue_IconBackgroundCircle.tga 400 130 128 120> Accurate
<image UI/Conversation/T_Dialogue_IconBackgroundCircle.tga 400 130 128 120> Reliable
<image UI/Conversation/T_Dialogue_IconBackgroundCircle.tga 400 130 128 120> Safe
<image UI/Conversation/T_Dialogue_IconBackgroundCircle.tga 400 130 128 120> Competition-grade","manual-translation","needs-english-after-memory-cleanup","jazz","890000000000610","jazz:InventoryItem/CZ75.lua:15 | jazz:items.lua:17681"
"890000000000611","<image UI/Conversation/T_Dialogue_IconBackgroundCircle.tga 400 130 128 120> Дальнобойный
<image UI/Conversation/T_Dialogue_IconBackgroundCircle.tga 400 130 128 120> Точный
<image UI/Conversation/T_Dialogue_IconBackgroundCircle.tga 400 130 128 120> Надежный
<image UI/Conversation/T_Dialogue_IconBackgroundCircle.tga 400 130 128 120> Конкуретный","<image UI/Conversation/T_Dialogue_IconBackgroundCircle.tga 400 130 128 120> Дальнобойный
<image UI/Conversation/T_Dialogue_IconBackgroundCircle.tga 400 130 128 120> Точный
<image UI/Conversation/T_Dialogue_IconBackgroundCircle.tga 400 130 128 120> Надёжный
<image UI/Conversation/T_Dialogue_IconBackgroundCircle.tga 400 130 128 120> Конкурентоспособный","<image UI/Conversation/T_Dialogue_IconBackgroundCircle.tga 400 130 128 120> Long range
<image UI/Conversation/T_Dialogue_IconBackgroundCircle.tga 400 130 128 120> Accurate
<image UI/Conversation/T_Dialogue_IconBackgroundCircle.tga 400 130 128 120> Reliable
<image UI/Conversation/T_Dialogue_IconBackgroundCircle.tga 400 130 128 120> Competitive","manual-translation","needs-english-after-memory-cleanup","jazz","890000000000611","jazz:InventoryItem/SWModel5906.lua:15 | jazz:items.lua:17418"
"890000000000693","<image UI/Conversation/T_Dialogue_IconBackgroundCircle.tga 400 130 128 120> Точный 
<image UI/Conversation/T_Dialogue_IconBackgroundCircle.tga 400 130 128 120> Убойный 
<image UI/Conversation/T_Dialogue_IconBackgroundCircle.tga 400 130 128 120> Неудобный 
<image UI/Conversation/T_Dialogue_IconBackgroundCircle.tga 400 130 128 120> Ненадежный","<image UI/Conversation/T_Dialogue_IconBackgroundCircle.tga 400 130 128 120> Точный
<image UI/Conversation/T_Dialogue_IconBackgroundCircle.tga 400 130 128 120> Убойный
<image UI/Conversation/T_Dialogue_IconBackgroundCircle.tga 400 130 128 120> Неудобный
<image UI/Conversation/T_Dialogue_IconBackgroundCircle.tga 400 130 128 120> Ненадёжный","<image UI/Conversation/T_Dialogue_IconBackgroundCircle.tga 400 130 128 120> Accurate
<image UI/Conversation/T_Dialogue_IconBackgroundCircle.tga 400 130 128 120> High damage
<image UI/Conversation/T_Dialogue_IconBackgroundCircle.tga 400 130 128 120> Poor handling
<image UI/Conversation/T_Dialogue_IconBackgroundCircle.tga 400 130 128 120> Unreliable","manual-translation","needs-english-after-memory-cleanup","jazz","890000000000693","jazz:InventoryItem/G43.lua:16 | jazz:items.lua:25037"
"890000000000694","<image UI/Conversation/T_Dialogue_IconBackgroundCircle.tga 400 130 128 120> Точный 
<image UI/Conversation/T_Dialogue_IconBackgroundCircle.tga 400 130 128 120> Убойный 
<image UI/Conversation/T_Dialogue_IconBackgroundCircle.tga 400 130 128 120> Неудобный 
<image UI/Conversation/T_Dialogue_IconBackgroundCircle.tga 400 130 128 120> Гаранд бзынь!","<image UI/Conversation/T_Dialogue_IconBackgroundCircle.tga 400 130 128 120> Точный
<image UI/Conversation/T_Dialogue_IconBackgroundCircle.tga 400 130 128 120> Убойный
<image UI/Conversation/T_Dialogue_IconBackgroundCircle.tga 400 130 128 120> Неудобный
<image UI/Conversation/T_Dialogue_IconBackgroundCircle.tga 400 130 128 120> Гаранд бзынь!","<image UI/Conversation/T_Dialogue_IconBackgroundCircle.tga 400 130 128 120> Accurate
<image UI/Conversation/T_Dialogue_IconBackgroundCircle.tga 400 130 128 120> High damage
<image UI/Conversation/T_Dialogue_IconBackgroundCircle.tga 400 130 128 120> Poor handling
<image UI/Conversation/T_Dialogue_IconBackgroundCircle.tga 400 130 128 120> Garand ping!","manual-translation","needs-english-after-memory-cleanup","jazz","890000000000694","jazz:InventoryItem/M1Garand.lua:16 | jazz:items.lua:25151"
"890000000000795","Мы тут накидали примерный план лагеря в <L3>, готовили штурм, вот смотри, тут секретка, тут охранение, тут проход есть, можно ночью пройти и шомполами в ухо всех перещелкать.
а с другими стоянками Легов извини, с собой не взял. Тут самому придется <em>разведать</em>. Походи по окрестностям, пару человек на задание можно выделить, кто сметливый и в засаду не попадет.","Мы набросали примерный план лагеря в <L3>, когда готовили штурм. Смотри: тут тайник, тут охрана, а здесь проход. Ночью можно проскользнуть и снять всех прежде, чем они что-то поймут.
Планов остальных лагерей Легиона я с собой не взял — извини. Их придётся <em>разведать</em> самому. Осмотри окрестности и выдели одного-двух сметливых бойцов, которые не угодят в засаду.","We sketched a rough plan of the camp in <L3> while preparing the assault. Look: hidden room here, guards here, and a way through here. At night, you could slip in and pick them off before they know what hit them.
Sorry, I didn't bring plans for the Legion's other camps. You'll have to <em>scout</em> those yourself. Search the area and assign one or two sharp people who can avoid an ambush.","manual-translation","needs-english-after-memory-cleanup","jazz-maps","890000000000795","jazz-maps:items.lua:30996"
"890000000000842","<image UI/Conversation/T_Dialogue_IconBackgroundCircle.tga 400 130 128 120> Медленный 
<image UI/Conversation/T_Dialogue_IconBackgroundCircle.tga 400 130 128 120> Неудобный
<image UI/Conversation/T_Dialogue_IconBackgroundCircle.tga 400 130 128 120> Чрезвычайно убойный
<image UI/Conversation/T_Dialogue_IconBackgroundCircle.tga 400 130 128 120> Дальнобойный 
<image UI/Conversation/T_Dialogue_IconBackgroundCircle.tga 400 130 128 120> Слонобойный","<image UI/Conversation/T_Dialogue_IconBackgroundCircle.tga 400 130 128 120> Медленный
<image UI/Conversation/T_Dialogue_IconBackgroundCircle.tga 400 130 128 120> Неудобный
<image UI/Conversation/T_Dialogue_IconBackgroundCircle.tga 400 130 128 120> Чрезвычайно высокий урон
<image UI/Conversation/T_Dialogue_IconBackgroundCircle.tga 400 130 128 120> Дальнобойный
<image UI/Conversation/T_Dialogue_IconBackgroundCircle.tga 400 130 128 120> Слонобойный","<image UI/Conversation/T_Dialogue_IconBackgroundCircle.tga 400 130 128 120> Slow
<image UI/Conversation/T_Dialogue_IconBackgroundCircle.tga 400 130 128 120> Poor handling
<image UI/Conversation/T_Dialogue_IconBackgroundCircle.tga 400 130 128 120> Extremely high damage
<image UI/Conversation/T_Dialogue_IconBackgroundCircle.tga 400 130 128 120> Long range
<image UI/Conversation/T_Dialogue_IconBackgroundCircle.tga 400 130 128 120> Elephant-stopping power","manual-translation","needs-english-after-memory-cleanup","jazz","890000000000842","jazz:InventoryItem/DesertEagle.lua:16 | jazz:items.lua:17848"
"890000000000843","<image UI/Conversation/T_Dialogue_IconBackgroundCircle.tga 400 130 128 120> Тысяча девятьсот одиннадцатый
<image UI/Conversation/T_Dialogue_IconBackgroundCircle.tga 400 130 128 120> 50АЕ","<image UI/Conversation/T_Dialogue_IconBackgroundCircle.tga 400 130 128 120> Тысяча девятьсот одиннадцатый
<image UI/Conversation/T_Dialogue_IconBackgroundCircle.tga 400 130 128 120> .50 AE","<image UI/Conversation/T_Dialogue_IconBackgroundCircle.tga 400 130 128 120> Nineteen eleven
<image UI/Conversation/T_Dialogue_IconBackgroundCircle.tga 400 130 128 120> .50 AE","manual-translation","needs-english-after-memory-cleanup","jazz","890000000000843","jazz:InventoryItem/GrizzlyLAR.lua:16 | jazz:items.lua:18128"
"890000000000866","<image UI/Conversation/T_Dialogue_IconBackgroundCircle.tga 400 130 128 120> Автоматическая винтовка
<image UI/Conversation/T_Dialogue_IconBackgroundCircle.tga 400 130 128 120> Неудобный 
<image UI/Conversation/T_Dialogue_IconBackgroundCircle.tga 400 130 128 120> Сильная отдача 
<image UI/Conversation/T_Dialogue_IconBackgroundCircle.tga 400 130 128 120> Дальнобойный","<image UI/Conversation/T_Dialogue_IconBackgroundCircle.tga 400 130 128 120> Автоматическая винтовка
<image UI/Conversation/T_Dialogue_IconBackgroundCircle.tga 400 130 128 120> Неудобная
<image UI/Conversation/T_Dialogue_IconBackgroundCircle.tga 400 130 128 120> Сильная отдача
<image UI/Conversation/T_Dialogue_IconBackgroundCircle.tga 400 130 128 120> Дальнобойная","<image UI/Conversation/T_Dialogue_IconBackgroundCircle.tga 400 130 128 120> Automatic rifle
<image UI/Conversation/T_Dialogue_IconBackgroundCircle.tga 400 130 128 120> Poor handling
<image UI/Conversation/T_Dialogue_IconBackgroundCircle.tga 400 130 128 120> Heavy recoil
<image UI/Conversation/T_Dialogue_IconBackgroundCircle.tga 400 130 128 120> Long range","manual-translation","needs-english-after-memory-cleanup","jazz","890000000000866","jazz:InventoryItem/BAR.lua:16 | jazz:items.lua:27868"
"890000000000867","<image UI/Conversation/T_Dialogue_IconBackgroundCircle.tga 400 130 128 120> Винтовка десантника 
<image UI/Conversation/T_Dialogue_IconBackgroundCircle.tga 400 130 128 120> Ненадежный 
<image UI/Conversation/T_Dialogue_IconBackgroundCircle.tga 400 130 128 120> Убойный","<image UI/Conversation/T_Dialogue_IconBackgroundCircle.tga 400 130 128 120> Винтовка десантника
<image UI/Conversation/T_Dialogue_IconBackgroundCircle.tga 400 130 128 120> Ненадёжный
<image UI/Conversation/T_Dialogue_IconBackgroundCircle.tga 400 130 128 120> Убойный","<image UI/Conversation/T_Dialogue_IconBackgroundCircle.tga 400 130 128 120> Paratrooper rifle
<image UI/Conversation/T_Dialogue_IconBackgroundCircle.tga 400 130 128 120> Unreliable
<image UI/Conversation/T_Dialogue_IconBackgroundCircle.tga 400 130 128 120> High damage","manual-translation","needs-english-after-memory-cleanup","jazz","890000000000867","jazz:InventoryItem/FG42.lua:15 | jazz:items.lua:25220"
"890000000000870","Удваивает значение навыка медицины при лечении на глобальной карте
","Удваивает Медицину при лечении ран на спутниковой карте.
","Doubles Medical when treating wounds on the Satellite View.
","manual-translation","needs-english-after-memory-cleanup","jazz","890000000000870","jazz:CharacterEffect/Jazz_Perk_Spider.lua:10 | jazz:items.lua:71769"
"890000000000915","<image UI/Conversation/T_Dialogue_IconBackgroundCircle.tga 400 130 128 120> Может стрелять в движении 
<image UI/Conversation/T_Dialogue_IconBackgroundCircle.tga 400 130 128 120> Можно переделать в автомат 
<image UI/Conversation/T_Dialogue_IconBackgroundCircle.tga 400 130 128 120> Неудобный","<image UI/Conversation/T_Dialogue_IconBackgroundCircle.tga 400 130 128 120> Может стрелять в движении
<image UI/Conversation/T_Dialogue_IconBackgroundCircle.tga 400 130 128 120> Можно переделать в автомат
<image UI/Conversation/T_Dialogue_IconBackgroundCircle.tga 400 130 128 120> Неудобный","<image UI/Conversation/T_Dialogue_IconBackgroundCircle.tga 400 130 128 120> Can fire while moving
<image UI/Conversation/T_Dialogue_IconBackgroundCircle.tga 400 130 128 120> Can be converted to full-auto
<image UI/Conversation/T_Dialogue_IconBackgroundCircle.tga 400 130 128 120> Poor handling","manual-translation","needs-english-after-memory-cleanup","jazz","890000000000915","jazz:InventoryItem/M2Carbine.lua:16 | jazz:items.lua:21829"
"890000000000916","<image UI/Conversation/T_Dialogue_IconBackgroundCircle.tga 400 130 128 120> Сорок четвертый 
<image UI/Conversation/T_Dialogue_IconBackgroundCircle.tga 400 130 128 120> Может стрелять в движении 
<image UI/Conversation/T_Dialogue_IconBackgroundCircle.tga 400 130 128 120> Точный 
<image UI/Conversation/T_Dialogue_IconBackgroundCircle.tga 400 130 128 120> Неудобный","<image UI/Conversation/T_Dialogue_IconBackgroundCircle.tga 400 130 128 120> Калибр .44
<image UI/Conversation/T_Dialogue_IconBackgroundCircle.tga 400 130 128 120> Может стрелять в движении
<image UI/Conversation/T_Dialogue_IconBackgroundCircle.tga 400 130 128 120> Точный
<image UI/Conversation/T_Dialogue_IconBackgroundCircle.tga 400 130 128 120> Неудобный","<image UI/Conversation/T_Dialogue_IconBackgroundCircle.tga 400 130 128 120> .44 caliber
<image UI/Conversation/T_Dialogue_IconBackgroundCircle.tga 400 130 128 120> Can fire while moving
<image UI/Conversation/T_Dialogue_IconBackgroundCircle.tga 400 130 128 120> Accurate
<image UI/Conversation/T_Dialogue_IconBackgroundCircle.tga 400 130 128 120> Poor handling","manual-translation","needs-english-after-memory-cleanup","jazz","890000000000916","jazz:InventoryItem/Winchester1894.lua:17 | jazz:items.lua:21739"
"890000000001004","Современный базовый армейский патрон, неплох во всём, вы точно не пожалеете.
","Современный армейский патрон: надёжен и хорош в любой ситуации. Не прогадаете.
","Modern standard-issue military ammunition: dependable in every role and hard to regret.
","manual-translation","needs-english-after-memory-cleanup","jazz","890000000001004","jazz:InventoryItem/JAZZ_AMMO_556_Army.lua:12 | jazz:items.lua:6184"
"890000000001231","Утяжеленная версия револьвера Miltary and Police, с упрочненной рамкой, необходимой для использования мощного патрона .357 Magnum. Выпускается с 1955 года. Это вам не кольтовский шлак, это оружие для настоящего дела.
","Усиленная версия револьвера Smith & Wesson Military & Police с рамкой, рассчитанной на мощный патрон .357 Magnum. Выпускается с 1955 года. Это не кольтовская безделушка, а оружие для настоящего дела.
","A strengthened version of the Smith & Wesson Military & Police revolver, built on a reinforced frame to handle the powerful .357 Magnum cartridge. Produced since 1955. This is no Colt trinket—this is a working gun.
","manual-translation","needs-english-after-memory-cleanup","jazz","890000000001231","jazz:InventoryItem/SWModel19.lua:15 | jazz:items.lua:19342"
"890000000001237","Шанс попасть во врага снижен
+2 ОД свободного перемещения","Снижен шанс попасть по врагу
+2 ОД только на перемещение","Reduced chance to hit
+2 AP usable only for movement","manual-translation","needs-english-after-memory-cleanup","jazz","890000000001237","jazz:CharacterEffect/suppressionHeavy.lua:30 | jazz:items.lua:70812"
"890000000001238","Шанс попасть во врага снижен
+1 ОД свободного перемещения","Снижен шанс попасть по врагу
+1 ОД только на перемещение","Reduced chance to hit
+1 AP usable only for movement","manual-translation","needs-english-after-memory-cleanup","jazz","890000000001238","jazz:CharacterEffect/suppressionMedium.lua:30 | jazz:items.lua:70769"
"890000000001240","<image UI/Conversation/T_Dialogue_IconBackgroundCircle.tga 400 130 128 120> Ручной пулемёт
<image UI/Conversation/T_Dialogue_IconBackgroundCircle.tga 400 130 128 120> Убойный 
<image UI/Conversation/T_Dialogue_IconBackgroundCircle.tga 400 130 128 120> Неудобный 
<image UI/Conversation/T_Dialogue_IconBackgroundCircle.tga 400 130 128 120> Сильная отдача ","<image UI/Conversation/T_Dialogue_IconBackgroundCircle.tga 400 130 128 120> Ручной пулемёт
<image UI/Conversation/T_Dialogue_IconBackgroundCircle.tga 400 130 128 120> Убойный
<image UI/Conversation/T_Dialogue_IconBackgroundCircle.tga 400 130 128 120> Неудобный
<image UI/Conversation/T_Dialogue_IconBackgroundCircle.tga 400 130 128 120> Сильная отдача","<image UI/Conversation/T_Dialogue_IconBackgroundCircle.tga 400 130 128 120> Light machine gun
<image UI/Conversation/T_Dialogue_IconBackgroundCircle.tga 400 130 128 120> High damage
<image UI/Conversation/T_Dialogue_IconBackgroundCircle.tga 400 130 128 120> Poor handling
<image UI/Conversation/T_Dialogue_IconBackgroundCircle.tga 400 130 128 120> Heavy recoil","manual-translation","needs-english-after-memory-cleanup","jazz","890000000001240","jazz:InventoryItem/DP27.lua:16 | jazz:items.lua:28711"
"890000000001241","<image UI/Conversation/T_Dialogue_IconBackgroundCircle.tga 400 130 128 120> Единый пулемет 
<image UI/Conversation/T_Dialogue_IconBackgroundCircle.tga 400 130 128 120> Убойный 
<image UI/Conversation/T_Dialogue_IconBackgroundCircle.tga 400 130 128 120> Скорострельный","<image UI/Conversation/T_Dialogue_IconBackgroundCircle.tga 400 130 128 120> Единый пулемёт
<image UI/Conversation/T_Dialogue_IconBackgroundCircle.tga 400 130 128 120> Убойный
<image UI/Conversation/T_Dialogue_IconBackgroundCircle.tga 400 130 128 120> Скорострельный","<image UI/Conversation/T_Dialogue_IconBackgroundCircle.tga 400 130 128 120> General-purpose machine gun
<image UI/Conversation/T_Dialogue_IconBackgroundCircle.tga 400 130 128 120> High damage
<image UI/Conversation/T_Dialogue_IconBackgroundCircle.tga 400 130 128 120> High rate of fire","manual-translation","needs-english-after-memory-cleanup","jazz","890000000001241","jazz:InventoryItem/AA52.lua:16 | jazz:items.lua:28913"
"890000000001317","Судя по тому, как вы справились с ними, вы можете мне помочь.
Недалеко отсюда, к северу от <em>Водопада</em>, есть <em>Смотровая площадка</em> - одно из немногих мест, где Легион выгружает припасы для снабжения острова. Если мы вместе её атакуем, то сможем нарушить логистику в этой части острова.","Судя по тому, как вы с ними справились, вы можете мне помочь.
К северу от <em>Водопада</em> находится <em>Смотровая площадка</em> — одно из немногих мест, где Легион разгружает припасы для острова. Если мы атакуем её вместе, то нарушим снабжение во всей этой части острова.","Judging by how you handled them, you may be able to help me.
North of the <em>Waterfall</em> is the <em>Overlook</em>, one of the few places where the Legion unloads supplies for the island. If we attack it together, we can disrupt their logistics across this part of the island.","manual-translation","needs-english-after-memory-cleanup","jazz-maps","890000000001317","jazz-maps:items.lua:31269"
"890000000001318","Считал, сколько человек Легион еще потеряет, прежде чем догадается, что в джунглях их кто-то очень сильно не любит.
Я хотел перехватить этот отряд, но вы успели перебить основную часть. Хорошая работа","Я всё думал, сколько людей ещё потеряет Легион, прежде чем поймёт: в этих джунглях его кто-то очень не любит.
Я собирался перехватить этот отряд, но вы успели перебить большую часть. Хорошая работа.","I was wondering how many more people the Legion would lose before realizing that someone in these jungles really hates them.
I meant to intercept this squad, but you wiped out most of it first. Good work.","manual-translation","needs-english-after-memory-cleanup","jazz-maps","890000000001318","jazz-maps:items.lua:31264"
"890000000001383","<current>/<max>
 (заводской <factory>)","<current>/<max>
 (заводское <factory>)","<current>/<max>
 (factory <factory>)","manual-translation","needs-english-after-memory-cleanup","jazz","890000000001383","jazz:items.lua:79852"
"890000000001389","
<bullet_point> Эффекты при попадании: <effects>","
<bullet_point> Эффекты при попадании: <effects>","
<bullet_point> On-hit effects: <effects>","manual-translation","needs-english-after-memory-cleanup","jazz","890000000001389","jazz:Code/AmmoRolloverHint.lua:166"
"890000000001404","Защита от пуль
(1/2/3/4/5 класс)","Защита от пуль
(класс 1/2/3/4/5)","Bullet protection
(Armor Class 1/2/3/4/5)","manual-translation","needs-english-after-memory-cleanup","jazz","890000000001404","jazz:items.lua:79548"
"890000000006392","Задание выполнено.","Задание выполнено.","Objective completed.","manual-translation","needs-english-after-memory-cleanup","jazz-units","890000000006392 | 890000000009177 | 890000000009190 | 890000000009191","jazz-units:items.lua:126065 | jazz-units:items.lua:119905 | jazz-units:items.lua:119944 | jazz-units:items.lua:119947"
"890000000006624","[WIP] Александра «Бенни» Бенедикт","Александра «Бенни» Бенедикт","Alexandra “Benny” Benedict","manual-translation","needs-english-after-memory-cleanup","jazz-units","890000000006624","jazz-units:items.lua:119414 | jazz-units:UnitData/Jazz_Benny.lua:22"
"890000000006650","[WIP] Саймон Гарандье","Саймон Гарандье","Simon Garandier","manual-translation","needs-english-after-memory-cleanup","jazz-units","890000000006650","jazz-units:items.lua:119699 | jazz-units:UnitData/Jazz_Simon.lua:22"
