ID,SourceText,Russian,English,Notes,Reasons,Packages,AllIDs,Locations
102593759252,кашляет,кашляет,coughs,manual-reviewed-google,google-draft,jazz-units,102593759252 | 282291513363,jazz-units:items.lua:116314 | jazz-units:items.lua:115227
107870618922,Боль непереносима.,Боль непереносима.,The pain is unbearable.,manual-reviewed-google,google-draft,jazz-units,107870618922,jazz-units:items.lua:116495
109651245516,"Ещё не вечер! Можно уже жахнуть, командир?","Ещё не вечер! Можно уже жахнуть, командир?","We're not done yet! Can I let 'er rip now, commander?",manual-reviewed-google,google-draft,jazz-units,109651245516,jazz-units:items.lua:131406
109699413644,"И что такой парень, как я, может делать в таком месте? Да это ж бред собачий!","И что такой парень, как я, может делать в таком месте? Да это ж бред собачий!",What is a guy like me doing in a place like this? This is complete bullshit!,manual-reviewed-google,google-draft,jazz-units,109699413644 | 848654270080,jazz-units:items.lua:115411 | jazz-units:items.lua:115373
111872647333,"Полагаю, не мешало бы продумать все это получше.","Полагаю, не мешало бы продумать все это получше.",I suppose it wouldn't hurt to think this through a bit more.,manual-reviewed-google,google-draft,jazz-units,111872647333 | 812274195558 | 868051771565,jazz-units:items.lua:116212 | jazz-units:items.lua:116508 | jazz-units:items.lua:116376
112256418640,"Люблю, когда мне уделяют столько внимания.","Люблю, когда мне уделяют столько внимания.",I love it when they pay so much attention to me.,manual-reviewed-google,google-draft,jazz-units,112256418640 | 606902871816,jazz-units:items.lua:115911 | jazz-units:items.lua:115841
119369941249,"Гммммм... Разве здесь все, что мы заказывали? ","Гммммм... Разве здесь все, что мы заказывали? ",Hmmmmm... Is this everything we ordered?,manual-reviewed-google,google-draft,jazz-units,119369941249,jazz-units:items.lua:115447
120287195956,А чего от них еще ожидать!,А чего от них еще ожидать!,What else can you expect from them!,manual-reviewed-google,google-draft,jazz-units,120287195956 | 224504835002 | 816111949087,jazz-units:items.lua:115862 | jazz-units:items.lua:115975 | jazz-units:items.lua:115767
122264591303,Нужен медик...,Нужен медик...,Need a medic...,manual-reviewed-google,google-draft,jazz-units,122264591303,jazz-units:items.lua:131487
129657430584,Стоун,Стоун,Stone,manual-reviewed-google,google-draft,jazz-units,129657430584 | 910000000008 | 910000001008 | 910000001043 | 910000001054,jazz-units:Code/Mercenary.lua:118 | jazz-units:Code/Legion.lua:10 | jazz-units:Code/Legion.lua:118 | jazz-units:Code/Legion.lua:153 | jazz-units:Code/Legion.lua:164
136635798005,Взрываем?,Взрываем?,Blow it up?,manual-reviewed-google,google-draft,jazz-units,136635798005,jazz-units:items.lua:131700
139409181422,Тяжелое дыхание,Тяжелое дыхание,Heavy breathing,manual-reviewed-google,google-draft,jazz-units,139409181422,jazz-units:items.lua:131491
141311750958,"Опаньки, тут для меня есть работенка. Лежит, кушать не просит...","Опаньки, тут для меня есть работенка. Лежит, кушать не просит...","Well, well, looks like there's work for me here. He's lying there, not asking for food...",manual-reviewed-google,google-draft,jazz-units,141311750958,jazz-units:items.lua:131570
141916904054,"Ты его уложил, как профессионал. В небе я так же точно выхожу на цель","Ты его уложил, как профессионал. В небе я так же точно выхожу на цель",You dropped him like a pro. That's how I line up a target in the air.,manual-reviewed-google,google-draft,jazz-units,141916904054,jazz-units:items.lua:114873
147878975531,Хм-м,Хм-м,Hmmm,manual-reviewed-google,google-draft,jazz-units,147878975531,jazz-units:items.lua:131717
147923369701,"Ниже пояса всё целое, жить будешь!","Ниже пояса всё целое, жить будешь!",Everything below the belt is intact. You'll live!,manual-reviewed-google,google-draft,jazz-units,147923369701,jazz-units:items.lua:131363
148527902634,Картер,Картер,Carter,manual-reviewed-google,google-draft,jazz-units,148527902634,jazz-units:Code/Mercenary.lua:54
149864170243,"Айс, Братан, братиш, нет! Сука! Пизда вам, жирафьи выблядки, со стен соскребать со штукатуркой будут.","Айс, Братан, братиш, нет! Сука! Пизда вам, жирафьи выблядки, со стен соскребать со штукатуркой будут.","Ice! Bro, brother, no! Fuck! You're fucking dead, you giraffe bastards. They'll scrape you off the walls with the plaster.",manual-reviewed-google,google-draft,jazz-units,149864170243,jazz-units:items.lua:131428
150379284613,Аул,Аул,Aul,manual-reviewed-google,google-draft,jazz-units,150379284613,jazz-units:Code/Mercenary.lua:149
157892640315,Роуг,Роуг,Rogue,manual-reviewed-google,google-draft,jazz-units,157892640315,jazz-units:Code/Mercenary.lua:182
162678461029,Давайте его кастрируем? Чтоб больше не шлялся.,Давайте его кастрируем? Чтоб больше не шлялся.,How about we castrate him? Stop him from running around.,manual-reviewed-google,google-draft,jazz-units,162678461029 | 625489049946,jazz-units:items.lua:115931 | jazz-units:items.lua:115865
162767570479,"Есть, начальник! Правда, мне интересно, как это получится.","Есть, начальник! Правда, мне интересно, как это получится.","Yes, boss! Though I wonder how this is going to turn out.",manual-reviewed-google,google-draft,jazz-units,162767570479,jazz-units:items.lua:115194
165619259527,"Ну чо, трафареты! Мама вас к такому не готовила!","Ну чо, трафареты! Мама вас к такому не готовила!","Well, stencils! Your mom didn't prepare you for this!",manual-reviewed-google,google-draft,jazz-units,165619259527,jazz-units:items.lua:131411
165681713241,"Извини, я тут играю в Большого Брата. Просто делаю то, что должен, понимаешь?","Извини, я тут играю в Большого Брата. Просто делаю то, что должен, понимаешь?","Sorry, I'm playing Big Brother here. I just do what I have to do, you know?",manual-reviewed-google,google-draft,jazz-units,165681713241,jazz-units:items.lua:115414
167287521495,"Мля, Майор Спайк, я охуенно рад, что ты теперь на нашей стороне. ","Мля, Майор Спайк, я охуенно рад, что ты теперь на нашей стороне. ","Damn, Major Spike, I'm so fucking glad you're on our side now.",manual-reviewed-google,google-draft,jazz-units,167287521495,jazz-units:items.lua:131681
169899515205,"Это - работа. Так к ней и относитесь. А то тут есть бездельники, которые полагают, что за приключениями пришли.","Это - работа. Так к ней и относитесь. А то тут есть бездельники, которые полагают, что за приключениями пришли.",This is a job. Treat it like one. Some layabouts around here seem to think they came for an adventure.,manual-reviewed-google,google-draft,jazz-units,169899515205,jazz-units:items.lua:115388
182815571901,"""Фраг"", слушаю.","""Фраг"", слушаю.","""Frag"" here.",manual-reviewed-google,google-draft,jazz-units,182815571901,jazz-units:items.lua:131699
183777024912,"Вы были талантливейшим доктором, фройляйн Паук. Ваша грация под шквальным огнем, ваши быстрые пальцы, ваше душевное тепло... Мне остается только надеяться, что когда-нибудь я смогу сравниться с вами. Храни вас господь. ","Вы были талантливейшим доктором, фройляйн Паук. Ваша грация под шквальным огнем, ваши быстрые пальцы, ваше душевное тепло... Мне остается только надеяться, что когда-нибудь я смогу сравниться с вами. Храни вас господь. ","You were a most talented doctor, Fraulein Spider. Your grace under heavy fire, your quick fingers, your warmth... I can only hope that someday I can match you. God bless you.",manual-reviewed-google,google-draft,jazz-units,183777024912,jazz-units:items.lua:139429
190753426804,Коул,Коул,Cole,manual-reviewed-google,google-draft,jazz-units,190753426804 | 910000001099 | 910000001185 | 910000002095,jazz-units:Code/Mercenary.lua:125 | jazz-units:Code/Legion.lua:209 | jazz-units:Code/Legion.lua:295 | jazz-units:Code/Legion.lua:462
192507634851,Триггер,Триггер,Trigger,manual-reviewed-google,google-draft,jazz-units,192507634851,jazz-units:Code/Mercenary.lua:99
198249711216,"Чо, брат, думаешь, ебанет? Да не, не должно.","Чо, брат, думаешь, ебанет? Да не, не должно.","Think it'll blow, bro? Nah, shouldn't.",manual-reviewed-google,google-draft,jazz-units,198249711216,jazz-units:items.lua:131560
200362931034,Следующая задача?,Следующая задача?,Next assignment?,manual-reviewed-google,google-draft,jazz-units,200362931034 | 583199524339 | 934996152027,jazz-units:items.lua:116201 | jazz-units:items.lua:116234 | jazz-units:items.lua:116485
205050620277,"Не представляю, как можно это сделать. Как врач, я стараюсь уважать чужую жизнь, насколько это возможно при такой работе, конечно. Судя по вашей биографии, вы придерживаетесь другой философии. Я очень разборчива когда дело доходит до контракта. Вы для меня слегка... вульгарны, пожалуй.","Не представляю, как можно это сделать. Как врач, я стараюсь уважать чужую жизнь, насколько это возможно при такой работе, конечно. Судя по вашей биографии, вы придерживаетесь другой философии. Я очень разборчива когда дело доходит до контракта. Вы для меня слегка... вульгарны, пожалуй.","I can't imagine how that could work. As a doctor, I try to respect human life—as much as this line of work allows, of course. Your biography suggests a different philosophy. I'm very particular about my contracts, and I find you a little... vulgar.",manual-reviewed-google,google-draft,jazz-units,205050620277 | 207048313891,jazz-units:items.lua:116073 | jazz-units:UnitData/Jazz_Spider.lua:59 | jazz-units:items.lua:116086 | jazz-units:UnitData/Jazz_Spider.lua:72
217996558203,Уф-ф сука,Уф-ф сука,"Ugh, fuck.",manual-reviewed-google,google-draft,jazz-units,217996558203,jazz-units:items.lua:131663
226755462734,Меня прижали!,Меня прижали!,I was pinned down!,manual-reviewed-google,google-draft,jazz-units,226755462734,jazz-units:items.lua:131655
229175344508,Роудс,Роудс,Rhodes,manual-reviewed-google,google-draft,jazz-units,229175344508,jazz-units:Code/Mercenary.lua:53
232768555391,ИВАНОВ,ИВАНОВ,IVANOV,manual-reviewed-google,google-draft,jazz-units,232768555391,jazz-units:items.lua:131011 | jazz-units:UnitData/JAZZ_Ivanov.lua:21
234064899192,Паук,Паук,Spider,manual-reviewed-google,google-draft,jazz-units,234064899192,jazz-units:items.lua:116037 | jazz-units:UnitData/Jazz_Spider.lua:23
246720526618,"Айсберг, в рот тебе Титаник, ты чо, мля?","Айсберг, в рот тебе Титаник, ты чо, мля?","Iceberg, you Titanic-sinking asshole, what the fuck are you doing?",manual-reviewed-google,google-draft,jazz-units,246720526618,jazz-units:items.lua:131450
248179878606,Гм. Что-то мне здесь не нравится...,Гм. Что-то мне здесь не нравится...,Hm. There's something I don't like here...,manual-reviewed-google,google-draft,jazz-units,248179878606,jazz-units:items.lua:115298
248609393738,"Хорошо, что я на твоей стороне.","Хорошо, что я на твоей стороне.",It's good that I'm on your side.,manual-reviewed-google,google-draft,jazz-units,248609393738 | 717512767911,jazz-units:items.lua:115313 | jazz-units:items.lua:115310
253932060437,Руди Робертс «Рысь»,Руди Робертс «Рысь»,"Rudy Roberts ""Lynx""",manual-reviewed-google,google-draft,jazz-units,253932060437,jazz-units:items.lua:114930
255478950698,Очень хорошо! ,Очень хорошо! ,Very good!,manual-reviewed-google,google-draft,jazz-units,255478950698,jazz-units:items.lua:116255
256390393730,Патронов нужных больше нет.,Патронов нужных больше нет.,I'm out of the right ammo.,manual-reviewed-google,google-draft,jazz-units,256390393730,jazz-units:items.lua:131352
258728495811,"Ща как подкрадусь, да как жахну...","Ща как подкрадусь, да как жахну...",I'll sneak up and let 'em have it...,manual-reviewed-google,google-draft,jazz-units,258728495811,jazz-units:items.lua:131400
260016101225,"О, братан, не керосинь, я там че-то видел такое, залупастое!","О, братан, не керосинь, я там че-то видел такое, залупастое!","Whoa, bro, don't freak out. I saw something over there... something real dickish!",manual-reviewed-google,google-draft,jazz-units,260016101225,jazz-units:items.lua:131504
260975148320,Зиро,Зиро,Ziro,manual-reviewed-google,google-draft,jazz-units,260975148320,jazz-units:Code/Mercenary.lua:167
268314076234,Застрельщик,Застрельщик,Skirmisher,manual-reviewed-google,google-draft,jazz-units,268314076234,jazz-units:items.lua:86976 | jazz-units:UnitData/JAZZ_Legion_FlankerT2_Skirmisher.lua:22
269475044150,Схлопотала!,Схлопотала!,Got hit!,manual-reviewed-google,google-draft,jazz-units,269475044150,jazz-units:items.lua:116008
282394383624,На цыпочках.,На цыпочках.,On tiptoe.,manual-reviewed-google,google-draft,jazz-units,282394383624 | 890000000001727,jazz-units:items.lua:131705 | jazz-units:items.lua:116940
284377278908,"Как это? Парни, жопы вниз, стволы наверх, не перепутайте, мля.","Как это? Парни, жопы вниз, стволы наверх, не перепутайте, мля.","How's this? Asses down, barrels up—don't mix 'em up, damn it.",manual-reviewed-google,google-draft,jazz-units,284377278908,jazz-units:items.lua:131724
284541142020,"Сука-аааа, Чо ж так больно то? Брат! Братан! Морфий есть, брат?","Сука-аааа, Чо ж так больно то? Брат! Братан! Морфий есть, брат?","Fuuuck, why does it hurt so much? Bro! Brother! Got any morphine, bro?",manual-reviewed-google,google-draft,jazz-units,284541142020,jazz-units:items.lua:131708
290103631560,Рейнджер,Рейнджер,Ranger,manual-reviewed-google,google-draft,jazz-units,290103631560 | 584093716208 | 890000000000802,jazz-units:items.lua:82146 | jazz-units:UnitData/ThugSniper_Stronger_Elite.lua:20 | jazz-units:Code/Mercenary.lua:136 | jazz-units:items.lua:87346 | jazz-units:UnitData/JAZZ_Legion_FlankerT4_Ranger.lua:22
292221319285,"Подумай еще разок. Меня может вырвать от одной мысли, что придется опять общаться с Рысью. Я просто говорю, что меня... вырвет, именно так.","Подумай еще разок. Меня может вырвать от одной мысли, что придется опять общаться с Рысью. Я просто говорю, что меня... вырвет, именно так.",Think again. Just the thought of dealing with Lynx again makes me sick. I'm saying I will... literally throw up.,manual-reviewed-google,google-draft,jazz-units,292221319285 | 554240280022,jazz-units:items.lua:115538 | jazz-units:UnitData/Jazz_Buzz.lua:76 | jazz-units:items.lua:115557 | jazz-units:UnitData/Jazz_Buzz.lua:95
292603178441,Хантер,Хантер,Hunter,manual-reviewed-google,google-draft,jazz-units,292603178441,jazz-units:Code/Mercenary.lua:96
293764125098,Рэнд,Рэнд,Rand,manual-reviewed-google,google-draft,jazz-units,293764125098,jazz-units:Code/Mercenary.lua:63
295850287322,кряхтит,кряхтит,grunts,manual-reviewed-google,google-draft,jazz-units,295850287322 | 575987062755,jazz-units:items.lua:115159 | jazz-units:items.lua:115160
299186765919,"Блин, верняк же было. Ветер, наверное. Типа, эти пердящие, в смысле восходящие потоки.","Блин, верняк же было. Ветер, наверное. Типа, эти пердящие, в смысле восходящие потоки.","Damn, that was a sure thing. Must've been the wind. You know, those farting—I mean rising—air currents.",manual-reviewed-google,google-draft,jazz-units,299186765919,jazz-units:items.lua:131573
300114486496,"Просто, чтобы ты знал - контракт почти закончен.","Просто, чтобы ты знал - контракт почти закончен.","Just so you know, the contract is almost finished.",manual-reviewed-google,google-draft,jazz-units,300114486496,jazz-units:items.lua:115632 | jazz-units:UnitData/Jazz_Buzz.lua:170
300731724515,"Не хочу никого пугать, но я очень люблю полевую хирургию!","Не хочу никого пугать, но я очень люблю полевую хирургию!","I don't want to scare anyone, but I really love field surgery!",manual-reviewed-google,google-draft,jazz-units,300731724515 | 306584344499 | 426733413761,jazz-units:items.lua:116204 | jazz-units:items.lua:116230 | jazz-units:items.lua:116505
301320309361,"Смотри, какую я для тебя штуку заточил!","Смотри, какую я для тебя штуку заточил!",Look what I sharpened for you!,manual-reviewed-google,google-draft,jazz-units,301320309361,jazz-units:items.lua:131633
302600089671,"Учитывая специфику нашей работы, я требую хотя бы минимум уважения. Я нахожу, что мисс Зондергад весьма невоспитана и чрезвычайно склонна к снобизму. Это просто невыносимо. Извините.","Учитывая специфику нашей работы, я требую хотя бы минимум уважения. Я нахожу, что мисс Зондергад весьма невоспитана и чрезвычайно склонна к снобизму. Это просто невыносимо. Извините.","Given the specifics of our work, I demand at least a minimum of respect. I find Miss Sondergad to be very ill-mannered and extremely prone to snobbery. It's simply unbearable. Sorry.",manual-reviewed-google,google-draft,jazz-units,302600089671,jazz-units:items.lua:116048 | jazz-units:UnitData/Jazz_Spider.lua:34
302993143590,ХА!,ХА!,HA!,manual-reviewed-google,google-draft,jazz-units,302993143590 | 622058629659,jazz-units:items.lua:116529 | jazz-units:items.lua:116425
303615728910,Талон,Талон,Talon,manual-reviewed-google,google-draft,jazz-units,303615728910,jazz-units:Code/Mercenary.lua:134
304060081124,"карабкается, пыхтит","карабкается, пыхтит","climbs, panting",manual-reviewed-google,google-draft,jazz-units,304060081124 | 998509249527,jazz-units:items.lua:116241 | jazz-units:items.lua:116240
307429116238,Свинец нужен.,Свинец нужен.,Need lead.,manual-reviewed-google,google-draft,jazz-units,307429116238 | 598414131441,jazz-units:items.lua:115872 | jazz-units:items.lua:115703
307499851875,Как будто я тебя еще хоть раз вспомню.,Как будто я тебя еще хоть раз вспомню.,Like I'll ever remember you again.,manual-reviewed-google,google-draft,jazz-units,307499851875,jazz-units:items.lua:115687
307810354279,Усиление Пулеметчиков,Усиление Пулеметчиков,Heavy Gunner Reinforcements,manual-reviewed-google,google-draft,jazz-units,307810354279 | 788428589380 | 960739752933,jazz-units:items.lua:102904 | jazz-units:items.lua:103027 | jazz-units:items.lua:102961
313930333855,Походу отвоевался...,Походу отвоевался...,Looks like I'm done fighting...,manual-reviewed-google,google-draft,jazz-units,313930333855,jazz-units:items.lua:131488
316270954127,Кейн,Кейн,Kane,manual-reviewed-google,google-draft,jazz-units,316270954127 | 910000001102 | 910000002012,jazz-units:Code/Mercenary.lua:107 | jazz-units:Code/Legion.lua:212 | jazz-units:Code/Legion.lua:379
316915090294,"Бывший военный, который волей судьбы стал контрабандистом, участвовал в уничтожении режима Кастро на кубе, не подпускайте его близко к Фиделю. На данный момент Барри контрабандист, который вёз нас для выполнения контракта, всех его друзей убили при высадке, да и он сам чуть не погиб, теперь он присоединился к A.I.M.","Бывший военный, волею судьбы ставший контрабандистом. Участвовал в свержении режима Кастро на Кубе — не подпускайте его к Фиделю. Барри доставлял нас на место контракта; при высадке все его друзья погибли, а сам он едва выжил. Теперь он присоединился к A.I.M.","A former soldier turned smuggler by force of circumstance. He helped bring down Castro's regime in Cuba, so keep him away from Fidel. Barry was the smuggler bringing us in for the contract. All his friends were killed during the landing, and he barely survived himself. Now he has joined A.I.M.",manual-reviewed-google,google-draft,jazz-units,316915090294,jazz-units:items.lua:114825 | jazz-units:UnitData/Merc_BarrySeal.lua:28
320066226203,"Ух, хорошо! Лучше не бывает.","Ух, хорошо! Лучше не бывает.","Uh, good! It couldn't be better.",manual-reviewed-google,google-draft,jazz-units,320066226203 | 472871840069 | 519366026133 | 656349721144,jazz-units:items.lua:115316 | jazz-units:items.lua:115304 | jazz-units:items.lua:115335 | jazz-units:items.lua:115146
323677951037,"Да уж, это было ну такое потрясение!","Да уж, это было ну такое потрясение!","Yeah, that was... quite a shock!",manual-reviewed-google,google-draft,jazz-units,323677951037,jazz-units:items.lua:115978
332539396098,Эрни Споук «Фраг»,Эрни Споук «Фраг»,"Ernie Spoke ""Frag""",manual-reviewed-google,google-draft,jazz-units,332539396098,jazz-units:items.lua:131192 | jazz-units:UnitData/JAZZ_Merc_Spouke.lua:21
335649405247,Побеждаем по очкам!,Побеждаем по очкам!,We're winning on points!,manual-reviewed-google,google-draft,jazz-units,335649405247,jazz-units:items.lua:131730
337250145628,"Шансы попасть неплохие. Можно в жбан, можно в яйца.","Шансы попасть неплохие. Можно в жбан, можно в яйца.","Decent chance to hit. Could go for the head, could go for the balls.",manual-reviewed-google,google-draft,jazz-units,337250145628,jazz-units:items.lua:131336
344054099652,"Я заценил, как тут весело, братан. К сожалению, для продолжения веселья необходимо вставить купюру в купюроприемник.","Я заценил, как тут весело, братан. К сожалению, для продолжения веселья необходимо вставить купюру в купюроприемник.","I like how much fun it is here, bro. Unfortunately, you'll need to insert another bill to keep playing.",manual-reviewed-google,google-draft,jazz-units,344054099652,jazz-units:items.lua:131285 | jazz-units:UnitData/JAZZ_Merc_Spouke.lua:114
345107645162,Зачем мне все это барахло?,Зачем мне все это барахло?,Why do I need all this junk?,manual-reviewed-google,google-draft,jazz-units,345107645162,jazz-units:items.lua:115248
345340110773,"Отдел по борьбе с минной опасностью слушает! Шутка, не понял? Твои проблемы, Эрни Споук на проводе.","Отдел по борьбе с минной опасностью слушает! Шутка, не понял? Твои проблемы, Эрни Споук на проводе.",Mine Disposal Department here! Kidding—didn't get it? Your problem. Ernie Spoke speaking.,manual-reviewed-google,google-draft,jazz-units,345340110773,jazz-units:items.lua:131265 | jazz-units:UnitData/JAZZ_Merc_Spouke.lua:94
348025115845,Готова к работе.,Готова к работе.,Ready for work.,manual-reviewed-google,google-draft,jazz-units,348025115845 | 560063196152 | 638363130733 | 690905052800,jazz-units:items.lua:116259 | jazz-units:items.lua:116447 | jazz-units:items.lua:116233 | jazz-units:items.lua:116486
348853551401,"Мне плевать, что так говорить некорректно, но Тоска - просто шлюха... врунья, подстилка, злобная сука... и это не я так говорю, это - объективная истина!","Мне плевать, что так говорить некорректно, но Тоска - просто шлюха... врунья, подстилка, злобная сука... и это не я так говорю, это - объективная истина!","I don't care if it's inappropriate to say, but Tosca is a whore... a liar, a tramp, a vicious bitch... and that's not just my opinion. It's objective fact!",manual-reviewed-google,google-draft,jazz-units,348853551401 | 789999079436,jazz-units:items.lua:115382 | jazz-units:items.lua:115307
352094671058,Шульц,Шульц,Schultz,manual-reviewed-google,google-draft,jazz-units,352094671058,jazz-units:Code/Mercenary.lua:80
353806052937,Еще один!,Еще один!,One more!,manual-reviewed-google,google-draft,jazz-units,353806052937,jazz-units:items.lua:115881
356154625467,"У нас тяжелый! Возможно, убит! Медика к нему!","У нас тяжелый! Возможно, убит! Медика к нему!",We've got a man down! Might be dead! Get a medic over there!,manual-reviewed-google,google-draft,jazz-units,356154625467,jazz-units:items.lua:131745
369806659349,"Пошел, раз-два!","Пошел, раз-два!","Move it, double time!",manual-reviewed-google,google-draft,jazz-units,369806659349,jazz-units:items.lua:131394
373784449831,Я могла бы сделать и побольше.,Я могла бы сделать и побольше.,I could've done more.,manual-reviewed-google,google-draft,jazz-units,373784449831,jazz-units:items.lua:115755
374415667329,"По поводу операции есть известные сомнения, сечешь, шеф? Но, раз уж на тебя работает Рысь... О'кей, я в деле.","По поводу операции есть известные сомнения, сечешь, шеф? Но, раз уж на тебя работает Рысь... О'кей, я в деле.","I've got some doubts about this op, you dig, boss? But since you've got Lynx working for you... Okay, I'm in.",manual-reviewed-google,google-draft,jazz-units,374415667329,jazz-units:items.lua:132653 | jazz-units:UnitData/Wolf.lua:98
375526940418,"Наконец-то! Хоть есть, чему порадоваться.","Наконец-то! Хоть есть, чему порадоваться.",Finally! Something to celebrate.,manual-reviewed-google,google-draft,jazz-units,375526940418 | 718716176780,jazz-units:items.lua:116407 | jazz-units:items.lua:116541
375719718344,"Дерьмо! Дерьмо! Дерьмо! Если мне попадется хоть что-нибудь приличное, что можно отнести к снаряжению, я точно буду знать, что это ошибка.","Дерьмо! Дерьмо! Дерьмо! Если мне попадется хоть что-нибудь приличное, что можно отнести к снаряжению, я точно буду знать, что это ошибка.","Shit! Shit! Shit! If I ever find a decent piece of gear, I'll know it was a mistake.",manual-reviewed-google,google-draft,jazz-units,375719718344 | 990654874464,jazz-units:items.lua:115812 | jazz-units:items.lua:115815
381361568373,Есть - стать невидимым!,Есть - стать невидимым!,Sure—go invisible!,manual-reviewed-google,google-draft,jazz-units,381361568373,jazz-units:items.lua:131703
384096176225,Добавь меня к списку.,Добавь меня к списку.,Add me to the list.,manual-reviewed-google,google-draft,jazz-units,384096176225 | 556919213671,jazz-units:items.lua:116258 | jazz-units:items.lua:116445
384723366977,"Я пока занят. Свяжись со мной завтра, послезавтра или когда-нибудь еще.","Я пока занят. Свяжись со мной завтра, послезавтра или когда-нибудь еще.","I'm busy. Call me tomorrow, the day after, or whenever.",manual-reviewed-google,google-draft,jazz-units,384723366977,jazz-units:items.lua:131260 | jazz-units:UnitData/JAZZ_Merc_Spouke.lua:89
385062947136,Леруа,Леруа,Leroy,manual-reviewed-google,google-draft,jazz-units,385062947136,jazz-units:Code/Mercenary.lua:68
385964216057,Ну давай похимичим.,Ну давай похимичим.,"All right, let's do some chemistry.",manual-reviewed-google,google-draft,jazz-units,385964216057,jazz-units:items.lua:131331
393390295731,Понеслась!,Понеслась!,Let's go!,manual-reviewed-google,google-draft,jazz-units,393390295731,jazz-units:items.lua:131413
397718810214,"Я знаю, что так думать немодно, но я думаю, что дело женщин - ходить босиком и вынашивать детей. Подождите немного, люди к этому еще вернутся!","Я знаю, что так думать немодно, но я думаю, что дело женщин - ходить босиком и вынашивать детей. Подождите немного, люди к этому еще вернутся!","I know it's unfashionable to think this way, but I think it's women's job to go barefoot and bear children. Wait a little, people will come back to this!",manual-reviewed-google,google-draft,jazz-units,397718810214,jazz-units:items.lua:115385
398154207634,Хейз,Хейз,Hayes,manual-reviewed-google,google-draft,jazz-units,398154207634,jazz-units:Code/Mercenary.lua:132
399210040383,Тут долго не поуворачиваешься!,Тут долго не поуворачиваешься!,Can't keep dodging here forever!,manual-reviewed-google,google-draft,jazz-units,399210040383 | 659277276887,jazz-units:items.lua:116523 | jazz-units:items.lua:116263
414979988250,Ща всех так шомполами в ухо перещелкаем.,Ща всех так шомполами в ухо перещелкаем.,We'll ramrod every last one right through the ear.,manual-reviewed-google,google-draft,jazz-units,414979988250,jazz-units:items.lua:131637
416911739915,Чемуренга,Чемуренга,Chemurenga,manual-reviewed-google,google-draft,jazz-units,416911739915,jazz-units:items.lua:93749 | jazz-units:UnitData/Chimurenga.lua:22
421502914635,"О, вроде даже блестит.","О, вроде даже блестит.","Oh, it even seems to sparkle.",manual-reviewed-google,google-draft,jazz-units,421502914635,jazz-units:items.lua:131541
424907470239,"Майор Спайк, самое время показать нам, кого боится весь Гранд-Чиен! Перегнул с пафосом, да?","Майор Спайк, самое время показать нам, кого боится весь Гранд-Чиен! Перегнул с пафосом, да?","Major Spike, time to show us who the whole of Grand Chien fears! Too dramatic, huh?",manual-reviewed-google,google-draft,jazz-units,424907470239,jazz-units:items.lua:131591
433488347204,"Шарлин! Нет! Прости-прости-прости! Как я могла? Зачем я вообще взяла в руки оружие? Вокруг меня все умирают, я проклята!","Шарлин! Нет! Прости-прости-прости! Как я могла? Зачем я вообще взяла в руки оружие? Вокруг меня все умирают, я проклята!","Charlene! No! Sorry, sorry, sorry! How could I? Why did I even pick up a weapon? Everyone around me is dying, I'm cursed!",manual-reviewed-google,google-draft,jazz-units,433488347204,jazz-units:items.lua:116354
437565517773,Каратель,Каратель,Punisher,manual-reviewed-google,google-draft,jazz-units,437565517773,jazz-units:items.lua:85158 | jazz-units:UnitData/JAZZ_Legion_AssaultT3_Punisher.lua:22
438710259074,Рено,Рено,Renault,manual-reviewed-google,google-draft,jazz-units,438710259074,jazz-units:Code/Mercenary.lua:76
442187410309,Тяжелый Отряд Легиона,Тяжелый Отряд Легиона,Legion Heavy Squad,manual-reviewed-google,google-draft,jazz-units,442187410309,jazz-units:items.lua:97726
442517621864,"Мля... Вот не первый раз замужем, а больно все так же.","Мля... Вот не первый раз замужем, а больно все так же.","Fuck... This isn't my first rodeo, but it hurts just as much.",manual-reviewed-google,google-draft,jazz-units,442517621864,jazz-units:items.lua:131788
450984196945,"Чо говоришь, Майором сам Скэллион был? Кремень мужик, наслышан, наслышан. Мля, чет очень хочу посмотреть, чем у вас там все кончится. Возьмешь?","Чо говоришь, Майором сам Скэллион был? Кремень мужик, наслышан, наслышан. Мля, чет очень хочу посмотреть, чем у вас там все кончится. Возьмешь?","What, Scallion himself was a Major? Tough bastard, heard plenty about him. Damn, now I really want to see how things end for you. You taking me?",manual-reviewed-google,google-draft,jazz-units,450984196945,jazz-units:items.lua:131232 | jazz-units:UnitData/JAZZ_Merc_Spouke.lua:61
461382179970,"Я скоро возвращаюсь домой - просто, чтобы ты об этом знал. ","Я скоро возвращаюсь домой - просто, чтобы ты об этом знал. ",I'm heading home soon—just so you know.,manual-reviewed-google,google-draft,jazz-units,461382179970,jazz-units:items.lua:114979
464401977453,Я готовлю работу по лечению связаных с потерей крови лихорадочных сотояний в полевых условиях.,"Я готовлю работу о лечении лихорадочных состояний, вызванных потерей крови, в полевых условиях.",I'm writing a paper on treating fever caused by blood loss in field conditions.,manual-reviewed-google,google-draft,jazz-units,464401977453,jazz-units:items.lua:116338
465052823647,Черт!,Черт!,Damn!,manual-reviewed-google,google-draft,jazz-units,465052823647 | 957064295330,jazz-units:items.lua:116418 | jazz-units:items.lua:116388
467605323713,Эээй... подожди. Запыхался.,Эээй... подожди. Запыхался.,Uh... wait. Out of breath.,manual-reviewed-google,google-draft,jazz-units,467605323713,jazz-units:items.lua:115441
470315892047,Марк,Марк,Mark,manual-reviewed-google,google-draft,jazz-units,470315892047 | 752313157566,jazz-units:Code/Mercenary.lua:164 | jazz-units:Code/Mercenary.lua:12
479861700346,Получи! Мы их всех прикончили!,Получи! Мы их всех прикончили!,Take that! We got them all!,manual-reviewed-google,google-draft,jazz-units,479861700346,jazz-units:items.lua:115169
482785201411,Ущипните меня!,Ущипните меня!,Pinch me!,manual-reviewed-google,google-draft,jazz-units,482785201411,jazz-units:items.lua:115828
487267925473,"Спасибо, что дали мне возможность поработать с вашей командой. ","Спасибо, что дали мне возможность поработать с вашей командой. ",Thank you for giving me the opportunity to work with your team.,manual-reviewed-google,google-draft,jazz-units,487267925473,jazz-units:items.lua:116269
494601902542,Ни черта не вижу!,Ни черта не вижу!,I can't see a damn thing!,manual-reviewed-google,google-draft,jazz-units,494601902542,jazz-units:items.lua:115785
498155992830,Бэнкс,Бэнкс,Banks,manual-reviewed-google,google-draft,jazz-units,498155992830 | 910000001139 | 910000002049,jazz-units:Code/Mercenary.lua:47 | jazz-units:Code/Legion.lua:249 | jazz-units:Code/Legion.lua:416
498160374265,Рейвен,Рейвен,Raven,manual-reviewed-google,google-draft,jazz-units,498160374265,jazz-units:Code/Mercenary.lua:94
498910270585,Ой!,Ой!,Oh!,manual-reviewed-google,google-draft,jazz-units,498910270585 | 569056152986 | 890000000006337,jazz-units:items.lua:115921 | jazz-units:items.lua:115368 | jazz-units:items.lua:121875
500086555472,"Ты заметил, как я стреляю? Я умею обращаться с любым оружием!","Ты заметил, как я стреляю? Я умею обращаться с любым оружием!",Have you noticed how I shoot? I can handle any weapon!,manual-reviewed-google,google-draft,jazz-units,500086555472,jazz-units:items.lua:115619 | jazz-units:UnitData/Jazz_Buzz.lua:157
500434425609,Слушай внимательно. Я сказала...,Слушай внимательно. Я сказала...,Listen carefully. I said...,manual-reviewed-google,google-draft,jazz-units,500434425609,jazz-units:items.lua:115614 | jazz-units:UnitData/Jazz_Buzz.lua:152
502680326984,"Капрал, мля, это чо за новые методы командования?","Капрал, мля, это чо за новые методы командования?","Corporal, what the fuck are these new command methods?",manual-reviewed-google,google-draft,jazz-units,502680326984,jazz-units:items.lua:131454
502992010509,"Вот это их размножило, мля, как под копирку!","Вот это их размножило, мля, как под копирку!","Damn, there are so many of them, like they came off a copier!",manual-reviewed-google,google-draft,jazz-units,502992010509,jazz-units:items.lua:131648
508166946977,Легче шаг...,Легче шаг...,Easy now...,manual-reviewed-google,google-draft,jazz-units,508166946977,jazz-units:items.lua:131399
509015221107,"Ну все, хана. Накрылась маскировочка.","Ну все, хана. Накрылась маскировочка.","That's it, we're screwed. So much for concealment.",manual-reviewed-google,google-draft,jazz-units,509015221107,jazz-units:items.lua:131405
512115282353,"Я нахожу, что мисс Зондергад весьма невоспитана и чрезвычайно склонна к снобизму. Это просто невыносимо. ","Я нахожу, что мисс Зондергад весьма невоспитана и чрезвычайно склонна к снобизму. Это просто невыносимо. ",I find Miss Sondergad to be very ill-mannered and extremely prone to snobbery. It's simply unbearable.,manual-reviewed-google,google-draft,jazz-units,512115282353,jazz-units:items.lua:116394
513237077073,"Если каждый виноват, где ж на всех набрать гранат?","Если каждый виноват, где ж на всех набрать гранат?","If everyone's guilty, where do we find enough grenades for them all?",manual-reviewed-google,google-draft,jazz-units,513237077073,jazz-units:items.lua:131550
514280209635,"Если не шуметь - можно услышать, как другие сами себя выдают","Если не шуметь - можно услышать, как другие сами себя выдают",Keep quiet and you can hear people give themselves away.,manual-reviewed-google,google-draft,jazz-units,514280209635,jazz-units:items.lua:114893
515353939957,"Я рада, что все закончилось. Врагов здесь не осталось, только их потери в живой силе!","Я рада, что все закончилось. Врагов здесь не осталось, только их потери в живой силе!",I'm glad it's over. No enemies left—only enemy casualties!,manual-reviewed-google,google-draft,jazz-units,515353939957,jazz-units:items.lua:116250
515735951720,Палач,Палач,Executioner,manual-reviewed-google,google-draft,jazz-units,515735951720 | 890000000000186,jazz-units:items.lua:81175 | jazz-units:UnitData/ThugGoon_Stronger_Elite.lua:19 | jazz-units:items.lua:85263 | jazz-units:UnitData/JAZZ_Legion_AssaultT4_Headsman.lua:21
524906689913,"Все, я ложусь. Скоро буду опять готова к работе.","Все, я ложусь. Скоро буду опять готова к работе.","That's it, I'm turning in. I'll be ready for work again soon.",manual-reviewed-google,google-draft,jazz-units,524906689913,jazz-units:items.lua:116299
527385177589,"Ну че парни, понабиваем Фрагов?","Ну че парни, понабиваем Фрагов?","All right, boys, let's rack up some frags!",manual-reviewed-google,google-draft,jazz-units,527385177589,jazz-units:items.lua:131422
529158036479,"Как на ладони, бро.","Как на ладони, бро.","Clear as day, bro.",manual-reviewed-google,google-draft,jazz-units,529158036479,jazz-units:items.lua:131339
530556568332,"Это и правда было так близко, или мне показалось?","Это и правда было так близко, или мне показалось?","Was it really that close, or was it just my imagination?",manual-reviewed-google,google-draft,jazz-units,530556568332,jazz-units:items.lua:116437
531159738476,"Братан, не шелести. Видишь, серьезные дяди рамсят. Сховайся пока.","Братан, не шелести. Видишь, серьезные дяди рамсят. Сховайся пока.","Bro, keep it down. Serious people are having it out. Stay hidden for now.",manual-reviewed-google,google-draft,jazz-units,531159738476,jazz-units:items.lua:131606
536792876890,"Щас мисс Зондергадина бы завернула чо-нить трехэтажное, но без мата.","Щас мисс Зондергадина бы завернула чо-нить трехэтажное, но без мата.",Miss Zondergad would come up with a three-story insult right about now—without a single swear.,manual-reviewed-google,google-draft,jazz-units,536792876890,jazz-units:items.lua:131581
545864137921,Вот им и конец!,Вот им и конец!,That's the end of them!,manual-reviewed-google,google-draft,jazz-units,545864137921,jazz-units:items.lua:115869
546032242947,Пироман,Пироман,Pyromaniac,manual-reviewed-google,google-draft,jazz-units,546032242947,jazz-units:items.lua:84805 | jazz-units:UnitData/JAZZ_Legion_AssaultT2_Pyro.lua:22
549151219359,Фрагу - фраг!,Фрагу - фраг!,A frag for Frag!,manual-reviewed-google,google-draft,jazz-units,549151219359,jazz-units:items.lua:131615
558500899025,"Слушай, почему, если мужчина мне что-то присылает, в коробке всегда оказывается чуть меньше того, что я ожидала?","Слушай, почему, если мужчина мне что-то присылает, в коробке всегда оказывается чуть меньше того, что я ожидала?","Listen, why is it that if a man sends me something, the box always turns out to be a little less than what I expected?",manual-reviewed-google,google-draft,jazz-units,558500899025,jazz-units:items.lua:115981
564874178676,Заперто!,Заперто!,Locked!,manual-reviewed-google,google-draft,jazz-units,564874178676,jazz-units:items.lua:115770
571903284610,Смоук,Смоук,Smoke,manual-reviewed-google,google-draft,jazz-units,571903284610 | 910000000010 | 910000001018 | 910000001249 | 910000002170,jazz-units:Code/Mercenary.lua:154 | jazz-units:Code/Legion.lua:12 | jazz-units:Code/Legion.lua:128 | jazz-units:Code/Legion.lua:359 | jazz-units:Code/Legion.lua:537
574920684105,Хоук,Хоук,Hawk,manual-reviewed-google,google-draft,jazz-units,574920684105,jazz-units:Code/Mercenary.lua:115
582562373198,Фига! Это чо у меня за патроны крышесносные такие?,Фига! Это чо у меня за патроны крышесносные такие?,Damn! What kind of mind-blowing ammo am I packing?,manual-reviewed-google,google-draft,jazz-units,582562373198,jazz-units:items.lua:131629
587748488427,Диверсант,Диверсант,Saboteur,manual-reviewed-google,google-draft,jazz-units,587748488427 | 890000000001347,jazz-units:items.lua:89237 | jazz-units:UnitData/ArmyCommando_Scout.lua:20 | jazz-units:items.lua:94744 | jazz-units:UnitData/RebelFlanker.lua:22
590273814602,Фалкон,Фалкон,Falcon,manual-reviewed-google,google-draft,jazz-units,590273814602,jazz-units:Code/Mercenary.lua:146
596939489153,"Я еще жив... ох, боюсь сглазить!","Я еще жив... ох, боюсь сглазить!","I'm still alive... oh, I'm afraid I'll jinx it!",manual-reviewed-google,google-draft,jazz-units,596939489153,jazz-units:items.lua:115212
600879852371,Фрагу-Фраг! Вот так-то!,Фрагу-Фраг! Вот так-то!,Frag gets a frag! That's how it's done!,manual-reviewed-google,google-draft,jazz-units,600879852371,jazz-units:items.lua:131416
601932715102,Гост,Гост,GOST,manual-reviewed-google,google-draft,jazz-units,601932715102 | 910000000027,jazz-units:Code/Mercenary.lua:91 | jazz-units:Code/Legion.lua:29
603365739040,Тут эта отрыжка носорога че-то бычит на меня.,Тут эта отрыжка носорога че-то бычит на меня.,This rhino belch is squaring up to me.,manual-reviewed-google,google-draft,jazz-units,603365739040,jazz-units:items.lua:131555
609010784993,Слаба старушка к старости глазами стала...,Слаба старушка к старости глазами стала...,The old girl's eyes aren't what they used to be...,manual-reviewed-google,google-draft,jazz-units,609010784993,jazz-units:items.lua:131577
609243624096,смылся,смылся,ran off,manual-reviewed-google,google-draft,jazz-units,609243624096,jazz-units:items.lua:131672
609347215896,Эш,Эш,Ash,manual-reviewed-google,google-draft,jazz-units,609347215896,jazz-units:Code/Mercenary.lua:119
610487125242,"Вот это я называю ""накрыло Айсбергом"", мля!","Вот это я называю ""накрыло Айсбергом"", мля!","That's what I call getting hit by an Iceberg, damn it!",manual-reviewed-google,google-draft,jazz-units,610487125242,jazz-units:items.lua:131675
613989791386,"И чо это за говно ты мне выдал? Не, вот ты щас серьезно, командир, не бздишь? В натуре? Ну дела...","И чо это за говно ты мне выдал? Не, вот ты щас серьезно, командир, не бздишь? В натуре? Ну дела...","What the fuck did you give me? Seriously, commander, no bullshit? For real? Well, damn...",manual-reviewed-google,google-draft,jazz-units,613989791386,jazz-units:items.lua:131512
614304015048,Охранение лагеря,Охранение лагеря,Camp Guard,manual-reviewed-google,google-draft,jazz-units,614304015048,jazz-units:items.lua:96824
615526883141,"Послушайте, у меня есть и другие дела на сегодня!","Послушайте, у меня есть и другие дела на сегодня!","Listen, I have other things to do today!",manual-reviewed-google,google-draft,jazz-units,615526883141,jazz-units:items.lua:116414
618740402029,"Правда, мне интересно, как это получится.","Правда, мне интересно, как это получится.",Though I do wonder how it will turn out.,manual-reviewed-google,google-draft,jazz-units,618740402029,jazz-units:items.lua:115132
623103654662,Прыжок 2,Прыжок 2,Jump 2,manual-reviewed-google,google-draft,jazz-units,623103654662,jazz-units:items.lua:131516
624951576698,Вот это я называю Биг-Бада-Бум!,Вот это я называю Биг-Бада-Бум!,Now that's what I call Big Bada Boom!,manual-reviewed-google,google-draft,jazz-units,624951576698,jazz-units:items.lua:131597
625760841709,"Если ты решил бить своих, чтоб чужие боялись, я тебе щас рожу то подправлю, клоун!","Если ты решил бить своих, чтоб чужие боялись, я тебе щас рожу то подправлю, клоун!","If you're beating your own so the enemy will fear you, I'll rearrange your face right now, clown!",manual-reviewed-google,google-draft,jazz-units,625760841709,jazz-units:items.lua:131461
628384640115,"Глянем, чо там такое.","Глянем, чо там такое.",Let's see what's there.,manual-reviewed-google,google-draft,jazz-units,628384640115,jazz-units:items.lua:131537
628621056311,Чужаки!,Чужаки!,Intruders!,manual-reviewed-google,google-draft,jazz-units,628621056311,jazz-units:items.lua:115878
637504933318,"Вещь лежит. Типа, не нужная никому.","Вещь лежит. Типа, не нужная никому.",There's stuff lying around. Like nobody needs it.,manual-reviewed-google,google-draft,jazz-units,637504933318,jazz-units:items.lua:131538
637518490271,Леклер,Леклер,Leclerc,manual-reviewed-google,google-draft,jazz-units,637518490271,jazz-units:Code/Mercenary.lua:71
637682304626,Где противогаз?,Где противогаз?,Where's the gas mask?,manual-reviewed-google,google-draft,jazz-units,637682304626,jazz-units:items.lua:131465
638205914703,Дог,Дог,Dog,manual-reviewed-google,google-draft,jazz-units,638205914703 | 910000000015 | 910000001014 | 910000001250 | 910000002171,jazz-units:Code/Mercenary.lua:102 | jazz-units:Code/Legion.lua:17 | jazz-units:Code/Legion.lua:124 | jazz-units:Code/Legion.lua:360 | jazz-units:Code/Legion.lua:538
641193627757,"Ну, я немного удивлен, но.. это ведь твоя война! Делай, как считаешь нужным.","Ну, я немного удивлен, но.. это ведь твоя война! Делай, как считаешь нужным.","Well, I'm a little surprised, but... this is your war! Do as you see fit.",manual-reviewed-google,google-draft,jazz-units,641193627757,jazz-units:items.lua:115420
644672895006,"Я не люблю обращаться за рекомендациями, но послушай - спроси обо мне любого из наших. Я очень надежен!","Я не люблю обращаться за рекомендациями, но послушай - спроси обо мне любого из наших. Я очень надежен!","I don't like asking for references, but ask any of our people about me. I'm very reliable!",manual-reviewed-google,google-draft,jazz-units,644672895006,jazz-units:items.lua:115059
644740807099,"Окей, насчет этой работы договорились.","Окей, насчет этой работы договорились.","Okay, we have a deal.",manual-reviewed-google,google-draft,jazz-units,644740807099,jazz-units:items.lua:115119
650935403616,Осечка. Надо вытащить патрон.,Осечка. Надо вытащить патрон.,Misfire. Need to clear the round.,manual-reviewed-google,google-draft,jazz-units,650935403616,jazz-units:items.lua:116547
654032335337,Чем могу служить?,Чем могу служить?,How may I serve?,manual-reviewed-google,google-draft,jazz-units,654032335337,jazz-units:items.lua:116443
654345259101,А почему я должна об этом беспокоиться?,А почему я должна об этом беспокоиться?,Why should I worry about this?,manual-reviewed-google,google-draft,jazz-units,654345259101 | 861692069775,jazz-units:items.lua:115713 | jazz-units:items.lua:115906
659760847936,"Ты чо уши греешь, Рейдер?","Ты чо уши греешь, Рейдер?","You eavesdropping, Raider?",manual-reviewed-google,google-draft,jazz-units,659760847936,jazz-units:items.lua:131150
661838275086,Ммм... Гм... хорошо подогнано!,Ммм... Гм... хорошо подогнано!,Mmm... Hmm... fits well!,manual-reviewed-google,google-draft,jazz-units,661838275086,jazz-units:items.lua:115850
675722179704,Я с нетерпением жду новых заданий.,Я с нетерпением жду новых заданий.,I'm looking forward to new assignments.,manual-reviewed-google,google-draft,jazz-units,675722179704 | 840176309304,jazz-units:items.lua:116446 | jazz-units:items.lua:116260
682930415207,Хоукс,Хоукс,Hawks,manual-reviewed-google,google-draft,jazz-units,682930415207,jazz-units:Code/Mercenary.lua:65
683910542719,Кристал,Кристал,Crystal,manual-reviewed-google,google-draft,jazz-units,683910542719,jazz-units:Code/Mercenary.lua:180
683983528014,"Внимание, все! Что-то мне хочется кого-нибудь убить!","Внимание, все! Что-то мне хочется кого-нибудь убить!","Listen up, everyone! I feel like killing somebody!",manual-reviewed-google,google-draft,jazz-units,683983528014 | 943363007045,jazz-units:items.lua:115803 | jazz-units:items.lua:115738
684046837445,"Шире шаг! В канаву не е... свались, мля!","Шире шаг! В канаву не е... свались, мля!","Pick up the pace! Don't f— fall into the ditch, damn it!",manual-reviewed-google,google-draft,jazz-units,684046837445,jazz-units:items.lua:131473
686283466520,Потрясно!,Потрясно!,Amazing!,manual-reviewed-google,google-draft,jazz-units,686283466520 | 700625945946 | 834546728463,jazz-units:items.lua:115333 | jazz-units:items.lua:115292 | jazz-units:items.lua:115235
686859182168,"То, что доктор прописал!","То, что доктор прописал!",Just what the doctor ordered!,manual-reviewed-google,google-draft,jazz-units,686859182168,jazz-units:items.lua:131478
697121656343,Там что-то есть...,Там что-то есть...,There's something there...,manual-reviewed-google,google-draft,jazz-units,697121656343,jazz-units:items.lua:116367
699018947084,"Ох, будь оно неладно!","Ох, будь оно неладно!","Oh, damn it!",manual-reviewed-google,google-draft,jazz-units,699018947084,jazz-units:items.lua:115289
699356854886,"Он сказал: ""курлык""!","Он сказал: ""курлык""!",He said “coo-roo-koo”!,manual-reviewed-google,google-draft,jazz-units,699356854886,jazz-units:items.lua:131617
704359125870,Торн,Торн,Thorne,manual-reviewed-google,google-draft,jazz-units,704359125870,jazz-units:Code/Mercenary.lua:58
707682431232,Ух-ты!,Ух-ты!,Wow!,manual-reviewed-google,google-draft,jazz-units,707682431232,jazz-units:items.lua:116335
708964251739,Кроу,Кроу,Crow,manual-reviewed-google,google-draft,jazz-units,708964251739,jazz-units:Code/Mercenary.lua:108
711131072956,"Ну чо, беру побольше пластмассы всякой разной. Ну знаешь, чтоб все по-серьезному было. Давай, до связи, командир.","Ну чо, беру побольше пластмассы всякой разной. Ну знаешь, чтоб все по-серьезному было. Давай, до связи, командир.","All right, I'll pack plenty of plastic. You know, so we do this properly. See you, commander.",manual-reviewed-google,google-draft,jazz-units,711131072956,jazz-units:items.lua:131280 | jazz-units:UnitData/JAZZ_Merc_Spouke.lua:109
711879444074,"Только тапки брызнули, ха-ха!","Только тапки брызнули, ха-ха!","Ran so fast his slippers flew off, ha-ha!",manual-reviewed-google,google-draft,jazz-units,711879444074,jazz-units:items.lua:131628
713775236023,Вещь!,Вещь!,Now that's something!,manual-reviewed-google,google-draft,jazz-units,713775236023 | 928018472744,jazz-units:items.lua:115999 | jazz-units:items.lua:115806
716767204533,Дай мне еще не много времени на анализ ситуации - а тогда уж и поговорим.,Дай мне еще не много времени на анализ ситуации - а тогда уж и поговорим.,Give me a little more time to analyze the situation—then we'll talk.,manual-reviewed-google,google-draft,jazz-units,716767204533,jazz-units:items.lua:116317
738083497715,"Мля! Вот что случается, если мужика пасти в прицеле постоянно! Забыл я, что он наш теперь.","Мля! Вот что случается, если мужика пасти в прицеле постоянно! Забыл я, что он наш теперь.",Fuck! That's what happens when you keep a man in your sights too long! Forgot he's on our side now.,manual-reviewed-google,google-draft,jazz-units,738083497715,jazz-units:items.lua:131525
743209815207,Флинт,Флинт,Flint,manual-reviewed-google,google-draft,jazz-units,743209815207,jazz-units:Code/Mercenary.lua:126
746266615640,Да ради бога.,Да ради бога.,"Oh, for God's sake.",manual-reviewed-google,google-draft,jazz-units,746266615640,jazz-units:items.lua:115790
748269501253,Стил,Стил,Steele,manual-reviewed-google,google-draft,jazz-units,748269501253,jazz-units:Code/Mercenary.lua:98
749239410975,"Не человек, а куча мусора.","Не человек, а куча мусора.",Not a man—just a pile of trash.,manual-reviewed-google,google-draft,jazz-units,749239410975,jazz-units:items.lua:115343
749937406773,Ну че?,Ну че?,So what?,manual-reviewed-google,google-draft,jazz-units,749937406773,jazz-units:items.lua:115399
752313157558,Майк,Майк,Mike,manual-reviewed-google,google-draft,jazz-units,752313157558 | 890000000002303,jazz-units:Code/Mercenary.lua:4 | jazz-units:items.lua:118750 | jazz-units:UnitData/Jazz_Mike.lua:24
752313157559,Том,Том,Tom,manual-reviewed-google,google-draft,jazz-units,752313157559,jazz-units:Code/Mercenary.lua:5
752313157563,Блейк,Блейк,Blake,manual-reviewed-google,google-draft,jazz-units,752313157563,jazz-units:Code/Mercenary.lua:9
752313157571,Росс,Росс,Ross,manual-reviewed-google,google-draft,jazz-units,752313157571,jazz-units:Code/Mercenary.lua:17
752313157572,Рой,Рой,Roy,manual-reviewed-google,google-draft,jazz-units,752313157572,jazz-units:Code/Mercenary.lua:18
752313157575,Эд,Эд,Ed,manual-reviewed-google,google-draft,jazz-units,752313157575,jazz-units:Code/Mercenary.lua:21
752313157576,Жан,Жан,Jean,manual-reviewed-google,google-draft,jazz-units,752313157576 | 920000000083,jazz-units:Code/Mercenary.lua:22 | jazz-units:Code/Rebels.lua:85
752313157578,Матьё,Матьё,Mathieu,manual-reviewed-google,google-draft,jazz-units,752313157578,jazz-units:Code/Mercenary.lua:24
752313157583,Шарль,Шарль,Charles,manual-reviewed-google,google-draft,jazz-units,752313157583,jazz-units:Code/Mercenary.lua:29
752313157586,Эрих,Эрих,Erich,manual-reviewed-google,google-draft,jazz-units,752313157586,jazz-units:Code/Mercenary.lua:32
752313157588,Конрад,Конрад,Conrad,manual-reviewed-google,google-draft,jazz-units,752313157588 | 890000000002203,jazz-units:Code/Mercenary.lua:34 | jazz-units:items.lua:118379 | jazz-units:UnitData/Jazz_Conrad.lua:23
752313157592,Томас,Томас,Thomas,manual-reviewed-google,google-draft,jazz-units,752313157592,jazz-units:Code/Mercenary.lua:38
753330501613,Луиза Гарно «Тоска»,Луиза Гарно «Тоска»,"Louise Garneau ""Tosca""",manual-reviewed-google,google-draft,jazz-units,753330501613,jazz-units:items.lua:115483 | jazz-units:UnitData/Jazz_Buzz.lua:21
757219972483,"Четыре лапы, пятый хвост. Ободранный весь, мля.","Четыре лапы, пятый хвост. Ободранный весь, мля.","Four paws and a fifth tail. Skinned all over, damn it.",manual-reviewed-google,google-draft,jazz-units,757219972483,jazz-units:items.lua:131623
759861895798,"Не представляю, как. Тебе наверняка придется продать свой труп на опыты, чтобы мне заплатить, а я столько ждать не собираюсь.","Не представляю, как. Тебе наверняка придется продать свой труп на опыты, чтобы мне заплатить, а я столько ждать не собираюсь.","Can't see how. You'd probably have to sell your corpse to science to pay me, and I'm not waiting that long.",manual-reviewed-google,google-draft,jazz-units,759861895798,jazz-units:items.lua:115517 | jazz-units:UnitData/Jazz_Buzz.lua:55
761023690098,"Еще где-то шхерятся, шакалы.","Еще где-то шхерятся, шакалы.",More of those jackals hiding somewhere.,manual-reviewed-google,google-draft,jazz-units,761023690098,jazz-units:items.lua:131377
761300945659,"Только дай мне шанс, и вы все - покойники!","Только дай мне шанс, и вы все - покойники!","Just give me a chance, and you'll all be dead!",manual-reviewed-google,google-draft,jazz-units,761300945659 | 777877015086 | 977499535307 | 985270049400,jazz-units:items.lua:115928 | jazz-units:items.lua:115984 | jazz-units:items.lua:115966 | jazz-units:items.lua:115925
762951840537,Дрейк,Дрейк,Drake,manual-reviewed-google,google-draft,jazz-units,762951840537,jazz-units:Code/Mercenary.lua:130
766354442971,(Выдох) Устал.,(Выдох) Устал.,(Exhales) Tired.,manual-reviewed-google,google-draft,jazz-units,766354442971,jazz-units:items.lua:131764
770346872189,Берегите глазки!,Берегите глазки!,Watch your eyes!,manual-reviewed-google,google-draft,jazz-units,770346872189,jazz-units:items.lua:131713
772618679769,"Твоюж мать, тебе бы руки вырвать. Не умеешь не берись.","Твоюж мать, тебе бы руки вырвать. Не умеешь не берись.","Goddamn, somebody ought to rip your arms off. Don't touch it if you don't know how.",manual-reviewed-google,google-draft,jazz-units,772618679769,jazz-units:items.lua:131495
775919735090,"Ну ты че, Айсберг, как так-то? Верняк же было.","Ну ты че, Айсберг, как так-то? Верняк же было.","Come on, Iceberg, how'd you miss that? It was a sure thing.",manual-reviewed-google,google-draft,jazz-units,775919735090,jazz-units:items.lua:131584
783823719369,бежалка,бежалка,Hoppity-hop,manual-reviewed-google,google-draft,jazz-units,783823719369 | 929151113578,jazz-units:items.lua:115818 | jazz-units:items.lua:115819
783911262884,Я встала и уже у станка!,Я встала и уже у станка!,I'm up and already back at the bench!,manual-reviewed-google,google-draft,jazz-units,783911262884,jazz-units:items.lua:115684
787992021169,"Наверное, это была не самая легкая работа в моей жизни, но в конце концов я поняла, насколько она была необходима.","Наверное, это была не самая легкая работа в моей жизни, но в конце концов я поняла, насколько она была необходима.","It wasn't the easiest job of my life, but in the end I understood why it had to be done.",manual-reviewed-google,google-draft,jazz-units,787992021169,jazz-units:items.lua:116406
790778374126,"Вижу цель ясно. Зубы у него кривые. Рахит, наверное.","Вижу цель ясно. Зубы у него кривые. Рахит, наверное.",I have a clear view of the target. Crooked teeth. Probably rickets.,manual-reviewed-google,google-draft,jazz-units,790778374126,jazz-units:items.lua:131669
796482030622,"В рот мне... Капрал! Мля, Лен, это чистая случайность, зуб даю! Хотя, что теперь тебе мой зуб....","В рот мне... Капрал! Мля, Лен, это чистая случайность, зуб даю! Хотя, что теперь тебе мой зуб....","Fuck me... Corporal! Damn, Len, it was pure accident, swear on my teeth! Though what good is my tooth to you now...",manual-reviewed-google,google-draft,jazz-units,796482030622,jazz-units:items.lua:131522
801109641915,"Окей, я пока остаюсь.","Окей, я пока остаюсь.","Okay, I'll stay for now.",manual-reviewed-google,google-draft,jazz-units,801109641915,jazz-units:items.lua:115074
804312759162,Рок,Рок,Rock,manual-reviewed-google,google-draft,jazz-units,804312759162,jazz-units:Code/Mercenary.lua:105
809191849641,"Я ее не для красоты ношу, ублюдок!","Я ее не для красоты ношу, ублюдок!","I don't wear it for beauty, you bastard!",manual-reviewed-google,google-draft,jazz-units,809191849641,jazz-units:items.lua:115868
810234579162,Пирс,Пирс,Pierce,manual-reviewed-google,google-draft,jazz-units,810234579162,jazz-units:Code/Mercenary.lua:62
812773397200,"Э, куда? Стоять, бояться, падлы. Ровные пацаны со стрелы не сваливают.","Э, куда? Стоять, бояться, падлы. Ровные пацаны со стрелы не сваливают.","Hey, where do you think you're going? Stand still and be scared, assholes. Real gangsters don't duck out on a showdown.",manual-reviewed-google,google-draft,jazz-units,812773397200,jazz-units:items.lua:131383
813512374244,"Похоже, я что-то слышала... или нет.","Похоже, я что-то слышала... или нет.",I thought I heard something... or maybe not.,manual-reviewed-google,google-draft,jazz-units,813512374244,jazz-units:items.lua:115917
818118807560,Лулумба Гуталин,Лулумба Гуталин,Lulumba Gutalin,manual-reviewed-google,google-draft,jazz-units,818118807560,jazz-units:items.lua:93982 | jazz-units:UnitData/RebelSergeant_Immortal_L1.lua:22
821503674913,Вайпер,Вайпер,Viper,manual-reviewed-google,google-draft,jazz-units,821503674913 | 910000001156 | 910000002066,jazz-units:Code/Mercenary.lua:124 | jazz-units:Code/Legion.lua:266 | jazz-units:Code/Legion.lua:433
822122602136,"Тик-так, мазафака! Тик-так!","Тик-так, мазафака! Тик-так!","Tick-tock, motherfucker! Tick-tock!",manual-reviewed-google,google-draft,jazz-units,822122602136,jazz-units:items.lua:131666
825139078124,Всю малину обосрал....,Всю малину обосрал....,Way to ruin all the fun...,manual-reviewed-google,google-draft,jazz-units,825139078124,jazz-units:items.lua:131158
826948509327,"Отставить стрельбу! Доктор Хьюстон, оружие к осмотру! Запомни, не вижу- не стреляю!","Отставить стрельбу! Доктор Хьюстон, оружие к осмотру! Запомни, не вижу- не стреляю!","Cease fire! Dr. Houston, present your weapon for inspection! Remember: if you can't see it, don't shoot it!",manual-reviewed-google,google-draft,jazz-units,826948509327,jazz-units:items.lua:139106
827728759217,"А! Шарлин! Что ты делаешь? Это какой-то знак, или что? Что я должна сделать? Не понимаю.","А! Шарлин! Что ты делаешь? Это какой-то знак, или что? Что я должна сделать? Не понимаю.",Ah! Charlene! What are you doing? Is this some kind of sign or what? What should I do? I don't understand.,manual-reviewed-google,google-draft,jazz-units,827728759217,jazz-units:items.lua:116305
830522051541,"Теперь ты в арми, нахой. Оу-у-оу-у-у, теперь ты в арми, нахой.","Теперь ты в арми, нахой. Оу-у-оу-у-у, теперь ты в арми, нахой.","Now you're in the army, motherfucker. Oh-oh-oh-oh-oh, now you're in the army, motherfucker.",manual-reviewed-google,google-draft,jazz-units,830522051541,jazz-units:items.lua:131770
840672720529,"Мне придется слегка поднять расценки. Я стал опытнее, понимаешь? Все равно это могло бы стоить и больше - просто не хочу тебя пугать.","Мне придется слегка поднять расценки. Я стал опытнее, понимаешь? Все равно это могло бы стоить и больше - просто не хочу тебя пугать.","I'll have to raise my prices slightly. I've become more experienced, you know? It could still cost more - I just don’t want to scare you.",manual-reviewed-google,google-draft,jazz-units,840672720529,jazz-units:items.lua:115006
844199942341,"Подруга, как жеж это... Я... Ты... Тя... О, Матерь Божья, как стыдно очень!","Подруга, как жеж это... Я... Ты... Тя... О, Матерь Божья, как стыдно очень!","Girl, how could you... I... You... Oh, Mother of God, I'm so ashamed!",manual-reviewed-google,google-draft,jazz-units,844199942341,jazz-units:items.lua:139871
859699876869,"Стычка, считай, обеспечена. Осталось только их обнаружить.","Стычка, считай, обеспечена. Осталось только их обнаружить.",A firefight's all but guaranteed. We just have to find them.,manual-reviewed-google,google-draft,jazz-units,859699876869,jazz-units:items.lua:115423
860489191576,"Я лично полагаю, что всякий, кто покушается на чужую свободу, должен ответить по закону, и именно так мы и расчитываем поступить.","Я лично полагаю, что всякий, кто покушается на чужую свободу, должен ответить по закону, и именно так мы и рассчитываем поступить.","I personally believe that anyone who infringes on another's freedom must answer to the law, and that is exactly what we intend to do.",manual-reviewed-google,google-draft,jazz-units,860489191576,jazz-units:items.lua:116520
860964391877,Я жду.,Я жду.,I'm waiting.,manual-reviewed-google,google-draft,jazz-units,860964391877,jazz-units:items.lua:115947
861111377140,"Секунду так постой, чувак, я щас.","Секунду так постой, чувак, я щас.","Wait a second, dude, I'll be right there.",manual-reviewed-google,google-draft,jazz-units,861111377140,jazz-units:items.lua:131340
861725900793,Кхм. ,Кхм. ,Hmm.,manual-reviewed-google,google-draft,jazz-units,861725900793,jazz-units:items.lua:115152
863009450991,Оооооой,Оооооой,Oooooh,manual-reviewed-google,google-draft,jazz-units,863009450991,jazz-units:items.lua:115370
864999167797,чмо,чмо,schmuck,manual-reviewed-google,google-draft,jazz-units,864999167797,jazz-units:items.lua:115963
870806144974,Продолжаем прессовать анчоусов!,Продолжаем прессовать анчоусов!,Let's keep squeezing the anchovies!,manual-reviewed-google,google-draft,jazz-units,870806144974,jazz-units:items.lua:131739
876005699189,"Айс в деле?! Ништяк. Я весь твой, командир.","Айс в деле?! Ништяк. Я весь твой, командир.","Ice in action?! Nice. I'm all yours, commander.",manual-reviewed-google,google-draft,jazz-units,876005699189,jazz-units:items.lua:131204 | jazz-units:UnitData/JAZZ_Merc_Spouke.lua:33
879205416327,Лафонт,Лафонт,Lafont,manual-reviewed-google,google-draft,jazz-units,879205416327,jazz-units:Code/Mercenary.lua:74
886760219486,"Ох ты. Эдак чо, тут и настоящие жирафы есть?","Ох ты. Эдак чо, тут и настоящие жирафы есть?",Whoa. So there really are giraffes here?,manual-reviewed-google,google-draft,jazz-units,886760219486,jazz-units:items.lua:131356
888438334396,Это мы забираем.,Это мы забираем.,We're taking this.,manual-reviewed-google,google-draft,jazz-units,888438334396,jazz-units:items.lua:131774
891263173901,Харди,Харди,Hardy,manual-reviewed-google,google-draft,jazz-units,891263173901,jazz-units:Code/Mercenary.lua:48
896543881214,Сержант Разведчик,Сержант Разведчик,Sergeant Scout,manual-reviewed-google,google-draft,jazz-units,896543881214,jazz-units:items.lua:89063 | jazz-units:UnitData/ArmyCommando_Sergant.lua:20
901059667115,Раны зализаны. Пора проредить поголовье жирафов.,Раны зализаны. Пора проредить поголовье жирафов.,Wounds are licked clean. Time to thin out the giraffe herd.,manual-reviewed-google,google-draft,jazz-units,901059667115,jazz-units:items.lua:131482
908374610542,Бэйн,Бэйн,Bane,manual-reviewed-google,google-draft,jazz-units,908374610542,jazz-units:Code/Mercenary.lua:64
908468352963,"Ну, знаете! Я не могу позволить себе работать с оборудованием, которое в принципе не надежно.","Ну знаете! Я не могу позволить себе работать с оборудованием, которое в принципе ненадёжно.","Now, really! I can't work with equipment that's fundamentally unreliable.",manual-reviewed-google,google-draft,jazz-units,908468352963,jazz-units:items.lua:116544
909446226076,"Ну чо, трафареты! Я вашу маму того-этого самого, в кино поведу! А потом, это! Будем новых негритят делать, нормальных! Все проще, чем вас отмывать.","Ну чо, трафареты! Я вашу маму того-этого самого, в кино поведу! А потом, это! Будем новых негритят делать, нормальных! Все проще, чем вас отмывать.","All right, stencils! I'll take your mothers to the movies, then we'll make some new Black kids—normal ones! Easier than scrubbing you lot clean.",manual-reviewed-google,google-draft,jazz-units,909446226076,jazz-units:items.lua:131748
910000000002,Дон,Дон,Don,manual-reviewed-google,google-draft,jazz-units,910000000002 | 910000001004,jazz-units:Code/Legion.lua:4 | jazz-units:Code/Legion.lua:114
910000000006,Вуду,Вуду,Voodoo,manual-reviewed-google,google-draft,jazz-units,910000000006,jazz-units:Code/Legion.lua:8
910000000014,Кобра,Кобра,Cobra,manual-reviewed-google,google-draft,jazz-units,910000000014 | 910000001024,jazz-units:Code/Legion.lua:16 | jazz-units:Code/Legion.lua:134
910000000020,Кэш,Кэш,Cash,manual-reviewed-google,google-draft,jazz-units,910000000020 | 910000001027,jazz-units:Code/Legion.lua:22 | jazz-units:Code/Legion.lua:137
910000000022,Джун,Джун,June,manual-reviewed-google,google-draft,jazz-units,910000000022 | 910000001021 | 910000001042,jazz-units:Code/Legion.lua:24 | jazz-units:Code/Legion.lua:131 | jazz-units:Code/Legion.lua:152
910000000033,Лорд,Лорд,Lord,manual-reviewed-google,google-draft,jazz-units,910000000033,jazz-units:Code/Legion.lua:35
910000000037,Бэнг,Бэнг,Bang,manual-reviewed-google,google-draft,jazz-units,910000000037,jazz-units:Code/Legion.lua:39
910000000040,Рейдж,Рейдж,Rage,manual-reviewed-google,google-draft,jazz-units,910000000040 | 910000001031 | 910000001219 | 910000002130,jazz-units:Code/Legion.lua:42 | jazz-units:Code/Legion.lua:141 | jazz-units:Code/Legion.lua:329 | jazz-units:Code/Legion.lua:497
910000000041,Лилман,Лилман,Lilman,manual-reviewed-google,google-draft,jazz-units,910000000041,jazz-units:Code/Legion.lua:43
910000000044,Боссман,Боссман,Bossman,manual-reviewed-google,google-draft,jazz-units,910000000044,jazz-units:Code/Legion.lua:46
910000000045,Стоунбой,Стоунбой,Stoneboy,manual-reviewed-google,google-draft,jazz-units,910000000045,jazz-units:Code/Legion.lua:47
910000000051,Спарк,Спарк,Spark,manual-reviewed-google,google-draft,jazz-units,910000000051,jazz-units:Code/Legion.lua:53
910000000054,Мор,Мор,Pestilence,manual-reviewed-google,google-draft,jazz-units,910000000054,jazz-units:Code/Legion.lua:56
910000000056,Найт,Найт,Knight,manual-reviewed-google,google-draft,jazz-units,910000000056 | 910000001040 | 910000001181 | 910000002091,jazz-units:Code/Legion.lua:58 | jazz-units:Code/Legion.lua:150 | jazz-units:Code/Legion.lua:291 | jazz-units:Code/Legion.lua:458
910000000057,Дестро,Дестро,Destro,manual-reviewed-google,google-draft,jazz-units,910000000057,jazz-units:Code/Legion.lua:59
910000000061,Сайлент,Сайлент,Silent,manual-reviewed-google,google-draft,jazz-units,910000000061,jazz-units:Code/Legion.lua:63
910000000062,Дабл,Дабл,Double,manual-reviewed-google,google-draft,jazz-units,910000000062,jazz-units:Code/Legion.lua:64
910000000068,Фреш,Фреш,Fresh,manual-reviewed-google,google-draft,jazz-units,910000000068,jazz-units:Code/Legion.lua:70
910000000069,Блу,Блу,Blue,manual-reviewed-google,google-draft,jazz-units,910000000069,jazz-units:Code/Legion.lua:71
910000000072,Браун,Браун,Brown,manual-reviewed-google,google-draft,jazz-units,910000000072,jazz-units:Code/Legion.lua:74
910000000076,Дюка,Дюка,Duke,manual-reviewed-google,google-draft,jazz-units,910000000076,jazz-units:Code/Legion.lua:78
910000000079,Мал,Мал,Small,manual-reviewed-google,google-draft,jazz-units,910000000079,jazz-units:Code/Legion.lua:81
910000000084,Гран,Гран,Grand,manual-reviewed-google,google-draft,jazz-units,910000000084,jazz-units:Code/Legion.lua:86
910000000090,Сол,Сол,Sol,manual-reviewed-google,google-draft,jazz-units,910000000090 | 910000001028,jazz-units:Code/Legion.lua:92 | jazz-units:Code/Legion.lua:138
910000000091,Дьюс,Дьюс,Deuce,manual-reviewed-google,google-draft,jazz-units,910000000091 | 910000001083,jazz-units:Code/Legion.lua:93 | jazz-units:Code/Legion.lua:193
910000000094,Фэйт,Фэйт,Faith,manual-reviewed-google,google-draft,jazz-units,910000000094 | 910000001082 | 910000001245 | 910000002166,jazz-units:Code/Legion.lua:96 | jazz-units:Code/Legion.lua:192 | jazz-units:Code/Legion.lua:355 | jazz-units:Code/Legion.lua:533
910000000097,Драко,Драко,Draco,manual-reviewed-google,google-draft,jazz-units,910000000097,jazz-units:Code/Legion.lua:99
910000000100,Снуп,Снуп,Snoop,manual-reviewed-google,google-draft,jazz-units,910000000100,jazz-units:Code/Legion.lua:102
910000001000,Ти,Ти,Tee,manual-reviewed-google,google-draft,jazz-units,910000001000 | 910000001050,jazz-units:Code/Legion.lua:110 | jazz-units:Code/Legion.lua:160
910000001017,Блейз,Блейз,Blaze,manual-reviewed-google,google-draft,jazz-units,910000001017,jazz-units:Code/Legion.lua:127
910000001023,Стоунз,Стоунз,Stones,manual-reviewed-google,google-draft,jazz-units,910000001023,jazz-units:Code/Legion.lua:133
910000001030,Рип,Рип,Rip,manual-reviewed-google,google-draft,jazz-units,910000001030 | 910000001141 | 910000002051,jazz-units:Code/Legion.lua:140 | jazz-units:Code/Legion.lua:251 | jazz-units:Code/Legion.lua:418
910000001058,Пэйн,Пэйн,Payne,manual-reviewed-google,google-draft,jazz-units,910000001058 | 910000001231 | 910000002152,jazz-units:Code/Legion.lua:168 | jazz-units:Code/Legion.lua:341 | jazz-units:Code/Legion.lua:519
910000001065,Дайм,Дайм,Dime,manual-reviewed-google,google-draft,jazz-units,910000001065 | 910000002003,jazz-units:Code/Legion.lua:175 | jazz-units:Code/Legion.lua:370
910000001073,Трай,Трай,Tray,manual-reviewed-google,google-draft,jazz-units,910000001073 | 910000002141,jazz-units:Code/Legion.lua:183 | jazz-units:Code/Legion.lua:508
910000001074,Кэп,Кэп,Cap,manual-reviewed-google,google-draft,jazz-units,910000001074 | 910000002142,jazz-units:Code/Legion.lua:184 | jazz-units:Code/Legion.lua:509
910000001075,Бэйзи,Бэйзи,Basie,manual-reviewed-google,google-draft,jazz-units,910000001075 | 910000002143,jazz-units:Code/Legion.lua:185 | jazz-units:Code/Legion.lua:510
910000001079,Кингз,Кингз,Kings,manual-reviewed-google,google-draft,jazz-units,910000001079 | 910000002147,jazz-units:Code/Legion.lua:189 | jazz-units:Code/Legion.lua:514
910000001087,Пит,Пит,Pete,manual-reviewed-google,google-draft,jazz-units,910000001087 | 910000001225 | 910000002136,jazz-units:Code/Legion.lua:197 | jazz-units:Code/Legion.lua:335 | jazz-units:Code/Legion.lua:503
910000001092,Флип,Флип,Flip,manual-reviewed-google,google-draft,jazz-units,910000001092 | 910000001116 | 910000002026,jazz-units:Code/Legion.lua:202 | jazz-units:Code/Legion.lua:226 | jazz-units:Code/Legion.lua:393
910000001098,Вест,Вест,West,manual-reviewed-google,google-draft,jazz-units,910000001098 | 910000001208 | 910000002119,jazz-units:Code/Legion.lua:208 | jazz-units:Code/Legion.lua:318 | jazz-units:Code/Legion.lua:486
910000001101,Рокко,Рокко,Rocco,manual-reviewed-google,google-draft,jazz-units,910000001101 | 910000002011,jazz-units:Code/Legion.lua:211 | jazz-units:Code/Legion.lua:378
910000001103,Сантана,Сантана,Santana,manual-reviewed-google,google-draft,jazz-units,910000001103 | 910000002013,jazz-units:Code/Legion.lua:213 | jazz-units:Code/Legion.lua:380
910000001108,Лилз,Лилз,Lils,manual-reviewed-google,google-draft,jazz-units,910000001108 | 910000002018,jazz-units:Code/Legion.lua:218 | jazz-units:Code/Legion.lua:385
910000001111,Крашер,Крашер,Crusher,manual-reviewed-google,google-draft,jazz-units,910000001111 | 910000002021,jazz-units:Code/Legion.lua:221 | jazz-units:Code/Legion.lua:388
910000001112,Бигга,Бигга,Bigga,manual-reviewed-google,google-draft,jazz-units,910000001112 | 910000002022,jazz-units:Code/Legion.lua:222 | jazz-units:Code/Legion.lua:389
910000001118,Кид,Кид,Kid,manual-reviewed-google,google-draft,jazz-units,910000001118 | 910000002028,jazz-units:Code/Legion.lua:228 | jazz-units:Code/Legion.lua:395
910000001119,Блейдс,Блейдс,Blades,manual-reviewed-google,google-draft,jazz-units,910000001119 | 910000002029,jazz-units:Code/Legion.lua:229 | jazz-units:Code/Legion.lua:396
910000001121,Спэйд,Спэйд,Spade,manual-reviewed-google,google-draft,jazz-units,910000001121 | 910000002031,jazz-units:Code/Legion.lua:231 | jazz-units:Code/Legion.lua:398
910000001126,Крипс,Крипс,Crips,manual-reviewed-google,google-draft,jazz-units,910000001126 | 910000002036,jazz-units:Code/Legion.lua:236 | jazz-units:Code/Legion.lua:403
910000001129,Лоуджи,Лоуджи,Louji,manual-reviewed-google,google-draft,jazz-units,910000001129 | 910000002039,jazz-units:Code/Legion.lua:239 | jazz-units:Code/Legion.lua:406
910000001136,Холла,Холла,Hall,manual-reviewed-google,google-draft,jazz-units,910000001136 | 910000002046,jazz-units:Code/Legion.lua:246 | jazz-units:Code/Legion.lua:413
910000001140,Брик,Брик,Brick,manual-reviewed-google,google-draft,jazz-units,910000001140 | 910000002050,jazz-units:Code/Legion.lua:250 | jazz-units:Code/Legion.lua:417
910000001145,Снэп,Снэп,Snap,manual-reviewed-google,google-draft,jazz-units,910000001145 | 910000002055,jazz-units:Code/Legion.lua:255 | jazz-units:Code/Legion.lua:422
910000001148,Твист,Твист,Twist,manual-reviewed-google,google-draft,jazz-units,910000001148 | 910000002058 | 910000002106,jazz-units:Code/Legion.lua:258 | jazz-units:Code/Legion.lua:425 | jazz-units:Code/Legion.lua:473
910000001149,Пламбо,Пламбо,Plumbo,manual-reviewed-google,google-draft,jazz-units,910000001149 | 910000002059,jazz-units:Code/Legion.lua:259 | jazz-units:Code/Legion.lua:426
910000001157,Токен,Токен,Token,manual-reviewed-google,google-draft,jazz-units,910000001157 | 910000002067,jazz-units:Code/Legion.lua:267 | jazz-units:Code/Legion.lua:434
910000001158,Моб,Моб,Mob,manual-reviewed-google,google-draft,jazz-units,910000001158 | 910000002068,jazz-units:Code/Legion.lua:268 | jazz-units:Code/Legion.lua:435
910000001160,Слим,Слим,Slim,manual-reviewed-google,google-draft,jazz-units,910000001160 | 910000002070,jazz-units:Code/Legion.lua:270 | jazz-units:Code/Legion.lua:437
910000001163,Роадз,Роадз,Roads,manual-reviewed-google,google-draft,jazz-units,910000001163 | 910000002073,jazz-units:Code/Legion.lua:273 | jazz-units:Code/Legion.lua:440
910000001169,Гейтор,Гейтор,Gator,manual-reviewed-google,google-draft,jazz-units,910000001169 | 910000002079,jazz-units:Code/Legion.lua:279 | jazz-units:Code/Legion.lua:446
910000001172,Неф,Неф,Nef,manual-reviewed-google,google-draft,jazz-units,910000001172 | 910000002082,jazz-units:Code/Legion.lua:282 | jazz-units:Code/Legion.lua:449
910000001174,Гейнг,Гейнг,Gang,manual-reviewed-google,google-draft,jazz-units,910000001174 | 910000002084,jazz-units:Code/Legion.lua:284 | jazz-units:Code/Legion.lua:451
910000001177,Драм,Драм,Dram,manual-reviewed-google,google-draft,jazz-units,910000001177 | 910000002087,jazz-units:Code/Legion.lua:287 | jazz-units:Code/Legion.lua:454
910000001183,Слайм,Слайм,Slime,manual-reviewed-google,google-draft,jazz-units,910000001183 | 910000002093,jazz-units:Code/Legion.lua:293 | jazz-units:Code/Legion.lua:460
910000001188,Скола,Скола,Scola,manual-reviewed-google,google-draft,jazz-units,910000001188 | 910000002098,jazz-units:Code/Legion.lua:298 | jazz-units:Code/Legion.lua:465
910000001191,Фо,Фо,Fo,manual-reviewed-google,google-draft,jazz-units,910000001191 | 910000002101,jazz-units:Code/Legion.lua:301 | jazz-units:Code/Legion.lua:468
910000001192,Бэнт,Бэнт,Bant,manual-reviewed-google,google-draft,jazz-units,910000001192 | 910000002102,jazz-units:Code/Legion.lua:302 | jazz-units:Code/Legion.lua:469
910000001194,Гудман,Гудман,Goodman,manual-reviewed-google,google-draft,jazz-units,910000001194 | 910000002104,jazz-units:Code/Legion.lua:304 | jazz-units:Code/Legion.lua:471
910000001196,Бэй,Бэй,Bay,manual-reviewed-google,google-draft,jazz-units,910000001196 | 910000002107,jazz-units:Code/Legion.lua:306 | jazz-units:Code/Legion.lua:474
910000001198,Домо,Домо,Domo,manual-reviewed-google,google-draft,jazz-units,910000001198 | 910000002109,jazz-units:Code/Legion.lua:308 | jazz-units:Code/Legion.lua:476
910000001205,Плэй,Плэй,Play,manual-reviewed-google,google-draft,jazz-units,910000001205 | 910000002116,jazz-units:Code/Legion.lua:315 | jazz-units:Code/Legion.lua:483
910000001210,Майлз,Майлз,Miles,manual-reviewed-google,google-draft,jazz-units,910000001210 | 910000002121,jazz-units:Code/Legion.lua:320 | jazz-units:Code/Legion.lua:488
910000001213,Глокки,Глокки,Glocks,manual-reviewed-google,google-draft,jazz-units,910000001213 | 910000002124,jazz-units:Code/Legion.lua:323 | jazz-units:Code/Legion.lua:491
910000001215,Панч,Панч,Punch,manual-reviewed-google,google-draft,jazz-units,910000001215 | 910000002126,jazz-units:Code/Legion.lua:325 | jazz-units:Code/Legion.lua:493
910000001218,Дюке,Дюке,Duque,manual-reviewed-google,google-draft,jazz-units,910000001218 | 910000002129,jazz-units:Code/Legion.lua:328 | jazz-units:Code/Legion.lua:496
910000001220,Трейп,Трейп,Treyp,manual-reviewed-google,google-draft,jazz-units,910000001220 | 910000002131,jazz-units:Code/Legion.lua:330 | jazz-units:Code/Legion.lua:498
910000001221,Тон,Тон,Tone,manual-reviewed-google,google-draft,jazz-units,910000001221 | 910000002132,jazz-units:Code/Legion.lua:331 | jazz-units:Code/Legion.lua:499
910000001229,Роадман,Роадман,Roadman,manual-reviewed-google,google-draft,jazz-units,910000001229 | 910000002150,jazz-units:Code/Legion.lua:339 | jazz-units:Code/Legion.lua:517
910000001230,Чейнз,Чейнз,Chains,manual-reviewed-google,google-draft,jazz-units,910000001230 | 910000002151,jazz-units:Code/Legion.lua:340 | jazz-units:Code/Legion.lua:518
910000001234,Хэйз,Хэйз,Hayes,manual-reviewed-google,google-draft,jazz-units,910000001234 | 910000002155,jazz-units:Code/Legion.lua:344 | jazz-units:Code/Legion.lua:522
910000001241,Гудз,Гудз,Goodz,manual-reviewed-google,google-draft,jazz-units,910000001241 | 910000002162,jazz-units:Code/Legion.lua:351 | jazz-units:Code/Legion.lua:529
910000001242,Скрим,Скрим,Scream,manual-reviewed-google,google-draft,jazz-units,910000001242 | 910000002163,jazz-units:Code/Legion.lua:352 | jazz-units:Code/Legion.lua:530
910000001243,Даб,Даб,Dub,manual-reviewed-google,google-draft,jazz-units,910000001243 | 910000002164,jazz-units:Code/Legion.lua:353 | jazz-units:Code/Legion.lua:531
916874205351,Бандит,Бандит,Bandit,manual-reviewed-google,google-draft,jazz-units,916874205351,jazz-units:Code/Mercenary.lua:135
918482995946,"Падай, мля. ","Падай, мля. ","Drop, damn it.",manual-reviewed-google,google-draft,jazz-units,918482995946,jazz-units:items.lua:131751
920000000002,Павел,Павел,Pavel,manual-reviewed-google,google-draft,jazz-units,920000000002,jazz-units:Code/Rebels.lua:4
920000000007,Сергей,Сергей,Sergey,manual-reviewed-google,google-draft,jazz-units,920000000007,jazz-units:Code/Rebels.lua:9
920000000009,Григорий,Григорий,Grigory,manual-reviewed-google,google-draft,jazz-units,920000000009,jazz-units:Code/Rebels.lua:11
920000000011,Маркс,Маркс,Marx,manual-reviewed-google,google-draft,jazz-units,920000000011,jazz-units:Code/Rebels.lua:13
920000000016,Свобода,Свобода,Freedom,manual-reviewed-google,google-draft,jazz-units,920000000016,jazz-units:Code/Rebels.lua:18
920000000017,Александр,Александр,Alexander,manual-reviewed-google,google-draft,jazz-units,920000000017,jazz-units:Code/Rebels.lua:19
920000000018,Борис,Борис,Boris,manual-reviewed-google,google-draft,jazz-units,920000000018,jazz-units:Code/Rebels.lua:20
920000000019,Егор,Егор,Egor,manual-reviewed-google,google-draft,jazz-units,920000000019,jazz-units:Code/Rebels.lua:21
920000000023,Кирилл,Кирилл,Kirill,manual-reviewed-google,google-draft,jazz-units,920000000023,jazz-units:Code/Rebels.lua:25
920000000027,Кваме,Кваме,Kwame,manual-reviewed-google,google-draft,jazz-units,920000000027,jazz-units:Code/Rebels.lua:29
920000000028,Кофи,Кофи,Kofi,manual-reviewed-google,google-draft,jazz-units,920000000028,jazz-units:Code/Rebels.lua:30
920000000034,Муса,Муса,Musa,manual-reviewed-google,google-draft,jazz-units,920000000034,jazz-units:Code/Rebels.lua:36
920000000039,Кабира,Кабира,Kabira,manual-reviewed-google,google-draft,jazz-units,920000000039,jazz-units:Code/Rebels.lua:41
920000000041,Амина,Амина,Amina,manual-reviewed-google,google-draft,jazz-units,920000000041,jazz-units:Code/Rebels.lua:43
920000000042,Аюба,Аюба,Ayuba,manual-reviewed-google,google-draft,jazz-units,920000000042,jazz-units:Code/Rebels.lua:44
920000000047,Джибрил,Джибрил,Jibril,manual-reviewed-google,google-draft,jazz-units,920000000047,jazz-units:Code/Rebels.lua:49
920000000051,Кай,Кай,Kai,manual-reviewed-google,google-draft,jazz-units,920000000051,jazz-units:Code/Rebels.lua:53
920000000052,Омар,Омар,Omar,manual-reviewed-google,google-draft,jazz-units,920000000052,jazz-units:Code/Rebels.lua:54
920000000054,Ашраф,Ашраф,Ashraf,manual-reviewed-google,google-draft,jazz-units,920000000054,jazz-units:Code/Rebels.lua:56
920000000059,Рудой,Рудой,Rudoy,manual-reviewed-google,google-draft,jazz-units,920000000059,jazz-units:Code/Rebels.lua:61
920000000060,Степан,Степан,Stepan,manual-reviewed-google,google-draft,jazz-units,920000000060,jazz-units:Code/Rebels.lua:62
920000000066,Эмиль,Эмиль,Emil,manual-reviewed-google,google-draft,jazz-units,920000000066,jazz-units:Code/Rebels.lua:68
920000000071,Карам,Карам,Karam,manual-reviewed-google,google-draft,jazz-units,920000000071,jazz-units:Code/Rebels.lua:73
920000000075,Абоба,Абоба,Aboba,manual-reviewed-google,google-draft,jazz-units,920000000075,jazz-units:Code/Rebels.lua:77
920000000076,Родион,Родион,Rodion,manual-reviewed-google,google-draft,jazz-units,920000000076,jazz-units:Code/Rebels.lua:78
920000000077,Георгий,Георгий,Georgiy,manual-reviewed-google,google-draft,jazz-units,920000000077,jazz-units:Code/Rebels.lua:79
920000000078,Лука,Лука,Luka,manual-reviewed-google,google-draft,jazz-units,920000000078,jazz-units:Code/Rebels.lua:80
920000000084,Фрэнк,Фрэнк,Frank,manual-reviewed-google,google-draft,jazz-units,920000000084,jazz-units:Code/Rebels.lua:86
920000000089,Сема,Сема,Sema,manual-reviewed-google,google-draft,jazz-units,920000000089,jazz-units:Code/Rebels.lua:91
920000000090,Гарун,Гарун,Harun,manual-reviewed-google,google-draft,jazz-units,920000000090,jazz-units:Code/Rebels.lua:92
920000001001,Народов,Народов,Narodov,manual-reviewed-google,google-draft,jazz-units,920000001001,jazz-units:Code/Rebels.lua:100
920000001005,Гвардейский,Гвардейский,Gvardeysky,manual-reviewed-google,google-draft,jazz-units,920000001005,jazz-units:Code/Rebels.lua:104
920000001008,Союзов,Союзов,Soyuzov,manual-reviewed-google,google-draft,jazz-units,920000001008,jazz-units:Code/Rebels.lua:107
920000001012,Народенко,Народенко,Narodenko,manual-reviewed-google,google-draft,jazz-units,920000001012,jazz-units:Code/Rebels.lua:111
920000001015,Победин,Победин,Pobedin,manual-reviewed-google,google-draft,jazz-units,920000001015,jazz-units:Code/Rebels.lua:114
920000001017,Джалло,Джалло,Jallo,manual-reviewed-google,google-draft,jazz-units,920000001017,jazz-units:Code/Rebels.lua:116
920000001021,Ндиайе,Ндиайе,Ndiaye,manual-reviewed-google,google-draft,jazz-units,920000001021,jazz-units:Code/Rebels.lua:120
920000001022,Кумба,Кумба,Kumba,manual-reviewed-google,google-draft,jazz-units,920000001022,jazz-units:Code/Rebels.lua:121
920000001028,Окуту,Окуту,Okutu,manual-reviewed-google,google-draft,jazz-units,920000001028,jazz-units:Code/Rebels.lua:127
920000001032,Дьяло,Дьяло,Diallo,manual-reviewed-google,google-draft,jazz-units,920000001032,jazz-units:Code/Rebels.lua:131
920000001033,Крупин,Крупин,Krupin,manual-reviewed-google,google-draft,jazz-units,920000001033,jazz-units:Code/Rebels.lua:132
920000001037,Кузнецов,Кузнецов,Kuznetsov,manual-reviewed-google,google-draft,jazz-units,920000001037,jazz-units:Code/Rebels.lua:136
920000001042,Омаров,Омаров,Omarov,manual-reviewed-google,google-draft,jazz-units,920000001042,jazz-units:Code/Rebels.lua:141
920000001043,Бакаров,Бакаров,Bakarov,manual-reviewed-google,google-draft,jazz-units,920000001043,jazz-units:Code/Rebels.lua:142
920000001045,Кабу,Кабу,Kabu,manual-reviewed-google,google-draft,jazz-units,920000001045,jazz-units:Code/Rebels.lua:144
920000001050,Красин,Красин,Krasin,manual-reviewed-google,google-draft,jazz-units,920000001050,jazz-units:Code/Rebels.lua:149
920000001051,Берегов,Берегов,Beregov,manual-reviewed-google,google-draft,jazz-units,920000001051,jazz-units:Code/Rebels.lua:150
920000001057,Товарищев,Товарищев,Tovarishchev,manual-reviewed-google,google-draft,jazz-units,920000001057,jazz-units:Code/Rebels.lua:156
920000001058,Шпаков,Шпаков,Shpakov,manual-reviewed-google,google-draft,jazz-units,920000001058,jazz-units:Code/Rebels.lua:157
920000001060,Камара-Рев,Камара-Рев,Kamara-Rev,manual-reviewed-google,google-draft,jazz-units,920000001060,jazz-units:Code/Rebels.lua:159
920000001061,Клайд,Клайд,Clyde,manual-reviewed-google,google-draft,jazz-units,920000001061,jazz-units:Code/Rebels.lua:160
920000001063,Богданов,Богданов,Bogdanov,manual-reviewed-google,google-draft,jazz-units,920000001063,jazz-units:Code/Rebels.lua:162
920000001071,Камба,Камба,Kamba,manual-reviewed-google,google-draft,jazz-units,920000001071,jazz-units:Code/Rebels.lua:170
920000001072,Зомб,Зомб,Zomb,manual-reviewed-google,google-draft,jazz-units,920000001072,jazz-units:Code/Rebels.lua:171
920000001077,Мангала,Мангала,Mangala,manual-reviewed-google,google-draft,jazz-units,920000001077,jazz-units:Code/Rebels.lua:176
920000001081,Рубцов,Рубцов,Rubtsov,manual-reviewed-google,google-draft,jazz-units,920000001081,jazz-units:Code/Rebels.lua:180
920000001082,Норец,Норец,Norets,manual-reviewed-google,google-draft,jazz-units,920000001082,jazz-units:Code/Rebels.lua:181
920000001087,Конате,Конате,Konate,manual-reviewed-google,google-draft,jazz-units,920000001087,jazz-units:Code/Rebels.lua:186
920000001089,Малик,Малик,Malik,manual-reviewed-google,google-draft,jazz-units,920000001089,jazz-units:Code/Rebels.lua:188
920000001090,Сафо,Сафо,Safo,manual-reviewed-google,google-draft,jazz-units,920000001090,jazz-units:Code/Rebels.lua:189
920000001095,Назаров,Назаров,Nazarov,manual-reviewed-google,google-draft,jazz-units,920000001095,jazz-units:Code/Rebels.lua:194
920000001096,Курбан,Курбан,Kurban,manual-reviewed-google,google-draft,jazz-units,920000001096,jazz-units:Code/Rebels.lua:195
920000001100,Тамба,Тамба,Tamba,manual-reviewed-google,google-draft,jazz-units,920000001100,jazz-units:Code/Rebels.lua:199
926842382510,Посмотри - у меня пульс как с цепи сорвался! Я покрываюсь испариной... ,Посмотри - у меня пульс как с цепи сорвался! Я покрываюсь испариной... ,Look—my pulse is racing! I'm breaking out in a sweat...,manual-reviewed-google,google-draft,jazz-units,926842382510,jazz-units:items.lua:116551
927223711798,Советник,Советник,Advisor,manual-reviewed-google,google-draft,jazz-units,927223711798 | 890000000000838,jazz-units:items.lua:80716 | jazz-units:UnitData/ThugBoss_Stronger_Elite.lua:20 | jazz-units:items.lua:88284 | jazz-units:UnitData/JAZZ_Legion_LeaderT3_Captain.lua:22
928050957973,Я под этим тоже подпишусь.,Я под этим тоже подпишусь.,I'll second that.,manual-reviewed-google,google-draft,jazz-units,928050957973,jazz-units:items.lua:115417
936521847304,Шейд,Шейд,Shade,manual-reviewed-google,google-draft,jazz-units,936521847304,jazz-units:Code/Mercenary.lua:100
937614852103,Спаркс,Спаркс,Sparks,manual-reviewed-google,google-draft,jazz-units,937614852103,jazz-units:Code/Mercenary.lua:110
941528063776,"Ах! Зачем ты выстрелила в меня, Вики? Я тебе не ""Корвет"", я из плоти и крови! Меня не выйдет замазать шпаклевкой и отполировать!","Ах! Зачем ты выстрелила в меня, Вики? Я тебе не ""Корвет"", я из плоти и крови! Меня не выйдет замазать шпаклевкой и отполировать!","Ah! Why did you shoot me, Vicki? I'm not your Corvette. I'm flesh and blood! You can't just patch me with body filler and polish it out!",manual-reviewed-google,google-draft,jazz-units,941528063776,jazz-units:items.lua:116302
942541541319,"Фройляйн Паук, на вас удивительным образом невозможно сердиться. Но все же, будьте аккуратнее с оружием.","Фройляйн Паук, на вас удивительным образом невозможно сердиться. Но все же, будьте аккуратнее с оружием.","Fräulein Spider, it's remarkably hard to stay angry with you. Still, please be more careful with your weapon.",manual-reviewed-google,google-draft,jazz-units,942541541319,jazz-units:items.lua:139450
947928737416,Есть варик без палева. А есть 200 грамм пластида. Решай.,Есть варик без палева. А есть 200 грамм пластида. Решай.,We can do this quietly. Or with 200 grams of plastic explosive. Your call.,manual-reviewed-google,google-draft,jazz-units,947928737416,jazz-units:items.lua:131401
948635796154,"Как можно такое увидеть и не подумать, что работка у нас - не очень?","Как можно такое увидеть и не подумать, что работка у нас - не очень?",How can anyone see that and not think this job sucks?,manual-reviewed-google,google-draft,jazz-units,948635796154,jazz-units:items.lua:116434
954343359194,"Спайк! Вставай, Майор, не спать! Мля, ну хоть отползи... Вот, блин!","Спайк! Вставай, Майор, не спать! Мля, ну хоть отползи... Вот, блин!","Spike! Get up, Major, don't sleep! Fuck, at least crawl away... Damn it!",manual-reviewed-google,google-draft,jazz-units,954343359194,jazz-units:items.lua:131434
959177485503,Тут не расслабишься!,Тут не расслабишься!,No relaxing here!,manual-reviewed-google,google-draft,jazz-units,959177485503,jazz-units:items.lua:115987
959677631902,Мерзкая пробоина - так и хлещет! Придется зашивать.,Мерзкая пробоина - так и хлещет! Придется зашивать.,Nasty hole—blood's pouring out! I'll have to stitch it.,manual-reviewed-google,google-draft,jazz-units,959677631902,jazz-units:items.lua:115456
961247380512,Фэнг,Фэнг,Fang,manual-reviewed-google,google-draft,jazz-units,961247380512,jazz-units:Code/Mercenary.lua:113
962084735140,Гир,Гир,Gir,manual-reviewed-google,google-draft,jazz-units,962084735140,jazz-units:Code/Mercenary.lua:144
962715430109,Фриз,Фриз,Freeze,manual-reviewed-google,google-draft,jazz-units,962715430109,jazz-units:Code/Mercenary.lua:173
970185236017,Краус,Краус,Kraus,manual-reviewed-google,google-draft,jazz-units,970185236017,jazz-units:Code/Mercenary.lua:81
981274350612,Берже,Берже,Berger,manual-reviewed-google,google-draft,jazz-units,981274350612,jazz-units:Code/Mercenary.lua:75
987596071980,"Братан, я за простой ставку не снижаю. Нагрузи меня чем-нибудь. Только не носить.","Братан, я за простой ставку не снижаю. Нагрузи меня чем-нибудь. Только не носить.","Bro, I don't lower my rate just because we're idle. Give me something to do. Just don't make me carry it.",manual-reviewed-google,google-draft,jazz-units,987596071980,jazz-units:items.lua:131498
990232035597,Чем-то оно мне Рысь напоминает!,Чем-то оно мне Рысь напоминает!,Something about it reminds me of Lynx!,manual-reviewed-google,google-draft,jazz-units,990232035597,jazz-units:items.lua:115706
994385004304,"В кусты, мля.","В кусты, мля.","Into the bushes, damn it.",manual-reviewed-google,google-draft,jazz-units,994385004304,jazz-units:items.lua:131366
994600876666,"Мы еще потренируемся с тобой, Донна! Будешь мухам крылья отстреливать!","Мы еще потренируемся с тобой, Донна! Будешь мухам крылья отстреливать!","We'll keep practicing, Donna! Soon you'll be shooting the wings off flies!",manual-reviewed-google,google-draft,jazz-units,994600876666,jazz-units:items.lua:139199
997580439409,"Беги-беги, пока можешь. Шарахнуть бы чем, да нету.","Беги-беги, пока можешь. Шарахнуть бы чем, да нету.","Run while you can. Wish I had something to blow you up with, but I'm fresh out.",manual-reviewed-google,google-draft,jazz-units,997580439409,jazz-units:items.lua:131382
890000000000097,Диверсант_Подрывник,Диверсант_Подрывник,Saboteur_Demoman,manual-reviewed-google,google-draft,jazz-units,890000000000097,jazz-units:items.lua:94852 | jazz-units:UnitData/RebelGrenadier.lua:22
890000000000138,(кашляет),(кашляет),(coughs),manual-reviewed-google,google-draft,jazz-units,890000000000138 | 890000000000876 | 890000000000981 | 890000000001053 | 890000000002510 | 890000000007056 | 890000000007118 | 890000000007180 | 890000000007242 | 890000000007304 | 890000000007366 | 890000000007428 | 890000000007490 | 890000000007552 | 890000000007614 | 890000000007676 | 890000000007738 | 890000000007800 | 890000000007862 | 890000000007924 | 890000000007986 | 890000000008048 | 890000000008110 | 890000000008172 | 890000000008234 | 890000000008296 | 890000000008358 | 890000000008421 | 890000000008483 | 890000000008545 | 890000000008607 | 890000000008669 | 890000000008731 | 890000000008793 | 890000000008855 | 890000000008917 | 890000000008979 | 890000000009041 | 890000000009113 | 890000000009187 | 890000000009359 | 890000000009421 | 890000000009483 | 890000000009545 | 890000000009607 | 890000000009669 | 890000000009731 | 890000000009793 | 890000000009855 | 890000000010270,jazz-units:items.lua:139459 | jazz-units:items.lua:140181 | jazz-units:items.lua:139112 | jazz-units:items.lua:139831 | jazz-units:items.lua:116840 | jazz-units:items.lua:121316 | jazz-units:items.lua:117324 | jazz-units:items.lua:126473 | jazz-units:items.lua:127997 | jazz-units:items.lua:118700 | jazz-units:items.lua:126817 | jazz-units:items.lua:122348 | jazz-units:items.lua:128244 | jazz-units:items.lua:118009 | jazz-units:items.lua:123307 | jazz-units:items.lua:130961 | jazz-units:items.lua:121999 | jazz-units:items.lua:123002 | jazz-units:items.lua:123666 | jazz-units:items.lua:119365 | jazz-units:items.lua:126126 | jazz-units:items.lua:128985 | jazz-units:items.lua:127129 | jazz-units:items.lua:124021 | jazz-units:items.lua:117667 | jazz-units:items.lua:129479 | jazz-units:items.lua:118330 | jazz-units:items.lua:124365 | jazz-units:items.lua:127750 | jazz-units:items.lua:122690 | jazz-units:items.lua:121651 | jazz-units:items.lua:120611 | jazz-units:items.lua:127503 | jazz-units:items.lua:120277 | jazz-units:items.lua:128491 | jazz-units:items.lua:125814 | jazz-units:items.lua:120965 | jazz-units:items.lua:128738 | jazz-units:items.lua:119650 | jazz-units:items.lua:119935 | jazz-units:items.lua:125075 | jazz-units:items.lua:129232 | jazz-units:items.lua:129973 | jazz-units:items.lua:125432 | jazz-units:items.lua:130714 | jazz-units:items.lua:130467 | jazz-units:items.lua:124718 | jazz-units:items.lua:130220 | jazz-units:items.lua:129726 | jazz-units:items.lua:119022
890000000000162,Это стоит осмотреть.,Это стоит осмотреть.,It's worth checking out.,manual-reviewed-google,google-draft,jazz-units,890000000000162,jazz-units:items.lua:140208
890000000000236,Ох.,Ох.,Oh.,manual-reviewed-google,google-draft,jazz-units,890000000000236 | 890000000000474 | 890000000000651,jazz-units:items.lua:139254 | jazz-units:items.lua:139976 | jazz-units:items.lua:139610
890000000000323,Прячусь.,Прячусь.,I'm hiding.,manual-reviewed-google,google-draft,jazz-units,890000000000323 | 890000000007037 | 890000000007038 | 890000000007099 | 890000000007100 | 890000000007161 | 890000000007162 | 890000000007223 | 890000000007224 | 890000000007285 | 890000000007286 | 890000000007347 | 890000000007348 | 890000000007409 | 890000000007410 | 890000000007471 | 890000000007472 | 890000000007533 | 890000000007534 | 890000000007595 | 890000000007596 | 890000000007719 | 890000000007720 | 890000000007781 | 890000000007782 | 890000000007967 | 890000000007968 | 890000000008029 | 890000000008030 | 890000000008091 | 890000000008092 | 890000000008215 | 890000000008216 | 890000000008339 | 890000000008340 | 890000000008402 | 890000000008403 | 890000000008464 | 890000000008465 | 890000000008526 | 890000000008527 | 890000000008588 | 890000000008589 | 890000000008650 | 890000000008651 | 890000000008712 | 890000000008713 | 890000000008774 | 890000000008775 | 890000000008836 | 890000000008837 | 890000000008898 | 890000000008899 | 890000000008960 | 890000000008961 | 890000000009022 | 890000000009023 | 890000000010251 | 890000000010252,jazz-units:items.lua:139032 | jazz-units:items.lua:139282 | jazz-units:items.lua:121260 | jazz-units:items.lua:121261 | jazz-units:items.lua:117268 | jazz-units:items.lua:117269 | jazz-units:items.lua:126417 | jazz-units:items.lua:126418 | jazz-units:items.lua:127941 | jazz-units:items.lua:127942 | jazz-units:items.lua:118644 | jazz-units:items.lua:118645 | jazz-units:items.lua:126761 | jazz-units:items.lua:126762 | jazz-units:items.lua:122292 | jazz-units:items.lua:122293 | jazz-units:items.lua:128188 | jazz-units:items.lua:128189 | jazz-units:items.lua:117953 | jazz-units:items.lua:117954 | jazz-units:items.lua:123251 | jazz-units:items.lua:123252 | jazz-units:items.lua:121943 | jazz-units:items.lua:121944 | jazz-units:items.lua:122946 | jazz-units:items.lua:122947 | jazz-units:items.lua:126070 | jazz-units:items.lua:126071 | jazz-units:items.lua:128929 | jazz-units:items.lua:128930 | jazz-units:items.lua:127073 | jazz-units:items.lua:127074 | jazz-units:items.lua:117611 | jazz-units:items.lua:117612 | jazz-units:items.lua:118274 | jazz-units:items.lua:118275 | jazz-units:items.lua:124309 | jazz-units:items.lua:124310 | jazz-units:items.lua:127694 | jazz-units:items.lua:127695 | jazz-units:items.lua:122634 | jazz-units:items.lua:122635 | jazz-units:items.lua:121595 | jazz-units:items.lua:121596 | jazz-units:items.lua:120555 | jazz-units:items.lua:120556 | jazz-units:items.lua:127447 | jazz-units:items.lua:127448 | jazz-units:items.lua:120221 | jazz-units:items.lua:120222 | jazz-units:items.lua:128435 | jazz-units:items.lua:128436 | jazz-units:items.lua:125758 | jazz-units:items.lua:125759 | jazz-units:items.lua:120909 | jazz-units:items.lua:120910 | jazz-units:items.lua:128682 | jazz-units:items.lua:128683 | jazz-units:items.lua:118966 | jazz-units:items.lua:118967
890000000000342,Призрак,Призрак,Ghost,manual-reviewed-google,google-draft,jazz-units,890000000000342,jazz-units:items.lua:94092 | jazz-units:UnitData/Rebel_NPC_Ghost.lua:22
890000000000445,Плохо дело.,Плохо дело.,This is bad.,manual-reviewed-google,google-draft,jazz-units,890000000000445,jazz-units:items.lua:139334
890000000000520,Я под огнём!,Я под огнём!,I'm under fire!,manual-reviewed-google,google-draft,jazz-units,890000000000520,jazz-units:items.lua:140422
890000000000581,Готова вести скрытый огонь.,Готова вести скрытый огонь.,Ready to fire from concealment.,manual-reviewed-google,google-draft,jazz-units,890000000000581,jazz-units:items.lua:139013
890000000000801,Повстанец-Рейнджер,Повстанец-Рейнджер,Rebel Ranger,manual-reviewed-google,google-draft,jazz-units,890000000000801,jazz-units:items.lua:94196 | jazz-units:UnitData/Rebel_NPC_Ghost_Guards.lua:22
890000000000837,Контимир Бурда,Контимир Бурда,Kontimir Burda,manual-reviewed-google,google-draft,jazz-units,890000000000837,jazz-units:items.lua:93872 | jazz-units:UnitData/RebelSergeant_Immortal_M1.lua:22
890000000000999,И опомниться не успеет.,И опомниться не успеет.,He won't know what hit him.,manual-reviewed-google,google-draft,jazz-units,890000000000999,jazz-units:items.lua:139012 | jazz-units:items.lua:139063 | jazz-units:items.lua:139281
890000000001007,Вижу противника.,Вижу противника.,I see the enemy.,manual-reviewed-google,google-draft,jazz-units,890000000001007 | 890000000009148,jazz-units:items.lua:139569 | jazz-units:items.lua:119830
890000000001069,Вали их!,Вали их!,Drop 'em!,manual-reviewed-google,google-draft,jazz-units,890000000001069,jazz-units:items.lua:140095
890000000001129,Наемник снайпер,Наемник снайпер,Mercenary Sniper,manual-reviewed-google,google-draft,jazz-units,890000000001129,jazz-units:items.lua:86551 | jazz-units:UnitData/JAZZ_Legion_FrontT4_MercenarySniper.lua:22
890000000001349,Я тихо.,Я тихо.,Keeping quiet.,manual-reviewed-google,google-draft,jazz-units,890000000001349,jazz-units:items.lua:139781 | jazz-units:items.lua:140008
890000000001356,Вижу цель.,Вижу цель.,Target in sight.,manual-reviewed-google,google-draft,jazz-units,890000000001356 | 890000000002319,jazz-units:items.lua:139212 | jazz-units:items.lua:118898
890000000001803,Бритва,Бритва,Razor,manual-translation,needs-english,jazz-units,890000000001803,jazz-units:items.lua:117002 | jazz-units:UnitData/Jazz_Blade.lua:23
890000000001809,Слишком много наших полегло. Даже мне это не по вкусу.,Слишком много наших полегло. Даже мне это не по вкусу.,Too many of our people have died. Even I can't stomach that.,manual-translation,needs-english,jazz-units,890000000001809,jazz-units:items.lua:117013 | jazz-units:UnitData/Jazz_Blade.lua:34
890000000001810,За такие копейки я лучше дома ножи точить буду.,За такие копейки я лучше дома ножи точить буду.,"For that kind of pocket change, I'd rather stay home and sharpen knives.",manual-translation,needs-english,jazz-units,890000000001810,jazz-units:items.lua:117026 | jazz-units:UnitData/Jazz_Blade.lua:47
890000000001812,"О, Нервный/Фидель уже здесь? Тогда не откажусь, будет весело.","О, Нервный/Фидель уже здесь? Тогда не откажусь, будет весело.","Oh, Nervous/Fidel's already here? Then I'm in. This'll be fun.",manual-translation,needs-english,jazz-units,890000000001812,jazz-units:items.lua:117059 | jazz-units:UnitData/Jazz_Blade.lua:80
890000000001817,Ножницы тупые — ножи нет. Двигай давай.,Ножницы тупые — ножи нет. Двигай давай.,Scissors go dull. Knives don't. Move it.,manual-translation,needs-english,jazz-units,890000000001817,jazz-units:items.lua:117107 | jazz-units:UnitData/Jazz_Blade.lua:128
890000000001819,Контракт горит. Продлеваем или мне точить нож на кого-то другого?,Контракт горит. Продлеваем или мне точить нож на кого-то другого?,"Contract's running out. Are we renewing, or should I sharpen my knife for someone else?",manual-translation,needs-english,jazz-units,890000000001819,jazz-units:items.lua:117117 | jazz-units:UnitData/Jazz_Blade.lua:138
890000000001820,Остаюсь. Ещё не всех порезал.,Остаюсь. Ещё не всех порезал.,I'm staying. Haven't cut everyone up yet.,manual-translation,needs-english,jazz-units,890000000001820,jazz-units:items.lua:117122 | jazz-units:UnitData/Jazz_Blade.lua:143
890000000001828,Острее не бывает.,Острее не бывает.,Couldn't be sharper.,manual-translation,needs-english,jazz-units,890000000001828,jazz-units:items.lua:117272
890000000001904,АЙРА,АЙРА,IRA,manual-translation,needs-english,jazz-units,890000000001904,jazz-units:items.lua:117374 | jazz-units:UnitData/Jazz_Ira.lua:24
890000000001906,Царица ополчения,Царица ополчения,Queen of the Militia,manual-translation,needs-english,jazz-units,890000000001906,jazz-units:items.lua:117377 | jazz-units:UnitData/Jazz_Ira.lua:27
890000000001911,"Найдёте Мигеля, Карлоса или Димитрия — берите не думая, это наши лучшие люди.","Найдёте Мигеля, Карлоса или Димитрия — берите не думая, это наши лучшие люди.","If you find Miguel, Carlos, or Dimitri, hire them on the spot. They're our best people.",manual-translation,needs-english,jazz-units,890000000001911,jazz-units:items.lua:117421 | jazz-units:UnitData/Jazz_Ira.lua:71
890000000001916,"Беру своих ребят и иду. Только скажи, где стрелять.","Беру своих ребят и иду. Только скажи, где стрелять.",I'll get my people and go. Just tell me where to shoot.,manual-translation,needs-english,jazz-units,890000000001916,jazz-units:items.lua:117457 | jazz-units:UnitData/Jazz_Ira.lua:107
890000000001918,Остаюсь. Мои люди меня одну не отпустят.,Остаюсь. Мои люди меня одну не отпустят.,I'm staying. My people won't let me go alone.,manual-translation,needs-english,jazz-units,890000000001918,jazz-units:items.lua:117467 | jazz-units:UnitData/Jazz_Ira.lua:117
890000000001920,За Арулько!,За Арулько!,For Arulco!,manual-translation,needs-english,jazz-units,890000000001920,jazz-units:items.lua:117543
890000000001921,Держим позицию.,Держим позицию.,Hold the line.,manual-translation,needs-english,jazz-units,890000000001921,jazz-units:items.lua:117544
890000000001923,"Простите, ребята...","Простите, ребята...","Sorry, guys...",manual-translation,needs-english,jazz-units,890000000001923,jazz-units:items.lua:117603
890000000001924,Меня ранили — прикройте!,Меня ранили — прикройте!,I'm hit—cover me!,manual-translation,needs-english,jazz-units,890000000001924,jazz-units:items.lua:117585
890000000001925,К оружию!,К оружию!,To arms!,manual-translation,needs-english,jazz-units,890000000001925,jazz-units:items.lua:117594
890000000001926,Учусь на ходу.,Учусь на ходу.,Learning as I go.,manual-translation,needs-english,jazz-units,890000000001926,jazz-units:items.lua:117615
890000000001930,Рада драться рядом со своими.,Рада драться рядом со своими.,Glad to fight alongside my own people.,manual-translation,needs-english,jazz-units,890000000001930,jazz-units:items.lua:117688
890000000002006,Я забыл опять,Я забыл опять,I Forgot Again,manual-translation,needs-english,jazz-units,890000000002006,jazz-units:items.lua:117720 | jazz-units:UnitData/Jazz_Dimitri.lua:27
890000000002010,"О, Мигель или Карлос уже здесь? Тогда я спокоен, иду.","О, Мигель или Карлос уже здесь? Тогда я спокоен, иду.","Oh, Miguel or Carlos is already here? Then I can rest easy. I'm in.",manual-translation,needs-english,jazz-units,890000000002010,jazz-units:items.lua:117745 | jazz-units:UnitData/Jazz_Dimitri.lua:52
890000000002012,"Дима... э-э... перезвоните. Я забыл, зачем мне телефон.","Дима... э-э... перезвоните. Я забыл, зачем мне телефон.",Dima... uh... call me back. I forgot why I have a phone.,manual-translation,needs-english,jazz-units,890000000002012,jazz-units:items.lua:117780 | jazz-units:UnitData/Jazz_Dimitri.lua:87
890000000002013,А? Это я. Димитрий. Кажется. Работа есть?,А? Это я. Димитрий. Кажется. Работа есть?,Huh? It's me. Dimitri. I think. Got work?,manual-translation,needs-english,jazz-units,890000000002013,jazz-units:items.lua:117785 | jazz-units:UnitData/Jazz_Dimitri.lua:92
890000000002015,"Стой... куда я шёл? А, точно, помогать тебе.","Стой... куда я шёл? А, точно, помогать тебе.","Wait... where was I going? Oh, right—to help you.",manual-translation,needs-english,jazz-units,890000000002015,jazz-units:items.lua:117795 | jazz-units:UnitData/Jazz_Dimitri.lua:102
890000000002016,"Так, ножи с собой... вроде все. Иду.","Так, ножи с собой... вроде все. Иду.","Right, got my knives... think that's everything. On my way.",manual-translation,needs-english,jazz-units,890000000002016,jazz-units:items.lua:117800 | jazz-units:UnitData/Jazz_Dimitri.lua:107
890000000002019,"Димитрий! Э-э, да, я тут.","Димитрий! Э-э, да, я тут.","Dimitri! Uh, yeah, I'm here.",manual-translation,needs-english,jazz-units,890000000002019,jazz-units:items.lua:117855
890000000002022,Попал! Даже сам не ожидал.,Попал! Даже сам не ожидал.,Hit 'em! Didn't expect that myself.,manual-translation,needs-english,jazz-units,890000000002022,jazz-units:items.lua:117907
890000000002029,Опять этот Ротман бы поворчал.,Опять этот Ротман бы поворчал.,Rothman would be grumbling about this again.,manual-translation,needs-english,jazz-units,890000000002029,jazz-units:items.lua:118027
890000000002109,"О, Лиска с вами? Ну тогда я точно остаюсь, хе-хе.","О, Лиска с вами? Ну тогда я точно остаюсь, хе-хе.","Oh, Fox is with you? Then I'm definitely staying, heh-heh.",manual-translation,needs-english,jazz-units,890000000002109,jazz-units:items.lua:118072 | jazz-units:UnitData/Jazz_Madman.lua:37
890000000002110,"Если увидите Лиску — скажите, что Бешеный спрашивал.","Если увидите Лиску — скажите, что Бешеный спрашивал.","If you see Fox, tell her Mad Dog was asking about her.",manual-translation,needs-english,jazz-units,890000000002110,jazz-units:items.lua:118088 | jazz-units:UnitData/Jazz_Madman.lua:53
890000000002112,"Да я лучше бампером всех перемочу! Ну, есть дело или как?","Да я лучше бампером всех перемочу! Ну, есть дело или как?","Hell, I'd rather run them all down with the bumper! So, got a job or what?",manual-translation,needs-english,jazz-units,890000000002112,jazz-units:items.lua:118107 | jazz-units:UnitData/Jazz_Madman.lua:72
890000000002115,Ха! Поехали крушить. Дёшево и сердито — лишь бы весело было.,Ха! Поехали крушить. Дёшево и сердито — лишь бы весело было.,Ha! Let's wreck some stuff. Cheap and cheerful—as long as it's fun.,manual-translation,needs-english,jazz-units,890000000002115,jazz-units:items.lua:118122 | jazz-units:UnitData/Jazz_Madman.lua:87
890000000002117,Остаюсь. Тут ещё есть что чинить и кого бить.,Остаюсь. Тут ещё есть что чинить и кого бить.,I'm staying. Still plenty here to fix and plenty of people to beat up.,manual-translation,needs-english,jazz-units,890000000002117,jazz-units:items.lua:118132 | jazz-units:UnitData/Jazz_Madman.lua:97
890000000002118,Бешеный готов крушить!,Бешеный готов крушить!,Mad Dog is ready to wreck!,manual-translation,needs-english,jazz-units,890000000002118,jazz-units:items.lua:118176
890000000002120,Бампером по башке!,Бампером по башке!,Bumper to the skull!,manual-translation,needs-english,jazz-units,890000000002120,jazz-units:items.lua:118207
890000000002121,Красота!,Красота!,Beautiful!,manual-translation,needs-english,jazz-units,890000000002121,jazz-units:items.lua:118228
890000000002123,"Меня приложило! Ха, но норм!","Меня приложило! Ха, но норм!","That hit me hard! Ha, but I'm fine!",manual-translation,needs-english,jazz-units,890000000002123,jazz-units:items.lua:118248
890000000002127,Скучно! Дай мне что-нибудь сломать.,Скучно! Дай мне что-нибудь сломать.,Bored! Give me something to break.,manual-translation,needs-english,jazz-units,890000000002127,jazz-units:items.lua:118269
890000000002213,Наймите ещё Игги — с толковым напарником дисциплина держится сама.,Наймите ещё Игги — с толковым напарником дисциплина держится сама.,Hire Iggy too. A competent partner makes discipline easy.,manual-translation,needs-english,jazz-units,890000000002213,jazz-units:items.lua:118456 | jazz-units:UnitData/Jazz_Conrad.lua:100
890000000002214,"Лейтенант Джиллет. Оставьте сообщение — отвечу, если условия того стоят.","Лейтенант Джиллет. Оставьте сообщение — отвечу, если условия того стоят.",Lieutenant Gillett. Leave a message. I'll reply if the terms are worthwhile.,manual-translation,needs-english,jazz-units,890000000002214,jazz-units:items.lua:118470 | jazz-units:UnitData/Jazz_Conrad.lua:114
890000000002222,Цель захвачена.,Цель захвачена.,Target acquired.,manual-translation,needs-english,jazz-units,890000000002222,jazz-units:items.lua:118576
890000000002225,Недостойный конец...,Недостойный конец...,An unworthy end...,manual-translation,needs-english,jazz-units,890000000002225,jazz-units:items.lua:118636
890000000002226,Ранен. Требую медицинской помощи.,Ранен. Требую медицинской помощи.,Wounded. Requesting medical assistance.,manual-translation,needs-english,jazz-units,890000000002226,jazz-units:items.lua:118618
890000000002228,Дисциплина приносит плоды.,Дисциплина приносит плоды.,Discipline pays off.,manual-translation,needs-english,jazz-units,890000000002228,jazz-units:items.lua:118648
890000000002232,С надёжным напарником и служба легче.,С надёжным напарником и служба легче.,Duty is easier with a dependable partner.,manual-translation,needs-english,jazz-units,890000000002232,jazz-units:items.lua:118721
890000000002309,"Стероид уже в отряде? Тогда ладно, с ним сработаемся.","Стероид уже в отряде? Тогда ладно, с ним сработаемся.","Steroid's already on the team? All right, we'll work well together.",manual-translation,needs-english,jazz-units,890000000002309,jazz-units:items.lua:118764 | jazz-units:UnitData/Jazz_Mike.lua:38
890000000002320,Работаю спокойно.,Работаю спокойно.,Easy does it.,manual-translation,needs-english,jazz-units,890000000002320,jazz-units:items.lua:118899
890000000002321,Чисто.,Чисто.,Clean.,manual-translation,needs-english,jazz-units,890000000002321 | 890000000007033 | 890000000007095 | 890000000007157 | 890000000007219 | 890000000007281 | 890000000007343 | 890000000007405 | 890000000007467 | 890000000007529 | 890000000007591 | 890000000007715 | 890000000007777 | 890000000007963 | 890000000008025 | 890000000008087 | 890000000008211 | 890000000008335 | 890000000008398 | 890000000008460 | 890000000008522 | 890000000008584 | 890000000008646 | 890000000008708 | 890000000008770 | 890000000008832 | 890000000008894 | 890000000008956 | 890000000009018 | 890000000010247,jazz-units:items.lua:118920 | jazz-units:items.lua:121246 | jazz-units:items.lua:117254 | jazz-units:items.lua:126403 | jazz-units:items.lua:127927 | jazz-units:items.lua:118630 | jazz-units:items.lua:126747 | jazz-units:items.lua:122278 | jazz-units:items.lua:128174 | jazz-units:items.lua:117939 | jazz-units:items.lua:123237 | jazz-units:items.lua:121929 | jazz-units:items.lua:122932 | jazz-units:items.lua:126056 | jazz-units:items.lua:128915 | jazz-units:items.lua:127059 | jazz-units:items.lua:117597 | jazz-units:items.lua:118260 | jazz-units:items.lua:124295 | jazz-units:items.lua:127680 | jazz-units:items.lua:122620 | jazz-units:items.lua:121581 | jazz-units:items.lua:120541 | jazz-units:items.lua:127433 | jazz-units:items.lua:120207 | jazz-units:items.lua:128421 | jazz-units:items.lua:125744 | jazz-units:items.lua:120895 | jazz-units:items.lua:128668 | jazz-units:items.lua:118952
890000000002406,Афганец,Афганец,The Afghan,manual-translation,needs-english,jazz-units,890000000002406,jazz-units:items.lua:119075 | jazz-units:UnitData/Jazz_Grom.lua:27
890000000002411,"Найдёте Ивана или Игоря — берите без раздумий, проверенные бойцы.","Найдёте Ивана или Игоря — берите без раздумий, проверенные бойцы.","If you find Ivan or Igor, hire them without hesitation. Proven fighters.",manual-translation,needs-english,jazz-units,890000000002411,jazz-units:items.lua:119119 | jazz-units:UnitData/Jazz_Grom.lua:71
890000000002412,Громов. Связь позже — сейчас занят проверкой боекомплекта.,Громов. Связь позже — сейчас занят проверкой боекомплекта.,Gromov. Call back later—I'm checking my ammunition.,manual-translation,needs-english,jazz-units,890000000002412,jazz-units:items.lua:119135 | jazz-units:UnitData/Jazz_Grom.lua:87
890000000002415,Жду приказа. Гранатомёт заряжен.,Жду приказа. Гранатомёт заряжен.,Awaiting orders. Grenade launcher loaded.,manual-translation,needs-english,jazz-units,890000000002415,jazz-units:items.lua:119150 | jazz-units:UnitData/Jazz_Grom.lua:102
890000000002416,Гранатомёт с собой. Идём.,Гранатомёт с собой. Идём.,Grenade launcher's with me. Let's go.,manual-translation,needs-english,jazz-units,890000000002416,jazz-units:items.lua:119155 | jazz-units:UnitData/Jazz_Grom.lua:107
890000000002424,"Ранен, но держу оружие.","Ранен, но держу оружие.","Wounded, but I can still hold my weapon.",manual-translation,needs-english,jazz-units,890000000002424,jazz-units:items.lua:119283
890000000002425,Начнем что ли?,Начнем что ли?,Shall we get started?,manual-translation,needs-english,jazz-units,890000000002425 | 890000000007891,jazz-units:items.lua:119292 | jazz-units:items.lua:119257
890000000002426,Прям... расту над собой!,Прям... расту над собой!,I'm actually... improving!,manual-translation,needs-english,jazz-units,890000000002426,jazz-units:items.lua:119313
890000000002428,"Ну, до дяди ему далеко... Но паренек толковый.","Ну, до дяди ему далеко... Но паренек толковый.",He has a long way to go before he matches his uncle... But the kid's capable.,manual-translation,needs-english,jazz-units,890000000002428 | 890000000007903 | 890000000007904,jazz-units:items.lua:119304 | jazz-units:items.lua:119305 | jazz-units:items.lua:119306
890000000002429,"Скоуп бы тут что-то поправил, наверное.","Скоуп бы тут что-то поправил, наверное.",Scope would probably tweak something here.,manual-translation,needs-english,jazz-units,890000000002429,jazz-units:items.lua:119383
890000000002604,ДЭННИ,ДЭННИ,DANNY,manual-translation,needs-english,jazz-units,890000000002604,jazz-units:items.lua:120328 | jazz-units:UnitData/Jazz_Quinten.lua:24
890000000002606,"Машина, не человек","Машина, не человек","Machine, Not a Man",manual-translation,needs-english,jazz-units,890000000002606,jazz-units:items.lua:120331 | jazz-units:UnitData/Jazz_Quinten.lua:27
890000000002611,Мой гонорар не обсуждается по дешёвке.,Мой гонорар не обсуждается по дешёвке.,My fee isn't open to penny-pinching.,manual-translation,needs-english,jazz-units,890000000002611,jazz-units:items.lua:120368 | jazz-units:UnitData/Jazz_Quinten.lua:64
890000000002614,"Пожалуйста, обратите внимание, я сказал...","Пожалуйста, обратите внимание, я сказал...",Please note that I said...,manual-translation,needs-english,jazz-units,890000000002614,jazz-units:items.lua:120393 | jazz-units:UnitData/Jazz_Quinten.lua:88
890000000002615,"Как вы, наверно, знаете, моя специальность — оказание медицинской помощи в полевых условиях.","Как вы, наверно, знаете, моя специальность — оказание медицинской помощи в полевых условиях.","As you probably know, my specialty is providing medical care in the field.",manual-translation,needs-english,jazz-units,890000000002615,jazz-units:items.lua:120398 | jazz-units:UnitData/Jazz_Quinten.lua:93
890000000002618,Это вполне приемлемо. Спасибо.,Это вполне приемлемо. Спасибо.,That's perfectly acceptable. Thank you.,manual-translation,needs-english,jazz-units,890000000002618,jazz-units:items.lua:120413 | jazz-units:UnitData/Jazz_Quinten.lua:108
890000000002706,Мачо,Мачо,Macho,manual-translation,needs-english,jazz-units,890000000002706,jazz-units:items.lua:120665 | jazz-units:UnitData/Jazz_Vicious.lua:27
890000000002711,"О, Лиска или Паук уже здесь? Тогда я определённо в деле.","О, Лиска или Паук уже здесь? Тогда я определённо в деле.","Oh, Fox or Spider is already here? Then I'm definitely in.",manual-translation,needs-english,jazz-units,890000000002711,jazz-units:items.lua:120705 | jazz-units:UnitData/Jazz_Vicious.lua:67
890000000002713,"Злобный занят дамами. Пишите — если повезёт, отвечу.","Злобный занят дамами. Пишите — если повезёт, отвечу.","Malice is busy with the ladies. Leave a message—if you're lucky, I'll answer.",manual-translation,needs-english,jazz-units,890000000002713,jazz-units:items.lua:120738 | jazz-units:UnitData/Jazz_Vicious.lua:100
890000000002811,"О, Фло или трезвый Ларри уже здесь? Тогда... наверное, не так страшно.","О, Фло или трезвый Ларри уже здесь? Тогда... наверное, не так страшно.","Oh, Flo or sober Larry is already here? Then... maybe it won't be so scary.",manual-translation,needs-english,jazz-units,890000000002811,jazz-units:items.lua:121055 | jazz-units:UnitData/Jazz_Biff.lua:63
890000000002814,Э... Бифф на связи. Вы серьёзно насчёт боевого задания?,Э... Бифф на связи. Вы серьёзно насчёт боевого задания?,Uh... Biff here. Are you serious about the combat mission?,manual-translation,needs-english,jazz-units,890000000002814,jazz-units:items.lua:121093 | jazz-units:UnitData/Jazz_Biff.lua:101
890000000002900,Суперочередь,Суперочередь,Super Burst,manual-translation,needs-english,jazz | jazz-units,890000000002900 | 890000000002906,jazz:CharacterEffect/Jazz_Perk_Nervous.lua:9 | jazz-units:items.lua:121370 | jazz-units:UnitData/Jazz_Nervous.lua:27
890000000002903,Нервный,Нервный,Nervous,manual-translation,needs-english,jazz-units,890000000002903,jazz-units:items.lua:121366 | jazz-units:UnitData/Jazz_Nervous.lua:23
890000000002912,"Нервный... занят... пиши, перезвоню, может.","Нервный... занят... пиши, перезвоню, может.",Nervous... busy... leave a message. Maybe I'll call back.,manual-translation,needs-english,jazz-units,890000000002912,jazz-units:items.lua:121423 | jazz-units:UnitData/Jazz_Nervous.lua:79
890000000002915,"Где враги, где враги, где враги...","Где враги, где враги, где враги...","Where are the enemies, where are the enemies, where are the enemies...",manual-translation,needs-english,jazz-units,890000000002915,jazz-units:items.lua:121438 | jazz-units:UnitData/Jazz_Nervous.lua:94
890000000003004,ФЛО,ФЛО,FLO,manual-translation,needs-english,jazz-units,890000000003004,jazz-units:items.lua:121702 | jazz-units:UnitData/Jazz_Flo.lua:24
890000000003006,Безголовая курица,Безголовая курица,Headless Chicken,manual-translation,needs-english,jazz-units,890000000003006,jazz-units:items.lua:121705 | jazz-units:UnitData/Jazz_Flo.lua:27
890000000003012,Возьмите ещё Биффа — вдвоём нам не так страшно.,Возьмите ещё Биффа — вдвоём нам не так страшно.,Hire Biff too. It's not as scary when we're together.,manual-translation,needs-english,jazz-units,890000000003012,jazz-units:items.lua:121759 | jazz-units:UnitData/Jazz_Flo.lua:81
890000000003014,"Ой! Фло слушает... Это же не боевое задание, да?","Ой! Фло слушает... Это же не боевое задание, да?","Eek! Flo speaking... This isn't a combat mission, is it?",manual-translation,needs-english,jazz-units,890000000003014,jazz-units:items.lua:121778 | jazz-units:UnitData/Jazz_Flo.lua:100
890000000003016,"Можно я постою сзади, пожалуйста?","Можно я постою сзади, пожалуйста?","May I stand in the back, please?",manual-translation,needs-english,jazz-units,890000000003016,jazz-units:items.lua:121788 | jazz-units:UnitData/Jazz_Flo.lua:110
890000000003103,Пума,Пума,Cougar,manual-translation,needs-english,jazz-units,890000000003103,jazz-units:items.lua:122049 | jazz-units:UnitData/Jazz_Cougar.lua:23
890000000003106,Тихий автоматчик,Тихий автоматчик,Quiet Gunner,manual-translation,needs-english,jazz-units,890000000003106,jazz-units:items.lua:122053 | jazz-units:UnitData/Jazz_Cougar.lua:27
890000000003109,Слишком много шума вокруг вашего отряда в последнее время. Мне такое не по пути.,Слишком много шума вокруг вашего отряда в последнее время. Мне такое не по пути.,There's been too much noise around your squad lately. That's not for me.,manual-translation,needs-english,jazz-units,890000000003109,jazz-units:items.lua:122060 | jazz-units:UnitData/Jazz_Cougar.lua:34
890000000003110,За такую сумму я лучше отсижусь в тени.,За такую сумму я лучше отсижусь в тени.,"For that kind of money, I'd rather stay in the shadows.",manual-translation,needs-english,jazz-units,890000000003110,jazz-units:items.lua:122073 | jazz-units:UnitData/Jazz_Cougar.lua:47
890000000003113,Пума вне зоны действия. Пишите.,Пума вне зоны действия. Пишите.,Cougar is out of range. Leave a message.,manual-translation,needs-english,jazz-units,890000000003113,jazz-units:items.lua:122121 | jazz-units:UnitData/Jazz_Cougar.lua:95
890000000003210,"Карлос, Айра или Тень уже с вами? Тогда я вам доверяю.","Карлос, Айра или Тень уже с вами? Тогда я вам доверяю.","Carlos, Ira, or Shadow is already with you? Then I trust you.",manual-translation,needs-english,jazz-units,890000000003210,jazz-units:items.lua:122430 | jazz-units:UnitData/Jazz_Miguel.lua:55
890000000003211,"Найдёте Карлоса или Айру — берите без раздумий, это наши лучшие люди.","Найдёте Карлоса или Айру — берите без раздумий, это наши лучшие люди.","If you find Carlos or Ira, hire them without hesitation. They're our best people.",manual-translation,needs-english,jazz-units,890000000003211,jazz-units:items.lua:122449 | jazz-units:UnitData/Jazz_Miguel.lua:74
890000000003306,Я много путешествовать,Я много путешествовать,Me travel much,manual-translation,needs-english,jazz-units,890000000003306,jazz-units:items.lua:122744 | jazz-units:UnitData/Jazz_Gamos.lua:27
890000000003312,Гамос тут. Куда идти надо?,Гамос тут. Куда идти надо?,Hamous here. Where me go?,manual-translation,needs-english,jazz-units,890000000003312,jazz-units:items.lua:122784 | jazz-units:UnitData/Jazz_Gamos.lua:66
890000000003403,Динамо,Динамо,DYNAMO,manual-translation,needs-english,jazz-units,890000000003403,jazz-units:items.lua:123052 | jazz-units:UnitData/Jazz_Dynamo.lua:23
890000000003406,Зек-механик,Зек-механик,Convict Mechanic,manual-translation,needs-english,jazz-units,890000000003406,jazz-units:items.lua:123056 | jazz-units:UnitData/Jazz_Dynamo.lua:27
890000000003410,Динамо вне зоны — наверно чинит что-то. Пиши.,Динамо вне зоны — наверно чинит что-то. Пиши.,Dynamo's out of range—probably fixing something. Leave a message.,manual-translation,needs-english,jazz-units,890000000003410,jazz-units:items.lua:123081 | jazz-units:UnitData/Jazz_Dynamo.lua:51
890000000003414,За идею пойду — или за полтинник. Разницы нет.,За идею пойду — или за полтинник. Разницы нет.,I'll go for the cause—or fifty bucks. Same difference.,manual-translation,needs-english,jazz-units,890000000003414,jazz-units:items.lua:123101 | jazz-units:UnitData/Jazz_Dynamo.lua:71
890000000003416,Остаюсь. Тут ещё есть что чинить и кого пугать.,Остаюсь. Тут ещё есть что чинить и кого пугать.,I'm staying. Still plenty here to fix and people to scare.,manual-translation,needs-english,jazz-units,890000000003416,jazz-units:items.lua:123111 | jazz-units:UnitData/Jazz_Dynamo.lua:81
890000000003504,ГАСТОН,ГАСТОН,GASTON,manual-translation,needs-english,jazz-units,890000000003504,jazz-units:items.lua:123358 | jazz-units:UnitData/Jazz_Gaston.lua:24
890000000003509,"Пока Злобный или Бифф в отряде — нет. Один отбивает моих дам, другой портит настроение.","Пока Злобный или Бифф в отряде — нет. Один отбивает моих дам, другой портит настроение.",Not while Malice or Biff is on the team. One steals my ladies; the other ruins the mood.,manual-translation,needs-english,jazz-units,890000000003509,jazz-units:items.lua:123368 | jazz-units:UnitData/Jazz_Gaston.lua:34
890000000003511,"О, Тоска, Банс или Лиска уже здесь? Тогда я определённо в деле.","О, Тоска, Банс или Лиска уже здесь? Тогда я определённо в деле.","Oh, Tosca, Buns, or Fox is already here? Then I'm definitely in.",manual-translation,needs-english,jazz-units,890000000003511,jazz-units:items.lua:123402 | jazz-units:UnitData/Jazz_Gaston.lua:68
890000000003516,"Ну же, время дорого — как и мой шарм.","Ну же, время дорого — как и мой шарм.","Come now, time is money—and so is my charm.",manual-translation,needs-english,jazz-units,890000000003516,jazz-units:items.lua:123450 | jazz-units:UnitData/Jazz_Gaston.lua:116
890000000003611,"Бык, Гас или Бифф уже здесь? Тогда я точно в деле.","Бык, Гас или Бифф уже здесь? Тогда я точно в деле.","Bull, Gus, or Biff is already here? Then I'm definitely in.",manual-translation,needs-english,jazz-units,890000000003611,jazz-units:items.lua:123758 | jazz-units:UnitData/Jazz_Horg.lua:66
890000000003617,Беру тяжёлое и еду.,Беру тяжёлое и еду.,I'll pack the heavy gear and be on my way.,manual-translation,needs-english,jazz-units,890000000003617,jazz-units:items.lua:123811 | jazz-units:UnitData/Jazz_Horg.lua:119
890000000003704,МАНУЭЛЬ,МАНУЭЛЬ,MANUEL,manual-translation,needs-english,jazz-units,890000000003704,jazz-units:items.lua:124072 | jazz-units:UnitData/Jazz_Manuel.lua:24
890000000003706,Муж Фатимы,Муж Фатимы,Fatima's Husband,manual-translation,needs-english,jazz-units,890000000003706,jazz-units:items.lua:124075 | jazz-units:UnitData/Jazz_Manuel.lua:27
890000000003713,Мануэль... сейчас нет связи. Позже.,Мануэль... сейчас нет связи. Позже.,Manuel... unavailable right now. Call back later.,manual-translation,needs-english,jazz-units,890000000003713,jazz-units:items.lua:124140 | jazz-units:UnitData/Jazz_Manuel.lua:92
890000000003804,МОНК,МОНК,MONK,manual-translation,needs-english,jazz-units,890000000003804,jazz-units:items.lua:124416 | jazz-units:UnitData/Jazz_Monk.lua:24
890000000003817,"Хорошо. Иду один, как всегда.","Хорошо. Иду один, как всегда.","All right. Going alone, as always.",manual-translation,needs-english,jazz-units,890000000003817,jazz-units:items.lua:124510 | jazz-units:UnitData/Jazz_Monk.lua:118
890000000003903,Знаток,Знаток,Expert,manual-translation,needs-english,jazz-units,890000000003903,jazz-units:items.lua:124768 | jazz-units:UnitData/Jazz_Allik.lua:23
890000000004004,ХЕННИНГ,ХЕННИНГ,HENNING,manual-translation,needs-english,jazz-units,890000000004004,jazz-units:items.lua:125126 | jazz-units:UnitData/Jazz_Henning.lua:24
890000000004017,Принято. Я в вашем распоряжении.,Принято. Я в вашем распоряжении.,Understood. I'm at your disposal.,manual-translation,needs-english,jazz-units,890000000004017,jazz-units:items.lua:125223 | jazz-units:UnitData/Jazz_Henning.lua:121
890000000004104,СТАТИК,СТАТИК,STATIC,manual-translation,needs-english,jazz-units,890000000004104,jazz-units:items.lua:125483 | jazz-units:UnitData/Jazz_Static.lua:24
890000000004111,"Отряд из одних швейцарцев? Ладно, но накинь сверху.","Отряд из одних швейцарцев? Ладно, но накинь сверху.","A squad full of Swiss? Fine, but it'll cost you extra.",manual-translation,needs-english,jazz-units,890000000004111,jazz-units:items.lua:125525 | jazz-units:UnitData/Jazz_Static.lua:66
890000000004112,"О, Паук (или обдолбанный Ларри) уже здесь? Тогда я точно в деле.","О, Паук (или обдолбанный Ларри) уже здесь? Тогда я точно в деле.","Oh, Spider—or a stoned Larry—is already here? Then I'm definitely in.",manual-translation,needs-english,jazz-units,890000000004112,jazz-units:items.lua:125550 | jazz-units:UnitData/Jazz_Static.lua:91
890000000004115,"Йо, Статик на проводе. Что чинить?","Йо, Статик на проводе. Что чинить?","Yo, Static here. What needs fixing?",manual-translation,needs-english,jazz-units,890000000004115,jazz-units:items.lua:125588 | jazz-units:UnitData/Jazz_Static.lua:129
890000000004120,Остаюсь. Тут ещё есть что чинить.,Остаюсь. Тут ещё есть что чинить.,I'm staying. There's still plenty to fix here.,manual-translation,needs-english,jazz-units,890000000004120,jazz-units:items.lua:125613 | jazz-units:UnitData/Jazz_Static.lua:154
890000000004203,Скала,Скала,Cliff,manual-translation,needs-english,jazz-units,890000000004203,jazz-units:items.lua:125864 | jazz-units:UnitData/Jazz_Highball.lua:23
890000000004210,Слишком много крови для старого доктора.,Слишком много крови для старого доктора.,Too much blood for an old doctor.,manual-translation,needs-english,jazz-units,890000000004210,jazz-units:items.lua:125886 | jazz-units:UnitData/Jazz_Highball.lua:45
890000000004212,Доктор Клиффорд Хайбол.,Доктор Клиффорд Хайбол.,Dr. Clifford Highball.,manual-translation,needs-english,jazz-units,890000000004212,jazz-units:items.lua:125908 | jazz-units:UnitData/Jazz_Highball.lua:66
890000000004215,В следующий раз мы будем разговаривать уже в Арулько.,В следующий раз мы будем разговаривать уже в Арулько.,"Next time we speak, it'll be in Arulco.",manual-translation,needs-english,jazz-units,890000000004215,jazz-units:items.lua:125923 | jazz-units:UnitData/Jazz_Highball.lua:81
890000000004217,Отлично! Это место начинает мне нравиться!,Отлично! Это место начинает мне нравиться!,Excellent! I'm starting to like this place!,manual-translation,needs-english,jazz-units,890000000004217,jazz-units:items.lua:125933 | jazz-units:UnitData/Jazz_Highball.lua:91
890000000004313,Бык спит. Не будить.,Бык спит. Не будить.,Bull is sleeping. Do not wake.,manual-translation,needs-english,jazz-units,890000000004313,jazz-units:items.lua:126246 | jazz-units:UnitData/Jazz_Bull.lua:93
890000000004319,Остаюсь. Тут есть кого бить.,Остаюсь. Тут есть кого бить.,I'm staying. There are still people here who need a beating.,manual-translation,needs-english,jazz-units,890000000004319,jazz-units:items.lua:126276 | jazz-units:UnitData/Jazz_Bull.lua:123
890000000004410,Маловато будет.,Маловато будет.,Not enough.,manual-translation,needs-english,jazz-units,890000000004410,jazz-units:items.lua:126551 | jazz-units:UnitData/Jazz_Cord.lua:51
890000000004411,"Отряд полон русских... ладно, но с доплатой.","Отряд полон русских... ладно, но с доплатой.","A squad full of Russians... Fine, but it'll cost you extra.",manual-translation,needs-english,jazz-units,890000000004411,jazz-units:items.lua:126564 | jazz-units:UnitData/Jazz_Cord.lua:64
890000000004413,А? Кардан слушает. Что чинить?,А? Кардан слушает. Что чинить?,Huh? Gasket here. What needs fixing?,manual-translation,needs-english,jazz-units,890000000004413,jazz-units:items.lua:126594 | jazz-units:UnitData/Jazz_Cord.lua:93
890000000004415,Что мы вообще делали?,Что мы вообще делали?,What were we doing again?,manual-translation,needs-english,jazz-units,890000000004415,jazz-units:items.lua:126604 | jazz-units:UnitData/Jazz_Cord.lua:103
890000000004503,Хоббит,Хоббит,Hobbit,manual-translation,needs-english,jazz-units,890000000004503,jazz-units:items.lua:126867 | jazz-units:UnitData/Jazz_Hobbit.lua:23
890000000004510,Слишком много смертей — я предупреждал.,Слишком много смертей — я предупреждал.,Too many deaths. I warned you.,manual-translation,needs-english,jazz-units,890000000004510,jazz-units:items.lua:126889 | jazz-units:UnitData/Jazz_Hobbit.lua:45
890000000004629,"Как обычно, всё плохо.","Как обычно, всё плохо.","As usual, everything's bad.",manual-translation,needs-english,jazz-units,890000000004629,jazz-units:items.lua:127810 | jazz-units:UnitData/Jazz_Carlos.lua:33
890000000004632,Остаюсь. Хуже уже не будет.,Остаюсь. Хуже уже не будет.,I'm staying. It can't get any worse.,manual-translation,needs-english,jazz-units,890000000004632,jazz-units:items.lua:127813 | jazz-units:UnitData/Jazz_Carlos.lua:36
890000000004637,ДЕВИН,ДЕВИН,DEVIN,manual-translation,needs-english,jazz-units,890000000004637,jazz-units:items.lua:128048 | jazz-units:UnitData/Jazz_Devin.lua:24
890000000004643,Коннелл слушает.,Коннелл слушает.,Connell here.,manual-translation,needs-english,jazz-units,890000000004643,jazz-units:items.lua:128055 | jazz-units:UnitData/Jazz_Devin.lua:31
890000000004645,"Ну что, есть что взорвать?","Ну что, есть что взорвать?","So, is there anything to blow up?",manual-translation,needs-english,jazz-units,890000000004645,jazz-units:items.lua:128057 | jazz-units:UnitData/Jazz_Devin.lua:33
890000000004668,Винс,Винс,Vince,manual-translation,needs-english,jazz-units,890000000004668,jazz-units:items.lua:128541 | jazz-units:UnitData/Jazz_Vince.lua:23
890000000004674,Доктор Винс на операции. Перезвоните.,Доктор Винс на операции. Перезвоните.,Dr. Vince is in surgery. Call back.,manual-translation,needs-english,jazz-units,890000000004674,jazz-units:items.lua:128548 | jazz-units:UnitData/Jazz_Vince.lua:30
890000000004675,Винсент слушает. Кого нужно подлатать?,Винсент слушает. Кого нужно подлатать?,Vincent here. Who needs patching up?,manual-translation,needs-english,jazz-units,890000000004675,jazz-units:items.lua:128549 | jazz-units:UnitData/Jazz_Vince.lua:31
890000000004680,Остаюсь. Ещё многому могу научить.,Остаюсь. Ещё многому могу научить.,I'm staying. I still have plenty to teach.,manual-translation,needs-english,jazz-units,890000000004680,jazz-units:items.lua:128554 | jazz-units:UnitData/Jazz_Vince.lua:36
890000000004684,Убийца,Убийца,Killer,manual-translation,needs-english,jazz-units,890000000004684,jazz-units:items.lua:128788 | jazz-units:UnitData/Jazz_Hitman.lua:23
890000000004687,Разыскиваемый,Разыскиваемый,Wanted Man,manual-translation,needs-english,jazz-units,890000000004687,jazz-units:items.lua:128792 | jazz-units:UnitData/Jazz_Hitman.lua:27
890000000004691,Говори быстро.,Говори быстро.,Talk fast.,manual-translation,needs-english,jazz-units,890000000004691,jazz-units:items.lua:128796 | jazz-units:UnitData/Jazz_Hitman.lua:31
890000000004694,Неделя. Не больше.,Неделя. Не больше.,One week. No more.,manual-translation,needs-english,jazz-units,890000000004694,jazz-units:items.lua:128799 | jazz-units:UnitData/Jazz_Hitman.lua:34
890000000004701,БИГГЕНС,БИГГЕНС,BIGGENS,manual-translation,needs-english,jazz-units,890000000004701,jazz-units:items.lua:129036 | jazz-units:UnitData/Jazz_Biggens.lua:24
890000000004710,Ещё один заряд не помешает. Иду.,Ещё один заряд не помешает. Иду.,One more charge can't hurt. I'm in.,manual-translation,needs-english,jazz-units,890000000004710,jazz-units:items.lua:129046 | jazz-units:UnitData/Jazz_Biggens.lua:34
890000000004717,КУЛЬБА,КУЛЬБА,KULBA,manual-translation,needs-english,jazz-units,890000000004717,jazz-units:items.lua:129283 | jazz-units:UnitData/Jazz_Kulba.lua:24
890000000004719,Патриот-дед,Патриот-дед,Patriotic Grandpa,manual-translation,needs-english,jazz-units,890000000004719,jazz-units:items.lua:129286 | jazz-units:UnitData/Jazz_Kulba.lua:27
890000000004722,Кульба на службе. Перезвоните.,Кульба на службе. Перезвоните.,Kulba is on duty. Call back.,manual-translation,needs-english,jazz-units,890000000004722,jazz-units:items.lua:129289 | jazz-units:UnitData/Jazz_Kulba.lua:30
890000000004735,Тоже эстонец,Тоже эстонец,Another Estonian,manual-translation,needs-english,jazz-units,890000000004735,jazz-units:items.lua:129533 | jazz-units:UnitData/Jazz_Vilde.lua:27
890000000004739,"Леннарт на связи, привет...","Леннарт на связи, привет...","Lennart here, hello...",manual-translation,needs-english,jazz-units,890000000004739,jazz-units:items.lua:129537 | jazz-units:UnitData/Jazz_Vilde.lua:31
890000000004741,Ночная операция... Она пошла бы мне на пользу.,Ночная операция... Она пошла бы мне на пользу.,A night operation... That would suit me well.,manual-translation,needs-english,jazz-units,890000000004741,jazz-units:items.lua:129539 | jazz-units:UnitData/Jazz_Vilde.lua:33
890000000004754,"Вы позвонили Грейс Джирелли, оставьте свое сообщение. Мама, если это ты... Да, я в порядке, и... нет, у меня нет времени для встречи с очередным милым молодым человеком. Я тебя люблю. Чао!","Вы позвонили Грейс Джирелли, оставьте свое сообщение. Мама, если это ты... Да, я в порядке, и... нет, у меня нет времени для встречи с очередным милым молодым человеком. Я тебя люблю. Чао!","You've reached Grace Girelli. Leave your message. Mom, if that's you... Yes, I'm fine, and... no, I don't have time to meet another nice young man. Love you. Ciao!",manual-translation,needs-english,jazz-units,890000000004754,jazz-units:items.lua:129783 | jazz-units:UnitData/Jazz_Grace.lua:30
890000000004773,"Мне есть, чем заняться...","Мне есть, чем заняться...",I have things to do...,manual-translation,needs-english,jazz-units,890000000004773,jazz-units:items.lua:130033 | jazz-units:UnitData/Jazz_Steiger.lua:33
890000000004774,"Отлично, уже еду.","Отлично, уже еду.","Excellent, I'm on my way.",manual-translation,needs-english,jazz-units,890000000004774,jazz-units:items.lua:130034 | jazz-units:UnitData/Jazz_Steiger.lua:34
890000000004775,Заинтересован в продлении контракта? Я бы не отказался...,Заинтересован в продлении контракта? Я бы не отказался...,Interested in renewing the contract? I wouldn't mind...,manual-translation,needs-english,jazz-units,890000000004775,jazz-units:items.lua:130035 | jazz-units:UnitData/Jazz_Steiger.lua:35
890000000004781,ЛАКИ,ЛАКИ,LUCKY,manual-translation,needs-english,jazz-units,890000000004781,jazz-units:items.lua:130271 | jazz-units:UnitData/Jazz_Lucky.lua:24
890000000004783,Бельгиец,Бельгиец,Belgian,manual-translation,needs-english,jazz-units,890000000004783,jazz-units:items.lua:130274 | jazz-units:UnitData/Jazz_Lucky.lua:27
890000000004786,"Это Люк Фабр, говорите, пожалуйста, после сигнала.","Это Люк Фабр, говорите, пожалуйста, после сигнала.",This is Luc Fabre. Please speak after the beep.,manual-translation,needs-english,jazz-units,890000000004786,jazz-units:items.lua:130277 | jazz-units:UnitData/Jazz_Lucky.lua:30
890000000004787,Алло!,Алло!,Hello!,manual-translation,needs-english,jazz-units,890000000004787,jazz-units:items.lua:130278 | jazz-units:UnitData/Jazz_Lucky.lua:31
890000000004790,"D'accord, я согласен.","D'accord, я согласен.","D'accord, I agree.",manual-translation,needs-english,jazz-units,890000000004790,jazz-units:items.lua:130281 | jazz-units:UnitData/Jazz_Lucky.lua:34
890000000004805,"Может быть, пока сделаем пару... растяжек, отжиманий? Другими словами, зарядку?","Может быть, пока сделаем пару... растяжек, отжиманий? Другими словами, зарядку?","Maybe we could do a few... stretches and push-ups for now? Exercise, in other words?",manual-translation,needs-english,jazz-units,890000000004805,jazz-units:items.lua:130527 | jazz-units:UnitData/Jazz_Laura.lua:33
890000000004812,Эскимо,Эскимо,Eskimo,manual-translation,needs-english,jazz-units,890000000004812,jazz-units:items.lua:130764 | jazz-units:UnitData/Jazz_Eskimo.lua:23
890000000006301,Стычка.,Стычка.,Firefight.,manual-translation,needs-english,jazz-units,890000000006301,jazz-units:items.lua:120153
890000000006306,Перезаряжай!,Перезаряжай!,Reload!,manual-translation,needs-english,jazz-units,890000000006306,jazz-units:items.lua:120182
890000000006309,Учиться никогда не поздно.,Учиться никогда не поздно.,It's never too late to learn.,manual-translation,needs-english,jazz-units,890000000006309,jazz-units:items.lua:120225
890000000006313,"Смотрите, кто пришел!","Смотрите, кто пришел!",Look who showed up!,manual-translation,needs-english,jazz-units,890000000006313,jazz-units:items.lua:120487
890000000006314,"Ого, смотрите, кого к нам принесло!","Ого, смотрите, кого к нам принесло!","Well, well, look what the cat dragged in!",manual-translation,needs-english,jazz-units,890000000006314 | 890000000006319,jazz-units:items.lua:120488 | jazz-units:items.lua:120538
890000000006316,"Вышибли из меня все дерьмо! Похоже, мне не выбраться. Без дерьма-то.","Вышибли из меня все дерьмо! Похоже, мне не выбраться. Без дерьма-то.",They beat the shit out of me! Looks like I'm not getting out of this one. Not without my shit.,manual-translation,needs-english,jazz-units,890000000006316,jazz-units:items.lua:120547
890000000006317,"Ааа, так меня не затормозить!","Ааа, так меня не затормозить!",Aaaah... That won't slow me down!,manual-translation,needs-english,jazz-units,890000000006317,jazz-units:items.lua:120529
890000000006321,Я всегда любил учиться.,Я всегда любил учиться.,I've always loved learning.,manual-translation,needs-english,jazz-units,890000000006321,jazz-units:items.lua:120559
890000000006324,Без этого было нельзя. Я уже встал и готов к работе.,Без этого было нельзя. Я уже встал и готов к работе.,It had to be done. I'm back on my feet and ready for work.,manual-translation,needs-english,jazz-units,890000000006324,jazz-units:items.lua:121497
890000000006335,"Точно, Бритва! Ты мой идеал!","Точно, Бритва! Ты мой идеал!","That's right, Razor! You're my hero!",manual-translation,needs-english,jazz-units,890000000006335,jazz-units:items.lua:121672
890000000006346,"Эта Лава, она просто не женщина. Она - живое оскорбление всему женскому полу!","Эта Лава, она просто не женщина. Она - живое оскорбление всему женскому полу!",That Lava is no woman. She's a living insult to the entire female sex!,manual-translation,needs-english,jazz-units,890000000006346,jazz-units:items.lua:122017
890000000006347,"Потрясающе, Биф! Ну разве удивительно, что ты мне нравишься... я хочу  сказать,","Потрясающе, Биф! Ну разве удивительно, что ты мне нравишься... я хочу  сказать,","Amazing, Biff! Is it any wonder I like you... I mean,",manual-translation,needs-english,jazz-units,890000000006347,jazz-units:items.lua:122020
890000000006349,Вижу солдата.,Вижу солдата.,I see a soldier.,manual-translation,needs-english,jazz-units,890000000006349,jazz-units:items.lua:122566
890000000006354,Надо перезарядить.,Надо перезарядить.,Need to reload.,manual-translation,needs-english,jazz-units,890000000006354 | 890000000006426,jazz-units:items.lua:122595 | jazz-units:items.lua:127902
890000000006359,"Отлично, Карлос.","Отлично, Карлос.","Excellent, Carlos.",manual-translation,needs-english,jazz-units,890000000006359,jazz-units:items.lua:122711
890000000006361,Вот и жлоб.,Вот и жлоб.,And there's the boor.,manual-translation,needs-english,jazz-units,890000000006361 | 890000000006362 | 890000000007828,jazz-units:items.lua:123542 | jazz-units:items.lua:123543 | jazz-units:items.lua:123557
890000000006363,Свободен... делов-то.,Свободен... делов-то.,Done... no big deal.,manual-translation,needs-english,jazz-units,890000000006363 | 890000000007823 | 890000000007854 | 890000000007855,jazz-units:items.lua:123564 | jazz-units:items.lua:123544 | jazz-units:items.lua:123642 | jazz-units:items.lua:123645
890000000006366,Скучно жить с пустой обоймой.,Скучно жить с пустой обоймой.,Life is dull with an empty magazine.,manual-translation,needs-english,jazz-units,890000000006366 | 890000000007832,jazz-units:items.lua:123571 | jazz-units:items.lua:123568
890000000006367,Наконец-то можно поразвлечься.,Наконец-то можно поразвлечься.,"Finally, some fun.",manual-translation,needs-english,jazz-units,890000000006367 | 890000000007829,jazz-units:items.lua:123593 | jazz-units:items.lua:123558
890000000006369,Я это заслужил.,Я это заслужил.,I earned this.,manual-translation,needs-english,jazz-units,890000000006369,jazz-units:items.lua:123614
890000000006370,Этот Злобный... Он издевается над языком наших отцов. Я не могу выносить это словесное убийство.,Этот Злобный... Он издевается над языком наших отцов. Я не могу выносить это словесное убийство.,That Malice... He butchers the language of our forefathers. I cannot stand this verbal murder.,manual-translation,needs-english,jazz-units,890000000006370,jazz-units:items.lua:123684
890000000006371,"Тоска, ты полна затаенной страсти.","Тоска, ты полна затаенной страсти.","Tosca, you are full of pent-up passion.",manual-translation,needs-english,jazz-units,890000000006371,jazz-units:items.lua:123687
890000000006372,Говорит Кирк Стивенсон. Известный по кличке Статик. Раньше я говорил только клич,Говорит Кирк Стивенсон. Известный по кличке Статик. Раньше я говорил только клич,"This is Kirk Stevenson, better known as Static. I used to go only by my nick—",manual-translation,needs-english,jazz-units,890000000006372,jazz-units:items.lua:125660
890000000006375,Шеф-повар Статик к Вашим услугам.,Шеф-повар Статик к Вашим услугам.,Chef Static at your service.,manual-translation,needs-english,jazz-units,890000000006375,jazz-units:items.lua:125712
890000000006377,"Отходняк затянется, однозначно.","Отходняк затянется, однозначно.",This comedown is definitely going to take a while.,manual-translation,needs-english,jazz-units,890000000006377,jazz-units:items.lua:125732
890000000006378,"Барабан пуст, чувак.","Барабан пуст, чувак.","Cylinder's empty, man.",manual-translation,needs-english,jazz-units,890000000006378,jazz-units:items.lua:125719
890000000006385,Вражеские элементы!,Вражеские элементы!,Hostile elements!,manual-translation,needs-english,jazz-units,890000000006385,jazz-units:items.lua:126002
890000000006389,Ааааа... Вот это массаж!,Ааааа... Вот это массаж!,Aaaah... Now that's a massage!,manual-translation,needs-english,jazz-units,890000000006389,jazz-units:items.lua:126044
890000000006393,"Я знал, что у меня есть еще кое-какой потенциал.","Я знал, что у меня есть еще кое-какой потенциал.",I knew I still had some untapped potential.,manual-translation,needs-english,jazz-units,890000000006393,jazz-units:items.lua:126074
890000000006394,Только не это.,Только не это.,Not this.,manual-translation,needs-english,jazz-units,890000000006394 | 890000000006418 | 890000000006442 | 890000000006466 | 890000000006478 | 890000000006502 | 890000000006514 | 890000000006550 | 890000000006574 | 890000000006610 | 890000000008364 | 890000000009119 | 890000000009193 | 890000000009241 | 890000000010276,jazz-units:items.lua:126144 | jazz-units:items.lua:127768 | jazz-units:items.lua:128509 | jazz-units:items.lua:130979 | jazz-units:items.lua:120983 | jazz-units:items.lua:122366 | jazz-units:items.lua:123020 | jazz-units:items.lua:124383 | jazz-units:items.lua:127147 | jazz-units:items.lua:128756 | jazz-units:items.lua:118348 | jazz-units:items.lua:119668 | jazz-units:items.lua:119953 | jazz-units:items.lua:129250 | jazz-units:items.lua:119040
890000000006397,Враги.,Враги.,Enemies.,manual-translation,needs-english,jazz-units,890000000006397,jazz-units:items.lua:126349
890000000006400,Я ухожу...,Я ухожу...,I'm leaving...,manual-translation,needs-english,jazz-units,890000000006400,jazz-units:items.lua:126409
890000000006402,Перезарядить надо.,Перезарядить надо.,Need to reload.,manual-translation,needs-english,jazz-units,890000000006402,jazz-units:items.lua:126378
890000000006405,Тяжелая работа и честная жизнь всегда себя оправдывают.,Тяжелая работа и честная жизнь всегда себя оправдывают.,Hard work and an honest life always pay off.,manual-translation,needs-english,jazz-units,890000000006405,jazz-units:items.lua:126421
890000000006407,Гвоздь - молодец.,Гвоздь - молодец.,Nails did good.,manual-translation,needs-english,jazz-units,890000000006407,jazz-units:items.lua:126494
890000000006411,Мясу хорошо!,Мясу хорошо!,Meat is good!,manual-translation,needs-english,jazz-units,890000000006411,jazz-units:items.lua:127648
890000000006412,"Я буду скоро с тобой, мамочка! Мясо идет домой!","Я буду скоро с тобой, мамочка! Мясо идет домой!","I'll be with you soon, Mama! Meat is coming home!",manual-translation,needs-english,jazz-units,890000000006412,jazz-units:items.lua:127686
890000000006417,"Мясо учится, медленно.","Мясо учится, медленно.",Meat learns slowly.,manual-translation,needs-english,jazz-units,890000000006417,jazz-units:items.lua:127698
890000000006419,"Да, Бык МОЛОДЕЦ! А Мясо - лучший Быку друг!","Да, Бык МОЛОДЕЦ! А Мясо - лучший Быку друг!","Yes, Bull GOOD! Meat is Bull's best friend!",manual-translation,needs-english,jazz-units,890000000006419,jazz-units:items.lua:127771
890000000006424,Какое мучение... Чувствую холод смерти.,Какое мучение... Чувствую холод смерти.,What agony... I feel death's cold.,manual-translation,needs-english,jazz-units,890000000006424,jazz-units:items.lua:127933
890000000006430,"Я не доверяю Игги. Он был враг, стал друг. Что он будет завтра?  Нельзя быть уве","Я не доверяю Игги. Он был враг, стал друг. Что он будет завтра?  Нельзя быть уве","I don't trust Iggy. He was enemy, became friend. What will he be tomorrow? Cannot be sur—",manual-translation,needs-english,jazz-units,890000000006430,jazz-units:items.lua:128015
890000000006437,Я этого не заслужил.,Я этого не заслужил.,I don't deserve this.,manual-translation,needs-english,jazz-units,890000000006437,jazz-units:items.lua:128409
890000000006440,Приказ выполнен.,Приказ выполнен.,Orders carried out.,manual-translation,needs-english,jazz-units,890000000006440,jazz-units:items.lua:128430
890000000006444,"Эй, я выспался.","Эй, я выспался.","Hey, I got some sleep.",manual-translation,needs-english,jazz-units,890000000006444,jazz-units:items.lua:128831
890000000006450,Нужны патроны.,Нужны патроны.,Need ammo.,manual-translation,needs-english,jazz-units,890000000006450,jazz-units:items.lua:128890
890000000006452,Задание выполнено. Что будем делать?,Задание выполнено. Что будем делать?,Mission accomplished. What's next?,manual-translation,needs-english,jazz-units,890000000006452,jazz-units:items.lua:128924
890000000006453,Без труда ни хрена из пруда не выловишь...,Без труда ни хрена из пруда не выловишь...,You don't get jack without putting in the work...,manual-translation,needs-english,jazz-units,890000000006453,jazz-units:items.lua:128933
890000000006455,Маг! Так держать!,Маг! Так держать!,Magic! Keep it up!,manual-translation,needs-english,jazz-units,890000000006455,jazz-units:items.lua:129006
890000000006459,Твой помирай!,Твой помирай!,You die!,manual-translation,needs-english,jazz-units,890000000006459 | 890000000007637 | 890000000007668 | 890000000007669,jazz-units:items.lua:130859 | jazz-units:items.lua:130839 | jazz-units:items.lua:130937 | jazz-units:items.lua:130940
890000000006460,Моя совсем плохая!,Моя совсем плохая!,Me very bad!,manual-translation,needs-english,jazz-units,890000000006460 | 890000000007650,jazz-units:items.lua:130897 | jazz-units:items.lua:130876
890000000006470,"Тута эти гады. Надо хвост подобрать, сейчас начаться может.","Тута эти гады. Надо хвост подобрать, сейчас начаться может.",Bastards here. Tail down. Trouble start now.,manual-translation,needs-english,jazz-units,890000000006470 | 890000000006475,jazz-units:items.lua:120842 | jazz-units:items.lua:120892
890000000006471,"Пока, ты!","Пока, ты!","Bye, you!",manual-translation,needs-english,jazz-units,890000000006471,jazz-units:items.lua:120863
890000000006476,Сделал все.,Сделал все.,Did it all.,manual-translation,needs-english,jazz-units,890000000006476,jazz-units:items.lua:120904
890000000006477,Я молодец!,Я молодец!,Me did good!,manual-translation,needs-english,jazz-units,890000000006477,jazz-units:items.lua:120913
890000000006479,"Лиска, она замечательная! И смотрится в деле что надо, тоже.","Лиска, она замечательная! И смотрится в деле что надо, тоже.","Fox, she wonderful! Looks good in action too.",manual-translation,needs-english,jazz-units,890000000006479,jazz-units:items.lua:120986
890000000006480,Доброе утро. Возобновляю выполнение задания.,Доброе утро. Возобновляю выполнение задания.,Good morning. Resuming the assignment.,manual-translation,needs-english,jazz-units,890000000006480,jazz-units:items.lua:121162
890000000006486,Патроны! Патроны кончились!,Патроны! Патроны кончились!,Ammo! I'm out of ammo!,manual-translation,needs-english,jazz-units,890000000006486,jazz-units:items.lua:121221
890000000006489,Теперь я им покажу.,Теперь я им покажу.,Now I'll show them.,manual-translation,needs-english,jazz-units,890000000006489,jazz-units:items.lua:121264
890000000006491,"Вот это да, Ларри! Я же говорил, что у тебя получится.","Вот это да, Ларри! Я же говорил, что у тебя получится.","Way to go, Larry! Told you you could do it.",manual-translation,needs-english,jazz-units,890000000006491,jazz-units:items.lua:121337
890000000006497,Мои раны незначительны. Невосстановимых поражений быть не должно.,Мои раны незначительны. Невосстановимых поражений быть не должно.,My wounds are minor. There should be no permanent damage.,manual-translation,needs-english,jazz-units,890000000006497,jazz-units:items.lua:122266
890000000006501,"Всегда можно найти, в чем стать лучше.","Всегда можно найти, в чем стать лучше.",There's always something you can improve.,manual-translation,needs-english,jazz-units,890000000006501,jazz-units:items.lua:122296
890000000006505,Ничтожество!,Ничтожество!,Worthless!,manual-translation,needs-english,jazz-units,890000000006505,jazz-units:items.lua:122878
890000000006508,Мне больно. Очень больно.,Мне больно. Очень больно.,I'm in pain. A lot of pain.,manual-translation,needs-english,jazz-units,890000000006508,jazz-units:items.lua:122938
890000000006509,"Больно, Мистер Джек.","Больно, Мистер Джек.","It hurts, Mr. Jack.",manual-translation,needs-english,jazz-units,890000000006509,jazz-units:items.lua:122920
890000000006513,У меня все в порядке.,У меня все в порядке.,I'm all right.,manual-translation,needs-english,jazz-units,890000000006513,jazz-units:items.lua:122950
890000000006517,Солдаты.,Солдаты.,Soldiers.,manual-translation,needs-english,jazz-units,890000000006517,jazz-units:items.lua:123183
890000000006522,У меня больше патронов не осталось.,У меня больше патронов не осталось.,I have no ammunition left.,manual-translation,needs-english,jazz-units,890000000006522,jazz-units:items.lua:123212
890000000006525,Я работаю все лучше. Я буду готов.,Я работаю все лучше. Я буду готов.,I'm getting better and better. I'll be ready.,manual-translation,needs-english,jazz-units,890000000006525,jazz-units:items.lua:123255
890000000006527,"Ты хорошо поработал, Шенк!","Ты хорошо поработал, Шенк!","Good work, Shank!",manual-translation,needs-english,jazz-units,890000000006527,jazz-units:items.lua:123328
890000000006531,Еще один клиент для капеллана.,Еще один клиент для капеллана.,Another client for the chaplain.,manual-translation,needs-english,jazz-units,890000000006531 | 890000000008133 | 890000000008141 | 890000000008164 | 890000000008165,jazz-units:items.lua:123919 | jazz-units:items.lua:123899 | jazz-units:items.lua:123920 | jazz-units:items.lua:123997 | jazz-units:items.lua:124000
890000000006536,Жду.,Жду.,Waiting.,manual-translation,needs-english,jazz-units,890000000006536 | 890000000006634 | 890000000006660 | 890000000007035 | 890000000007036 | 890000000007097 | 890000000007098 | 890000000007159 | 890000000007160 | 890000000007221 | 890000000007222 | 890000000007283 | 890000000007284 | 890000000007345 | 890000000007346 | 890000000007407 | 890000000007408 | 890000000007469 | 890000000007470 | 890000000007531 | 890000000007532 | 890000000007593 | 890000000007594 | 890000000007655 | 890000000007656 | 890000000007717 | 890000000007718 | 890000000007779 | 890000000007780 | 890000000007965 | 890000000007966 | 890000000008027 | 890000000008028 | 890000000008089 | 890000000008090 | 890000000008151 | 890000000008152 | 890000000008213 | 890000000008214 | 890000000008337 | 890000000008338 | 890000000008400 | 890000000008401 | 890000000008462 | 890000000008463 | 890000000008524 | 890000000008525 | 890000000008586 | 890000000008587 | 890000000008648 | 890000000008649 | 890000000008710 | 890000000008711 | 890000000008772 | 890000000008773 | 890000000008834 | 890000000008835 | 890000000008896 | 890000000008897 | 890000000008958 | 890000000008959 | 890000000009020 | 890000000009021 | 890000000009203 | 890000000009227 | 890000000009275 | 890000000009299 | 890000000009524 | 890000000009525 | 890000000009586 | 890000000009587 | 890000000009710 | 890000000009711 | 890000000009772 | 890000000009773 | 890000000010249 | 890000000010250,jazz-units:items.lua:123960 | jazz-units:items.lua:119439 | jazz-units:UnitData/Jazz_Benny.lua:47 | jazz-units:items.lua:119724 | jazz-units:UnitData/Jazz_Simon.lua:47 | jazz-units:items.lua:121256 | jazz-units:items.lua:121257 | jazz-units:items.lua:117264 | jazz-units:items.lua:117265 | jazz-units:items.lua:126413 | jazz-units:items.lua:126414 | jazz-units:items.lua:127937 | jazz-units:items.lua:127938 | jazz-units:items.lua:118640 | jazz-units:items.lua:118641 | jazz-units:items.lua:126757 | jazz-units:items.lua:126758 | jazz-units:items.lua:122288 | jazz-units:items.lua:122289 | jazz-units:items.lua:128184 | jazz-units:items.lua:128185 | jazz-units:items.lua:117949 | jazz-units:items.lua:117950 | jazz-units:items.lua:123247 | jazz-units:items.lua:123248 | jazz-units:items.lua:130901 | jazz-units:items.lua:130902 | jazz-units:items.lua:121939 | jazz-units:items.lua:121940 | jazz-units:items.lua:122942 | jazz-units:items.lua:122943 | jazz-units:items.lua:126066 | jazz-units:items.lua:126067 | jazz-units:items.lua:128925 | jazz-units:items.lua:128926 | jazz-units:items.lua:127069 | jazz-units:items.lua:127070 | jazz-units:items.lua:123961 | jazz-units:items.lua:123962 | jazz-units:items.lua:117607 | jazz-units:items.lua:117608 | jazz-units:items.lua:118270 | jazz-units:items.lua:118271 | jazz-units:items.lua:124305 | jazz-units:items.lua:124306 | jazz-units:items.lua:127690 | jazz-units:items.lua:127691 | jazz-units:items.lua:122630 | jazz-units:items.lua:122631 | jazz-units:items.lua:121591 | jazz-units:items.lua:121592 | jazz-units:items.lua:120551 | jazz-units:items.lua:120552 | jazz-units:items.lua:127443 | jazz-units:items.lua:127444 | jazz-units:items.lua:120217 | jazz-units:items.lua:120218 | jazz-units:items.lua:128431 | jazz-units:items.lua:128432 | jazz-units:items.lua:125754 | jazz-units:items.lua:125755 | jazz-units:items.lua:120905 | jazz-units:items.lua:120906 | jazz-units:items.lua:128678 | jazz-units:items.lua:128679 | jazz-units:items.lua:124657 | jazz-units:items.lua:125371 | jazz-units:items.lua:130159 | jazz-units:items.lua:130653 | jazz-units:items.lua:125372 | jazz-units:items.lua:125373 | jazz-units:items.lua:130654 | jazz-units:items.lua:130655 | jazz-units:items.lua:124658 | jazz-units:items.lua:124659 | jazz-units:items.lua:130160 | jazz-units:items.lua:130161 | jazz-units:items.lua:118962 | jazz-units:items.lua:118963
890000000006538,"Не пойму, чего несет этот Тревор. Шел бы он обратно в кенгурячью задницу!","Не пойму, чего несет этот Тревор. Шел бы он обратно в кенгурячью задницу!",Can't make head or tail of what Trevor says. He should crawl back up a kangaroo's ass!,manual-translation,needs-english,jazz-units,890000000006538,jazz-units:items.lua:124039
890000000006548,Я готов к работе.,Я готов к работе.,I'm ready for work.,manual-translation,needs-english,jazz-units,890000000006548,jazz-units:items.lua:124304
890000000006554,Пора убивать!,Пора убивать!,Time to kill!,manual-translation,needs-english,jazz-units,890000000006554 | 890000000006559,jazz-units:items.lua:126694 | jazz-units:items.lua:126744
890000000006556,"Оуууу... Ох, господи, мне так последний раз было, когда я попробовал  починить п","Оуууу... Ох, господи, мне так последний раз было, когда я попробовал  починить п","Ohhh... Oh, God, the last time I felt like this was when I tried to fix a p—",manual-translation,needs-english,jazz-units,890000000006556,jazz-units:items.lua:126753
890000000006558,"Сдается, у меня винтовка пустая.","Сдается, у меня винтовка пустая.",Looks like my rifle is empty.,manual-translation,needs-english,jazz-units,890000000006558,jazz-units:items.lua:126722
890000000006560,Закончил.,Закончил.,Finished.,manual-translation,needs-english,jazz-units,890000000006560,jazz-units:items.lua:126756
890000000006561,Я стараюсь!,Я стараюсь!,I'm trying!,manual-translation,needs-english,jazz-units,890000000006561,jazz-units:items.lua:126765
890000000006570,Магазин пустой. Нет патронов.,Магазин пустой. Нет патронов.,Magazine's empty. No ammo.,manual-translation,needs-english,jazz-units,890000000006570,jazz-units:items.lua:127034
890000000006572,Что-нибудь еще?,Что-нибудь еще?,Anything else?,manual-translation,needs-english,jazz-units,890000000006572,jazz-units:items.lua:127068
890000000006578,Шевелитесь! Неприятель.,Шевелитесь! Неприятель.,Move it! Enemy.,manual-translation,needs-english,jazz-units,890000000006578 | 890000000006583,jazz-units:items.lua:127380 | jazz-units:items.lua:127430
890000000006580,Так твою растак! Больно!,Так твою растак! Больно!,Son of a— That hurts!,manual-translation,needs-english,jazz-units,890000000006580,jazz-units:items.lua:127439
890000000006588,"Мог бы еще поспать, но вот, уже работаю!","Мог бы еще поспать, но вот, уже работаю!","Could've slept some more, but here I am, already working!",manual-translation,needs-english,jazz-units,890000000006588,jazz-units:items.lua:128090
890000000006589,Кто то есть.,Кто то есть.,Someone's there.,manual-translation,needs-english,jazz-units,890000000006589,jazz-units:items.lua:128120
890000000006596,Готово.,Готово.,Done.,manual-translation,needs-english,jazz-units,890000000006596 | 890000000007046 | 890000000007108 | 890000000007170 | 890000000007232 | 890000000007294 | 890000000007356 | 890000000007418 | 890000000007480 | 890000000007542 | 890000000007604 | 890000000007728 | 890000000007790 | 890000000007976 | 890000000008038 | 890000000008100 | 890000000008224 | 890000000008348 | 890000000008411 | 890000000008473 | 890000000008535 | 890000000008597 | 890000000008659 | 890000000008721 | 890000000008783 | 890000000008845 | 890000000008907 | 890000000008969 | 890000000009031 | 890000000009535 | 890000000009548 | 890000000009659 | 890000000009672 | 890000000009721 | 890000000009734 | 890000000010260,jazz-units:items.lua:128183 | jazz-units:items.lua:121286 | jazz-units:items.lua:117294 | jazz-units:items.lua:126443 | jazz-units:items.lua:127967 | jazz-units:items.lua:118670 | jazz-units:items.lua:126787 | jazz-units:items.lua:122318 | jazz-units:items.lua:128214 | jazz-units:items.lua:117979 | jazz-units:items.lua:123277 | jazz-units:items.lua:121969 | jazz-units:items.lua:122972 | jazz-units:items.lua:126096 | jazz-units:items.lua:128955 | jazz-units:items.lua:127099 | jazz-units:items.lua:117637 | jazz-units:items.lua:118300 | jazz-units:items.lua:124335 | jazz-units:items.lua:127720 | jazz-units:items.lua:122660 | jazz-units:items.lua:121621 | jazz-units:items.lua:120581 | jazz-units:items.lua:127473 | jazz-units:items.lua:120247 | jazz-units:items.lua:128461 | jazz-units:items.lua:125784 | jazz-units:items.lua:120935 | jazz-units:items.lua:128708 | jazz-units:items.lua:125402 | jazz-units:items.lua:125441 | jazz-units:items.lua:130437 | jazz-units:items.lua:130476 | jazz-units:items.lua:124688 | jazz-units:items.lua:124727 | jazz-units:items.lua:118992
890000000006598,"Эй, слушай и запоминай. Сдоба - пижонка, каких свет не видывал, и я не обещаю, ч","Эй, слушай и запоминай. Сдоба - пижонка, каких свет не видывал, и я не обещаю, ч","Listen and remember. Buns is the biggest poser I've ever seen, and I don't promise th—",manual-translation,needs-english,jazz-units,890000000006598,jazz-units:items.lua:128262
890000000006601,Вижу подонков!,Вижу подонков!,I see the bastards!,manual-translation,needs-english,jazz-units,890000000006601,jazz-units:items.lua:128614
890000000006604,"Кровь... Я, кажется, не выживу...","Кровь... Я, кажется, не выживу...",Blood... I don't think I'll survive...,manual-translation,needs-english,jazz-units,890000000006604,jazz-units:items.lua:128674
890000000006606,Кончились патроны.,Кончились патроны.,Out of ammo.,manual-translation,needs-english,jazz-units,890000000006606,jazz-units:items.lua:128643
890000000006608,Задание выполнено. Ожидаю следующего.,Задание выполнено. Ожидаю следующего.,Assignment complete. Awaiting the next one.,manual-translation,needs-english,jazz-units,890000000006608,jazz-units:items.lua:128677
890000000006615,Есть!,Есть!,Yes!,manual-translation,needs-english,jazz-units,890000000006615 | 890000000008257 | 890000000008288 | 890000000008289,jazz-units:items.lua:129377 | jazz-units:items.lua:129357 | jazz-units:items.lua:129455 | jazz-units:items.lua:129458
890000000006621,"Кто сказал, что я стар?","Кто сказал, что я стар?",Who said I'm old?,manual-translation,needs-english,jazz-units,890000000006621,jazz-units:items.lua:129427
890000000006623,Только посмотри на Гаса. Вот настоящий солдат.,Только посмотри на Гаса. Вот настоящий солдат.,Just look at Gus. Now there's a real soldier.,manual-translation,needs-english,jazz-units,890000000006623,jazz-units:items.lua:129500
890000000006635,Идём.,Идём.,Let's go.,manual-translation,needs-english,jazz-units,890000000006635 | 890000000006661,jazz-units:items.lua:119444 | jazz-units:UnitData/Jazz_Benny.lua:52 | jazz-units:items.lua:119729 | jazz-units:UnitData/Jazz_Simon.lua:52
890000000006651,Саймон,Саймон,Simon,manual-translation,needs-english,jazz-units,890000000006651,jazz-units:items.lua:119700 | jazz-units:UnitData/Jazz_Simon.lua:23
890000000006654,Снайпер с Халифа,Снайпер с Халифа,Sniper from Khalif,manual-translation,needs-english,jazz-units,890000000006654,jazz-units:items.lua:119704 | jazz-units:UnitData/Jazz_Simon.lua:27
890000000006657,Гарандье недоступен.,Гарандье недоступен.,Garandier is unavailable.,manual-translation,needs-english,jazz-units,890000000006657,jazz-units:items.lua:119709 | jazz-units:UnitData/Jazz_Simon.lua:32
890000000007026,Патроны кончились.,Патроны кончились.,Out of ammo.,manual-translation,needs-english,jazz-units,890000000007026 | 890000000007088 | 890000000007150 | 890000000007212 | 890000000007274 | 890000000007336 | 890000000007398 | 890000000007460 | 890000000007584 | 890000000007708 | 890000000007770 | 890000000007956 | 890000000008018 | 890000000008080 | 890000000008204 | 890000000008391 | 890000000008453 | 890000000008515 | 890000000008577 | 890000000008639 | 890000000008701 | 890000000008763 | 890000000008825 | 890000000008887 | 890000000008949 | 890000000009011 | 890000000010240,jazz-units:items.lua:121218 | jazz-units:items.lua:117226 | jazz-units:items.lua:126375 | jazz-units:items.lua:127899 | jazz-units:items.lua:118602 | jazz-units:items.lua:126719 | jazz-units:items.lua:122250 | jazz-units:items.lua:128146 | jazz-units:items.lua:123209 | jazz-units:items.lua:121901 | jazz-units:items.lua:122904 | jazz-units:items.lua:126028 | jazz-units:items.lua:128887 | jazz-units:items.lua:127031 | jazz-units:items.lua:117569 | jazz-units:items.lua:124267 | jazz-units:items.lua:127652 | jazz-units:items.lua:122592 | jazz-units:items.lua:121553 | jazz-units:items.lua:120513 | jazz-units:items.lua:127405 | jazz-units:items.lua:120179 | jazz-units:items.lua:128393 | jazz-units:items.lua:125716 | jazz-units:items.lua:120867 | jazz-units:items.lua:128640 | jazz-units:items.lua:118924
890000000007027,Клин!,Клин!,Jammed!,manual-translation,needs-english,jazz-units,890000000007027 | 890000000007089 | 890000000007151 | 890000000007213 | 890000000007275 | 890000000007337 | 890000000007399 | 890000000007461 | 890000000007523 | 890000000007585 | 890000000007709 | 890000000007771 | 890000000007957 | 890000000008019 | 890000000008081 | 890000000008205 | 890000000008329 | 890000000008392 | 890000000008454 | 890000000008516 | 890000000008578 | 890000000008640 | 890000000008702 | 890000000008764 | 890000000008826 | 890000000008888 | 890000000008950 | 890000000009012 | 890000000010241,jazz-units:items.lua:121224 | jazz-units:items.lua:117232 | jazz-units:items.lua:126381 | jazz-units:items.lua:127905 | jazz-units:items.lua:118608 | jazz-units:items.lua:126725 | jazz-units:items.lua:122256 | jazz-units:items.lua:128152 | jazz-units:items.lua:117917 | jazz-units:items.lua:123215 | jazz-units:items.lua:121907 | jazz-units:items.lua:122910 | jazz-units:items.lua:126034 | jazz-units:items.lua:128893 | jazz-units:items.lua:127037 | jazz-units:items.lua:117575 | jazz-units:items.lua:118238 | jazz-units:items.lua:124273 | jazz-units:items.lua:127658 | jazz-units:items.lua:122598 | jazz-units:items.lua:121559 | jazz-units:items.lua:120519 | jazz-units:items.lua:127411 | jazz-units:items.lua:120185 | jazz-units:items.lua:128399 | jazz-units:items.lua:125722 | jazz-units:items.lua:120873 | jazz-units:items.lua:128646 | jazz-units:items.lua:118930
890000000007032,К бою!,К бою!,Prepare for battle!,manual-translation,needs-english,jazz-units,890000000007032 | 890000000007156 | 890000000007218 | 890000000007280 | 890000000007342 | 890000000007404 | 890000000007466 | 890000000007528 | 890000000007590 | 890000000007714 | 890000000007776 | 890000000007838 | 890000000007962 | 890000000008024 | 890000000008086 | 890000000008148 | 890000000008210 | 890000000008272 | 890000000008397 | 890000000008459 | 890000000008521 | 890000000008583 | 890000000008645 | 890000000008707 | 890000000008769 | 890000000008831 | 890000000008893 | 890000000008955 | 890000000009017 | 890000000009085 | 890000000009159 | 890000000009397 | 890000000010246,jazz-units:items.lua:121240 | jazz-units:items.lua:126397 | jazz-units:items.lua:127921 | jazz-units:items.lua:118624 | jazz-units:items.lua:126741 | jazz-units:items.lua:122272 | jazz-units:items.lua:128168 | jazz-units:items.lua:117933 | jazz-units:items.lua:123231 | jazz-units:items.lua:121923 | jazz-units:items.lua:122926 | jazz-units:items.lua:123590 | jazz-units:items.lua:126050 | jazz-units:items.lua:128909 | jazz-units:items.lua:127053 | jazz-units:items.lua:123945 | jazz-units:items.lua:117591 | jazz-units:items.lua:129403 | jazz-units:items.lua:124289 | jazz-units:items.lua:127674 | jazz-units:items.lua:122614 | jazz-units:items.lua:121575 | jazz-units:items.lua:120535 | jazz-units:items.lua:127427 | jazz-units:items.lua:120201 | jazz-units:items.lua:128415 | jazz-units:items.lua:125738 | jazz-units:items.lua:120889 | jazz-units:items.lua:128662 | jazz-units:items.lua:119574 | jazz-units:items.lua:119859 | jazz-units:items.lua:129156 | jazz-units:items.lua:118946
890000000007034,Ещё остались.,Ещё остались.,There are more left.,manual-translation,needs-english,jazz-units,890000000007034 | 890000000007096 | 890000000007158 | 890000000007220 | 890000000007282 | 890000000007344 | 890000000007406 | 890000000007468 | 890000000007530 | 890000000007592 | 890000000007716 | 890000000007778 | 890000000007964 | 890000000008026 | 890000000008088 | 890000000008212 | 890000000008336 | 890000000008399 | 890000000008461 | 890000000008523 | 890000000008585 | 890000000008647 | 890000000008709 | 890000000008771 | 890000000008833 | 890000000008895 | 890000000008957 | 890000000009019 | 890000000010248,jazz-units:items.lua:121249 | jazz-units:items.lua:117257 | jazz-units:items.lua:126406 | jazz-units:items.lua:127930 | jazz-units:items.lua:118633 | jazz-units:items.lua:126750 | jazz-units:items.lua:122281 | jazz-units:items.lua:128177 | jazz-units:items.lua:117942 | jazz-units:items.lua:123240 | jazz-units:items.lua:121932 | jazz-units:items.lua:122935 | jazz-units:items.lua:126059 | jazz-units:items.lua:128918 | jazz-units:items.lua:127062 | jazz-units:items.lua:117600 | jazz-units:items.lua:118263 | jazz-units:items.lua:124298 | jazz-units:items.lua:127683 | jazz-units:items.lua:122623 | jazz-units:items.lua:121584 | jazz-units:items.lua:120544 | jazz-units:items.lua:127436 | jazz-units:items.lua:120210 | jazz-units:items.lua:128424 | jazz-units:items.lua:125747 | jazz-units:items.lua:120898 | jazz-units:items.lua:128671 | jazz-units:items.lua:118955
890000000007039,Интересно…,Интересно…,Interesting...,manual-translation,needs-english,jazz-units,890000000007039 | 890000000007040 | 890000000007101 | 890000000007102 | 890000000007163 | 890000000007164 | 890000000007225 | 890000000007226 | 890000000007287 | 890000000007288 | 890000000007349 | 890000000007350 | 890000000007411 | 890000000007412 | 890000000007473 | 890000000007474 | 890000000007535 | 890000000007536 | 890000000007597 | 890000000007598 | 890000000007721 | 890000000007722 | 890000000007783 | 890000000007784 | 890000000007969 | 890000000007970 | 890000000008031 | 890000000008032 | 890000000008093 | 890000000008094 | 890000000008217 | 890000000008218 | 890000000008341 | 890000000008342 | 890000000008404 | 890000000008405 | 890000000008466 | 890000000008467 | 890000000008528 | 890000000008529 | 890000000008590 | 890000000008591 | 890000000008652 | 890000000008653 | 890000000008714 | 890000000008715 | 890000000008776 | 890000000008777 | 890000000008838 | 890000000008839 | 890000000008900 | 890000000008901 | 890000000008962 | 890000000008963 | 890000000009024 | 890000000009025 | 890000000010253 | 890000000010254,jazz-units:items.lua:121267 | jazz-units:items.lua:121268 | jazz-units:items.lua:117275 | jazz-units:items.lua:117276 | jazz-units:items.lua:126424 | jazz-units:items.lua:126425 | jazz-units:items.lua:127948 | jazz-units:items.lua:127949 | jazz-units:items.lua:118651 | jazz-units:items.lua:118652 | jazz-units:items.lua:126768 | jazz-units:items.lua:126769 | jazz-units:items.lua:122299 | jazz-units:items.lua:122300 | jazz-units:items.lua:128195 | jazz-units:items.lua:128196 | jazz-units:items.lua:117960 | jazz-units:items.lua:117961 | jazz-units:items.lua:123258 | jazz-units:items.lua:123259 | jazz-units:items.lua:121950 | jazz-units:items.lua:121951 | jazz-units:items.lua:122953 | jazz-units:items.lua:122954 | jazz-units:items.lua:126077 | jazz-units:items.lua:126078 | jazz-units:items.lua:128936 | jazz-units:items.lua:128937 | jazz-units:items.lua:127080 | jazz-units:items.lua:127081 | jazz-units:items.lua:117618 | jazz-units:items.lua:117619 | jazz-units:items.lua:118281 | jazz-units:items.lua:118282 | jazz-units:items.lua:124316 | jazz-units:items.lua:124317 | jazz-units:items.lua:127701 | jazz-units:items.lua:127702 | jazz-units:items.lua:122641 | jazz-units:items.lua:122642 | jazz-units:items.lua:121602 | jazz-units:items.lua:121603 | jazz-units:items.lua:120562 | jazz-units:items.lua:120563 | jazz-units:items.lua:127454 | jazz-units:items.lua:127455 | jazz-units:items.lua:120228 | jazz-units:items.lua:120229 | jazz-units:items.lua:128442 | jazz-units:items.lua:128443 | jazz-units:items.lua:125765 | jazz-units:items.lua:125766 | jazz-units:items.lua:120916 | jazz-units:items.lua:120917 | jazz-units:items.lua:128689 | jazz-units:items.lua:128690 | jazz-units:items.lua:118973 | jazz-units:items.lua:118974
890000000007041,Закрыто.,Закрыто.,Locked.,manual-translation,needs-english,jazz-units,890000000007041 | 890000000007103 | 890000000007165 | 890000000007227 | 890000000007289 | 890000000007351 | 890000000007413 | 890000000007475 | 890000000007537 | 890000000007599 | 890000000007661 | 890000000007723 | 890000000007785 | 890000000007847 | 890000000007909 | 890000000007971 | 890000000008033 | 890000000008095 | 890000000008157 | 890000000008219 | 890000000008281 | 890000000008343 | 890000000008406 | 890000000008468 | 890000000008530 | 890000000008592 | 890000000008654 | 890000000008716 | 890000000008778 | 890000000008840 | 890000000008902 | 890000000008964 | 890000000009026 | 890000000009098 | 890000000009172 | 890000000009344 | 890000000009406 | 890000000009468 | 890000000009530 | 890000000009592 | 890000000009654 | 890000000009716 | 890000000009778 | 890000000009840 | 890000000010255,jazz-units:items.lua:121271 | jazz-units:items.lua:117279 | jazz-units:items.lua:126428 | jazz-units:items.lua:127952 | jazz-units:items.lua:118655 | jazz-units:items.lua:126772 | jazz-units:items.lua:122303 | jazz-units:items.lua:128199 | jazz-units:items.lua:117964 | jazz-units:items.lua:123262 | jazz-units:items.lua:130916 | jazz-units:items.lua:121954 | jazz-units:items.lua:122957 | jazz-units:items.lua:123621 | jazz-units:items.lua:119320 | jazz-units:items.lua:126081 | jazz-units:items.lua:128940 | jazz-units:items.lua:127084 | jazz-units:items.lua:123976 | jazz-units:items.lua:117622 | jazz-units:items.lua:129434 | jazz-units:items.lua:118285 | jazz-units:items.lua:124320 | jazz-units:items.lua:127705 | jazz-units:items.lua:122645 | jazz-units:items.lua:121606 | jazz-units:items.lua:120566 | jazz-units:items.lua:127458 | jazz-units:items.lua:120232 | jazz-units:items.lua:128446 | jazz-units:items.lua:125769 | jazz-units:items.lua:120920 | jazz-units:items.lua:128693 | jazz-units:items.lua:119605 | jazz-units:items.lua:119890 | jazz-units:items.lua:125030 | jazz-units:items.lua:129187 | jazz-units:items.lua:129928 | jazz-units:items.lua:125387 | jazz-units:items.lua:130669 | jazz-units:items.lua:130422 | jazz-units:items.lua:124673 | jazz-units:items.lua:130175 | jazz-units:items.lua:129681 | jazz-units:items.lua:118977
890000000007048,Граната!,Граната!,Grenade!,manual-translation,needs-english,jazz-units,890000000007048 | 890000000007110 | 890000000007172 | 890000000007234 | 890000000007296 | 890000000007358 | 890000000007420 | 890000000007482 | 890000000007544 | 890000000007606 | 890000000007730 | 890000000007792 | 890000000007978 | 890000000008040 | 890000000008102 | 890000000008226 | 890000000008350 | 890000000008413 | 890000000008475 | 890000000008537 | 890000000008599 | 890000000008661 | 890000000008723 | 890000000008785 | 890000000008847 | 890000000008909 | 890000000008971 | 890000000009033 | 890000000010262,jazz-units:items.lua:121292 | jazz-units:items.lua:117300 | jazz-units:items.lua:126449 | jazz-units:items.lua:127973 | jazz-units:items.lua:118676 | jazz-units:items.lua:126793 | jazz-units:items.lua:122324 | jazz-units:items.lua:128220 | jazz-units:items.lua:117985 | jazz-units:items.lua:123283 | jazz-units:items.lua:121975 | jazz-units:items.lua:122978 | jazz-units:items.lua:126102 | jazz-units:items.lua:128961 | jazz-units:items.lua:127105 | jazz-units:items.lua:117643 | jazz-units:items.lua:118306 | jazz-units:items.lua:124341 | jazz-units:items.lua:127726 | jazz-units:items.lua:122666 | jazz-units:items.lua:121627 | jazz-units:items.lua:120587 | jazz-units:items.lua:127479 | jazz-units:items.lua:120253 | jazz-units:items.lua:128467 | jazz-units:items.lua:125790 | jazz-units:items.lua:120941 | jazz-units:items.lua:128714 | jazz-units:items.lua:118998
890000000007053,Опасно!,Опасно!,Dangerous!,manual-translation,needs-english,jazz-units,890000000007053 | 890000000007115 | 890000000007177 | 890000000007239 | 890000000007301 | 890000000007363 | 890000000007425 | 890000000007487 | 890000000007549 | 890000000007611 | 890000000007735 | 890000000007797 | 890000000007921 | 890000000007983 | 890000000008045 | 890000000008107 | 890000000008231 | 890000000008355 | 890000000008418 | 890000000008480 | 890000000008542 | 890000000008604 | 890000000008666 | 890000000008728 | 890000000008790 | 890000000008852 | 890000000008914 | 890000000008976 | 890000000009038 | 890000000009110 | 890000000009184 | 890000000010267,jazz-units:items.lua:121307 | jazz-units:items.lua:117315 | jazz-units:items.lua:126464 | jazz-units:items.lua:127988 | jazz-units:items.lua:118691 | jazz-units:items.lua:126808 | jazz-units:items.lua:122339 | jazz-units:items.lua:128235 | jazz-units:items.lua:118000 | jazz-units:items.lua:123298 | jazz-units:items.lua:121990 | jazz-units:items.lua:122993 | jazz-units:items.lua:119356 | jazz-units:items.lua:126117 | jazz-units:items.lua:128976 | jazz-units:items.lua:127120 | jazz-units:items.lua:117658 | jazz-units:items.lua:118321 | jazz-units:items.lua:124356 | jazz-units:items.lua:127741 | jazz-units:items.lua:122681 | jazz-units:items.lua:121642 | jazz-units:items.lua:120602 | jazz-units:items.lua:127494 | jazz-units:items.lua:120268 | jazz-units:items.lua:128482 | jazz-units:items.lua:125805 | jazz-units:items.lua:120956 | jazz-units:items.lua:128729 | jazz-units:items.lua:119641 | jazz-units:items.lua:119926 | jazz-units:items.lua:119013
890000000007055,Наготове.,Наготове.,Ready.,manual-translation,needs-english,jazz-units,890000000007055 | 890000000007117 | 890000000007179 | 890000000007241 | 890000000007303 | 890000000007365 | 890000000007427 | 890000000007489 | 890000000007551 | 890000000007613 | 890000000007737 | 890000000007799 | 890000000007985 | 890000000008047 | 890000000008109 | 890000000008233 | 890000000008357 | 890000000008420 | 890000000008482 | 890000000008544 | 890000000008606 | 890000000008668 | 890000000008730 | 890000000008792 | 890000000008854 | 890000000008916 | 890000000008978 | 890000000009040 | 890000000010269,jazz-units:items.lua:121313 | jazz-units:items.lua:117321 | jazz-units:items.lua:126470 | jazz-units:items.lua:127994 | jazz-units:items.lua:118697 | jazz-units:items.lua:126814 | jazz-units:items.lua:122345 | jazz-units:items.lua:128241 | jazz-units:items.lua:118006 | jazz-units:items.lua:123304 | jazz-units:items.lua:121996 | jazz-units:items.lua:122999 | jazz-units:items.lua:126123 | jazz-units:items.lua:128982 | jazz-units:items.lua:127126 | jazz-units:items.lua:117664 | jazz-units:items.lua:118327 | jazz-units:items.lua:124362 | jazz-units:items.lua:127747 | jazz-units:items.lua:122687 | jazz-units:items.lua:121648 | jazz-units:items.lua:120608 | jazz-units:items.lua:127500 | jazz-units:items.lua:120274 | jazz-units:items.lua:128488 | jazz-units:items.lua:125811 | jazz-units:items.lua:120962 | jazz-units:items.lua:128735 | jazz-units:items.lua:119019
890000000007058,Зверь!,Зверь!,Beast!,manual-translation,needs-english,jazz-units,890000000007058 | 890000000007120 | 890000000007182 | 890000000007244 | 890000000007306 | 890000000007368 | 890000000007430 | 890000000007492 | 890000000007554 | 890000000007616 | 890000000007740 | 890000000007802 | 890000000007988 | 890000000008050 | 890000000008112 | 890000000008236 | 890000000008360 | 890000000008423 | 890000000008485 | 890000000008547 | 890000000008609 | 890000000008671 | 890000000008733 | 890000000008795 | 890000000008857 | 890000000008919 | 890000000008981 | 890000000009043 | 890000000010272,jazz-units:items.lua:121322 | jazz-units:items.lua:117330 | jazz-units:items.lua:126479 | jazz-units:items.lua:128003 | jazz-units:items.lua:118706 | jazz-units:items.lua:126823 | jazz-units:items.lua:122354 | jazz-units:items.lua:128250 | jazz-units:items.lua:118015 | jazz-units:items.lua:123313 | jazz-units:items.lua:122005 | jazz-units:items.lua:123008 | jazz-units:items.lua:126132 | jazz-units:items.lua:128991 | jazz-units:items.lua:127135 | jazz-units:items.lua:117673 | jazz-units:items.lua:118336 | jazz-units:items.lua:124371 | jazz-units:items.lua:127756 | jazz-units:items.lua:122696 | jazz-units:items.lua:121657 | jazz-units:items.lua:120617 | jazz-units:items.lua:127509 | jazz-units:items.lua:120283 | jazz-units:items.lua:128497 | jazz-units:items.lua:125820 | jazz-units:items.lua:120971 | jazz-units:items.lua:128744 | jazz-units:items.lua:119028
890000000007060,Сделано.,Сделано.,Done.,manual-translation,needs-english,jazz-units,890000000007060 | 890000000007122 | 890000000007184 | 890000000007246 | 890000000007308 | 890000000007370 | 890000000007432 | 890000000007494 | 890000000007556 | 890000000007618 | 890000000007742 | 890000000007804 | 890000000007990 | 890000000008052 | 890000000008114 | 890000000008238 | 890000000008362 | 890000000008425 | 890000000008487 | 890000000008549 | 890000000008611 | 890000000008673 | 890000000008735 | 890000000008797 | 890000000008859 | 890000000008921 | 890000000008983 | 890000000009045 | 890000000010274,jazz-units:items.lua:121328 | jazz-units:items.lua:117336 | jazz-units:items.lua:126485 | jazz-units:items.lua:128009 | jazz-units:items.lua:118712 | jazz-units:items.lua:126829 | jazz-units:items.lua:122360 | jazz-units:items.lua:128256 | jazz-units:items.lua:118021 | jazz-units:items.lua:123319 | jazz-units:items.lua:122011 | jazz-units:items.lua:123014 | jazz-units:items.lua:126138 | jazz-units:items.lua:128997 | jazz-units:items.lua:127141 | jazz-units:items.lua:117679 | jazz-units:items.lua:118342 | jazz-units:items.lua:124377 | jazz-units:items.lua:127762 | jazz-units:items.lua:122702 | jazz-units:items.lua:121663 | jazz-units:items.lua:120623 | jazz-units:items.lua:127515 | jazz-units:items.lua:120289 | jazz-units:items.lua:128503 | jazz-units:items.lua:125826 | jazz-units:items.lua:120977 | jazz-units:items.lua:128750 | jazz-units:items.lua:119034
890000000007641,Моя не понимай.,Моя не понимай.,Me no understand.,manual-translation,needs-english,jazz-units,890000000007641,jazz-units:items.lua:130849
890000000007645,"Задавил блоха, однако!","Задавил блоха, однако!","Squashed flea, yes!",manual-translation,needs-english,jazz-units,890000000007645,jazz-units:items.lua:130860
890000000007659,Моя нашел!,Моя нашел!,Me found!,manual-translation,needs-english,jazz-units,890000000007659,jazz-units:items.lua:130912
890000000007662,Моя ложись спать.,Моя ложись спать.,Me go sleep.,manual-translation,needs-english,jazz-units,890000000007662,jazz-units:items.lua:130919
890000000007677,Твоя промазал! Моя нет.,Твоя промазал! Моя нет.,You missed! Me not.,manual-translation,needs-english,jazz-units,890000000007677,jazz-units:items.lua:130964
890000000007824,Мне неспокойно: я слышу странные звуки.,Мне неспокойно: я слышу странные звуки.,I'm uneasy. I hear strange noises.,manual-translation,needs-english,jazz-units,890000000007824 | 890000000007825 | 890000000007843 | 890000000007844 | 890000000007858,jazz-units:items.lua:123547 | jazz-units:items.lua:123548 | jazz-units:items.lua:123610 | jazz-units:items.lua:123611 | jazz-units:items.lua:123654
890000000007826,Туда только ураган снесет.,Туда только ураган снесет.,Only a hurricane could blow me there.,manual-translation,needs-english,jazz-units,890000000007826,jazz-units:items.lua:123551
890000000007830,Меня поражает их агрессивность.,Меня поражает их агрессивность.,Their aggression amazes me.,manual-translation,needs-english,jazz-units,890000000007830,jazz-units:items.lua:123561
890000000007831,Я ухожу отсюда. Биф невыносим и глуп. Я бы не доверил этому парню даже автомобиль припарковать.,Я ухожу отсюда. Биф невыносим и глуп. Я бы не доверил этому парню даже автомобиль припарковать.,I'm getting out of here. Biff is unbearable and stupid. I wouldn't trust him to park a car.,manual-translation,needs-english,jazz-units,890000000007831,jazz-units:items.lua:123565
890000000007836,Умираю... но не сдаюсь...,Умираю... но не сдаюсь...,Dying... but not surrendering...,manual-translation,needs-english,jazz-units,890000000007836,jazz-units:items.lua:123581
890000000007839,Им всем крышка. Мы снова победили.,Им всем крышка. Мы снова победили.,They're all finished. We won again.,manual-translation,needs-english,jazz-units,890000000007839,jazz-units:items.lua:123596
890000000007846,Это можно взять.,Это можно взять.,We can take this.,manual-translation,needs-english,jazz-units,890000000007846,jazz-units:items.lua:123618
890000000007848,Усталость - худший из врагов.,Усталость - худший из врагов.,Fatigue is the worst enemy.,manual-translation,needs-english,jazz-units,890000000007848,jazz-units:items.lua:123624
890000000007860,"Я, Гастон Кавалье, должен быть начеку, ради тех, кто уже не с нами.","Я, Гастон Кавалье, должен быть начеку, ради тех, кто уже не с нами.","I, Gaston Cavalier, must remain vigilant for those no longer with us.",manual-translation,needs-english,jazz-units,890000000007860 | 890000000007861,jazz-units:items.lua:123660 | jazz-units:items.lua:123663
890000000007866,"Похоже, ты удивлен?","Похоже, ты удивлен?",Surprised?,manual-translation,needs-english,jazz-units,890000000007866,jazz-units:items.lua:123678
890000000007882,Во-во дело говоришь!,Во-во дело говоришь!,Now that's what I'm talking about!,manual-translation,needs-english,jazz-units,890000000007882 | 890000000007883 | 890000000007884,jazz-units:items.lua:119236 | jazz-units:items.lua:119237 | jazz-units:items.lua:119238
890000000007888,Ты в уме?,Ты в уме?,Are you out of your mind?,manual-translation,needs-english,jazz-units,890000000007888,jazz-units:items.lua:119250
890000000007907,Че-т нашел.,Че-т нашел.,Found somethin'.,manual-translation,needs-english,jazz-units,890000000007907,jazz-units:items.lua:119316
890000000007908,"Чужое. Халява. Взять-взять! Хы! Фильм ""ДМБ"" смотрел?","Чужое. Халява. Взять-взять! Хы! Фильм ""ДМБ"" смотрел?","Not ours. Free stuff. Take, take! Heh! Ever seen the movie DMB?",manual-translation,needs-english,jazz-units,890000000007908,jazz-units:items.lua:119317
890000000007913,"Никак нет, товарищ генерал!","Никак нет, товарищ генерал!","No, Comrade General!",manual-translation,needs-english,jazz-units,890000000007913,jazz-units:items.lua:119332
890000000007915,Ложись!,Ложись!,Get down!,manual-translation,needs-english,jazz-units,890000000007915 | 890000000009104 | 890000000009178,jazz-units:items.lua:119338 | jazz-units:items.lua:119623 | jazz-units:items.lua:119908
890000000007929,А ты еще раз подумай!,А ты еще раз подумай!,Think again!,manual-translation,needs-english,jazz-units,890000000007929,jazz-units:items.lua:119380
890000000008130,И меня посчитайте.,И меня посчитайте.,Count me in.,manual-translation,needs-english,jazz-units,890000000008130 | 890000000008131 | 890000000008132,jazz-units:items.lua:123892 | jazz-units:items.lua:123893 | jazz-units:items.lua:123894
890000000008134,Какой-то шум.,Какой-то шум.,Some kind of noise.,manual-translation,needs-english,jazz-units,890000000008134 | 890000000008135 | 890000000008153 | 890000000008154 | 890000000008168,jazz-units:items.lua:123902 | jazz-units:items.lua:123903 | jazz-units:items.lua:123965 | jazz-units:items.lua:123966 | jazz-units:items.lua:124009
890000000008137,"Не хочется говорить, но это бесполезно.","Не хочется говорить, но это бесполезно.","Hate to say it, but this is pointless.",manual-translation,needs-english,jazz-units,890000000008137,jazz-units:items.lua:123909
890000000008143,Оружие заклинило!,Оружие заклинило!,Weapon's jammed!,manual-translation,needs-english,jazz-units,890000000008143 | 890000000009330,jazz-units:items.lua:123929 | jazz-units:items.lua:124983
890000000008149,Их здесь словно никогда и не было.,Их здесь словно никогда и не было.,It's as if they were never here.,manual-translation,needs-english,jazz-units,890000000008149,jazz-units:items.lua:123951
890000000008158,Пора залезть в спальный мешок...,Пора залезть в спальный мешок...,Time to crawl into the sleeping bag...,manual-translation,needs-english,jazz-units,890000000008158,jazz-units:items.lua:123979
890000000008170,Мы не всех еще перебили. Помните об этом.,Мы не всех еще перебили. Помните об этом.,We haven't killed them all yet. Remember that.,manual-translation,needs-english,jazz-units,890000000008170 | 890000000008171,jazz-units:items.lua:124015 | jazz-units:items.lua:124018
890000000008174,У нас четвероногие проблемы!,У нас четвероногие проблемы!,We've got four-legged trouble!,manual-translation,needs-english,jazz-units,890000000008174,jazz-units:items.lua:124027
890000000008177,От этого за версту разит глупостью.,От этого за версту разит глупостью.,This reeks of stupidity from a mile away.,manual-translation,needs-english,jazz-units,890000000008177,jazz-units:items.lua:124036
890000000008254,Тоже!,Тоже!,Me too!,manual-translation,needs-english,jazz-units,890000000008254 | 890000000008255 | 890000000008256,jazz-units:items.lua:129350 | jazz-units:items.lua:129351 | jazz-units:items.lua:129352
890000000008261,"Тут есть какой-то секрет, которого я не знаю?","Тут есть какой-то секрет, которого я не знаю?",Is there some secret here I don't know about?,manual-translation,needs-english,jazz-units,890000000008261,jazz-units:items.lua:129367
890000000008265,"Мы с этим Рикошетом друг друга просто не выносим. Я не могу оставаться с ним. Это идет вразрез со всеми моими убеждениями. У меня бы отобрали мой замечательный ярко-оранжевый патрульный жилет, если бы узнали об этом.","Мы с этим Рикошетом друг друга просто не выносим. Я не могу оставаться с ним. Это идет вразрез со всеми моими убеждениями. У меня бы отобрали мой замечательный ярко-оранжевый патрульный жилет, если бы узнали об этом.",Ricochet and I simply can't stand each other. I can't stay with him. It goes against everything I believe in. They'd take away my lovely bright-orange patrol vest if they found out.,manual-translation,needs-english,jazz-units,890000000008265,jazz-units:items.lua:129378
890000000008274,Эти черти где-то здесь. Они всегда вертятся поблизости.,Эти черти где-то здесь. Они всегда вертятся поблизости.,Those devils are somewhere around here. They're always lurking nearby.,manual-translation,needs-english,jazz-units,890000000008274,jazz-units:items.lua:129412
890000000008284,Ничего себе арбузы!,Ничего себе арбузы!,Now those are some melons!,manual-translation,needs-english,jazz-units,890000000008284,jazz-units:items.lua:129443
890000000008286,"Расписываюсь в выполнении задания, шеф. Что дальше?","Расписываюсь в выполнении задания, шеф. Что дальше?","Signing off on the completed assignment, boss. What's next?",manual-translation,needs-english,jazz-units,890000000008286 | 890000000008299,jazz-units:items.lua:129449 | jazz-units:items.lua:129488
890000000008300,И к чему все это было?,И к чему все это было?,And what was all that for?,manual-translation,needs-english,jazz-units,890000000008300,jazz-units:items.lua:129491
890000000009062,Это было бы неплохо.,Это было бы неплохо.,That would be nice.,manual-translation,needs-english,jazz-units,890000000009062 | 890000000009063 | 890000000009064,jazz-units:items.lua:119521 | jazz-units:items.lua:119522 | jazz-units:items.lua:119523
890000000009067,Отдохни!,Отдохни!,Rest up!,manual-translation,needs-english,jazz-units,890000000009067 | 890000000009075 | 890000000009076 | 890000000009105 | 890000000009106,jazz-units:items.lua:119528 | jazz-units:items.lua:119548 | jazz-units:items.lua:119549 | jazz-units:items.lua:119626 | jazz-units:items.lua:119629
890000000009070,"Вообще-то я взломщик, а не снайпер. Припоминаешь?","Вообще-то я взломщик, а не снайпер. Припоминаешь?","Actually, I'm a lockpicker, not a sniper. Remember?",manual-translation,needs-english,jazz-units,890000000009070,jazz-units:items.lua:119535
890000000009071,С таким снаряжением эта задача невыполнима.,С таким снаряжением эта задача невыполнима.,This job is impossible with this equipment.,manual-translation,needs-english,jazz-units,890000000009071 | 890000000009118,jazz-units:items.lua:119538 | jazz-units:items.lua:119665
890000000009074,"Та-ак, где моя большая пушка?","Та-ак, где моя большая пушка?","Riiight, where's my big gun?",manual-translation,needs-english,jazz-units,890000000009074,jazz-units:items.lua:119545
890000000009079,Техника просто супер.,Техника просто супер.,The gear is just fantastic.,manual-translation,needs-english,jazz-units,890000000009079,jazz-units:items.lua:119558
890000000009084,"Да-а, я всегда знала, что жить вредно, но никогда не думала, что до такой степени.","Да-а, я всегда знала, что жить вредно, но никогда не думала, что до такой степени.","Yeah, I always knew living was bad for your health, but I never thought it was this bad.",manual-translation,needs-english,jazz-units,890000000009084,jazz-units:items.lua:119571
890000000009100,Фу-у-у... Кислородную подушку. Срочно.,Фу-у-у... Кислородную подушку. Срочно.,Ugh... Oxygen. Now.,manual-translation,needs-english,jazz-units,890000000009100 | 890000000009107 | 890000000009108,jazz-units:items.lua:119611 | jazz-units:items.lua:119632 | jazz-units:items.lua:119635
890000000009101,Всегда приятно поговорить с умным человеком.,Всегда приятно поговорить с умным человеком.,Always nice to have a conversation with an intelligent person.,manual-translation,needs-english,jazz-units,890000000009101,jazz-units:items.lua:119614
890000000009103,С этим все.,С этим все.,That's that.,manual-translation,needs-english,jazz-units,890000000009103 | 890000000009116 | 890000000009117,jazz-units:items.lua:119620 | jazz-units:items.lua:119659 | jazz-units:items.lua:119662
890000000009139,Объект.,Объект.,Object.,manual-translation,needs-english,jazz-units,890000000009139 | 890000000009140 | 890000000009146,jazz-units:items.lua:119811 | jazz-units:items.lua:119812 | jazz-units:items.lua:119826
890000000009141,Мишень уничтожена.,Мишень уничтожена.,Target destroyed.,manual-translation,needs-english,jazz-units,890000000009141 | 890000000009149 | 890000000009150 | 890000000009179 | 890000000009180,jazz-units:items.lua:119813 | jazz-units:items.lua:119833 | jazz-units:items.lua:119834 | jazz-units:items.lua:119911 | jazz-units:items.lua:119914
890000000009147,Пора умирать.,Пора умирать.,Time to die.,manual-translation,needs-english,jazz-units,890000000009147 | 890000000009160,jazz-units:items.lua:119827 | jazz-units:items.lua:119862
890000000009164,Не люблю болтать.,Не люблю болтать.,I don't like small talk.,manual-translation,needs-english,jazz-units,890000000009164 | 890000000009165 | 890000000009166,jazz-units:items.lua:119874 | jazz-units:items.lua:119875 | jazz-units:items.lua:119876
890000000009170,Это нужно?,Это нужно?,Do we need this?,manual-translation,needs-english,jazz-units,890000000009170,jazz-units:items.lua:119886
890000000009173,Пора отдохнуть.,Пора отдохнуть.,Time to rest.,manual-translation,needs-english,jazz-units,890000000009173,jazz-units:items.lua:119893
890000000009185,Работа еще не закончена.,Работа еще не закончена.,The job isn't finished yet.,manual-translation,needs-english,jazz-units,890000000009185 | 890000000009186,jazz-units:items.lua:119929 | jazz-units:items.lua:119932
890000000009188,Они подошли слишком близко.,Они подошли слишком близко.,They got too close.,manual-translation,needs-english,jazz-units,890000000009188,jazz-units:items.lua:119938
890000000009189,Кошатина!,Кошатина!,Cat meat!,manual-translation,needs-english,jazz-units,890000000009189,jazz-units:items.lua:119941
890000000009198,Кто-то должен уйти.,Кто-то должен уйти.,Someone has to go.,manual-translation,needs-english,jazz-units,890000000009198 | 890000000009692 | 890000000009723 | 890000000009724,jazz-units:items.lua:124616 | jazz-units:items.lua:124596 | jazz-units:items.lua:124694 | jazz-units:items.lua:124697
890000000009202,Пора начинать!,Пора начинать!,Time to begin!,manual-translation,needs-english,jazz-units,890000000009202 | 890000000009698,jazz-units:items.lua:124645 | jazz-units:items.lua:124610
890000000009214,"Отлично, вперед!","Отлично, вперед!","Excellent, onward!",manual-translation,needs-english,jazz-units,890000000009214 | 890000000009326,jazz-units:items.lua:125002 | jazz-units:items.lua:124967
890000000009218,"Она мне нравится. Обычно американки такие... Ну... Но только не Грейс. В ней чувствуется итальянская кровь, а итальянцы знают толк в хорошей еде.","Она мне нравится. Обычно американки такие... Ну... Но только не Грейс. В ней чувствуется итальянская кровь, а итальянцы знают толк в хорошей еде.","I like her. American women are usually so... Well... But not Grace. You can feel the Italian blood in her, and Italians know good food.",manual-translation,needs-english,jazz-units,890000000009218,jazz-units:items.lua:125096
890000000009220,Наши друзья снова здесь...,Наши друзья снова здесь...,Our friends are back...,manual-translation,needs-english,jazz-units,890000000009220 | 890000000009221 | 890000000009511,jazz-units:items.lua:125308 | jazz-units:items.lua:125309 | jazz-units:items.lua:125323
890000000009225,Кончились патроны! Нужна еще обойма!,Кончились патроны! Нужна еще обойма!,Out of ammo! Need another magazine!,manual-translation,needs-english,jazz-units,890000000009225 | 890000000009515,jazz-units:items.lua:125337 | jazz-units:items.lua:125334
890000000009232,Ублюдки!,Ублюдки!,Bastards!,manual-translation,needs-english,jazz-units,890000000009232 | 890000000009233 | 890000000009387,jazz-units:items.lua:129108 | jazz-units:items.lua:129109 | jazz-units:items.lua:129123
890000000009244,"Я чувствую, что вы здесь...","Я чувствую, что вы здесь...",I can feel you here...,manual-translation,needs-english,jazz-units,890000000009244 | 890000000009245 | 890000000009821,jazz-units:items.lua:129602 | jazz-units:items.lua:129603 | jazz-units:items.lua:129617
890000000009246,Чпок! Ха...,Чпок! Ха...,Pop! Ha...,manual-translation,needs-english,jazz-units,890000000009246 | 890000000009816 | 890000000009847 | 890000000009848,jazz-units:items.lua:129624 | jazz-units:items.lua:129604 | jazz-units:items.lua:129702 | jazz-units:items.lua:129705
890000000009254,"Виктор, это было здорово. Ты знаешь, что я не люблю русских, но ты свой парень.","Виктор, это было здорово. Ты знаешь, что я не люблю русских, но ты свой парень.","Victor, that was great. You know I don't like Russians, but you're one of us.",manual-translation,needs-english,jazz-units,890000000009254,jazz-units:items.lua:129747
890000000009261,В следующий раз прихвачу с собой пулеметную ленту.,В следующий раз прихвачу с собой пулеметную ленту.,Next time I'll bring a machine-gun belt.,manual-translation,needs-english,jazz-units,890000000009261 | 890000000009453,jazz-units:items.lua:129878 | jazz-units:items.lua:129875
890000000009262,"Ладно, давайте с ними разделаемся. Руки так и чешутся метнуть пару ножиков.","Ладно, давайте с ними разделаемся. Руки так и чешутся метнуть пару ножиков.","All right, let's take care of them. My hands are itching to throw a couple of knives.",manual-translation,needs-english,jazz-units,890000000009262 | 890000000009450,jazz-units:items.lua:129900 | jazz-units:items.lua:129865
890000000009263,"Эти шотландцы... Мачо почище нас, итальянцев. Ужасно. А та дрянь, которую они едят? фу! Да, наверное, в ней все дело... Во всем виновата бурда, которую они жрут!","Эти шотландцы... Мачо почище нас, итальянцев. Ужасно. А та дрянь, которую они едят? фу! Да, наверное, в ней все дело... Во всем виновата бурда, которую они жрут!","Those Scots... Even more macho than us Italians. Terrible. And that garbage they eat? Ugh! Yeah, that must be it... It's all the slop they stuff themselves with!",manual-translation,needs-english,jazz-units,890000000009263 | 890000000009462 | 890000000009463,jazz-units:items.lua:129912 | jazz-units:items.lua:129913 | jazz-units:items.lua:129914
890000000009265,Я не могу быть в одной команде с Рыжим... У него в рюкзаке лежит рубец с потрохами - блуэ-э!..,Я не могу быть в одной команде с Рыжим... У него в рюкзаке лежит рубец с потрохами - блуэ-э!..,I can't be on the same team as Red... He's got haggis in his backpack—bleeurgh!,manual-translation,needs-english,jazz-units,890000000009265,jazz-units:items.lua:129991
890000000009266,Янно хороший парень. Напоминает мне моего младшего братишку Альфредо.,Янно хороший парень. Напоминает мне моего младшего братишку Альфредо.,Janno is a good guy. Reminds me of my little brother Alfredo.,manual-translation,needs-english,jazz-units,890000000009266,jazz-units:items.lua:129994
890000000009274,Пора браться за дело.,Пора браться за дело.,Time to get down to business.,manual-translation,needs-english,jazz-units,890000000009274 | 890000000009760,jazz-units:items.lua:130147 | jazz-units:items.lua:130112
890000000009277,"Сначала Милтон, этот клоун, мне нравился - но теперь он мне нужен, как чирей на заднице.","Сначала Милтон, этот клоун, мне нравился - но теперь он мне нужен, как чирей на заднице.","At first I liked Milton, that clown—but now I need him like a boil on my ass.",manual-translation,needs-english,jazz-units,890000000009277,jazz-units:items.lua:130238
890000000009278,МНЕ НРАВИТСЯ этот Гельмут Грунтер... Все это слышали?,МНЕ НРАВИТСЯ этот Гельмут Грунтер... Все это слышали?,I LIKE this Helmut Grunther... Did everybody hear that?,manual-translation,needs-english,jazz-units,890000000009278,jazz-units:items.lua:130241
890000000009282,...Посмотри мне в глаза и умри...,...Посмотри мне в глаза и умри...,...Look me in the eyes and die...,manual-translation,needs-english,jazz-units,890000000009282 | 890000000009630 | 890000000009661 | 890000000009662,jazz-units:items.lua:130365 | jazz-units:items.lua:130345 | jazz-units:items.lua:130443 | jazz-units:items.lua:130446
890000000009286,Вы готовы?,Вы готовы?,Are you ready?,manual-translation,needs-english,jazz-units,890000000009286 | 890000000009636,jazz-units:items.lua:130394 | jazz-units:items.lua:130359
890000000009290,"Барри, это было потрясающе!","Барри, это было потрясающе!","Barry, that was amazing!",manual-translation,needs-english,jazz-units,890000000009290,jazz-units:items.lua:130488
890000000009294,Он определенно заслужил это.,Он определенно заслужил это.,He definitely deserved that.,manual-translation,needs-english,jazz-units,890000000009294 | 890000000009568 | 890000000009599 | 890000000009600,jazz-units:items.lua:130612 | jazz-units:items.lua:130592 | jazz-units:items.lua:130690 | jazz-units:items.lua:130693
890000000009297,Кончились патроны!,Кончились патроны!,Out of ammo!,manual-translation,needs-english,jazz-units,890000000009297 | 890000000009577,jazz-units:items.lua:130619 | jazz-units:items.lua:130616
890000000009317,Я согласен.,Я согласен.,I agree.,manual-translation,needs-english,jazz-units,890000000009317 | 890000000009318 | 890000000009319,jazz-units:items.lua:124946 | jazz-units:items.lua:124947 | jazz-units:items.lua:124948
890000000009324,Такого не сможет сделать никто.,Такого не сможет сделать никто.,No one can do this.,manual-translation,needs-english,jazz-units,890000000009324,jazz-units:items.lua:124963
890000000009328,Я же говорю - сафари...,Я же говорю - сафари...,I'm telling you—it's a safari...,manual-translation,needs-english,jazz-units,890000000009328,jazz-units:items.lua:124974
890000000009336,"Думаю, мы убили всех до единого.","Думаю, мы убили всех до единого.",I think we killed every last one of them.,manual-translation,needs-english,jazz-units,890000000009336,jazz-units:items.lua:125005
890000000009343,Что это там?,Что это там?,What's that over there?,manual-translation,needs-english,jazz-units,890000000009343,jazz-units:items.lua:125027
890000000009356,Тут слишком тихо. Что-то здесь не так...,Тут слишком тихо. Что-то здесь не так...,Too quiet. Something's wrong...,manual-translation,needs-english,jazz-units,890000000009356,jazz-units:items.lua:125066
890000000009357,"Внимание! Думаю, мы еще не всех устранили.","Внимание! Думаю, мы еще не всех устранили.",Attention! I don't think we've eliminated all of them yet.,manual-translation,needs-english,jazz-units,890000000009357 | 890000000009358,jazz-units:items.lua:125069 | jazz-units:items.lua:125072
890000000009363,Хм. Этого и следовало ожидать.,Хм. Этого и следовало ожидать.,Hm. That's to be expected.,manual-translation,needs-english,jazz-units,890000000009363,jazz-units:items.lua:125087
890000000009385,"Невозможно. Хотя, был бы я помоложе...","Невозможно. Хотя, был бы я помоложе...","Impossible. Though, if I were younger...",manual-translation,needs-english,jazz-units,890000000009385,jazz-units:items.lua:129117
890000000009396,"Я начинаю сомневаться, что переход на вашу сторону был верным решением.","Я начинаю сомневаться, что переход на вашу сторону был верным решением.",I'm starting to doubt that switching to your side was the right decision.,manual-translation,needs-english,jazz-units,890000000009396,jazz-units:items.lua:129153
890000000009411,"Ну, значит... Я снова выполнил свои обязанности к полному удовлетворению всех сторон.","Ну, значит... Я снова выполнил свои обязанности к полному удовлетворению всех сторон.","Well, then... Once again, I have discharged my duties to the complete satisfaction of all parties.",manual-translation,needs-english,jazz-units,890000000009411 | 890000000009424,jazz-units:items.lua:129202 | jazz-units:items.lua:129241
890000000009422,"Ага, значит... Сердце снова бьется.","Ага, значит... Сердце снова бьется.",There we are... The heart is beating again.,manual-translation,needs-english,jazz-units,890000000009422,jazz-units:items.lua:129235
890000000009423,Египетский кот!,Египетский кот!,Egyptian cat!,manual-translation,needs-english,jazz-units,890000000009423,jazz-units:items.lua:129238
890000000009425,"Надеюсь, этот урок поможет обрести должную трезвость рассудка.","Надеюсь, этот урок поможет обрести должную трезвость рассудка.",I hope this lesson brings some clarity of thought.,manual-translation,needs-english,jazz-units,890000000009425,jazz-units:items.lua:129244
890000000009447,"Отсюда я даже не вижу цель... Или предполагается, что у меня с собой ракета с тепловым наведением?","Отсюда я даже не вижу цель... Или предполагается, что у меня с собой ракета с тепловым наведением?",I can't even see the target from here... Or am I supposed to have a heat-seeking missile?,manual-translation,needs-english,jazz-units,890000000009447,jazz-units:items.lua:129858
890000000009448,"Я уже сейчас могу сказать, что это не сработает.","Я уже сейчас могу сказать, что это не сработает.",I can already tell this won't work.,manual-translation,needs-english,jazz-units,890000000009448,jazz-units:items.lua:129861
890000000009457,Мне нужен морфий... И скорее!,Мне нужен морфий... И скорее!,I need morphine... Quickly!,manual-translation,needs-english,jazz-units,890000000009457,jazz-units:items.lua:129888
890000000009458,Это все так... Действует на нервы.,Это все так... Действует на нервы.,All this is so... nerve-racking.,manual-translation,needs-english,jazz-units,890000000009458,jazz-units:items.lua:129894
890000000009461,Обнаружен враг!,Обнаружен враг!,Enemy spotted!,manual-translation,needs-english,jazz-units,890000000009461,jazz-units:items.lua:129906
890000000009466,Что это было?,Что это было?,What was that?,manual-translation,needs-english,jazz-units,890000000009466 | 890000000009817 | 890000000009818 | 890000000009836 | 890000000009837 | 890000000009851,jazz-units:items.lua:129924 | jazz-units:items.lua:129607 | jazz-units:items.lua:129608 | jazz-units:items.lua:129670 | jazz-units:items.lua:129671 | jazz-units:items.lua:129714
890000000009469,Что-то я притомилась... На свежую голову я способна на большее.,Что-то я притомилась... На свежую голову я способна на большее.,I'm getting a bit tired... I can do better with a fresh head.,manual-translation,needs-english,jazz-units,890000000009469,jazz-units:items.lua:129931
890000000009473,Жду следующего приказа.,Жду следующего приказа.,Awaiting your next order.,manual-translation,needs-english,jazz-units,890000000009473 | 890000000009486,jazz-units:items.lua:129943 | jazz-units:items.lua:129982
890000000009485,А... Э... Дикая кошка!,А... Э... Дикая кошка!,A... Uh... Wildcat!,manual-translation,needs-english,jazz-units,890000000009485,jazz-units:items.lua:129979
890000000009513,Срань Господня...,Срань Господня...,Holy shit...,manual-translation,needs-english,jazz-units,890000000009513,jazz-units:items.lua:125327
890000000009519,Без медика я долго не протяну...,Без медика я долго не протяну...,"Without a medic, I won't last long...",manual-translation,needs-english,jazz-units,890000000009519,jazz-units:items.lua:125347
890000000009521,Теперь я готов.,Теперь я готов.,Now I'm ready.,manual-translation,needs-english,jazz-units,890000000009521,jazz-units:items.lua:125356
890000000009523,Враг рядом. Будьте начеку.,Враг рядом. Будьте начеку.,Enemy nearby. Stay alert.,manual-translation,needs-english,jazz-units,890000000009523,jazz-units:items.lua:125365
890000000009532,Нужно отдышаться...,Нужно отдышаться...,Need to catch my breath...,manual-translation,needs-english,jazz-units,890000000009532 | 890000000009539 | 890000000009540,jazz-units:items.lua:125393 | jazz-units:items.lua:125414 | jazz-units:items.lua:125417
890000000009534,Этого я делать не буду.,Этого я делать не буду.,I won't do that.,manual-translation,needs-english,jazz-units,890000000009534,jazz-units:items.lua:125399
890000000009536,Воздух!,Воздух!,Air!,manual-translation,needs-english,jazz-units,890000000009536 | 890000000009598 | 890000000009722,jazz-units:items.lua:125405 | jazz-units:items.lua:130687 | jazz-units:items.lua:124691
890000000009542,Слишком тихо. Мне это не нравится...,Слишком тихо. Мне это не нравится...,Too quiet. I don't like it...,manual-translation,needs-english,jazz-units,890000000009542,jazz-units:items.lua:125423
890000000009546,"Еще бы чуть-чуть, и все!","Еще бы чуть-чуть, и все!",Just a little more and that would've been it!,manual-translation,needs-english,jazz-units,890000000009546,jazz-units:items.lua:125435
890000000009547,Большая кошка...,Большая кошка...,Big cat...,manual-translation,needs-english,jazz-units,890000000009547,jazz-units:items.lua:125438
890000000009549,Некоторые люди не понимают сарказма... Да-а... Факс!,Некоторые люди не понимают сарказма... Да-а... Факс!,Some people don't understand sarcasm... Yeah... Fax!,manual-translation,needs-english,jazz-units,890000000009549,jazz-units:items.lua:125444
890000000009550,"Может, сразу послать Дейдране факс с планом нашего нападения? Получилось бы ничуть не хуже.","Может, сразу послать Дейдране факс с планом нашего нападения? Получилось бы ничуть не хуже.",Maybe we should just fax Deidranna our attack plan? It couldn't turn out any worse.,manual-translation,needs-english,jazz-units,890000000009550,jazz-units:items.lua:125447
890000000009571,Ты принимаешь желаемое за действительное.,Ты принимаешь желаемое за действительное.,You're engaging in wishful thinking.,manual-translation,needs-english,jazz-units,890000000009571,jazz-units:items.lua:130599
890000000009572,Хирургические и военные операции имеют одно сходство - иногда желаемого результата просто невозможно достичь...,Хирургические и военные операции имеют одно сходство - иногда желаемого результата просто невозможно достичь...,Surgical and military operations have one thing in common—sometimes the desired outcome simply can't be achieved...,manual-translation,needs-english,jazz-units,890000000009572,jazz-units:items.lua:130602
890000000009575,Мне нужна помощь.,Мне нужна помощь.,I need help.,manual-translation,needs-english,jazz-units,890000000009575,jazz-units:items.lua:130609
890000000009584,Теперь это зеленый сектор - и стерильно чистый.,Теперь это зеленый сектор - и стерильно чистый.,Now this is a green sector—and sterile clean.,manual-translation,needs-english,jazz-units,890000000009584,jazz-units:items.lua:130644
890000000009593,Сейчас я лягу спать.,Сейчас я лягу спать.,I'm going to sleep now.,manual-translation,needs-english,jazz-units,890000000009593,jazz-units:items.lua:130672
890000000009597,Жду новых приказаний.,Жду новых приказаний.,Awaiting further orders.,manual-translation,needs-english,jazz-units,890000000009597 | 890000000009610,jazz-units:items.lua:130684 | jazz-units:items.lua:130723
890000000009634,Это невозможно...,Это невозможно...,That's impossible...,manual-translation,needs-english,jazz-units,890000000009634,jazz-units:items.lua:130355
890000000009660,Воздушная атака!,Воздушная атака!,Air attack!,manual-translation,needs-english,jazz-units,890000000009660 | 890000000009846,jazz-units:items.lua:130440 | jazz-units:items.lua:129699
890000000009666,Слишком тихо.,Слишком тихо.,Too quiet.,manual-translation,needs-english,jazz-units,890000000009666,jazz-units:items.lua:130458
890000000009674,Ужасная идея...,Ужасная идея...,Terrible idea...,manual-translation,needs-english,jazz-units,890000000009674,jazz-units:items.lua:130482
890000000009689,Это правда... Согласен.,Это правда... Согласен.,It's true... I agree.,manual-translation,needs-english,jazz-units,890000000009689 | 890000000009690 | 890000000009691,jazz-units:items.lua:124589 | jazz-units:items.lua:124590 | jazz-units:items.lua:124591
890000000009714,Тут что-то есть!,Тут что-то есть!,There's something here!,manual-translation,needs-english,jazz-units,890000000009714,jazz-units:items.lua:124669
890000000009720,Я профессионал... Это плохой приказ.,Я профессионал... Это плохой приказ.,I'm a professional... That's a bad order.,manual-translation,needs-english,jazz-units,890000000009720,jazz-units:items.lua:124685
890000000009732,Я был на волосок от гибели.,Я был на волосок от гибели.,I was a hair's breadth from death.,manual-translation,needs-english,jazz-units,890000000009732,jazz-units:items.lua:124721
890000000009733,Большая кошка.,Большая кошка.,Big cat.,manual-translation,needs-english,jazz-units,890000000009733,jazz-units:items.lua:124724
890000000009751,Я тоже так считаю.,Я тоже так считаю.,I think so too.,manual-translation,needs-english,jazz-units,890000000009751 | 890000000009752 | 890000000009753,jazz-units:items.lua:130091 | jazz-units:items.lua:130092 | jazz-units:items.lua:130093
890000000009757,Это смешно - стрелять отсюда?!,Это смешно - стрелять отсюда?!,Shooting from here? That's ridiculous!,manual-translation,needs-english,jazz-units,890000000009757,jazz-units:items.lua:130105
890000000009762,"Не шевелится, крошка. Ха!","Не шевелится, крошка. Ха!","Not moving, baby. Ha!",manual-translation,needs-english,jazz-units,890000000009762,jazz-units:items.lua:130119
890000000009764,Вот хренотень... Заклинило!,Вот хренотень... Заклинило!,What the hell... Jammed!,manual-translation,needs-english,jazz-units,890000000009764,jazz-units:items.lua:130128
890000000009770,Мы все зачистили.,Мы все зачистили.,We've cleared everything.,manual-translation,needs-english,jazz-units,890000000009770,jazz-units:items.lua:130150
890000000009771,Ахтунг!!! Враг здесь - перестреляем их всех!,Ахтунг!!! Враг здесь - перестреляем их всех!,Achtung!!! Enemy here—we'll shoot them all!,manual-translation,needs-english,jazz-units,890000000009771,jazz-units:items.lua:130153
890000000009779,А сейчас я должен немного поспать.,А сейчас я должен немного поспать.,Now I need to get some sleep.,manual-translation,needs-english,jazz-units,890000000009779,jazz-units:items.lua:130178
890000000009782,Я отказываюсь выполнять этот приказ..,Я отказываюсь выполнять этот приказ..,I refuse to carry out that order.,manual-translation,needs-english,jazz-units,890000000009782,jazz-units:items.lua:130187
890000000009790,Это затишье перед бурей...,Это затишье перед бурей...,This is the calm before the storm...,manual-translation,needs-english,jazz-units,890000000009790,jazz-units:items.lua:130211
890000000009791,Не расслабляйтесь... Мы еще не отловили всех этих гадов.,Не расслабляйтесь... Мы еще не отловили всех этих гадов.,Don't relax... We haven't caught all those bastards yet.,manual-translation,needs-english,jazz-units,890000000009791 | 890000000009792,jazz-units:items.lua:130214 | jazz-units:items.lua:130217
890000000009794,Пронесло...,Пронесло...,That was close...,manual-translation,needs-english,jazz-units,890000000009794,jazz-units:items.lua:130223
890000000009819,"Стрелять в эту цель? Ты что, серьезно?","Стрелять в эту цель? Ты что, серьезно?",Shoot at that target? Are you serious?,manual-translation,needs-english,jazz-units,890000000009819,jazz-units:items.lua:129611
890000000009823,Эй! Полегче... не все сразу!,Эй! Полегче... не все сразу!,Hey! Easy... not all at once!,manual-translation,needs-english,jazz-units,890000000009823,jazz-units:items.lua:129621
890000000009826,"Обожаю, когда эту штуку клинит!","Обожаю, когда эту штуку клинит!",I love it when this thing jams!,manual-translation,needs-english,jazz-units,890000000009826,jazz-units:items.lua:129634
890000000009829,"Черт возьми, я ранен.","Черт возьми, я ранен.","Damn it, I'm wounded.",manual-translation,needs-english,jazz-units,890000000009829,jazz-units:items.lua:129641
890000000009832,Этот сектор чист.,Этот сектор чист.,This sector is clear.,manual-translation,needs-english,jazz-units,890000000009832,jazz-units:items.lua:129656
890000000009856,Вот это да! Я почувствовал ветерок от этой пули...,Вот это да! Я почувствовал ветерок от этой пули...,Wow! I felt the breeze from that bullet...,manual-translation,needs-english,jazz-units,890000000009856,jazz-units:items.lua:129729
890000000009859,Я так и знал.,Я так и знал.,I knew it.,manual-translation,needs-english,jazz-units,890000000009859,jazz-units:items.lua:129738
